{"type": "FeatureCollection", "features": [{"type": "Feature", "properties": {"shape_Length": 73.70575989761178, "shape_Area": 223.10360669859818, "Electric_Facility_Type": "موزع كهرباء", "Easting": "031° 33' 27.8\" E", "Northing": "30° 15' 48.93\" N", "Description": null, "ID": "D.P.1", "GlobalID": "{60F29E03-C41A-4D0D-B809-67E9870F1DDA}", "القطاع": "القطاع الثاني", "الشركةالمنفذة": "شركة الكتروالهانى"}, "geometry": {"type": "MultiPolygon", "coordinates": [[[[31.559548623099335, 30.263788978986415], [31.55954983796939, 30.263717593160138], [31.559393683417927, 30.26372423074283], [31.559356618432822, 30.2637258059212], [31.559268112104167, 30.263729567791756], [31.559246251481685, 30.263730497193624], [31.559245797073633, 30.263797111565278], [31.559271492504983, 30.26379642109156], [31.559548623099335, 30.263788978986415]]]]}}, {"type": "Feature", "properties": {"shape_Length": 27.799806724769073, "shape_Area": 47.399108329035485, "Electric_Facility_Type": "كشك", "Easting": "031° 33' 41.94\" E", "Northing": "30° 15' 52.15\" N", "Description": null, "ID": "TR7/4/2", "GlobalID": "{73EBF043-BEAC-404F-A9A2-A37FA2E225AB}", "القطاع": "القطاع الثاني", "الشركةالمنفذة": "شركة الكتروالهانى"}, "geometry": {"type": "MultiPolygon", "coordinates": [[[[31.56337840039643, 30.264641097907912], [31.563363337877274, 30.264635473406738], [31.563346981963978, 30.264629365550565], [31.563302989917595, 30.264612937016853], [31.563278352054414, 30.2646626534864], [31.563353762564685, 30.264690814391003], [31.56337840039643, 30.264641097907912]]]]}}, {"type": "Feature", "properties": {"shape_Length": 27.800142303041998, "shape_Area": 47.40031416903862, "Electric_Facility_Type": "كشك", "Easting": "031° 33' 45.86\" E", "Northing": "30° 15' 53.73\" N", "Description": null, "ID": "TR8/4/2", "GlobalID": "{5D70671E-8889-4807-B9FC-995D035BDD08}", "القطاع": "القطاع الثاني", "الشركةالمنفذة": "شركة الكتروالهانى"}, "geometry": {"type": "MultiPolygon", "coordinates": [[[[31.56446611123174, 30.265083575853513], [31.564442146701936, 30.265073155730228], [31.56441361199874, 30.265060748219163], [31.564392711276977, 30.265051659851338], [31.56436478667225, 30.2651000502226], [31.564438186654492, 30.265131966239856], [31.56446611123174, 30.265083575853513]]]]}}, {"type": "Feature", "properties": {"shape_Length": 27.800084033666337, "shape_Area": 47.400396975936985, "Electric_Facility_Type": "كشك", "Easting": "031° 33' 15.93\" E", "Northing": "30° 15' 54.68\" N", "Description": null, "ID": "TR4/2/1", "GlobalID": "{4E2157F3-299D-4D57-A8CE-83A2CB74259E}", "القطاع": "القطاع الثاني", "الشركةالمنفذة": "شركة الكتروالهانى"}, "geometry": {"type": "MultiPolygon", "coordinates": [[[[31.556150668519187, 30.265341132484366], [31.55610024545399, 30.265309296602297], [31.556096487070747, 30.265313782170935], [31.556089445128393, 30.265322185712442], [31.55605195726192, 30.26536692552225], [31.5561023782633, 30.265398761431264], [31.556147178518366, 30.265345297592443], [31.556150668519187, 30.265341132484366]]]]}}, {"type": "Feature", "properties": {"shape_Length": 27.799988724055464, "shape_Area": 47.40011641489626, "Electric_Facility_Type": "كشك", "Easting": "031° 33' 27.33\" E", "Northing": "30° 15' 57.56\" N", "Description": null, "ID": "TR8/1/1", "GlobalID": "{718EF2CE-0C8C-4117-97C0-916DE527C282}", "القطاع": "القطاع الثاني", "الشركةالمنفذة": "شركة الكتروالهانى"}, "geometry": {"type": "MultiPolygon", "coordinates": [[[[31.559315742479114, 30.26616990633107], [31.559298115169756, 30.2661179930404], [31.559286775433534, 30.266120893660407], [31.559219369997976, 30.266138137705255], [31.55923699728006, 30.266190052810888], [31.55930501808335, 30.266172650078996], [31.559315742479114, 30.26616990633107]]]]}}, {"type": "Feature", "properties": {"shape_Length": 27.799979251538748, "shape_Area": 47.400222847403896, "Electric_Facility_Type": "كشك", "Easting": "031° 33' 13.91\" E", "Northing": "30° 15' 57.96\" N", "Description": null, "ID": "TR6/2/1", "GlobalID": "{B3333DAA-2CDE-4F28-A4FE-75189E3D6B9D}", "القطاع": "القطاع الثاني", "الشركةالمنفذة": "شركة الكتروالهانى"}, "geometry": {"type": "MultiPolygon", "coordinates": [[[[31.555583109629964, 30.26624159956363], [31.555524569689315, 30.26622296951179], [31.55552172075338, 30.266229713541374], [31.555518828745445, 30.266236559684383], [31.555518760034616, 30.266236722343542], [31.555496310082358, 30.266289874820746], [31.55555485005779, 30.26630850488459], [31.555583109629964, 30.26624159956363]]]]}}, {"type": "Feature", "properties": {"shape_Length": 27.80011929343587, "shape_Area": 47.400622418296344, "Electric_Facility_Type": "كشك", "Easting": "031° 33' 34.21\" E", "Northing": "30° 15' 58.7\" N", "Description": null, "ID": "TR5/1/1", "GlobalID": "{6B692B4B-E4EA-4909-9185-BC0386F3EE5F}", "القطاع": "القطاع الثاني", "الشركةالمنفذة": "شركة الكتروالهانى"}, "geometry": {"type": "MultiPolygon", "coordinates": [[[[31.561228799227546, 30.266461888109937], [31.561216483244035, 30.266457385482635], [31.561153141401427, 30.266434230394417], [31.56112894147581, 30.26648411056122], [31.5611948554641, 30.266508205410524], [31.56120460141218, 30.266511768281223], [31.56122169129211, 30.26647654066932], [31.561228799227546, 30.266461888109937]]]]}}, {"type": "Feature", "properties": {"shape_Length": 27.80023021855506, "shape_Area": 47.400663974407045, "Electric_Facility_Type": "كشك", "Easting": "031° 33' 57.53\" E", "Northing": "30° 16' 0.0\" N", "Description": null, "ID": "TR6/4/2", "GlobalID": "{28A22777-11D3-4786-B93E-D7FA8D0BC86A}", "القطاع": "القطاع الثاني", "الشركةالمنفذة": "شركة الكتروالهانى"}, "geometry": {"type": "MultiPolygon", "coordinates": [[[[31.56770803000167, 30.266832894830305], [31.567687879726257, 30.26681960924278], [31.567660526595613, 30.26680157399253], [31.56764265662503, 30.266789791256677], [31.56760494063694, 30.266832889983675], [31.567670316104625, 30.266875993566693], [31.56770803000167, 30.266832894830305]]]]}}, {"type": "Feature", "properties": {"shape_Length": 27.800232662230254, "shape_Area": 47.40074780303735, "Electric_Facility_Type": "كشك", "Easting": "031° 33' 48.05\" E", "Northing": "30° 16' 0.2\" N", "Description": null, "ID": "TR9/4/2", "GlobalID": "{B37B933A-E141-49F0-841F-C4009292C82A}", "القطاع": "القطاع الثاني", "الشركةالمنفذة": "شركة الكتروالهانى"}, "geometry": {"type": "MultiPolygon", "coordinates": [[[[31.5650705758476, 30.26687149179321], [31.565016801346594, 30.266844097447215], [31.565002495295133, 30.266865256991732], [31.564994895557927, 30.266876497631138], [31.5649947842671, 30.266876662282634], [31.56497524854777, 30.266905555929547], [31.565029023071308, 30.266932950292087], [31.5650705758476, 30.26687149179321]]]]}}, {"type": "Feature", "properties": {"shape_Length": 27.799637718493432, "shape_Area": 47.39868833745437, "Electric_Facility_Type": "كشك", "Easting": "031° 33' 24.53\" E", "Northing": "30° 16' 1.45\" N", "Description": null, "ID": "TR7/1/1", "GlobalID": "{57793CE5-02FB-4B1D-9479-5E78E7AAD9B5}", "القطاع": "القطاع الثاني", "الشركةالمنفذة": "شركة الكتروالهانى"}, "geometry": {"type": "MultiPolygon", "coordinates": [[[[31.558533343993307, 30.267211006963052], [31.558474540501553, 30.26719301440402], [31.558470504338707, 30.267202954083118], [31.558470199927118, 30.267203702272425], [31.558469394341827, 30.26720568749506], [31.55844724870785, 30.267260221096], [31.558506052235106, 30.267278213666668], [31.558533343993307, 30.267211006963052]]]]}}, {"type": "Feature", "properties": {"shape_Length": 27.799850984275118, "shape_Area": 47.39944048691294, "Electric_Facility_Type": "كشك", "Easting": "031° 33' 23.28\" E", "Northing": "30° 16' 1.46\" N", "Description": null, "ID": "TR8/2/1", "GlobalID": "{455948BE-5D91-4CAE-9960-B5FEE69812D9}", "القطاع": "القطاع الثاني", "الشركةالمنفذة": "شركة الكتروالهانى"}, "geometry": {"type": "MultiPolygon", "coordinates": [[[[31.558185878442146, 30.26721291552509], [31.558135488673386, 30.267199037314757], [31.558126448200053, 30.267196547353187], [31.558101618940807, 30.267264470544358], [31.558126740981685, 30.267271389672256], [31.55816104922007, 30.26728083872689], [31.558185878442146, 30.26721291552509]]]]}}, {"type": "Feature", "properties": {"shape_Length": 27.79984625049891, "shape_Area": 47.39933404052342, "Electric_Facility_Type": "كشك", "Easting": "031° 33' 41.45\" E", "Northing": "30° 16' 1.49\" N", "Description": null, "ID": "TR10/4/2", "GlobalID": "{EF2B8E78-F24B-44DF-A18B-D914F33F25CB}", "القطاع": "القطاع الثاني", "الشركةالمنفذة": "شركة الكتروالهانى"}, "geometry": {"type": "MultiPolygon", "coordinates": [[[[31.56324078727459, 30.267237450505007], [31.56316750957734, 30.267205320429024], [31.563139398331252, 30.267253628346612], [31.563197857573382, 30.267279261500164], [31.563198022177957, 30.26727933385894], [31.56321267397741, 30.26728575844666], [31.56324078727459, 30.267237450505007]]]]}}, {"type": "Feature", "properties": {"shape_Length": 27.7999497520323, "shape_Area": 47.3996422760237, "Electric_Facility_Type": "كشك", "Easting": "031° 34' 0.61\" E", "Northing": "30° 16' 2.12\" N", "Description": null, "ID": "TR5/4/2", "GlobalID": "{E65FD159-BD18-4402-86AA-176033003CD5}", "القطاع": "القطاع الثاني", "الشركةالمنفذة": "شركة الكتروالهانى"}, "geometry": {"type": "MultiPolygon", "coordinates": [[[[31.568582987754148, 30.267436606140073], [31.568579422609968, 30.267433953349258], [31.568521805268183, 30.267391079998152], [31.568520658284545, 30.267390226224038], [31.56848007936325, 30.267431317029136], [31.568542406751686, 30.267477695169063], [31.568582987754148, 30.267436606140073]]]]}}, {"type": "Feature", "properties": {"shape_Length": 27.800048483821193, "shape_Area": 47.40020365828958, "Electric_Facility_Type": "كشك", "Easting": "031° 33' 46.24\" E", "Northing": "30° 16' 4.91\" N", "Description": null, "ID": "TR10/5/2", "GlobalID": "{2F7A2C0D-045A-46FC-95DF-607451415C24}", "القطاع": "القطاع الثاني", "الشركةالمنفذة": "شركة الكتروالهانى"}, "geometry": {"type": "MultiPolygon", "coordinates": [[[[31.564572057098623, 30.268190975145146], [31.564501849714738, 30.268154040954474], [31.564469533098173, 30.268200326823507], [31.56451733970677, 30.268225475723387], [31.564518468555338, 30.26822606982198], [31.564530543989676, 30.268232422360494], [31.56453974258183, 30.268237261022016], [31.564572057098623, 30.268190975145146]]]]}}, {"type": "Feature", "properties": {"shape_Length": 27.80012723212452, "shape_Area": 47.40052688894859, "Electric_Facility_Type": "كشك", "Easting": "031° 33' 16.17\" E", "Northing": "30° 16' 6.21\" N", "Description": null, "ID": "TR7/2/1", "GlobalID": "{1D6CB440-A4C6-4F20-8D1D-44D7B3722BD4}", "القطاع": "القطاع الثاني", "الشركةالمنفذة": "شركة الكتروالهانى"}, "geometry": {"type": "MultiPolygon", "coordinates": [[[[31.556218934762402, 30.26854664438576], [31.556142761087152, 30.268520064818826], [31.556119505692223, 30.268570281037146], [31.556159492828144, 30.268584234798137], [31.55619567732206, 30.268596860625802], [31.55620452977136, 30.268577746641103], [31.556218934762402, 30.26854664438576]]]]}}, {"type": "Feature", "properties": {"shape_Length": 27.78971863473018, "shape_Area": 47.35888565696893, "Electric_Facility_Type": "كشك", "Easting": "031° 33' 51.51\" E", "Northing": "30° 16' 6.9\" N", "Description": null, "ID": "TR2/4/2", "GlobalID": "{D2589EA2-96C3-4830-97BA-CA2D4758EDA5}", "القطاع": "القطاع الثاني", "الشركةالمنفذة": "شركة الكتروالهانى"}, "geometry": {"type": "MultiPolygon", "coordinates": [[[[31.566037023282036, 30.268747022202295], [31.5659702764355, 30.26870553118092], [31.565934004285353, 30.268749494570333], [31.565965667320093, 30.268769176748936], [31.56598959502724, 30.26878405012915], [31.566000751147, 30.268790985609744], [31.566001758418064, 30.268789764405355], [31.566031339828562, 30.268753910384305], [31.566037023282036, 30.268747022202295]]]]}}, {"type": "Feature", "properties": {"shape_Length": 27.79971406338449, "shape_Area": 47.39908740635339, "Electric_Facility_Type": "كشك", "Easting": "031° 34' 6.44\" E", "Northing": "30° 16' 6.91\" N", "Description": null, "ID": "TR4/4/2", "GlobalID": "{2DE651CF-82BF-4A94-A4FD-2940996C2B43}", "القطاع": "القطاع الثاني", "الشركةالمنفذة": "شركة الكتروالهانى"}, "geometry": {"type": "MultiPolygon", "coordinates": [[[[31.57018454181238, 30.268760501739386], [31.570154738463042, 30.268733312911763], [31.570153524513728, 30.26873220506716], [31.570127952236987, 30.268708876627592], [31.570082781196927, 30.268746183061797], [31.57013937077073, 30.26879780819285], [31.57018454181238, 30.268760501739386]]]]}}, {"type": "Feature", "properties": {"shape_Length": 27.8001272368572, "shape_Area": 47.40015375306314, "Electric_Facility_Type": "كشك", "Easting": "031° 33' 15.56\" E", "Northing": "30° 16' 7.51\" N", "Description": null, "ID": "TR6/1/3", "GlobalID": "{BBC0F6FC-106E-4D03-BA59-7CC030E35BC0}", "القطاع": "القطاع الثالث", "الشركةالمنفذة": "شركة الكتروالهانى"}, "geometry": {"type": "MultiPolygon", "coordinates": [[[[31.556049246815615, 30.26890746740562], [31.556046760305286, 30.268906600257758], [31.55603708601931, 30.268903224326387], [31.556027464838962, 30.268899867112125], [31.55597307498261, 30.268880887735538], [31.555949817340434, 30.268931103931912], [31.55602599128475, 30.268957683606093], [31.556049246815615, 30.26890746740562]]]]}}, {"type": "Feature", "properties": {"shape_Length": 27.817235945121084, "shape_Area": 47.458983055375235, "Electric_Facility_Type": "كشك", "Easting": "031° 33' 36.37\" E", "Northing": "30° 16' 7.53\" N", "Description": null, "ID": "TR1/5/2", "GlobalID": "{77A993B3-FF79-4CB0-9407-9150731BE9E9}", "القطاع": "القطاع الاول", "الشركةالمنفذة": "شركة الكتروالهانى"}, "geometry": {"type": "MultiPolygon", "coordinates": [[[[31.561829445384557, 30.26891391868424], [31.561788456416537, 30.268897195364], [31.56178773353124, 30.26889690078578], [31.561755100490238, 30.268883587472416], [31.561728561290554, 30.268932599162184], [31.561802906214158, 30.268962930388533], [31.561829445384557, 30.26891391868424]]]]}}, {"type": "Feature", "properties": {"shape_Length": 27.80012723760033, "shape_Area": 47.40068931136662, "Electric_Facility_Type": "كشك", "Easting": "031° 33' 24.4\" E", "Northing": "30° 16' 9.18\" N", "Description": null, "ID": "TR7/5/2", "GlobalID": "{05C342C9-181D-4C05-A921-D9D92CB2FECF}", "القطاع": "القطاع الثاني", "الشركةالمنفذة": "شركة الكتروالهانى"}, "geometry": {"type": "MultiPolygon", "coordinates": [[[[31.55850483527632, 30.269370877743707], [31.558428660367273, 30.269344299525557], [31.5584063217538, 30.26939253765674], [31.558405405955263, 30.269394516131378], [31.558467678940637, 30.269416244632566], [31.55848157881889, 30.269421094371314], [31.55848251310741, 30.269419077931545], [31.558498954432576, 30.269383576512293], [31.55850483527632, 30.269370877743707]]]]}}, {"type": "Feature", "properties": {"shape_Length": 27.799757504689275, "shape_Area": 47.39902526597065, "Electric_Facility_Type": "كشك", "Easting": "031° 33' 46.42\" E", "Northing": "30° 16' 11.15\" N", "Description": null, "ID": "TR1/4/2", "GlobalID": "{299A9CC5-0F29-4E9B-8844-02C3B8904A37}", "القطاع": "القطاع الثاني", "الشركةالمنفذة": "شركة الكتروالهانى"}, "geometry": {"type": "MultiPolygon", "coordinates": [[[[31.56462230888286, 30.269929006873056], [31.564579373224884, 30.26990184895171], [31.56455596022878, 30.2698870389504], [31.564519238885083, 30.269930780175685], [31.564585587543277, 30.2699727463124], [31.564587906882153, 30.269969983289666], [31.56462230888286, 30.269929006873056]]]]}}, {"type": "Feature", "properties": {"shape_Length": 27.799914952064, "shape_Area": 47.39978640932553, "Electric_Facility_Type": "كشك", "Easting": "031° 33' 56.25\" E", "Northing": "30° 16' 11.29\" N", "Description": null, "ID": "TR1/3/2", "GlobalID": "{8158CD52-9E0F-42AE-9CCB-8067B8BE589D}", "القطاع": "القطاع الثاني", "الشركةالمنفذة": "شركة الكتروالهانى"}, "geometry": {"type": "MultiPolygon", "coordinates": [[[[31.567353159939625, 30.269972827301576], [31.567290893493595, 30.269926385214973], [31.56725025667377, 30.269967434392687], [31.56731252312725, 30.270013876498226], [31.567353159939625, 30.269972827301576]]]]}}, {"type": "Feature", "properties": {"shape_Length": 27.799944613975182, "shape_Area": 47.39996236908887, "Electric_Facility_Type": "كشك", "Easting": "031° 33' 7.71\" E", "Northing": "30° 16' 12.09\" N", "Description": null, "ID": "TR7/1/3", "GlobalID": "{7559645D-7073-49CE-A62A-AF46B9F4DCA6}", "القطاع": "القطاع الثالث", "الشركةالمنفذة": "شركة الكتروالهانى"}, "geometry": {"type": "MultiPolygon", "coordinates": [[[[31.553863262804665, 30.270170952477383], [31.553809498487126, 30.270150529902935], [31.553809037126655, 30.270150354148214], [31.55380613984555, 30.27014925416092], [31.553773227736624, 30.270214538804964], [31.55383034863825, 30.270236235339908], [31.553840164109804, 30.270216768356892], [31.553863262804665, 30.270170952477383]]]]}}, {"type": "Feature", "properties": {"shape_Length": 27.81736613765472, "shape_Area": 47.45917115453482, "Electric_Facility_Type": "كشك", "Easting": "031° 33' 46.01\" E", "Northing": "30° 16' 12.43\" N", "Description": null, "ID": "TR1/1/2", "GlobalID": "{298B7652-318B-4FBB-B9B4-32B2285E3B9B}", "القطاع": "القطاع الاول", "الشركةالمنفذة": "شركة الكتروالهانى"}, "geometry": {"type": "MultiPolygon", "coordinates": [[[[31.564510162270302, 30.270284027197793], [31.564444232089368, 30.270241489133465], [31.564407012232845, 30.270284952838253], [31.564472942427404, 30.270327490920902], [31.564504210854754, 30.270290976903887], [31.564504500941865, 30.270290638290827], [31.564510162270302, 30.270284027197793]]]]}}, {"type": "Feature", "properties": {"shape_Length": 27.80001306746847, "shape_Area": 47.40041795544404, "Electric_Facility_Type": "كشك", "Easting": "031° 34' 11.37\" E", "Northing": "30° 16' 14.2\" N", "Description": null, "ID": "TR9/3/2", "GlobalID": "{50D1950F-5CA2-4596-AF4B-B8828B83C1FD}", "القطاع": "القطاع الثاني", "الشركةالمنفذة": "شركة الكتروالهانى"}, "geometry": {"type": "MultiPolygon", "coordinates": [[[[31.57154005934668, 30.270806893063217], [31.57153494723693, 30.27078530779536], [31.571523526794515, 30.270737092833038], [31.57146245003786, 30.270747992273012], [31.571469472077915, 30.27077763709733], [31.57147898462731, 30.27081779250227], [31.57154005934668, 30.270806893063217]]]]}}, {"type": "Feature", "properties": {"shape_Length": 27.800265168562806, "shape_Area": 47.40104572471147, "Electric_Facility_Type": "كشك", "Easting": "031° 33' 24.83\" E", "Northing": "30° 16' 14.43\" N", "Description": null, "ID": "TR6/5/2", "GlobalID": "{9D790D29-FF47-48D6-BEC5-0692FB1BAD46}", "القطاع": "القطاع الثالث", "الشركةالمنفذة": "شركة الكتروالهانى"}, "geometry": {"type": "MultiPolygon", "coordinates": [[[[31.558619718548535, 30.270820219252318], [31.55856343114712, 30.270796933672333], [31.558528109734272, 30.27086126275049], [31.55858439716456, 30.27088454834509], [31.558586239461746, 30.270881193914065], [31.55859889788423, 30.27085813877117], [31.558604702496865, 30.27084756824761], [31.558619718548535, 30.270820219252318]]]]}}, {"type": "Feature", "properties": {"shape_Length": 27.80009009339449, "shape_Area": 47.39999108956312, "Electric_Facility_Type": "كشك", "Easting": "031° 33' 35.59\" E", "Northing": "30° 16' 14.4\" N", "Description": null, "ID": "TR10/1/2", "GlobalID": "{6AA9DDD1-7053-40E1-8A6A-9D847714C412}", "القطاع": "القطاع الاول", "الشركةالمنفذة": "شركة الكتروالهانى"}, "geometry": {"type": "MultiPolygon", "coordinates": [[[[31.561612865010066, 30.27082449017934], [31.561566567112422, 30.270788238630427], [31.561542819657998, 30.2708110880605], [31.561529096854446, 30.270824291403546], [31.56151467121282, 30.270838170679237], [31.561511574613217, 30.27084114985829], [31.5615578725264, 30.270877403230347], [31.561612865010066, 30.27082449017934]]]]}}, {"type": "Feature", "properties": {"shape_Length": 73.44180847623346, "shape_Area": 216.6994417626422, "Electric_Facility_Type": "موزع كهرباء", "Easting": "031° 33' 4.66\" E", "Northing": "30° 16' 14.65\" N", "Description": null, "ID": "D.P.4", "GlobalID": "{E139052F-BB48-48F1-A80B-66BED05245EE}", "القطاع": null, "الشركةالمنفذة": "شركة الكتروالهانى"}, "geometry": {"type": "MultiPolygon", "coordinates": [[[[31.55307148785311, 30.270796356466803], [31.553001879459206, 30.270767983003505], [31.5528722798918, 30.271008058357907], [31.552942175570756, 30.271035375284455], [31.552990579030112, 30.270945906661574], [31.55299280901984, 30.27094178573908], [31.55307148785311, 30.270796356466803]]]]}}, {"type": "Feature", "properties": {"shape_Length": 27.799862426142774, "shape_Area": 47.399464741725815, "Electric_Facility_Type": "كشك", "Easting": "031° 33' 16.43\" E", "Northing": "30° 16' 15.22\" N", "Description": null, "ID": "TR10/1/3", "GlobalID": "{1F1277E1-B2B7-4FCE-AFEA-39BBAD1D0ACB}", "القطاع": "القطاع الثالث", "الشركةالمنفذة": "شركة الكتروالهانى"}, "geometry": {"type": "MultiPolygon", "coordinates": [[[[31.5562875287078, 30.27104358112309], [31.55623257774498, 30.271018004893058], [31.556215533766295, 30.271045593143363], [31.556193779248026, 30.271080805603308], [31.556248730236316, 30.271106381849044], [31.55625716572096, 30.27109272790595], [31.5562875287078, 30.27104358112309]]]]}}, {"type": "Feature", "properties": {"shape_Length": 27.799887532680074, "shape_Area": 47.39956115102681, "Electric_Facility_Type": "كشك", "Easting": "031° 33' 50.29\" E", "Northing": "30° 16' 15.51\" N", "Description": null, "ID": "TR11/2/2", "GlobalID": "{B5E46E82-ED43-4181-9B41-30FF2AD16E53}", "القطاع": "القطاع الاول", "الشركةالمنفذة": "شركة الكتروالهانى"}, "geometry": {"type": "MultiPolygon", "coordinates": [[[[31.565697297174896, 30.27114691811779], [31.565637304438706, 30.27109827167474], [31.565615960950797, 30.271118102248963], [31.56559765250486, 30.27113511437441], [31.565594739440357, 30.2711378204402], [31.565654732180263, 30.271186466902424], [31.565697297174896, 30.27114691811779]]]]}}, {"type": "Feature", "properties": {"shape_Length": 27.799988335075387, "shape_Area": 47.400167431901906, "Electric_Facility_Type": "كشك", "Easting": "031° 33' 54.85\" E", "Northing": "30° 16' 17.79\" N", "Description": null, "ID": "TR4/3/2", "GlobalID": "{673EA3AE-A07F-400F-9A2B-E2FA18923723}", "القطاع": "القطاع الثاني", "الشركةالمنفذة": "شركة الكتروالهانى"}, "geometry": {"type": "MultiPolygon", "coordinates": [[[[31.566964884444232, 30.271781355857442], [31.56690829477051, 30.271729729378556], [31.566863121140614, 30.271767036522114], [31.566919710812765, 30.27181866302028], [31.566925648943947, 30.271813759098908], [31.566926091641236, 30.271813393661628], [31.566964884444232, 30.271781355857442]]]]}}, {"type": "Feature", "properties": {"shape_Length": 27.79988770999199, "shape_Area": 47.399637574070184, "Electric_Facility_Type": "كشك", "Easting": "031° 33' 47.13\" E", "Northing": "30° 16' 17.94\" N", "Description": null, "ID": "TR10/2/2", "GlobalID": "{17FD0F7B-ABFD-42B0-BBF0-9FB6763738D2}", "القطاع": "القطاع الاول", "الشركةالمنفذة": "شركة الكتروالهانى"}, "geometry": {"type": "MultiPolygon", "coordinates": [[[[31.56481843281369, 30.271825642321105], [31.564774943214754, 30.271782817462956], [31.564774025593763, 30.271781913056603], [31.564771885189888, 30.27177980607951], [31.564764145026555, 30.271772184668567], [31.564760000999044, 30.271775355157118], [31.56474502766195, 30.271786811547038], [31.564717369756483, 30.271807971717788], [31.564731098467824, 30.27182149106541], [31.5647716554602, 30.271861429398434], [31.56481843281369, 30.271825642321105]]]]}}, {"type": "Feature", "properties": {"shape_Length": 27.799909116340785, "shape_Area": 47.39999844290842, "Electric_Facility_Type": "كشك", "Easting": "031° 34' 11.5\" E", "Northing": "30° 16' 18.22\" N", "Description": null, "ID": "TR8/3/2", "GlobalID": "{45B41EA8-FA87-4052-962E-B7CFC6257CF6}", "القطاع": "القطاع الثاني", "الشركةالمنفذة": "شركة الكتروالهانى"}, "geometry": {"type": "MultiPolygon", "coordinates": [[[[31.57157395479312, 30.271859624689963], [31.571511848995183, 30.2718547988124], [31.571504529682358, 30.271925774603453], [31.571566635524754, 30.271930600483856], [31.571571414033347, 30.271884266955347], [31.571572264234806, 30.271876021281074], [31.571572388214577, 30.271874817415096], [31.57157395479312, 30.271859624689963]]]]}}, {"type": "Feature", "properties": {"shape_Length": 27.799927651705612, "shape_Area": 47.399790020406996, "Electric_Facility_Type": "كشك", "Easting": "031° 33' 16.3\" E", "Northing": "30° 16' 19.03\" N", "Description": null, "ID": "TR11/1/3", "GlobalID": "{EBF38A44-2DE9-4E74-917D-756B73BF2CE5}", "القطاع": "القطاع الثالث", "الشركةالمنفذة": "شركة الكتروالهانى"}, "geometry": {"type": "MultiPolygon", "coordinates": [[[[31.556243819059265, 30.27214981007875], [31.556228925036663, 30.272079732084073], [31.55616760680506, 30.27208955019538], [31.556182498707376, 30.27215962820624], [31.556243819059265, 30.27214981007875]]]]}}, {"type": "Feature", "properties": {"shape_Length": 27.799826604827512, "shape_Area": 47.39970609495209, "Electric_Facility_Type": "كشك", "Easting": "031° 33' 16.51\" E", "Northing": "30° 16' 19.66\" N", "Description": null, "ID": "TR9/5/3", "GlobalID": "{2E241795-CFDC-444A-A618-2EA685A462C2}", "القطاع": "القطاع الثالث", "الشركةالمنفذة": "شركة الكتروالهانى"}, "geometry": {"type": "MultiPolygon", "coordinates": [[[[31.556307928561633, 30.2723171596379], [31.55629410546403, 30.27228576218309], [31.55627862121886, 30.27225059401091], [31.556220376419777, 30.272269913874734], [31.556239319850445, 30.272312941327275], [31.55623977356863, 30.272313972243637], [31.55624968372943, 30.272336479514973], [31.556307928561633, 30.2723171596379]]]]}}, {"type": "Feature", "properties": {"shape_Length": 27.799157221840208, "shape_Area": 47.396532604863715, "Electric_Facility_Type": "كشك", "Easting": "031° 33' 6.15\" E", "Northing": "30° 16' 19.91\" N", "Description": null, "ID": "TR7/5/3", "GlobalID": "{7303AB4C-6E19-49E0-B78F-25291B9209D4}", "القطاع": "القطاع الثالث", "الشركةالمنفذة": "شركة الكتروالهانى"}, "geometry": {"type": "MultiPolygon", "coordinates": [[[[31.553421991215902, 30.272396238067497], [31.553413784127386, 30.272342771536746], [31.553411149081636, 30.272325601413776], [31.55334934570463, 30.27233274839964], [31.553360187795597, 30.272403385058915], [31.553385010738058, 30.27240051465189], [31.553421991215902, 30.272396238067497]]]]}}, {"type": "Feature", "properties": {"shape_Length": 27.800327490475894, "shape_Area": 47.40115496085204, "Electric_Facility_Type": "كشك", "Easting": "031° 33' 42.5\" E", "Northing": "30° 16' 19.89\" N", "Description": null, "ID": "TR2/1/2", "GlobalID": "{16EB69B8-74E7-446B-82D5-786EA64DF423}", "القطاع": "القطاع الاول", "الشركةالمنفذة": "شركة الكتروالهانى"}, "geometry": {"type": "MultiPolygon", "coordinates": [[[[31.563534114552002, 30.27235300867139], [31.563489802240365, 30.272314930770456], [31.563432040935748, 30.272365574321245], [31.563476355316645, 30.27240365042847], [31.563491030902757, 30.27239078376356], [31.56350398474518, 30.272379425495807], [31.563509428110095, 30.272374652846263], [31.563534114552002, 30.27235300867139]]]]}}, {"type": "Feature", "properties": {"shape_Length": 27.797773783833602, "shape_Area": 47.39352357604309, "Electric_Facility_Type": "كشك", "Easting": "031° 33' 48.92\" E", "Northing": "30° 16' 21.43\" N", "Description": null, "ID": "TR1/2/2", "GlobalID": "{B6D1A56D-0D3F-4669-A100-D77EF5447464}", "القطاع": "القطاع الاول", "الشركةالمنفذة": "شركة الكتروالهانى"}, "geometry": {"type": "MultiPolygon", "coordinates": [[[[31.565316200073326, 30.272781197316252], [31.565283863043152, 30.272750541841294], [31.565274092035747, 30.272741279378675], [31.565213548381728, 30.272789393740677], [31.56525565641601, 30.27282931169748], [31.565306320169963, 30.272789048896076], [31.565316200073326, 30.272781197316252]]]]}}, {"type": "Feature", "properties": {"shape_Length": 27.800138312955088, "shape_Area": 47.4005500209573, "Electric_Facility_Type": "كشك", "Easting": "031° 34' 2.23\" E", "Northing": "30° 16' 21.45\" N", "Description": null, "ID": "TR3/3/2", "GlobalID": "{F32A77DB-91D9-4192-96BD-3DA63B8C4CC8}", "القطاع": "القطاع الثاني", "الشركةالمنفذة": "شركة الكتروالهانى"}, "geometry": {"type": "MultiPolygon", "coordinates": [[[[31.56901331311947, 30.272783373414995], [31.568968700738452, 30.27274556028479], [31.568961008106545, 30.27275239777212], [31.56895958434882, 30.272753663201534], [31.56895273335735, 30.27275975285116], [31.568911340985547, 30.27279654545831], [31.568955953357925, 30.272834356803685], [31.56901331311947, 30.272783373414995]]]]}}, {"type": "Feature", "properties": {"shape_Length": 27.799932606546523, "shape_Area": 47.39969999121052, "Electric_Facility_Type": "كشك", "Easting": "031° 33' 41.66\" E", "Northing": "30° 16' 22.02\" N", "Description": null, "ID": "TR3/1/2", "GlobalID": "{40DAD741-72E8-4DD9-BC5D-520C407D6BE9}", "القطاع": "القطاع الاول", "الشركةالمنفذة": "شركة الكتروالهانى"}, "geometry": {"type": "MultiPolygon", "coordinates": [[[[31.563301580279727, 30.272942297143327], [31.563287576163248, 30.27293059374261], [31.56325666185671, 30.272904757585746], [31.563222594670442, 30.27293546964932], [31.563199718802423, 30.27295609209267], [31.563232989930192, 30.272983898126686], [31.56324463513904, 30.272993629874353], [31.563301580279727, 30.272942297143327]]]]}}, {"type": "Feature", "properties": {"shape_Length": 27.80009009521687, "shape_Area": 47.400275081457394, "Electric_Facility_Type": "كشك", "Easting": "031° 33' 30.66\" E", "Northing": "30° 16' 22.11\" N", "Description": null, "ID": "TR2/1/3", "GlobalID": "{96FFA1AC-88AC-402B-A438-72F7B470F56A}", "القطاع": "القطاع الثالث", "الشركةالمنفذة": "شركة الكتروالهانى"}, "geometry": {"type": "MultiPolygon", "coordinates": [[[[31.56024438542947, 30.272978003661454], [31.560226578815513, 30.272964060162586], [31.560183424583325, 30.272930269919804], [31.56016785528174, 30.272945250817383], [31.560156233336937, 30.272956432582678], [31.560141658357384, 30.27297045576967], [31.560202617130347, 30.27301818953928], [31.56024438542947, 30.272978003661454]]]]}}, {"type": "Feature", "properties": {"shape_Length": 27.800090091398946, "shape_Area": 47.40032433811427, "Electric_Facility_Type": "كشك", "Easting": "031° 33' 32.93\" E", "Northing": "30° 16' 22.23\" N", "Description": null, "ID": "TR6/1/2", "GlobalID": "{A24BA8A9-0106-4C35-B612-0D45A09D57CD}", "القطاع": "القطاع الاول", "الشركةالمنفذة": "شركة الكتروالهانى"}, "geometry": {"type": "MultiPolygon", "coordinates": [[[[31.560875812522884, 30.27301255912252], [31.560814851354486, 30.27296482567923], [31.56077308537473, 30.27300501172722], [31.560783021130778, 30.27301279176612], [31.56080865493258, 30.273032864481287], [31.560834044469967, 30.2730527451985], [31.560875812522884, 30.27301255912252]]]]}}, {"type": "Feature", "properties": {"shape_Length": 27.799969508153385, "shape_Area": 47.400048541834636, "Electric_Facility_Type": "كشك", "Easting": "031° 33' 19.36\" E", "Northing": "30° 16' 22.37\" N", "Description": null, "ID": "TR10/5/3", "GlobalID": "{25A3D913-DFA5-42A5-A514-9F73DC3DBBBA}", "القطاع": "القطاع الثالث", "الشركةالمنفذة": "شركة الكتروالهانى"}, "geometry": {"type": "MultiPolygon", "coordinates": [[[[31.5571074042804, 30.273050956164944], [31.557046653697505, 30.273003023412276], [31.55702202919401, 30.27302653604945], [31.557004710783556, 30.273043071911587], [31.557042848482002, 30.273073162683847], [31.55706546344983, 30.27309100467455], [31.5571074042804, 30.273050956164944]]]]}}, {"type": "Feature", "properties": {"shape_Length": 27.80042229896942, "shape_Area": 47.40145618906424, "Electric_Facility_Type": "كشك", "Easting": "031° 33' 39.58\" E", "Northing": "30° 16' 22.53\" N", "Description": null, "ID": "TR5/1/2", "GlobalID": "{084BDA4D-4E13-445C-9419-A615BAEAD340}", "القطاع": "القطاع الاول", "الشركةالمنفذة": "شركة الكتروالهانى"}, "geometry": {"type": "MultiPolygon", "coordinates": [[[[31.56272186812404, 30.2730829158554], [31.562675864357324, 30.27304638021955], [31.562620441129454, 30.27309895458023], [31.562649884333744, 30.27312233822781], [31.562666444900803, 30.273135490235187], [31.562690618273194, 30.273112559399543], [31.56272186812404, 30.2730829158554]]]]}}, {"type": "Feature", "properties": {"shape_Length": 27.799969504788116, "shape_Area": 47.39975921023181, "Electric_Facility_Type": "كشك", "Easting": "031° 33' 18.57\" E", "Northing": "30° 16' 23.02\" N", "Description": null, "ID": "TR2/5/3", "GlobalID": "{A3B3A927-CFC0-426C-8E57-0184518A19CA}", "القطاع": "القطاع الثالث", "الشركةالمنفذة": "شركة الكتروالهانى"}, "geometry": {"type": "MultiPolygon", "coordinates": [[[[31.556885652951802, 30.273230583904432], [31.556872885051668, 30.273220509968787], [31.55682490236288, 30.273182651050238], [31.556782959282557, 30.273222699479504], [31.556843711954876, 30.27327063234398], [31.556850138414784, 30.27326449551208], [31.556885652951802, 30.273230583904432]]]]}}, {"type": "Feature", "properties": {"shape_Length": 27.799890642526695, "shape_Area": 47.39944163248787, "Electric_Facility_Type": "كشك", "Easting": "031° 33' 40.43\" E", "Northing": "30° 16' 23.16\" N", "Description": null, "ID": "TR4/1/2", "GlobalID": "{E6893157-FFCE-4506-9BAD-B65FBB658387}", "القطاع": "القطاع الاول", "الشركةالمنفذة": "شركة الكتروالهانى"}, "geometry": {"type": "MultiPolygon", "coordinates": [[[[31.56295956651524, 30.27325811535029], [31.56294777681673, 30.2732487432113], [31.562913583260894, 30.273221561671456], [31.56287470785867, 30.273258403825263], [31.562858132900704, 30.27327411099032], [31.562904114091474, 30.273310666501267], [31.56295956651524, 30.27325811535029]]]]}}, {"type": "Feature", "properties": {"shape_Length": 27.800094303883597, "shape_Area": 47.39999478756981, "Electric_Facility_Type": "كشك", "Easting": "031° 34' 7.84\" E", "Northing": "30° 16' 25.55\" N", "Description": null, "ID": "TR6/3/2", "GlobalID": "{C7A17DAF-9689-4807-9E50-0ECEE4BE849F}", "القطاع": "القطاع الثاني", "الشركةالمنفذة": "شركة الكتروالهانى"}, "geometry": {"type": "MultiPolygon", "coordinates": [[[[31.57057398698036, 30.273923004451735], [31.570529758144545, 30.273884854640624], [31.57047188470206, 30.273935400721577], [31.57051611353882, 30.273973550551947], [31.570544704892075, 30.273948578485875], [31.57055960444962, 30.273935565736146], [31.57057398698036, 30.273923004451735]]]]}}, {"type": "Feature", "properties": {"shape_Length": 27.79990925113126, "shape_Area": 47.40001746715963, "Electric_Facility_Type": "كشك", "Easting": "031° 33' 54.64\" E", "Northing": "30° 16' 27.02\" N", "Description": null, "ID": "TR7/2/2", "GlobalID": "{396B1DB7-215A-4985-A770-AB8E08DAE955}", "القطاع": "القطاع الاول", "الشركةالمنفذة": "شركة الكتروالهانى"}, "geometry": {"type": "MultiPolygon", "coordinates": [[[[31.566906504175854, 30.274334046487184], [31.5668885342059, 30.2743170151153], [31.566864390693613, 30.274294132713173], [31.566837361091096, 30.274315617149533], [31.566803842802877, 30.274342260447646], [31.566806568028206, 30.274344843847118], [31.566845956271482, 30.27438217243687], [31.566906504175854, 30.274334046487184]]]]}}, {"type": "Feature", "properties": {"shape_Length": 27.800048325490515, "shape_Area": 47.40027398679037, "Electric_Facility_Type": "كشك", "Easting": "031° 34' 3.35\" E", "Northing": "30° 16' 28.02\" N", "Description": null, "ID": "TR5/3/2", "GlobalID": "{16FEDF3C-E68B-49EC-9957-EE1D05937D20}", "القطاع": "القطاع الاول", "الشركةالمنفذة": "شركة الكتروالهانى"}, "geometry": {"type": "MultiPolygon", "coordinates": [[[[31.569324786399353, 30.274624709882904], [31.569270699521734, 30.27457109993562], [31.56925512674483, 30.274582935589766], [31.569245223281644, 30.274590461928312], [31.5692237866443, 30.27460675386797], [31.569277873527035, 30.274660365638464], [31.569324786399353, 30.274624709882904]]]]}}, {"type": "Feature", "properties": {"shape_Length": 27.799951269403877, "shape_Area": 47.399813069586095, "Electric_Facility_Type": "كشك", "Easting": "031° 33' 12.43\" E", "Northing": "30° 16' 28.87\" N", "Description": null, "ID": "TR2/5/3", "GlobalID": "{2D50EB82-4AC6-49C3-8707-C3CC5C0A1469}", "القطاع": "القطاع الثالث", "الشركةالمنفذة": "شركة الكتروالهانى"}, "geometry": {"type": "MultiPolygon", "coordinates": [[[[31.555181762179135, 30.27485666164461], [31.555150226553078, 30.27483188429655], [31.555120895613264, 30.274808838553316], [31.55508295458508, 30.274845215318347], [31.555079047187927, 30.274848961809287], [31.55509588601431, 30.274862192076846], [31.555139913758914, 30.274896784919672], [31.555181762179135, 30.27485666164461]]]]}}, {"type": "Feature", "properties": {"shape_Length": 27.799969521377538, "shape_Area": 47.3999155208577, "Electric_Facility_Type": "كشك", "Easting": "031° 33' 24.79\" E", "Northing": "30° 16' 28.87\" N", "Description": null, "ID": "TR1/3/3", "GlobalID": "{09F818A9-EBDF-4D96-8113-65CF31899B41}", "القطاع": "القطاع الثالث", "الشركةالمنفذة": "شركة الكتروالهانى"}, "geometry": {"type": "MultiPolygon", "coordinates": [[[[31.5586151305429, 30.2748437414134], [31.5585858922075, 30.27482067350763], [31.55856898892676, 30.274807336624022], [31.55855680378255, 30.274818971668246], [31.55855233306845, 30.274823240238266], [31.55851376502864, 30.274860068973375], [31.558515416520798, 30.27486137170744], [31.558526892420954, 30.27487042625813], [31.558528369573963, 30.274871590819792], [31.558559906639527, 30.27489647197784], [31.5586151305429, 30.2748437414134]]]]}}, {"type": "Feature", "properties": {"shape_Length": 27.799820699876555, "shape_Area": 47.39920126232006, "Electric_Facility_Type": "كشك", "Easting": "031° 33' 39.34\" E", "Northing": "30° 16' 28.92\" N", "Description": null, "ID": "TR1/1/3", "GlobalID": "{0FB5EA7F-B2ED-4F7F-9DBF-B62934B9D466}", "القطاع": "القطاع الثالث", "الشركةالمنفذة": "شركة الكتروالهانى"}, "geometry": {"type": "MultiPolygon", "coordinates": [[[[31.562657151085837, 30.27487077153956], [31.562631730446295, 30.27485086877069], [31.562626066107622, 30.274846434271577], [31.562596187916103, 30.274823040768574], [31.562554421897456, 30.274863227374194], [31.562592271509708, 30.27489286220555], [31.56261538299399, 30.274910958173198], [31.562657151085837, 30.27487077153956]]]]}}, {"type": "Feature", "properties": {"shape_Length": 27.799969507291976, "shape_Area": 47.39984954774778, "Electric_Facility_Type": "كشك", "Easting": "031° 33' 28.23\" E", "Northing": "30° 16' 29.41\" N", "Description": null, "ID": "TR1/2/3", "GlobalID": "{2BFB34E2-44D3-402B-ACFC-E20078EE8839}", "القطاع": "القطاع الثالث", "الشركةالمنفذة": "شركة الكتروالهانى"}, "geometry": {"type": "MultiPolygon", "coordinates": [[[[31.559570563760563, 30.27500521116126], [31.55950980870184, 30.274957279604713], [31.559467868061812, 30.274997328870167], [31.559512094466392, 30.27503222156593], [31.55951270934722, 30.275032706948153], [31.559528621046983, 30.275045260454693], [31.559570563760563, 30.27500521116126]]]]}}, {"type": "Feature", "properties": {"shape_Length": 33.999740311241275, "shape_Area": 71.43956534136746, "Electric_Facility_Type": "كشك", "Easting": "031° 33' 11.21\" E", "Northing": "30° 16' 30.03\" N", "Description": null, "ID": "TR2/4/3", "GlobalID": "{9622DDB9-D755-4D81-A645-B2AF81A11B9E}", "القطاع": "القطاع الثالث", "الشركةالمنفذة": "شركة الكتروالهانى"}, "geometry": {"type": "MultiPolygon", "coordinates": [[[[31.554854340883693, 30.27517757571418], [31.554816980439764, 30.275148232429594], [31.554781905071536, 30.275120684457363], [31.554776771681496, 30.275125607880966], [31.554769843776906, 30.275132252779418], [31.554728908957628, 30.27517151511711], [31.55476196546874, 30.275197477731798], [31.55480134582183, 30.275228407300343], [31.554849324316713, 30.27518238949896], [31.554853962554564, 30.275177939936583], [31.554854340883693, 30.27517757571418]]]]}}, {"type": "Feature", "properties": {"shape_Length": 27.79996951208954, "shape_Area": 47.39970192895026, "Electric_Facility_Type": "كشك", "Easting": "031° 33' 21.32\" E", "Northing": "30° 16' 30.52\" N", "Description": null, "ID": "TR1/4/3", "GlobalID": "{DE83EA53-33A1-417A-86FE-C06FD6E58158}", "القطاع": "القطاع الثالث", "الشركةالمنفذة": "شركة الكتروالهانى"}, "geometry": {"type": "MultiPolygon", "coordinates": [[[[31.557648830135328, 30.275302848484536], [31.55764619735681, 30.275300771448535], [31.55760268866276, 30.27526644515943], [31.557547463978125, 30.27531917530319], [31.557592057321372, 30.27535435845035], [31.557593605465804, 30.27535558045145], [31.557597420872934, 30.275351937110514], [31.557648542766227, 30.27530312302579], [31.557648830135328, 30.275302848484536]]]]}}, {"type": "Feature", "properties": {"shape_Length": 27.80013151120849, "shape_Area": 47.400641787471834, "Electric_Facility_Type": "كشك", "Easting": "031° 34' 0.0\" E", "Northing": "30° 16' 30.62\" N", "Description": null, "ID": "TR6/2/2", "GlobalID": "{27E1B1F0-A02B-4CC9-B22D-4274FD4C4F6E}", "القطاع": "القطاع الاول", "الشركةالمنفذة": "شركة الكتروالهانى"}, "geometry": {"type": "MultiPolygon", "coordinates": [[[[31.568393363787884, 30.27534735024075], [31.568366861781872, 30.275321255347375], [31.568339072117904, 30.275293894148504], [31.568292296528377, 30.27532968426444], [31.568346588193382, 30.27538314037588], [31.568390170639127, 30.275349793282835], [31.568393363787884, 30.27534735024075]]]]}}, {"type": "Feature", "properties": {"shape_Length": 27.799969506898073, "shape_Area": 47.399986937754704, "Electric_Facility_Type": "كشك", "Easting": "031° 33' 31.23\" E", "Northing": "30° 16' 31.78\" N", "Description": null, "ID": "TR2/2/3", "GlobalID": "{AA8D06A6-C228-47FB-B230-E88B54FBC777}", "القطاع": "القطاع الثالث", "الشركةالمنفذة": "شركة الكتروالهانى"}, "geometry": {"type": "MultiPolygon", "coordinates": [[[[31.560403553906433, 30.275664493831815], [31.56034280011644, 30.275616562667935], [31.56030085746471, 30.275656612204347], [31.560319482594835, 30.27567130629437], [31.56032092846505, 30.275672446613882], [31.560349883499164, 30.27569528982334], [31.560361613338152, 30.275704543378463], [31.560403553906433, 30.275664493831815]]]]}}, {"type": "Feature", "properties": {"shape_Length": 27.799969504462254, "shape_Area": 47.399770405666786, "Electric_Facility_Type": "كشك", "Easting": "031° 33' 31.27\" E", "Northing": "30° 16' 32.99\" N", "Description": null, "ID": "TR11/2/3", "GlobalID": "{D995BB4D-120E-4B98-A1D8-631B247EF6DF}", "القطاع": "القطاع الثالث", "الشركةالمنفذة": "شركة الكتروالهانى"}, "geometry": {"type": "MultiPolygon", "coordinates": [[[[31.560414612718795, 30.276000647213557], [31.56039837817313, 30.27598783992005], [31.56035385663521, 30.275952716068808], [31.56031191592588, 30.27599276559958], [31.56037266993589, 30.276040696772323], [31.560405805729786, 30.276009056715715], [31.560414612718795, 30.276000647213557]]]]}}, {"type": "Feature", "properties": {"shape_Length": 27.80038577380069, "shape_Area": 47.40158451573964, "Electric_Facility_Type": "كشك", "Easting": "031° 33' 55.8\" E", "Northing": "30° 16' 33.71\" N", "Description": null, "ID": "TR4/2/2", "GlobalID": "{5ED0E7CD-7418-4F18-8032-5125DE2191DD}", "القطاع": "القطاع الاول", "الشركةالمنفذة": "شركة الكتروالهانى"}, "geometry": {"type": "MultiPolygon", "coordinates": [[[[31.5672296258621, 30.276200850822168], [31.5671686596826, 30.27615312222844], [31.56716391660547, 30.27615768543103], [31.567126892918925, 30.276193310277012], [31.56718785911407, 30.27624104069389], [31.567225307590338, 30.276205006270082], [31.5672296258621, 30.276200850822168]]]]}}, {"type": "Feature", "properties": {"shape_Length": 27.800090095510868, "shape_Area": 47.400509460473764, "Electric_Facility_Type": "كشك", "Easting": "031° 33' 46.06\" E", "Northing": "30° 16' 34.17\" N", "Description": null, "ID": "TR5/2/3", "GlobalID": "{1EFFB77B-0608-4E6D-95B3-28018F08A6A9}", "القطاع": "القطاع الثالث", "الشركةالمنفذة": "شركة الكتروالهانى"}, "geometry": {"type": "MultiPolygon", "coordinates": [[[[31.564522823176006, 30.27632931164004], [31.564487564572364, 30.276301705748907], [31.564478960283903, 30.276294969345017], [31.564472217368255, 30.276289689846312], [31.56446185819436, 30.27628157996715], [31.56442009233823, 30.276321767157174], [31.564481055246635, 30.276369498858124], [31.564522823176006, 30.27632931164004]]]]}}, {"type": "Feature", "properties": {"shape_Length": 27.800035007584246, "shape_Area": 47.400251908527004, "Electric_Facility_Type": "كشك", "Easting": "031° 33' 43.24\" E", "Northing": "30° 16' 35.95\" N", "Description": null, "ID": "TR4/2/3", "GlobalID": "{977502DC-F546-40C4-AE2A-A680B8CF1F2A}", "القطاع": "القطاع الثالث", "الشركةالمنفذة": "شركة الكتروالهانى"}, "geometry": {"type": "MultiPolygon", "coordinates": [[[[31.563738490593035, 30.276822901134302], [31.563703858154422, 30.276777893733865], [31.563643955107086, 30.27681261739171], [31.563635582207386, 30.27681747119262], [31.56367021462933, 30.276862478611047], [31.563738490593035, 30.276822901134302]]]]}}, {"type": "Feature", "properties": {"shape_Length": 27.799565514394544, "shape_Area": 47.39868863331479, "Electric_Facility_Type": "كشك", "Easting": "031° 33' 22.23\" E", "Northing": "30° 16' 36.54\" N", "Description": null, "ID": "TR2/3/3", "GlobalID": "{26B7B42E-A72F-4774-98F1-E0934B785A52}", "القطاع": "القطاع الثالث", "الشركةالمنفذة": "شركة الكتروالهانى"}, "geometry": {"type": "MultiPolygon", "coordinates": [[[[31.55790220209996, 30.276987565955285], [31.557841562399002, 30.276939526710436], [31.5577995242026, 30.276979500085318], [31.55782092963826, 30.276996457656367], [31.55782418367354, 30.27699903538551], [31.55786016390831, 30.277027539349294], [31.557868261222353, 30.27701984023835], [31.55790220209996, 30.276987565955285]]]]}}, {"type": "Feature", "properties": {"shape_Length": 27.80001828345913, "shape_Area": 47.40009571774809, "Electric_Facility_Type": "كشك", "Easting": "031° 33' 36.97\" E", "Northing": "30° 16' 36.72\" N", "Description": null, "ID": "TR10/2/3", "GlobalID": "{68E1A321-8CEF-49ED-B8FE-D4F8001A903B}", "القطاع": "القطاع الثالث", "الشركةالمنفذة": "شركة الكتروالهانى"}, "geometry": {"type": "MultiPolygon", "coordinates": [[[[31.561996135444105, 30.277017057716346], [31.561917974900307, 30.27699523667735], [31.561898880976404, 30.277046758412993], [31.56197703947863, 30.277068579471678], [31.56198156884027, 30.277056359926142], [31.56198987828471, 30.27703394011229], [31.561996135444105, 30.277017057716346]]]]}}, {"type": "Feature", "properties": {"shape_Length": 27.800090091358282, "shape_Area": 47.400188931608604, "Electric_Facility_Type": "كشك", "Easting": "031° 33' 51.86\" E", "Northing": "30° 16' 37.06\" N", "Description": null, "ID": "TR6/2/3", "GlobalID": "{9C816A59-D295-45BB-80EB-ADA5597F17AD}", "القطاع": "القطاع الاول", "الشركةالمنفذة": "شركة الكتروالهانى"}, "geometry": {"type": "MultiPolygon", "coordinates": [[[[31.56613319977876, 30.277131653283213], [31.566072235606462, 30.277083922373247], [31.566030468002346, 30.277124110077057], [31.56605751016984, 30.277145281559566], [31.566074016513586, 30.27715820423359], [31.566091434258492, 30.277171840997156], [31.56613319977876, 30.277131653283213]]]]}}, {"type": "Feature", "properties": {"shape_Length": 33.999887865399316, "shape_Area": 71.43951051164314, "Electric_Facility_Type": "كشك", "Easting": "031° 33' 21.0\" E", "Northing": "30° 16' 37.71\" N", "Description": null, "ID": "TR8/3/3", "GlobalID": "{0E094C00-A3D5-41F1-A0F1-57407138F2EE}", "القطاع": "القطاع الثالث", "الشركةالمنفذة": "شركة الكتروالهانى"}, "geometry": {"type": "MultiPolygon", "coordinates": [[[[31.55757207469296, 30.277312036933207], [31.557503164208757, 30.27725791774738], [31.55749963470577, 30.277255146340067], [31.5574466409708, 30.277305979875393], [31.55751907888717, 30.27736287050617], [31.557570235734865, 30.27731380012899], [31.55757207469296, 30.277312036933207]]]]}}, {"type": "Feature", "properties": {"shape_Length": 27.799715433209293, "shape_Area": 47.3987612249877, "Electric_Facility_Type": "كشك", "Easting": "031° 33' 48.76\" E", "Northing": "30° 16' 40.54\" N", "Description": null, "ID": "TR7/2/3", "GlobalID": "{38D4F815-77C7-43E5-9595-C152A415A717}", "القطاع": "القطاع الثالث", "الشركةالمنفذة": "شركة الكتروالهانى"}, "geometry": {"type": "MultiPolygon", "coordinates": [[[[31.56527244258543, 30.27808791667985], [31.565227951219526, 30.27804999715484], [31.565170425622966, 30.27810084249078], [31.565214915951064, 30.278138762039557], [31.56525982273677, 30.278099070717925], [31.56527244258543, 30.27808791667985]]]]}}, {"type": "Feature", "properties": {"shape_Length": 27.800142234836002, "shape_Area": 47.400500738392445, "Electric_Facility_Type": "كشك", "Easting": "031° 33' 28.03\" E", "Northing": "30° 16' 41.2\" N", "Description": null, "ID": "TR3/3/3", "GlobalID": "{C58E1DAE-5961-4BF3-A0C9-7342F3195566}", "القطاع": "القطاع الثالث", "الشركةالمنفذة": "شركة الكتروالهانى"}, "geometry": {"type": "MultiPolygon", "coordinates": [[[[31.55951532164134, 30.278281609247053], [31.55945467828239, 30.278233570787524], [31.559420777809855, 30.278265806506102], [31.559412640205586, 30.278273544671226], [31.559445150091033, 30.278299298228276], [31.559473283579514, 30.278321584953904], [31.55951532164134, 30.278281609247053]]]]}}, {"type": "Feature", "properties": {"shape_Length": 34.00017041403288, "shape_Area": 71.44061433590429, "Electric_Facility_Type": "كشك", "Easting": "031° 33' 26.92\" E", "Northing": "30° 16' 42.37\" N", "Description": null, "ID": "TR5/3/3", "GlobalID": "{A48B20CA-90C6-4D72-AA48-9B842EE4C1D7}", "القطاع": "القطاع الثالث", "الشركةالمنفذة": "شركة الكتروالهانى"}, "geometry": {"type": "MultiPolygon", "coordinates": [[[[31.559218835481744, 30.27860530030852], [31.55918132734057, 30.27857584527853], [31.559146393597473, 30.278548410661557], [31.559093397959987, 30.278599244860377], [31.559165839852, 30.278656134536135], [31.559201263657936, 30.278622155954285], [31.559218835481744, 30.27860530030852]]]]}}, {"type": "Feature", "properties": {"shape_Length": 27.792607233547045, "shape_Area": 47.370849797361586, "Electric_Facility_Type": "كشك", "Easting": "031° 33' 36.83\" E", "Northing": "30° 16' 44.87\" N", "Description": null, "ID": "TR9/2/3", "GlobalID": "{DF6A06A3-895A-4368-9E1B-509469582A83}", "القطاع": "القطاع الثالث", "الشركةالمنفذة": "شركة الكتروالهانى"}, "geometry": {"type": "MultiPolygon", "coordinates": [[[[31.56195236045504, 30.27927330018039], [31.561870603634016, 30.279266733660723], [31.561865694996747, 30.2793127877489], [31.561864863245244, 30.27932059218014], [31.56190953380449, 30.27932418032516], [31.561946618032053, 30.279327158711688], [31.561950327904746, 30.279292361841723], [31.56195236045504, 30.27927330018039]]]]}}, {"type": "Feature", "properties": {"shape_Length": 27.79418478603713, "shape_Area": 47.37760121893312, "Electric_Facility_Type": "كشك", "Easting": "031° 33' 32.47\" E", "Northing": "30° 16' 46.9\" N", "Description": null, "ID": "TR6/3/3", "GlobalID": "{054BCC94-FEC8-4EA8-B05A-CD460CA7F51E}", "القطاع": null, "الشركةالمنفذة": "شركة الكتروالهانى"}, "geometry": {"type": "MultiPolygon", "coordinates": [[[[31.5607413079507, 30.279880017355012], [31.56070537856634, 30.27981594553786], [31.56064933965092, 30.279839631051527], [31.56067165953216, 30.27987943478207], [31.560671806529093, 30.279879697550083], [31.56068526901825, 30.279903704688227], [31.5607413079507, 30.279880017355012]]]]}}, {"type": "Feature", "properties": {"shape_Length": 73.7372913959357, "shape_Area": 215.94995032660924, "Electric_Facility_Type": "موزع كهرباء", "Easting": "031° 33' 48.2\" E", "Northing": "30° 16' 14.03\" N", "Description": null, "ID": "D.P.2", "GlobalID": "{D45A352B-B27E-49D5-8143-E0694A5ABA73}", "القطاع": "القطاع الاول", "الشركةالمنفذة": "شركة الكتروالهانى"}, "geometry": {"type": "MultiPolygon", "coordinates": [[[[31.565208490870276, 30.27079019261432], [31.565146713798974, 30.270745103172487], [31.56514343068458, 30.27074270705888], [31.56511309579209, 30.27072056631109], [31.565109113478858, 30.27071765994647], [31.56504619482012, 30.270671737376215], [31.565044872602012, 30.270670772473657], [31.56501844701294, 30.270651485163967], [31.564995126090032, 30.270634463938702], [31.56497340289607, 30.270618608483378], [31.564948533047055, 30.270643851070133], [31.564923663185347, 30.270669093652195], [31.56515966151582, 30.270839943292295], [31.565160583134578, 30.270839003901283], [31.565208490870276, 30.27079019261432]]]]}}, {"type": "Feature", "properties": {"shape_Length": 73.57677409898979, "shape_Area": 214.2591701342549, "Electric_Facility_Type": "موزع كهرباء", "Easting": "031° 33' 34.33\" E", "Northing": "30° 16' 34.13\" N", "Description": null, "ID": "D.P.3", "GlobalID": "{5CC30C6C-5EC7-4B37-96CB-76C8B052EBAB}", "القطاع": "القطاع الثالث", "الشركةالمنفذة": "شركة الكتروالهانى"}, "geometry": {"type": "MultiPolygon", "coordinates": [[[[31.561350683769078, 30.27637724273245], [31.56112281491266, 30.276198855659292], [31.5610727787745, 30.27624739221699], [31.56112630834822, 30.276289496073883], [31.56112774064953, 30.276290622911635], [31.5611290883916, 30.27629168335997], [31.561155952362096, 30.27631281152863], [31.5612708872779, 30.276403214050706], [31.56127283738328, 30.276404748198257], [31.5612747478174, 30.27640625094406], [31.561300266203485, 30.27642632223439], [31.561350683769078, 30.27637724273245]]]]}}, {"type": "Feature", "properties": {"shape_Length": 27.79992353341652, "shape_Area": 47.39984223922344, "Electric_Facility_Type": "كشك", "Easting": "031° 33' 57.2\" E", "Northing": "30° 16' 10.63\" N", "Description": null, "ID": "TR3/4/2", "GlobalID": "{5C7631D7-487C-4DE4-BE99-EC9461A3CC6A}", "القطاع": "القطاع الثاني", "الشركةالمنفذة": "شركة الكتروالهانى"}, "geometry": {"type": "MultiPolygon", "coordinates": [[[[31.567518074003438, 30.26974164970911], [31.56749415441445, 30.269765726830965], [31.567477354900586, 30.269782637072044], [31.56753952835257, 30.269829173285995], [31.56758024745334, 30.269788186806135], [31.56757241236408, 30.269782322249497], [31.567572197358057, 30.269782160812092], [31.567518074003438, 30.26974164970911]]]]}}, {"type": "Feature", "properties": {"shape_Length": 4.327617969379561, "shape_Area": 0.9251800594608957, "Electric_Facility_Type": null, "Easting": null, "Northing": null, "Description": null, "ID": "4/2/1_1", "GlobalID": "{7262D4B7-20C1-455E-BCBE-D376809682C1}", "القطاع": null, "الشركةالمنفذة": null}, "geometry": {"type": "MultiPolygon", "coordinates": [[[[31.557070024936973, 30.264473770852486], [31.55706136610104, 30.264461691353464], [31.557056195436157, 30.264464493416547], [31.557064854271722, 30.26447657291593], [31.557070024936973, 30.264473770852486]]]]}}, {"type": "Feature", "properties": {"shape_Length": 4.327706129270745, "shape_Area": 0.9252573597054699, "Electric_Facility_Type": null, "Easting": null, "Northing": null, "Description": null, "ID": "7/4/2_3", "GlobalID": "{2382D619-0D56-4E77-819B-E8874D339B8E}", "القطاع": null, "الشركةالمنفذة": null}, "geometry": {"type": "MultiPolygon", "coordinates": [[[[31.562483937817486, 30.264626750613687], [31.56247861509068, 30.264624171039806], [31.562470605195568, 30.264636583248603], [31.562475927922844, 30.26463916282278], [31.562483937817486, 30.264626750613687]]]]}}, {"type": "Feature", "properties": {"shape_Length": 4.3277061325118105, "shape_Area": 0.9252573606569091, "Electric_Facility_Type": null, "Easting": null, "Northing": null, "Description": null, "ID": "8/4/2_6", "GlobalID": "{CBE2F9C3-1E37-4282-AE4A-1FCE5F679F15}", "القطاع": null, "الشركةالمنفذة": null}, "geometry": {"type": "MultiPolygon", "coordinates": [[[[31.56356250829327, 30.264742487929254], [31.563557185532716, 30.264739908399704], [31.56354917576523, 30.264752320672663], [31.56355449852626, 30.264754900202533], [31.56356250829327, 30.264742487929254]]]]}}, {"type": "Feature", "properties": {"shape_Length": 4.327532130647502, "shape_Area": 0.9252062802390617, "Electric_Facility_Type": null, "Easting": null, "Northing": null, "Description": null, "ID": "7/4/2_1", "GlobalID": "{F62DCD21-9728-4889-B379-0CE7B01E5D86}", "القطاع": null, "الشركةالمنفذة": null}, "geometry": {"type": "MultiPolygon", "coordinates": [[[[31.562889862437313, 30.264761480502205], [31.562884539692853, 30.264758900945104], [31.562876529833428, 30.264771312275965], [31.562881852578357, 30.264773891833364], [31.562889862437313, 30.264761480502205]]]]}}, {"type": "Feature", "properties": {"shape_Length": 4.3276272508090425, "shape_Area": 0.9252187305809338, "Electric_Facility_Type": null, "Easting": null, "Northing": null, "Description": null, "ID": "7/4/2_5", "GlobalID": "{D7DA6387-E729-42C0-9EE7-513D27A83E6B}", "القطاع": null, "الشركةالمنفذة": null}, "geometry": {"type": "MultiPolygon", "coordinates": [[[[31.561019676472906, 30.264795695598774], [31.561013862671896, 30.264794105804867], [31.5610089132153, 30.264807668473622], [31.561014728056165, 30.264809258263302], [31.561019676472906, 30.264795695598774]]]]}}, {"type": "Feature", "properties": {"shape_Length": 4.327650643882574, "shape_Area": 0.9252318093729937, "Electric_Facility_Type": null, "Easting": null, "Northing": null, "Description": null, "ID": "4/2/1_4", "GlobalID": "{3B891042-6E51-4140-B82F-F2E93582606D}", "القطاع": null, "الشركةالمنفذة": null}, "geometry": {"type": "MultiPolygon", "coordinates": [[[[31.556546627154898, 30.264862260220582], [31.556537969386717, 30.264850180682863], [31.556532797647325, 30.264852982729987], [31.556541456454255, 30.264865062263627], [31.556546627154898, 30.264862260220582]]]]}}, {"type": "Feature", "properties": {"shape_Length": 4.327630741911645, "shape_Area": 0.9252351292385933, "Electric_Facility_Type": null, "Easting": null, "Northing": null, "Description": null, "ID": "8/4/2_3", "GlobalID": "{6E687A0C-7EA6-4DCE-956D-D328FADD56C7}", "القطاع": null, "الشركةالمنفذة": null}, "geometry": {"type": "MultiPolygon", "coordinates": [[[[31.564189333584668, 30.26499903003971], [31.564184010794204, 30.264996450536145], [31.56417600004165, 30.265008861948665], [31.564181322832574, 30.265011441452554], [31.564189333584668, 30.26499903003971]]]]}}, {"type": "Feature", "properties": {"shape_Length": 4.327752956944508, "shape_Area": 0.9252708455622464, "Electric_Facility_Type": null, "Easting": null, "Northing": null, "Description": null, "ID": "7/4/2_4", "GlobalID": "{9A4677C5-4CF6-4B6F-AFB9-1F53C9D463C1}", "القطاع": null, "الشركةالمنفذة": null}, "geometry": {"type": "MultiPolygon", "coordinates": [[[[31.561719990618514, 30.26503612058077], [31.561714176787405, 30.26503452991632], [31.561709227421108, 30.265048093512014], [31.561715042286977, 30.265049683270227], [31.561719990618514, 30.26503612058077]]]]}}, {"type": "Feature", "properties": {"shape_Length": 4.327650645467449, "shape_Area": 0.9252318106239461, "Electric_Facility_Type": null, "Easting": null, "Northing": null, "Description": null, "ID": "4/2/1_2", "GlobalID": "{CE9379DD-70A6-47BC-BFBD-9A83B13F2E09}", "القطاع": null, "الشركةالمنفذة": null}, "geometry": {"type": "MultiPolygon", "coordinates": [[[[31.557715119513873, 30.2650927849708], [31.557706460544104, 30.265080705517235], [31.557701289865808, 30.2650835076057], [31.55770994779606, 30.265095587064028], [31.557715119513873, 30.2650927849708]]]]}}, {"type": "Feature", "properties": {"shape_Length": 4.327842510089125, "shape_Area": 0.9253403957643728, "Electric_Facility_Type": null, "Easting": null, "Northing": null, "Description": null, "ID": "8/4/2_5", "GlobalID": "{486DE467-053F-4DC4-B98E-D943C6DA4A88}", "القطاع": null, "الشركةالمنفذة": null}, "geometry": {"type": "MultiPolygon", "coordinates": [[[[31.563209769007436, 30.26540550584773], [31.563204446219807, 30.265402926304432], [31.56319643531602, 30.265415338560263], [31.563201759143265, 30.26541791809942], [31.563209769007436, 30.26540550584773]]]]}}, {"type": "Feature", "properties": {"shape_Length": 4.327650644186923, "shape_Area": 0.9252318098549531, "Electric_Facility_Type": null, "Easting": null, "Northing": null, "Description": null, "ID": "4/2/1_3", "GlobalID": "{D93E2756-D4C0-4D82-8379-E62CB9C433C3}", "القطاع": null, "الشركةالمنفذة": null}, "geometry": {"type": "MultiPolygon", "coordinates": [[[[31.557180918042413, 30.265487950106827], [31.557172259101957, 30.26547587061828], [31.557167088387637, 30.26547867268593], [31.557175746288554, 30.265490752179247], [31.557180918042413, 30.265487950106827]]]]}}, {"type": "Feature", "properties": {"shape_Length": 4.327627061520783, "shape_Area": 0.9251868306350634, "Electric_Facility_Type": null, "Easting": null, "Northing": null, "Description": null, "ID": "5/1/1_2", "GlobalID": "{327B7DB9-7ADC-4765-923A-496E0C3014C2}", "القطاع": null, "الشركةالمنفذة": null}, "geometry": {"type": "MultiPolygon", "coordinates": [[[[31.561147331820777, 30.265463028105696], [31.561141517973187, 30.26546143741608], [31.56113656954654, 30.26547500098606], [31.561142383389736, 30.265476590773847], [31.561147331820777, 30.265463028105696]]]]}}, {"type": "Feature", "properties": {"shape_Length": 4.327650643882574, "shape_Area": 0.9252318093729937, "Electric_Facility_Type": null, "Easting": null, "Northing": null, "Description": null, "ID": "8/1/1_4", "GlobalID": "{CB748C93-4026-4674-8C21-41D5D641CE37}", "القطاع": null, "الشركةالمنفذة": null}, "geometry": {"type": "MultiPolygon", "coordinates": [[[[31.558427994306403, 30.2654909545049], [31.5584193352144, 30.26547887510073], [31.558414164536146, 30.26548167721718], [31.55842282258863, 30.265493756626125], [31.558427994306403, 30.2654909545049]]]]}}, {"type": "Feature", "properties": {"shape_Length": 4.327842511007495, "shape_Area": 0.9253403960330593, "Electric_Facility_Type": null, "Easting": null, "Northing": null, "Description": null, "ID": "8/4/2_2", "GlobalID": "{75143C92-2922-407F-8E8C-BA166BE57A71}", "القطاع": null, "الشركةالمنفذة": null}, "geometry": {"type": "MultiPolygon", "coordinates": [[[[31.564629954682307, 30.26546608356467], [31.564624631855224, 30.265463504079616], [31.564616621126763, 30.265475916420016], [31.564621944993455, 30.26547849590089], [31.564629954682307, 30.26546608356467]]]]}}, {"type": "Feature", "properties": {"shape_Length": 4.327706128918988, "shape_Area": 0.9252573592008327, "Electric_Facility_Type": null, "Easting": null, "Northing": null, "Description": null, "ID": "7/4/2_2", "GlobalID": "{AA78A6F5-1DD9-4BE8-A2F5-C00F584B1845}", "القطاع": null, "الشركةالمنفذة": null}, "geometry": {"type": "MultiPolygon", "coordinates": [[[[31.56236851441089, 30.265529401334028], [31.562363191637942, 30.265526821756403], [31.56235518165683, 30.265539233957533], [31.562360504430238, 30.265541813535492], [31.56236851441089, 30.265529401334028]]]]}}, {"type": "Feature", "properties": {"shape_Length": 4.32774085090074, "shape_Area": 0.9252783099833062, "Electric_Facility_Type": null, "Easting": null, "Northing": null, "Description": null, "ID": "8/1/1_2", "GlobalID": "{BF8E974E-2D5E-48A4-8427-93735956805C}", "القطاع": null, "الشركةالمنفذة": null}, "geometry": {"type": "MultiPolygon", "coordinates": [[[[31.5594302800343, 30.26558008753318], [31.559429656076087, 30.265565871259124], [31.559423564585686, 30.265566080355008], [31.55942418854814, 30.26558029753114], [31.5594302800343, 30.26558008753318]]]]}}, {"type": "Feature", "properties": {"shape_Length": 4.327740851735944, "shape_Area": 0.925278309737111, "Electric_Facility_Type": null, "Easting": null, "Northing": null, "Description": null, "ID": "8/1/1_1", "GlobalID": "{236753D2-A60B-4175-A50C-24913883E15A}", "القطاع": null, "الشركةالمنفذة": null}, "geometry": {"type": "MultiPolygon", "coordinates": [[[[31.560075181692667, 30.26557841781613], [31.56007455763649, 30.265564200644285], [31.560068466153187, 30.265564410672177], [31.56006909020337, 30.26557862694204], [31.560075181692667, 30.26557841781613]]]]}}, {"type": "Feature", "properties": {"shape_Length": 4.327648461232021, "shape_Area": 0.9252085885808634, "Electric_Facility_Type": null, "Easting": null, "Northing": null, "Description": null, "ID": "8/4/2_1", "GlobalID": "{7DEAF1FE-8EC0-40A5-8628-920E1F845ADE}", "القطاع": null, "الشركةالمنفذة": null}, "geometry": {"type": "MultiPolygon", "coordinates": [[[[31.565016455203406, 30.265653168399073], [31.56500219402452, 30.265646156900956], [31.564999197410977, 30.26565076482438], [31.56501345859033, 30.265657776322787], [31.565016455203406, 30.265653168399073]]]]}}, {"type": "Feature", "properties": {"shape_Length": 4.327804740521117, "shape_Area": 0.9252862103518126, "Electric_Facility_Type": null, "Easting": null, "Northing": null, "Description": null, "ID": "8/4/2_4", "GlobalID": "{59D34C97-471F-429F-B1A5-31FD66351CB2}", "القطاع": null, "الشركةالمنفذة": null}, "geometry": {"type": "MultiPolygon", "coordinates": [[[[31.563813403849757, 30.265769437569933], [31.563808081026988, 30.265766858051755], [31.56380007017097, 30.265779270343238], [31.563805392994226, 30.26578184986172], [31.563813403849757, 30.265769437569933]]]]}}, {"type": "Feature", "properties": {"shape_Length": 4.327755681277757, "shape_Area": 0.9252463505992736, "Electric_Facility_Type": null, "Easting": null, "Northing": null, "Description": null, "ID": "4/2/1_5", "GlobalID": "{0DC05311-7794-4A99-9C09-F98131D305AB}", "القطاع": null, "الشركةالمنفذة": null}, "geometry": {"type": "MultiPolygon", "coordinates": [[[[31.556714537934997, 30.26581201829395], [31.556705879016953, 30.265799937872764], [31.556700708277322, 30.26580274082426], [31.55670936718991, 30.265814820343763], [31.556714537934997, 30.26581201829395]]]]}}, {"type": "Feature", "properties": {"shape_Length": 4.327752954603274, "shape_Area": 0.9252708445915288, "Electric_Facility_Type": null, "Easting": null, "Northing": null, "Description": null, "ID": "5/1/1_5", "GlobalID": "{D7A4C1A3-9F08-4338-A4FC-FDE2C6646C3C}", "القطاع": null, "الشركةالمنفذة": null}, "geometry": {"type": "MultiPolygon", "coordinates": [[[[31.56211260809803, 30.26581303044806], [31.56210679421488, 30.26581143980187], [31.562101844865634, 30.265825003410608], [31.562107659783532, 30.265826593150532], [31.56211260809803, 30.26581303044806]]]]}}, {"type": "Feature", "properties": {"shape_Length": 4.327581064181421, "shape_Area": 0.9252017043456808, "Electric_Facility_Type": null, "Easting": null, "Northing": null, "Description": null, "ID": "6/2/1_1", "GlobalID": "{B8B1DC62-78FB-41C5-9408-93E23256762A}", "القطاع": null, "الشركةالمنفذة": null}, "geometry": {"type": "MultiPolygon", "coordinates": [[[[31.55567555490878, 30.265982799962654], [31.55566977796626, 30.26598110964845], [31.555664518579157, 30.265994583227833], [31.555670294488316, 30.265996274448664], [31.55567555490878, 30.265982799962654]]]]}}, {"type": "Feature", "properties": {"shape_Length": 4.327650644186923, "shape_Area": 0.9252318098549531, "Electric_Facility_Type": null, "Easting": null, "Northing": null, "Description": null, "ID": "8/1/1_5", "GlobalID": "{F2CAC759-D5AA-4C29-B6EC-28101723ADDE}", "القطاع": null, "الشركةالمنفذة": null}, "geometry": {"type": "MultiPolygon", "coordinates": [[[[31.558331327762833, 30.26600111168551], [31.558322668636748, 30.2659890322763], [31.558317497929195, 30.26599183438908], [31.55832615601575, 30.266003913803065], [31.558331327762833, 30.26600111168551]]]]}}, {"type": "Feature", "properties": {"shape_Length": 4.32781751930312, "shape_Area": 0.9253369554499575, "Electric_Facility_Type": null, "Easting": null, "Northing": null, "Description": null, "ID": "5/1/1_4", "GlobalID": "{0C568946-9203-46C4-B8B1-83994183D64A}", "القطاع": null, "الشركةالمنفذة": null}, "geometry": {"type": "MultiPolygon", "coordinates": [[[[31.561692024415752, 30.266086175422615], [31.56168620948888, 30.26608458566438], [31.56168126110251, 30.266098148351105], [31.561687076035245, 30.266099739011544], [31.561692024415752, 30.266086175422615]]]]}}, {"type": "Feature", "properties": {"shape_Length": 4.3277881452913185, "shape_Area": 0.9253143804836748, "Electric_Facility_Type": null, "Easting": null, "Northing": null, "Description": null, "ID": "8/1/1_3", "GlobalID": "{C8239BC9-7140-41C3-BD56-ACD6C220C916}", "القطاع": null, "الشركةالمنفذة": null}, "geometry": {"type": "MultiPolygon", "coordinates": [[[[31.559077528229313, 30.266177265110237], [31.55906886899688, 30.26616518575203], [31.559063697262697, 30.26616798789849], [31.559072356494767, 30.266180067257036], [31.559077528229313, 30.266177265110237]]]]}}, {"type": "Feature", "properties": {"shape_Length": 4.327740849939094, "shape_Area": 0.9252783092397847, "Electric_Facility_Type": null, "Easting": null, "Northing": null, "Description": null, "ID": "5/1/1_1", "GlobalID": "{97A5B24E-79FC-47DA-99F6-7273814E8782}", "القطاع": null, "الشركةالمنفذة": null}, "geometry": {"type": "MultiPolygon", "coordinates": [[[[31.560506901265917, 30.266194460850734], [31.56050627714732, 30.266180244585147], [31.560500185622136, 30.266180453731515], [31.56050080974498, 30.26619467089921], [31.560506901265917, 30.266194460850734]]]]}}, {"type": "Feature", "properties": {"shape_Length": 4.3277082195257455, "shape_Area": 0.925285775159296, "Electric_Facility_Type": null, "Easting": null, "Northing": null, "Description": null, "ID": "8/2/1_5", "GlobalID": "{EDFFF222-DF6E-4B77-A537-F9530666511B}", "القطاع": null, "الشركةالمنفذة": null}, "geometry": {"type": "MultiPolygon", "coordinates": [[[[31.556991322240876, 30.266288054852975], [31.556985545258815, 30.26628636459738], [31.556980284997536, 30.266299838231365], [31.556986061985384, 30.266301529389178], [31.556991322240876, 30.266288054852975]]]]}}, {"type": "Feature", "properties": {"shape_Length": 4.327562401939485, "shape_Area": 0.9251830806414243, "Electric_Facility_Type": null, "Easting": null, "Northing": null, "Description": null, "ID": "5/1/1_3", "GlobalID": "{CDD95EAB-4517-4343-9295-6FB63169FD00}", "القطاع": null, "الشركةالمنفذة": null}, "geometry": {"type": "MultiPolygon", "coordinates": [[[[31.560914020060174, 30.266324144757284], [31.560908206165205, 30.266322554058146], [31.560903257660016, 30.266336116716456], [31.56090907155571, 30.266337707415804], [31.560914020060174, 30.266324144757284]]]]}}, {"type": "Feature", "properties": {"shape_Length": 4.327685588097744, "shape_Area": 0.9252624678870242, "Electric_Facility_Type": null, "Easting": null, "Northing": null, "Description": null, "ID": "9/4/2_5", "GlobalID": "{EEA1C0CA-F41C-4956-86F3-D9D02B7BBA85}", "القطاع": null, "الشركةالمنفذة": null}, "geometry": {"type": "MultiPolygon", "coordinates": [[[[31.564402922976832, 30.266352668215255], [31.564388661743642, 30.266345657553835], [31.56438566508053, 30.26635026546333], [31.56439992631933, 30.266357277027097], [31.564402922976832, 30.266352668215255]]]]}}, {"type": "Feature", "properties": {"shape_Length": 4.328648559281494, "shape_Area": 0.9261762600072676, "Electric_Facility_Type": null, "Easting": null, "Northing": null, "Description": null, "ID": "8/2/1_4", "GlobalID": "{98BEEFD4-ED92-486F-8CBF-829BF41401B0}", "القطاع": null, "الشركةالمنفذة": null}, "geometry": {"type": "MultiPolygon", "coordinates": [[[[31.557376082988576, 30.26641680377574], [31.557370777741436, 30.266414185132398], [31.55736263261906, 30.266426529051145], [31.55736793786665, 30.266429147694797], [31.557376082988576, 30.26641680377574]]]]}}, {"type": "Feature", "properties": {"shape_Length": 4.327643202292698, "shape_Area": 0.9252037809044172, "Electric_Facility_Type": null, "Easting": null, "Northing": null, "Description": null, "ID": "6/2/1_2", "GlobalID": "{3159E62A-2C97-4C32-9E8E-D58426231184}", "القطاع": null, "الشركةالمنفذة": null}, "geometry": {"type": "MultiPolygon", "coordinates": [[[[31.55551030365152, 30.26644534889251], [31.555504527723667, 30.266443658567027], [31.555499267256195, 30.266457133045826], [31.555505044223935, 30.266458823367113], [31.55551030365152, 30.26644534889251]]]]}}, {"type": "Feature", "properties": {"shape_Length": 4.327685592256405, "shape_Area": 0.9252624711662575, "Electric_Facility_Type": null, "Easting": null, "Northing": null, "Description": null, "ID": "10/4/2_2", "GlobalID": "{2E2EA9D7-9C49-4564-8116-B3BDC97C8BED}", "القطاع": null, "الشركةالمنفذة": null}, "geometry": {"type": "MultiPolygon", "coordinates": [[[[31.562706535294137, 30.266480435036364], [31.562692274159748, 30.266473424189048], [31.56268927741297, 30.266478032060707], [31.56270353855296, 30.266485043810366], [31.562706535294137, 30.266480435036364]]]]}}, {"type": "Feature", "properties": {"shape_Length": 4.32780473798462, "shape_Area": 0.9252862091518035, "Electric_Facility_Type": null, "Easting": null, "Northing": null, "Description": null, "ID": "6/4/2_1", "GlobalID": "{A86068D4-D226-40C7-A577-7C876D34F8A8}", "القطاع": null, "الشركةالمنفذة": null}, "geometry": {"type": "MultiPolygon", "coordinates": [[[[31.5662517392171, 30.266558443335683], [31.566246416289328, 30.266555863918285], [31.56623840568018, 30.26656827635434], [31.566243728608427, 30.26657085577206], [31.5662517392171, 30.266558443335683]]]]}}, {"type": "Feature", "properties": {"shape_Length": 4.327822144260809, "shape_Area": 0.9253454408974549, "Electric_Facility_Type": null, "Easting": null, "Northing": null, "Description": null, "ID": "10/4/2_3", "GlobalID": "{3BC3D7E9-015C-4BE9-A4BB-5A8503809BBD}", "القطاع": null, "الشركةالمنفذة": null}, "geometry": {"type": "MultiPolygon", "coordinates": [[[[31.56329412279961, 30.266720602519243], [31.563279861584398, 30.26671359083511], [31.563276864863322, 30.26671819962181], [31.563291126078987, 30.266725211306266], [31.56329412279961, 30.266720602519243]]]]}}, {"type": "Feature", "properties": {"shape_Length": 4.327685592256405, "shape_Area": 0.9252624711662575, "Electric_Facility_Type": null, "Easting": null, "Northing": null, "Description": null, "ID": "10/4/2_1", "GlobalID": "{259F2CAA-4BA2-4FDB-A2C6-A121B306189D}", "القطاع": null, "الشركةالمنفذة": null}, "geometry": {"type": "MultiPolygon", "coordinates": [[[[31.562010925386772, 30.26673304032378], [31.561996664263738, 30.26672602940081], [31.561993667476727, 30.26673063725689], [31.562007928605354, 30.26673764908219], [31.562010925386772, 30.26673304032378]]]]}}, {"type": "Feature", "properties": {"shape_Length": 4.327685683248746, "shape_Area": 0.9252494400436257, "Electric_Facility_Type": null, "Easting": null, "Northing": null, "Description": null, "ID": "10/4/2_5", "GlobalID": "{E15002E8-F3C7-449C-9B16-ACF78D3231EF}", "القطاع": null, "الشركةالمنفذة": null}, "geometry": {"type": "MultiPolygon", "coordinates": [[[[31.56372737017286, 30.266785935323085], [31.563722850242836, 30.26678238445767], [31.56371183468975, 30.266792918971493], [31.563716354619885, 30.266796469837292], [31.56372737017286, 30.266785935323085]]]]}}, {"type": "Feature", "properties": {"shape_Length": 4.32784251100741, "shape_Area": 0.9253403960330593, "Electric_Facility_Type": null, "Easting": null, "Northing": null, "Description": null, "ID": "9/4/2_3", "GlobalID": "{3AAB38C2-31DA-44C8-99C2-9309F3953472}", "القطاع": null, "الشركةالمنفذة": null}, "geometry": {"type": "MultiPolygon", "coordinates": [[[[31.56553886086837, 30.266913886498845], [31.565533536900247, 30.266911307057097], [31.565525527211744, 30.266923719445916], [31.56553085014118, 30.266926298892468], [31.56553886086837, 30.266913886498845]]]]}}, {"type": "Feature", "properties": {"shape_Length": 4.327706129270745, "shape_Area": 0.9252573597054699, "Electric_Facility_Type": null, "Easting": null, "Northing": null, "Description": null, "ID": "6/4/2_4", "GlobalID": "{5D57A5BA-22E9-4CD6-B23A-181AD3846FB8}", "القطاع": null, "الشركةالمنفذة": null}, "geometry": {"type": "MultiPolygon", "coordinates": [[[[31.567864766582243, 30.266964242203], [31.56785944359134, 30.26696166285215], [31.56785143419387, 30.266974075379444], [31.567856757185236, 30.266976654730612], [31.567864766582243, 30.266964242203]]]]}}, {"type": "Feature", "properties": {"shape_Length": 4.327706132160054, "shape_Area": 0.925257360152272, "Electric_Facility_Type": null, "Easting": null, "Northing": null, "Description": null, "ID": "6/4/2_2", "GlobalID": "{B7756ACD-7D0A-4E0A-8E64-BC9756648DE3}", "القطاع": null, "الشركةالمنفذة": null}, "geometry": {"type": "MultiPolygon", "coordinates": [[[[31.566482202995058, 30.266981562319724], [31.566476880038405, 30.266978982912228], [31.56646887046421, 30.266991395357195], [31.566474193421314, 30.266993974764993], [31.566482202995058, 30.266981562319724]]]]}}, {"type": "Feature", "properties": {"shape_Length": 4.327691923663187, "shape_Area": 0.9252877799784665, "Electric_Facility_Type": null, "Easting": null, "Northing": null, "Description": null, "ID": "9/4/2_4", "GlobalID": "{D264D15E-B7F2-4B68-AB0A-F2B76A393BDE}", "القطاع": null, "الشركةالمنفذة": null}, "geometry": {"type": "MultiPolygon", "coordinates": [[[[31.56434280582966, 30.26707248415935], [31.564338285864544, 30.26706893331578], [31.564327270346563, 30.267079467880485], [31.564331791350938, 30.267083018719948], [31.56434280582966, 30.26707248415935]]]]}}, {"type": "Feature", "properties": {"shape_Length": 4.327708217711874, "shape_Area": 0.9252857740257368, "Electric_Facility_Type": null, "Easting": null, "Northing": null, "Description": null, "ID": "6/2/1_3", "GlobalID": "{F7779243-D63E-4ABE-A867-77901ED0518A}", "القطاع": null, "الشركةالمنفذة": null}, "geometry": {"type": "MultiPolygon", "coordinates": [[[[31.556595809550583, 30.26710632815273], [31.556590032526877, 30.267104637880436], [31.556584772169558, 30.26711811149805], [31.556590549199065, 30.2671198026726], [31.556595809550583, 30.26710632815273]]]]}}, {"type": "Feature", "properties": {"shape_Length": 4.327583409569533, "shape_Area": 0.9252195988737508, "Electric_Facility_Type": null, "Easting": null, "Northing": null, "Description": null, "ID": "8/2/1_3", "GlobalID": "{939BB1FB-2D9E-4DB8-84B5-7BE29A77D1E3}", "القطاع": null, "الشركةالمنفذة": null}, "geometry": {"type": "MultiPolygon", "coordinates": [[[[31.557785015686104, 30.26726998298796], [31.557770187552432, 30.267263922965945], [31.557767598947475, 30.267268713910056], [31.557782427081726, 30.267274773932378], [31.557785015686104, 30.26726998298796]]]]}}, {"type": "Feature", "properties": {"shape_Length": 4.327675539133178, "shape_Area": 0.9252717850582806, "Electric_Facility_Type": null, "Easting": null, "Northing": null, "Description": null, "ID": "6/2/1_4", "GlobalID": "{9CFF2EC5-AA57-4315-9455-54C01E8155F2}", "القطاع": null, "الشركةالمنفذة": null}, "geometry": {"type": "MultiPolygon", "coordinates": [[[[31.556033090903444, 30.267272300764525], [31.55602723814303, 30.267270817356824], [31.55602262299859, 30.267284468626006], [31.55602847471551, 30.26728595113628], [31.556033090903444, 30.267272300764525]]]]}}, {"type": "Feature", "properties": {"shape_Length": 4.327691933150561, "shape_Area": 0.9252178000973843, "Electric_Facility_Type": null, "Easting": null, "Northing": null, "Description": null, "ID": "9/4/2_2", "GlobalID": "{38762EB5-E816-4898-AE1A-80CCE0E07335}", "القطاع": null, "الشركةالمنفذة": null}, "geometry": {"type": "MultiPolygon", "coordinates": [[[[31.56531116179722, 30.267238941975567], [31.5653066417901, 30.26723539116607], [31.56529562636375, 30.267245926712903], [31.565300146365818, 30.267249476620776], [31.56531116179722, 30.267238941975567]]]]}}, {"type": "Feature", "properties": {"shape_Length": 4.327742863474512, "shape_Area": 0.9252773256747604, "Electric_Facility_Type": null, "Easting": null, "Northing": null, "Description": null, "ID": "8/2/1_2", "GlobalID": "{3C3FE7CB-6BAC-417A-B378-903E839F9E25}", "القطاع": null, "الشركةالمنفذة": null}, "geometry": {"type": "MultiPolygon", "coordinates": [[[[31.55697613099751, 30.267343775426816], [31.556970279263602, 30.26734229295912], [31.556965663207862, 30.267355944264192], [31.556971515981676, 30.26735742672769], [31.55697613099751, 30.267343775426816]]]]}}, {"type": "Feature", "properties": {"shape_Length": 4.327630741911645, "shape_Area": 0.9252351292385933, "Electric_Facility_Type": null, "Easting": null, "Northing": null, "Description": null, "ID": "6/4/2_3", "GlobalID": "{A6434C35-A212-4D69-B838-AF4D1472EE8D}", "القطاع": null, "الشركةالمنفذة": null}, "geometry": {"type": "MultiPolygon", "coordinates": [[[[31.56700776402194, 30.267306515973292], [31.56700244103424, 30.26730393658768], [31.56699443045667, 30.267316348166133], [31.56699975344483, 30.26731892755205], [31.56700776402194, 30.267306515973292]]]]}}, {"type": "Feature", "properties": {"shape_Length": 4.327685681873925, "shape_Area": 0.9252494389608702, "Electric_Facility_Type": null, "Easting": null, "Northing": null, "Description": null, "ID": "10/4/2_4", "GlobalID": "{F9C47D47-B682-4E6E-A345-65CFC7BDA5EE}", "القطاع": null, "الشركةالمنفذة": null}, "geometry": {"type": "MultiPolygon", "coordinates": [[[[31.5635274704424, 30.26735181696944], [31.563522950493187, 30.267348266097688], [31.563511934856322, 30.26735880059486], [31.563516454805615, 30.267362351467007], [31.5635274704424, 30.26735181696944]]]]}}, {"type": "Feature", "properties": {"shape_Length": 4.32776856480739, "shape_Area": 0.925280549914182, "Electric_Facility_Type": null, "Easting": null, "Northing": null, "Description": null, "ID": "6/2/1_5", "GlobalID": "{C1350E7B-43DB-4DE9-882E-7D791522A9DA}", "القطاع": null, "الشركةالمنفذة": null}, "geometry": {"type": "MultiPolygon", "coordinates": [[[[31.55513443272483, 30.267402824867972], [31.555128888736064, 30.26740062388945], [31.555122048648546, 30.267413552986024], [31.555127592637884, 30.26741575396484], [31.55513443272483, 30.267402824867972]]]]}}, {"type": "Feature", "properties": {"shape_Length": 4.327685685994761, "shape_Area": 0.9252494408501513, "Electric_Facility_Type": null, "Easting": null, "Northing": null, "Description": null, "ID": "9/4/2_1", "GlobalID": "{96C57B8E-72AB-4BE2-B445-B59830A245EF}", "القطاع": null, "الشركةالمنفذة": null}, "geometry": {"type": "MultiPolygon", "coordinates": [[[[31.56485784516951, 30.267453861417213], [31.56485332516846, 30.267450310592075], [31.564842309664307, 30.26746084519938], [31.564846829665452, 30.267464396024867], [31.56485784516951, 30.267453861417213]]]]}}, {"type": "Feature", "properties": {"shape_Length": 4.327804741577296, "shape_Area": 0.9252862106078799, "Electric_Facility_Type": null, "Easting": null, "Northing": null, "Description": null, "ID": "5/4/2_1", "GlobalID": "{D7E4724F-1A08-4A11-A418-1561BF8B79E4}", "القطاع": null, "الشركةالمنفذة": null}, "geometry": {"type": "MultiPolygon", "coordinates": [[[[31.56872369310814, 30.267580296064907], [31.568718370061873, 30.267577716749923], [31.568710359685483, 30.267590129332376], [31.56871568273223, 30.267592708647687], [31.56872369310814, 30.267580296064907]]]]}}, {"type": "Feature", "properties": {"shape_Length": 4.327845308094385, "shape_Area": 0.9253295294271664, "Electric_Facility_Type": null, "Easting": null, "Northing": null, "Description": null, "ID": "8/2/1_1", "GlobalID": "{6A0D6150-771B-4E42-AE25-CDAD2F79A507}", "القطاع": null, "الشركةالمنفذة": null}, "geometry": {"type": "MultiPolygon", "coordinates": [[[[31.557852315892312, 30.267793562016404], [31.55783856827075, 30.267785815094005], [31.55783525648975, 30.267790258219502], [31.557849004111695, 30.26779800514224], [31.557852315892312, 30.267793562016404]]]]}}, {"type": "Feature", "properties": {"shape_Length": 4.327668512919246, "shape_Area": 0.9252893108713427, "Electric_Facility_Type": null, "Easting": null, "Northing": null, "Description": null, "ID": "6/4/2_6", "GlobalID": "{BA720EF0-DA18-4B16-A9DF-DF4D6E86B579}", "القطاع": null, "الشركةالمنفذة": null}, "geometry": {"type": "MultiPolygon", "coordinates": [[[[31.567841651273074, 30.267881584023723], [31.56783632823286, 30.26787900467292], [31.567828317715577, 30.26789141630055], [31.567833641795428, 30.267893995647167], [31.567841651273074, 30.267881584023723]]]]}}, {"type": "Feature", "properties": {"shape_Length": 4.327685683248746, "shape_Area": 0.9252494400436257, "Electric_Facility_Type": null, "Easting": null, "Northing": null, "Description": null, "ID": "2/4/2_2", "GlobalID": "{AD536B9E-2E12-4C76-B38D-3496ABA6DC3B}", "القطاع": null, "الشركةالمنفذة": null}, "geometry": {"type": "MultiPolygon", "coordinates": [[[[31.565724004684164, 30.267927936559328], [31.565719484630446, 30.267924385765028], [31.565708469167916, 30.2679349204439], [31.56571298922174, 30.267938471238566], [31.565724004684164, 30.267927936559328]]]]}}, {"type": "Feature", "properties": {"shape_Length": 4.327804740521117, "shape_Area": 0.9252862103518126, "Electric_Facility_Type": null, "Easting": null, "Northing": null, "Description": null, "ID": "5/4/2_4", "GlobalID": "{2C588B60-5149-4F53-A2DA-8981819AB2A7}", "القطاع": null, "الشركةالمنفذة": null}, "geometry": {"type": "MultiPolygon", "coordinates": [[[[31.569199654758442, 30.267956369033282], [31.569194331679594, 30.267953789738208], [31.569186321333845, 30.267966202348674], [31.56919164441315, 30.26796878164406], [31.569199654758442, 30.267956369033282]]]]}}, {"type": "Feature", "properties": {"shape_Length": 4.32780473798462, "shape_Area": 0.9252862091518035, "Electric_Facility_Type": null, "Easting": null, "Northing": null, "Description": null, "ID": "6/4/2_5", "GlobalID": "{86CFC228-AAA7-4A56-B78F-907678A425EB}", "القطاع": null, "الشركةالمنفذة": null}, "geometry": {"type": "MultiPolygon", "coordinates": [[[[31.567258809716748, 30.267979242952183], [31.56725348668607, 30.26797666357759], [31.567245476092324, 30.26798907607245], [31.567250799123478, 30.267991655447336], [31.567258809716748, 30.267979242952183]]]]}}, {"type": "Feature", "properties": {"shape_Length": 4.327766664500957, "shape_Area": 0.9253074153871974, "Electric_Facility_Type": null, "Easting": null, "Northing": null, "Description": null, "ID": "7/2/1_4", "GlobalID": "{B75A388D-E7A0-4DC6-A6FF-A15B9A805441}", "القطاع": null, "الشركةالمنفذة": null}, "geometry": {"type": "MultiPolygon", "coordinates": [[[[31.557034214130994, 30.268041514861807], [31.557019442490112, 30.268035349878957], [31.557016809037545, 30.268040122055655], [31.557031579644907, 30.26804628794526], [31.557034214130994, 30.268041514861807]]]]}}, {"type": "Feature", "properties": {"shape_Length": 4.327801553603489, "shape_Area": 0.9253331801729087, "Electric_Facility_Type": null, "Easting": null, "Northing": null, "Description": null, "ID": "7/2/1_3", "GlobalID": "{4EC8996E-6C57-4A10-8D76-8A852B299E84}", "القطاع": null, "الشركةالمنفذة": null}, "geometry": {"type": "MultiPolygon", "coordinates": [[[[31.55628044140237, 30.26804528407819], [31.55627542178885, 30.26804228081109], [31.556266099522947, 30.268053981985126], [31.556271119141883, 30.26805698615459], [31.55628044140237, 30.26804528407819]]]]}}, {"type": "Feature", "properties": {"shape_Length": 4.327667859313055, "shape_Area": 0.9252147797595163, "Electric_Facility_Type": null, "Easting": null, "Northing": null, "Description": null, "ID": "10/5/2_1", "GlobalID": "{C382E02E-7B38-4C4A-ACE8-8DDE54384908}", "القطاع": null, "الشركةالمنفذة": null}, "geometry": {"type": "MultiPolygon", "coordinates": [[[[31.563548840687538, 30.268078236212908], [31.56354345904798, 30.2680757507512], [31.563535738697595, 30.268088300690618], [31.563541120337664, 30.268090786152623], [31.563548840687538, 30.268078236212908]]]]}}, {"type": "Feature", "properties": {"shape_Length": 4.327674996771932, "shape_Area": 0.925243245016384, "Electric_Facility_Type": null, "Easting": null, "Northing": null, "Description": null, "ID": "7/2/1_2", "GlobalID": "{8B8AF0F1-1238-4CC0-A585-68C966CC8917}", "القطاع": null, "الشركةالمنفذة": null}, "geometry": {"type": "MultiPolygon", "coordinates": [[[[31.556229000445196, 30.268138790824302], [31.556212905769428, 30.268136104233896], [31.55621176280696, 30.268141302153367], [31.5562278585227, 30.26814398873949], [31.556229000445196, 30.268138790824302]]]]}}, {"type": "Feature", "properties": {"shape_Length": 4.327691931775661, "shape_Area": 0.925217799014582, "Electric_Facility_Type": null, "Easting": null, "Northing": null, "Description": null, "ID": "2/4/2_1", "GlobalID": "{DF4D0669-379C-440F-8A37-E4F49DC7148D}", "القطاع": null, "الشركةالمنفذة": null}, "geometry": {"type": "MultiPolygon", "coordinates": [[[[31.565065145827166, 30.268118367733546], [31.565060625787936, 30.268114816916416], [31.56504961023837, 30.268125352442738], [31.565054130272543, 30.268128902358217], [31.565065145827166, 30.268118367733546]]]]}}, {"type": "Feature", "properties": {"shape_Length": 4.327630745718266, "shape_Area": 0.9252351312118796, "Electric_Facility_Type": null, "Easting": null, "Northing": null, "Description": null, "ID": "5/4/2_2", "GlobalID": "{D063428A-F1E7-46AD-919B-B3BE5977BACB}", "القطاع": null, "الشركةالمنفذة": null}, "geometry": {"type": "MultiPolygon", "coordinates": [[[[31.568158742684442, 30.268120379089964], [31.56815341962317, 30.268117799752424], [31.56814540912722, 30.26813021139872], [31.56815073218896, 30.268132790736622], [31.568158742684442, 30.268120379089964]]]]}}, {"type": "Feature", "properties": {"shape_Length": 4.327720468945225, "shape_Area": 0.9252493149185548, "Electric_Facility_Type": null, "Easting": null, "Northing": null, "Description": null, "ID": "7/2/1_1", "GlobalID": "{32E43ED4-7C80-4A8C-A6C2-31209B13296A}", "القطاع": null, "الشركةالمنفذة": null}, "geometry": {"type": "MultiPolygon", "coordinates": [[[[31.555676053233334, 30.2681998027431], [31.55566128268502, 30.268193636699998], [31.555658648123043, 30.26819840885455], [31.55567341971109, 30.268204574893545], [31.555676053233334, 30.2681998027431]]]]}}, {"type": "Feature", "properties": {"shape_Length": 4.327731614917907, "shape_Area": 0.9252920002505574, "Electric_Facility_Type": null, "Easting": null, "Northing": null, "Description": null, "ID": "2/4/2_3", "GlobalID": "{39084CC7-E8B2-409C-B7E1-33436C0BB6DF}", "القطاع": null, "الشركةالمنفذة": null}, "geometry": {"type": "MultiPolygon", "coordinates": [[[[31.566255168370756, 30.26823870510233], [31.566249909216978, 30.26823602708836], [31.56624159624106, 30.268248288382583], [31.566246854350922, 30.268250965499384], [31.566255168370756, 30.26823870510233]]]]}}, {"type": "Feature", "properties": {"shape_Length": 4.32782720905888, "shape_Area": 0.9253029595630717, "Electric_Facility_Type": null, "Easting": null, "Northing": null, "Description": null, "ID": "2/4/2_5", "GlobalID": "{53656C29-E6A3-44FB-8010-5F754AC61BA7}", "القطاع": null, "الشركةالمنفذة": null}, "geometry": {"type": "MultiPolygon", "coordinates": [[[[31.56661133558688, 30.268326387157156], [31.56659870096387, 30.268317323879007], [31.56659482425628, 30.26832140794342], [31.566607458879453, 30.268330471221937], [31.56661133558688, 30.268326387157156]]]]}}, {"type": "Feature", "properties": {"shape_Length": 4.327641029942548, "shape_Area": 0.925214455402814, "Electric_Facility_Type": null, "Easting": null, "Northing": null, "Description": null, "ID": "10/5/2_2", "GlobalID": "{D580BEFC-2DE3-42CD-BDB2-87C0D0A33161}", "القطاع": null, "الشركةالمنفذة": null}, "geometry": {"type": "MultiPolygon", "coordinates": [[[[31.56415697470359, 30.268379433902002], [31.564151674391166, 30.268376819123542], [31.564143553944632, 30.268389176879225], [31.56414885321832, 30.268391791662502], [31.56415697470359, 30.268379433902002]]]]}}, {"type": "Feature", "properties": {"shape_Length": 4.327630741911645, "shape_Area": 0.9252351292385933, "Electric_Facility_Type": null, "Easting": null, "Northing": null, "Description": null, "ID": "5/4/2_3", "GlobalID": "{A820FBC5-4C58-4F68-A4B3-EA571766559B}", "القطاع": null, "الشركةالمنفذة": null}, "geometry": {"type": "MultiPolygon", "coordinates": [[[[31.56863591273148, 30.26849867688658], [31.568630589637504, 30.268496097568992], [31.56862257917216, 30.268508509243404], [31.568627902266627, 30.26851108856129], [31.56863591273148, 30.26849867688658]]]]}}, {"type": "Feature", "properties": {"shape_Length": 4.3277757242682, "shape_Area": 0.9252862692854773, "Electric_Facility_Type": null, "Easting": null, "Northing": null, "Description": null, "ID": "10/5/2_3", "GlobalID": "{C804F28F-9077-452F-83B1-E6FEE73ACAB6}", "القطاع": null, "الشركةالمنفذة": null}, "geometry": {"type": "MultiPolygon", "coordinates": [[[[31.5645247153395, 30.268572998008356], [31.564519587148403, 30.268570137148153], [31.56451070582863, 30.26858209498722], [31.564515835059293, 30.268584955843295], [31.5645247153395, 30.268572998008356]]]]}}, {"type": "Feature", "properties": {"shape_Length": 4.327734948946412, "shape_Area": 0.9252960102862471, "Electric_Facility_Type": null, "Easting": null, "Northing": null, "Description": null, "ID": "7/2/1_5", "GlobalID": "{5C6FD2CC-A82C-4AB0-9FC0-FA0FF3432755}", "القطاع": null, "الشركةالمنفذة": null}, "geometry": {"type": "MultiPolygon", "coordinates": [[[[31.55691107181201, 30.268622701177218], [31.556905300837474, 30.268620994657514], [31.556899990483988, 30.268634454064593], [31.556905761459216, 30.268636160584528], [31.55691107181201, 30.268622701177218]]]]}}, {"type": "Feature", "properties": {"shape_Length": 4.327760260064001, "shape_Area": 0.9253078495379365, "Electric_Facility_Type": null, "Easting": null, "Northing": null, "Description": null, "ID": "7/5/2_2", "GlobalID": "{BC2FA6E4-7869-4A6A-BDCE-405AE68B9273}", "القطاع": null, "الشركةالمنفذة": null}, "geometry": {"type": "MultiPolygon", "coordinates": [[[[31.559150692653013, 30.268675669550177], [31.559146020890083, 30.268672269815898], [31.55913547115917, 30.268683157367224], [31.559140142927376, 30.268686558003893], [31.559150692653013, 30.268675669550177]]]]}}, {"type": "Feature", "properties": {"shape_Length": 4.327804740521117, "shape_Area": 0.9252862103518127, "Electric_Facility_Type": null, "Easting": null, "Northing": null, "Description": null, "ID": "5/4/2_5", "GlobalID": "{CF839481-CD7F-4D2C-83F5-2D2E63A6C147}", "القطاع": null, "الشركةالمنفذة": null}, "geometry": {"type": "MultiPolygon", "coordinates": [[[[31.56921547880326, 30.26864520209028], [31.56921015568653, 30.268642622796627], [31.569202145288337, 30.268655035407416], [31.569207468405526, 30.268657614701436], [31.56921547880326, 30.26864520209028]]]]}}, {"type": "Feature", "properties": {"shape_Length": 4.327741024046928, "shape_Area": 0.9253118093513963, "Electric_Facility_Type": null, "Easting": null, "Northing": null, "Description": null, "ID": "7/5/2_4", "GlobalID": "{A894CCE9-1E74-4196-93C5-321DE250C362}", "القطاع": null, "الشركةالمنفذة": null}, "geometry": {"type": "MultiPolygon", "coordinates": [[[[31.55854347379905, 30.268808005159993], [31.558539521778076, 30.268803975417903], [31.55852702433053, 30.26881317988147], [31.55853097635137, 30.26881720962395], [31.55854347379905, 30.268808005159993]]]]}}, {"type": "Feature", "properties": {"shape_Length": 4.327720470188907, "shape_Area": 0.9252493154858699, "Electric_Facility_Type": null, "Easting": null, "Northing": null, "Description": null, "ID": "6/1/3_5", "GlobalID": "{90D05A50-A5B9-4625-B321-F24AC36373E1}", "القطاع": null, "الشركةالمنفذة": null}, "geometry": {"type": "MultiPolygon", "coordinates": [[[[31.555401849042873, 30.268864442546512], [31.555387077371808, 30.26885827647852], [31.55538444381843, 30.268863048623057], [31.555399214450873, 30.268869214695755], [31.555401849042873, 30.268864442546512]]]]}}, {"type": "Feature", "properties": {"shape_Length": 4.290298463109693, "shape_Area": 0.895775929892672, "Electric_Facility_Type": null, "Easting": null, "Northing": null, "Description": null, "ID": "1/4/2_1", "GlobalID": "{044EF713-243D-48F1-AE45-3318B3B446C7}", "القطاع": null, "الشركةالمنفذة": null}, "geometry": {"type": "MultiPolygon", "coordinates": [[[[31.56311869640385, 30.268840549502936], [31.563113324083837, 30.268838428410007], [31.563106514111837, 30.26885136860822], [31.563111886437568, 30.268853490603465], [31.56311869640385, 30.268840549502936]]]]}}, {"type": "Feature", "properties": {"shape_Length": 4.327691923663187, "shape_Area": 0.9252877799784665, "Electric_Facility_Type": null, "Easting": null, "Northing": null, "Description": null, "ID": "2/4/2_4", "GlobalID": "{C13F4FC4-8132-490B-BE66-79924602D2D7}", "القطاع": null, "الشركةالمنفذة": null}, "geometry": {"type": "MultiPolygon", "coordinates": [[[[31.566265534389863, 30.268838968872448], [31.56626101427467, 30.268835418098103], [31.566249998770655, 30.26884595282162], [31.56625451992512, 30.26884950359183], [31.566265534389863, 30.268838968872448]]]]}}, {"type": "Feature", "properties": {"shape_Length": 4.327718515270312, "shape_Area": 0.9252708237521026, "Electric_Facility_Type": null, "Easting": null, "Northing": null, "Description": null, "ID": "10/5/2_5", "GlobalID": "{33BEFE96-6912-42C7-9DF0-24164AED5AE0}", "القطاع": null, "الشركةالمنفذة": null}, "geometry": {"type": "MultiPolygon", "coordinates": [[[[31.565707870080928, 30.26884792248826], [31.565694607666806, 30.26883956362161], [31.565691032391708, 30.268843850221234], [31.56570429584532, 30.268852209083764], [31.565707870080928, 30.26884792248826]]]]}}, {"type": "Feature", "properties": {"shape_Length": 4.327699041481018, "shape_Area": 0.9252654296268297, "Electric_Facility_Type": null, "Easting": null, "Northing": null, "Description": null, "ID": "3/4/2_3", "GlobalID": "{DF190333-EC77-4918-8F93-163244B0CDD3}", "القطاع": null, "الشركةالمنفذة": null}, "geometry": {"type": "MultiPolygon", "coordinates": [[[[31.567985691581615, 30.268855427583016], [31.567973056771212, 30.268846365342693], [31.567969180100764, 30.268850449447008], [31.56798181491136, 30.268859511687687], [31.567985691581615, 30.268855427583016]]]]}}, {"type": "Feature", "properties": {"shape_Length": 4.327771848696438, "shape_Area": 0.9252791803229373, "Electric_Facility_Type": null, "Easting": null, "Northing": null, "Description": null, "ID": "7/5/2_5", "GlobalID": "{AD1295DC-43C7-41A5-AA65-14EED727E072}", "القطاع": null, "الشركةالمنفذة": null}, "geometry": {"type": "MultiPolygon", "coordinates": [[[[31.55850053705968, 30.268904023028664], [31.558495865307805, 30.268900623271165], [31.558485315485374, 30.268911511672943], [31.5584899872374, 30.268914911430823], [31.55850053705968, 30.268904023028664]]]]}}, {"type": "Feature", "properties": {"shape_Length": 4.327746628091577, "shape_Area": 0.9253191203672673, "Electric_Facility_Type": null, "Easting": null, "Northing": null, "Description": null, "ID": "10/5/2_4", "GlobalID": "{A3AE38E4-F0D0-4361-9EC2-4B7089F69BFA}", "القطاع": null, "الشركةالمنفذة": null}, "geometry": {"type": "MultiPolygon", "coordinates": [[[[31.565161196054458, 30.26893024013309], [31.565156066787402, 30.268927379302895], [31.56514718550889, 30.26893933628189], [31.56515231477634, 30.268942197112423], [31.565161196054458, 30.26893024013309]]]]}}, {"type": "Feature", "properties": {"shape_Length": 4.327532127406495, "shape_Area": 0.9252062792876226, "Electric_Facility_Type": null, "Easting": null, "Northing": null, "Description": null, "ID": "4/4/2_4", "GlobalID": "{9CE46D0F-60F3-47FB-87F3-9E332AC8029D}", "القطاع": null, "الشركةالمنفذة": null}, "geometry": {"type": "MultiPolygon", "coordinates": [[[[31.569513829086045, 30.268918506146775], [31.56950850594686, 30.268915926865628], [31.569500496598877, 30.26892833858746], [31.56950581973852, 30.268930917868907], [31.569513829086045, 30.268918506146775]]]]}}, {"type": "Feature", "properties": {"shape_Length": 4.327859916677357, "shape_Area": 0.9253589998176172, "Electric_Facility_Type": null, "Easting": null, "Northing": null, "Description": null, "ID": "7/5/2_3", "GlobalID": "{38FDBC04-20B6-44CF-B751-874EE7B44202}", "القطاع": null, "الشركةالمنفذة": null}, "geometry": {"type": "MultiPolygon", "coordinates": [[[[31.558074929157208, 30.26908399212533], [31.55806004930229, 30.269078026172906], [31.558057501290396, 30.269082834087854], [31.558072381145898, 30.269088800040542], [31.558074929157208, 30.26908399212533]]]]}}, {"type": "Feature", "properties": {"shape_Length": 4.327685683248746, "shape_Area": 0.9252494400436257, "Electric_Facility_Type": null, "Easting": null, "Northing": null, "Description": null, "ID": "2/4/2_6", "GlobalID": "{077C02ED-EB61-4FF0-A21A-62B9CDCCEA97}", "القطاع": null, "الشركةالمنفذة": null}, "geometry": {"type": "MultiPolygon", "coordinates": [[[[31.566654935019518, 30.269091100547968], [31.566650414878836, 30.269087549787532], [31.566639399389263, 30.269098084543234], [31.566643919530048, 30.269101635304043], [31.566654935019518, 30.269091100547968]]]]}}, {"type": "Feature", "properties": {"shape_Length": 4.327704419576675, "shape_Area": 0.925247060578561, "Electric_Facility_Type": null, "Easting": null, "Northing": null, "Description": null, "ID": "1/5/2_1", "GlobalID": "{A9C69274-88A7-401C-BE5D-5C6DB3CFD64C}", "القطاع": null, "الشركةالمنفذة": null}, "geometry": {"type": "MultiPolygon", "coordinates": [[[[31.56244715704447, 30.269135188285087], [31.56243343776304, 30.269127403843854], [31.562430109463445, 30.269131837231683], [31.562443828745256, 30.269139621673247], [31.56244715704447, 30.269135188285087]]]]}}, {"type": "Feature", "properties": {"shape_Length": 4.327720470188907, "shape_Area": 0.9252493154858699, "Electric_Facility_Type": null, "Easting": null, "Northing": null, "Description": null, "ID": "6/1/3_1", "GlobalID": "{D3A99CB4-8482-4DFE-933D-A1A8D1AA20C8}", "القطاع": null, "الشركةالمنفذة": null}, "geometry": {"type": "MultiPolygon", "coordinates": [[[[31.55649246181024, 30.269170372022433], [31.556477690026934, 30.26916420607919], [31.556475056518757, 30.26916897824488], [31.556489827263448, 30.269175144192833], [31.55649246181024, 30.269170372022433]]]]}}, {"type": "Feature", "properties": {"shape_Length": 4.327734949520449, "shape_Area": 0.9252960108905358, "Electric_Facility_Type": null, "Easting": null, "Northing": null, "Description": null, "ID": "6/1/3_3", "GlobalID": "{0D547B24-9F8A-4F3C-96A1-1F1A47A2438F}", "القطاع": null, "الشركةالمنفذة": null}, "geometry": {"type": "MultiPolygon", "coordinates": [[[[31.55572083845254, 30.26921650800055], [31.555715067462828, 30.26921480142871], [31.555709756915547, 30.26922826078873], [31.555715527905953, 30.269229967360793], [31.55572083845254, 30.26921650800055]]]]}}, {"type": "Feature", "properties": {"shape_Length": 4.327732806264032, "shape_Area": 0.9252967204942207, "Electric_Facility_Type": null, "Easting": null, "Northing": null, "Description": null, "ID": "1/3/2_1", "GlobalID": "{F540DBDC-D570-4B67-9F3B-BEDAF42012E0}", "القطاع": null, "الشركةالمنفذة": null}, "geometry": {"type": "MultiPolygon", "coordinates": [[[[31.566267069148324, 30.26920544288031], [31.56625334956237, 30.269197658843332], [31.56625002143892, 30.26920209322809], [31.566263741020073, 30.269209876363366], [31.566267069148324, 30.26920544288031]]]]}}, {"type": "Feature", "properties": {"shape_Length": 4.327542022600128, "shape_Area": 0.9251750402252442, "Electric_Facility_Type": null, "Easting": null, "Northing": null, "Description": null, "ID": "4/4/2_5", "GlobalID": "{EB20E40A-A468-4AAA-80E9-DFFBCE4A4783}", "القطاع": null, "الشركةالمنفذة": null}, "geometry": {"type": "MultiPolygon", "coordinates": [[[[31.56887245556812, 30.269262319063966], [31.568862449605575, 30.269251051737978], [31.568857626552695, 30.269254288443737], [31.568867633554227, 30.26926555576562], [31.56887245556812, 30.269262319063966]]]]}}, {"type": "Feature", "properties": {"shape_Length": 4.3276113979121735, "shape_Area": 0.9251988810219269, "Electric_Facility_Type": null, "Easting": null, "Northing": null, "Description": null, "ID": "6/1/3_2", "GlobalID": "{146B0262-C3EA-4E95-9FA5-3CE270DA18F5}", "القطاع": null, "الشركةالمنفذة": null}, "geometry": {"type": "MultiPolygon", "coordinates": [[[[31.55601142099834, 30.269316816021956], [31.55600565103202, 30.269315108556658], [31.55600034051939, 30.269328567927822], [31.55600611048642, 30.269330275393354], [31.55601142099834, 30.269316816021956]]]]}}, {"type": "Feature", "properties": {"shape_Length": 4.290431075135302, "shape_Area": 0.8958348393733164, "Electric_Facility_Type": null, "Easting": null, "Northing": null, "Description": null, "ID": "1/4/2_2", "GlobalID": "{E681A732-0228-4B71-A0D3-DC73E90A6C65}", "القطاع": null, "الشركةالمنفذة": null}, "geometry": {"type": "MultiPolygon", "coordinates": [[[[31.56349114140698, 30.269290549272448], [31.563485769049404, 30.269288427293294], [31.563478959101648, 30.26930136841178], [31.563484331459783, 30.269303490391213], [31.56349114140698, 30.269290549272448]]]]}}, {"type": "Feature", "properties": {"shape_Length": 4.327711675827324, "shape_Area": 0.9252809742547586, "Electric_Facility_Type": null, "Easting": null, "Northing": null, "Description": null, "ID": "7/5/2_1", "GlobalID": "{7B05C8D4-2017-4E4D-90F6-FA6D3FF2FB66}", "القطاع": null, "الشركةالمنفذة": null}, "geometry": {"type": "MultiPolygon", "coordinates": [[[[31.55885965599264, 30.269356901854223], [31.55884487375805, 30.26935075606915], [31.55884224869935, 30.26935553275565], [31.5588570309294, 30.269361677638955], [31.55885965599264, 30.269356901854223]]]]}}, {"type": "Feature", "properties": {"shape_Length": 4.32780473798462, "shape_Area": 0.9252862091518035, "Electric_Facility_Type": null, "Easting": null, "Northing": null, "Description": null, "ID": "4/4/2_3", "GlobalID": "{FAAA443E-C082-4ABA-B585-857051784F8C}", "القطاع": null, "الشركةالمنفذة": null}, "geometry": {"type": "MultiPolygon", "coordinates": [[[[31.569953014461237, 30.26931749898627], [31.56994769128918, 30.269314919723566], [31.56993968093139, 30.269327332377745], [31.569945004103907, 30.26932991164077], [31.569953014461237, 30.26931749898627]]]]}}, {"type": "Feature", "properties": {"shape_Length": 4.327766664070058, "shape_Area": 0.925307415462914, "Electric_Facility_Type": null, "Easting": null, "Northing": null, "Description": null, "ID": "6/1/3_4", "GlobalID": "{3E6BB73F-F795-4003-A65F-07949E6F3399}", "القطاع": null, "الشركةالمنفذة": null}, "geometry": {"type": "MultiPolygon", "coordinates": [[[[31.555263263494833, 30.269446868088085], [31.555248492783555, 30.269440702001585], [31.55524585817422, 30.26944547504961], [31.555260629920184, 30.269451640229995], [31.555263263494833, 30.269446868088085]]]]}}, {"type": "Feature", "properties": {"shape_Length": 4.327691933150562, "shape_Area": 0.9252178000973843, "Electric_Facility_Type": null, "Easting": null, "Northing": null, "Description": null, "ID": "3/4/2_1", "GlobalID": "{80832525-7410-4CAA-8F8D-30D123EEDD5C}", "القطاع": null, "الشركةالمنفذة": null}, "geometry": {"type": "MultiPolygon", "coordinates": [[[[31.567107119488153, 30.26940296984691], [31.567102599322155, 30.26939942000467], [31.567091583847247, 30.26940995479773], [31.56709610401852, 30.26941350554236], [31.567107119488153, 30.26940296984691]]]]}}, {"type": "Feature", "properties": {"shape_Length": 4.327633112836667, "shape_Area": 0.9252464994084872, "Electric_Facility_Type": null, "Easting": null, "Northing": null, "Description": null, "ID": "7/1/3_1", "GlobalID": "{0C1CB1F1-9586-472A-A518-1434C6FEFE64}", "القطاع": null, "الشركةالمنفذة": null}, "geometry": {"type": "MultiPolygon", "coordinates": [[[[31.554178673227963, 30.269562632367556], [31.554163902564984, 30.269556466158175], [31.55416126893902, 30.269561239180593], [31.554176039597493, 30.269567404488235], [31.554178673227963, 30.269562632367556]]]]}}, {"type": "Feature", "properties": {"shape_Length": 4.290466432548495, "shape_Area": 0.8959096904482929, "Electric_Facility_Type": null, "Easting": null, "Northing": null, "Description": null, "ID": "1/4/2_3", "GlobalID": "{8B323E05-4C46-4BA5-803A-4653488E684C}", "القطاع": null, "الشركةالمنفذة": null}, "geometry": {"type": "MultiPolygon", "coordinates": [[[[31.56472457533149, 30.269533513674624], [31.564710319790876, 30.269526493108657], [31.564707414696375, 30.26953095359655], [31.564721670237436, 30.2695379741628], [31.56472457533149, 30.269533513674624]]]]}}, {"type": "Feature", "properties": {"shape_Length": 4.327891629517483, "shape_Area": 0.9253337991649739, "Electric_Facility_Type": null, "Easting": null, "Northing": null, "Description": null, "ID": "6/5/2_3", "GlobalID": "{70DB7EA2-74A1-47E1-B0C3-04234CA2D0EA}", "القطاع": null, "الشركةالمنفذة": null}, "geometry": {"type": "MultiPolygon", "coordinates": [[[[31.55765458471623, 30.26966234170209], [31.557639801469175, 30.269656195785362], [31.55763717634385, 30.269660972448282], [31.557651959586384, 30.26966711746331], [31.55765458471623, 30.26966234170209]]]]}}, {"type": "Feature", "properties": {"shape_Length": 4.32768230428012, "shape_Area": 0.9252461658543396, "Electric_Facility_Type": null, "Easting": null, "Northing": null, "Description": null, "ID": "3/4/2_4", "GlobalID": "{30047FC8-2549-4C28-A3EF-B4DAA94C83C0}", "القطاع": null, "الشركةالمنفذة": null}, "geometry": {"type": "MultiPolygon", "coordinates": [[[[31.568433236177388, 30.269633784480433], [31.568423230220844, 30.26962251621933], [31.568418407140502, 30.269625753811173], [31.568428414130846, 30.269637021166137], [31.568433236177388, 30.269633784480433]]]]}}, {"type": "Feature", "properties": {"shape_Length": 4.327691931892188, "shape_Area": 0.9252177984252412, "Electric_Facility_Type": null, "Easting": null, "Northing": null, "Description": null, "ID": "3/4/2_2", "GlobalID": "{7C98651B-A14B-4E50-BA24-CCED92D17552}", "القطاع": null, "الشركةالمنفذة": null}, "geometry": {"type": "MultiPolygon", "coordinates": [[[[31.56743747998346, 30.269642722196487], [31.56743295978947, 30.269639171464032], [31.567421944329165, 30.269649707186435], [31.567426464518075, 30.269653257017215], [31.56743747998346, 30.269642722196487]]]]}}, {"type": "Feature", "properties": {"shape_Length": 4.290434256870986, "shape_Area": 0.8958394548870009, "Electric_Facility_Type": null, "Easting": null, "Northing": null, "Description": null, "ID": "1/1/2_5", "GlobalID": "{7EC04E76-C504-42C8-99F8-52CEB9840A06}", "القطاع": null, "الشركةالمنفذة": null}, "geometry": {"type": "MultiPolygon", "coordinates": [[[[31.563209215981182, 30.269708156464834], [31.563204270001588, 30.269705360620517], [31.56319530501835, 30.26971727182348], [31.56320025203236, 30.269720066761625], [31.563209215981182, 30.269708156464834]]]]}}, {"type": "Feature", "properties": {"shape_Length": 4.3278118222354225, "shape_Area": 0.9253164648068304, "Electric_Facility_Type": null, "Easting": null, "Northing": null, "Description": null, "ID": "1/3/2_2", "GlobalID": "{CBD2FB4D-7F7E-4DC5-8195-7F5AB99A6AE4}", "القطاع": null, "الشركةالمنفذة": null}, "geometry": {"type": "MultiPolygon", "coordinates": [[[[31.56641103616908, 30.26972774328861], [31.566398325981737, 30.269718760602668], [31.566394483644558, 30.26972286886756], [31.56640719383725, 30.26973185245591], [31.56641103616908, 30.26972774328861]]]]}}, {"type": "Feature", "properties": {"shape_Length": 4.327586914326935, "shape_Area": 0.9251883995071597, "Electric_Facility_Type": null, "Easting": null, "Northing": null, "Description": null, "ID": "10/1/3_5", "GlobalID": "{F8B90F2B-9A99-4E9E-93AB-87097FF85631}", "القطاع": null, "الشركةالمنفذة": null}, "geometry": {"type": "MultiPolygon", "coordinates": [[[[31.5568855610514, 30.26988802820083], [31.556870790175243, 30.26988186229983], [31.556868156667626, 30.2698866344729], [31.55688292754435, 30.269892800374205], [31.5568855610514, 30.26988802820083]]]]}}, {"type": "Feature", "properties": {"shape_Length": 4.327661054503056, "shape_Area": 0.9252539299216416, "Electric_Facility_Type": null, "Easting": null, "Northing": null, "Description": null, "ID": "4/4/2_1", "GlobalID": "{9F58BFFF-2E1C-46E8-BADD-45B848D35695}", "القطاع": null, "الشركةالمنفذة": null}, "geometry": {"type": "MultiPolygon", "coordinates": [[[[31.570091537883002, 30.269834022297704], [31.570087391884325, 30.26983014258946], [31.570075358394238, 30.269839801661213], [31.570079504392865, 30.269843681369814], [31.570091537883002, 30.269834022297704]]]]}}, {"type": "Feature", "properties": {"shape_Length": 4.327763407904538, "shape_Area": 0.9253144921609389, "Electric_Facility_Type": null, "Easting": null, "Northing": null, "Description": null, "ID": "4/4/2_2", "GlobalID": "{6F7A7F5F-BE80-4F3B-8A39-0E24F146D4FA}", "القطاع": null, "الشركةالمنفذة": null}, "geometry": {"type": "MultiPolygon", "coordinates": [[[[31.5694992807429, 30.269845955043664], [31.569486432904164, 30.26983712119303], [31.569482654343194, 30.269841274372705], [31.569495502182164, 30.26985010822369], [31.5694992807429, 30.269845955043664]]]]}}, {"type": "Feature", "properties": {"shape_Length": 4.327673118612612, "shape_Area": 0.9252006794156596, "Electric_Facility_Type": null, "Easting": null, "Northing": null, "Description": null, "ID": "7/1/3_2", "GlobalID": "{18D66351-6438-4EE8-B948-FD408D6597E5}", "القطاع": null, "الشركةالمنفذة": null}, "geometry": {"type": "MultiPolygon", "coordinates": [[[[31.554008313907985, 30.269908403177695], [31.554002543940122, 30.269906695624297], [31.553997233127426, 30.26992015581883], [31.554003003090944, 30.269921862470426], [31.554008313907985, 30.269908403177695]]]]}}, {"type": "Feature", "properties": {"shape_Length": 4.290442893880091, "shape_Area": 0.895861375128433, "Electric_Facility_Type": null, "Easting": null, "Northing": null, "Description": null, "ID": null, "GlobalID": "{5272D224-F89D-476F-A75C-D904F786E83E}", "القطاع": null, "الشركةالمنفذة": null}, "geometry": {"type": "MultiPolygon", "coordinates": [[[[31.564529363450124, 30.269914131769387], [31.564524964660762, 30.26991071481791], [31.56451401670755, 30.269921303228084], [31.564518415491868, 30.2699247192779], [31.564529363450124, 30.269914131769387]]]]}}, {"type": "Feature", "properties": {"shape_Length": 4.327669183722442, "shape_Area": 0.9252666848763977, "Electric_Facility_Type": null, "Easting": null, "Northing": null, "Description": null, "ID": "9/3/2_1", "GlobalID": "{F67D4107-16C7-4259-9C31-3983C81DDC8D}", "القطاع": null, "الشركةالمنفذة": null}, "geometry": {"type": "MultiPolygon", "coordinates": [[[[31.571162303909745, 30.269927517471224], [31.571159961327204, 30.269922631381206], [31.57114482022762, 30.269928078912343], [31.571147162804326, 30.269932964100605], [31.571162303909745, 30.269927517471224]]]]}}, {"type": "Feature", "properties": {"shape_Length": 4.290570187179473, "shape_Area": 0.8959313597821625, "Electric_Facility_Type": null, "Easting": null, "Northing": null, "Description": null, "ID": "1/4/2_4", "GlobalID": "{C43065C9-EDDE-4CCD-81F1-9D3FF3B5227F}", "القطاع": null, "الشركةالمنفذة": null}, "geometry": {"type": "MultiPolygon", "coordinates": [[[[31.56473676505118, 30.270035692234664], [31.564732366249252, 30.270032275290372], [31.564721417260984, 30.27004286282006], [31.564725816063014, 30.27004627976471], [31.56473676505118, 30.270035692234664]]]]}}, {"type": "Feature", "properties": {"shape_Length": 4.327760259848336, "shape_Area": 0.9253078500719569, "Electric_Facility_Type": null, "Easting": null, "Northing": null, "Description": null, "ID": "6/5/2_4", "GlobalID": "{D2E25FFC-E4F8-4FF8-B9F8-DC14C3D9DC5C}", "القطاع": null, "الشركةالمنفذة": null}, "geometry": {"type": "MultiPolygon", "coordinates": [[[[31.558695766901238, 30.270084408910858], [31.558691095086186, 30.270081009161697], [31.55868054515641, 30.270091896676547], [31.558685216976716, 30.270095297328087], [31.558695766901238, 30.270084408910858]]]]}}, {"type": "Feature", "properties": {"shape_Length": 4.327800383214846, "shape_Area": 0.9253478400194457, "Electric_Facility_Type": null, "Easting": null, "Northing": null, "Description": null, "ID": "7/1/3_3", "GlobalID": "{286149AC-1A0F-4315-800C-915526599F91}", "القطاع": null, "الشركةالمنفذة": null}, "geometry": {"type": "MultiPolygon", "coordinates": [[[[31.55499470679321, 30.27011784156814], [31.55498893575749, 30.270116134063027], [31.55498362506417, 30.270129593393587], [31.55498939610059, 30.270131300898928], [31.55499470679321, 30.27011784156814]]]]}}, {"type": "Feature", "properties": {"shape_Length": 4.327798021521766, "shape_Area": 0.9252741598027127, "Electric_Facility_Type": null, "Easting": null, "Northing": null, "Description": null, "ID": "1/3/2_3", "GlobalID": "{EA96BDF0-7D66-4306-B38D-DC8E0FC42D40}", "القطاع": null, "الشركةالمنفذة": null}, "geometry": {"type": "MultiPolygon", "coordinates": [[[[31.566957155391282, 30.270107635479], [31.566952422350376, 30.27010430033682], [31.566942072660538, 30.27011533287312], [31.566946805701654, 30.27011866801567], [31.566957155391282, 30.270107635479]]]]}}, {"type": "Feature", "properties": {"shape_Length": 4.327629675489067, "shape_Area": 0.9252307803286773, "Electric_Facility_Type": null, "Easting": null, "Northing": null, "Description": null, "ID": "6/5/2_2", "GlobalID": "{DDFBC263-6016-430E-90A2-BDC7EA2D744A}", "القطاع": null, "الشركةالمنفذة": null}, "geometry": {"type": "MultiPolygon", "coordinates": [[[[31.557489591413084, 30.27023871082439], [31.55747413638727, 30.27023397403302], [31.557472115205265, 30.270238966420088], [31.55748757023178, 30.270243703211705], [31.557489591413084, 30.27023871082439]]]]}}, {"type": "Feature", "properties": {"shape_Length": 4.290424412775652, "shape_Area": 0.8958638999399695, "Electric_Facility_Type": null, "Easting": null, "Northing": null, "Description": null, "ID": "10/1/2_1", "GlobalID": "{8F687FA7-F335-4305-877E-CBE7C2D982EE}", "القطاع": null, "الشركةالمنفذة": null}, "geometry": {"type": "MultiPolygon", "coordinates": [[[[31.56232389728087, 30.270234535669193], [31.562319593650106, 30.27023102893288], [31.562308357284525, 30.270241386571687], [31.562312660915346, 30.270244893308334], [31.56232389728087, 30.270234535669193]]]]}}, {"type": "Feature", "properties": {"shape_Length": 4.327614493682395, "shape_Area": 0.9252048205371092, "Electric_Facility_Type": null, "Easting": null, "Northing": null, "Description": null, "ID": "9/3/2_2", "GlobalID": "{19B9FCD0-751B-4D67-BB2C-A465CA9FE6E0}", "القطاع": null, "الشركةالمنفذة": null}, "geometry": {"type": "MultiPolygon", "coordinates": [[[[31.57039170905193, 30.27020658171894], [31.570389366505665, 30.270201696516953], [31.570374225319448, 30.270207143959833], [31.570376567865107, 30.270212029162092], [31.57039170905193, 30.27020658171894]]]]}}, {"type": "Feature", "properties": {"shape_Length": 4.3278452963082135, "shape_Area": 0.9253348503027425, "Electric_Facility_Type": null, "Easting": null, "Northing": null, "Description": null, "ID": "3/4/2_6", "GlobalID": "{D1CA31F8-EA0D-41A5-BA97-137560CBF5B7}", "القطاع": null, "الشركةالمنفذة": null}, "geometry": {"type": "MultiPolygon", "coordinates": [[[[31.568752491289622, 30.27026692857002], [31.568747517621837, 30.27026386785611], [31.56873801727464, 30.27027546152859], [31.568742990942717, 30.270278522242823], [31.568752491289622, 30.27026692857002]]]]}}, {"type": "Feature", "properties": {"shape_Length": 4.327691935896631, "shape_Area": 0.9252178009039097, "Electric_Facility_Type": null, "Easting": null, "Northing": null, "Description": null, "ID": "3/4/2_5", "GlobalID": "{0E0C6170-7C5A-420B-9C52-E6AF732DD451}", "القطاع": null, "الشركةالمنفذة": null}, "geometry": {"type": "MultiPolygon", "coordinates": [[[[31.568230205054558, 30.270307555546385], [31.56822568480163, 30.27030400484242], [31.568214669354077, 30.270314540630306], [31.56821918960192, 30.27031809043262], [31.568230205054558, 30.270307555546385]]]]}}, {"type": "Feature", "properties": {"shape_Length": 4.327734616439348, "shape_Area": 0.9252512793266823, "Electric_Facility_Type": null, "Easting": null, "Northing": null, "Description": null, "ID": "1/3/2_4", "GlobalID": "{B542AD83-314B-45F7-879B-9E345F41F39B}", "القطاع": null, "الشركةالمنفذة": null}, "geometry": {"type": "MultiPolygon", "coordinates": [[[[31.567279326124574, 30.270349992609923], [31.567267194388833, 30.27034042569021], [31.567263101580007, 30.270344347438392], [31.567275233315865, 30.27035391435847], [31.567279326124574, 30.270349992609923]]]]}}, {"type": "Feature", "properties": {"shape_Length": 4.290482142355765, "shape_Area": 0.895878180120792, "Electric_Facility_Type": null, "Easting": null, "Northing": null, "Description": null, "ID": "1/1/2_5", "GlobalID": "{AB31D1AD-1B30-45AE-9A47-6003BD37251B}", "القطاع": null, "الشركةالمنفذة": null}, "geometry": {"type": "MultiPolygon", "coordinates": [[[[31.563091959475404, 30.27036309836384], [31.563087528679503, 30.27035971307302], [31.563076680726066, 30.27037037851047], [31.563081111522102, 30.27037376380166], [31.563091959475404, 30.27036309836384]]]]}}, {"type": "Feature", "properties": {"shape_Length": 4.327720469328547, "shape_Area": 0.9252493144036731, "Electric_Facility_Type": null, "Easting": null, "Northing": null, "Description": null, "ID": "10/1/3_4", "GlobalID": "{5AAA5A87-3FFF-4049-B5BD-20D5CE37FFC4}", "القطاع": null, "الشركةالمنفذة": null}, "geometry": {"type": "MultiPolygon", "coordinates": [[[[31.556569163827113, 30.27042333745198], [31.55655439288944, 30.270417171516545], [31.556551758313365, 30.270421943687637], [31.556566530290795, 30.270428109618976], [31.556569163827113, 30.27042333745198]]]]}}, {"type": "Feature", "properties": {"shape_Length": 4.290435854380286, "shape_Area": 0.8958932693527784, "Electric_Facility_Type": null, "Easting": null, "Northing": null, "Description": null, "ID": "1/4/2_5", "GlobalID": "{A530A973-7965-4237-BAFE-D7AD7D44B231}", "القطاع": null, "الشركةالمنفذة": null}, "geometry": {"type": "MultiPolygon", "coordinates": [[[[31.565283062870776, 30.27039384508859], [31.565278664034064, 30.27039042816327], [31.565267716105286, 30.270401015733352], [31.565272114942093, 30.27040443265902], [31.565283062870776, 30.27039384508859]]]]}}, {"type": "Feature", "properties": {"shape_Length": 4.290389998272425, "shape_Area": 0.895842899585469, "Electric_Facility_Type": null, "Easting": null, "Northing": null, "Description": null, "ID": "1/1/2_2", "GlobalID": "{9F0AD5FF-A500-46B8-A2AA-25EC35B12838}", "القطاع": null, "الشركةالمنفذة": null}, "geometry": {"type": "MultiPolygon", "coordinates": [[[[31.564496283184027, 30.270418228992085], [31.56449248010168, 30.270414310645613], [31.56447992865978, 30.27042345997788], [31.564483731741984, 30.270427378324737], [31.564496283184027, 30.270418228992085]]]]}}, {"type": "Feature", "properties": {"shape_Length": 4.327736362655143, "shape_Area": 0.9252857404306161, "Electric_Facility_Type": null, "Easting": null, "Northing": null, "Description": null, "ID": "6/5/2_1", "GlobalID": "{528E4151-6415-43A5-8FE7-6C460D6DAF1F}", "القطاع": null, "الشركةالمنفذة": null}, "geometry": {"type": "MultiPolygon", "coordinates": [[[[31.557356921224812, 30.270454479964087], [31.557350936860022, 30.27045346894654], [31.557347781536777, 30.270467429767404], [31.557353765902377, 30.270468440785077], [31.557356921224812, 30.270454479964087]]]]}}, {"type": "Feature", "properties": {"shape_Length": 4.327734944815912, "shape_Area": 0.9252960090748759, "Electric_Facility_Type": null, "Easting": null, "Northing": null, "Description": null, "ID": "7/1/3_5", "GlobalID": "{B9D90A8D-6D45-4228-BEA1-2E741C9852F4}", "القطاع": null, "الشركةالمنفذة": null}, "geometry": {"type": "MultiPolygon", "coordinates": [[[[31.553711139975945, 30.27049060925261], [31.553705368944637, 30.270488902593012], [31.553700058056112, 30.270502361873195], [31.553705829088116, 30.270504068532972], [31.553711139975945, 30.27049060925261]]]]}}, {"type": "Feature", "properties": {"shape_Length": 4.327600382376873, "shape_Area": 0.9252261045551715, "Electric_Facility_Type": null, "Easting": null, "Northing": null, "Description": null, "ID": "9/3/2_4", "GlobalID": "{254B703B-8215-4ADD-AD79-8A3C6662BE7D}", "القطاع": null, "الشركةالمنفذة": null}, "geometry": {"type": "MultiPolygon", "coordinates": [[[[31.571411015351902, 30.270442818771393], [31.571408518237877, 30.27043799109048], [31.5713935558292, 30.27044379959136], [31.571396053976642, 30.270448626366004], [31.571411015351902, 30.270442818771393]]]]}}, {"type": "Feature", "properties": {"shape_Length": 4.290436085371468, "shape_Area": 0.895825419595357, "Electric_Facility_Type": null, "Easting": null, "Northing": null, "Description": null, "ID": "1/4/2_6", "GlobalID": "{E770E091-4D42-401C-9D18-5FB1B6518CA0}", "القطاع": null, "الشركةالمنفذة": null}, "geometry": {"type": "MultiPolygon", "coordinates": [[[[31.565553312173865, 30.27058615936296], [31.565548913324424, 30.270582743349067], [31.56553796436482, 30.27059333094582], [31.565542363214377, 30.270596746960056], [31.565553312173865, 30.27058615936296]]]]}}, {"type": "Feature", "properties": {"shape_Length": 4.32776105708815, "shape_Area": 0.9252986092299086, "Electric_Facility_Type": null, "Easting": null, "Northing": null, "Description": null, "ID": "6/5/2_5", "GlobalID": "{E1DCB2D6-8652-48B3-A183-AA53B591D3EC}", "القطاع": null, "الشركةالمنفذة": null}, "geometry": {"type": "MultiPolygon", "coordinates": [[[[31.558694015303352, 30.270645462731707], [31.55867964463812, 30.270638620603293], [31.558676720527263, 30.270643264155158], [31.558691091192994, 30.270650106283895], [31.558694015303352, 30.270645462731707]]]]}}, {"type": "Feature", "properties": {"shape_Length": 4.327720469758226, "shape_Area": 0.925249315561633, "Electric_Facility_Type": null, "Easting": null, "Northing": null, "Description": null, "ID": "10/1/3_2", "GlobalID": "{E5CC6818-F54C-4E21-AC30-631D3900DB46}", "القطاع": null, "الشركةالمنفذة": null}, "geometry": {"type": "MultiPolygon", "coordinates": [[[[31.555698329067752, 30.270665482879007], [31.555683557107173, 30.270659316849724], [31.555680923521606, 30.270664088999375], [31.555695694443532, 30.270670255033302], [31.555698329067752, 30.270665482879007]]]]}}, {"type": "Feature", "properties": {"shape_Length": 4.327803463134012, "shape_Area": 0.9253191806789633, "Electric_Facility_Type": null, "Easting": null, "Northing": null, "Description": null, "ID": "9/3/2_3", "GlobalID": "{93A27367-52E5-4ADE-A81D-897A963226AF}", "القطاع": null, "الشركةالمنفذة": null}, "geometry": {"type": "MultiPolygon", "coordinates": [[[[31.57011648461615, 30.27066475819652], [31.57010898013059, 30.27065210989218], [31.57010356419602, 30.270654540087698], [31.57011106868109, 30.270667188392355], [31.57011648461615, 30.27066475819652]]]]}}, {"type": "Feature", "properties": {"shape_Length": 4.290332868664203, "shape_Area": 0.8958357290298011, "Electric_Facility_Type": null, "Easting": null, "Northing": null, "Description": null, "ID": "10/1/2_3", "GlobalID": "{2DD78663-58B7-4C62-80A9-D9EA508054F7}", "القطاع": null, "الشركةالمنفذة": null}, "geometry": {"type": "MultiPolygon", "coordinates": [[[[31.561786334375483, 30.27073369526392], [31.56178190360679, 30.270730309928737], [31.561771055465172, 30.270740974357704], [31.561775486234, 30.270744359693207], [31.561786334375483, 30.27073369526392]]]]}}, {"type": "Feature", "properties": {"shape_Length": 4.32772047268025, "shape_Area": 0.9252493170449971, "Electric_Facility_Type": null, "Easting": null, "Northing": null, "Description": null, "ID": "10/1/3_3", "GlobalID": "{EE47EED4-5573-4E6F-BD51-D9CDB2F12F52}", "القطاع": null, "الشركةالمنفذة": null}, "geometry": {"type": "MultiPolygon", "coordinates": [[[[31.55636537942186, 30.27080508498328], [31.556350607399793, 30.270798919030174], [31.556347973843096, 30.270803691192768], [31.556362744826526, 30.270809857150567], [31.55636537942186, 30.27080508498328]]]]}}, {"type": "Feature", "properties": {"shape_Length": 4.327720468514325, "shape_Area": 0.9252493149943178, "Electric_Facility_Type": null, "Easting": null, "Northing": null, "Description": null, "ID": "7/1/3_6", "GlobalID": "{46FEB27A-B9CB-4BCA-BBE2-A6231367C7E6}", "القطاع": null, "الشركةالمنفذة": null}, "geometry": {"type": "MultiPolygon", "coordinates": [[[[31.553564343905972, 30.270850449298223], [31.553549573086112, 30.270844283022686], [31.55354693835262, 30.27084905513497], [31.553561710212232, 30.270855221406435], [31.553564343905972, 30.270850449298223]]]]}}, {"type": "Feature", "properties": {"shape_Length": 4.327728658851531, "shape_Area": 0.9252858992679216, "Electric_Facility_Type": null, "Easting": null, "Northing": null, "Description": null, "ID": "1/3/2_5", "GlobalID": "{2ED9FED0-0135-4E94-A4E3-0DFF5751E149}", "القطاع": null, "الشركةالمنفذة": null}, "geometry": {"type": "MultiPolygon", "coordinates": [[[[31.567836411674755, 30.270796586638653], [31.567824280869406, 30.270787019768083], [31.567820188064815, 30.270790941533388], [31.567832318875446, 30.27080050930632], [31.567836411674755, 30.270796586638653]]]]}}, {"type": "Feature", "properties": {"shape_Length": 4.327545952454111, "shape_Area": 0.9251470503604792, "Electric_Facility_Type": null, "Easting": null, "Northing": null, "Description": null, "ID": "7/1/3_4", "GlobalID": "{FDB5C2B6-3C67-465E-BDC5-3E9F76AE6693}", "القطاع": null, "الشركةالمنفذة": null}, "geometry": {"type": "MultiPolygon", "coordinates": [[[[31.554596704319618, 30.27091824153099], [31.554590934287706, 30.27091653490666], [31.55458562349854, 30.27092999422064], [31.554591393531158, 30.27093170084521], [31.554596704319618, 30.27091824153099]]]]}}, {"type": "Feature", "properties": {"shape_Length": 4.327687347661206, "shape_Area": 0.9252674605806852, "Electric_Facility_Type": null, "Easting": null, "Northing": null, "Description": null, "ID": "11/1/3_4", "GlobalID": "{0EC389BD-30EA-4283-9792-288952387582}", "القطاع": null, "الشركةالمنفذة": null}, "geometry": {"type": "MultiPolygon", "coordinates": [[[[31.556699425487224, 30.270928573583433], [31.556693867897827, 30.27092639798921], [31.55668710797665, 30.270939358392248], [31.55669266556662, 30.270941533986697], [31.556699425487224, 30.270928573583433]]]]}}, {"type": "Feature", "properties": {"shape_Length": 4.327833311187124, "shape_Area": 0.9253656992568292, "Electric_Facility_Type": null, "Easting": null, "Northing": null, "Description": null, "ID": "1/3/2_6", "GlobalID": "{8A59CC73-BB56-4A6A-89C0-B8B2420087DE}", "القطاع": null, "الشركةالمنفذة": null}, "geometry": {"type": "MultiPolygon", "coordinates": [[[[31.568950268484524, 30.27092021919532], [31.568945747138443, 30.27091666852178], [31.568934731696327, 30.270927203467107], [31.568939253042505, 30.27093075414106], [31.568950268484524, 30.27092021919532]]]]}}, {"type": "Feature", "properties": {"shape_Length": 4.29039000089365, "shape_Area": 0.8958429010537923, "Electric_Facility_Type": null, "Easting": null, "Northing": null, "Description": null, "ID": "1/1/2_1", "GlobalID": "{D189E519-F7E6-4A1A-A255-C81EB20BA875}", "القطاع": null, "الشركةالمنفذة": null}, "geometry": {"type": "MultiPolygon", "coordinates": [[[[31.564910170272313, 30.270944186750867], [31.564906367153117, 30.270940268417178], [31.56489381568416, 30.27094941778877], [31.564897618803233, 30.270953336122822], [31.564910170272313, 30.270944186750867]]]]}}, {"type": "Feature", "properties": {"shape_Length": 4.32763311369726, "shape_Area": 0.9252465004906841, "Electric_Facility_Type": null, "Easting": null, "Northing": null, "Description": null, "ID": "10/1/3_1", "GlobalID": "{7D123FBA-EB76-4F5D-B069-027D6DDCFC47}", "القطاع": null, "الشركةالمنفذة": null}, "geometry": {"type": "MultiPolygon", "coordinates": [[[[31.555587390965616, 30.271008792059064], [31.555572620004284, 30.27100262691579], [31.555569986404425, 30.27100739906311], [31.55558475737139, 30.271013565108714], [31.555587390965616, 30.271008792059064]]]]}}, {"type": "Feature", "properties": {"shape_Length": 4.290530732126069, "shape_Area": 0.8959217309198942, "Electric_Facility_Type": null, "Easting": null, "Northing": null, "Description": null, "ID": "1/1/2_4", "GlobalID": "{E41187A8-BC20-4BE2-A499-DBB50873D373}", "القطاع": null, "الشركةالمنفذة": null}, "geometry": {"type": "MultiPolygon", "coordinates": [[[[31.563790309366034, 30.270975058505527], [31.563786506284412, 30.270971139236767], [31.563773954711067, 30.270980289404363], [31.563777757787413, 30.27098420777147], [31.563790309366034, 30.270975058505527]]]]}}, {"type": "Feature", "properties": {"shape_Length": 4.2904358557621025, "shape_Area": 0.8958932704410287, "Electric_Facility_Type": null, "Easting": null, "Northing": null, "Description": null, "ID": "4/3/2_1", "GlobalID": "{7780F103-7E45-4095-B8B1-B4EFC553E228}", "القطاع": null, "الشركةالمنفذة": null}, "geometry": {"type": "MultiPolygon", "coordinates": [[[[31.566059891274413, 30.27098545911538], [31.566055492384503, 30.270982042217167], [31.566044544475602, 30.270992629850983], [31.566048943365626, 30.270996046749588], [31.566059891274413, 30.27098545911538]]]]}}, {"type": "Feature", "properties": {"shape_Length": 4.29034106887565, "shape_Area": 0.8958044708282655, "Electric_Facility_Type": null, "Easting": null, "Northing": null, "Description": null, "ID": "10/1/2_4", "GlobalID": "{7F0CB91E-019E-4BF8-8C2A-8C2813B03D52}", "القطاع": null, "الشركةالمنفذة": null}, "geometry": {"type": "MultiPolygon", "coordinates": [[[[31.5614770484446, 30.271024789684823], [31.561472617673104, 30.271021404339365], [31.56146176947128, 30.271032069645067], [31.561466200237785, 30.27103545408887], [31.5614770484446, 30.271024789684823]]]]}}, {"type": "Feature", "properties": {"shape_Length": 4.290435854380286, "shape_Area": 0.8958932693527784, "Electric_Facility_Type": null, "Easting": null, "Northing": null, "Description": null, "ID": "4/3/2_2", "GlobalID": "{E16CBD59-E57E-44A3-8DDC-CF2ECAB420B2}", "القطاع": null, "الشركةالمنفذة": null}, "geometry": {"type": "MultiPolygon", "coordinates": [[[[31.567095886741104, 30.271016358896397], [31.56709148781451, 30.27101294203344], [31.567080540014892, 30.271023529752476], [31.567084938941584, 30.27102694661578], [31.567095886741104, 30.271016358896397]]]]}}, {"type": "Feature", "properties": {"shape_Length": 4.327669585732956, "shape_Area": 0.9252543502304382, "Electric_Facility_Type": null, "Easting": null, "Northing": null, "Description": null, "ID": "10/1/2_2", "GlobalID": "{3B4AEEBD-ED68-4E6F-BF30-E9229B7B073A}", "القطاع": null, "الشركةالمنفذة": null}, "geometry": {"type": "MultiPolygon", "coordinates": [[[[31.562639415594006, 30.2710810109757], [31.56262739275125, 30.271071342128028], [31.56262325587875, 30.271075228741857], [31.562635278726727, 30.271084898491953], [31.562639415594006, 30.2710810109757]]]]}}, {"type": "Feature", "properties": {"shape_Length": 4.327731769799595, "shape_Area": 0.9252734235794495, "Electric_Facility_Type": null, "Easting": null, "Northing": null, "Description": null, "ID": "8/3/2_5", "GlobalID": "{3FF06A3E-2F8E-42C0-8987-C90FFE774489}", "القطاع": null, "الشركةالمنفذة": null}, "geometry": {"type": "MultiPolygon", "coordinates": [[[[31.571009932779962, 30.27108203975585], [31.571008956895547, 30.2710768166636], [31.570992773521134, 30.27107907187418], [31.57099374940995, 30.271084295868572], [31.571009932779962, 30.27108203975585]]]]}}, {"type": "Feature", "properties": {"shape_Length": 4.327668862185861, "shape_Area": 0.9252572997005515, "Electric_Facility_Type": null, "Easting": null, "Northing": null, "Description": null, "ID": "9/3/2_5", "GlobalID": "{64DC3306-A77A-4105-A116-5C257E16DB1C}", "القطاع": null, "الشركةالمنفذة": null}, "geometry": {"type": "MultiPolygon", "coordinates": [[[[31.56996319392811, 30.27112674845613], [31.56995568943108, 30.271114101046106], [31.569950273462254, 30.27111653033345], [31.569957777963978, 30.271129178645815], [31.56996319392811, 30.27112674845613]]]]}}, {"type": "Feature", "properties": {"shape_Length": 4.327728396209293, "shape_Area": 0.9252773037791678, "Electric_Facility_Type": null, "Easting": null, "Northing": null, "Description": null, "ID": "11/1/3_2", "GlobalID": "{2ED6A7FD-FD5F-4403-B5C1-C4067D01D13B}", "القطاع": null, "الشركةالمنفذة": null}, "geometry": {"type": "MultiPolygon", "coordinates": [[[[31.556593899044433, 30.271187803593957], [31.55658856580512, 30.271185239164268], [31.55658060362406, 30.2711976751637], [31.55658593685877, 30.271200238691698], [31.556593899044433, 30.271187803593957]]]]}}, {"type": "Feature", "properties": {"shape_Length": 4.327668863879744, "shape_Area": 0.9252573010325291, "Electric_Facility_Type": null, "Easting": null, "Northing": null, "Description": null, "ID": "8/3/2_4", "GlobalID": "{6C9B48B5-F138-476E-9084-B4D1D93F42B4}", "القطاع": null, "الشركةالمنفذة": null}, "geometry": {"type": "MultiPolygon", "coordinates": [[[[31.570003124646583, 30.271217059787944], [31.569995620137416, 30.27120441238053], [31.56999020416468, 30.271206841669567], [31.569997708678557, 30.271219489979313], [31.570003124646583, 30.271217059787944]]]]}}, {"type": "Feature", "properties": {"shape_Length": 4.29039000101329, "shape_Area": 0.8958429007873874, "Electric_Facility_Type": null, "Easting": null, "Northing": null, "Description": null, "ID": "2/1/2_5", "GlobalID": "{DD384C93-F84A-41F3-BE0C-1A6353477D90}", "القطاع": null, "الشركةالمنفذة": null}, "geometry": {"type": "MultiPolygon", "coordinates": [[[[31.563739392230975, 30.271245357447846], [31.563735589145885, 30.27124143907991], [31.563723037528614, 30.271250588340703], [31.56372684061355, 30.271254506709028], [31.563739392230975, 30.271245357447846]]]]}}, {"type": "Feature", "properties": {"shape_Length": 4.327722938022935, "shape_Area": 0.9252737011930637, "Electric_Facility_Type": null, "Easting": null, "Northing": null, "Description": null, "ID": "11/2/2_1", "GlobalID": "{964D6E62-AC0C-468F-841C-852EC0BC9263}", "القطاع": null, "الشركةالمنفذة": null}, "geometry": {"type": "MultiPolygon", "coordinates": [[[[31.56561398963967, 30.271278969508053], [31.565602788565887, 30.27126858297376], [31.56559834371469, 30.27127220490589], [31.565609544788412, 30.271282591440592], [31.56561398963967, 30.271278969508053]]]]}}, {"type": "Feature", "properties": {"shape_Length": 4.327806041797456, "shape_Area": 0.9253655899849383, "Electric_Facility_Type": null, "Easting": null, "Northing": null, "Description": null, "ID": "8/3/2_3", "GlobalID": "{6D79960E-B9ED-4C23-B67F-AFA6ABA8C2AD}", "القطاع": null, "الشركةالمنفذة": null}, "geometry": {"type": "MultiPolygon", "coordinates": [[[[31.570572043551863, 30.271423956415664], [31.570565962817376, 30.271423566126956], [31.5705647301076, 30.271437752513474], [31.570570810842963, 30.27143814280223], [31.570572043551863, 30.271423956415664]]]]}}, {"type": "Feature", "properties": {"shape_Length": 4.290436085240366, "shape_Area": 0.8958254201895408, "Electric_Facility_Type": null, "Easting": null, "Northing": null, "Description": null, "ID": "4/3/2_3", "GlobalID": "{6DB17BE6-CF96-4112-A193-392EF0D3AB72}", "القطاع": null, "الشركةالمنفذة": null}, "geometry": {"type": "MultiPolygon", "coordinates": [[[[31.5669519932092, 30.271450915442255], [31.56694759427306, 30.271447499476924], [31.566936645371133, 30.27145808718852], [31.566941044307402, 30.271461503154235], [31.5669519932092, 30.271450915442255]]]]}}, {"type": "Feature", "properties": {"shape_Length": 4.327634406663669, "shape_Area": 0.9252415297680062, "Electric_Facility_Type": null, "Easting": null, "Northing": null, "Description": null, "ID": "10/1/2_5", "GlobalID": "{88166038-ACB4-4A77-81BF-9639026F708D}", "القطاع": null, "الشركةالمنفذة": null}, "geometry": {"type": "MultiPolygon", "coordinates": [[[[31.560994506046487, 30.271494564526417], [31.560990218623775, 30.271490802399356], [31.56097854964767, 30.27150079283888], [31.560982837070394, 30.271504554966317], [31.560994506046487, 30.271494564526417]]]]}}, {"type": "Feature", "properties": {"shape_Length": 4.327607588800776, "shape_Area": 0.9252119350007554, "Electric_Facility_Type": null, "Easting": null, "Northing": null, "Description": null, "ID": "11/1/3_3", "GlobalID": "{9EDB5759-373E-4895-BC4D-EA630DD9D505}", "القطاع": null, "الشركةالمنفذة": null}, "geometry": {"type": "MultiPolygon", "coordinates": [[[[31.55533679323868, 30.271519949666754], [31.55533102315915, 30.271518243075786], [31.555325712440414, 30.271531702417686], [31.555331483559875, 30.27153340900448], [31.55533679323868, 30.271519949666754]]]]}}, {"type": "Feature", "properties": {"shape_Length": 4.290530545532175, "shape_Area": 0.8958948897127255, "Electric_Facility_Type": null, "Easting": null, "Northing": null, "Description": null, "ID": "1/1/2_3", "GlobalID": "{C43B6013-7765-4CB2-B093-A2E3F7204E28}", "القطاع": null, "الشركةالمنفذة": null}, "geometry": {"type": "MultiPolygon", "coordinates": [[[[31.564485142451638, 30.271503817292153], [31.564481185149642, 30.271500015973793], [31.56446900671192, 30.271509538949417], [31.564472965053042, 30.271513340263674], [31.564485142451638, 30.271503817292153]]]]}}, {"type": "Feature", "properties": {"shape_Length": 4.3275884667697415, "shape_Area": 0.9252193047588111, "Electric_Facility_Type": null, "Easting": null, "Northing": null, "Description": null, "ID": "11/1/3_1", "GlobalID": "{48FB1D5E-CCC6-438E-8B36-E67E73824F36}", "القطاع": null, "الشركةالمنفذة": null}, "geometry": {"type": "MultiPolygon", "coordinates": [[[[31.55639488368901, 30.271580323860828], [31.556381954149774, 30.27157158017181], [31.556378214608035, 30.27157575987316], [31.556391144142427, 30.27158450266052], [31.55639488368901, 30.271580323860828]]]]}}, {"type": "Feature", "properties": {"shape_Length": 4.290538509350738, "shape_Area": 0.8959348053503927, "Electric_Facility_Type": null, "Easting": null, "Northing": null, "Description": null, "ID": "11/2/2_2", "GlobalID": "{0C4F6CB8-9277-4BB3-B7A0-778F424E21DB}", "القطاع": null, "الشركةالمنفذة": null}, "geometry": {"type": "MultiPolygon", "coordinates": [[[[31.56610521590097, 30.271538806208966], [31.56610125853595, 30.271535004940382], [31.566089080247732, 30.271544527162693], [31.566093038657044, 30.27154832932919], [31.56610521590097, 30.271538806208966]]]]}}, {"type": "Feature", "properties": {"shape_Length": 4.327700765539435, "shape_Area": 0.9252492011408407, "Electric_Facility_Type": null, "Easting": null, "Northing": null, "Description": null, "ID": "8/3/2_2", "GlobalID": "{CB242B1D-D214-4A00-AE86-BAF9572A5496}", "القطاع": null, "الشركةالمنفذة": null}, "geometry": {"type": "MultiPolygon", "coordinates": [[[[31.571591556102348, 30.271527962296616], [31.571590581216388, 30.27152273830294], [31.57157439778874, 30.271524994488047], [31.571575372668665, 30.271530217579812], [31.571591556102348, 30.271527962296616]]]]}}, {"type": "Feature", "properties": {"shape_Length": 4.327756371761155, "shape_Area": 0.9253070392661346, "Electric_Facility_Type": null, "Easting": null, "Northing": null, "Description": null, "ID": "7/5/3_1", "GlobalID": "{F4EAE623-141F-4313-B007-AE45D002F7FC}", "القطاع": null, "الشركةالمنفذة": null}, "geometry": {"type": "MultiPolygon", "coordinates": [[[[31.55393706226819, 30.271646404848582], [31.553936459827415, 30.27163218756228], [31.553930367911402, 30.271632390093107], [31.553930969312074, 30.271646607383836], [31.55393706226819, 30.271646404848582]]]]}}, {"type": "Feature", "properties": {"shape_Length": 4.327664795886447, "shape_Area": 0.9252167799939339, "Electric_Facility_Type": null, "Easting": null, "Northing": null, "Description": null, "ID": "2/1/2_6", "GlobalID": "{65367FFA-0676-4ACC-8DD1-FBFA11C3795D}", "القطاع": null, "الشركةالمنفذة": null}, "geometry": {"type": "MultiPolygon", "coordinates": [[[[31.56208975524264, 30.27160923792078], [31.562077732382527, 30.27159956812151], [31.56207359546629, 30.271603454718218], [31.562085618326478, 30.271613124517856], [31.56208975524264, 30.27160923792078]]]]}}, {"type": "Feature", "properties": {"shape_Length": 4.327723168531676, "shape_Area": 0.9252911563122955, "Electric_Facility_Type": null, "Easting": null, "Northing": null, "Description": null, "ID": "10/2/2_1", "GlobalID": "{77C16691-3C18-498D-9E10-B6E426180819}", "القطاع": null, "الشركةالمنفذة": null}, "geometry": {"type": "MultiPolygon", "coordinates": [[[[31.565002791424405, 30.27174435432518], [31.564991952459984, 30.271733682035418], [31.564987385306956, 30.27173718720812], [31.56499822323207, 30.271747859502735], [31.565002791424405, 30.27174435432518]]]]}}, {"type": "Feature", "properties": {"shape_Length": 4.290256112229157, "shape_Area": 0.8957833606075974, "Electric_Facility_Type": null, "Easting": null, "Northing": null, "Description": null, "ID": "2/1/2_4", "GlobalID": "{630911AB-FC9E-4B2F-A7DF-9809BE6523DA}", "القطاع": null, "الشركةالمنفذة": null}, "geometry": {"type": "MultiPolygon", "coordinates": [[[[31.564158530412033, 30.271774459318905], [31.564154573111423, 30.271770657990793], [31.56414239564275, 30.271780180030007], [31.564146352943283, 30.27178398135849], [31.564158530412033, 30.271774459318905]]]]}}, {"type": "Feature", "properties": {"shape_Length": 4.327664794526444, "shape_Area": 0.9252167795944897, "Electric_Facility_Type": null, "Easting": null, "Northing": null, "Description": null, "ID": "2/1/3_1", "GlobalID": "{FA1EB860-50BB-4340-A5C1-E35C5819CC36}", "القطاع": null, "الشركةالمنفذة": null}, "geometry": {"type": "MultiPolygon", "coordinates": [[[[31.55869185919793, 30.271804904611983], [31.55867983664152, 30.271795234497144], [31.558675699581542, 30.271799120988174], [31.55868772213803, 30.271808791103396], [31.55869185919793, 30.271804904611983]]]]}}, {"type": "Feature", "properties": {"shape_Length": 4.32777920069887, "shape_Area": 0.925264901155068, "Electric_Facility_Type": null, "Easting": null, "Northing": null, "Description": null, "ID": "11/1/3_5", "GlobalID": "{DB8306D3-34FD-4529-9BA4-9747080935DD}", "القطاع": null, "الشركةالمنفذة": null}, "geometry": {"type": "MultiPolygon", "coordinates": [[[[31.557028379335875, 30.271843312979822], [31.55701796345739, 30.27183232702075], [31.55701326221946, 30.271835695376396], [31.557023677058567, 30.271846681340254], [31.557028379335875, 30.271843312979822]]]]}}, {"type": "Feature", "properties": {"shape_Length": 4.290502466768701, "shape_Area": 0.8958728400410524, "Electric_Facility_Type": null, "Easting": null, "Northing": null, "Description": null, "ID": "2/1/2_3", "GlobalID": "{CB2C5FCB-FADB-4B5A-8B02-BADCA249F40B}", "القطاع": null, "الشركةالمنفذة": null}, "geometry": {"type": "MultiPolygon", "coordinates": [[[[31.563089110642647, 30.271819915208187], [31.56307740712698, 30.271809954574856], [31.563073280403632, 30.27181361835416], [31.563084984958547, 30.271823578983405], [31.563089110642647, 30.271819915208187]]]]}}, {"type": "Feature", "properties": {"shape_Length": 4.290354503391447, "shape_Area": 0.8957638700190012, "Electric_Facility_Type": null, "Easting": null, "Northing": null, "Description": null, "ID": "5/1/2_6", "GlobalID": "{0306DEF4-8162-4582-80E9-65EDD4F2142E}", "القطاع": null, "الشركةالمنفذة": null}, "geometry": {"type": "MultiPolygon", "coordinates": [[[[31.56220683748728, 30.2719008729148], [31.562195820839218, 30.27189033826381], [31.56219145695102, 30.27189378744377], [31.562202473599015, 30.271904322095118], [31.56220683748728, 30.2719008729148]]]]}}, {"type": "Feature", "properties": {"shape_Length": 4.290397422055162, "shape_Area": 0.8958570159342649, "Electric_Facility_Type": null, "Easting": null, "Northing": null, "Description": null, "ID": "11/2/2_3", "GlobalID": "{6A298A5F-4D4E-4429-BBB2-296EA28EB76B}", "القطاع": null, "الشركةالمنفذة": null}, "geometry": {"type": "MultiPolygon", "coordinates": [[[[31.56646361400818, 30.271892639490403], [31.5664596555759, 30.271888838237683], [31.566447478318942, 30.27189836048846], [31.566451435711937, 30.271902161746002], [31.56646361400818, 30.271892639490403]]]]}}, {"type": "Feature", "properties": {"shape_Length": 4.327775925754853, "shape_Area": 0.9253175846387864, "Electric_Facility_Type": null, "Easting": null, "Northing": null, "Description": null, "ID": "10/1/2_6", "GlobalID": "{3A610181-4A12-4336-85A8-EF23EF2EEC89}", "القطاع": null, "الشركةالمنفذة": null}, "geometry": {"type": "MultiPolygon", "coordinates": [[[[31.560132604027814, 30.271947850762686], [31.560128316617508, 30.2719440886075], [31.560116646460763, 30.27195407897574], [31.56012093491029, 30.27195784112685], [31.560132604027814, 30.271947850762686]]]]}}, {"type": "Feature", "properties": {"shape_Length": 4.327722716486823, "shape_Area": 0.9252600448232869, "Electric_Facility_Type": null, "Easting": null, "Northing": null, "Description": null, "ID": "9/5/3_4", "GlobalID": "{0B4BC7EB-D334-4AD6-A142-7DC34415BDD8}", "القطاع": null, "الشركةالمنفذة": null}, "geometry": {"type": "MultiPolygon", "coordinates": [[[[31.55584842304634, 30.272060330393174], [31.555846644486014, 30.272055268441775], [31.55583095958046, 30.27205939953004], [31.555832738134978, 30.27206446057959], [31.55584842304634, 30.272060330393174]]]]}}, {"type": "Feature", "properties": {"shape_Length": 4.3276023647066015, "shape_Area": 0.9252067002105799, "Electric_Facility_Type": null, "Easting": null, "Northing": null, "Description": null, "ID": "8/3/2_1", "GlobalID": "{3092E47B-FF0C-4EF4-87BC-3BADB1B91015}", "القطاع": null, "الشركةالمنفذة": null}, "geometry": {"type": "MultiPolygon", "coordinates": [[[[31.570881857991626, 30.272031898684457], [31.570865482304097, 30.272031294338372], [31.57086523225693, 30.27203658140019], [31.570881607945335, 30.272037185746317], [31.570881857991626, 30.272031898684457]]]]}}, {"type": "Feature", "properties": {"shape_Length": 4.327659595546532, "shape_Area": 0.9252243098279541, "Electric_Facility_Type": null, "Easting": null, "Northing": null, "Description": null, "ID": "3/3/2_6", "GlobalID": "{6F55C075-D974-40FE-886E-CA450C73ECC2}", "القطاع": null, "الشركةالمنفذة": null}, "geometry": {"type": "MultiPolygon", "coordinates": [[[[31.569693452325158, 30.272054293786848], [31.569677583375302, 30.272050733801006], [31.569676066538495, 30.272055859485917], [31.569691936523157, 30.272059418565366], [31.569693452325158, 30.272054293786848]]]]}}, {"type": "Feature", "properties": {"shape_Length": 3.919187139938151, "shape_Area": 0.7616501504397731, "Electric_Facility_Type": null, "Easting": null, "Northing": null, "Description": null, "ID": "10/2/2_6", "GlobalID": "{5823F73D-118B-4C0C-88B2-C876D6A5B9F5}", "القطاع": null, "الشركةالمنفذة": null}, "geometry": {"type": "MultiPolygon", "coordinates": [[[[31.564573714432413, 30.27207672813442], [31.564569549632235, 30.272073538396114], [31.564559731837313, 30.27208316397296], [31.564563896632446, 30.272086352809545], [31.564573714432413, 30.27207672813442]]]]}}, {"type": "Feature", "properties": {"shape_Length": 4.327653241733744, "shape_Area": 0.9252272394017449, "Electric_Facility_Type": null, "Easting": null, "Northing": null, "Description": null, "ID": "7/5/3_2", "GlobalID": "{4665EBAB-A82B-4BE2-BD5D-BC5E024B3CF6}", "القطاع": null, "الشركةالمنفذة": null}, "geometry": {"type": "MultiPolygon", "coordinates": [[[[31.553949583718587, 30.272211721909894], [31.553948982310448, 30.272197504620543], [31.553942890359572, 30.272197707152362], [31.55394349176684, 30.272211924441752], [31.553949583718587, 30.272211721909894]]]]}}, {"type": "Feature", "properties": {"shape_Length": 4.29030175401936, "shape_Area": 0.8957873406209906, "Electric_Facility_Type": null, "Easting": null, "Northing": null, "Description": null, "ID": "2/1/3_2", "GlobalID": "{AA5A067D-1F15-49CC-9C28-3E860CD72EDF}", "القطاع": null, "الشركةالمنفذة": null}, "geometry": {"type": "MultiPolygon", "coordinates": [[[[31.55919605314734, 30.272193417560523], [31.55919165444185, 30.27219000133204], [31.5591807056548, 30.272200588401002], [31.559185104360385, 30.272204004629863], [31.55919605314734, 30.272193417560523]]]]}}, {"type": "Feature", "properties": {"shape_Length": 4.290389239077955, "shape_Area": 0.895821229837906, "Electric_Facility_Type": null, "Easting": null, "Northing": null, "Description": null, "ID": "10/2/2_2", "GlobalID": "{3CE4B5D7-65F0-4F09-8CEB-64CF82F94DF1}", "القطاع": null, "الشركةالمنفذة": null}, "geometry": {"type": "MultiPolygon", "coordinates": [[[[31.565249905355273, 30.272194275235737], [31.565245947996058, 30.272190473941574], [31.56523377058846, 30.272199996983005], [31.5652377279476, 30.272203798277506], [31.565249905355273, 30.272194275235737]]]]}}, {"type": "Feature", "properties": {"shape_Length": 4.290397420739157, "shape_Area": 0.8958570152482992, "Electric_Facility_Type": null, "Easting": null, "Northing": null, "Description": null, "ID": "2/1/2_2", "GlobalID": "{EA87EEFC-51FF-48C0-B2B8-DC4FF510A3EE}", "القطاع": null, "الشركةالمنفذة": null}, "geometry": {"type": "MultiPolygon", "coordinates": [[[[31.563611694477125, 30.27220567733152], [31.563607737179744, 30.272201875987054], [31.56359555856568, 30.272211397980595], [31.56359951690221, 30.27221519932092], [31.563611694477125, 30.27220567733152]]]]}}, {"type": "Feature", "properties": {"shape_Length": 4.290310789109918, "shape_Area": 0.895821118991335, "Electric_Facility_Type": null, "Easting": null, "Northing": null, "Description": null, "ID": "4/3/2_5", "GlobalID": "{1B17DECA-FC4A-4CB4-9B09-EBE8FDA3B2EC}", "القطاع": null, "الشركةالمنفذة": null}, "geometry": {"type": "MultiPolygon", "coordinates": [[[[31.567344356184286, 30.272276371821032], [31.567333517949617, 30.272265699725466], [31.56732909571024, 30.272269093400812], [31.567339933944826, 30.27227976549676], [31.567344356184286, 30.272276371821032]]]]}}, {"type": "Feature", "properties": {"shape_Length": 3.9198322737010534, "shape_Area": 0.761905215988716, "Electric_Facility_Type": null, "Easting": null, "Northing": null, "Description": null, "ID": "3/1/2_6", "GlobalID": "{C28D773F-A92B-428E-981C-76B0E23D2444}", "القطاع": null, "الشركةالمنفذة": null}, "geometry": {"type": "MultiPolygon", "coordinates": [[[[31.564059155724507, 30.272323201282486], [31.564048738114934, 30.27231405967528], [31.5640447948641, 30.27231745569078], [31.5640552114293, 30.272326596400738], [31.564059155724507, 30.272323201282486]]]]}}, {"type": "Feature", "properties": {"shape_Length": 4.290310791916716, "shape_Area": 0.8958211197874296, "Electric_Facility_Type": null, "Easting": null, "Northing": null, "Description": null, "ID": "10/2/2_3", "GlobalID": "{FAB32D9B-9BFA-4968-AB58-145B69394068}", "القطاع": null, "الشركةالمنفذة": null}, "geometry": {"type": "MultiPolygon", "coordinates": [[[[31.565596911609838, 30.272329885256607], [31.56558607355578, 30.272319213014143], [31.565581651252945, 30.272322606631242], [31.56559248930689, 30.272333278874083], [31.565596911609838, 30.272329885256607]]]]}}, {"type": "Feature", "properties": {"shape_Length": 4.327678429577084, "shape_Area": 0.9252458787439996, "Electric_Facility_Type": null, "Easting": null, "Northing": null, "Description": null, "ID": null, "GlobalID": "{B83F8449-DFDF-42A0-9892-7C7663EA1DFB}", "القطاع": null, "الشركةالمنفذة": null}, "geometry": {"type": "MultiPolygon", "coordinates": [[[[31.553381446761886, 30.272410463004363], [31.55338131113163, 30.272405173085556], [31.553364923877094, 30.272405468643555], [31.553365059511513, 30.272410759464442], [31.553381446761886, 30.272410463004363]]]]}}, {"type": "Feature", "properties": {"shape_Length": 4.290310791916716, "shape_Area": 0.8958211197874296, "Electric_Facility_Type": null, "Easting": null, "Northing": null, "Description": null, "ID": "11/2/2_4", "GlobalID": "{32890A98-EDC3-4DF5-822A-B53E9F9EA60F}", "القطاع": null, "الشركةالمنفذة": null}, "geometry": {"type": "MultiPolygon", "coordinates": [[[[31.566712430978974, 30.272362124559574], [31.566701592802204, 30.272351452411076], [31.56669717053693, 30.272354846065376], [31.56670800871362, 30.272365518214237], [31.566712430978974, 30.272362124559574]]]]}}, {"type": "Feature", "properties": {"shape_Length": 4.290389998392065, "shape_Area": 0.8958428993190641, "Electric_Facility_Type": null, "Easting": null, "Northing": null, "Description": null, "ID": "5/1/2_5", "GlobalID": "{71D09559-A539-464C-941E-3E14F4077451}", "القطاع": null, "الشركةالمنفذة": null}, "geometry": {"type": "MultiPolygon", "coordinates": [[[[31.562071783388884, 30.272447888345067], [31.562067980322073, 30.272443969929142], [31.562055428396306, 30.27245311903231], [31.562059231463, 30.27245703744858], [31.562071783388884, 30.272447888345067]]]]}}, {"type": "Feature", "properties": {"shape_Length": 4.327760259848287, "shape_Area": 0.9253078500719569, "Electric_Facility_Type": null, "Easting": null, "Northing": null, "Description": null, "ID": "10/5/3_2", "GlobalID": "{21066B37-31C3-4078-9E28-D0B6A900BC39}", "القطاع": null, "الشركةالمنفذة": null}, "geometry": {"type": "MultiPolygon", "coordinates": [[[[31.557425358799783, 30.272479252502603], [31.557420686912987, 30.272475852710244], [31.557410136589578, 30.272486740123732], [31.55741480848164, 30.27249014081849], [31.557425358799783, 30.272479252502603]]]]}}, {"type": "Feature", "properties": {"shape_Length": 4.327576995282545, "shape_Area": 0.9251538895737423, "Electric_Facility_Type": null, "Easting": null, "Northing": null, "Description": null, "ID": "9/5/3_3", "GlobalID": "{83BAF303-A4F1-445D-8D9C-93AC0D6E1019}", "القطاع": null, "الشركةالمنفذة": null}, "geometry": {"type": "MultiPolygon", "coordinates": [[[[31.554937357657778, 30.272504199550802], [31.554933624821007, 30.272490346413278], [31.55492769129959, 30.272491559512456], [31.55493142413559, 30.27250541265016], [31.554937357657778, 30.272504199550802]]]]}}, {"type": "Feature", "properties": {"shape_Length": 4.290301753953884, "shape_Area": 0.8957873402541893, "Electric_Facility_Type": null, "Easting": null, "Northing": null, "Description": null, "ID": "2/1/2_1", "GlobalID": "{0EAABC8F-1A35-4550-AF5B-E02B3C390322}", "القطاع": null, "الشركةالمنفذة": null}, "geometry": {"type": "MultiPolygon", "coordinates": [[[[31.563324024818456, 30.27246397954702], [31.563319625960116, 30.272460563459315], [31.56330867759232, 30.272471150867798], [31.56331307645077, 30.272474566955893], [31.563324024818456, 30.27246397954702]]]]}}, {"type": "Feature", "properties": {"shape_Length": 4.3277718473827615, "shape_Area": 0.9252791795866336, "Electric_Facility_Type": null, "Easting": null, "Northing": null, "Description": null, "ID": "9/5/3_5", "GlobalID": "{1DA5F49C-5062-4BE9-8180-172CCEA7B961}", "القطاع": null, "الشركةالمنفذة": null}, "geometry": {"type": "MultiPolygon", "coordinates": [[[[31.55651016833363, 30.272555110621003], [31.55650549647419, 30.27255171079569], [31.556494946045653, 30.272562599038686], [31.556499617905263, 30.27256599886439], [31.55651016833363, 30.272555110621003]]]]}}, {"type": "Feature", "properties": {"shape_Length": 4.327727009727043, "shape_Area": 0.9252724701495046, "Electric_Facility_Type": null, "Easting": null, "Northing": null, "Description": null, "ID": "9/5/3_2", "GlobalID": "{3B7722E6-1388-4B30-BF0B-CF61D84B69EF}", "القطاع": null, "الشركةالمنفذة": null}, "geometry": {"type": "MultiPolygon", "coordinates": [[[[31.55544806623024, 30.27263800179279], [31.55544433331662, 30.272624148671078], [31.55543839874954, 30.27262536089575], [31.55544213166238, 30.272639214017637], [31.55544806623024, 30.27263800179279]]]]}}, {"type": "Feature", "properties": {"shape_Length": 3.919790109314964, "shape_Area": 0.7618718309117314, "Electric_Facility_Type": null, "Easting": null, "Northing": null, "Description": null, "ID": "3/1/2_4", "GlobalID": "{8BC6FC58-8DD5-4F43-AA0A-8549DBEC4C8D}", "القطاع": null, "الشركةالمنفذة": null}, "geometry": {"type": "MultiPolygon", "coordinates": [[[[31.56393885612536, 30.272621477857243], [31.563934695453227, 30.27261828357105], [31.56392486398601, 30.27262790104089], [31.563929024658254, 30.27263109532737], [31.56393885612536, 30.272621477857243]]]]}}, {"type": "Feature", "properties": {"shape_Length": 4.327915669573856, "shape_Area": 0.9253586395690596, "Electric_Facility_Type": null, "Easting": null, "Northing": null, "Description": null, "ID": "6/1/2_1", "GlobalID": "{08FB39DD-6894-404D-AFFC-D24DF4DCED9F}", "القطاع": null, "الشركةالمنفذة": null}, "geometry": {"type": "MultiPolygon", "coordinates": [[[[31.560526746782806, 30.272650808369615], [31.560522459326666, 30.272647046228304], [31.56051078913358, 30.272657037533143], [31.56051507762892, 30.272660799670398], [31.560526746782806, 30.272650808369615]]]]}}, {"type": "Feature", "properties": {"shape_Length": 4.327707010716807, "shape_Area": 0.9252868200744878, "Electric_Facility_Type": null, "Easting": null, "Northing": null, "Description": null, "ID": "6/3/2_6", "GlobalID": "{9E86DB10-6A91-4CFE-B1EF-E6B7D99D74F2}", "القطاع": null, "الشركةالمنفذة": null}, "geometry": {"type": "MultiPolygon", "coordinates": [[[[31.570717472588797, 30.272623377603697], [31.57070109680368, 30.272622773238336], [31.570700846746742, 30.27262806029951], [31.570717222537954, 30.272628665566895], [31.570717472588797, 30.272623377603697]]]]}}, {"type": "Feature", "properties": {"shape_Length": 4.327664794526444, "shape_Area": 0.9252167795944897, "Electric_Facility_Type": null, "Easting": null, "Northing": null, "Description": null, "ID": "6/1/2_4", "GlobalID": "{A48F991B-6BB5-435C-9F72-8E3F4BFE8B0C}", "القطاع": null, "الشركةالمنفذة": null}, "geometry": {"type": "MultiPolygon", "coordinates": [[[[31.561387460301003, 30.27267441180151], [31.56137543737711, 30.272664741940115], [31.56137130038886, 30.272668628514896], [31.561383323312835, 30.272678298376686], [31.561387460301003, 30.27267441180151]]]]}}, {"type": "Feature", "properties": {"shape_Length": 4.327813257741987, "shape_Area": 0.9253534542981983, "Electric_Facility_Type": null, "Easting": null, "Northing": null, "Description": null, "ID": "3/3/2_5", "GlobalID": "{D517FF71-09DC-4654-BE71-1AB9436BB959}", "القطاع": null, "الشركةالمنفذة": null}, "geometry": {"type": "MultiPolygon", "coordinates": [[[[31.569597731896966, 30.272640500089107], [31.56958223699644, 30.27263586052647], [31.569580256990818, 30.27264086644574], [31.56959575188684, 30.272645505106567], [31.569597731896966, 30.272640500089107]]]]}}, {"type": "Feature", "properties": {"shape_Length": 4.327664795886447, "shape_Area": 0.9252167799939339, "Electric_Facility_Type": null, "Easting": null, "Northing": null, "Description": null, "ID": "6/1/2_2", "GlobalID": "{640857AC-4A2F-4E5A-8422-11A89A5722E2}", "القطاع": null, "الشركةالمنفذة": null}, "geometry": {"type": "MultiPolygon", "coordinates": [[[[31.560907491962492, 30.27273337906185], [31.56089546907761, 30.272723709155958], [31.560891332067765, 30.27272759571584], [31.560903354952742, 30.272737265622098], [31.560907491962492, 30.27273337906185]]]]}}, {"type": "Feature", "properties": {"shape_Length": 4.290397421832818, "shape_Area": 0.8958570154825268, "Electric_Facility_Type": null, "Easting": null, "Northing": null, "Description": null, "ID": "11/2/2_5", "GlobalID": "{8C49106E-A6C0-4734-A492-D0A2BF90928A}", "القطاع": null, "الشركةالمنفذة": null}, "geometry": {"type": "MultiPolygon", "coordinates": [[[[31.567290363715014, 30.2727104756598], [31.56728640625716, 30.272706674428903], [31.567274227942466, 30.27271619676014], [31.567278186439463, 30.27271999798692], [31.567290363715014, 30.2727104756598]]]]}}, {"type": "Feature", "properties": {"shape_Length": 4.327688526563647, "shape_Area": 0.9252633297728245, "Electric_Facility_Type": null, "Easting": null, "Northing": null, "Description": null, "ID": "10/5/3_3", "GlobalID": "{323B0B17-C4C0-4ED2-8EDB-8FB97AA0C8E1}", "القطاع": null, "الشركةالمنفذة": null}, "geometry": {"type": "MultiPolygon", "coordinates": [[[[31.55760793568541, 30.272779962969], [31.55759643840234, 30.272769823263975], [31.55759209973151, 30.272773540993775], [31.557603597014577, 30.27278368069917], [31.55760793568541, 30.272779962969]]]]}}, {"type": "Feature", "properties": {"shape_Length": 4.290452005186125, "shape_Area": 0.8958943402307795, "Electric_Facility_Type": null, "Easting": null, "Northing": null, "Description": null, "ID": "4/3/2_6", "GlobalID": "{ED9B0626-6A4A-4D42-891B-0A0C8EB3201A}", "القطاع": null, "الشركةالمنفذة": null}, "geometry": {"type": "MultiPolygon", "coordinates": [[[[31.56782725919995, 30.272754274464965], [31.567816420860318, 30.272743602411477], [31.567811998616694, 30.27274699610296], [31.5678228369614, 30.272757669058855], [31.56782725919995, 30.272754274464965]]]]}}, {"type": "Feature", "properties": {"shape_Length": 4.327771847166813, "shape_Area": 0.9252791801206541, "Electric_Facility_Type": null, "Easting": null, "Northing": null, "Description": null, "ID": "9/5/3_1", "GlobalID": "{691FAE17-235B-4313-9AFE-DC84EE4E76C7}", "القطاع": null, "الشركةالمنفذة": null}, "geometry": {"type": "MultiPolygon", "coordinates": [[[[31.556248436195094, 30.272797342838818], [31.556243764332905, 30.272793943004306], [31.556233213849676, 30.272804831226516], [31.556237885712022, 30.272808231061383], [31.556248436195094, 30.272797342838818]]]]}}, {"type": "Feature", "properties": {"shape_Length": 4.327760259956065, "shape_Area": 0.9253078504551496, "Electric_Facility_Type": null, "Easting": null, "Northing": null, "Description": null, "ID": "10/5/3_1", "GlobalID": "{60EDD458-480A-46AA-B293-3935CA671644}", "القطاع": null, "الشركةالمنفذة": null}, "geometry": {"type": "MultiPolygon", "coordinates": [[[[31.556867198175425, 30.272836596152775], [31.556862526285315, 30.27283319543864], [31.556851975867087, 30.27284408370983], [31.556856647752277, 30.272847483522316], [31.556867198175425, 30.272836596152775]]]]}}, {"type": "Feature", "properties": {"shape_Length": 4.290452005186177, "shape_Area": 0.8958943402307795, "Electric_Facility_Type": null, "Easting": null, "Northing": null, "Description": null, "ID": "10/2/2_4", "GlobalID": "{E29EEF8A-04AE-4932-83E0-C26291763111}", "القطاع": null, "الشركةالمنفذة": null}, "geometry": {"type": "MultiPolygon", "coordinates": [[[[31.5660938588186, 30.2728229530661], [31.566083020656407, 30.272812280866965], [31.566078598349122, 30.272815674500663], [31.566089436516386, 30.2728263476022], [31.5660938588186, 30.2728229530661]]]]}}, {"type": "Feature", "properties": {"shape_Length": 3.919790108145045, "shape_Area": 0.761871829736868, "Electric_Facility_Type": null, "Easting": null, "Northing": null, "Description": null, "ID": "3/1/2_5", "GlobalID": "{E5E0DC93-36A1-4FF7-A03C-FE0BA18166EA}", "القطاع": null, "الشركةالمنفذة": null}, "geometry": {"type": "MultiPolygon", "coordinates": [[[[31.564344409944045, 30.27282598466783], [31.564340249250236, 30.27282279039495], [31.56433041780304, 30.27283240789468], [31.564334578496933, 30.27283560216789], [31.564344409944045, 30.27282598466783]]]]}}, {"type": "Feature", "properties": {"shape_Length": 4.3973407501505735, "shape_Area": 0.9591156214241023, "Electric_Facility_Type": null, "Easting": null, "Northing": null, "Description": null, "ID": null, "GlobalID": "{1B5FEC19-7E66-4775-ACBB-4E2EF3BEE485}", "القطاع": null, "الشركةالمنفذة": null}, "geometry": {"type": "MultiPolygon", "coordinates": [[[[31.565251545500878, 30.272835005074437], [31.565241612730055, 30.272823444899785], [31.56523661792184, 30.272826684017268], [31.565246551731637, 30.2728382441878], [31.565251545500878, 30.272835005074437]]]]}}, {"type": "Feature", "properties": {"shape_Length": 3.919832273713761, "shape_Area": 0.7619052162885086, "Electric_Facility_Type": null, "Easting": null, "Northing": null, "Description": null, "ID": "3/1/2_3", "GlobalID": "{80240300-3101-4529-B2D7-5C4ADB67A83A}", "القطاع": null, "الشركةالمنفذة": null}, "geometry": {"type": "MultiPolygon", "coordinates": [[[[31.563417875024246, 30.2728669360625], [31.563407458459338, 30.27285779530257], [31.563403514120303, 30.27286119040146], [31.563413931729574, 30.27287033205926], [31.563417875024246, 30.2728669360625]]]]}}, {"type": "Feature", "properties": {"shape_Length": 4.29030175401936, "shape_Area": 0.8957873406209906, "Electric_Facility_Type": null, "Easting": null, "Northing": null, "Description": null, "ID": "5/1/2_4", "GlobalID": "{49772069-A059-4247-BD2B-8E6661C21428}", "القطاع": null, "الشركةالمنفذة": null}, "geometry": {"type": "MultiPolygon", "coordinates": [[[[31.562819069955363, 30.272925023551963], [31.56281467109339, 30.27292160744757], [31.562803722620348, 30.272932194814434], [31.562808121482423, 30.27293561091921], [31.562819069955363, 30.272925023551963]]]]}}, {"type": "Feature", "properties": {"shape_Length": 4.327604185184821, "shape_Area": 0.9251901294625857, "Electric_Facility_Type": null, "Easting": null, "Northing": null, "Description": null, "ID": "7/5/3_3", "GlobalID": "{FD101037-EB33-471F-9720-E295252FF273}", "القطاع": null, "الشركةالمنفذة": null}, "geometry": {"type": "MultiPolygon", "coordinates": [[[[31.55431119567596, 30.27298766702031], [31.554308119840968, 30.27298309853737], [31.55429395655572, 30.272990259292694], [31.554297032390295, 30.27299482777597], [31.55431119567596, 30.27298766702031]]]]}}, {"type": "Feature", "properties": {"shape_Length": 4.32776026006405, "shape_Area": 0.9253078495379365, "Electric_Facility_Type": null, "Easting": null, "Northing": null, "Description": null, "ID": "2/1/3_3", "GlobalID": "{1F5C7DE8-D831-4480-9E44-D3BDD8AD5252}", "القطاع": null, "الشركةالمنفذة": null}, "geometry": {"type": "MultiPolygon", "coordinates": [[[[31.559594712030044, 30.273035090395076], [31.559590040043112, 30.273031690681673], [31.55957948990363, 30.273042578266793], [31.55958416189583, 30.273045978882575], [31.559594712030044, 30.273035090395076]]]]}}, {"type": "Feature", "properties": {"shape_Length": 4.327779237975375, "shape_Area": 0.9253123800827366, "Electric_Facility_Type": null, "Easting": null, "Northing": null, "Description": null, "ID": "1/5/3_5", "GlobalID": "{83300BDB-E98A-408A-B559-278EE03EC375}", "القطاع": null, "الشركةالمنفذة": null}, "geometry": {"type": "MultiPolygon", "coordinates": [[[[31.55657088916277, 30.27306000312309], [31.556558198015413, 30.273050999556734], [31.556554346791838, 30.27305510216074], [31.556567037939388, 30.273064105727443], [31.55657088916277, 30.27306000312309]]]]}}, {"type": "Feature", "properties": {"shape_Length": 4.327775925754853, "shape_Area": 0.9253175846387864, "Electric_Facility_Type": null, "Easting": null, "Northing": null, "Description": null, "ID": null, "GlobalID": "{EFAF2C3C-A3B2-4D77-A7D6-ADEB03FDA963}", "القطاع": null, "الشركةالمنفذة": null}, "geometry": {"type": "MultiPolygon", "coordinates": [[[[31.560863094307823, 30.273039497128412], [31.560858805782686, 30.273035735003155], [31.56084713661293, 30.273045725431075], [31.56085142409884, 30.273049487561142], [31.560863094307823, 30.273039497128412]]]]}}, {"type": "Feature", "properties": {"shape_Length": 4.327717955003957, "shape_Area": 0.9252679985510819, "Electric_Facility_Type": null, "Easting": null, "Northing": null, "Description": null, "ID": "6/3/2_4", "GlobalID": "{1D80F603-092D-4310-9FA8-3467CE168770}", "القطاع": null, "الشركةالمنفذة": null}, "geometry": {"type": "MultiPolygon", "coordinates": [[[[31.5701259733155, 30.273029045559124], [31.570122404708684, 30.2730247547193], [31.57010909931163, 30.273033062649322], [31.570112666878934, 30.273037353494015], [31.5701259733155, 30.273029045559124]]]]}}, {"type": "Feature", "properties": {"shape_Length": 3.9191871400872924, "shape_Area": 0.7616501499266144, "Electric_Facility_Type": null, "Easting": null, "Northing": null, "Description": null, "ID": "3/1/2_1", "GlobalID": "{9561FA2C-C1AF-4038-B4E2-3496E926CA49}", "القطاع": null, "الشركةالمنفذة": null}, "geometry": {"type": "MultiPolygon", "coordinates": [[[[31.563394452066213, 30.27308849292455], [31.563390287265413, 30.273085304051317], [31.563380469249758, 30.273094928638987], [31.563384634055794, 30.27309811841453], [31.563394452066213, 30.27308849292455]]]]}}, {"type": "Feature", "properties": {"shape_Length": 4.327695357470935, "shape_Area": 0.9252199403239689, "Electric_Facility_Type": null, "Easting": null, "Northing": null, "Description": null, "ID": "3/3/2_3", "GlobalID": "{0357E241-9907-493F-8063-CB6EB1006504}", "القطاع": null, "الشركةالمنفذة": null}, "geometry": {"type": "MultiPolygon", "coordinates": [[[[31.568771045379503, 30.27308030719319], [31.56876744783984, 30.273076035384364], [31.56875419988192, 30.273084413287897], [31.56875779742132, 30.27308868509708], [31.568771045379503, 30.27308030719319]]]]}}, {"type": "Feature", "properties": {"shape_Length": 4.290442893880144, "shape_Area": 0.8958613751284331, "Electric_Facility_Type": null, "Easting": null, "Northing": null, "Description": null, "ID": "2/1/3_4", "GlobalID": "{D8895E08-7575-44CB-8FD5-7CB6F431EBA9}", "القطاع": null, "الشركةالمنفذة": null}, "geometry": {"type": "MultiPolygon", "coordinates": [[[[31.560399373917342, 30.273134795935064], [31.56039497512833, 30.27313137974855], [31.560384026369306, 30.273141966916302], [31.56038842516352, 30.27314538400522], [31.560399373917342, 30.273134795935064]]]]}}, {"type": "Feature", "properties": {"shape_Length": 4.327859591439244, "shape_Area": 0.9253576800794263, "Electric_Facility_Type": null, "Easting": null, "Northing": null, "Description": null, "ID": "10/5/3_4", "GlobalID": "{7DD48A48-B865-43A6-A5D3-33BC51F60C1A}", "القطاع": null, "الشركةالمنفذة": null}, "geometry": {"type": "MultiPolygon", "coordinates": [[[[31.558088794725872, 30.273158849885068], [31.55807498341746, 30.273151188063288], [31.558071707961304, 30.27315565178501], [31.558085519270097, 30.2731633136071], [31.558088794725872, 30.273158849885068]]]]}}, {"type": "Feature", "properties": {"shape_Length": 3.9192031646745646, "shape_Area": 0.7616579442531414, "Electric_Facility_Type": null, "Easting": null, "Northing": null, "Description": null, "ID": "3/1/2_2", "GlobalID": "{2DF817C8-F998-41A2-9357-6CDDBB04CD52}", "القطاع": null, "الشركةالمنفذة": null}, "geometry": {"type": "MultiPolygon", "coordinates": [[[[31.564501693540777, 30.27312818872535], [31.564497527663846, 30.273124999892318], [31.564487710798122, 30.27313462545915], [31.56449187563592, 30.27313781429699], [31.564501693540777, 30.27312818872535]]]]}}, {"type": "Feature", "properties": {"shape_Length": 4.32763284459507, "shape_Area": 0.9252056398289861, "Electric_Facility_Type": null, "Easting": null, "Northing": null, "Description": null, "ID": "5/1/2_3", "GlobalID": "{A533F254-71A2-4C18-A782-EBAF65B6FD13}", "القطاع": null, "الشركةالمنفذة": null}, "geometry": {"type": "MultiPolygon", "coordinates": [[[[31.562510288550985, 30.27322762104513], [31.56250600099486, 30.273223858970383], [31.5624943319776, 30.27323385044501], [31.56249861952858, 30.27323761161813], [31.562510288550985, 30.27322762104513]]]]}}, {"type": "Feature", "properties": {"shape_Length": 4.327774369052833, "shape_Area": 0.9252816943817198, "Electric_Facility_Type": null, "Easting": null, "Northing": null, "Description": null, "ID": "6/1/2_5", "GlobalID": "{DD1EFCC0-D27B-4236-A56C-F761CA2F43F3}", "القطاع": null, "الشركةالمنفذة": null}, "geometry": {"type": "MultiPolygon", "coordinates": [[[[31.56124968153089, 30.273265073497157], [31.5612453929864, 30.273261312287016], [31.561233723830075, 30.273271302748892], [31.561238011340457, 30.27327506486587], [31.56124968153089, 30.273265073497157]]]]}}, {"type": "Feature", "properties": {"shape_Length": 4.397340767696, "shape_Area": 0.9591854495370193, "Electric_Facility_Type": null, "Easting": null, "Northing": null, "Description": null, "ID": "1/2/2_3", "GlobalID": "{DF6EEF18-9E90-4330-B575-473E70F76798}", "القطاع": null, "الشركةالمنفذة": null}, "geometry": {"type": "MultiPolygon", "coordinates": [[[[31.565700025312605, 30.27325900448853], [31.565690092446257, 30.273247444349863], [31.565685097636994, 30.273250684386344], [31.56569503049791, 30.27326224362336], [31.565700025312605, 30.27325900448853]]]]}}, {"type": "Feature", "properties": {"shape_Length": 4.3997333496550635, "shape_Area": 0.9598488212768942, "Electric_Facility_Type": null, "Easting": null, "Northing": null, "Description": null, "ID": "1/2/2_2", "GlobalID": "{5A9FE5A6-2C3A-42BC-B685-DB695869EAEF}", "القطاع": null, "الشركةالمنفذة": null}, "geometry": {"type": "MultiPolygon", "coordinates": [[[[31.565187349424722, 30.273269640074087], [31.56518288293627, 30.273265864426346], [31.565171264937003, 30.273276188771458], [31.56517573142551, 30.273279964419586], [31.565187349424722, 30.273269640074087]]]]}}, {"type": "Feature", "properties": {"shape_Length": 4.2903892377619925, "shape_Area": 0.8958212291518939, "Electric_Facility_Type": null, "Easting": null, "Northing": null, "Description": null, "ID": "3/3/2_1", "GlobalID": "{EEBF02AE-0A30-4599-A766-A7CDACE27AFC}", "القطاع": null, "الشركةالمنفذة": null}, "geometry": {"type": "MultiPolygon", "coordinates": [[[[31.567884325360293, 30.273292715917048], [31.567880367856137, 30.273288914705006], [31.567868190573193, 30.273298437988345], [31.567872148077292, 30.27330223920073], [31.567884325360293, 30.273292715917048]]]]}}, {"type": "Feature", "properties": {"shape_Length": 4.327619419365045, "shape_Area": 0.925234410196716, "Electric_Facility_Type": null, "Easting": null, "Northing": null, "Description": null, "ID": "10/5/3_5", "GlobalID": "{48528BFE-E578-4E58-9DD1-8B5CA370F28C}", "القطاع": null, "الشركةالمنفذة": null}, "geometry": {"type": "MultiPolygon", "coordinates": [[[[31.558503552302486, 30.273333102780132], [31.558498880338224, 30.273329703027645], [31.55848833004552, 30.273340590526242], [31.55849300200993, 30.273343990279084], [31.558503552302486, 30.273333102780132]]]]}}, {"type": "Feature", "properties": {"shape_Length": 4.327704265241497, "shape_Area": 0.9252688493288752, "Electric_Facility_Type": null, "Easting": null, "Northing": null, "Description": null, "ID": "7/5/3_5", "GlobalID": "{7579C1A5-739F-4C96-9469-12BCFA05DD31}", "القطاع": null, "الشركةالمنفذة": null}, "geometry": {"type": "MultiPolygon", "coordinates": [[[[31.553778272025372, 30.273370492743215], [31.553775195163382, 30.273365924252243], [31.553761031783985, 30.273373084950666], [31.553764108645534, 30.27337765344197], [31.553778272025372, 30.273370492743215]]]]}}, {"type": "Feature", "properties": {"shape_Length": 4.290397418111194, "shape_Area": 0.8958570137993476, "Electric_Facility_Type": null, "Easting": null, "Northing": null, "Description": null, "ID": "10/2/2_5", "GlobalID": "{6FFE0445-ED2A-4ED2-8A02-BFCC9059A387}", "القطاع": null, "الشركةالمنفذة": null}, "geometry": {"type": "MultiPolygon", "coordinates": [[[[31.56643847997838, 30.273362203070644], [31.56643452148713, 30.27335840181875], [31.566422344048693, 30.273367924067372], [31.566426301500634, 30.273371725324097], [31.56643847997838, 30.273362203070644]]]]}}, {"type": "Feature", "properties": {"shape_Length": 4.327675062685051, "shape_Area": 0.92525982015509, "Electric_Facility_Type": null, "Easting": null, "Northing": null, "Description": null, "ID": "4/1/2_1", "GlobalID": "{3B24DD29-6FCA-4AF0-A8A6-382D5E2F57DA}", "القطاع": null, "الشركةالمنفذة": null}, "geometry": {"type": "MultiPolygon", "coordinates": [[[[31.562892461128406, 30.273400630427783], [31.56288026328526, 30.27339112743445], [31.56287619731852, 30.273395070580047], [31.5628883951618, 30.273404573573767], [31.562892461128406, 30.273400630427783]]]]}}, {"type": "Feature", "properties": {"shape_Length": 4.327775925754853, "shape_Area": 0.9253175846387864, "Electric_Facility_Type": null, "Easting": null, "Northing": null, "Description": null, "ID": "6/1/2_6", "GlobalID": "{52D060E0-6489-4BAD-AFCE-F6EDE6865D19}", "القطاع": null, "الشركةالمنفذة": null}, "geometry": {"type": "MultiPolygon", "coordinates": [[[[31.56159104204118, 30.273408370326724], [31.56158675451164, 30.273404608221636], [31.561575084334464, 30.27341459871793], [31.561579372903235, 30.273418360818958], [31.56159104204118, 30.273408370326724]]]]}}, {"type": "Feature", "properties": {"shape_Length": 4.290436085371468, "shape_Area": 0.895825419595357, "Electric_Facility_Type": null, "Easting": null, "Northing": null, "Description": null, "ID": "4/1/2_2", "GlobalID": "{0DDF80A0-22C5-44CD-9C0A-2A9112C4D62E}", "القطاع": null, "الشركةالمنفذة": null}, "geometry": {"type": "MultiPolygon", "coordinates": [[[[31.56315489332588, 30.273403981493814], [31.563150494430847, 30.273400565401364], [31.563139544902786, 30.27341115280023], [31.563143943797936, 30.27341456889304], [31.56315489332588, 30.273403981493814]]]]}}, {"type": "Feature", "properties": {"shape_Length": 4.327784251496861, "shape_Area": 0.9252760011960529, "Electric_Facility_Type": null, "Easting": null, "Northing": null, "Description": null, "ID": "6/3/2_5", "GlobalID": "{251B314C-5249-42F2-860E-F1CBD3BC35ED}", "القطاع": null, "الشركةالمنفذة": null}, "geometry": {"type": "MultiPolygon", "coordinates": [[[[31.571037842740232, 30.273427201675265], [31.571025510806894, 30.273417829023487], [31.571021501537572, 30.27342181547051], [31.571033833471063, 30.273431188122675], [31.571037842740232, 30.273427201675265]]]]}}, {"type": "Feature", "properties": {"shape_Length": 4.29057018698319, "shape_Area": 0.8959313600095914, "Electric_Facility_Type": null, "Easting": null, "Northing": null, "Description": null, "ID": "2/1/3_5", "GlobalID": "{D75FE31D-955E-4496-9C28-804DC5C25ADA}", "القطاع": null, "الشركةالمنفذة": null}, "geometry": {"type": "MultiPolygon", "coordinates": [[[[31.560825461229843, 30.273466874150248], [31.5608210624062, 30.273463457076538], [31.560810112618, 30.27347404428375], [31.560814511441738, 30.273477461357786], [31.560825461229843, 30.273466874150248]]]]}}, {"type": "Feature", "properties": {"shape_Length": 4.327727009727043, "shape_Area": 0.9252724701495046, "Electric_Facility_Type": null, "Easting": null, "Northing": null, "Description": null, "ID": "1/5/3_4", "GlobalID": "{F25C2BE9-57E4-49A2-825B-C39C33560288}", "القطاع": null, "الشركةالمنفذة": null}, "geometry": {"type": "MultiPolygon", "coordinates": [[[[31.556211526087843, 30.27357913421595], [31.556207793029554, 30.27356528111976], [31.556201858415996, 30.273566493379477], [31.556205591473514, 30.273580346475832], [31.556211526087843, 30.27357913421595]]]]}}, {"type": "Feature", "properties": {"shape_Length": 4.327784250016311, "shape_Area": 0.9252759996870309, "Electric_Facility_Type": null, "Easting": null, "Northing": null, "Description": null, "ID": "6/3/2_3", "GlobalID": "{6B510E04-1565-42A7-8CD7-03DE3209194B}", "القطاع": null, "الشركةالمنفذة": null}, "geometry": {"type": "MultiPolygon", "coordinates": [[[[31.57027492329963, 30.27352837606786], [31.57026259142473, 30.27351900334359], [31.570258582120132, 30.273522989767613], [31.570270913995174, 30.273532362492254], [31.57027492329963, 30.27352837606786]]]]}}, {"type": "Feature", "properties": {"shape_Length": 4.327695356379927, "shape_Area": 0.9252199407526566, "Electric_Facility_Type": null, "Easting": null, "Northing": null, "Description": null, "ID": "3/3/2_4", "GlobalID": "{64D96396-3F42-48CF-94A0-B97CC08C77A5}", "القطاع": null, "الشركةالمنفذة": null}, "geometry": {"type": "MultiPolygon", "coordinates": [[[[31.56923779474475, 30.273541090622164], [31.56923419716796, 30.27353681882695], [31.569220949189273, 30.273545196777405], [31.56922454676581, 30.27354946857298], [31.56923779474475, 30.273541090622164]]]]}}, {"type": "Feature", "properties": {"shape_Length": 4.290452005362597, "shape_Area": 0.8958943396630453, "Electric_Facility_Type": null, "Easting": null, "Northing": null, "Description": null, "ID": "5/3/2_5", "GlobalID": "{0B87C95B-55C4-49B5-BD61-CF07FED976EF}", "القطاع": null, "الشركةالمنفذة": null}, "geometry": {"type": "MultiPolygon", "coordinates": [[[[31.567986520521057, 30.273616859175096], [31.56797568206287, 30.273606186235607], [31.567971259791843, 30.273609580834457], [31.567982098244727, 30.273620252872302], [31.567986520521057, 30.273616859175096]]]]}}, {"type": "Feature", "properties": {"shape_Length": 4.327632808567928, "shape_Area": 0.9252408599694923, "Electric_Facility_Type": null, "Easting": null, "Northing": null, "Description": null, "ID": "7/5/3_4", "GlobalID": "{37432C63-E203-437F-9076-173FF925EA20}", "القطاع": null, "الشركةالمنفذة": null}, "geometry": {"type": "MultiPolygon", "coordinates": [[[[31.55398236142882, 30.273708434132487], [31.553974367435607, 30.27369601427677], [31.55396904950479, 30.273698602154283], [31.553977043497536, 30.273711022010314], [31.55398236142882, 30.273708434132487]]]]}}, {"type": "Feature", "properties": {"shape_Length": 4.327607644832486, "shape_Area": 0.9251876448930106, "Electric_Facility_Type": null, "Easting": null, "Northing": null, "Description": null, "ID": "1/5/3_3", "GlobalID": "{68417D28-537C-41E2-B0EE-4BBE93B892A6}", "القطاع": null, "الشركةالمنفذة": null}, "geometry": {"type": "MultiPolygon", "coordinates": [[[[31.55661297258152, 30.27373239133704], [31.55660830169633, 30.273728990610294], [31.556597751155504, 30.27373987886107], [31.556602422035798, 30.273743278686158], [31.55661297258152, 30.27373239133704]]]]}}, {"type": "Feature", "properties": {"shape_Length": 4.3276383645288385, "shape_Area": 0.9252329247958444, "Electric_Facility_Type": null, "Easting": null, "Northing": null, "Description": null, "ID": null, "GlobalID": "{E315542E-EA77-47AB-A47E-824F215E90A9}", "القطاع": null, "الشركةالمنفذة": null}, "geometry": {"type": "MultiPolygon", "coordinates": [[[[31.556471467666483, 30.27377403034402], [31.55645877644018, 30.273765027672088], [31.55645492517995, 30.273769129371082], [31.556467616411517, 30.273778132945402], [31.556471467666483, 30.27377403034402]]]]}}, {"type": "Feature", "properties": {"shape_Length": 4.399772974304093, "shape_Area": 0.9598270156405164, "Electric_Facility_Type": null, "Easting": null, "Northing": null, "Description": null, "ID": "1/2/2_5", "GlobalID": "{8C8F0B57-2E44-43CD-8B6B-A28CA7C3CEC1}", "القطاع": null, "الشركةالمنفذة": null}, "geometry": {"type": "MultiPolygon", "coordinates": [[[[31.565701796801065, 30.273745356116727], [31.565697850650594, 30.273741166910785], [31.565684962001576, 30.2737502844356], [31.565688907117813, 30.273754474548397], [31.565701796801065, 30.273745356116727]]]]}}, {"type": "Feature", "properties": {"shape_Length": 4.327664794526444, "shape_Area": 0.9252167795944897, "Electric_Facility_Type": null, "Easting": null, "Northing": null, "Description": null, "ID": "2/1/3_6", "GlobalID": "{E9CE2DBA-CF15-441B-B6C3-70B2DD5B5B81}", "القطاع": null, "الشركةالمنفذة": null}, "geometry": {"type": "MultiPolygon", "coordinates": [[[[31.561200446153652, 30.27377193602931], [31.561188423112224, 30.273762266153824], [31.561184286071196, 30.27376615272272], [31.56119630911272, 30.273775822598605], [31.561200446153652, 30.27377193602931]]]]}}, {"type": "Feature", "properties": {"shape_Length": 3.919203164674565, "shape_Area": 0.7616579442531414, "Electric_Facility_Type": null, "Easting": null, "Northing": null, "Description": null, "ID": "1/2/2_1", "GlobalID": "{55ECF17B-B2FC-4B34-B4A6-FFE98F2B6D02}", "القطاع": null, "الشركةالمنفذة": null}, "geometry": {"type": "MultiPolygon", "coordinates": [[[[31.56462260525851, 30.273767371316747], [31.564618440389633, 30.273764182483763], [31.564608622434058, 30.27377380806388], [31.564612788342277, 30.27377699689267], [31.56462260525851, 30.273767371316747]]]]}}, {"type": "Feature", "properties": {"shape_Length": 4.327695181619802, "shape_Area": 0.925300339744687, "Electric_Facility_Type": null, "Easting": null, "Northing": null, "Description": null, "ID": "6/3/2_2", "GlobalID": "{548381EC-F9A5-4782-8698-3329F02F49A2}", "القطاع": null, "الشركةالمنفذة": null}, "geometry": {"type": "MultiPolygon", "coordinates": [[[[31.569470177807737, 30.27376612018946], [31.56946658020742, 30.273761847498964], [31.569453333258192, 30.273770225468304], [31.569456930858262, 30.273774498159117], [31.569470177807737, 30.27376612018946]]]]}}, {"type": "Feature", "properties": {"shape_Length": 4.399008174986033, "shape_Area": 0.9596741697687785, "Electric_Facility_Type": null, "Easting": null, "Northing": null, "Description": null, "ID": "1/2/2_4", "GlobalID": "{90935FC4-D7E4-4070-BC7F-0A4F9C356EA8}", "القطاع": null, "الشركةالمنفذة": null}, "geometry": {"type": "MultiPolygon", "coordinates": [[[[31.566273612298705, 30.273804937082918], [31.56626287493235, 30.273793922591636], [31.56625812064313, 30.273797424105837], [31.566268858009348, 30.273808438597506], [31.566273612298705, 30.273804937082918]]]]}}, {"type": "Feature", "properties": {"shape_Length": 4.327675062685051, "shape_Area": 0.92525982015509, "Electric_Facility_Type": null, "Easting": null, "Northing": null, "Description": null, "ID": "1/2/3_2", "GlobalID": "{5B5DDA67-8AFE-4048-9207-FE0E1296AE62}", "القطاع": null, "الشركةالمنفذة": null}, "geometry": {"type": "MultiPolygon", "coordinates": [[[[31.558149410213744, 30.273849996929684], [31.558137212763864, 30.273840493490056], [31.558133146586847, 30.273844436490734], [31.558145344036838, 30.273853939930717], [31.558149410213744, 30.273849996929684]]]]}}, {"type": "Feature", "properties": {"shape_Length": 4.290256109749491, "shape_Area": 0.8957833599022136, "Electric_Facility_Type": null, "Easting": null, "Northing": null, "Description": null, "ID": "5/3/2_4", "GlobalID": "{BC3713E1-D9B7-46E9-BCE4-4583BA3B8A59}", "القطاع": null, "الشركةالمنفذة": null}, "geometry": {"type": "MultiPolygon", "coordinates": [[[[31.568472907306216, 30.273881052852488], [31.568468949755676, 30.273877251659183], [31.568456772453636, 30.27388677409457], [31.568460730004098, 30.27389057528826], [31.568472907306216, 30.273881052852488]]]]}}, {"type": "Feature", "properties": {"shape_Length": 4.327816415488282, "shape_Area": 0.9253379150224319, "Electric_Facility_Type": null, "Easting": null, "Northing": null, "Description": null, "ID": "5/1/2_2", "GlobalID": "{0E82C4E0-915E-4899-9998-26D14F5A3C03}", "القطاع": null, "الشركةالمنفذة": null}, "geometry": {"type": "MultiPolygon", "coordinates": [[[[31.56234815115111, 30.27392249764463], [31.562335953289015, 30.27391299369946], [31.562331887284227, 30.27391693773042], [31.562344085141284, 30.27392644077395], [31.56234815115111, 30.27392249764463]]]]}}, {"type": "Feature", "properties": {"shape_Length": 4.327675062685051, "shape_Area": 0.92525982015509, "Electric_Facility_Type": null, "Easting": null, "Northing": null, "Description": null, "ID": "4/1/2_3", "GlobalID": "{7450005A-7528-49F1-ABC9-280CA519880E}", "القطاع": null, "الشركةالمنفذة": null}, "geometry": {"type": "MultiPolygon", "coordinates": [[[[31.563557434945874, 30.27391912865551], [31.563545236974733, 30.273909625726457], [31.563541171013906, 30.273913568892343], [31.56355336898515, 30.27392307182175], [31.563557434945874, 30.27391912865551]]]]}}, {"type": "Feature", "properties": {"shape_Length": 4.290538509424831, "shape_Area": 0.895934805058656, "Electric_Facility_Type": null, "Easting": null, "Northing": null, "Description": null, "ID": "6/2/2_5", "GlobalID": "{C4DCC7C3-600D-4963-A89A-DC20B33B7B9E}", "القطاع": null, "الشركةالمنفذة": null}, "geometry": {"type": "MultiPolygon", "coordinates": [[[[31.56703218497551, 30.27394625504676], [31.567028226432683, 30.273942452911733], [31.567016048986513, 30.27395197611697], [31.567020006484853, 30.273955777354825], [31.56703218497551, 30.27394625504676]]]]}}, {"type": "Feature", "properties": {"shape_Length": 4.327607645155705, "shape_Area": 0.9251876447420898, "Electric_Facility_Type": null, "Easting": null, "Northing": null, "Description": null, "ID": "1/5/3_1", "GlobalID": "{6D02C967-30C9-49D3-A93C-20E588B8139D}", "القطاع": null, "الشركةالمنفذة": null}, "geometry": {"type": "MultiPolygon", "coordinates": [[[[31.557874325872373, 30.27407761381927], [31.557869654932986, 30.274074214040468], [31.557859104491715, 30.27408510148902], [31.557863775436363, 30.274088502170198], [31.557874325872373, 30.27407761381927]]]]}}, {"type": "Feature", "properties": {"shape_Length": 4.290442520843346, "shape_Area": 0.8958536302999862, "Electric_Facility_Type": null, "Easting": null, "Northing": null, "Description": null, "ID": "6/2/2_4", "GlobalID": "{1FF28F82-664B-4ED2-9324-EEA273FF35B0}", "القطاع": null, "الشركةالمنفذة": null}, "geometry": {"type": "MultiPolygon", "coordinates": [[[[31.567372001599022, 30.274083079332474], [31.567361162115155, 30.274072406347152], [31.56735674084122, 30.274075800921086], [31.567367579280567, 30.274086473009227], [31.567372001599022, 30.274083079332474]]]]}}, {"type": "Feature", "properties": {"shape_Length": 4.327638365965284, "shape_Area": 0.925232925217687, "Electric_Facility_Type": null, "Easting": null, "Northing": null, "Description": null, "ID": "1/5/3_2", "GlobalID": "{A56181F1-A37E-4F4E-92F2-0D5CF779705D}", "القطاع": null, "الشركةالمنفذة": null}, "geometry": {"type": "MultiPolygon", "coordinates": [[[[31.557121519516077, 30.27413467510009], [31.557108828179448, 30.27412567159098], [31.557104976937822, 30.27412977421072], [31.55711766826956, 30.274138776818187], [31.557121519516077, 30.27413467510009]]]]}}, {"type": "Feature", "properties": {"shape_Length": 4.327760259956065, "shape_Area": 0.9253078504551496, "Electric_Facility_Type": null, "Easting": null, "Northing": null, "Description": null, "ID": "1/2/3_1", "GlobalID": "{030A0432-392D-4D1A-9C2A-C1C01197EC18}", "القطاع": null, "الشركةالمنفذة": null}, "geometry": {"type": "MultiPolygon", "coordinates": [[[[31.55850711027223, 30.274131642784464], [31.55850243826957, 30.274128243033], [31.55849188789333, 30.274139130531637], [31.558496559901243, 30.27414253118549], [31.55850711027223, 30.274131642784464]]]]}}, {"type": "Feature", "properties": {"shape_Length": 4.29044289269465, "shape_Area": 0.8958613738128468, "Electric_Facility_Type": null, "Easting": null, "Northing": null, "Description": null, "ID": "1/1/3_1", "GlobalID": "{FAB80B02-2AF6-4FF7-B520-39FD5D6397D0}", "القطاع": null, "الشركةالمنفذة": null}, "geometry": {"type": "MultiPolygon", "coordinates": [[[[31.56166479348545, 30.274125825093588], [31.561660394608584, 30.27412240895124], [31.56164944587891, 30.2741329962229], [31.561653844761015, 30.274136413267644], [31.56166479348545, 30.274125825093588]]]]}}, {"type": "Feature", "properties": {"shape_Length": 4.290436085371467, "shape_Area": 0.895825419595357, "Electric_Facility_Type": null, "Easting": null, "Northing": null, "Description": null, "ID": "5/1/2_1", "GlobalID": "{612A06D7-72B7-4C74-A49E-EFE60CBF7DC9}", "القطاع": null, "الشركةالمنفذة": null}, "geometry": {"type": "MultiPolygon", "coordinates": [[[[31.56238545528641, 30.274147948706485], [31.562381056383966, 30.27414453258867], [31.562370106691024, 30.274155119924078], [31.56237450559355, 30.27415853604227], [31.56238545528641, 30.274147948706485]]]]}}, {"type": "Feature", "properties": {"shape_Length": 4.290310789109918, "shape_Area": 0.895821118991335, "Electric_Facility_Type": null, "Easting": null, "Northing": null, "Description": null, "ID": "5/3/2_3", "GlobalID": "{BF79D148-E61E-4821-9D09-9F69EF1D71EE}", "القطاع": null, "الشركةالمنفذة": null}, "geometry": {"type": "MultiPolygon", "coordinates": [[[[31.568576516351527, 30.274197610504327], [31.568565677770657, 30.27418693851826], [31.568561255489364, 30.27419033223481], [31.568572094070152, 30.274201004221215], [31.568576516351527, 30.274197610504327]]]]}}, {"type": "Feature", "properties": {"shape_Length": 4.3277718473827615, "shape_Area": 0.9252791795866337, "Electric_Facility_Type": null, "Easting": null, "Northing": null, "Description": null, "ID": "2/5/3_3", "GlobalID": "{70BE8FEE-7894-4DB4-A982-9A82E0737D22}", "القطاع": null, "الشركةالمنفذة": null}, "geometry": {"type": "MultiPolygon", "coordinates": [[[[31.555477822012627, 30.274272447544917], [31.555473150105843, 30.274269047684196], [31.555462599381443, 30.274279935844906], [31.5554672712884, 30.27428333570597], [31.555477822012627, 30.274272447544917]]]]}}, {"type": "Feature", "properties": {"shape_Length": 4.327857412353321, "shape_Area": 0.9253478805352624, "Electric_Facility_Type": null, "Easting": null, "Northing": null, "Description": null, "ID": "6/3/2_1", "GlobalID": "{BDBBC781-74F3-4EC9-9445-851E3261B594}", "القطاع": null, "الشركةالمنفذة": null}, "geometry": {"type": "MultiPolygon", "coordinates": [[[[31.569933900572956, 30.27422518405851], [31.56993030293568, 30.274220911381526], [31.569917054926428, 30.27422928940196], [31.569920652563432, 30.274233562079292], [31.569933900572956, 30.27422518405851]]]]}}, {"type": "Feature", "properties": {"shape_Length": 4.327771847166813, "shape_Area": 0.9252791801206541, "Electric_Facility_Type": null, "Easting": null, "Northing": null, "Description": null, "ID": "2/5/3_2", "GlobalID": "{238819E4-C901-4A2C-80B8-0DFC7C9C43B9}", "القطاع": null, "الشركةالمنفذة": null}, "geometry": {"type": "MultiPolygon", "coordinates": [[[[31.55460062203102, 30.274373238118837], [31.55459595014912, 30.27436983822656], [31.554585399316117, 30.27438072631773], [31.554590071198177, 30.274384126210364], [31.55460062203102, 30.274373238118837]]]]}}, {"type": "Feature", "properties": {"shape_Length": 4.327675062488837, "shape_Area": 0.9252598197238411, "Electric_Facility_Type": null, "Easting": null, "Northing": null, "Description": null, "ID": "4/1/2_5", "GlobalID": "{6A6CCBA8-E1D9-41BB-BB96-CF26990F51DD}", "القطاع": null, "الشركةالمنفذة": null}, "geometry": {"type": "MultiPolygon", "coordinates": [[[[31.564128360705055, 30.27436275248627], [31.56411616262424, 30.27435324961246], [31.56411209666854, 30.27435719279573], [31.564124294749476, 30.274366695669926], [31.564128360705055, 30.27436275248627]]]]}}, {"type": "Feature", "properties": {"shape_Length": 4.327771847166813, "shape_Area": 0.9252791801206541, "Electric_Facility_Type": null, "Easting": null, "Northing": null, "Description": null, "ID": "1/2/3_3", "GlobalID": "{15BA2A62-9653-4F6D-94B2-D8657C85B42B}", "القطاع": null, "الشركةالمنفذة": null}, "geometry": {"type": "MultiPolygon", "coordinates": [[[[31.55989916829042, 30.274431956184525], [31.559894496226214, 30.27442855648366], [31.559883945979024, 30.27443944499446], [31.559888618043388, 30.27444284469568], [31.55989916829042, 30.274431956184525]]]]}}, {"type": "Feature", "properties": {"shape_Length": 4.327816417924884, "shape_Area": 0.9253379160458157, "Electric_Facility_Type": null, "Easting": null, "Northing": null, "Description": null, "ID": "4/1/2_4", "GlobalID": "{B8F7D7FF-FC23-490D-8B41-FF77554E108A}", "القطاع": null, "الشركةالمنفذة": null}, "geometry": {"type": "MultiPolygon", "coordinates": [[[[31.563015821455497, 30.27444371298931], [31.563003623469974, 30.27443421001072], [31.562999557465943, 30.274438153160016], [31.563011755456714, 30.27444765704099], [31.563015821455497, 30.27444371298931]]]]}}, {"type": "Feature", "properties": {"shape_Length": 4.290530548011914, "shape_Area": 0.8958948904182022, "Electric_Facility_Type": null, "Easting": null, "Northing": null, "Description": null, "ID": "5/3/2_2", "GlobalID": "{44279DF7-FFA4-4331-B2B8-EC11A1C82C98}", "القطاع": null, "الشركةالمنفذة": null}, "geometry": {"type": "MultiPolygon", "coordinates": [[[[31.569073915230476, 30.27445923293208], [31.56906995763349, 30.274455431757865], [31.56905777928595, 30.27446495515503], [31.569061737922073, 30.274468756325103], [31.569073915230476, 30.27445923293208]]]]}}, {"type": "Feature", "properties": {"shape_Length": 4.3277718473827615, "shape_Area": 0.9252791795866336, "Electric_Facility_Type": null, "Easting": null, "Northing": null, "Description": null, "ID": "1/2/3_4", "GlobalID": "{9FF11144-66AE-41E5-AC9F-B9D19029BDB8}", "القطاع": null, "الشركةالمنفذة": null}, "geometry": {"type": "MultiPolygon", "coordinates": [[[[31.558983328765162, 30.27450797248644], [31.558978656728335, 30.27450457275262], [31.558968106370834, 30.27451546119086], [31.55897277840781, 30.27451886092508], [31.558983328765162, 30.27450797248644]]]]}}, {"type": "Feature", "properties": {"shape_Length": 4.555262909814635, "shape_Area": 1.0297017702449314, "Electric_Facility_Type": null, "Easting": null, "Northing": null, "Description": null, "ID": "7/2/2_4", "GlobalID": "{C8B3E53A-456D-4428-B9BA-9C2E47735E9B}", "القطاع": null, "الشركةالمنفذة": null}, "geometry": {"type": "MultiPolygon", "coordinates": [[[[31.56698170701082, 30.27450871414233], [31.566977556442364, 30.27450441400661], [31.566964359753207, 30.27451399844227], [31.56696851032151, 30.274518298578396], [31.56698170701082, 30.27450871414233]]]]}}, {"type": "Feature", "properties": {"shape_Length": 4.327624816037142, "shape_Area": 0.9251907510748804, "Electric_Facility_Type": null, "Easting": null, "Northing": null, "Description": null, "ID": "2/5/3_4", "GlobalID": "{864F354C-C8AD-433F-B68A-20EF622C54F9}", "القطاع": null, "الشركةالمنفذة": null}, "geometry": {"type": "MultiPolygon", "coordinates": [[[[31.555705903562707, 30.274599335501946], [31.555693212292528, 30.274590331855393], [31.555689360968458, 30.27459443353216], [31.55570205223882, 30.274603437179092], [31.555705903562707, 30.274599335501946]]]]}}, {"type": "Feature", "properties": {"shape_Length": 4.290452005362597, "shape_Area": 0.8958943396630453, "Electric_Facility_Type": null, "Easting": null, "Northing": null, "Description": null, "ID": "6/2/2_3", "GlobalID": "{0A13DFB4-6066-4EA7-A32B-B1FF1527B5F8}", "القطاع": null, "الشركةالمنفذة": null}, "geometry": {"type": "MultiPolygon", "coordinates": [[[[31.56788065049888, 30.274576047055845], [31.567869811944853, 30.274565374110313], [31.567865389627663, 30.274568768705713], [31.567876228176416, 30.274579440749566], [31.56788065049888, 30.274576047055845]]]]}}, {"type": "Feature", "properties": {"shape_Length": 4.327760260172013, "shape_Area": 0.9253078499211292, "Electric_Facility_Type": null, "Easting": null, "Northing": null, "Description": null, "ID": "2/5/3_1", "GlobalID": "{DBCD128C-74C1-4237-8F52-033A5277FA53}", "القطاع": null, "الشركةالمنفذة": null}, "geometry": {"type": "MultiPolygon", "coordinates": [[[[31.554921141341996, 30.27462545588348], [31.55491646943207, 30.274622055101048], [31.554905918608373, 30.274632943217544], [31.554910590513394, 30.274636343098326], [31.554921141341996, 30.27462545588348]]]]}}, {"type": "Feature", "properties": {"shape_Length": 4.327760259848336, "shape_Area": 0.9253078500719569, "Electric_Facility_Type": null, "Easting": null, "Northing": null, "Description": null, "ID": "2/2/3_1", "GlobalID": "{6B7A45BD-E5DA-47CB-AF03-A717CAFC2EE6}", "القطاع": null, "الشركةالمنفذة": null}, "geometry": {"type": "MultiPolygon", "coordinates": [[[[31.56061410968685, 30.27461210961164], [31.56060943758979, 30.27460870993681], [31.560598887398434, 30.27461959760215], [31.56060355950077, 30.27462299817937], [31.56061410968685, 30.27461210961164]]]]}}, {"type": "Feature", "properties": {"shape_Length": 4.3997322887956924, "shape_Area": 0.9598129045586672, "Electric_Facility_Type": null, "Easting": null, "Northing": null, "Description": null, "ID": "7/2/2_2", "GlobalID": "{716D3E19-9580-4CFF-871D-171020676F24}", "القطاع": null, "الشركةالمنفذة": null}, "geometry": {"type": "MultiPolygon", "coordinates": [[[[31.56613078890315, 30.27463157913703], [31.56612632335582, 30.274627803519007], [31.566114704259476, 30.27463812795096], [31.566119170846072, 30.274641903564884], [31.56613078890315, 30.27463157913703]]]]}}, {"type": "Feature", "properties": {"shape_Length": 4.29031079200515, "shape_Area": 0.8958211201665711, "Electric_Facility_Type": null, "Easting": null, "Northing": null, "Description": null, "ID": "6/2/2_2", "GlobalID": "{E5994EF2-17AC-4E68-B0ED-0036E8EA7B7D}", "القطاع": null, "الشركةالمنفذة": null}, "geometry": {"type": "MultiPolygon", "coordinates": [[[[31.567970158129473, 30.274665290031695], [31.56795931956111, 30.274654617996003], [31.5679548972379, 30.274658011692352], [31.56796573580617, 30.274668683728404], [31.567970158129473, 30.274665290031695]]]]}}, {"type": "Feature", "properties": {"shape_Length": 4.290461483040107, "shape_Area": 0.8958638602825528, "Electric_Facility_Type": null, "Easting": null, "Northing": null, "Description": null, "ID": "5/3/2_1", "GlobalID": "{76DE8141-C0B4-4477-B761-0D6EB4C9934F}", "القطاع": null, "الشركةالمنفذة": null}, "geometry": {"type": "MultiPolygon", "coordinates": [[[[31.56907850459247, 30.274691605460113], [31.56906766589761, 30.274680932615755], [31.56906324361202, 30.274684326349092], [31.56907408230679, 30.27469499919377], [31.56907850459247, 30.274691605460113]]]]}}, {"type": "Feature", "properties": {"shape_Length": 4.2905701870485515, "shape_Area": 0.8959313603763464, "Electric_Facility_Type": null, "Easting": null, "Northing": null, "Description": null, "ID": "1/1/3_2", "GlobalID": "{F1DB9EB5-3CCF-4C29-89BE-B033BC00756A}", "القطاع": null, "الشركةالمنفذة": null}, "geometry": {"type": "MultiPolygon", "coordinates": [[[[31.562450521774654, 30.274739090006324], [31.56244612283816, 30.274735672989337], [31.562435173087714, 30.274746260329948], [31.56243957202432, 30.274749677347316], [31.562450521774654, 30.274739090006324]]]]}}, {"type": "Feature", "properties": {"shape_Length": 4.32762481578485, "shape_Area": 0.9251907502893097, "Electric_Facility_Type": null, "Easting": null, "Northing": null, "Description": null, "ID": "1/4/3_5", "GlobalID": "{D6A60D39-39F8-491B-B90B-0B6971E35AC3}", "القطاع": null, "الشركةالمنفذة": null}, "geometry": {"type": "MultiPolygon", "coordinates": [[[[31.55794012470334, 30.274776909535493], [31.557927433209695, 30.27476790610857], [31.557923581972798, 30.27477200784985], [31.55793627346662, 30.274781011277152], [31.55794012470334, 30.274776909535493]]]]}}, {"type": "Feature", "properties": {"shape_Length": 4.327760261161964, "shape_Area": 0.9253078508082606, "Electric_Facility_Type": null, "Easting": null, "Northing": null, "Description": null, "ID": "1/2/3_5", "GlobalID": "{F9151792-DCAC-4C77-9840-DBF5E0B7D11C}", "القطاع": null, "الشركةالمنفذة": null}, "geometry": {"type": "MultiPolygon", "coordinates": [[[[31.55934183227876, 30.27478842547878], [31.55933716021124, 30.274785024856183], [31.559326609864303, 30.27479591332273], [31.559331281926877, 30.274799313043683], [31.55934183227876, 30.27478842547878]]]]}}, {"type": "Feature", "properties": {"shape_Length": 4.3277718473827615, "shape_Area": 0.9252791795866336, "Electric_Facility_Type": null, "Easting": null, "Northing": null, "Description": null, "ID": null, "GlobalID": "{BB8326ED-1047-4F3B-A34A-8D8D08C16329}", "القطاع": null, "الشركةالمنفذة": null}, "geometry": {"type": "MultiPolygon", "coordinates": [[[[31.555086597096924, 30.274834462870224], [31.555081925176435, 30.274831062996025], [31.555071374349247, 30.27484195112555], [31.555076046269885, 30.27484535100012], [31.555086597096924, 30.274834462870224]]]]}}, {"type": "Feature", "properties": {"shape_Length": 4.32777189066919, "shape_Area": 0.9253076400898067, "Electric_Facility_Type": null, "Easting": null, "Northing": null, "Description": null, "ID": "1/4/3_4", "GlobalID": "{9939D590-B107-4C91-992A-FAB15EEB4FA5}", "القطاع": null, "الشركةالمنفذة": null}, "geometry": {"type": "MultiPolygon", "coordinates": [[[[31.557290170312736, 30.274858576741124], [31.557286437052063, 30.274844723680893], [31.557280502380955, 30.27484593689207], [31.557284235640847, 30.274859789952465], [31.557290170312736, 30.274858576741124]]]]}}, {"type": "Feature", "properties": {"shape_Length": 4.327779237975375, "shape_Area": 0.9253123800827366, "Electric_Facility_Type": null, "Easting": null, "Northing": null, "Description": null, "ID": "2/5/3_5", "GlobalID": "{D45F89D8-D96F-4893-BCD6-9EAE33473CFA}", "القطاع": null, "الشركةالمنفذة": null}, "geometry": {"type": "MultiPolygon", "coordinates": [[[[31.556294775934656, 30.27491398220288], [31.55628208457072, 30.274904978614998], [31.55627823326442, 30.274909081210765], [31.556290924628552, 30.27491808479902], [31.556294775934656, 30.27491398220288]]]]}}, {"type": "Feature", "properties": {"shape_Length": 4.327816415488281, "shape_Area": 0.9253379150224319, "Electric_Facility_Type": null, "Easting": null, "Northing": null, "Description": null, "ID": "1/1/3_5", "GlobalID": "{F8854812-4ED9-44CD-B9BD-46DC0B4C1935}", "القطاع": null, "الشركةالمنفذة": null}, "geometry": {"type": "MultiPolygon", "coordinates": [[[[31.563583677245123, 30.274885404823568], [31.563571479150443, 30.274875901899918], [31.563567413151485, 30.274879845066508], [31.563579611251434, 30.274889348892543], [31.563583677245123, 30.274885404823568]]]]}}, {"type": "Feature", "properties": {"shape_Length": 4.327675062619584, "shape_Area": 0.9252598204457092, "Electric_Facility_Type": null, "Easting": null, "Northing": null, "Description": null, "ID": "5/2/3_3", "GlobalID": "{C9181C6C-FCE4-43DF-911C-91ACBA41EB6B}", "القطاع": null, "الشركةالمنفذة": null}, "geometry": {"type": "MultiPolygon", "coordinates": [[[[31.564796585286732, 30.274884053647472], [31.564784387077264, 30.27487455083829], [31.5647803211275, 30.27487849404196], [31.56479251933706, 30.274887996851483], [31.564796585286732, 30.274884053647472]]]]}}, {"type": "Feature", "properties": {"shape_Length": 4.327675062619584, "shape_Area": 0.9252598204457092, "Electric_Facility_Type": null, "Easting": null, "Northing": null, "Description": null, "ID": "5/2/3_2", "GlobalID": "{EDFB27FB-B649-4F57-A0FF-EAA4920F4954}", "القطاع": null, "الشركةالمنفذة": null}, "geometry": {"type": "MultiPolygon", "coordinates": [[[[31.564895408890354, 30.274962087714968], [31.564883210661748, 30.274952584915354], [31.56487914471281, 30.27495652812202], [31.564891342941525, 30.274966030922002], [31.564895408890354, 30.274962087714968]]]]}}, {"type": "Feature", "properties": {"shape_Length": 4.399936695663594, "shape_Area": 0.9599583799272915, "Electric_Facility_Type": null, "Easting": null, "Northing": null, "Description": null, "ID": "7/2/2_5", "GlobalID": "{DD77E19C-B9A7-46E6-9584-CA811A1CB67F}", "القطاع": null, "الشركةالمنفذة": null}, "geometry": {"type": "MultiPolygon", "coordinates": [[[[31.567256191027383, 30.274958330391406], [31.567243926743874, 30.274948584547744], [31.56723972297659, 30.27495258164362], [31.567251987260182, 30.27496232748767], [31.567256191027383, 30.274958330391406]]]]}}, {"type": "Feature", "properties": {"shape_Length": 4.399681816410632, "shape_Area": 0.9597698002128721, "Electric_Facility_Type": null, "Easting": null, "Northing": null, "Description": null, "ID": "7/2/2_3", "GlobalID": "{74C260C0-2C50-49A1-8784-6460DCCF6005}", "القطاع": null, "الشركةالمنفذة": null}, "geometry": {"type": "MultiPolygon", "coordinates": [[[[31.566139000643894, 30.274979503251952], [31.56612770024698, 30.274968916045538], [31.566123132966162, 30.274972598960122], [31.566134433363025, 30.274983186166946], [31.566139000643894, 30.274979503251952]]]]}}, {"type": "Feature", "properties": {"shape_Length": 4.327624814348432, "shape_Area": 0.9251907498675137, "Electric_Facility_Type": null, "Easting": null, "Northing": null, "Description": null, "ID": "1/4/3_3", "GlobalID": "{BD898B89-1572-4359-9EE2-747AE8DB9D73}", "القطاع": null, "الشركةالمنفذة": null}, "geometry": {"type": "MultiPolygon", "coordinates": [[[[31.557019138348668, 30.27510625501659], [31.557006446894736, 30.27509725150031], [31.557002595606455, 30.27510135321496], [31.557015287060576, 30.275110356731595], [31.557019138348668, 30.27510625501659]]]]}}, {"type": "Feature", "properties": {"shape_Length": 4.3277718473827615, "shape_Area": 0.9252791795866336, "Electric_Facility_Type": null, "Easting": null, "Northing": null, "Description": null, "ID": "2/2/3_2", "GlobalID": "{9BCBD6F0-7654-40CF-900C-360AE8C07125}", "القطاع": null, "الشركةالمنفذة": null}, "geometry": {"type": "MultiPolygon", "coordinates": [[[[31.560591576525127, 30.275123152320123], [31.560586904404328, 30.275119752645065], [31.560576354161853, 30.275130641210477], [31.560581026282804, 30.27513404088593], [31.560591576525127, 30.275123152320123]]]]}}, {"type": "Feature", "properties": {"shape_Length": 4.290442297515313, "shape_Area": 0.895858530291674, "Electric_Facility_Type": null, "Easting": null, "Northing": null, "Description": null, "ID": "6/2/2_1", "GlobalID": "{742E5388-6F3F-4E1A-BF8D-3EF24BF76DDD}", "القطاع": null, "الشركةالمنفذة": null}, "geometry": {"type": "MultiPolygon", "coordinates": [[[[31.56846849691828, 30.27516055423685], [31.568457657202117, 30.275149882249107], [31.56845323487444, 30.27515327596211], [31.568464074590505, 30.275163947950205], [31.56846849691828, 30.27516055423685]]]]}}, {"type": "Feature", "properties": {"shape_Length": 4.3276383645288385, "shape_Area": 0.9252329247958444, "Electric_Facility_Type": null, "Easting": null, "Northing": null, "Description": null, "ID": "1/3/3_3", "GlobalID": "{C74EA077-EAF4-454D-B257-17E8764BBEBA}", "القطاع": null, "الشركةالمنفذة": null}, "geometry": {"type": "MultiPolygon", "coordinates": [[[[31.558476862510236, 30.275211204149585], [31.55846417091194, 30.275202200776583], [31.558460319686056, 30.27520630343535], [31.558473011279457, 30.275215305906688], [31.558476862510236, 30.275211204149585]]]]}}, {"type": "Feature", "properties": {"shape_Length": 4.398966981821883, "shape_Area": 0.9596088227357745, "Electric_Facility_Type": null, "Easting": null, "Northing": null, "Description": null, "ID": "4/2/2_6", "GlobalID": "{59183D1B-1CAB-49D6-BBD0-9C28E8356793}", "القطاع": null, "الشركةالمنفذة": null}, "geometry": {"type": "MultiPolygon", "coordinates": [[[[31.567867619547627, 30.2752752824845], [31.567863454890507, 30.275271255758028], [31.567851062779063, 30.275280873781753], [31.56785522847535, 30.2752849005041], [31.567867619547627, 30.2752752824845]]]]}}, {"type": "Feature", "properties": {"shape_Length": 4.3277718473827615, "shape_Area": 0.9252791795866337, "Electric_Facility_Type": null, "Easting": null, "Northing": null, "Description": null, "ID": "2/2/3_3", "GlobalID": "{0CC5F3AA-629B-4A50-9E90-9CCD823D157C}", "القطاع": null, "الشركةالمنفذة": null}, "geometry": {"type": "MultiPolygon", "coordinates": [[[[31.56100960241767, 30.27530831771949], [31.561004930273832, 30.275304918059724], [31.56099438005861, 30.27531580665818], [31.560999052202593, 30.275319206318304], [31.56100960241767, 30.27530831771949]]]]}}, {"type": "Feature", "properties": {"shape_Length": 4.399732287487666, "shape_Area": 0.9598129041668598, "Electric_Facility_Type": null, "Easting": null, "Northing": null, "Description": null, "ID": null, "GlobalID": "{AE58B0FF-4479-4F19-91FC-8EE87BAC3A64}", "القطاع": null, "الشركةالمنفذة": null}, "geometry": {"type": "MultiPolygon", "coordinates": [[[[31.566350226948128, 30.275336905281304], [31.56634576032088, 30.27533312967618], [31.566334142205243, 30.275343454122787], [31.56633860779328, 30.27534722973279], [31.566350226948128, 30.275336905281304]]]]}}, {"type": "Feature", "properties": {"shape_Length": 4.290442894011072, "shape_Area": 0.8958613745343424, "Electric_Facility_Type": null, "Easting": null, "Northing": null, "Description": null, "ID": "5/2/3_4", "GlobalID": "{A5C01F08-8148-43A4-899B-A4313F6DF94E}", "القطاع": null, "الشركةالمنفذة": null}, "geometry": {"type": "MultiPolygon", "coordinates": [[[[31.563990355128755, 30.275391970497846], [31.56398595611028, 30.27538855353397], [31.563975007500385, 30.275399141898703], [31.563979406513802, 30.275402557960916], [31.563990355128755, 30.275391970497846]]]]}}, {"type": "Feature", "properties": {"shape_Length": 4.327675062619584, "shape_Area": 0.9252598204457092, "Electric_Facility_Type": null, "Easting": null, "Northing": null, "Description": null, "ID": "7/2/2_1", "GlobalID": "{906244F7-ADDF-46AE-80BE-282AA1CF2FD4}", "القطاع": null, "الشركةالمنفذة": null}, "geometry": {"type": "MultiPolygon", "coordinates": [[[[31.565565010601283, 30.275483800160664], [31.565552812243855, 30.27547429742584], [31.565548746300884, 30.27547824065293], [31.56556094465842, 30.275487743388123], [31.565565010601283, 30.275483800160664]]]]}}, {"type": "Feature", "properties": {"shape_Length": 4.398399855437804, "shape_Area": 0.9590499059776992, "Electric_Facility_Type": null, "Easting": null, "Northing": null, "Description": null, "ID": "4/2/2_5", "GlobalID": "{C8854BB1-94CC-41EC-A02B-7EEC203EA10B}", "القطاع": null, "الشركةالمنفذة": null}, "geometry": {"type": "MultiPolygon", "coordinates": [[[[31.567886963510787, 30.275509760568568], [31.567875714611894, 30.275499135407117], [31.567871130625875, 30.2755027977074], [31.567882378485457, 30.275513422873733], [31.567886963510787, 30.275509760568568]]]]}}, {"type": "Feature", "properties": {"shape_Length": 4.327749130928718, "shape_Area": 0.9252885610879088, "Electric_Facility_Type": null, "Easting": null, "Northing": null, "Description": null, "ID": "1/3/3_1", "GlobalID": "{0BA97832-D8E4-44B6-A060-66036534DBE8}", "القطاع": null, "الشركةالمنفذة": null}, "geometry": {"type": "MultiPolygon", "coordinates": [[[[31.559734455373093, 30.275556119546273], [31.559723019604984, 30.275545927455628], [31.559718657919102, 30.275549625507953], [31.559730094726444, 30.275559817594516], [31.559734455373093, 30.275556119546273]]]]}}, {"type": "Feature", "properties": {"shape_Length": 4.327771847166813, "shape_Area": 0.9252791801206541, "Electric_Facility_Type": null, "Easting": null, "Northing": null, "Description": null, "ID": "1/3/3_2", "GlobalID": "{16233269-3A2C-48EB-AC61-A7809C3D8C9F}", "القطاع": null, "الشركةالمنفذة": null}, "geometry": {"type": "MultiPolygon", "coordinates": [[[[31.558986898002605, 30.275605704809365], [31.558982225913034, 30.275602305076873], [31.558971675440517, 30.27561319351505], [31.55897634753025, 30.275616593247918], [31.558986898002605, 30.275605704809365]]]]}}, {"type": "Feature", "properties": {"shape_Length": 4.327619224067574, "shape_Area": 0.9251589697908039, "Electric_Facility_Type": null, "Easting": null, "Northing": null, "Description": null, "ID": "1/4/3_2", "GlobalID": "{94E484D7-A55F-4C13-A070-3D999E8C6E7C}", "القطاع": null, "الشركةالمنفذة": null}, "geometry": {"type": "MultiPolygon", "coordinates": [[[[31.557034481765506, 30.275641265111766], [31.55702981077961, 30.27563786530438], [31.557019260085212, 30.275648753587934], [31.55702393107127, 30.27565215339568], [31.557034481765506, 30.275641265111766]]]]}}, {"type": "Feature", "properties": {"shape_Length": 4.327760259956065, "shape_Area": 0.9253078504551496, "Electric_Facility_Type": null, "Easting": null, "Northing": null, "Description": null, "ID": "1/4/3_1", "GlobalID": "{98FE595B-EAAB-40AE-A443-050F8356279E}", "القطاع": null, "الشركةالمنفذة": null}, "geometry": {"type": "MultiPolygon", "coordinates": [[[[31.556229021021057, 30.27565489599708], [31.556224349022546, 30.275651496165025], [31.556213798231653, 30.275662383482743], [31.556218470235414, 30.275665784217175], [31.556229021021057, 30.27565489599708]]]]}}, {"type": "Feature", "properties": {"shape_Length": 4.2904428940765476, "shape_Area": 0.8958613749011438, "Electric_Facility_Type": null, "Easting": null, "Northing": null, "Description": null, "ID": "5/2/3_1", "GlobalID": "{D1438B2F-F2EB-404B-8B80-249CC015818F}", "القطاع": null, "الشركةالمنفذة": null}, "geometry": {"type": "MultiPolygon", "coordinates": [[[[31.564392753024332, 30.27570547902235], [31.564388353983134, 30.275702062974535], [31.564377405377616, 30.275712650470293], [31.564381804424073, 30.27571606742049], [31.564392753024332, 30.27570547902235]]]]}}, {"type": "Feature", "properties": {"shape_Length": 4.290442893945567, "shape_Area": 0.8958613754952345, "Electric_Facility_Type": null, "Easting": null, "Northing": null, "Description": null, "ID": "1/1/3_4", "GlobalID": "{3726E50F-533B-4E9D-8024-31605611ED31}", "القطاع": null, "الشركةالمنفذة": null}, "geometry": {"type": "MultiPolygon", "coordinates": [[[[31.563706482716825, 30.275711756674696], [31.563702083693585, 30.275708339701495], [31.563691135017898, 30.2757189280428], [31.563695534036093, 30.275722344114342], [31.563706482716825, 30.275711756674696]]]]}}, {"type": "Feature", "properties": {"shape_Length": 4.399732291437898, "shape_Area": 0.9598129063379125, "Electric_Facility_Type": null, "Easting": null, "Northing": null, "Description": null, "ID": "4/2/2_3", "GlobalID": "{8191A836-4D01-4DD2-B7D9-FD7BEEDB931C}", "القطاع": null, "الشركةالمنفذة": null}, "geometry": {"type": "MultiPolygon", "coordinates": [[[[31.56679872297612, 30.27576090056588], [31.566794256312484, 30.275757124976746], [31.566782638195274, 30.27576744946252], [31.566787103819685, 30.275771225056516], [31.56679872297612, 30.27576090056588]]]]}}, {"type": "Feature", "properties": {"shape_Length": 4.3277718473827615, "shape_Area": 0.9252791795866337, "Electric_Facility_Type": null, "Easting": null, "Northing": null, "Description": null, "ID": "2/2/3_5", "GlobalID": "{986EF780-0A1C-4B55-BD84-9963B5C8DB7F}", "القطاع": null, "الشركةالمنفذة": null}, "geometry": {"type": "MultiPolygon", "coordinates": [[[[31.560615600612444, 30.27579330857518], [31.560610928458697, 30.275789908901718], [31.560600378148457, 30.275800797468836], [31.560605050302353, 30.275804197142666], [31.560615600612444, 30.27579330857518]]]]}}, {"type": "Feature", "properties": {"shape_Length": 4.327749129635731, "shape_Area": 0.9252885607080222, "Electric_Facility_Type": null, "Easting": null, "Northing": null, "Description": null, "ID": "11/2/3_5", "GlobalID": "{468AE904-7723-4DEE-B422-E1126E77F78C}", "القطاع": null, "الشركةالمنفذة": null}, "geometry": {"type": "MultiPolygon", "coordinates": [[[[31.560124228627206, 30.275864451596146], [31.560112792783126, 30.27585425954101], [31.560108431098627, 30.275857957606135], [31.560119867981967, 30.275868149657217], [31.560124228627206, 30.275864451596146]]]]}}, {"type": "Feature", "properties": {"shape_Length": 4.320460104746575, "shape_Area": 0.9203939003909253, "Electric_Facility_Type": null, "Easting": null, "Northing": null, "Description": null, "ID": "4/2/2_2", "GlobalID": "{ACB3CC3D-BF8C-40A8-AF53-C9F8422045AA}", "القطاع": null, "الشركةالمنفذة": null}, "geometry": {"type": "MultiPolygon", "coordinates": [[[[31.566130759960785, 30.27592376601218], [31.566117973657338, 30.27591487655298], [31.56611416219216, 30.27591897475218], [31.566126948495814, 30.275927864211738], [31.566130759960785, 30.27592376601218]]]]}}, {"type": "Feature", "properties": {"shape_Length": 4.327619419580944, "shape_Area": 0.9252344096626958, "Electric_Facility_Type": null, "Easting": null, "Northing": null, "Description": null, "ID": "1/3/3_4", "GlobalID": "{94135DC8-2E36-4B37-8206-795F12314B46}", "القطاع": null, "الشركةالمنفذة": null}, "geometry": {"type": "MultiPolygon", "coordinates": [[[[31.558113351353793, 30.275953178067937], [31.558108679277147, 30.27594977830429], [31.558098128665417, 30.27596066577115], [31.558102800742212, 30.275964065535184], [31.558113351353793, 30.275953178067937]]]]}}, {"type": "Feature", "properties": {"shape_Length": 4.327760260064001, "shape_Area": 0.9253078495379367, "Electric_Facility_Type": null, "Easting": null, "Northing": null, "Description": null, "ID": "1/3/3_5", "GlobalID": "{1EFC6A2B-5120-43E2-8B53-25F750A571B1}", "القطاع": null, "الشركةالمنفذة": null}, "geometry": {"type": "MultiPolygon", "coordinates": [[[[31.557677048085875, 30.275991878191324], [31.55767237601706, 30.275988477509937], [31.557661825357606, 30.275999365844275], [31.55766649742148, 30.276002765624018], [31.557677048085875, 30.275991878191324]]]]}}, {"type": "Feature", "properties": {"shape_Length": 4.303098709433664, "shape_Area": 0.9105152199406538, "Electric_Facility_Type": null, "Easting": null, "Northing": null, "Description": null, "ID": "6/2/3_6", "GlobalID": "{FDD73112-E480-40C2-91BB-3EBA2FDC8950}", "القطاع": null, "الشركةالمنفذة": null}, "geometry": {"type": "MultiPolygon", "coordinates": [[[[31.565024611060274, 30.276007445694326], [31.565012449227527, 30.275997971618022], [31.565008363920896, 30.27600180756866], [31.56502052575372, 30.276011281645346], [31.565024611060274, 30.276007445694326]]]]}}, {"type": "Feature", "properties": {"shape_Length": 4.399658899124337, "shape_Area": 0.959812410370134, "Electric_Facility_Type": null, "Easting": null, "Northing": null, "Description": null, "ID": "4/2/2_4", "GlobalID": "{630C4734-3C53-4E67-B007-3B00897BC9AE}", "القطاع": null, "الشركةالمنفذة": null}, "geometry": {"type": "MultiPolygon", "coordinates": [[[[31.56731012262177, 30.27600467448859], [31.567298645097406, 30.275994232480066], [31.567294140506267, 30.275997973796546], [31.56730561803059, 30.276008415805443], [31.56731012262177, 30.27600467448859]]]]}}, {"type": "Feature", "properties": {"shape_Length": 4.330154478695571, "shape_Area": 0.9274069196695257, "Electric_Facility_Type": null, "Easting": null, "Northing": null, "Description": null, "ID": "4/2/2_1", "GlobalID": "{72424EC5-9925-4BB8-8917-8A629637748F}", "القطاع": null, "الشركةالمنفذة": null}, "geometry": {"type": "MultiPolygon", "coordinates": [[[[31.566495501762738, 30.276003795080285], [31.566491070098337, 30.276000142007604], [31.566479788614185, 30.276010460502174], [31.566484220278657, 30.276014113575222], [31.566495501762738, 30.276003795080285]]]]}}, {"type": "Feature", "properties": {"shape_Length": 4.327619224067574, "shape_Area": 0.925158969790804, "Electric_Facility_Type": null, "Easting": null, "Northing": null, "Description": null, "ID": "2/2/3_4", "GlobalID": "{225CD6B8-63BA-4E5A-BEF4-7C6D66F70746}", "القطاع": null, "الشركةالمنفذة": null}, "geometry": {"type": "MultiPolygon", "coordinates": [[[[31.56097763947345, 30.27607609346958], [31.560972968333164, 30.276072693805087], [31.560962418033636, 30.27608358240077], [31.560967089174113, 30.27608698206565], [31.56097763947345, 30.27607609346958]]]]}}, {"type": "Feature", "properties": {"shape_Length": 4.3277718473827615, "shape_Area": 0.9252791795866336, "Electric_Facility_Type": null, "Easting": null, "Northing": null, "Description": null, "ID": "11/2/3_2", "GlobalID": "{8AFCC0C1-83AA-41C5-8A22-945359694875}", "القطاع": null, "الشركةالمنفذة": null}, "geometry": {"type": "MultiPolygon", "coordinates": [[[[31.56058361718973, 30.27621554752969], [31.560578945016836, 30.276212147855553], [31.560568394658617, 30.276223036419985], [31.560573066831694, 30.276226436094504], [31.56058361718973, 30.27621554752969]]]]}}, {"type": "Feature", "properties": {"shape_Length": 4.399658213311763, "shape_Area": 0.9598566050146263, "Electric_Facility_Type": null, "Easting": null, "Northing": null, "Description": null, "ID": null, "GlobalID": "{6B8D6A6E-9C60-4BF7-AF5A-1987ECB2E63F}", "القطاع": null, "الشركةالمنفذة": null}, "geometry": {"type": "MultiPolygon", "coordinates": [[[[31.567242046256236, 30.276252779125006], [31.56723777191293, 30.276248838547897], [31.567225650288485, 30.27625871693497], [31.567229924626595, 30.27626265661045], [31.567242046256236, 30.276252779125006]]]]}}, {"type": "Feature", "properties": {"shape_Length": 4.327890416269135, "shape_Area": 0.9253657194528045, "Electric_Facility_Type": null, "Easting": null, "Northing": null, "Description": null, "ID": "11/2/3_4", "GlobalID": "{B2046619-3511-4C6A-A952-B746C368283A}", "القطاع": null, "الشركةالمنفذة": null}, "geometry": {"type": "MultiPolygon", "coordinates": [[[[31.55930370855064, 30.27638803773749], [31.559292271689262, 30.27637784561563], [31.559287909950722, 30.276381543653805], [31.55929934681209, 30.276391735776045], [31.55930370855064, 30.27638803773749]]]]}}, {"type": "Feature", "properties": {"shape_Length": 4.290442894011123, "shape_Area": 0.8958613745343424, "Electric_Facility_Type": null, "Easting": null, "Northing": null, "Description": null, "ID": "5/2/3_5", "GlobalID": "{49BD9C58-B4CD-44EE-8BA4-B741731A57A8}", "القطاع": null, "الشركةالمنفذة": null}, "geometry": {"type": "MultiPolygon", "coordinates": [[[[31.563864239792107, 30.27642453148979], [31.563859840731286, 30.276421114522755], [31.5638488919949, 30.276431702876895], [31.563853291050677, 30.276435118942267], [31.563864239792107, 30.27642453148979]]]]}}, {"type": "Feature", "properties": {"shape_Length": 4.32785312595291, "shape_Area": 0.9253165205944027, "Electric_Facility_Type": null, "Easting": null, "Northing": null, "Description": null, "ID": "4/2/3_1", "GlobalID": "{28B4AEC3-B776-427C-AFA4-A8E8170831E8}", "القطاع": null, "الشركةالمنفذة": null}, "geometry": {"type": "MultiPolygon", "coordinates": [[[[31.56426413032249, 30.276428307541753], [31.56425940945796, 30.27642495872416], [31.564249017071553, 30.276435961461402], [31.564253737936273, 30.276439310279383], [31.56426413032249, 30.276428307541753]]]]}}, {"type": "Feature", "properties": {"shape_Length": 4.330320737010323, "shape_Area": 0.9282564904988392, "Electric_Facility_Type": null, "Easting": null, "Northing": null, "Description": null, "ID": "6/2/3_5", "GlobalID": "{B0799106-EE95-48F1-8495-E28A520CC8CE}", "القطاع": null, "الشركةالمنفذة": null}, "geometry": {"type": "MultiPolygon", "coordinates": [[[[31.5653313753564, 30.276425901955754], [31.565326827875413, 30.276422346763624], [31.565315885492733, 30.2764329279954], [31.56532043297382, 30.276436483187897], [31.5653313753564, 30.276425901955754]]]]}}, {"type": "Feature", "properties": {"shape_Length": 4.408113720365375, "shape_Area": 0.9643247401183231, "Electric_Facility_Type": null, "Easting": null, "Northing": null, "Description": null, "ID": "6/2/3_2", "GlobalID": "{450B6944-AA13-4409-9411-F612C0A7347B}", "القطاع": null, "الشركةالمنفذة": null}, "geometry": {"type": "MultiPolygon", "coordinates": [[[[31.566794235613013, 30.27644148163526], [31.5667822449823, 30.276431454033553], [31.5667779117945, 30.27643536958787], [31.566789902425253, 30.276445397189967], [31.566794235613013, 30.27644148163526]]]]}}, {"type": "Feature", "properties": {"shape_Length": 4.327612542455026, "shape_Area": 0.925215449708066, "Electric_Facility_Type": null, "Easting": null, "Northing": null, "Description": null, "ID": "11/2/3_1", "GlobalID": "{2A200F40-5BF4-4720-B042-3E4662068BE0}", "القطاع": null, "الشركةالمنفذة": null}, "geometry": {"type": "MultiPolygon", "coordinates": [[[[31.56090491264428, 30.276479553024398], [31.56089347664827, 30.27646936104034], [31.560889114961554, 30.276473058229072], [31.560900550957555, 30.27648325021351], [31.56090491264428, 30.276479553024398]]]]}}, {"type": "Feature", "properties": {"shape_Length": 4.330781686801055, "shape_Area": 0.9284898195971439, "Electric_Facility_Type": null, "Easting": null, "Northing": null, "Description": null, "ID": "6/2/3_4", "GlobalID": "{547E4E88-0D86-4553-91E8-FC48EA4DA3AF}", "القطاع": null, "الشركةالمنفذة": null}, "geometry": {"type": "MultiPolygon", "coordinates": [[[[31.565685083722933, 30.276522350206104], [31.56567268582914, 30.276513054913742], [31.565668704561176, 30.2765170906894], [31.56568110245513, 30.276526385982134], [31.565685083722933, 30.276522350206104]]]]}}, {"type": "Feature", "properties": {"shape_Length": 4.32777923679138, "shape_Area": 0.9253123804464181, "Electric_Facility_Type": null, "Easting": null, "Northing": null, "Description": null, "ID": "2/3/3_2", "GlobalID": "{33103968-8961-43CA-A9D2-867099B86647}", "القطاع": null, "الشركةالمنفذة": null}, "geometry": {"type": "MultiPolygon", "coordinates": [[[[31.55891757056293, 30.27659633322376], [31.55890487874478, 30.27658732989814], [31.55890102748432, 30.27659143256946], [31.55891371930267, 30.276600435895443], [31.55891757056293, 30.27659633322376]]]]}}, {"type": "Feature", "properties": {"shape_Length": 4.327760259848336, "shape_Area": 0.9253078500719569, "Electric_Facility_Type": null, "Easting": null, "Northing": null, "Description": null, "ID": "2/3/3_1", "GlobalID": "{83FCCD5B-3C4B-49F9-AA61-E0108C65FBC5}", "القطاع": null, "الشركةالمنفذة": null}, "geometry": {"type": "MultiPolygon", "coordinates": [[[[31.557680765802203, 30.276791837088197], [31.557676093700003, 30.276788437309854], [31.557665542951764, 30.276799324742186], [31.557670215059204, 30.276802725422936], [31.557680765802203, 30.276791837088197]]]]}}, {"type": "Feature", "properties": {"shape_Length": 4.327674693141472, "shape_Area": 0.9252234802658413, "Electric_Facility_Type": null, "Easting": null, "Northing": null, "Description": null, "ID": null, "GlobalID": "{361D6A26-63EF-4CFB-9403-91A9FCC278F4}", "القطاع": null, "الشركةالمنفذة": null}, "geometry": {"type": "MultiPolygon", "coordinates": [[[[31.563733108871748, 30.27679644659788], [31.563722910143476, 30.27678530871429], [31.563718143030062, 30.276788607232035], [31.563728341758143, 30.27679974511601], [31.563733108871748, 30.27679644659788]]]]}}, {"type": "Feature", "properties": {"shape_Length": 4.327632809105244, "shape_Area": 0.9252408609770904, "Electric_Facility_Type": null, "Easting": null, "Northing": null, "Description": null, "ID": "4/2/3_4", "GlobalID": "{6A01BDAB-F32D-4A00-BE93-AFC6AC94983B}", "القطاع": null, "الشركةالمنفذة": null}, "geometry": {"type": "MultiPolygon", "coordinates": [[[[31.5635573810807, 30.276960727006394], [31.563549385621165, 30.276948307759923], [31.563544067774117, 30.27695089602411], [31.563552063233207, 30.27696331527088], [31.5635573810807, 30.276960727006394]]]]}}, {"type": "Feature", "properties": {"shape_Length": 4.417999104885894, "shape_Area": 0.9670928888377908, "Electric_Facility_Type": null, "Easting": null, "Northing": null, "Description": null, "ID": "6/2/3_3", "GlobalID": "{3A98CB80-040D-4B17-850E-CEF8C648BE75}", "القطاع": null, "الشركةالمنفذة": null}, "geometry": {"type": "MultiPolygon", "coordinates": [[[[31.565992433425237, 30.276952962764515], [31.565987855980143, 30.276949265202592], [31.565976458505805, 30.27695986468965], [31.565981035950973, 30.276963562251957], [31.565992433425237, 30.276952962764515]]]]}}, {"type": "Feature", "properties": {"shape_Length": 4.408111694743017, "shape_Area": 0.9642882854994556, "Electric_Facility_Type": null, "Easting": null, "Northing": null, "Description": null, "ID": "6/2/3_1", "GlobalID": "{C5D7EC4C-B42D-4ACC-B444-C2C8B74AEDBB}", "القطاع": null, "الشركةالمنفذة": null}, "geometry": {"type": "MultiPolygon", "coordinates": [[[[31.566256102106703, 30.276968026949223], [31.56624411145979, 30.276957998397126], [31.566239778227523, 30.276961913933874], [31.566251768869318, 30.276971941584353], [31.566256102106703, 30.276968026949223]]]]}}, {"type": "Feature", "properties": {"shape_Length": 4.3277491269312875, "shape_Area": 0.9252885595839159, "Electric_Facility_Type": null, "Easting": null, "Northing": null, "Description": null, "ID": "11/2/3_3", "GlobalID": "{A086CCF8-C01F-4470-9394-1CEA7E0C5518}", "القطاع": null, "الشركةالمنفذة": null}, "geometry": {"type": "MultiPolygon", "coordinates": [[[[31.560114734027646, 30.277029925084175], [31.560103297008105, 30.277019733036145], [31.560098936311714, 30.277023431096506], [31.56011037229197, 30.277033623149347], [31.560114734027646, 30.277029925084175]]]]}}, {"type": "Feature", "properties": {"shape_Length": 4.327760260064284, "shape_Area": 0.9253078495379365, "Electric_Facility_Type": null, "Easting": null, "Northing": null, "Description": null, "ID": "2/3/3_3", "GlobalID": "{AE729D01-2A23-4520-9E2B-DF6929BB1F2C}", "القطاع": null, "الشركةالمنفذة": null}, "geometry": {"type": "MultiPolygon", "coordinates": [[[[31.558091387690563, 30.277112257753583], [31.558086715559085, 30.277108857990434], [31.55807616482304, 30.277119745455195], [31.558080836959764, 30.277123146120736], [31.558091387690563, 30.277112257753583]]]]}}, {"type": "Feature", "properties": {"shape_Length": 4.327712312574249, "shape_Area": 0.9252724987797998, "Electric_Facility_Type": null, "Easting": null, "Northing": null, "Description": null, "ID": "4/2/3_5", "GlobalID": "{EB7BA2F7-E052-43F3-AB22-B8D447986164}", "القطاع": null, "الشركةالمنفذة": null}, "geometry": {"type": "MultiPolygon", "coordinates": [[[[31.563106055534426, 30.277108951082287], [31.563099661948897, 30.27709585110333], [31.563094051169283, 30.277097921932402], [31.56310044475421, 30.277111021911644], [31.563106055534426, 30.277108951082287]]]]}}, {"type": "Feature", "properties": {"shape_Length": 4.32752775522866, "shape_Area": 0.9251855595351556, "Electric_Facility_Type": null, "Easting": null, "Northing": null, "Description": null, "ID": "10/2/3_2", "GlobalID": "{F35CFD49-2829-436D-89DB-F07DF90A71B3}", "القطاع": null, "الشركةالمنفذة": null}, "geometry": {"type": "MultiPolygon", "coordinates": [[[[31.562170241294552, 30.277123567986692], [31.56216415932918, 30.277123200769164], [31.562162997087547, 30.277137391283187], [31.562169079053792, 30.277137758500743], [31.562170241294552, 30.277123567986692]]]]}}, {"type": "Feature", "properties": {"shape_Length": 4.327727179303555, "shape_Area": 0.9252440596585483, "Electric_Facility_Type": null, "Easting": null, "Northing": null, "Description": null, "ID": "10/2/3_1", "GlobalID": "{880F112E-693F-430B-A246-CFD42DA80537}", "القطاع": null, "الشركةالمنفذة": null}, "geometry": {"type": "MultiPolygon", "coordinates": [[[[31.56265258589621, 30.277159061260797], [31.56264650392723, 30.277158694065726], [31.56264534175988, 30.277172885485108], [31.562651423729736, 30.277173252680207], [31.56265258589621, 30.277159061260797]]]]}}, {"type": "Feature", "properties": {"shape_Length": 4.3277315710688065, "shape_Area": 0.9253074104567842, "Electric_Facility_Type": null, "Easting": null, "Northing": null, "Description": null, "ID": "7/2/3_4", "GlobalID": "{57A29960-5EEE-40AB-82C4-A3DB6C3EACC1}", "القطاع": null, "الشركةالمنفذة": null}, "geometry": {"type": "MultiPolygon", "coordinates": [[[[31.565568931397014, 30.2772422142568], [31.565556251297348, 30.277233198903513], [31.56555239507509, 30.277237298181216], [31.565565075174938, 30.27724631353488], [31.565568931397014, 30.2772422142568]]]]}}, {"type": "Feature", "properties": {"shape_Length": 4.327636656819722, "shape_Area": 0.9252295764508239, "Electric_Facility_Type": null, "Easting": null, "Northing": null, "Description": null, "ID": "10/2/3_5", "GlobalID": "{26746CE4-FCE5-439F-A643-3E584A49A7D3}", "القطاع": null, "الشركةالمنفذة": null}, "geometry": {"type": "MultiPolygon", "coordinates": [[[[31.560874349055602, 30.277256196939298], [31.560869040109697, 30.277253595602275], [31.560860959180605, 30.277265972823205], [31.560866268132106, 30.27726857506258], [31.560874349055602, 30.277256196939298]]]]}}, {"type": "Feature", "properties": {"shape_Length": 4.327717973374979, "shape_Area": 0.9252588005394198, "Electric_Facility_Type": null, "Easting": null, "Northing": null, "Description": null, "ID": "4/2/3_2", "GlobalID": "{50430BDF-D626-42A5-BC97-9872967B8CB5}", "القطاع": null, "الشركةالمنفذة": null}, "geometry": {"type": "MultiPolygon", "coordinates": [[[[31.564290101925746, 30.27725846510813], [31.564277421938776, 30.277249449629537], [31.564273564617686, 30.27725354797273], [31.5642862456441, 30.27726256344721], [31.564290101925746, 30.27725846510813]]]]}}, {"type": "Feature", "properties": {"shape_Length": 4.327619224067574, "shape_Area": 0.925158969790804, "Electric_Facility_Type": null, "Easting": null, "Northing": null, "Description": null, "ID": "2/3/3_5", "GlobalID": "{1645992A-4399-40F8-A610-7983CCF82253}", "القطاع": null, "الشركةالمنفذة": null}, "geometry": {"type": "MultiPolygon", "coordinates": [[[[31.55923179862684, 30.277363888192088], [31.559227127483947, 30.277360488465966], [31.559216576853967, 30.277371376923004], [31.559221247997023, 30.2773747766495], [31.55923179862684, 30.277363888192088]]]]}}, {"type": "Feature", "properties": {"shape_Length": 4.3276192237440405, "shape_Area": 0.9251589699416782, "Electric_Facility_Type": null, "Easting": null, "Northing": null, "Description": null, "ID": "2/3/3_4", "GlobalID": "{4AF80502-78B6-4CED-A00A-18B49A5F2C4C}", "القطاع": null, "الشركةالمنفذة": null}, "geometry": {"type": "MultiPolygon", "coordinates": [[[[31.55848879827719, 30.277425634277986], [31.558484127156508, 30.277422234525105], [31.558473576437002, 30.27743312292324], [31.55847824755784, 30.277436522676513], [31.55848879827719, 30.277425634277986]]]]}}, {"type": "Feature", "properties": {"shape_Length": 4.3277896806903335, "shape_Area": 0.9253332986765176, "Electric_Facility_Type": null, "Easting": null, "Northing": null, "Description": null, "ID": "4/2/3_3", "GlobalID": "{38F5543C-0824-4D21-B84C-FCE63EA5AF9D}", "القطاع": null, "الشركةالمنفذة": null}, "geometry": {"type": "MultiPolygon", "coordinates": [[[[31.56392466396905, 30.277468084364173], [31.563918270251385, 30.27745498442756], [31.563912659474383, 30.277457056193693], [31.563919053191448, 30.277470156130537], [31.56392466396905, 30.277468084364173]]]]}}, {"type": "Feature", "properties": {"shape_Length": 4.327749733268954, "shape_Area": 0.9252682551489704, "Electric_Facility_Type": null, "Easting": null, "Northing": null, "Description": null, "ID": "10/2/3_4", "GlobalID": "{2E1D7F19-6393-4B29-9180-057E58A5570E}", "القطاع": null, "الشركةالمنفذة": null}, "geometry": {"type": "MultiPolygon", "coordinates": [[[[31.561483583923717, 30.277575322406943], [31.56146964696044, 30.27756783378401], [31.561466444490808, 30.27757233696503], [31.561480382493738, 30.277579825583807], [31.561483583923717, 30.277575322406943]]]]}}, {"type": "Feature", "properties": {"shape_Length": 4.32761989862402, "shape_Area": 0.9252620096280182, "Electric_Facility_Type": null, "Easting": null, "Northing": null, "Description": null, "ID": "10/2/3_3", "GlobalID": "{C5687773-B3A4-4972-B09E-0B4A5B00A757}", "القطاع": null, "الشركةالمنفذة": null}, "geometry": {"type": "MultiPolygon", "coordinates": [[[[31.561975341051127, 30.27769899496887], [31.561969258011533, 30.277698627747203], [31.561968096775715, 30.277712818254233], [31.5619741787769, 30.27771318548039], [31.561975341051127, 30.27769899496887]]]]}}, {"type": "Feature", "properties": {"shape_Length": 4.327610077812867, "shape_Area": 0.9251790747699022, "Electric_Facility_Type": null, "Easting": null, "Northing": null, "Description": null, "ID": "3/3/3_3", "GlobalID": "{B221B03B-8FC2-4104-BD26-4E5273B88882}", "القطاع": null, "الشركةالمنفذة": null}, "geometry": {"type": "MultiPolygon", "coordinates": [[[[31.55971630409773, 30.27774695930768], [31.559704867034398, 30.277736767226507], [31.559700506286475, 30.277740464371742], [31.55971194231053, 30.277750656457737], [31.55971630409773, 30.27774695930768]]]]}}, {"type": "Feature", "properties": {"shape_Length": 4.327826174189137, "shape_Area": 0.9253494604884506, "Electric_Facility_Type": null, "Easting": null, "Northing": null, "Description": null, "ID": "3/3/3_4", "GlobalID": "{154BA13F-439B-495B-B575-452EE69C033F}", "القطاع": null, "الشركةالمنفذة": null}, "geometry": {"type": "MultiPolygon", "coordinates": [[[[31.560105740088368, 30.277924437774324], [31.56010090463594, 30.277921213778345], [31.560090899760944, 30.27793248334193], [31.560095735213615, 30.277935707338266], [31.560105740088368, 30.277924437774324]]]]}}, {"type": "Feature", "properties": {"shape_Length": 4.327699090313392, "shape_Area": 0.9252712806712698, "Electric_Facility_Type": null, "Easting": null, "Northing": null, "Description": null, "ID": "7/2/3_5", "GlobalID": "{2C174BDB-FD27-49E6-B74B-584EC1AB57B6}", "القطاع": null, "الشركةالمنفذة": null}, "geometry": {"type": "MultiPolygon", "coordinates": [[[[31.56536445737885, 30.27798022470119], [31.565359736402442, 30.277976875925447], [31.56534934397449, 30.27798787784596], [31.565354064951084, 30.277991226622053], [31.56536445737885, 30.27798022470119]]]]}}, {"type": "Feature", "properties": {"shape_Length": 4.327895959460423, "shape_Area": 0.9253291206630739, "Electric_Facility_Type": null, "Easting": null, "Northing": null, "Description": null, "ID": "7/2/3_3", "GlobalID": "{AB1B586E-FA16-4C45-B7FA-32DC57AE9226}", "القطاع": null, "الشركةالمنفذة": null}, "geometry": {"type": "MultiPolygon", "coordinates": [[[[31.56509959893444, 30.278206915867347], [31.565089118345767, 30.278195975955075], [31.56508443591438, 30.278199365263465], [31.565094916502918, 30.278210305176106], [31.56509959893444, 30.278206915867347]]]]}}, {"type": "Feature", "properties": {"shape_Length": 4.327826174189137, "shape_Area": 0.9253494604884506, "Electric_Facility_Type": null, "Easting": null, "Northing": null, "Description": null, "ID": "3/3/3_1", "GlobalID": "{4B9B08C0-F41C-4B96-BBB8-4A24B296EA66}", "القطاع": null, "الشركةالمنفذة": null}, "geometry": {"type": "MultiPolygon", "coordinates": [[[[31.559754510684424, 30.278432871387103], [31.559749675218065, 30.278429647378555], [31.559739670251858, 30.278440916915585], [31.559744505718463, 30.278444140924474], [31.559754510684424, 30.278432871387103]]]]}}, {"type": "Feature", "properties": {"shape_Length": 4.327671872198055, "shape_Area": 0.9252283895780022, "Electric_Facility_Type": null, "Easting": null, "Northing": null, "Description": null, "ID": "7/2/3_2", "GlobalID": "{423B9472-E32C-4942-A7A8-650C4236F962}", "القطاع": null, "الشركةالمنفذة": null}, "geometry": {"type": "MultiPolygon", "coordinates": [[[[31.564065724864488, 30.278490782247445], [31.564057729209043, 30.278478362135303], [31.56405241129386, 30.2784809504204], [31.564060406943714, 30.27849336963084], [31.564065724864488, 30.278490782247445]]]]}}, {"type": "Feature", "properties": {"shape_Length": 4.3278959581465, "shape_Area": 0.9253291200491927, "Electric_Facility_Type": null, "Easting": null, "Northing": null, "Description": null, "ID": "7/2/3_1", "GlobalID": "{83EE48F2-CCF8-4A0E-96A7-9F93A7DFEC76}", "القطاع": null, "الشركةالمنفذة": null}, "geometry": {"type": "MultiPolygon", "coordinates": [[[[31.564589760862876, 30.278594915738502], [31.564579280288104, 30.278583975785896], [31.564574597820695, 30.278587365076294], [31.5645850783953, 30.27859830502929], [31.564589760862876, 30.278594915738502]]]]}}, {"type": "Feature", "properties": {"shape_Length": 4.327804965039028, "shape_Area": 0.9252844897767438, "Electric_Facility_Type": null, "Easting": null, "Northing": null, "Description": null, "ID": "9/2/3_2", "GlobalID": "{B9174B3F-120A-4427-82A2-14950E0138D7}", "القطاع": null, "الشركةالمنفذة": null}, "geometry": {"type": "MultiPolygon", "coordinates": [[[[31.56174425607682, 30.27865235047448], [31.56173840563865, 30.278650861006717], [31.56173376788669, 30.278664507136114], [31.56173961832562, 30.278665996604087], [31.56174425607682, 30.27865235047448]]]]}}, {"type": "Feature", "properties": {"shape_Length": 4.327592871987281, "shape_Area": 0.9251887495178915, "Electric_Facility_Type": null, "Easting": null, "Northing": null, "Description": null, "ID": "3/3/3_2", "GlobalID": "{92EB41E4-BC47-47B4-82E4-8EEFCB12709F}", "القطاع": null, "الشركةالمنفذة": null}, "geometry": {"type": "MultiPolygon", "coordinates": [[[[31.560174821760132, 30.278718400744445], [31.560161481039536, 30.278710133679883], [31.560157945841176, 30.27871444431096], [31.560171285522756, 30.27872271138031], [31.560174821760132, 30.278718400744445]]]]}}, {"type": "Feature", "properties": {"shape_Length": 4.327782930927551, "shape_Area": 0.9253035201518606, "Electric_Facility_Type": null, "Easting": null, "Northing": null, "Description": null, "ID": "9/2/3_4", "GlobalID": "{4CA3E37C-AD4C-4FD1-82DA-5CCE0841C610}", "القطاع": null, "الشركةالمنفذة": null}, "geometry": {"type": "MultiPolygon", "coordinates": [[[[31.5629446350224, 30.278749480822977], [31.56294298706961, 30.278735325823718], [31.562936921600937, 30.278735865125373], [31.562938569552873, 30.278750020124725], [31.5629446350224, 30.278749480822977]]]]}}, {"type": "Feature", "properties": {"shape_Length": 4.327693260947415, "shape_Area": 0.9252372502644136, "Electric_Facility_Type": null, "Easting": null, "Northing": null, "Description": null, "ID": "9/2/3_3", "GlobalID": "{D08FE212-C5D4-453A-A171-F2D6C4121748}", "القطاع": null, "الشركةالمنفذة": null}, "geometry": {"type": "MultiPolygon", "coordinates": [[[[31.562253013272557, 30.278811361501276], [31.562251366456987, 30.278797206487763], [31.56224530098532, 30.278797746659475], [31.562246948839316, 30.278811901668632], [31.562253013272557, 30.278811361501276]]]]}}, {"type": "Feature", "properties": {"shape_Length": 4.3276328082047275, "shape_Area": 0.9252408607122222, "Electric_Facility_Type": null, "Easting": null, "Northing": null, "Description": null, "ID": "9/2/3_5", "GlobalID": "{ABD19721-C0FA-467B-B5F8-DFA3AA005277}", "القطاع": null, "الشركةالمنفذة": null}, "geometry": {"type": "MultiPolygon", "coordinates": [[[[31.563565864718402, 30.279062738450065], [31.563557869082963, 30.279050319210274], [31.56355255112374, 30.2790529074754], [31.56356054675873, 30.279065326715518], [31.563565864718402, 30.279062738450065]]]]}}, {"type": "Feature", "properties": {"shape_Length": 4.32761341522151, "shape_Area": 0.9252282788252619, "Electric_Facility_Type": null, "Easting": null, "Northing": null, "Description": null, "ID": "3/3/3_5", "GlobalID": "{60D536A0-0228-4A21-959E-13B9B916E180}", "القطاع": null, "الشركةالمنفذة": null}, "geometry": {"type": "MultiPolygon", "coordinates": [[[[31.56100814022002, 30.279079674060814], [31.561002289766947, 30.279078184560404], [31.560997651888474, 30.279091829762347], [31.561003502342295, 30.279093319262923], [31.56100814022002, 30.279079674060814]]]]}}, {"type": "Feature", "properties": {"shape_Length": 4.327912264884065, "shape_Area": 0.9253590798679162, "Electric_Facility_Type": null, "Easting": null, "Northing": null, "Description": null, "ID": "9/2/3_1", "GlobalID": "{312EE952-C942-4996-871B-08CF9B2984EA}", "القطاع": null, "الشركةالمنفذة": null}, "geometry": {"type": "MultiPolygon", "coordinates": [[[[31.56147232999953, 30.279200205479942], [31.561456896939088, 30.279195408647446], [31.56145484976034, 30.279200393984027], [31.561470282816323, 30.279205189914755], [31.56147232999953, 30.279200205479942]]]]}}]}