{"type": "FeatureCollection", "features": [{"type": "Feature", "properties": {"line_degree": 2.0, "manufacturing_material": 1.0, "diameter": "200 مم", "execution_position": 1.0, "shape_Length": 11.90547282923324, "Depth": 2.125, "GL": 171.635, "IL": 169.51, "الشركةالمنفذة": "التوحيد", "GlobalID": "{4C222FDA-2F0E-4115-8ED9-139ECFEEC226}", "القطاع": "القطاع الثالث", "Fault_statement": null}, "geometry": {"type": "MultiLineString", "coordinates": [[[31.563278418371137, 30.27698427459859], [31.56323056794207, 30.276885239145706]]]}}, {"type": "Feature", "properties": {"line_degree": 2.0, "manufacturing_material": 1.0, "diameter": "200 مم", "execution_position": 1.0, "shape_Length": 12.822047474659895, "Depth": 2.0900000000000034, "GL": 169.36, "IL": 167.27, "الشركةالمنفذة": "عوض خليفة", "GlobalID": "{CE2A16D4-A5E1-4B0E-8C7D-99CA0BEE9BCE}", "القطاع": "القطاع الثاني", "Fault_statement": null}, "geometry": {"type": "MultiLineString", "coordinates": [[[31.56798541655741, 30.27012900368063], [31.567896434436967, 30.270215093995624]]]}}, {"type": "Feature", "properties": {"line_degree": 2.0, "manufacturing_material": 1.0, "diameter": "200 مم", "execution_position": 1.0, "shape_Length": 13.2663611051959, "Depth": 1.6200000000000045, "GL": 172.785, "IL": 171.165, "الشركةالمنفذة": "التوحيد", "GlobalID": "{37948817-22A9-49D7-A2E8-B9337543C105}", "القطاع": "القطاع الثالث", "Fault_statement": null}, "geometry": {"type": "MultiLineString", "coordinates": [[[31.56238648582049, 30.277107591076533], [31.562394157371877, 30.276988109614457]]]}}, {"type": "Feature", "properties": {"line_degree": 1.0, "manufacturing_material": 1.0, "diameter": "200 مم", "execution_position": 1.0, "shape_Length": 14.102938701285783, "Depth": 1.5550000000000068, "GL": 173.425, "IL": 171.87, "الشركةالمنفذة": "التوحيد", "GlobalID": "{E71A846D-5D4E-45EA-925F-2D25F6A52E2C}", "القطاع": "القطاع الثالث", "Fault_statement": null}, "geometry": {"type": "MultiLineString", "coordinates": [[[31.561839733141618, 30.276868493874968], [31.561978040584222, 30.276910600348003]]]}}, {"type": "Feature", "properties": {"line_degree": 1.0, "manufacturing_material": 1.0, "diameter": "200 مم", "execution_position": 1.0, "shape_Length": 29.118904850952656, "Depth": 1.6449999999999818, "GL": 171.315, "IL": 169.67000000000002, "الشركةالمنفذة": "عوض خليفة", "GlobalID": "{0557E0DB-3DBE-4CFF-9F60-8D515DE29BC3}", "القطاع": "القطاع الثاني", "Fault_statement": null}, "geometry": {"type": "MultiLineString", "coordinates": [[[31.569266303070787, 30.27194743437911], [31.569202780176273, 30.27220424401794]]]}}, {"type": "Feature", "properties": {"line_degree": 2.0, "manufacturing_material": 1.0, "diameter": "200 مم", "execution_position": 1.0, "shape_Length": 14.29011907823105, "Depth": 1.8450000000000273, "GL": 172.675, "IL": 170.82999999999998, "الشركةالمنفذة": "التوحيد", "GlobalID": "{B63C116E-9A2D-4D03-A07E-BE9A98911A15}", "القطاع": "القطاع الثالث", "Fault_statement": null}, "geometry": {"type": "MultiLineString", "coordinates": [[[31.5591080127394, 30.274664052006578], [31.55901027819833, 30.274761106407585]]]}}, {"type": "Feature", "properties": {"line_degree": 2.0, "manufacturing_material": 1.0, "diameter": "200 مم", "execution_position": 1.0, "shape_Length": 15.027021539514868, "Depth": 1.6950000000000216, "GL": 173.54000000000002, "IL": 171.845, "الشركةالمنفذة": "التوحيد", "GlobalID": "{9BF0CE6E-90B6-4823-BE68-6EFDD5C2BFE9}", "القطاع": "القطاع الثالث", "Fault_statement": null}, "geometry": {"type": "MultiLineString", "coordinates": [[[31.55994668126195, 30.27568336957397], [31.560056422923925, 30.275586928917]]]}}, {"type": "Feature", "properties": {"line_degree": 2.0, "manufacturing_material": 1.0, "diameter": "200 مم", "execution_position": 1.0, "shape_Length": 14.140974599102453, "Depth": 1.829999999999984, "GL": 173.20999999999998, "IL": 171.38, "الشركةالمنفذة": "التوحيد", "GlobalID": "{86117E1F-80B4-456A-BD09-39C7FE998764}", "القطاع": "القطاع الثالث", "Fault_statement": null}, "geometry": {"type": "MultiLineString", "coordinates": [[[31.5599416994776, 30.275323338337646], [31.55984211968708, 30.275417148458178]]]}}, {"type": "Feature", "properties": {"line_degree": 2.0, "manufacturing_material": 1.0, "diameter": "200 مم", "execution_position": 1.0, "shape_Length": 16.962131985076145, "Depth": 1.6750000000000114, "GL": 164.245, "IL": 162.57, "الشركةالمنفذة": "عوض خليفة", "GlobalID": "{F8FF4EBB-5A00-43CF-B134-040A87B5BCD9}", "القطاع": "القطاع الثاني", "Fault_statement": null}, "geometry": {"type": "MultiLineString", "coordinates": [[[31.556961045777076, 30.264377484768882], [31.557096135595177, 30.26427920333795]]]}}, {"type": "Feature", "properties": {"line_degree": 2.0, "manufacturing_material": 1.0, "diameter": "200 مم", "execution_position": 1.0, "shape_Length": 17.545459430692624, "Depth": 2.3449999999999704, "GL": 169.385, "IL": 167.04000000000002, "الشركةالمنفذة": "التوحيد", "GlobalID": "{5E5BE1F3-8C41-4B26-9B63-AF0480D8F014}", "القطاع": "القطاع الثالث", "Fault_statement": null}, "geometry": {"type": "MultiLineString", "coordinates": [[[31.554024660029356, 30.26971382169305], [31.553855499765977, 30.26965475763486]]]}}, {"type": "Feature", "properties": {"line_degree": 2.0, "manufacturing_material": 1.0, "diameter": "200 مم", "execution_position": 1.0, "shape_Length": 14.178889659992446, "Depth": 1.674999999999983, "GL": 171.655, "IL": 169.98000000000002, "الشركةالمنفذة": "التوحيد", "GlobalID": "{F00E2512-9C61-4A56-9194-A4016AB8311D}", "القطاع": "القطاع الثالث", "Fault_statement": null}, "geometry": {"type": "MultiLineString", "coordinates": [[[31.55724234595289, 30.27354016575255], [31.557339952946773, 30.27344435079551]]]}}, {"type": "Feature", "properties": {"line_degree": 2.0, "manufacturing_material": 1.0, "diameter": "200 مم", "execution_position": 1.0, "shape_Length": 15.72752270533906, "Depth": 1.795000000000016, "GL": 173.74, "IL": 171.945, "الشركةالمنفذة": "التوحيد", "GlobalID": "{2609857E-62DA-44C0-AFEA-432AB0433EB6}", "القطاع": "القطاع الثالث", "Fault_statement": null}, "geometry": {"type": "MultiLineString", "coordinates": [[[31.56078605847244, 30.275972028675444], [31.56067747321717, 30.276078066342453]]]}}, {"type": "Feature", "properties": {"line_degree": 2.0, "manufacturing_material": 1.0, "diameter": "200 مم", "execution_position": 1.0, "shape_Length": 15.19489022824934, "Depth": 1.75, "GL": 172.185, "IL": 170.435, "الشركةالمنفذة": "التوحيد", "GlobalID": "{2D3134F8-D461-4791-AF79-E2B299BB8599}", "القطاع": "القطاع الثالث", "Fault_statement": null}, "geometry": {"type": "MultiLineString", "coordinates": [[[31.558047815035543, 30.274187966009446], [31.55815908001489, 30.274090704989582]]]}}, {"type": "Feature", "properties": {"line_degree": 1.0, "manufacturing_material": 1.0, "diameter": "200 مم", "execution_position": 1.0, "shape_Length": 28.478818473571465, "Depth": 1.5050000000000239, "GL": 169.72500000000002, "IL": 168.22, "الشركةالمنفذة": "عوض خليفة", "GlobalID": "{A57D8819-B81E-49CA-B3AD-725603C0B594}", "القطاع": "القطاع الثاني", "Fault_statement": null}, "geometry": {"type": "MultiLineString", "coordinates": [[[31.56909763452263, 30.27240536709751], [31.568917276236842, 30.272609044443435]]]}}, {"type": "Feature", "properties": {"line_degree": 2.0, "manufacturing_material": 1.0, "diameter": "200 مم", "execution_position": 1.0, "shape_Length": 16.304757102775326, "Depth": 1.8899999999999864, "GL": 171.6, "IL": 169.71, "الشركةالمنفذة": "التوحيد", "GlobalID": "{AFC0DFB3-2C53-402A-A254-FCB80FC8E1C2}", "القطاع": "القطاع الثالث", "Fault_statement": null}, "geometry": {"type": "MultiLineString", "coordinates": [[[31.557452488906588, 30.273334396812803], [31.557339952946773, 30.27344435079551]]]}}, {"type": "Feature", "properties": {"line_degree": 1.0, "manufacturing_material": 1.0, "diameter": "200 مم", "execution_position": 1.0, "shape_Length": 19.360347313160933, "Depth": 2.1699999999999875, "GL": 171.26999999999998, "IL": 169.1, "الشركةالمنفذة": "التوحيد", "GlobalID": "{53C3CBC7-8170-43B2-AB05-EE32AED76521}", "القطاع": "القطاع الثالث", "Fault_statement": null}, "geometry": {"type": "MultiLineString", "coordinates": [[[31.5634233502798, 30.27681778968699], [31.56359514826965, 30.276726883200926]]]}}, {"type": "Feature", "properties": {"line_degree": 2.0, "manufacturing_material": 1.0, "diameter": "200 مم", "execution_position": 1.0, "shape_Length": 19.34844552454661, "Depth": 2.3899999999999864, "GL": 165.435, "IL": 163.04500000000002, "الشركةالمنفذة": "عوض خليفة", "GlobalID": "{5102626B-C369-4861-B808-7814B919A135}", "القطاع": "القطاع الثاني", "Fault_statement": null}, "geometry": {"type": "MultiLineString", "coordinates": [[[31.567219093871717, 30.269572638149118], [31.567018494361125, 30.269560712789534]]]}}, {"type": "Feature", "properties": {"line_degree": 2.0, "manufacturing_material": 1.0, "diameter": "200 مم", "execution_position": 1.0, "shape_Length": 19.629694674632145, "Depth": 1.914999999999992, "GL": 158.7, "IL": 156.785, "الشركةالمنفذة": "عوض خليفة", "GlobalID": "{125BA168-7835-4C90-9135-B1A8229885EC}", "القطاع": "القطاع الثاني", "Fault_statement": null}, "geometry": {"type": "MultiLineString", "coordinates": [[[31.567265883693718, 30.26650237932387], [31.56738369728624, 30.266357831293405]]]}}, {"type": "Feature", "properties": {"line_degree": 1.0, "manufacturing_material": 1.0, "diameter": "200 مم", "execution_position": 1.0, "shape_Length": 24.48485365755199, "Depth": 1.585000000000008, "GL": 170.495, "IL": 168.91, "الشركةالمنفذة": "عوض خليفة", "GlobalID": "{8EB56EE8-7E8B-4E1F-8166-517E2E8D612F}", "القطاع": "القطاع الثاني", "Fault_statement": null}, "geometry": {"type": "MultiLineString", "coordinates": [[[31.569202780176273, 30.27220424401794], [31.56909763452263, 30.27240536709751]]]}}, {"type": "Feature", "properties": {"line_degree": 2.0, "manufacturing_material": 1.0, "diameter": "200 مم", "execution_position": 1.0, "shape_Length": 19.742374366980048, "Depth": 2.3149999999999977, "GL": 167.995, "IL": 165.68, "الشركةالمنفذة": "التوحيد", "GlobalID": "{F55F971D-81B4-47CC-937A-4DE59142C5AC}", "القطاع": "القطاع الثالث", "Fault_statement": null}, "geometry": {"type": "MultiLineString", "coordinates": [[[31.553573151802695, 30.270657417847257], [31.55337973072519, 30.270598029826743]]]}}, {"type": "Feature", "properties": {"line_degree": 2.0, "manufacturing_material": 1.0, "diameter": "200 مم", "execution_position": 1.0, "shape_Length": 14.40367065460766, "Depth": 1.8749999999999716, "GL": 172.105, "IL": 170.23000000000002, "الشركةالمنفذة": "التوحيد", "GlobalID": "{EF3E9BA3-C4F3-4523-A5F3-F734EC46224B}", "القطاع": "القطاع الثالث", "Fault_statement": null}, "geometry": {"type": "MultiLineString", "coordinates": [[[31.55827280103009, 30.274006218990973], [31.55815908001489, 30.274090704989582]]]}}, {"type": "Feature", "properties": {"line_degree": 1.0, "manufacturing_material": 1.0, "diameter": "200 مم", "execution_position": 1.0, "shape_Length": 19.999996980333165, "Depth": 1.625, "GL": 172.64499999999998, "IL": 171.01999999999998, "الشركةالمنفذة": "التوحيد", "GlobalID": "{F654F87E-0E2D-4DA4-93BA-BF8D07E01195}", "القطاع": "القطاع الثالث", "Fault_statement": null}, "geometry": {"type": "MultiLineString", "coordinates": [[[31.562394157371877, 30.276988109614457], [31.562601834251122, 30.276995600568977]]]}}, {"type": "Feature", "properties": {"line_degree": 1.0, "manufacturing_material": 1.0, "diameter": "200 مم", "execution_position": 1.0, "shape_Length": 19.999975829457238, "Depth": 2.164999999999992, "GL": 170.70499999999998, "IL": 168.54, "الشركةالمنفذة": "التوحيد", "GlobalID": "{2EA6DA41-C7F9-4AD9-AC21-7069E58BF607}", "القطاع": "القطاع الثالث", "Fault_statement": null}, "geometry": {"type": "MultiLineString", "coordinates": [[[31.563785777906755, 30.276607210556676], [31.563934100907936, 30.276480824362203]]]}}, {"type": "Feature", "properties": {"line_degree": 2.0, "manufacturing_material": 1.0, "diameter": "200 مم", "execution_position": 1.0, "shape_Length": 19.99994233725924, "Depth": 1.6850000000000023, "GL": 166.385, "IL": 164.7, "الشركةالمنفذة": "عوض خليفة", "GlobalID": "{55B759AD-A991-486C-9E75-2A6EDA5B0887}", "القطاع": "القطاع الثاني", "Fault_statement": null}, "geometry": {"type": "MultiLineString", "coordinates": [[[31.561416887785743, 30.264751567460795], [31.561490326952985, 30.264582799815116]]]}}, {"type": "Feature", "properties": {"line_degree": 1.0, "manufacturing_material": 1.0, "diameter": "200 مم", "execution_position": 1.0, "shape_Length": 19.99996244983701, "Depth": 1.5649999999999977, "GL": 172.095, "IL": 170.53, "الشركةالمنفذة": "التوحيد", "GlobalID": "{D0C6F6E5-5FE2-4F5A-A0C8-82094B98DF33}", "القطاع": "القطاع الثالث", "Fault_statement": null}, "geometry": {"type": "MultiLineString", "coordinates": [[[31.56281911766365, 30.276977790950216], [31.5630235670653, 30.276945264216128]]]}}, {"type": "Feature", "properties": {"line_degree": 1.0, "manufacturing_material": 1.0, "diameter": "200 مم", "execution_position": 1.0, "shape_Length": 20.000033806998744, "Depth": 2.174999999999983, "GL": 171.535, "IL": 169.36, "الشركةالمنفذة": "التوحيد", "GlobalID": "{A9681B4D-2014-4129-BA6E-2187111A9A2D}", "القطاع": "القطاع الثالث", "Fault_statement": null}, "geometry": {"type": "MultiLineString", "coordinates": [[[31.56323056794207, 30.276885239145706], [31.5634233502798, 30.27681778968699]]]}}, {"type": "Feature", "properties": {"line_degree": 1.0, "manufacturing_material": 1.0, "diameter": "200 مم", "execution_position": 1.0, "shape_Length": 19.999976833702927, "Depth": 1.5500000000000114, "GL": 173.195, "IL": 171.64499999999998, "الشركةالمنفذة": "التوحيد", "GlobalID": "{7C2FA007-CA16-4672-BA6D-CF82762196BF}", "القطاع": "القطاع الثالث", "Fault_statement": null}, "geometry": {"type": "MultiLineString", "coordinates": [[[31.561978040584222, 30.276910600348003], [31.562178816998117, 30.276957282852354]]]}}, {"type": "Feature", "properties": {"line_degree": 1.0, "manufacturing_material": 1.0, "diameter": "200 مم", "execution_position": 1.0, "shape_Length": 29.670345761727116, "Depth": 1.7399999999999523, "GL": 172.95999999999998, "IL": 171.22000000000003, "الشركةالمنفذة": "عوض خليفة", "GlobalID": "{D4F70734-6037-425D-8FC3-1F3851E38C5E}", "القطاع": "القطاع الثاني", "Fault_statement": null}, "geometry": {"type": "MultiLineString", "coordinates": [[[31.569183887329487, 30.27143656260357], [31.56926381801543, 30.27169504981693]]]}}, {"type": "Feature", "properties": {"line_degree": 1.0, "manufacturing_material": 1.0, "diameter": "200 مم", "execution_position": 1.0, "shape_Length": 27.980575848023616, "Depth": 1.6649999999999636, "GL": 172.135, "IL": 170.47000000000003, "الشركةالمنفذة": "عوض خليفة", "GlobalID": "{D288C846-C33B-41BB-8BBD-614224732285}", "القطاع": "القطاع الثاني", "Fault_statement": null}, "geometry": {"type": "MultiLineString", "coordinates": [[[31.56926381801543, 30.27169504981693], [31.569266303070787, 30.27194743437911]]]}}, {"type": "Feature", "properties": {"line_degree": 2.0, "manufacturing_material": 1.0, "diameter": "200 مم", "execution_position": 1.0, "shape_Length": 20.595587300256287, "Depth": 1.8449999999999989, "GL": 160.63, "IL": 158.785, "الشركةالمنفذة": "عوض خليفة", "GlobalID": "{F2EAFBE4-AF69-4FCF-A2FA-161C7D0E2E04}", "القطاع": "القطاع الثاني", "Fault_statement": null}, "geometry": {"type": "MultiLineString", "coordinates": [[[31.568152721151314, 30.267100150052975], [31.568289899153722, 30.266957548743502]]]}}, {"type": "Feature", "properties": {"line_degree": 1.0, "manufacturing_material": 1.0, "diameter": "200 مم", "execution_position": 1.0, "shape_Length": 20.999927947975834, "Depth": 1.865000000000009, "GL": 171.815, "IL": 169.95, "الشركةالمنفذة": "التوحيد", "GlobalID": "{2F6A5D44-CBEC-4CE2-BB75-77868DB8ADE0}", "القطاع": "القطاع الثالث", "Fault_statement": null}, "geometry": {"type": "MultiLineString", "coordinates": [[[31.5630235670653, 30.276945264216128], [31.56323056794207, 30.276885239145706]]]}}, {"type": "Feature", "properties": {"line_degree": 1.0, "manufacturing_material": 1.0, "diameter": "200 مم", "execution_position": 1.0, "shape_Length": 21.000076214832074, "Depth": 1.5950000000000273, "GL": 172.92000000000002, "IL": 171.325, "الشركةالمنفذة": "التوحيد", "GlobalID": "{378AC944-2D4D-4BF8-A3BE-05C2185D0BAA}", "القطاع": "القطاع الثالث", "Fault_statement": null}, "geometry": {"type": "MultiLineString", "coordinates": [[[31.562178816998117, 30.276957282852354], [31.562394157371877, 30.276988109614457]]]}}, {"type": "Feature", "properties": {"line_degree": 1.0, "manufacturing_material": 1.0, "diameter": "200 مم", "execution_position": 1.0, "shape_Length": 21.000114203553373, "Depth": 1.5949999999999989, "GL": 172.37, "IL": 170.775, "الشركةالمنفذة": "التوحيد", "GlobalID": "{68BDE4D7-5303-4B5C-808A-B814DE2A16EB}", "القطاع": "القطاع الثالث", "Fault_statement": null}, "geometry": {"type": "MultiLineString", "coordinates": [[[31.562601834251122, 30.276995600568977], [31.56281911766365, 30.276977790950216]]]}}, {"type": "Feature", "properties": {"line_degree": 1.0, "manufacturing_material": 1.0, "diameter": "200 مم", "execution_position": 1.0, "shape_Length": 21.472313429241254, "Depth": 1.9049999999999727, "GL": 170.26999999999998, "IL": 168.365, "الشركةالمنفذة": "التوحيد", "GlobalID": "{72013128-C71A-460D-A7B2-B229450A3BD8}", "القطاع": "القطاع الثالث", "Fault_statement": null}, "geometry": {"type": "MultiLineString", "coordinates": [[[31.554361137968286, 30.274545004022468], [31.554196408477015, 30.274414344582407]]]}}, {"type": "Feature", "properties": {"line_degree": 1.0, "manufacturing_material": 1.0, "diameter": "200 مم", "execution_position": 1.0, "shape_Length": 24.938555636537412, "Depth": 4.240000000000009, "GL": 167.735, "IL": 163.495, "الشركةالمنفذة": "التوحيد", "GlobalID": "{BE8ED93C-4CEF-4E44-B9BC-B8187493D38D}", "القطاع": "القطاع الثالث", "Fault_statement": null}, "geometry": {"type": "MultiLineString", "coordinates": [[[31.553629817687444, 30.273424144396763], [31.553744835501835, 30.273625732970782]]]}}, {"type": "Feature", "properties": {"line_degree": 1.0, "manufacturing_material": 1.0, "diameter": "200 مم", "execution_position": 1.0, "shape_Length": 21.828405750742103, "Depth": 1.9099999999999966, "GL": 171.155, "IL": 169.245, "الشركةالمنفذة": "التوحيد", "GlobalID": "{0F7A0DF5-47C6-4268-BF71-3938B5805134}", "القطاع": "القطاع الثالث", "Fault_statement": null}, "geometry": {"type": "MultiLineString", "coordinates": [[[31.554722678142987, 30.274827732790005], [31.554552347381758, 30.274697683832727]]]}}, {"type": "Feature", "properties": {"line_degree": 2.0, "manufacturing_material": 1.0, "diameter": "200 مم", "execution_position": 1.0, "shape_Length": 21.999928758116557, "Depth": 1.660000000000025, "GL": 171.04500000000002, "IL": 169.385, "الشركةالمنفذة": "التوحيد", "GlobalID": "{D4176B1D-529C-4169-BC3F-0C632F2E0A21}", "القطاع": "القطاع الثالث", "Fault_statement": null}, "geometry": {"type": "MultiLineString", "coordinates": [[[31.556066303376113, 30.273247329634916], [31.55622009285507, 30.273100486771064]]]}}, {"type": "Feature", "properties": {"line_degree": 2.0, "manufacturing_material": 1.0, "diameter": "200 مم", "execution_position": 1.0, "shape_Length": 21.999861427311924, "Depth": 1.5349999999999966, "GL": 170.62, "IL": 169.085, "الشركةالمنفذة": "التوحيد", "GlobalID": "{BAFD9ACC-A0D6-4317-8F3F-40CBCC7596EA}", "القطاع": "القطاع الثالث", "Fault_statement": null}, "geometry": {"type": "MultiLineString", "coordinates": [[[31.555476817700065, 30.269183008731094], [31.555262093235296, 30.269114873647215]]]}}, {"type": "Feature", "properties": {"line_degree": 2.0, "manufacturing_material": 1.0, "diameter": "200 مم", "execution_position": 1.0, "shape_Length": 21.999969637391963, "Depth": 1.6850000000000023, "GL": 171.925, "IL": 170.24, "الشركةالمنفذة": "عوض خليفة", "GlobalID": "{E2204E4A-27E5-4751-B361-C7D0EE28985F}", "القطاع": "القطاع الثاني", "Fault_statement": null}, "geometry": {"type": "MultiLineString", "coordinates": [[[31.558292393811392, 30.268782413341338], [31.558078246782074, 30.26871292194321]]]}}, {"type": "Feature", "properties": {"line_degree": 2.0, "manufacturing_material": 1.0, "diameter": "200 مم", "execution_position": 1.0, "shape_Length": 21.99993938565133, "Depth": 1.5299999999999727, "GL": 159.95, "IL": 158.42000000000002, "الشركةالمنفذة": "عوض خليفة", "GlobalID": "{A07EF1B2-2C02-48FF-940E-5328DD1A7136}", "القطاع": "القطاع الثاني", "Fault_statement": null}, "geometry": {"type": "MultiLineString", "coordinates": [[[31.565240310016936, 30.267435384247076], [31.56512038482036, 30.267604336150832]]]}}, {"type": "Feature", "properties": {"line_degree": 2.0, "manufacturing_material": 1.0, "diameter": "200 مم", "execution_position": 1.0, "shape_Length": 22.00009526220686, "Depth": 1.5449999999999875, "GL": 169.63, "IL": 168.085, "الشركةالمنفذة": "عوض خليفة", "GlobalID": "{12159B76-096C-4C8D-A49B-1CBD46D92179}", "القطاع": "القطاع الثاني", "Fault_statement": null}, "geometry": {"type": "MultiLineString", "coordinates": [[[31.557603314482716, 30.26647144813099], [31.557801108974758, 30.266570965026922]]]}}, {"type": "Feature", "properties": {"line_degree": 2.0, "manufacturing_material": 1.0, "diameter": "200 مم", "execution_position": 1.0, "shape_Length": 22.11029422266475, "Depth": 1.8600000000000136, "GL": 172.935, "IL": 171.075, "الشركةالمنفذة": "التوحيد", "GlobalID": "{274B19CD-0190-4E80-A4EE-649182F52F3D}", "القطاع": "القطاع الثالث", "Fault_statement": null}, "geometry": {"type": "MultiLineString", "coordinates": [[[31.555520457513335, 30.27518506516036], [31.555366354023977, 30.275333007210705]]]}}, {"type": "Feature", "properties": {"line_degree": 2.0, "manufacturing_material": 1.0, "diameter": "200 مم", "execution_position": 1.0, "shape_Length": 21.499577937967015, "Depth": 1.9199999999999875, "GL": 156.945, "IL": 155.025, "الشركةالمنفذة": "عوض خليفة", "GlobalID": "{6ABBCAFB-AA3E-469F-8250-9007DBF34926}", "القطاع": "القطاع الثاني", "Fault_statement": null}, "geometry": {"type": "MultiLineString", "coordinates": [[[31.56630090154526, 30.26596318307022], [31.566419898479978, 30.265799047394818]]]}}, {"type": "Feature", "properties": {"line_degree": 2.0, "manufacturing_material": 1.0, "diameter": "200 مم", "execution_position": 1.0, "shape_Length": 29.05487528551442, "Depth": 1.579999999999984, "GL": 171.76, "IL": 170.18, "الشركةالمنفذة": "عوض خليفة", "GlobalID": "{70380719-F9CB-41A3-AE51-A88AEB3640B4}", "القطاع": "القطاع الثاني", "Fault_statement": null}, "geometry": {"type": "MultiLineString", "coordinates": [[[31.571527218428955, 30.270379609578587], [31.5714216392018, 30.270134069766186]]]}}, {"type": "Feature", "properties": {"line_degree": 1.0, "manufacturing_material": 1.0, "diameter": "200 مم", "execution_position": 1.0, "shape_Length": 22.497232051984515, "Depth": 1.740000000000009, "GL": 173.15, "IL": 171.41, "الشركةالمنفذة": "التوحيد", "GlobalID": "{0B459BDC-2DE4-49FC-B7A0-D2DC684CED82}", "القطاع": "القطاع الثالث", "Fault_statement": null}, "geometry": {"type": "MultiLineString", "coordinates": [[[31.555538418147382, 30.275470404806033], [31.555366354023977, 30.275333007210705]]]}}, {"type": "Feature", "properties": {"line_degree": 1.0, "manufacturing_material": 1.0, "diameter": "200 مم", "execution_position": 1.0, "shape_Length": 22.637611180694076, "Depth": 2.170000000000016, "GL": 170.99, "IL": 168.82, "الشركةالمنفذة": "التوحيد", "GlobalID": "{147ABA34-BE4D-4B37-AEEB-353E6F2B23FE}", "القطاع": "القطاع الثالث", "Fault_statement": null}, "geometry": {"type": "MultiLineString", "coordinates": [[[31.56359514826965, 30.276726883200926], [31.563785777906755, 30.276607210556676]]]}}, {"type": "Feature", "properties": {"line_degree": 2.0, "manufacturing_material": 1.0, "diameter": "200 مم", "execution_position": 1.0, "shape_Length": 22.999854654934207, "Depth": 1.5349999999999966, "GL": 171.435, "IL": 169.9, "الشركةالمنفذة": "التوحيد", "GlobalID": "{9712F35E-8955-4080-885C-0D087DB9F719}", "القطاع": "القطاع الثالث", "Fault_statement": null}, "geometry": {"type": "MultiLineString", "coordinates": [[[31.555237083716413, 30.27118484013598], [31.55545862455618, 30.27126271727982]]]}}, {"type": "Feature", "properties": {"line_degree": 2.0, "manufacturing_material": 1.0, "diameter": "200 مم", "execution_position": 1.0, "shape_Length": 22.999853440626104, "Depth": 1.5349999999999682, "GL": 174.95499999999998, "IL": 173.42000000000002, "الشركةالمنفذة": "التوحيد", "GlobalID": "{E010520D-4C50-405B-8A43-0722D7769743}", "القطاع": "القطاع الثالث", "Fault_statement": null}, "geometry": {"type": "MultiLineString", "coordinates": [[[31.55689841962051, 30.27528347540266], [31.556739042897433, 30.275438093115383]]]}}, {"type": "Feature", "properties": {"line_degree": 2.0, "manufacturing_material": 1.0, "diameter": "200 مم", "execution_position": 1.0, "shape_Length": 23.000043675395492, "Depth": 1.5500000000000114, "GL": 168.55, "IL": 167.0, "الشركةالمنفذة": "عوض خليفة", "GlobalID": "{7CAECBD6-F396-484A-AC62-7083DCD61956}", "القطاع": "القطاع الثاني", "Fault_statement": null}, "geometry": {"type": "MultiLineString", "coordinates": [[[31.558489130878712, 30.265687347245315], [31.558608921209295, 30.265866876298418]]]}}, {"type": "Feature", "properties": {"line_degree": 2.0, "manufacturing_material": 1.0, "diameter": "200 مم", "execution_position": 1.0, "shape_Length": 23.000086209049453, "Depth": 1.5149999999999864, "GL": 169.45, "IL": 167.935, "الشركةالمنفذة": "التوحيد", "GlobalID": "{208E08A0-0AB1-4311-84C3-FFA66501ED13}", "القطاع": "القطاع الثالث", "Fault_statement": null}, "geometry": {"type": "MultiLineString", "coordinates": [[[31.555138984374423, 30.272407522060863], [31.55537011050256, 30.272354629061628]]]}}, {"type": "Feature", "properties": {"line_degree": 2.0, "manufacturing_material": 1.0, "diameter": "200 مم", "execution_position": 1.0, "shape_Length": 22.99996881512366, "Depth": 1.5299999999999727, "GL": 173.45499999999998, "IL": 171.925, "الشركةالمنفذة": "التوحيد", "GlobalID": "{4491751B-79A2-45E0-A297-A60C127095F0}", "القطاع": "القطاع الثالث", "Fault_statement": null}, "geometry": {"type": "MultiLineString", "coordinates": [[[31.557711690416347, 30.27000900176125], [31.557497184058818, 30.269917484848524]]]}}, {"type": "Feature", "properties": {"line_degree": 2.0, "manufacturing_material": 1.0, "diameter": "200 مم", "execution_position": 1.0, "shape_Length": 23.000122853467357, "Depth": 1.5100000000000193, "GL": 171.275, "IL": 169.765, "الشركةالمنفذة": "التوحيد", "GlobalID": "{70B7BF2A-C7F7-4CE5-9256-3E147461D463}", "القطاع": "القطاع الثالث", "Fault_statement": null}, "geometry": {"type": "MultiLineString", "coordinates": [[[31.563587088301453, 30.27768338480134], [31.563501008897454, 30.277489835322033]]]}}, {"type": "Feature", "properties": {"line_degree": 1.0, "manufacturing_material": 1.0, "diameter": "200 مم", "execution_position": 1.0, "shape_Length": 23.271005301482333, "Depth": 1.740000000000009, "GL": 165.815, "IL": 164.075, "الشركةالمنفذة": "التوحيد", "GlobalID": "{3B3A3D6B-2982-46F4-B82A-9034CC564E33}", "القطاع": "القطاع الثالث", "Fault_statement": null}, "geometry": {"type": "MultiLineString", "coordinates": [[[31.553227811374633, 30.271933538115615], [31.55323675318482, 30.272143306945626]]]}}, {"type": "Feature", "properties": {"line_degree": 1.0, "manufacturing_material": 1.0, "diameter": "200 مم", "execution_position": 1.0, "shape_Length": 23.51480861278631, "Depth": 1.8999999999999773, "GL": 172.14499999999998, "IL": 170.245, "الشركةالمنفذة": "التوحيد", "GlobalID": "{79F7CDF1-F327-4362-9447-6AEEC097E979}", "القطاع": "القطاع الثالث", "Fault_statement": null}, "geometry": {"type": "MultiLineString", "coordinates": [[[31.555135427762885, 30.275151194758937], [31.554956772007216, 30.275006467441106]]]}}, {"type": "Feature", "properties": {"line_degree": 1.0, "manufacturing_material": 1.0, "diameter": "200 مم", "execution_position": 1.0, "shape_Length": 23.739893745548507, "Depth": 1.7050000000000125, "GL": 174.155, "IL": 172.45, "الشركةالمنفذة": "التوحيد", "GlobalID": "{57B86ACB-A1FE-4880-A759-30D92B3A379A}", "القطاع": "القطاع الثالث", "Fault_statement": null}, "geometry": {"type": "MultiLineString", "coordinates": [[[31.555953123133126, 30.275795028494947], [31.55577249434691, 30.275649159680324]]]}}, {"type": "Feature", "properties": {"line_degree": 2.0, "manufacturing_material": 1.0, "diameter": "200 مم", "execution_position": 1.0, "shape_Length": 24.00004844183041, "Depth": 1.5049999999999955, "GL": 162.13, "IL": 160.625, "الشركةالمنفذة": "عوض خليفة", "GlobalID": "{83CCFEAF-6081-434C-85C2-013635B3A2C9}", "القطاع": "القطاع الثاني", "Fault_statement": null}, "geometry": {"type": "MultiLineString", "coordinates": [[[31.563442400893504, 30.265728290257996], [31.563547278799245, 30.26553187408655]]]}}, {"type": "Feature", "properties": {"line_degree": 2.0, "manufacturing_material": 1.0, "diameter": "200 مم", "execution_position": 1.0, "shape_Length": 24.000056193159846, "Depth": 1.539999999999992, "GL": 172.14, "IL": 170.6, "الشركةالمنفذة": "التوحيد", "GlobalID": "{E2DBE589-FBD1-49E1-B8BF-991EFF9B9952}", "القطاع": "القطاع الثالث", "Fault_statement": null}, "geometry": {"type": "MultiLineString", "coordinates": [[[31.558834105339905, 30.273473882929682], [31.55866522069216, 30.273633192630072]]]}}, {"type": "Feature", "properties": {"line_degree": 2.0, "manufacturing_material": 1.0, "diameter": "200 مم", "execution_position": 1.0, "shape_Length": 24.00004428774509, "Depth": 1.525000000000034, "GL": 171.04500000000002, "IL": 169.51999999999998, "الشركةالمنفذة": "عوض خليفة", "GlobalID": "{E933DEB1-A30C-40C3-A6B1-01E3F953063A}", "القطاع": "القطاع الثاني", "Fault_statement": null}, "geometry": {"type": "MultiLineString", "coordinates": [[[31.557214725492944, 30.267378070756173], [31.557447018072722, 30.267456876777274]]]}}, {"type": "Feature", "properties": {"line_degree": 2.0, "manufacturing_material": 1.0, "diameter": "200 مم", "execution_position": 1.0, "shape_Length": 24.000056193159846, "Depth": 1.5400000000000205, "GL": 172.68, "IL": 171.14, "الشركةالمنفذة": "التوحيد", "GlobalID": "{030B1A55-AFFE-4EEF-8A11-BFC4596192F7}", "القطاع": "القطاع الثالث", "Fault_statement": null}, "geometry": {"type": "MultiLineString", "coordinates": [[[31.55966836725508, 30.27413261852108], [31.559499482862556, 30.27429192927883]]]}}, {"type": "Feature", "properties": {"line_degree": 2.0, "manufacturing_material": 1.0, "diameter": "200 مم", "execution_position": 1.0, "shape_Length": 23.99992408447407, "Depth": 1.5050000000000239, "GL": 172.905, "IL": 171.39999999999998, "الشركةالمنفذة": "التوحيد", "GlobalID": "{4E5C72C4-E935-425E-A424-7FFB2F0E1964}", "القطاع": "القطاع الثالث", "Fault_statement": null}, "geometry": {"type": "MultiLineString", "coordinates": [[[31.557670445781454, 30.274548489144742], [31.557838736464372, 30.27438870697073]]]}}, {"type": "Feature", "properties": {"line_degree": 2.0, "manufacturing_material": 1.0, "diameter": "200 مم", "execution_position": 1.0, "shape_Length": 36.02718143765654, "Depth": 1.795000000000016, "GL": 170.305, "IL": 168.51, "الشركةالمنفذة": "عوض خليفة", "GlobalID": "{42AF782D-7D42-4DE6-AF53-87377DAC4BFB}", "القطاع": "القطاع الثاني", "Fault_statement": null}, "geometry": {"type": "MultiLineString", "coordinates": [[[31.55524205655324, 30.268431899421582], [31.55489362344983, 30.26831299971386]]]}}, {"type": "Feature", "properties": {"line_degree": 2.0, "manufacturing_material": 1.0, "diameter": "200 مم", "execution_position": 1.0, "shape_Length": 23.999956700634062, "Depth": 1.5150000000000148, "GL": 158.965, "IL": 157.45, "الشركةالمنفذة": "عوض خليفة", "GlobalID": "{2A6F0A4B-37A6-4F64-856A-2DD72F8DB8B8}", "القطاع": "القطاع الثاني", "Fault_statement": null}, "geometry": {"type": "MultiLineString", "coordinates": [[[31.566579807935394, 30.267340677510177], [31.566726285167, 30.2671654612254]]]}}, {"type": "Feature", "properties": {"line_degree": 2.0, "manufacturing_material": 1.0, "diameter": "200 مم", "execution_position": 1.0, "shape_Length": 24.000066809829175, "Depth": 1.535000000000025, "GL": 172.99, "IL": 171.45499999999998, "الشركةالمنفذة": "عوض خليفة", "GlobalID": "{5D5A8C1D-6920-42F5-AE4B-7AF73DA9C722}", "القطاع": "القطاع الثاني", "Fault_statement": null}, "geometry": {"type": "MultiLineString", "coordinates": [[[31.56905801710994, 30.27042819840234], [31.568881903236402, 30.270581492612184]]]}}, {"type": "Feature", "properties": {"line_degree": 2.0, "manufacturing_material": 1.0, "diameter": "200 مم", "execution_position": 1.0, "shape_Length": 24.000080385720008, "Depth": 1.9550000000000125, "GL": 168.895, "IL": 166.94, "الشركةالمنفذة": "التوحيد", "GlobalID": "{29BA9170-BD68-4842-89AC-CD214899E253}", "القطاع": "القطاع الثالث", "Fault_statement": null}, "geometry": {"type": "MultiLineString", "coordinates": [[[31.562542946592202, 30.27856561024106], [31.562573287713892, 30.278780491036787]]]}}, {"type": "Feature", "properties": {"line_degree": 2.0, "manufacturing_material": 1.0, "diameter": "200 مم", "execution_position": 1.0, "shape_Length": 23.999913904071576, "Depth": 1.545000000000016, "GL": 173.255, "IL": 171.70999999999998, "الشركةالمنفذة": "التوحيد", "GlobalID": "{A9EB1317-FA49-47E9-A073-D0AE0CDABAF5}", "القطاع": "القطاع الثالث", "Fault_statement": null}, "geometry": {"type": "MultiLineString", "coordinates": [[[31.5557374234809, 30.27034206774052], [31.555962244502606, 30.270435798923852]]]}}, {"type": "Feature", "properties": {"line_degree": 2.0, "manufacturing_material": 1.0, "diameter": "200 مم", "execution_position": 1.0, "shape_Length": 24.000093206881026, "Depth": 1.5149999999999864, "GL": 158.385, "IL": 156.87, "الشركةالمنفذة": "عوض خليفة", "GlobalID": "{1648EFF8-4BF0-4E97-9EDA-E4A607F61DAF}", "القطاع": "القطاع الثاني", "Fault_statement": null}, "geometry": {"type": "MultiLineString", "coordinates": [[[31.565694239845104, 30.266793475456442], [31.565829404226896, 30.266611536397267]]]}}, {"type": "Feature", "properties": {"line_degree": 2.0, "manufacturing_material": 1.0, "diameter": "200 مم", "execution_position": 1.0, "shape_Length": 24.00000183523794, "Depth": 1.5449999999999875, "GL": 164.89499999999998, "IL": 163.35, "الشركةالمنفذة": "عوض خليفة", "GlobalID": "{03E4812B-484A-4F07-B0F5-8AB7FBA0FB36}", "القطاع": "القطاع الثاني", "Fault_statement": null}, "geometry": {"type": "MultiLineString", "coordinates": [[[31.55752486530443, 30.26536632715323], [31.55735732770597, 30.265205960962827]]]}}, {"type": "Feature", "properties": {"line_degree": 2.0, "manufacturing_material": 1.0, "diameter": "200 مم", "execution_position": 1.0, "shape_Length": 23.9998097755106, "Depth": 1.545000000000016, "GL": 162.05, "IL": 160.505, "الشركةالمنفذة": "عوض خليفة", "GlobalID": "{35DBF63C-3F3B-4EB8-98EC-1AC07EF3A01E}", "القطاع": "القطاع الثاني", "Fault_statement": null}, "geometry": {"type": "MultiLineString", "coordinates": [[[31.566963811921887, 30.268430688116506], [31.566813065071383, 30.268603153822824]]]}}, {"type": "Feature", "properties": {"line_degree": 2.0, "manufacturing_material": 1.0, "diameter": "200 مم", "execution_position": 1.0, "shape_Length": 24.000102022062162, "Depth": 1.6800000000000068, "GL": 165.64, "IL": 163.95999999999998, "الشركةالمنفذة": "عوض خليفة", "GlobalID": "{3B2A9831-EBBA-4384-A907-621AD84A4E05}", "القطاع": "القطاع الثاني", "Fault_statement": null}, "geometry": {"type": "MultiLineString", "coordinates": [[[31.567611442661256, 30.269163671485273], [31.567451332776276, 30.269329662064344]]]}}, {"type": "Feature", "properties": {"line_degree": 2.0, "manufacturing_material": 1.0, "diameter": "200 مم", "execution_position": 1.0, "shape_Length": 24.000085926204335, "Depth": 1.5349999999999682, "GL": 173.45499999999998, "IL": 171.92000000000002, "الشركةالمنفذة": "التوحيد", "GlobalID": "{2ECF4913-8F33-46DC-B078-50BAFCBB3B71}", "القطاع": "القطاع الثالث", "Fault_statement": null}, "geometry": {"type": "MultiLineString", "coordinates": [[[31.556216469071522, 30.26945710847691], [31.556448441454695, 30.269536633792285]]]}}, {"type": "Feature", "properties": {"line_degree": 2.0, "manufacturing_material": 1.0, "diameter": "200 مم", "execution_position": 1.0, "shape_Length": 24.00005487441907, "Depth": 1.6850000000000023, "GL": 165.485, "IL": 163.8, "الشركةالمنفذة": "عوض خليفة", "GlobalID": "{D1D318C5-6FEB-43DA-A045-F31AC09CFEA3}", "القطاع": "القطاع الثاني", "Fault_statement": null}, "geometry": {"type": "MultiLineString", "coordinates": [[[31.56018871552379, 30.26447911134698], [31.560225919960388, 30.264265045080833]]]}}, {"type": "Feature", "properties": {"line_degree": 2.0, "manufacturing_material": 1.0, "diameter": "200 مم", "execution_position": 1.0, "shape_Length": 23.999999407873393, "Depth": 1.539999999999992, "GL": 159.19, "IL": 157.65, "الشركةالمنفذة": "عوض خليفة", "GlobalID": "{63E3273B-5CE4-4513-8EB5-FDBB688A5281}", "القطاع": "القطاع الثاني", "Fault_statement": null}, "geometry": {"type": "MultiLineString", "coordinates": [[[31.566108331667888, 30.267922033227073], [31.565970851511047, 30.268102660145352]]]}}, {"type": "Feature", "properties": {"line_degree": 2.0, "manufacturing_material": 1.0, "diameter": "200 مم", "execution_position": 1.0, "shape_Length": 23.999991053801164, "Depth": 1.5299999999999727, "GL": 166.26, "IL": 164.73000000000002, "الشركةالمنفذة": "عوض خليفة", "GlobalID": "{A7257879-3C34-40DE-B1D2-98A648398CE1}", "القطاع": "القطاع الثاني", "Fault_statement": null}, "geometry": {"type": "MultiLineString", "coordinates": [[[31.561002660576012, 30.26562563527958], [31.560908585207805, 30.265826131014638]]]}}, {"type": "Feature", "properties": {"line_degree": 2.0, "manufacturing_material": 1.0, "diameter": "200 مم", "execution_position": 1.0, "shape_Length": 24.000056193159846, "Depth": 1.539999999999992, "GL": 173.195, "IL": 171.655, "الشركةالمنفذة": "التوحيد", "GlobalID": "{6E6C9881-0D46-431E-8B91-9C4B5BBE4524}", "القطاع": "القطاع الثالث", "Fault_statement": null}, "geometry": {"type": "MultiLineString", "coordinates": [[[31.560503002037837, 30.274790995247525], [31.56033411790179, 30.274950307063083]]]}}, {"type": "Feature", "properties": {"line_degree": 2.0, "manufacturing_material": 1.0, "diameter": "200 مم", "execution_position": 1.0, "shape_Length": 23.999963973496243, "Depth": 1.509999999999991, "GL": 159.14999999999998, "IL": 157.64, "الشركةالمنفذة": "عوض خليفة", "GlobalID": "{95C8121E-2611-4510-BE0E-4088351C6C30}", "القطاع": "القطاع الثاني", "Fault_statement": null}, "geometry": {"type": "MultiLineString", "coordinates": [[[31.564571064447343, 30.265958450194045], [31.56468754734238, 30.265767025609165]]]}}, {"type": "Feature", "properties": {"line_degree": 2.0, "manufacturing_material": 1.0, "diameter": "200 مم", "execution_position": 1.0, "shape_Length": 23.99986585053282, "Depth": 1.5199999999999818, "GL": 169.945, "IL": 168.425, "الشركةالمنفذة": "عوض خليفة", "GlobalID": "{940D5FA7-00FE-459D-8910-1BA39DB2A840}", "القطاع": "القطاع الثاني", "Fault_statement": null}, "geometry": {"type": "MultiLineString", "coordinates": [[[31.556350347034716, 30.26708627524496], [31.556117280394773, 30.26700921690063]]]}}, {"type": "Feature", "properties": {"line_degree": 1.0, "manufacturing_material": 1.0, "diameter": "200 مم", "execution_position": 1.0, "shape_Length": 24.006985229544135, "Depth": 2.5, "GL": 168.905, "IL": 166.405, "الشركةالمنفذة": "عوض خليفة", "GlobalID": "{B77D1BC2-8AA4-4000-B261-2D0DA7341F63}", "القطاع": "القطاع الثاني", "Fault_statement": null}, "geometry": {"type": "MultiLineString", "coordinates": [[[31.567896434436967, 30.270215093995624], [31.567708535279323, 30.270072637691797]]]}}, {"type": "Feature", "properties": {"line_degree": 1.0, "manufacturing_material": 1.0, "diameter": "200 مم", "execution_position": 1.0, "shape_Length": 24.471969864643235, "Depth": 1.664999999999992, "GL": 165.665, "IL": 164.0, "الشركةالمنفذة": "التوحيد", "GlobalID": "{C3DFDE8B-D979-460A-9430-8890DEFDD6A5}", "القطاع": "القطاع الثالث", "Fault_statement": null}, "geometry": {"type": "MultiLineString", "coordinates": [[[31.55323675318482, 30.272143306945626], [31.5532658120822, 30.272362606698326]]]}}, {"type": "Feature", "properties": {"line_degree": 2.0, "manufacturing_material": 1.0, "diameter": "200 مم", "execution_position": 1.0, "shape_Length": 24.474924662687304, "Depth": 1.5049999999999955, "GL": 175.435, "IL": 173.93, "الشركةالمنفذة": "التوحيد", "GlobalID": "{F0587111-FA39-4C11-BFBF-107D1C8B99AC}", "القطاع": "القطاع الثالث", "Fault_statement": null}, "geometry": {"type": "MultiLineString", "coordinates": [[[31.559369893410185, 30.27623953435112], [31.559538226538127, 30.276074023678813]]]}}, {"type": "Feature", "properties": {"line_degree": 2.0, "manufacturing_material": 1.0, "diameter": "200 مم", "execution_position": 1.0, "shape_Length": 24.529866912187817, "Depth": 1.575000000000017, "GL": 174.615, "IL": 173.04, "الشركةالمنفذة": "التوحيد", "GlobalID": "{8A38BC94-43D6-48E4-A2B7-BA8402C2EA38}", "القطاع": "القطاع الثالث", "Fault_statement": null}, "geometry": {"type": "MultiLineString", "coordinates": [[[31.558579466198637, 30.27557959840161], [31.558750939911434, 30.275415865000927]]]}}, {"type": "Feature", "properties": {"line_degree": 1.0, "manufacturing_material": 1.0, "diameter": "200 مم", "execution_position": 1.0, "shape_Length": 24.822580806015022, "Depth": 2.835000000000008, "GL": 170.215, "IL": 167.38, "الشركةالمنفذة": "التوحيد", "GlobalID": "{4FCF4E5A-30D3-4D74-B750-D5DB1CA8E229}", "القطاع": "القطاع الثالث", "Fault_statement": null}, "geometry": {"type": "MultiLineString", "coordinates": [[[31.55417516825562, 30.268973406197432], [31.55407870509624, 30.269181069390658]]]}}, {"type": "Feature", "properties": {"line_degree": 2.0, "manufacturing_material": 1.0, "diameter": "200 مم", "execution_position": 1.0, "shape_Length": 18.60562013934833, "Depth": 1.704999999999984, "GL": 167.875, "IL": 166.17000000000002, "الشركةالمنفذة": "عوض خليفة", "GlobalID": "{8174B480-0A41-43DF-9317-6CADCF94833E}", "القطاع": "القطاع الثاني", "Fault_statement": null}, "geometry": {"type": "MultiLineString", "coordinates": [[[31.570585755871193, 30.269092271256312], [31.570724016438653, 30.26897495243261]]]}}, {"type": "Feature", "properties": {"line_degree": 2.0, "manufacturing_material": 1.0, "diameter": "200 مم", "execution_position": 1.0, "shape_Length": 24.908171222978687, "Depth": 1.9750000000000227, "GL": 171.10500000000002, "IL": 169.13, "الشركةالمنفذة": "التوحيد", "GlobalID": "{56E0B195-0188-4479-9E0F-CE34DBE1440B}", "القطاع": "القطاع الثالث", "Fault_statement": null}, "geometry": {"type": "MultiLineString", "coordinates": [[[31.56369724541215, 30.279174890296517], [31.563932207780436, 30.279080581731034]]]}}, {"type": "Feature", "properties": {"line_degree": 2.0, "manufacturing_material": 1.0, "diameter": "200 مم", "execution_position": 1.0, "shape_Length": 24.99350288070555, "Depth": 1.5, "GL": 165.55, "IL": 164.05, "الشركةالمنفذة": "عوض خليفة", "GlobalID": "{8A5ACDC8-1952-4084-8AE9-E81E270C7DF3}", "القطاع": "القطاع الثاني", "Fault_statement": null}, "geometry": {"type": "MultiLineString", "coordinates": [[[31.556335658377485, 30.264858690075144], [31.556521532775623, 30.26470122712149]]]}}, {"type": "Feature", "properties": {"line_degree": 2.0, "manufacturing_material": 1.0, "diameter": "200 مم", "execution_position": 1.0, "shape_Length": 24.99990884046196, "Depth": 1.5549999999999784, "GL": 172.90499999999997, "IL": 171.35, "الشركةالمنفذة": "التوحيد", "GlobalID": "{EE12D2EE-D2FB-45CD-8A45-4DB307EFB373}", "القطاع": "القطاع الثالث", "Fault_statement": null}, "geometry": {"type": "MultiLineString", "coordinates": [[[31.556112238254496, 30.274615819012187], [31.55593859119024, 30.274783561486014]]]}}, {"type": "Feature", "properties": {"line_degree": 2.0, "manufacturing_material": 1.0, "diameter": "200 مم", "execution_position": 1.0, "shape_Length": 24.999978015404217, "Depth": 1.6300000000000239, "GL": 164.9, "IL": 163.26999999999998, "الشركةالمنفذة": "عوض خليفة", "GlobalID": "{FFFDC8B4-61B6-4D03-9439-22EFD1C0C841}", "القطاع": "القطاع الثاني", "Fault_statement": null}, "geometry": {"type": "MultiLineString", "coordinates": [[[31.55735732770597, 30.265205960962827], [31.557192368704886, 30.26503174802596]]]}}, {"type": "Feature", "properties": {"line_degree": 2.0, "manufacturing_material": 1.0, "diameter": "200 مم", "execution_position": 1.0, "shape_Length": 24.999843413234025, "Depth": 1.9000000000000057, "GL": 171.405, "IL": 169.505, "الشركةالمنفذة": "عوض خليفة", "GlobalID": "{B3052EE8-F5ED-49E3-B061-936533E3CF34}", "القطاع": "القطاع الثاني", "Fault_statement": null}, "geometry": {"type": "MultiLineString", "coordinates": [[[31.570457834678923, 30.273300542600158], [31.570669238241134, 30.273431629613626]]]}}, {"type": "Feature", "properties": {"line_degree": 2.0, "manufacturing_material": 1.0, "diameter": "200 مم", "execution_position": 1.0, "shape_Length": 25.000112499747434, "Depth": 1.5349999999999682, "GL": 167.515, "IL": 165.98000000000002, "الشركةالمنفذة": "عوض خليفة", "GlobalID": "{EE8FF56F-9B86-4521-A439-9A537CB760E4}", "القطاع": "القطاع الثاني", "Fault_statement": null}, "geometry": {"type": "MultiLineString", "coordinates": [[[31.55974674572729, 30.265360997256984], [31.55974880227256, 30.265586499727632]]]}}, {"type": "Feature", "properties": {"line_degree": 2.0, "manufacturing_material": 1.0, "diameter": "200 مم", "execution_position": 1.0, "shape_Length": 25.00000050000016, "Depth": 1.6349999999999625, "GL": 165.92, "IL": 164.28500000000003, "الشركةالمنفذة": "التوحيد", "GlobalID": "{B650BDC2-9A7F-4C51-AA13-D6B709C1891C}", "القطاع": "القطاع الثالث", "Fault_statement": null}, "geometry": {"type": "MultiLineString", "coordinates": [[[31.553903155619537, 30.271923101388325], [31.55364335128563, 30.27192415329556]]]}}, {"type": "Feature", "properties": {"line_degree": 2.0, "manufacturing_material": 1.0, "diameter": "200 مم", "execution_position": 1.0, "shape_Length": 24.999994621090945, "Depth": 1.509999999999991, "GL": 164.20999999999998, "IL": 162.7, "الشركةالمنفذة": "عوض خليفة", "GlobalID": "{9B1B58A2-B6A1-4003-8EA4-FA45218617FA}", "القطاع": "القطاع الثاني", "Fault_statement": null}, "geometry": {"type": "MultiLineString", "coordinates": [[[31.568205963676622, 30.268486135556905], [31.568382447484684, 30.26832064679714]]]}}, {"type": "Feature", "properties": {"line_degree": 2.0, "manufacturing_material": 1.0, "diameter": "200 مم", "execution_position": 1.0, "shape_Length": 24.999953269981614, "Depth": 1.5400000000000205, "GL": 163.8, "IL": 162.26, "الشركةالمنفذة": "عوض خليفة", "GlobalID": "{A080A5E1-E318-441E-89F8-55160B57C846}", "القطاع": "القطاع الثاني", "Fault_statement": null}, "geometry": {"type": "MultiLineString", "coordinates": [[[31.55876241178887, 30.264798599838315], [31.558690560931034, 30.26458188826354]]]}}, {"type": "Feature", "properties": {"line_degree": 2.0, "manufacturing_material": 1.0, "diameter": "200 مم", "execution_position": 1.0, "shape_Length": 24.999898435566326, "Depth": 1.5449999999999875, "GL": 167.825, "IL": 166.28, "الشركةالمنفذة": "التوحيد", "GlobalID": "{B9FE01C1-9512-4342-A27D-B0A43E6B5199}", "القطاع": "القطاع الثالث", "Fault_statement": null}, "geometry": {"type": "MultiLineString", "coordinates": [[[31.55457384824588, 30.273205463836376], [31.554345967551352, 30.273313774152953]]]}}, {"type": "Feature", "properties": {"line_degree": 2.0, "manufacturing_material": 1.0, "diameter": "200 مم", "execution_position": 1.0, "shape_Length": 27.782422029070396, "Depth": 1.5249999999999773, "GL": 166.27499999999998, "IL": 164.75, "الشركةالمنفذة": "عوض خليفة", "GlobalID": "{05A9C127-9B86-40BE-B64C-916EA31BD5AC}", "القطاع": "القطاع الثاني", "Fault_statement": null}, "geometry": {"type": "MultiLineString", "coordinates": [[[31.56916465097565, 30.268942845466658], [31.56937692396813, 30.26877298210758]]]}}, {"type": "Feature", "properties": {"line_degree": 2.0, "manufacturing_material": 1.0, "diameter": "200 مم", "execution_position": 1.0, "shape_Length": 25.00000050000016, "Depth": 1.5449999999999875, "GL": 165.915, "IL": 164.37, "الشركةالمنفذة": "التوحيد", "GlobalID": "{A94D2FCF-7F22-4DDE-B22A-6271C3826DC5}", "القطاع": "القطاع الثالث", "Fault_statement": null}, "geometry": {"type": "MultiLineString", "coordinates": [[[31.55416295993937, 30.271922048965667], [31.553903155619537, 30.271923101388325]]]}}, {"type": "Feature", "properties": {"line_degree": 2.0, "manufacturing_material": 1.0, "diameter": "200 مم", "execution_position": 1.0, "shape_Length": 24.999928340839705, "Depth": 1.545000000000016, "GL": 163.10500000000002, "IL": 161.56, "الشركةالمنفذة": "عوض خليفة", "GlobalID": "{5289FF30-74FB-4B59-AB05-DFF0E95B5233}", "القطاع": "القطاع الثاني", "Fault_statement": null}, "geometry": {"type": "MultiLineString", "coordinates": [[[31.563105570335935, 30.266393854518157], [31.562993768808557, 30.26659741176394]]]}}, {"type": "Feature", "properties": {"line_degree": 2.0, "manufacturing_material": 1.0, "diameter": "200 مم", "execution_position": 1.0, "shape_Length": 24.999985232156394, "Depth": 1.6499999999999773, "GL": 172.88, "IL": 171.23000000000002, "الشركةالمنفذة": "عوض خليفة", "GlobalID": "{836E332D-6C0F-4E8A-95EE-8BCECDC0BA98}", "القطاع": "القطاع الثاني", "Fault_statement": null}, "geometry": {"type": "MultiLineString", "coordinates": [[[31.570659078961317, 30.272298530836487], [31.570911273509658, 30.272352721215512]]]}}, {"type": "Feature", "properties": {"line_degree": 2.0, "manufacturing_material": 1.0, "diameter": "200 مم", "execution_position": 1.0, "shape_Length": 25.000080899424837, "Depth": 1.5400000000000205, "GL": 161.68, "IL": 160.14, "الشركةالمنفذة": "عوض خليفة", "GlobalID": "{ABF94C20-BF7F-4F23-AC1C-6944EFA80A65}", "القطاع": "القطاع الثاني", "Fault_statement": null}, "geometry": {"type": "MultiLineString", "coordinates": [[[31.564101168763003, 30.266818393899314], [31.563976402244368, 30.26701619494401]]]}}, {"type": "Feature", "properties": {"line_degree": 2.0, "manufacturing_material": 1.0, "diameter": "200 مم", "execution_position": 1.0, "shape_Length": 25.000005379301562, "Depth": 1.634999999999991, "GL": 173.745, "IL": 172.11, "الشركةالمنفذة": "التوحيد", "GlobalID": "{F98DA886-42B1-4D69-8195-13BAB049B98F}", "القطاع": "القطاع الثالث", "Fault_statement": null}, "geometry": {"type": "MultiLineString", "coordinates": [[[31.561171438498558, 30.275605633401682], [31.560995516347557, 30.275771582737274]]]}}, {"type": "Feature", "properties": {"line_degree": 2.0, "manufacturing_material": 1.0, "diameter": "200 مم", "execution_position": 1.0, "shape_Length": 24.999964166531274, "Depth": 1.5500000000000114, "GL": 169.32, "IL": 167.76999999999998, "الشركةالمنفذة": "التوحيد", "GlobalID": "{20084782-3B77-4647-AEF3-754EE25A66C2}", "القطاع": "القطاع الثالث", "Fault_statement": null}, "geometry": {"type": "MultiLineString", "coordinates": [[[31.55483078877546, 30.270006142135372], [31.55459069833514, 30.269919980370762]]]}}, {"type": "Feature", "properties": {"line_degree": 2.0, "manufacturing_material": 1.0, "diameter": "200 مم", "execution_position": 1.0, "shape_Length": 24.99992023657599, "Depth": 1.5250000000000057, "GL": 171.625, "IL": 170.1, "الشركةالمنفذة": "التوحيد", "GlobalID": "{5AF11CF4-F89B-46CE-9B90-7B2F33D874E0}", "القطاع": "القطاع الثالث", "Fault_statement": null}, "geometry": {"type": "MultiLineString", "coordinates": [[[31.558020817059905, 30.272795416927522], [31.557844936223344, 30.27296139440049]]]}}, {"type": "Feature", "properties": {"line_degree": 2.0, "manufacturing_material": 1.0, "diameter": "200 مم", "execution_position": 1.0, "shape_Length": 25.000099809741393, "Depth": 1.539999999999992, "GL": 172.63, "IL": 171.09, "الشركةالمنفذة": "عوض خليفة", "GlobalID": "{C980358B-DFCD-493D-A7F8-6BC993960CD4}", "القطاع": "القطاع الثاني", "Fault_statement": null}, "geometry": {"type": "MultiLineString", "coordinates": [[[31.55677008334801, 30.268277336708582], [31.55701158244336, 30.268360473899552]]]}}, {"type": "Feature", "properties": {"line_degree": 2.0, "manufacturing_material": 1.0, "diameter": "200 مم", "execution_position": 1.0, "shape_Length": 25.000138015098855, "Depth": 1.5349999999999682, "GL": 167.70999999999998, "IL": 166.175, "الشركةالمنفذة": "عوض خليفة", "GlobalID": "{0B31E741-6F37-4C1E-9EAE-50A3C6881AD4}", "القطاع": "القطاع الثاني", "Fault_statement": null}, "geometry": {"type": "MultiLineString", "coordinates": [[[31.556794546425703, 30.266154035482412], [31.556561676846766, 30.266054063315487]]]}}, {"type": "Feature", "properties": {"line_degree": 2.0, "manufacturing_material": 1.0, "diameter": "200 مم", "execution_position": 1.0, "shape_Length": 25.000144627431748, "Depth": 1.6499999999999773, "GL": 168.57, "IL": 166.92000000000002, "الشركةالمنفذة": "عوض خليفة", "GlobalID": "{42B9ABDC-2304-4D3E-A899-F78D23A56D19}", "القطاع": "القطاع الثاني", "Fault_statement": null}, "geometry": {"type": "MultiLineString", "coordinates": [[[31.558608921209295, 30.265866876298418], [31.55874130569659, 30.26606091059026]]]}}, {"type": "Feature", "properties": {"line_degree": 2.0, "manufacturing_material": 1.0, "diameter": "200 مم", "execution_position": 1.0, "shape_Length": 25.000020611136108, "Depth": 1.5600000000000023, "GL": 165.60000000000002, "IL": 164.04000000000002, "الشركةالمنفذة": "عوض خليفة", "GlobalID": "{8BB11CB6-ABF2-4073-AB1F-B6854186FEFF}", "القطاع": "القطاع الثاني", "Fault_statement": null}, "geometry": {"type": "MultiLineString", "coordinates": [[[31.567778223486744, 30.268990765628327], [31.567611442661256, 30.269163671485273]]]}}, {"type": "Feature", "properties": {"line_degree": 2.0, "manufacturing_material": 1.0, "diameter": "200 مم", "execution_position": 1.0, "shape_Length": 25.000086518288644, "Depth": 1.5150000000000148, "GL": 161.4, "IL": 159.885, "الشركةالمنفذة": "عوض خليفة", "GlobalID": "{98A5638B-E7F0-437F-AD11-FE41A1C73111}", "القطاع": "القطاع الثاني", "Fault_statement": null}, "geometry": {"type": "MultiLineString", "coordinates": [[[31.567406108828784, 30.267898530431367], [31.56757096785661, 30.267724242182364]]]}}, {"type": "Feature", "properties": {"line_degree": 2.0, "manufacturing_material": 1.0, "diameter": "200 مم", "execution_position": 1.0, "shape_Length": 24.999884641118268, "Depth": 1.585000000000008, "GL": 171.025, "IL": 169.44, "الشركةالمنفذة": "عوض خليفة", "GlobalID": "{68781C60-025A-4A99-98F0-FF58417154DF}", "القطاع": "القطاع الثاني", "Fault_statement": null}, "geometry": {"type": "MultiLineString", "coordinates": [[[31.557447018072722, 30.267456876777274], [31.55768941884622, 30.26753800276028]]]}}, {"type": "Feature", "properties": {"line_degree": 1.0, "manufacturing_material": 1.0, "diameter": "200 مم", "execution_position": 1.0, "shape_Length": 25.00003420252621, "Depth": 3.6599999999999966, "GL": 167.26, "IL": 163.6, "الشركةالمنفذة": "التوحيد", "GlobalID": "{A3CD5C24-34FC-4B7A-ABD8-5196F45DBC4E}", "القطاع": "القطاع الثالث", "Fault_statement": null}, "geometry": {"type": "MultiLineString", "coordinates": [[[31.553518799011492, 30.273220260268808], [31.553629817687444, 30.273424144396763]]]}}, {"type": "Feature", "properties": {"line_degree": 2.0, "manufacturing_material": 1.0, "diameter": "200 مم", "execution_position": 1.0, "shape_Length": 24.99994426046822, "Depth": 1.6049999999999898, "GL": 173.445, "IL": 171.84, "الشركةالمنفذة": "التوحيد", "GlobalID": "{AAB8283A-D82B-4D00-A7B4-85905FA3F0DA}", "القطاع": "القطاع الثالث", "Fault_statement": null}, "geometry": {"type": "MultiLineString", "coordinates": [[[31.556448441454695, 30.269536633792285], [31.55669007681712, 30.26961947508839]]]}}, {"type": "Feature", "properties": {"line_degree": 2.0, "manufacturing_material": 1.0, "diameter": "200 مم", "execution_position": 1.0, "shape_Length": 25.0000986402235, "Depth": 1.509999999999991, "GL": 170.38, "IL": 168.87, "الشركةالمنفذة": "عوض خليفة", "GlobalID": "{65D927A5-C38D-4E63-8BCD-9E396A65E263}", "القطاع": "القطاع الثاني", "Fault_statement": null}, "geometry": {"type": "MultiLineString", "coordinates": [[[31.569662828645797, 30.269762312667456], [31.569865685968015, 30.269621423379043]]]}}, {"type": "Feature", "properties": {"line_degree": 1.0, "manufacturing_material": 1.0, "diameter": "200 مم", "execution_position": 1.0, "shape_Length": 25.000159719451464, "Depth": 1.535000000000025, "GL": 173.66000000000003, "IL": 172.125, "الشركةالمنفذة": "التوحيد", "GlobalID": "{0BD28486-36AD-4E6F-8334-01521A482189}", "القطاع": "القطاع الثالث", "Fault_statement": null}, "geometry": {"type": "MultiLineString", "coordinates": [[[31.56160892661291, 30.27676493754038], [31.561839733141618, 30.276868493874968]]]}}, {"type": "Feature", "properties": {"line_degree": 1.0, "manufacturing_material": 1.0, "diameter": "200 مم", "execution_position": 1.0, "shape_Length": 24.999917459917, "Depth": 2.379999999999967, "GL": 166.17, "IL": 163.79000000000002, "الشركةالمنفذة": "التوحيد", "GlobalID": "{0F585A01-C920-4020-847E-0F84234C7DCE}", "القطاع": "القطاع الثالث", "Fault_statement": null}, "geometry": {"type": "MultiLineString", "coordinates": [[[31.553346569079856, 30.272716545775133], [31.553422411901753, 30.272932231123914]]]}}, {"type": "Feature", "properties": {"line_degree": 2.0, "manufacturing_material": 1.0, "diameter": "200 مم", "execution_position": 1.0, "shape_Length": 25.000066791969086, "Depth": 1.585000000000008, "GL": 173.495, "IL": 171.91, "الشركةالمنفذة": "عوض خليفة", "GlobalID": "{89CCFB38-E29A-418F-A9C6-B43B24B3EF48}", "القطاع": "القطاع الثاني", "Fault_statement": null}, "geometry": {"type": "MultiLineString", "coordinates": [[[31.57077168721583, 30.27136846173328], [31.571031212682612, 30.27135798859908]]]}}, {"type": "Feature", "properties": {"line_degree": 2.0, "manufacturing_material": 1.0, "diameter": "200 مم", "execution_position": 1.0, "shape_Length": 24.999954644507334, "Depth": 1.615000000000009, "GL": 163.79500000000002, "IL": 162.18, "الشركةالمنفذة": "عوض خليفة", "GlobalID": "{DDA78732-726B-44BA-A298-8777DC2A7374}", "القطاع": "القطاع الثاني", "Fault_statement": null}, "geometry": {"type": "MultiLineString", "coordinates": [[[31.558690560931034, 30.26458188826354], [31.558621464520566, 30.264364502807673]]]}}, {"type": "Feature", "properties": {"line_degree": 2.0, "manufacturing_material": 1.0, "diameter": "200 مم", "execution_position": 1.0, "shape_Length": 25.00015188819186, "Depth": 1.545000000000016, "GL": 173.735, "IL": 172.19, "الشركةالمنفذة": "التوحيد", "GlobalID": "{7147FE22-04C5-4976-8D4F-1DA7C60B70D0}", "القطاع": "القطاع الثالث", "Fault_statement": null}, "geometry": {"type": "MultiLineString", "coordinates": [[[31.561347360048075, 30.27543968202894], [31.561171438498558, 30.275605633401682]]]}}, {"type": "Feature", "properties": {"line_degree": 1.0, "manufacturing_material": 1.0, "diameter": "200 مم", "execution_position": 1.0, "shape_Length": 25.00012998699434, "Depth": 1.9049999999999727, "GL": 170.70999999999998, "IL": 168.805, "الشركةالمنفذة": "التوحيد", "GlobalID": "{F3061EB8-7A81-4E92-BEE0-D5030D70EFF9}", "القطاع": "القطاع الثالث", "Fault_statement": null}, "geometry": {"type": "MultiLineString", "coordinates": [[[31.554552347381758, 30.274697683832727], [31.554361137968286, 30.274545004022468]]]}}, {"type": "Feature", "properties": {"line_degree": 2.0, "manufacturing_material": 1.0, "diameter": "200 مم", "execution_position": 1.0, "shape_Length": 25.000059155955014, "Depth": 1.6000000000000227, "GL": 171.42000000000002, "IL": 169.82, "الشركةالمنفذة": "التوحيد", "GlobalID": "{BCEACEBD-34CA-413C-B7E0-C74A7A000FFE}", "القطاع": "القطاع الثالث", "Fault_statement": null}, "geometry": {"type": "MultiLineString", "coordinates": [[[31.55545862455618, 30.27126271727982], [31.55569709783073, 30.27135220738621]]]}}, {"type": "Feature", "properties": {"line_degree": 1.0, "manufacturing_material": 1.0, "diameter": "200 مم", "execution_position": 1.0, "shape_Length": 25.000134747087586, "Depth": 2.829999999999984, "GL": 170.51, "IL": 167.68, "الشركةالمنفذة": "التوحيد", "GlobalID": "{C4F78892-BBC2-4377-BB5C-D77633825D6A}", "القطاع": "القطاع الثالث", "Fault_statement": null}, "geometry": {"type": "MultiLineString", "coordinates": [[[31.55427230437108, 30.268764251711932], [31.55417516825562, 30.268973406197432]]]}}, {"type": "Feature", "properties": {"line_degree": 2.0, "manufacturing_material": 1.0, "diameter": "200 مم", "execution_position": 1.0, "shape_Length": 25.000115754073622, "Depth": 1.6299999999999955, "GL": 171.22, "IL": 169.59, "الشركةالمنفذة": "عوض خليفة", "GlobalID": "{529FA121-311A-4BBB-9E5E-73326490258C}", "القطاع": "القطاع الثاني", "Fault_statement": null}, "geometry": {"type": "MultiLineString", "coordinates": [[[31.570247346057915, 30.273168347158723], [31.570457834678923, 30.273300542600158]]]}}, {"type": "Feature", "properties": {"line_degree": 2.0, "manufacturing_material": 1.0, "diameter": "200 مم", "execution_position": 1.0, "shape_Length": 25.15411625576893, "Depth": 1.7800000000000011, "GL": 174.94, "IL": 173.16, "الشركةالمنفذة": "التوحيد", "GlobalID": "{D73E3853-6D04-46C2-A68E-BA2F18288E0C}", "القطاع": "القطاع الثالث", "Fault_statement": null}, "geometry": {"type": "MultiLineString", "coordinates": [[[31.556355532123018, 30.275805957728085], [31.556183831201803, 30.27597705326953]]]}}, {"type": "Feature", "properties": {"line_degree": 2.0, "manufacturing_material": 1.0, "diameter": "200 مم", "execution_position": 1.0, "shape_Length": 21.549883483448266, "Depth": 2.0449999999999875, "GL": 178.95, "IL": 176.905, "الشركةالمنفذة": "التوحيد", "GlobalID": "{08D1622F-9F28-4000-B94E-9485BA7088D3}", "القطاع": "القطاع الثالث", "Fault_statement": null}, "geometry": {"type": "MultiLineString", "coordinates": [[[31.55990437431364, 30.278638131961724], [31.55975769107116, 30.278785028101726]]]}}, {"type": "Feature", "properties": {"line_degree": 2.0, "manufacturing_material": 1.0, "diameter": "200 مم", "execution_position": 1.0, "shape_Length": 25.379069510877592, "Depth": 1.509999999999991, "GL": 172.92, "IL": 171.41, "الشركةالمنفذة": "التوحيد", "GlobalID": "{BBA6BC86-F3A5-4821-9593-DA122F549B25}", "القطاع": "القطاع الثالث", "Fault_statement": null}, "geometry": {"type": "MultiLineString", "coordinates": [[[31.562310905449475, 30.277845799120662], [31.56233392273803, 30.27761774510131]]]}}, {"type": "Feature", "properties": {"line_degree": 2.0, "manufacturing_material": 1.0, "diameter": "200 مم", "execution_position": 1.0, "shape_Length": 25.52424495310351, "Depth": 1.6999999999999886, "GL": 165.12, "IL": 163.42000000000002, "الشركةالمنفذة": "عوض خليفة", "GlobalID": "{05660554-CE2D-4F60-BA09-0D7336D13755}", "القطاع": "القطاع الثاني", "Fault_statement": null}, "geometry": {"type": "MultiLineString", "coordinates": [[[31.556521532775623, 30.26470122712149], [31.55671538082924, 30.264544081860453]]]}}, {"type": "Feature", "properties": {"line_degree": 1.0, "manufacturing_material": 1.0, "diameter": "200 مم", "execution_position": 1.0, "shape_Length": 25.619948197390237, "Depth": 2.835000000000008, "GL": 168.875, "IL": 166.04, "الشركةالمنفذة": "التوحيد", "GlobalID": "{5CC8D940-B19E-46A7-BAB9-33280B03F107}", "القطاع": "القطاع الثالث", "Fault_statement": null}, "geometry": {"type": "MultiLineString", "coordinates": [[[31.553735650032415, 30.269904570848343], [31.5536261012672, 30.27011520254551]]]}}, {"type": "Feature", "properties": {"line_degree": 2.0, "manufacturing_material": 1.0, "diameter": "200 مم", "execution_position": 1.0, "shape_Length": 25.999409606872092, "Depth": 1.5649999999999977, "GL": 169.91, "IL": 168.345, "الشركةالمنفذة": "عوض خليفة", "GlobalID": "{15C3D62A-930A-4385-89A1-7119650C1117}", "القطاع": "القطاع الثاني", "Fault_statement": null}, "geometry": {"type": "MultiLineString", "coordinates": [[[31.556117280394773, 30.26700921690063], [31.55586840702868, 30.26691793312564]]]}}, {"type": "Feature", "properties": {"line_degree": 2.0, "manufacturing_material": 1.0, "diameter": "200 مم", "execution_position": 1.0, "shape_Length": 25.999236277626746, "Depth": 1.5949999999999989, "GL": 166.245, "IL": 164.65, "الشركةالمنفذة": "عوض خليفة", "GlobalID": "{06B4690B-297E-4485-89DA-7F6BE27E1634}", "القطاع": "القطاع الثاني", "Fault_statement": null}, "geometry": {"type": "MultiLineString", "coordinates": [[[31.560908585207805, 30.265826131014638], [31.56080987605081, 30.266044440228278]]]}}, {"type": "Feature", "properties": {"line_degree": 2.0, "manufacturing_material": 1.0, "diameter": "200 مم", "execution_position": 1.0, "shape_Length": 25.999720332489527, "Depth": 1.615000000000009, "GL": 159.185, "IL": 157.57, "الشركةالمنفذة": "عوض خليفة", "GlobalID": "{6EEF79FC-8912-4AE5-A235-94519E3EE1DA}", "القطاع": "القطاع الثاني", "Fault_statement": null}, "geometry": {"type": "MultiLineString", "coordinates": [[[31.565970851511047, 30.268102660145352], [31.56581650395862, 30.268295151208566]]]}}, {"type": "Feature", "properties": {"line_degree": 2.0, "manufacturing_material": 1.0, "diameter": "200 مم", "execution_position": 1.0, "shape_Length": 26.00006007674458, "Depth": 1.5900000000000034, "GL": 159.93, "IL": 158.34, "الشركةالمنفذة": "عوض خليفة", "GlobalID": "{2D079A86-6F19-4FE7-8743-CE7FD4341F66}", "القطاع": "القطاع الثاني", "Fault_statement": null}, "geometry": {"type": "MultiLineString", "coordinates": [[[31.56512038482036, 30.267604336150832], [31.564979174954747, 30.267804285473993]]]}}, {"type": "Feature", "properties": {"line_degree": 2.0, "manufacturing_material": 1.0, "diameter": "200 مم", "execution_position": 1.0, "shape_Length": 25.999951337334526, "Depth": 1.5699999999999932, "GL": 167.95, "IL": 166.38, "الشركةالمنفذة": "التوحيد", "GlobalID": "{1C3FFA28-A322-4BB4-9262-E340E639F43E}", "القطاع": "القطاع الثالث", "Fault_statement": null}, "geometry": {"type": "MultiLineString", "coordinates": [[[31.55414964246655, 30.270838641422557], [31.553895228688273, 30.270759661468862]]]}}, {"type": "Feature", "properties": {"line_degree": 2.0, "manufacturing_material": 1.0, "diameter": "200 مم", "execution_position": 1.0, "shape_Length": 25.999875909359922, "Depth": 1.535000000000025, "GL": 171.35000000000002, "IL": 169.815, "الشركةالمنفذة": "عوض خليفة", "GlobalID": "{4B1F0C8A-57D6-4E18-B6F8-C97A30D60E48}", "القطاع": "القطاع الثاني", "Fault_statement": null}, "geometry": {"type": "MultiLineString", "coordinates": [[[31.55603959170402, 30.268021539722362], [31.555787319261487, 30.267937562369184]]]}}, {"type": "Feature", "properties": {"line_degree": 2.0, "manufacturing_material": 1.0, "diameter": "200 مم", "execution_position": 1.0, "shape_Length": 25.999952305122417, "Depth": 1.6599999999999682, "GL": 169.51999999999998, "IL": 167.86, "الشركةالمنفذة": "التوحيد", "GlobalID": "{B4041442-C7FA-4F23-BBD5-DC0C879A15A4}", "القطاع": "القطاع الثالث", "Fault_statement": null}, "geometry": {"type": "MultiLineString", "coordinates": [[[31.55537011050256, 30.272354629061628], [31.555632275532496, 30.272297860673852]]]}}, {"type": "Feature", "properties": {"line_degree": 2.0, "manufacturing_material": 1.0, "diameter": "200 مم", "execution_position": 1.0, "shape_Length": 25.999892878345253, "Depth": 1.509999999999991, "GL": 160.795, "IL": 159.285, "الشركةالمنفذة": "عوض خليفة", "GlobalID": "{9B301B7A-69A8-4BD5-8C78-F028CA21B809}", "القطاع": "القطاع الثاني", "Fault_statement": null}, "geometry": {"type": "MultiLineString", "coordinates": [[[31.567983824323537, 30.26728320634742], [31.568152721151314, 30.267100150052975]]]}}, {"type": "Feature", "properties": {"line_degree": 2.0, "manufacturing_material": 1.0, "diameter": "200 مم", "execution_position": 1.0, "shape_Length": 26.000025459713697, "Depth": 1.6399999999999864, "GL": 162.065, "IL": 160.425, "الشركةالمنفذة": "عوض خليفة", "GlobalID": "{7CF2D3FF-E27F-4508-BCF9-91E5AF960883}", "القطاع": "القطاع الثاني", "Fault_statement": null}, "geometry": {"type": "MultiLineString", "coordinates": [[[31.566813065071383, 30.268603153822824], [31.56664761443813, 30.26878856948484]]]}}, {"type": "Feature", "properties": {"line_degree": 2.0, "manufacturing_material": 1.0, "diameter": "200 مم", "execution_position": 1.0, "shape_Length": 25.999909109429, "Depth": 1.509999999999991, "GL": 171.385, "IL": 169.875, "الشركةالمنفذة": "عوض خليفة", "GlobalID": "{49CCD21B-2302-406E-B372-AD2FF4C6A24F}", "القطاع": "القطاع الثاني", "Fault_statement": null}, "geometry": {"type": "MultiLineString", "coordinates": [[[31.569814902570293, 30.272389890929865], [31.56956059778864, 30.272310639816517]]]}}, {"type": "Feature", "properties": {"line_degree": 2.0, "manufacturing_material": 1.0, "diameter": "200 مم", "execution_position": 1.0, "shape_Length": 26.000002079548796, "Depth": 1.6099999999999852, "GL": 174.95, "IL": 173.34, "الشركةالمنفذة": "التوحيد", "GlobalID": "{812B08FB-DCBB-49F7-A99E-19B3C731A6A6}", "القطاع": "القطاع الثالث", "Fault_statement": null}, "geometry": {"type": "MultiLineString", "coordinates": [[[31.556739042897433, 30.275438093115383], [31.556558877316913, 30.275612880164726]]]}}, {"type": "Feature", "properties": {"line_degree": 2.0, "manufacturing_material": 1.0, "diameter": "200 مم", "execution_position": 1.0, "shape_Length": 25.99983494150181, "Depth": 1.955000000000041, "GL": 173.10000000000002, "IL": 171.14499999999998, "الشركةالمنفذة": "عوض خليفة", "GlobalID": "{7F39CE78-0829-4B60-8946-9411BCAAAC18}", "القطاع": "القطاع الثاني", "Fault_statement": null}, "geometry": {"type": "MultiLineString", "coordinates": [[[31.570911273509658, 30.272352721215512], [31.5711733678343, 30.272409729270034]]]}}, {"type": "Feature", "properties": {"line_degree": 2.0, "manufacturing_material": 1.0, "diameter": "200 مم", "execution_position": 1.0, "shape_Length": 25.999964930405987, "Depth": 1.6299999999999955, "GL": 173.20499999999998, "IL": 171.575, "الشركةالمنفذة": "التوحيد", "GlobalID": "{37FFE844-3799-40BE-A793-6077D1E60480}", "القطاع": "القطاع الثالث", "Fault_statement": null}, "geometry": {"type": "MultiLineString", "coordinates": [[[31.56033411790179, 30.274950307063083], [31.560151159814165, 30.27512289371734]]]}}, {"type": "Feature", "properties": {"line_degree": 2.0, "manufacturing_material": 1.0, "diameter": "200 مم", "execution_position": 1.0, "shape_Length": 26.000093133011006, "Depth": 1.539999999999992, "GL": 170.975, "IL": 169.435, "الشركةالمنفذة": "التوحيد", "GlobalID": "{4EC945E9-7C4E-45B2-A143-0801E1E1A512}", "القطاع": "القطاع الثالث", "Fault_statement": null}, "geometry": {"type": "MultiLineString", "coordinates": [[[31.555305867308604, 30.273971256186787], [31.55512527382854, 30.274145709356542]]]}}, {"type": "Feature", "properties": {"line_degree": 2.0, "manufacturing_material": 1.0, "diameter": "200 مم", "execution_position": 1.0, "shape_Length": 26.00006553872607, "Depth": 1.6299999999999955, "GL": 173.26, "IL": 171.63, "الشركةالمنفذة": "التوحيد", "GlobalID": "{2734E834-D410-43C3-B346-FFB758D22F87}", "القطاع": "القطاع الثالث", "Fault_statement": null}, "geometry": {"type": "MultiLineString", "coordinates": [[[31.555962244502606, 30.270435798923852], [31.556205803504874, 30.270537339533366]]]}}, {"type": "Feature", "properties": {"line_degree": 2.0, "manufacturing_material": 1.0, "diameter": "200 مم", "execution_position": 1.0, "shape_Length": 28.458764649192343, "Depth": 2.039999999999992, "GL": 168.895, "IL": 166.85500000000002, "الشركةالمنفذة": "التوحيد", "GlobalID": "{FEC48C8D-2655-46BD-ACE2-0A3557930AFF}", "القطاع": "القطاع الثالث", "Fault_statement": null}, "geometry": {"type": "MultiLineString", "coordinates": [[[31.562573287713892, 30.278780491036787], [31.56260038766403, 30.27903611837362]]]}}, {"type": "Feature", "properties": {"line_degree": 2.0, "manufacturing_material": 1.0, "diameter": "200 مم", "execution_position": 1.0, "shape_Length": 25.99995133884571, "Depth": 1.5150000000000148, "GL": 167.975, "IL": 166.45999999999998, "الشركةالمنفذة": "التوحيد", "GlobalID": "{11310887-4302-4135-A844-B1B9A9D18866}", "القطاع": "القطاع الثالث", "Fault_statement": null}, "geometry": {"type": "MultiLineString", "coordinates": [[[31.55440405664508, 30.270917620875952], [31.55414964246655, 30.270838641422557]]]}}, {"type": "Feature", "properties": {"line_degree": 2.0, "manufacturing_material": 1.0, "diameter": "200 مم", "execution_position": 1.0, "shape_Length": 25.99991371051991, "Depth": 1.5400000000000205, "GL": 172.235, "IL": 170.695, "الشركةالمنفذة": "التوحيد", "GlobalID": "{E3189DFA-E71F-4B2D-BC70-BF267C426432}", "القطاع": "القطاع الثالث", "Fault_statement": null}, "geometry": {"type": "MultiLineString", "coordinates": [[[31.556656107810426, 30.27408926164947], [31.556841980970198, 30.273919039815958]]]}}, {"type": "Feature", "properties": {"line_degree": 2.0, "manufacturing_material": 1.0, "diameter": "200 مم", "execution_position": 1.0, "shape_Length": 25.999893961787645, "Depth": 1.539999999999992, "GL": 164.64, "IL": 163.1, "الشركةالمنفذة": "عوض خليفة", "GlobalID": "{7791676C-10C1-4C33-9B5D-544E82C65BA1}", "القطاع": "القطاع الثاني", "Fault_statement": null}, "geometry": {"type": "MultiLineString", "coordinates": [[[31.56209326282996, 30.265985881082354], [31.561983809705154, 30.266200302479]]]}}, {"type": "Feature", "properties": {"line_degree": 2.0, "manufacturing_material": 1.0, "diameter": "200 مم", "execution_position": 1.0, "shape_Length": 25.999964930405987, "Depth": 1.625, "GL": 172.68, "IL": 171.055, "الشركةالمنفذة": "التوحيد", "GlobalID": "{582DD19C-137C-44A6-B094-75BA65F02BCB}", "القطاع": "القطاع الثالث", "Fault_statement": null}, "geometry": {"type": "MultiLineString", "coordinates": [[[31.559499482862556, 30.27429192927883], [31.55931652449709, 30.2744645147871]]]}}, {"type": "Feature", "properties": {"line_degree": 2.0, "manufacturing_material": 1.0, "diameter": "200 مم", "execution_position": 1.0, "shape_Length": 25.999961999185988, "Depth": 1.5200000000000102, "GL": 172.465, "IL": 170.945, "الشركةالمنفذة": "عوض خليفة", "GlobalID": "{52983858-7B15-4187-B180-5898504DBC1B}", "القطاع": "القطاع الثاني", "Fault_statement": null}, "geometry": {"type": "MultiLineString", "coordinates": [[[31.57025080513786, 30.270550687222705], [31.57050105958566, 30.2704622629844]]]}}, {"type": "Feature", "properties": {"line_degree": 2.0, "manufacturing_material": 1.0, "diameter": "200 مم", "execution_position": 1.0, "shape_Length": 26.00006048137944, "Depth": 1.509999999999991, "GL": 161.86, "IL": 160.35000000000002, "الشركةالمنفذة": "عوض خليفة", "GlobalID": "{5BCCA255-4824-41FE-A4FF-14AFE3D3B5ED}", "القطاع": "القطاع الثاني", "Fault_statement": null}, "geometry": {"type": "MultiLineString", "coordinates": [[[31.563547278799245, 30.26553187408655], [31.563660895891058, 30.26531908965582]]]}}, {"type": "Feature", "properties": {"line_degree": 2.0, "manufacturing_material": 1.0, "diameter": "200 مم", "execution_position": 1.0, "shape_Length": 26.000031194007292, "Depth": 1.4050000000000011, "GL": 173.275, "IL": 171.87, "الشركةالمنفذة": "التوحيد", "GlobalID": "{1BDFE2F7-0C52-4BB4-A908-2D14AF090FE0}", "القطاع": "القطاع الثالث", "Fault_statement": null}, "geometry": {"type": "MultiLineString", "coordinates": [[[31.557486621369044, 30.27472038122854], [31.557670445781454, 30.274548489144742]]]}}, {"type": "Feature", "properties": {"line_degree": 2.0, "manufacturing_material": 1.0, "diameter": "200 مم", "execution_position": 1.0, "shape_Length": 25.999964931039955, "Depth": 1.625, "GL": 172.14, "IL": 170.515, "الشركةالمنفذة": "التوحيد", "GlobalID": "{CE7C4F90-1EBB-46F4-B979-83E680BE80E8}", "القطاع": "القطاع الثالث", "Fault_statement": null}, "geometry": {"type": "MultiLineString", "coordinates": [[[31.55866522069216, 30.273633192630072], [31.558482262050212, 30.273805776992887]]]}}, {"type": "Feature", "properties": {"line_degree": 1.0, "manufacturing_material": 1.0, "diameter": "200 مم", "execution_position": 1.0, "shape_Length": 26.00196320652131, "Depth": 2.1299999999999955, "GL": 169.85500000000002, "IL": 167.72500000000002, "الشركةالمنفذة": "عوض خليفة", "GlobalID": "{5B252107-6DC2-4F57-8C19-BDD1FD65F6D0}", "القطاع": "القطاع الثاني", "Fault_statement": null}, "geometry": {"type": "MultiLineString", "coordinates": [[[31.56809532523398, 30.270373865482558], [31.567896434436967, 30.270215093995624]]]}}, {"type": "Feature", "properties": {"line_degree": 2.0, "manufacturing_material": 1.0, "diameter": "200 مم", "execution_position": 1.0, "shape_Length": 23.470428831827494, "Depth": 1.9599999999999795, "GL": 176.89, "IL": 174.93, "الشركةالمنفذة": "التوحيد", "GlobalID": "{6677FC7B-D02E-4E40-983C-8C68EF5A01BE}", "القطاع": "القطاع الثالث", "Fault_statement": null}, "geometry": {"type": "MultiLineString", "coordinates": [[[31.55743570889337, 30.27667226856178], [31.557273864058672, 30.276830664330276]]]}}, {"type": "Feature", "properties": {"line_degree": 2.0, "manufacturing_material": 1.0, "diameter": "200 مم", "execution_position": 1.0, "shape_Length": 26.363179271236767, "Depth": 1.8249999999999886, "GL": 170.95, "IL": 169.125, "الشركةالمنفذة": "التوحيد", "GlobalID": "{8F434385-AF8D-4999-8A36-07C47958B124}", "القطاع": "القطاع الثالث", "Fault_statement": null}, "geometry": {"type": "MultiLineString", "coordinates": [[[31.554735433703684, 30.27452077095462], [31.554552347381758, 30.274697683832727]]]}}, {"type": "Feature", "properties": {"line_degree": 1.0, "manufacturing_material": 1.0, "diameter": "200 مم", "execution_position": 1.0, "shape_Length": 26.559618070899003, "Depth": 2.8349999999999795, "GL": 169.545, "IL": 166.71, "الشركةالمنفذة": "التوحيد", "GlobalID": "{3EF0AAD4-B086-4796-A9FD-B4299F0408AC}", "القطاع": "القطاع الثالث", "Fault_statement": null}, "geometry": {"type": "MultiLineString", "coordinates": [[[31.553958505927923, 30.269432489932814], [31.553855499765977, 30.26965475763486]]]}}, {"type": "Feature", "properties": {"line_degree": 2.0, "manufacturing_material": 1.0, "diameter": "200 مم", "execution_position": 1.0, "shape_Length": 26.586280525697777, "Depth": 1.5400000000000205, "GL": 172.865, "IL": 171.325, "الشركةالمنفذة": "التوحيد", "GlobalID": "{EE49F1BF-FC70-4C7C-96F9-A752FC71604E}", "القطاع": "القطاع الثالث", "Fault_statement": null}, "geometry": {"type": "MultiLineString", "coordinates": [[[31.56233392273803, 30.27761774510131], [31.56235916305004, 30.277378930987183]]]}}, {"type": "Feature", "properties": {"line_degree": 2.0, "manufacturing_material": 1.0, "diameter": "200 مم", "execution_position": 1.0, "shape_Length": 26.735193118804663, "Depth": 1.7199999999999989, "GL": 169.585, "IL": 167.865, "الشركةالمنفذة": "التوحيد", "GlobalID": "{11C370EE-3C53-4326-AB13-91EBEF1618BB}", "القطاع": "القطاع الثالث", "Fault_statement": null}, "geometry": {"type": "MultiLineString", "coordinates": [[[31.565614800035448, 30.277794245273842], [31.565816962733386, 30.27795968635811]]]}}, {"type": "Feature", "properties": {"line_degree": 1.0, "manufacturing_material": 1.0, "diameter": "200 مم", "execution_position": 1.0, "shape_Length": 26.97278516402112, "Depth": 1.634999999999991, "GL": 173.6, "IL": 171.965, "الشركةالمنفذة": "عوض خليفة", "GlobalID": "{74B8A315-4BF1-4510-9A3C-02F3D39A367F}", "القطاع": "القطاع الثاني", "Fault_statement": null}, "geometry": {"type": "MultiLineString", "coordinates": [[[31.569053542689915, 30.271221164606903], [31.569183887329487, 30.27143656260357]]]}}, {"type": "Feature", "properties": {"line_degree": 2.0, "manufacturing_material": 1.0, "diameter": "200 مم", "execution_position": 1.0, "shape_Length": 33.073100374412206, "Depth": 1.7549999999999955, "GL": 161.665, "IL": 159.91, "الشركةالمنفذة": "عوض خليفة", "GlobalID": "{95D83BCD-022C-426B-B850-0AD16231F518}", "القطاع": "القطاع الثاني", "Fault_statement": null}, "geometry": {"type": "MultiLineString", "coordinates": [[[31.563828996629454, 30.267254641893587], [31.563667722495882, 30.267518088001097]]]}}, {"type": "Feature", "properties": {"line_degree": 2.0, "manufacturing_material": 1.0, "diameter": "200 مم", "execution_position": 1.0, "shape_Length": 26.99999920767886, "Depth": 1.5199999999999818, "GL": 169.89499999999998, "IL": 168.375, "الشركةالمنفذة": "عوض خليفة", "GlobalID": "{01125BCF-587C-43D5-B576-E7BFAC3F20A4}", "القطاع": "القطاع الثاني", "Fault_statement": null}, "geometry": {"type": "MultiLineString", "coordinates": [[[31.569865685968015, 30.269621423379043], [31.570082907063433, 30.26946726361947]]]}}, {"type": "Feature", "properties": {"line_degree": 2.0, "manufacturing_material": 1.0, "diameter": "200 مم", "execution_position": 1.0, "shape_Length": 26.99988789445118, "Depth": 1.6049999999999898, "GL": 167.695, "IL": 166.09, "الشركةالمنفذة": "عوض خليفة", "GlobalID": "{22A297E5-969F-4BCC-AB95-68408B11E170}", "القطاع": "القطاع الثاني", "Fault_statement": null}, "geometry": {"type": "MultiLineString", "coordinates": [[[31.556561676846766, 30.266054063315487], [31.556308538120327, 30.265949026020383]]]}}, {"type": "Feature", "properties": {"line_degree": 2.0, "manufacturing_material": 1.0, "diameter": "200 مم", "execution_position": 1.0, "shape_Length": 27.00002459694839, "Depth": 1.6449999999999818, "GL": 171.32999999999998, "IL": 169.685, "الشركةالمنفذة": "التوحيد", "GlobalID": "{8F128418-D65E-4B2E-83F1-FA682A5AF302}", "القطاع": "القطاع الثالث", "Fault_statement": null}, "geometry": {"type": "MultiLineString", "coordinates": [[[31.563501008897454, 30.277489835322033], [31.563399959065727, 30.277262626314528]]]}}, {"type": "Feature", "properties": {"line_degree": 2.0, "manufacturing_material": 1.0, "diameter": "200 مم", "execution_position": 1.0, "shape_Length": 26.999918423739928, "Depth": 1.5, "GL": 159.64499999999998, "IL": 158.14499999999998, "الشركةالمنفذة": "عوض خليفة", "GlobalID": "{6352578D-9135-47A4-B031-F00A882B9743}", "القطاع": "القطاع الثاني", "Fault_statement": null}, "geometry": {"type": "MultiLineString", "coordinates": [[[31.564440019611276, 30.26617380183083], [31.564571064447343, 30.265958450194045]]]}}, {"type": "Feature", "properties": {"line_degree": 2.0, "manufacturing_material": 1.0, "diameter": "200 مم", "execution_position": 1.0, "shape_Length": 26.999846803415192, "Depth": 1.6200000000000045, "GL": 170.965, "IL": 169.345, "الشركةالمنفذة": "التوحيد", "GlobalID": "{D3230472-BADE-451B-963F-28945676BDC2}", "القطاع": "القطاع الثالث", "Fault_statement": null}, "geometry": {"type": "MultiLineString", "coordinates": [[[31.55512527382854, 30.274145709356542], [31.5549377356, 30.27432687039982]]]}}, {"type": "Feature", "properties": {"line_degree": 2.0, "manufacturing_material": 1.0, "diameter": "200 مم", "execution_position": 1.0, "shape_Length": 26.999922286271357, "Depth": 1.5449999999999875, "GL": 158.075, "IL": 156.53, "الشركةالمنفذة": "عوض خليفة", "GlobalID": "{94CE42BD-CCD5-4F4D-8BB0-6DCAC8D81632}", "القطاع": "القطاع الثاني", "Fault_statement": null}, "geometry": {"type": "MultiLineString", "coordinates": [[[31.565829404226896, 30.266611536397267], [31.565979825028926, 30.266405946511526]]]}}, {"type": "Feature", "properties": {"line_degree": 2.0, "manufacturing_material": 1.0, "diameter": "200 مم", "execution_position": 1.0, "shape_Length": 27.000061013575284, "Depth": 1.6550000000000011, "GL": 169.34, "IL": 167.685, "الشركةالمنفذة": "التوحيد", "GlobalID": "{DBC51396-DFB6-48C6-9EDC-C61A8C888F03}", "القطاع": "القطاع الثالث", "Fault_statement": null}, "geometry": {"type": "MultiLineString", "coordinates": [[[31.55459069833514, 30.269919980370762], [31.554331400206923, 30.269826924734296]]]}}, {"type": "Feature", "properties": {"line_degree": 2.0, "manufacturing_material": 1.0, "diameter": "200 مم", "execution_position": 1.0, "shape_Length": 26.999921500967087, "Depth": 1.6100000000000136, "GL": 167.505, "IL": 165.89499999999998, "الشركةالمنفذة": "عوض خليفة", "GlobalID": "{529706C6-C898-4703-A7C1-87CFF1B22A34}", "القطاع": "القطاع الثاني", "Fault_statement": null}, "geometry": {"type": "MultiLineString", "coordinates": [[[31.55974880227256, 30.265586499727632], [31.559751023351453, 30.265830040583026]]]}}, {"type": "Feature", "properties": {"line_degree": 2.0, "manufacturing_material": 1.0, "diameter": "200 مم", "execution_position": 1.0, "shape_Length": 27.000074716245535, "Depth": 1.589999999999975, "GL": 158.755, "IL": 157.16500000000002, "الشركةالمنفذة": "عوض خليفة", "GlobalID": "{9162637E-A31C-43C1-89D8-2F11612B431A}", "القطاع": "القطاع الثاني", "Fault_statement": null}, "geometry": {"type": "MultiLineString", "coordinates": [[[31.567103410052336, 30.266700939925915], [31.567265883693718, 30.26650237932387]]]}}, {"type": "Feature", "properties": {"line_degree": 2.0, "manufacturing_material": 1.0, "diameter": "200 مم", "execution_position": 1.0, "shape_Length": 27.000132423265658, "Depth": 1.5900000000000318, "GL": 171.60500000000002, "IL": 170.015, "الشركةالمنفذة": "التوحيد", "GlobalID": "{0F27F1A3-E8A4-4BF8-B715-2D1B47E93703}", "القطاع": "القطاع الثالث", "Fault_statement": null}, "geometry": {"type": "MultiLineString", "coordinates": [[[31.557844936223344, 30.27296139440049], [31.55765498343593, 30.273140651833625]]]}}, {"type": "Feature", "properties": {"line_degree": 2.0, "manufacturing_material": 1.0, "diameter": "200 مم", "execution_position": 1.0, "shape_Length": 27.000142201498917, "Depth": 1.4550000000000125, "GL": 172.04, "IL": 170.58499999999998, "الشركةالمنفذة": "التوحيد", "GlobalID": "{F08182CC-0D14-4C81-AF1F-831A35E4F3B8}", "القطاع": "القطاع الثالث", "Fault_statement": null}, "geometry": {"type": "MultiLineString", "coordinates": [[[31.556841980970198, 30.273919039815958], [31.5570348140637, 30.273742113031226]]]}}, {"type": "Feature", "properties": {"line_degree": 2.0, "manufacturing_material": 1.0, "diameter": "200 مم", "execution_position": 1.0, "shape_Length": 26.99995624695251, "Depth": 1.6099999999999852, "GL": 171.335, "IL": 169.72500000000002, "الشركةالمنفذة": "عوض خليفة", "GlobalID": "{383C1D43-06E8-4789-9FBA-2249C6AA1069}", "القطاع": "القطاع الثاني", "Fault_statement": null}, "geometry": {"type": "MultiLineString", "coordinates": [[[31.555787319261487, 30.267937562369184], [31.555526347507975, 30.26784811528897]]]}}, {"type": "Feature", "properties": {"line_degree": 2.0, "manufacturing_material": 1.0, "diameter": "200 مم", "execution_position": 1.0, "shape_Length": 28.871415254797665, "Depth": 1.5, "GL": 175.37, "IL": 173.87, "الشركةالمنفذة": "التوحيد", "GlobalID": "{6267DB94-2EB8-4DE0-B7F4-77D655DB5EB2}", "القطاع": "القطاع الثالث", "Fault_statement": null}, "geometry": {"type": "MultiLineString", "coordinates": [[[31.561245397094805, 30.277299819802938], [31.56139834087092, 30.27707576147766]]]}}, {"type": "Feature", "properties": {"line_degree": 2.0, "manufacturing_material": 1.0, "diameter": "200 مم", "execution_position": 1.0, "shape_Length": 26.999933024892663, "Depth": 1.6499999999999773, "GL": 169.65499999999997, "IL": 168.005, "الشركةالمنفذة": "عوض خليفة", "GlobalID": "{62ECEC35-E488-4FFB-B7E1-F75F3AC53923}", "القطاع": "القطاع الثاني", "Fault_statement": null}, "geometry": {"type": "MultiLineString", "coordinates": [[[31.557801108974758, 30.266570965026922], [31.558044416338543, 30.26669225458549]]]}}, {"type": "Feature", "properties": {"line_degree": 2.0, "manufacturing_material": 1.0, "diameter": "200 مم", "execution_position": 1.0, "shape_Length": 27.16822052987324, "Depth": 1.8799999999999955, "GL": 157.95, "IL": 156.07, "الشركةالمنفذة": "عوض خليفة", "GlobalID": "{2420CE98-C17B-40B2-B870-84311C2C8595}", "القطاع": "القطاع الثاني", "Fault_statement": null}, "geometry": {"type": "MultiLineString", "coordinates": [[[31.56486103746797, 30.26548954572669], [31.564993879405776, 30.265273303720782]]]}}, {"type": "Feature", "properties": {"line_degree": 1.0, "manufacturing_material": 1.0, "diameter": "200 مم", "execution_position": 1.0, "shape_Length": 27.3572663702086, "Depth": 2.4600000000000364, "GL": 165.66500000000002, "IL": 163.20499999999998, "الشركةالمنفذة": "عوض خليفة", "GlobalID": "{13560F48-C7EF-4D6E-8AAA-9D9F63657473}", "القطاع": "القطاع الثاني", "Fault_statement": null}, "geometry": {"type": "MultiLineString", "coordinates": [[[31.56723809472521, 30.269717436840427], [31.567018494361125, 30.269560712789534]]]}}, {"type": "Feature", "properties": {"line_degree": 2.0, "manufacturing_material": 1.0, "diameter": "200 مم", "execution_position": 1.0, "shape_Length": 30.49229379761971, "Depth": 1.6149999999999807, "GL": 174.16, "IL": 172.54500000000002, "الشركةالمنفذة": "التوحيد", "GlobalID": "{342C0581-224A-4D15-8906-BC707AD829CC}", "القطاع": "القطاع الثالث", "Fault_statement": null}, "geometry": {"type": "MultiLineString", "coordinates": [[[31.558750939911434, 30.275415865000927], [31.558963565325943, 30.275211917866976]]]}}, {"type": "Feature", "properties": {"line_degree": 1.0, "manufacturing_material": 1.0, "diameter": "200 مم", "execution_position": 1.0, "shape_Length": 37.58221850906915, "Depth": 2.730000000000018, "GL": 170.99, "IL": 168.26, "الشركةالمنفذة": "التوحيد", "GlobalID": "{E5E7A82E-A87C-4655-8692-5A4D521D31EC}", "القطاع": "القطاع الثالث", "Fault_statement": null}, "geometry": {"type": "MultiLineString", "coordinates": [[[31.554519955438806, 30.268186733220563], [31.554384491824656, 30.268504692206413]]]}}, {"type": "Feature", "properties": {"line_degree": 2.0, "manufacturing_material": 1.0, "diameter": "200 مم", "execution_position": 1.0, "shape_Length": 38.5861924783464, "Depth": 2.240000000000009, "GL": 170.625, "IL": 168.385, "الشركةالمنفذة": "عوض خليفة", "GlobalID": "{E639B4B4-F7BF-48B5-9539-85D41D5D1592}", "القطاع": "القطاع الثاني", "Fault_statement": null}, "geometry": {"type": "MultiLineString", "coordinates": [[[31.55489362344983, 30.26831299971386], [31.554519955438806, 30.268186733220563]]]}}, {"type": "Feature", "properties": {"line_degree": 2.0, "manufacturing_material": 1.0, "diameter": "200 مم", "execution_position": 1.0, "shape_Length": 27.99885878560721, "Depth": 1.6200000000000045, "GL": 170.625, "IL": 169.005, "الشركةالمنفذة": "التوحيد", "GlobalID": "{0B756F13-D627-4071-8589-A37D4EC0CF30}", "القطاع": "القطاع الثالث", "Fault_statement": null}, "geometry": {"type": "MultiLineString", "coordinates": [[[31.555262093235296, 30.269114873647215], [31.554991618638073, 30.26902177640611]]]}}, {"type": "Feature", "properties": {"line_degree": 2.0, "manufacturing_material": 1.0, "diameter": "200 مم", "execution_position": 1.0, "shape_Length": 28.000050064078913, "Depth": 1.6550000000000296, "GL": 167.85000000000002, "IL": 166.195, "الشركةالمنفذة": "التوحيد", "GlobalID": "{6546B6FA-73B8-4D38-B700-ADF271CBB05A}", "القطاع": "القطاع الثالث", "Fault_statement": null}, "geometry": {"type": "MultiLineString", "coordinates": [[[31.554345967551352, 30.273313774152953], [31.554090739500808, 30.273435082617567]]]}}, {"type": "Feature", "properties": {"line_degree": 2.0, "manufacturing_material": 1.0, "diameter": "200 مم", "execution_position": 1.0, "shape_Length": 28.564512865491157, "Depth": 1.5049999999999955, "GL": 175.25, "IL": 173.745, "الشركةالمنفذة": "التوحيد", "GlobalID": "{994601DF-DE7B-473A-BAF6-F14B76DE1A21}", "القطاع": "القطاع الثالث", "Fault_statement": null}, "geometry": {"type": "MultiLineString", "coordinates": [[[31.56038357730436, 30.276682506396885], [31.56058504241529, 30.27649326257054]]]}}, {"type": "Feature", "properties": {"line_degree": 2.0, "manufacturing_material": 1.0, "diameter": "200 مم", "execution_position": 1.0, "shape_Length": 27.999942185245835, "Depth": 1.5, "GL": 174.06, "IL": 172.56, "الشركةالمنفذة": "التوحيد", "GlobalID": "{9347A6D0-2634-49F3-A7F3-2A6609DAF96F}", "القطاع": "القطاع الثالث", "Fault_statement": null}, "geometry": {"type": "MultiLineString", "coordinates": [[[31.559751021459544, 30.275870321724746], [31.55994668126195, 30.27568336957397]]]}}, {"type": "Feature", "properties": {"line_degree": 2.0, "manufacturing_material": 1.0, "diameter": "200 مم", "execution_position": 1.0, "shape_Length": 33.12314652435372, "Depth": 1.7450000000000045, "GL": 163.12, "IL": 161.375, "الشركةالمنفذة": "عوض خليفة", "GlobalID": "{FF7EFB93-E6C7-450D-B904-F3B3B751C325}", "القطاع": "القطاع الثاني", "Fault_statement": null}, "geometry": {"type": "MultiLineString", "coordinates": [[[31.56286407881467, 30.266833540933927], [31.56272077761202, 30.26710519856551]]]}}, {"type": "Feature", "properties": {"line_degree": 1.0, "manufacturing_material": 1.0, "diameter": "200 مم", "execution_position": 1.0, "shape_Length": 35.42779778044569, "Depth": 1.5200000000000102, "GL": 166.55, "IL": 165.03, "الشركةالمنفذة": "التوحيد", "GlobalID": "{798B4919-5918-4C23-9E9C-78F1E71CD29D}", "القطاع": "القطاع الثالث", "Fault_statement": null}, "geometry": {"type": "MultiLineString", "coordinates": [[[31.553274077111666, 30.27134533793459], [31.553233627278544, 30.271662974165434]]]}}, {"type": "Feature", "properties": {"line_degree": 2.0, "manufacturing_material": 1.0, "diameter": "200 مم", "execution_position": 1.0, "shape_Length": 27.999960877644845, "Depth": 1.5049999999999955, "GL": 166.815, "IL": 165.31, "الشركةالمنفذة": "عوض خليفة", "GlobalID": "{3A46E79F-84E1-477A-AB4E-0F5E57CB335A}", "القطاع": "القطاع الثاني", "Fault_statement": null}, "geometry": {"type": "MultiLineString", "coordinates": [[[31.568951721084016, 30.269114980875273], [31.56916465097565, 30.268942845466658]]]}}, {"type": "Feature", "properties": {"line_degree": 2.0, "manufacturing_material": 1.0, "diameter": "200 مم", "execution_position": 1.0, "shape_Length": 27.999938893590986, "Depth": 1.5049999999999955, "GL": 172.21, "IL": 170.705, "الشركةالمنفذة": "عوض خليفة", "GlobalID": "{8F79B28C-C723-4981-AA6F-4D5E504A8F13}", "القطاع": "القطاع الثاني", "Fault_statement": null}, "geometry": {"type": "MultiLineString", "coordinates": [[[31.57050105958566, 30.2704622629844], [31.570770564354767, 30.270367037876195]]]}}, {"type": "Feature", "properties": {"line_degree": 2.0, "manufacturing_material": 1.0, "diameter": "200 مم", "execution_position": 1.0, "shape_Length": 34.34296188752733, "Depth": 2.2900000000000205, "GL": 170.05, "IL": 167.76, "الشركةالمنفذة": "التوحيد", "GlobalID": "{E1F683CD-CD76-4D15-831F-1DDE59C8DDE6}", "القطاع": "القطاع الثالث", "Fault_statement": null}, "geometry": {"type": "MultiLineString", "coordinates": [[[31.555632275532496, 30.272297860673852], [31.555978464675015, 30.272222526918302]]]}}, {"type": "Feature", "properties": {"line_degree": 2.0, "manufacturing_material": 1.0, "diameter": "200 مم", "execution_position": 1.0, "shape_Length": 27.999816929402762, "Depth": 1.5250000000000057, "GL": 161.23000000000002, "IL": 159.705, "الشركةالمنفذة": "عوض خليفة", "GlobalID": "{39E84935-9545-4BBC-8589-ACBDF7BBE42B}", "القطاع": "القطاع الثاني", "Fault_statement": null}, "geometry": {"type": "MultiLineString", "coordinates": [[[31.56757096785661, 30.267724242182364], [31.567753786966065, 30.2675277542515]]]}}, {"type": "Feature", "properties": {"line_degree": 2.0, "manufacturing_material": 1.0, "diameter": "200 مم", "execution_position": 1.0, "shape_Length": 28.0001517731448, "Depth": 1.660000000000025, "GL": 172.925, "IL": 171.265, "الشركةالمنفذة": "التوحيد", "GlobalID": "{3A420DD4-90A3-475F-8E95-6E9706B07366}", "القطاع": "القطاع الثالث", "Fault_statement": null}, "geometry": {"type": "MultiLineString", "coordinates": [[[31.55593859119024, 30.274783561486014], [31.55574410295632, 30.274971433664852]]]}}, {"type": "Feature", "properties": {"line_degree": 2.0, "manufacturing_material": 1.0, "diameter": "200 مم", "execution_position": 1.0, "shape_Length": 27.999954929636502, "Depth": 1.5649999999999977, "GL": 173.33499999999998, "IL": 171.76999999999998, "الشركةالمنفذة": "عوض خليفة", "GlobalID": "{A6777AC5-ECE0-424E-91CE-66C1504F89E2}", "القطاع": "القطاع الثاني", "Fault_statement": null}, "geometry": {"type": "MultiLineString", "coordinates": [[[31.56981199033516, 30.27122538546181], [31.56953994755611, 30.27131501433636]]]}}, {"type": "Feature", "properties": {"line_degree": 2.0, "manufacturing_material": 1.0, "diameter": "200 مم", "execution_position": 1.0, "shape_Length": 32.90619408692449, "Depth": 1.6850000000000023, "GL": 171.03, "IL": 169.345, "الشركةالمنفذة": "عوض خليفة", "GlobalID": "{1896FF4A-D4B6-4568-9FE8-7021DF183E23}", "القطاع": "القطاع الثاني", "Fault_statement": null}, "geometry": {"type": "MultiLineString", "coordinates": [[[31.55768941884622, 30.26753800276028], [31.558010253509295, 30.267640703485696]]]}}, {"type": "Feature", "properties": {"line_degree": 2.0, "manufacturing_material": 1.0, "diameter": "200 مم", "execution_position": 1.0, "shape_Length": 28.000009778531258, "Depth": 1.539999999999992, "GL": 158.905, "IL": 157.365, "الشركةالمنفذة": "عوض خليفة", "GlobalID": "{D3D02F95-5CB2-4F6F-A7F8-36E5110C6AC2}", "القطاع": "القطاع الثاني", "Fault_statement": null}, "geometry": {"type": "MultiLineString", "coordinates": [[[31.566726285167, 30.2671654612254], [31.566894526312126, 30.266959392805052]]]}}, {"type": "Feature", "properties": {"line_degree": 2.0, "manufacturing_material": 1.0, "diameter": "200 مم", "execution_position": 1.0, "shape_Length": 28.000030571937977, "Depth": 1.759999999999991, "GL": 173.58499999999998, "IL": 171.825, "الشركةالمنفذة": "عوض خليفة", "GlobalID": "{F086C095-4F72-4DEF-992C-76E5715E0285}", "القطاع": "القطاع الثاني", "Fault_statement": null}, "geometry": {"type": "MultiLineString", "coordinates": [[[31.571031212682612, 30.27135798859908], [31.571321880812512, 30.271346260750345]]]}}, {"type": "Feature", "properties": {"line_degree": 2.0, "manufacturing_material": 1.0, "diameter": "200 مم", "execution_position": 1.0, "shape_Length": 29.44970503935979, "Depth": 1.5299999999999727, "GL": 163.82999999999998, "IL": 162.3, "الشركةالمنفذة": "عوض خليفة", "GlobalID": "{E4280721-2B79-47B0-8DD9-136233E30663}", "القطاع": "القطاع الثاني", "Fault_statement": null}, "geometry": {"type": "MultiLineString", "coordinates": [[[31.568382447484684, 30.26832064679714], [31.568590075235786, 30.268125488063205]]]}}, {"type": "Feature", "properties": {"line_degree": 2.0, "manufacturing_material": 1.0, "diameter": "200 مم", "execution_position": 1.0, "shape_Length": 33.65302398883489, "Depth": 1.7800000000000011, "GL": 169.685, "IL": 167.905, "الشركةالمنفذة": "عوض خليفة", "GlobalID": "{2296F214-9679-447B-871B-08874DCD2B00}", "القطاع": "القطاع الثاني", "Fault_statement": null}, "geometry": {"type": "MultiLineString", "coordinates": [[[31.558044416338543, 30.26669225458549], [31.55834690061944, 30.266844599959697]]]}}, {"type": "Feature", "properties": {"line_degree": 2.0, "manufacturing_material": 1.0, "diameter": "200 مم", "execution_position": 1.0, "shape_Length": 28.000015888723528, "Depth": 1.5800000000000125, "GL": 157.74, "IL": 156.16, "الشركةالمنفذة": "عوض خليفة", "GlobalID": "{01A05A65-8E1A-4F06-9F5F-914EF31904D2}", "القطاع": "القطاع الثاني", "Fault_statement": null}, "geometry": {"type": "MultiLineString", "coordinates": [[[31.565979825028926, 30.266405946511526], [31.56613439123978, 30.266191960370428]]]}}, {"type": "Feature", "properties": {"line_degree": 1.0, "manufacturing_material": 1.0, "diameter": "200 مم", "execution_position": 1.0, "shape_Length": 28.54164499459843, "Depth": 2.8600000000000136, "GL": 168.19, "IL": 165.32999999999998, "الشركةالمنفذة": "التوحيد", "GlobalID": "{60CC97D1-F896-41C0-8A89-06238B77F190}", "القطاع": "القطاع الثالث", "Fault_statement": null}, "geometry": {"type": "MultiLineString", "coordinates": [[[31.553499847897175, 30.270362630498134], [31.55337973072519, 30.270598029826743]]]}}, {"type": "Feature", "properties": {"line_degree": 2.0, "manufacturing_material": 1.0, "diameter": "200 مم", "execution_position": 1.0, "shape_Length": 26.93182124032556, "Depth": 1.9099999999999966, "GL": 167.715, "IL": 165.805, "الشركةالمنفذة": "عوض خليفة", "GlobalID": "{FF9408F7-7A7E-4F9C-ABA1-96CABF98D25C}", "القطاع": "القطاع الثاني", "Fault_statement": null}, "geometry": {"type": "MultiLineString", "coordinates": [[[31.555751143551266, 30.26570649806779], [31.555495614595323, 30.265607413787063]]]}}, {"type": "Feature", "properties": {"line_degree": 2.0, "manufacturing_material": 1.0, "diameter": "200 مم", "execution_position": 1.0, "shape_Length": 28.793677976801817, "Depth": 1.5, "GL": 168.665, "IL": 167.165, "الشركةالمنفذة": "عوض خليفة", "GlobalID": "{CEAD7306-9359-4432-9A05-EA4CD97700EC}", "القطاع": "القطاع الثاني", "Fault_statement": null}, "geometry": {"type": "MultiLineString", "coordinates": [[[31.570358869933536, 30.269261604757244], [31.570585755871193, 30.269092271256312]]]}}, {"type": "Feature", "properties": {"line_degree": 2.0, "manufacturing_material": 1.0, "diameter": "200 مم", "execution_position": 1.0, "shape_Length": 29.00019112879873, "Depth": 1.6399999999999864, "GL": 163.115, "IL": 161.47500000000002, "الشركةالمنفذة": "عوض خليفة", "GlobalID": "{4FFB253E-6992-43C6-961F-F07D615B4412}", "القطاع": "القطاع الثاني", "Fault_statement": null}, "geometry": {"type": "MultiLineString", "coordinates": [[[31.562993768808557, 30.26659741176394], [31.56286407881467, 30.266833540933927]]]}}, {"type": "Feature", "properties": {"line_degree": 2.0, "manufacturing_material": 1.0, "diameter": "200 مم", "execution_position": 1.0, "shape_Length": 29.000045259373753, "Depth": 1.6999999999999886, "GL": 170.95499999999998, "IL": 169.255, "الشركةالمنفذة": "التوحيد", "GlobalID": "{A9070D75-0290-47E4-88AA-853B18CFFFBE}", "القطاع": "القطاع الثالث", "Fault_statement": null}, "geometry": {"type": "MultiLineString", "coordinates": [[[31.5549377356, 30.27432687039982], [31.554735433703684, 30.27452077095462]]]}}, {"type": "Feature", "properties": {"line_degree": 2.0, "manufacturing_material": 1.0, "diameter": "200 مم", "execution_position": 1.0, "shape_Length": 28.999878501530866, "Depth": 1.6799999999999784, "GL": 171.6, "IL": 169.92000000000002, "الشركةالمنفذة": "التوحيد", "GlobalID": "{3690B32C-80AD-48D9-A169-D880FB00CF27}", "القطاع": "القطاع الثالث", "Fault_statement": null}, "geometry": {"type": "MultiLineString", "coordinates": [[[31.55765498343593, 30.273140651833625], [31.557452488906588, 30.273334396812803]]]}}, {"type": "Feature", "properties": {"line_degree": 2.0, "manufacturing_material": 1.0, "diameter": "200 مم", "execution_position": 1.0, "shape_Length": 28.999956238300264, "Depth": 1.6949999999999932, "GL": 174.945, "IL": 173.25, "الشركةالمنفذة": "التوحيد", "GlobalID": "{EF4C2425-EFF2-479A-B738-296F394182B6}", "القطاع": "القطاع الثالث", "Fault_statement": null}, "geometry": {"type": "MultiLineString", "coordinates": [[[31.556558877316913, 30.275612880164726], [31.556355532123018, 30.275805957728085]]]}}, {"type": "Feature", "properties": {"line_degree": 2.0, "manufacturing_material": 1.0, "diameter": "200 مم", "execution_position": 1.0, "shape_Length": 32.98195604488165, "Depth": 1.7900000000000205, "GL": 167.495, "IL": 165.70499999999998, "الشركةالمنفذة": "عوض خليفة", "GlobalID": "{BAC29621-660B-41B0-92F9-0F448AB11D47}", "القطاع": "القطاع الثاني", "Fault_statement": null}, "geometry": {"type": "MultiLineString", "coordinates": [[[31.559751023351453, 30.265830040583026], [31.55975644090195, 30.266127511877134]]]}}, {"type": "Feature", "properties": {"line_degree": 2.0, "manufacturing_material": 1.0, "diameter": "200 مم", "execution_position": 1.0, "shape_Length": 33.06704971818363, "Depth": 1.7250000000000227, "GL": 172.625, "IL": 170.89999999999998, "الشركةالمنفذة": "عوض خليفة", "GlobalID": "{5B94E7E4-B924-46AF-8744-DB6A479CB988}", "القطاع": "القطاع الثاني", "Fault_statement": null}, "geometry": {"type": "MultiLineString", "coordinates": [[[31.557301973501687, 30.26845892889725], [31.557622745503974, 30.2685658992783]]]}}, {"type": "Feature", "properties": {"line_degree": 2.0, "manufacturing_material": 1.0, "diameter": "200 مم", "execution_position": 1.0, "shape_Length": 29.046193951038276, "Depth": 2.0949999999999704, "GL": 171.95499999999998, "IL": 169.86, "الشركةالمنفذة": "عوض خليفة", "GlobalID": "{DC4E6CFB-3D32-4285-AB7A-2C7E1F9ABA4B}", "القطاع": "القطاع الثاني", "Fault_statement": null}, "geometry": {"type": "MultiLineString", "coordinates": [[[31.57113759644954, 30.27340235076606], [31.570975580095755, 30.273623419977273]]]}}, {"type": "Feature", "properties": {"line_degree": 2.0, "manufacturing_material": 1.0, "diameter": "200 مم", "execution_position": 1.0, "shape_Length": 27.765681242711167, "Depth": 1.5550000000000068, "GL": 171.635, "IL": 170.07999999999998, "الشركةالمنفذة": "عوض خليفة", "GlobalID": "{ABE9F247-4E67-48DF-A161-D6247C8F188F}", "القطاع": "القطاع الثاني", "Fault_statement": null}, "geometry": {"type": "MultiLineString", "coordinates": [[[31.57115451663792, 30.270228768059624], [31.5714216392018, 30.270134069766186]]]}}, {"type": "Feature", "properties": {"line_degree": 2.0, "manufacturing_material": 1.0, "diameter": "200 مم", "execution_position": 1.0, "shape_Length": 20.28403119727739, "Depth": 2.0149999999999864, "GL": 178.225, "IL": 176.21, "الشركةالمنفذة": "التوحيد", "GlobalID": "{B78AB72D-00A3-4660-AA40-CAAA510F56F0}", "القطاع": "القطاع الثالث", "Fault_statement": null}, "geometry": {"type": "MultiLineString", "coordinates": [[[31.559029355530015, 30.277967115191416], [31.55889169592018, 30.27810568754364]]]}}, {"type": "Feature", "properties": {"line_degree": 2.0, "manufacturing_material": 1.0, "diameter": "200 مم", "execution_position": 1.0, "shape_Length": 29.623575734051194, "Depth": 1.5749999999999886, "GL": 169.36, "IL": 167.78500000000003, "الشركةالمنفذة": "عوض خليفة", "GlobalID": "{AD39C814-A635-4470-B626-F657658540AE}", "القطاع": "القطاع الثاني", "Fault_statement": null}, "geometry": {"type": "MultiLineString", "coordinates": [[[31.56819450442553, 30.26993287768659], [31.56798541655741, 30.27012900368063]]]}}, {"type": "Feature", "properties": {"line_degree": 2.0, "manufacturing_material": 1.0, "diameter": "200 مم", "execution_position": 1.0, "shape_Length": 29.999772562975746, "Depth": 1.625, "GL": 161.675, "IL": 160.05, "الشركةالمنفذة": "عوض خليفة", "GlobalID": "{0092FB49-34E3-4716-97E4-66C11400BA9E}", "القطاع": "القطاع الثاني", "Fault_statement": null}, "geometry": {"type": "MultiLineString", "coordinates": [[[31.563976402244368, 30.26701619494401], [31.563828996629454, 30.267254641893587]]]}}, {"type": "Feature", "properties": {"line_degree": 2.0, "manufacturing_material": 1.0, "diameter": "200 مم", "execution_position": 1.0, "shape_Length": 31.969789170468346, "Depth": 1.9300000000000068, "GL": 165.54500000000002, "IL": 163.615, "الشركةالمنفذة": "عوض خليفة", "GlobalID": "{9A02E5C6-2A66-4872-AC36-3B3FED651156}", "القطاع": "القطاع الثاني", "Fault_statement": null}, "geometry": {"type": "MultiLineString", "coordinates": [[[31.56027445058392, 30.263997733209457], [31.560325559930032, 30.263712787940975]]]}}, {"type": "Feature", "properties": {"line_degree": 2.0, "manufacturing_material": 1.0, "diameter": "200 مم", "execution_position": 1.0, "shape_Length": 24.524490635573102, "Depth": 1.6100000000000136, "GL": 176.86, "IL": 175.25, "الشركةالمنفذة": "التوحيد", "GlobalID": "{1AFD8ACD-4BC3-4485-861E-767D693B904B}", "القطاع": "القطاع الثالث", "Fault_statement": null}, "geometry": {"type": "MultiLineString", "coordinates": [[[31.558027912626546, 30.276109145999165], [31.5578550246862, 30.276271690165874]]]}}, {"type": "Feature", "properties": {"line_degree": 2.0, "manufacturing_material": 1.0, "diameter": "200 مم", "execution_position": 1.0, "shape_Length": 30.000092562299024, "Depth": 1.5600000000000023, "GL": 171.03, "IL": 169.47, "الشركةالمنفذة": "التوحيد", "GlobalID": "{1DFD5E3B-89D6-4A03-92A9-2A6A8B3BBD51}", "القطاع": "القطاع الثالث", "Fault_statement": null}, "geometry": {"type": "MultiLineString", "coordinates": [[[31.55585659010605, 30.27344757223906], [31.556066303376113, 30.273247329634916]]]}}, {"type": "Feature", "properties": {"line_degree": 2.0, "manufacturing_material": 1.0, "diameter": "200 مم", "execution_position": 1.0, "shape_Length": 30.00000366489387, "Depth": 1.5400000000000205, "GL": 168.49, "IL": 166.95, "الشركةالمنفذة": "عوض خليفة", "GlobalID": "{5F6337E0-CD9D-4F27-A900-6038AD2494C3}", "القطاع": "القطاع الثاني", "Fault_statement": null}, "geometry": {"type": "MultiLineString", "coordinates": [[[31.567474851227722, 30.27061643400599], [31.567684499191383, 30.2704161461745]]]}}, {"type": "Feature", "properties": {"line_degree": 2.0, "manufacturing_material": 1.0, "diameter": "200 مم", "execution_position": 1.0, "shape_Length": 30.00000936726472, "Depth": 1.5349999999999682, "GL": 164.58499999999998, "IL": 163.05, "الشركةالمنفذة": "عوض خليفة", "GlobalID": "{6C4E1DAF-0396-400F-BE5F-7EEF322A4145}", "القطاع": "القطاع الثاني", "Fault_statement": null}, "geometry": {"type": "MultiLineString", "coordinates": [[[31.56234677893518, 30.265416876036266], [31.562462567586234, 30.265165623727768]]]}}, {"type": "Feature", "properties": {"line_degree": 1.0, "manufacturing_material": 1.0, "diameter": "200 مم", "execution_position": 1.0, "shape_Length": 30.00006390028422, "Depth": 1.6250000000000284, "GL": 173.645, "IL": 172.01999999999998, "الشركةالمنفذة": "التوحيد", "GlobalID": "{00A328CC-DFF6-4A48-84CC-0C570A04E423}", "القطاع": "القطاع الثالث", "Fault_statement": null}, "geometry": {"type": "MultiLineString", "coordinates": [[[31.55577249434691, 30.275649159680324], [31.555538418147382, 30.275470404806033]]]}}, {"type": "Feature", "properties": {"line_degree": 2.0, "manufacturing_material": 1.0, "diameter": "200 مم", "execution_position": 1.0, "shape_Length": 26.07331262835427, "Depth": 1.5500000000000114, "GL": 162.935, "IL": 161.385, "الشركةالمنفذة": "عوض خليفة", "GlobalID": "{8B7E2E5A-D12C-4BE0-8BED-3957BC5322C4}", "القطاع": "القطاع الثاني", "Fault_statement": null}, "geometry": {"type": "MultiLineString", "coordinates": [[[31.562790364744686, 30.267844028025063], [31.562912490375346, 30.267634083490044]]]}}, {"type": "Feature", "properties": {"line_degree": 2.0, "manufacturing_material": 1.0, "diameter": "200 مم", "execution_position": 1.0, "shape_Length": 29.999868800925185, "Depth": 1.5049999999999955, "GL": 169.67000000000002, "IL": 168.16500000000002, "الشركةالمنفذة": "التوحيد", "GlobalID": "{2E737557-ED35-47BF-ACC3-F79CB2BAF40C}", "القطاع": "القطاع الثالث", "Fault_statement": null}, "geometry": {"type": "MultiLineString", "coordinates": [[[31.565386543198194, 30.277609906726152], [31.565614800035448, 30.277794245273842]]]}}, {"type": "Feature", "properties": {"line_degree": 2.0, "manufacturing_material": 1.0, "diameter": "200 مم", "execution_position": 1.0, "shape_Length": 34.52766972688988, "Depth": 1.8100000000000023, "GL": 166.22500000000002, "IL": 164.41500000000002, "الشركةالمنفذة": "عوض خليفة", "GlobalID": "{02AD5E1A-9878-4934-86C0-9A73C26A9B5D}", "القطاع": "القطاع الثاني", "Fault_statement": null}, "geometry": {"type": "MultiLineString", "coordinates": [[[31.56080987605081, 30.266044440228278], [31.560676883248004, 30.266333706437763]]]}}, {"type": "Feature", "properties": {"line_degree": 1.0, "manufacturing_material": 1.0, "diameter": "200 مم", "execution_position": 1.0, "shape_Length": 30.00001850810121, "Depth": 2.365000000000009, "GL": 167.88, "IL": 165.515, "الشركةالمنفذة": "عوض خليفة", "GlobalID": "{0EBF3550-AE61-4653-BFA0-30D750AD2650}", "القطاع": "القطاع الثاني", "Fault_statement": null}, "geometry": {"type": "MultiLineString", "coordinates": [[[31.567708535279323, 30.270072637691797], [31.567474244543174, 30.269894108866406]]]}}, {"type": "Feature", "properties": {"line_degree": 2.0, "manufacturing_material": 1.0, "diameter": "200 مم", "execution_position": 1.0, "shape_Length": 24.087603272369876, "Depth": 1.625, "GL": 177.51, "IL": 175.885, "الشركةالمنفذة": "التوحيد", "GlobalID": "{CF945808-36AB-48B3-8194-03DF3236EC0D}", "القطاع": "القطاع الثالث", "Fault_statement": null}, "geometry": {"type": "MultiLineString", "coordinates": [[[31.55883759602679, 30.276742546225538], [31.558668728666472, 30.276902945492765]]]}}, {"type": "Feature", "properties": {"line_degree": 2.0, "manufacturing_material": 1.0, "diameter": "200 مم", "execution_position": 1.0, "shape_Length": 29.99996240367852, "Depth": 1.7699999999999818, "GL": 176.93, "IL": 175.16000000000003, "الشركةالمنفذة": "التوحيد", "GlobalID": "{2B9F3F07-3240-499B-93E0-8036C1478ED2}", "القطاع": "القطاع الثالث", "Fault_statement": null}, "geometry": {"type": "MultiLineString", "coordinates": [[[31.5578550246862, 30.276271690165874], [31.55764568666038, 30.27647223164526]]]}}, {"type": "Feature", "properties": {"line_degree": 2.0, "manufacturing_material": 1.0, "diameter": "200 مم", "execution_position": 1.0, "shape_Length": 24.01076726582827, "Depth": 1.5049999999999955, "GL": 164.575, "IL": 163.07, "الشركةالمنفذة": "عوض خليفة", "GlobalID": "{04A745E2-5FD3-4DDE-BCFB-C4F710BB7314}", "القطاع": "القطاع الثاني", "Fault_statement": null}, "geometry": {"type": "MultiLineString", "coordinates": [[[31.56178064124806, 30.26742979192274], [31.56188097223056, 30.26723148784284]]]}}, {"type": "Feature", "properties": {"line_degree": 2.0, "manufacturing_material": 1.0, "diameter": "200 مم", "execution_position": 1.0, "shape_Length": 30.00006343963966, "Depth": 1.6499999999999773, "GL": 164.505, "IL": 162.85500000000002, "الشركةالمنفذة": "عوض خليفة", "GlobalID": "{679B733E-3649-426D-8634-C83CFE269F24}", "القطاع": "القطاع الثاني", "Fault_statement": null}, "geometry": {"type": "MultiLineString", "coordinates": [[[31.56258121702825, 30.264915380156754], [31.562696964942404, 30.264664113373836]]]}}, {"type": "Feature", "properties": {"line_degree": 2.0, "manufacturing_material": 1.0, "diameter": "200 مم", "execution_position": 1.0, "shape_Length": 29.999939482364805, "Depth": 1.7350000000000136, "GL": 173.755, "IL": 172.01999999999998, "الشركةالمنفذة": "التوحيد", "GlobalID": "{46AE56D9-0B9E-4895-A68E-BDCD42A56275}", "القطاع": "القطاع الثالث", "Fault_statement": null}, "geometry": {"type": "MultiLineString", "coordinates": [[[31.560995516347557, 30.275771582737274], [31.56078605847244, 30.275972028675444]]]}}, {"type": "Feature", "properties": {"line_degree": 2.0, "manufacturing_material": 1.0, "diameter": "200 مم", "execution_position": 1.0, "shape_Length": 35.57173644831114, "Depth": 1.7900000000000205, "GL": 168.59500000000003, "IL": 166.805, "الشركةالمنفذة": "عوض خليفة", "GlobalID": "{E9BE397B-79D3-47F1-98AC-9750F39E5023}", "القطاع": "القطاع الثاني", "Fault_statement": null}, "geometry": {"type": "MultiLineString", "coordinates": [[[31.55874130569659, 30.26606091059026], [31.558928326967543, 30.26633768201694]]]}}, {"type": "Feature", "properties": {"line_degree": 2.0, "manufacturing_material": 1.0, "diameter": "200 مم", "execution_position": 1.0, "shape_Length": 29.999969068847328, "Depth": 1.799999999999983, "GL": 177.6, "IL": 175.8, "الشركةالمنفذة": "التوحيد", "GlobalID": "{3A84AC79-06E4-48EA-884D-616D3FDA87C1}", "القطاع": "القطاع الثالث", "Fault_statement": null}, "geometry": {"type": "MultiLineString", "coordinates": [[[31.558668728666472, 30.276902945492765], [31.558459514182925, 30.277103585146072]]]}}, {"type": "Feature", "properties": {"line_degree": 2.0, "manufacturing_material": 1.0, "diameter": "200 مم", "execution_position": 1.0, "shape_Length": 29.999970278918727, "Depth": 1.8199999999999932, "GL": 178.93, "IL": 177.11, "الشركةالمنفذة": "التوحيد", "GlobalID": "{2CEAC5E5-F546-43DC-AA3C-67139FEEDF83}", "القطاع": "القطاع الثالث", "Fault_statement": null}, "geometry": {"type": "MultiLineString", "coordinates": [[[31.56031903437753, 30.278175288622943], [31.560129880325462, 30.27839040957165]]]}}, {"type": "Feature", "properties": {"line_degree": 2.0, "manufacturing_material": 1.0, "diameter": "200 مم", "execution_position": 1.0, "shape_Length": 30.000086282874822, "Depth": 1.8000000000000114, "GL": 165.515, "IL": 163.71499999999997, "الشركةالمنفذة": "عوض خليفة", "GlobalID": "{F1617D16-F0F6-4331-ABB0-E1052FBFAC6F}", "القطاع": "القطاع الثاني", "Fault_statement": null}, "geometry": {"type": "MultiLineString", "coordinates": [[[31.560225919960388, 30.264265045080833], [31.56027445058392, 30.263997733209457]]]}}, {"type": "Feature", "properties": {"line_degree": 2.0, "manufacturing_material": 1.0, "diameter": "200 مم", "execution_position": 1.0, "shape_Length": 30.000038490905848, "Depth": 1.3549999999999898, "GL": 171.825, "IL": 170.47, "الشركةالمنفذة": "التوحيد", "GlobalID": "{EC0E4083-7F8B-481E-8842-14540EE6E456}", "القطاع": "القطاع الثالث", "Fault_statement": null}, "geometry": {"type": "MultiLineString", "coordinates": [[[31.5570348140637, 30.273742113031226], [31.55724234595289, 30.27354016575255]]]}}, {"type": "Feature", "properties": {"line_degree": 2.0, "manufacturing_material": 1.0, "diameter": "200 مم", "execution_position": 1.0, "shape_Length": 29.999897669540935, "Depth": 1.5, "GL": 166.615, "IL": 165.115, "الشركةالمنفذة": "عوض خليفة", "GlobalID": "{B8F402EE-A1C6-468C-A837-2912F045C613}", "القطاع": "القطاع الثاني", "Fault_statement": null}, "geometry": {"type": "MultiLineString", "coordinates": [[[31.55591424336137, 30.265316163038563], [31.556098626127284, 30.26509795966588]]]}}, {"type": "Feature", "properties": {"line_degree": 2.0, "manufacturing_material": 1.0, "diameter": "200 مم", "execution_position": 1.0, "shape_Length": 32.1829874592606, "Depth": 2.049999999999983, "GL": 164.47, "IL": 162.42000000000002, "الشركةالمنفذة": "عوض خليفة", "GlobalID": "{9F261E1E-85ED-4FB4-939B-A45DFEDAA6B9}", "القطاع": "القطاع الثاني", "Fault_statement": null}, "geometry": {"type": "MultiLineString", "coordinates": [[[31.562696964942404, 30.264664113373836], [31.562821918521283, 30.264394836444964]]]}}, {"type": "Feature", "properties": {"line_degree": 2.0, "manufacturing_material": 1.0, "diameter": "200 مم", "execution_position": 1.0, "shape_Length": 30.00000048180401, "Depth": 1.509999999999991, "GL": 161.555, "IL": 160.04500000000002, "الشركةالمنفذة": "عوض خليفة", "GlobalID": "{82F9E84F-28E5-495E-B025-1339D9F91AF2}", "القطاع": "القطاع الثاني", "Fault_statement": null}, "geometry": {"type": "MultiLineString", "coordinates": [[[31.563660895891058, 30.26531908965582], [31.56379233949935, 30.265073709787018]]]}}, {"type": "Feature", "properties": {"line_degree": 2.0, "manufacturing_material": 1.0, "diameter": "200 مم", "execution_position": 1.0, "shape_Length": 36.625886028276824, "Depth": 2.8149999999999977, "GL": 171.39499999999998, "IL": 168.57999999999998, "الشركةالمنفذة": "التوحيد", "GlobalID": "{0E3C87B7-626C-4612-8313-A934EF92AA96}", "القطاع": "القطاع الثالث", "Fault_statement": null}, "geometry": {"type": "MultiLineString", "coordinates": [[[31.55569709783073, 30.27135220738621], [31.556046979442893, 30.271482284014393]]]}}, {"type": "Feature", "properties": {"line_degree": 1.0, "manufacturing_material": 1.0, "diameter": "200 مم", "execution_position": 1.0, "shape_Length": 30.0000565034254, "Depth": 1.740000000000009, "GL": 168.47500000000002, "IL": 166.735, "الشركةالمنفذة": "عوض خليفة", "GlobalID": "{B756D07C-25C6-4C12-A49F-1CA9700CB7DA}", "القطاع": "القطاع الثاني", "Fault_statement": null}, "geometry": {"type": "MultiLineString", "coordinates": [[[31.55533745298777, 30.26606914772184], [31.555425250897702, 30.265809490273114]]]}}, {"type": "Feature", "properties": {"line_degree": 2.0, "manufacturing_material": 1.0, "diameter": "200 مم", "execution_position": 1.0, "shape_Length": 33.232153499582886, "Depth": 2.625, "GL": 166.465, "IL": 163.84, "الشركةالمنفذة": "عوض خليفة", "GlobalID": "{800A980C-43FD-483B-AA9A-4E13C518D723}", "القطاع": "القطاع الثاني", "Fault_statement": null}, "geometry": {"type": "MultiLineString", "coordinates": [[[31.561606087707293, 30.264331539321162], [31.561730444529218, 30.26405188521978]]]}}, {"type": "Feature", "properties": {"line_degree": 2.0, "manufacturing_material": 1.0, "diameter": "200 مم", "execution_position": 1.0, "shape_Length": 29.99984472143118, "Depth": 1.785000000000025, "GL": 175.97500000000002, "IL": 174.19, "الشركةالمنفذة": "التوحيد", "GlobalID": "{99B5F243-4779-4A29-B529-68EDD65FFFDD}", "القطاع": "القطاع الثالث", "Fault_statement": null}, "geometry": {"type": "MultiLineString", "coordinates": [[[31.561359746534045, 30.278693358656085], [31.56127350836206, 30.27895340976575]]]}}, {"type": "Feature", "properties": {"line_degree": 1.0, "manufacturing_material": 1.0, "diameter": "200 مم", "execution_position": 1.0, "shape_Length": 29.99978777906973, "Depth": 2.839999999999975, "GL": 169.20999999999998, "IL": 166.37, "الشركةالمنفذة": "التوحيد", "GlobalID": "{1050366B-C54A-45C9-A73F-5E615185C2B2}", "القطاع": "القطاع الثالث", "Fault_statement": null}, "geometry": {"type": "MultiLineString", "coordinates": [[[31.553855499765977, 30.26965475763486], [31.553735650032415, 30.269904570848343]]]}}, {"type": "Feature", "properties": {"line_degree": 2.0, "manufacturing_material": 1.0, "diameter": "200 مم", "execution_position": 1.0, "shape_Length": 29.864327683793075, "Depth": 1.7150000000000318, "GL": 172.68, "IL": 170.96499999999997, "الشركةالمنفذة": "التوحيد", "GlobalID": "{71FEBF48-1C3D-4625-B57D-075ADA4E7BC0}", "القطاع": "القطاع الثالث", "Fault_statement": null}, "geometry": {"type": "MultiLineString", "coordinates": [[[31.55931652449709, 30.2744645147871], [31.5591080127394, 30.274664052006578]]]}}, {"type": "Feature", "properties": {"line_degree": 2.0, "manufacturing_material": 1.0, "diameter": "200 مم", "execution_position": 1.0, "shape_Length": 29.99996907085053, "Depth": 1.8449999999999989, "GL": 178.275, "IL": 176.43, "الشركةالمنفذة": "التوحيد", "GlobalID": "{8A14C511-0840-4194-B449-04A8BB0FF5FD}", "القطاع": "القطاع الثالث", "Fault_statement": null}, "geometry": {"type": "MultiLineString", "coordinates": [[[31.55948261976482, 30.27753236727722], [31.5592734056448, 30.277733008207885]]]}}, {"type": "Feature", "properties": {"line_degree": 1.0, "manufacturing_material": 1.0, "diameter": "200 مم", "execution_position": 1.0, "shape_Length": 23.40324903087731, "Depth": 1.875, "GL": 168.005, "IL": 166.13, "الشركةالمنفذة": "عوض خليفة", "GlobalID": "{083E8C59-C66F-4728-8945-E1F9F439E212}", "القطاع": "القطاع الثاني", "Fault_statement": null}, "geometry": {"type": "MultiLineString", "coordinates": [[[31.555425250897702, 30.265809490273114], [31.555495614595323, 30.265607413787063]]]}}, {"type": "Feature", "properties": {"line_degree": 2.0, "manufacturing_material": 1.0, "diameter": "200 مم", "execution_position": 1.0, "shape_Length": 29.999944966073173, "Depth": 1.6299999999999955, "GL": 172.63, "IL": 171.0, "الشركةالمنفذة": "عوض خليفة", "GlobalID": "{953D533D-4995-47EC-A79B-B24296BA8355}", "القطاع": "القطاع الثاني", "Fault_statement": null}, "geometry": {"type": "MultiLineString", "coordinates": [[[31.55701158244336, 30.268360473899552], [31.557301973501687, 30.26845892889725]]]}}, {"type": "Feature", "properties": {"line_degree": 2.0, "manufacturing_material": 1.0, "diameter": "200 مم", "execution_position": 1.0, "shape_Length": 30.000047836251326, "Depth": 1.585000000000008, "GL": 157.345, "IL": 155.76, "الشركةالمنفذة": "عوض خليفة", "GlobalID": "{3971CD3C-E50E-4796-AB1F-B2908ED79024}", "القطاع": "القطاع الثاني", "Fault_statement": null}, "geometry": {"type": "MultiLineString", "coordinates": [[[31.56613439123978, 30.266191960370428], [31.56630090154526, 30.26596318307022]]]}}, {"type": "Feature", "properties": {"line_degree": 1.0, "manufacturing_material": 1.0, "diameter": "200 مم", "execution_position": 1.0, "shape_Length": 32.45312662236841, "Depth": 1.8200000000000216, "GL": 170.60500000000002, "IL": 168.785, "الشركةالمنفذة": "عوض خليفة", "GlobalID": "{C1DBDFDC-E7FA-4134-AABA-95AA9256F9B7}", "القطاع": "القطاع الثاني", "Fault_statement": null}, "geometry": {"type": "MultiLineString", "coordinates": [[[31.5548970264665, 30.267267444757778], [31.555005847109438, 30.266990364978835]]]}}, {"type": "Feature", "properties": {"line_degree": 2.0, "manufacturing_material": 1.0, "diameter": "200 مم", "execution_position": 1.0, "shape_Length": 34.539346036106345, "Depth": 1.7649999999999864, "GL": 171.06, "IL": 169.29500000000002, "الشركةالمنفذة": "التوحيد", "GlobalID": "{95C87BEC-1F87-46E3-B09B-D040F8E7F706}", "القطاع": "القطاع الثالث", "Fault_statement": null}, "geometry": {"type": "MultiLineString", "coordinates": [[[31.55622009285507, 30.273100486771064], [31.556461739457607, 30.27287010610432]]]}}, {"type": "Feature", "properties": {"line_degree": 2.0, "manufacturing_material": 1.0, "diameter": "200 مم", "execution_position": 1.0, "shape_Length": 20.671449536888254, "Depth": 1.5149999999999864, "GL": 169.38, "IL": 167.865, "الشركةالمنفذة": "عوض خليفة", "GlobalID": "{A2F5895C-19F9-443B-83AD-0C9C23567D7D}", "القطاع": "القطاع الثاني", "Fault_statement": null}, "geometry": {"type": "MultiLineString", "coordinates": [[[31.56834193149996, 30.269797257064226], [31.56819450442553, 30.26993287768659]]]}}, {"type": "Feature", "properties": {"line_degree": 2.0, "manufacturing_material": 1.0, "diameter": "200 مم", "execution_position": 1.0, "shape_Length": 37.32336652595538, "Depth": 4.144999999999982, "GL": 173.435, "IL": 169.29000000000002, "الشركةالمنفذة": "التوحيد", "GlobalID": "{26CD4D59-C6C1-4F7F-86E1-E1359B37A3D5}", "القطاع": "القطاع الثالث", "Fault_statement": null}, "geometry": {"type": "MultiLineString", "coordinates": [[[31.55669007681712, 30.26961947508839], [31.557049712183463, 30.269745567579672]]]}}, {"type": "Feature", "properties": {"line_degree": 1.0, "manufacturing_material": 1.0, "diameter": "200 مم", "execution_position": 1.0, "shape_Length": 30.00003635343494, "Depth": 2.830000000000041, "GL": 168.54000000000002, "IL": 165.70999999999998, "الشركةالمنفذة": "التوحيد", "GlobalID": "{331767F9-8447-427C-951B-82078620FE5F}", "القطاع": "القطاع الثالث", "Fault_statement": null}, "geometry": {"type": "MultiLineString", "coordinates": [[[31.5536261012672, 30.27011520254551], [31.553499847897175, 30.270362630498134]]]}}, {"type": "Feature", "properties": {"line_degree": 2.0, "manufacturing_material": 1.0, "diameter": "200 مم", "execution_position": 1.0, "shape_Length": 30.874942448990996, "Depth": 1.5249999999999773, "GL": 163.515, "IL": 161.99, "الشركةالمنفذة": "عوض خليفة", "GlobalID": "{873EDC65-46A5-48D1-A9D7-AD35FB27C40D}", "القطاع": "القطاع الثاني", "Fault_statement": null}, "geometry": {"type": "MultiLineString", "coordinates": [[[31.55736786194412, 30.264147726884747], [31.557648466874547, 30.264012699560503]]]}}, {"type": "Feature", "properties": {"line_degree": 2.0, "manufacturing_material": 1.0, "diameter": "200 مم", "execution_position": 1.0, "shape_Length": 34.99537027874343, "Depth": 3.9199999999999875, "GL": 173.265, "IL": 169.345, "الشركةالمنفذة": "التوحيد", "GlobalID": "{BF0F597E-2668-4FB4-9D84-972753133D94}", "القطاع": "القطاع الثالث", "Fault_statement": null}, "geometry": {"type": "MultiLineString", "coordinates": [[[31.556205803504874, 30.270537339533366], [31.556535767529404, 30.27067007379214]]]}}, {"type": "Feature", "properties": {"line_degree": 2.0, "manufacturing_material": 1.0, "diameter": "200 مم", "execution_position": 1.0, "shape_Length": 25.680949790022, "Depth": 1.5049999999999955, "GL": 161.135, "IL": 159.63, "الشركةالمنفذة": "عوض خليفة", "GlobalID": "{96EB8E0D-5407-4ABE-BFB9-44BBC0A4991D}", "القطاع": "القطاع الثاني", "Fault_statement": null}, "geometry": {"type": "MultiLineString", "coordinates": [[[31.56571336549621, 30.269383612814426], [31.5658672136739, 30.269194328103485]]]}}, {"type": "Feature", "properties": {"line_degree": 2.0, "manufacturing_material": 1.0, "diameter": "200 مم", "execution_position": 1.0, "shape_Length": 29.99988796809698, "Depth": 1.5049999999999955, "GL": 172.515, "IL": 171.01, "الشركةالمنفذة": "التوحيد", "GlobalID": "{A10DF3BC-FA07-4673-B9F3-5B95E3AEF738}", "القطاع": "القطاع الثالث", "Fault_statement": null}, "geometry": {"type": "MultiLineString", "coordinates": [[[31.557838736464372, 30.27438870697073], [31.558047815035543, 30.274187966009446]]]}}, {"type": "Feature", "properties": {"line_degree": 2.0, "manufacturing_material": 1.0, "diameter": "200 مم", "execution_position": 1.0, "shape_Length": 30.00007458803025, "Depth": 1.7700000000000387, "GL": 167.67000000000002, "IL": 165.89999999999998, "الشركةالمنفذة": "عوض خليفة", "GlobalID": "{B8EAE887-4A0A-4864-BB45-45407F7EE77D}", "القطاع": "القطاع الثاني", "Fault_statement": null}, "geometry": {"type": "MultiLineString", "coordinates": [[[31.55602989813124, 30.26582766287675], [31.555751143551266, 30.26570649806779]]]}}, {"type": "Feature", "properties": {"line_degree": 1.0, "manufacturing_material": 1.0, "diameter": "200 مم", "execution_position": 1.0, "shape_Length": 30.00003768100109, "Depth": 2.210000000000008, "GL": 170.37, "IL": 168.16, "الشركةالمنفذة": "التوحيد", "GlobalID": "{8CD620BC-15D2-4A61-9673-2C55366C6B45}", "القطاع": "القطاع الثالث", "Fault_statement": null}, "geometry": {"type": "MultiLineString", "coordinates": [[[31.563934100907936, 30.276480824362203], [31.56414761058745, 30.276283623216635]]]}}, {"type": "Feature", "properties": {"line_degree": 2.0, "manufacturing_material": 1.0, "diameter": "200 مم", "execution_position": 1.0, "shape_Length": 32.13194062023257, "Depth": 1.924999999999983, "GL": 161.20999999999998, "IL": 159.285, "الشركةالمنفذة": "عوض خليفة", "GlobalID": "{03469F84-BA86-4DA1-BC8C-0E04FE3C1ACA}", "القطاع": "القطاع الثاني", "Fault_statement": null}, "geometry": {"type": "MultiLineString", "coordinates": [[[31.56379233949935, 30.265073709787018], [31.56393399349406, 30.264811244454382]]]}}, {"type": "Feature", "properties": {"line_degree": 2.0, "manufacturing_material": 1.0, "diameter": "200 مم", "execution_position": 1.0, "shape_Length": 30.000074573437008, "Depth": 1.714999999999975, "GL": 172.14, "IL": 170.425, "الشركةالمنفذة": "التوحيد", "GlobalID": "{C44E0E9B-5F59-4723-90AC-84253CF7F6B6}", "القطاع": "القطاع الثالث", "Fault_statement": null}, "geometry": {"type": "MultiLineString", "coordinates": [[[31.558482262050212, 30.273805776992887], [31.55827280103009, 30.274006218990973]]]}}, {"type": "Feature", "properties": {"line_degree": 2.0, "manufacturing_material": 1.0, "diameter": "200 مم", "execution_position": 1.0, "shape_Length": 29.936863007749746, "Depth": 1.5800000000000125, "GL": 163.87, "IL": 162.29, "الشركةالمنفذة": "عوض خليفة", "GlobalID": "{2C968B54-3FDB-4F7F-9DFD-AF99D6AE25F9}", "القطاع": "القطاع الثاني", "Fault_statement": null}, "geometry": {"type": "MultiLineString", "coordinates": [[[31.557096135595177, 30.26427920333795], [31.55736786194412, 30.264147726884747]]]}}, {"type": "Feature", "properties": {"line_degree": 1.0, "manufacturing_material": 1.0, "diameter": "200 مم", "execution_position": 1.0, "shape_Length": 30.00007330625626, "Depth": 1.9849999999999852, "GL": 171.51, "IL": 169.525, "الشركةالمنفذة": "عوض خليفة", "GlobalID": "{9F435DE6-8FED-4D36-A4C5-86E77D10D935}", "القطاع": "القطاع الثاني", "Fault_statement": null}, "geometry": {"type": "MultiLineString", "coordinates": [[[31.571120743800105, 30.274024003944806], [31.570862163675777, 30.27417519009345]]]}}, {"type": "Feature", "properties": {"line_degree": 2.0, "manufacturing_material": 1.0, "diameter": "200 مم", "execution_position": 1.0, "shape_Length": 30.000089556416835, "Depth": 1.884999999999991, "GL": 172.33999999999997, "IL": 170.45499999999998, "الشركةالمنفذة": "عوض خليفة", "GlobalID": "{7ABC6A81-084D-453C-A13C-B54084E5ADDD}", "القطاع": "القطاع الثاني", "Fault_statement": null}, "geometry": {"type": "MultiLineString", "coordinates": [[[31.571294205992025, 30.273168358785366], [31.57113759644954, 30.27340235076606]]]}}, {"type": "Feature", "properties": {"line_degree": 1.0, "manufacturing_material": 1.0, "diameter": "200 مم", "execution_position": 1.0, "shape_Length": 29.999954266654576, "Depth": 1.700000000000017, "GL": 171.35500000000002, "IL": 169.655, "الشركةالمنفذة": "عوض خليفة", "GlobalID": "{B6581EA1-FAB9-4E14-A4F1-82A035F8A517}", "القطاع": "القطاع الثاني", "Fault_statement": null}, "geometry": {"type": "MultiLineString", "coordinates": [[[31.55466815582054, 30.26784343950949], [31.55476945630879, 30.267587514030105]]]}}, {"type": "Feature", "properties": {"line_degree": 2.0, "manufacturing_material": 1.0, "diameter": "200 مم", "execution_position": 1.0, "shape_Length": 30.000128469954316, "Depth": 1.5049999999999955, "GL": 160.23000000000002, "IL": 158.72500000000002, "الشركةالمنفذة": "عوض خليفة", "GlobalID": "{550A4789-4BCA-4684-97F2-F1C00F834546}", "القطاع": "القطاع الثاني", "Fault_statement": null}, "geometry": {"type": "MultiLineString", "coordinates": [[[31.564761641787552, 30.268802150803122], [31.56493186682075, 30.268575439388517]]]}}, {"type": "Feature", "properties": {"line_degree": 2.0, "manufacturing_material": 1.0, "diameter": "200 مم", "execution_position": 1.0, "shape_Length": 22.865759257503953, "Depth": 1.6450000000000387, "GL": 178.16000000000003, "IL": 176.515, "الشركةالمنفذة": "التوحيد", "GlobalID": "{E545FE8B-960C-443E-9E8F-B4139F72ADD4}", "القطاع": "القطاع الثالث", "Fault_statement": null}, "geometry": {"type": "MultiLineString", "coordinates": [[[31.55964492379332, 30.277381709995375], [31.55948261976482, 30.27753236727722]]]}}, {"type": "Feature", "properties": {"line_degree": 2.0, "manufacturing_material": 1.0, "diameter": "200 مم", "execution_position": 1.0, "shape_Length": 29.999883334562107, "Depth": 1.8000000000000114, "GL": 166.42000000000002, "IL": 164.62, "الشركةالمنفذة": "عوض خليفة", "GlobalID": "{CC191ECC-0CAD-417A-A680-FCAA90E8A458}", "القطاع": "القطاع الثاني", "Fault_statement": null}, "geometry": {"type": "MultiLineString", "coordinates": [[[31.561490326952985, 30.264582799815116], [31.561606087707293, 30.264331539321162]]]}}, {"type": "Feature", "properties": {"line_degree": 2.0, "manufacturing_material": 1.0, "diameter": "200 مم", "execution_position": 1.0, "shape_Length": 30.000026682565, "Depth": 1.714999999999975, "GL": 170.38, "IL": 168.66500000000002, "الشركةالمنفذة": "التوحيد", "GlobalID": "{1DA4446B-2048-4CBF-A7DC-1E79FEE20E10}", "القطاع": "القطاع الثالث", "Fault_statement": null}, "geometry": {"type": "MultiLineString", "coordinates": [[[31.56445819056174, 30.276919821922647], [31.564233025002782, 30.27673264099488]]]}}, {"type": "Feature", "properties": {"line_degree": 1.0, "manufacturing_material": 1.0, "diameter": "200 مم", "execution_position": 1.0, "shape_Length": 29.999914708955686, "Depth": 1.9000000000000057, "GL": 172.655, "IL": 170.755, "الشركةالمنفذة": "التوحيد", "GlobalID": "{8D5A018E-7FAF-413B-842C-AE1E3FF45376}", "القطاع": "القطاع الثالث", "Fault_statement": null}, "geometry": {"type": "MultiLineString", "coordinates": [[[31.555366354023977, 30.275333007210705], [31.555135427762885, 30.275151194758937]]]}}, {"type": "Feature", "properties": {"line_degree": 1.0, "manufacturing_material": 1.0, "diameter": "200 مم", "execution_position": 1.0, "shape_Length": 29.999965014780965, "Depth": 1.9049999999999727, "GL": 171.64, "IL": 169.735, "الشركةالمنفذة": "التوحيد", "GlobalID": "{BED04541-11C6-4C08-AE1A-C7E0AB4E3645}", "القطاع": "القطاع الثالث", "Fault_statement": null}, "geometry": {"type": "MultiLineString", "coordinates": [[[31.554956772007216, 30.275006467441106], [31.554722678142987, 30.274827732790005]]]}}, {"type": "Feature", "properties": {"line_degree": 2.0, "manufacturing_material": 1.0, "diameter": "200 مم", "execution_position": 1.0, "shape_Length": 29.99992746215691, "Depth": 1.865000000000009, "GL": 176.93, "IL": 175.065, "الشركةالمنفذة": "التوحيد", "GlobalID": "{0CBCF704-51CC-4110-BA74-11A1C99E28D9}", "القطاع": "القطاع الثالث", "Fault_statement": null}, "geometry": {"type": "MultiLineString", "coordinates": [[[31.55764568666038, 30.27647223164526], [31.55743570889337, 30.27667226856178]]]}}, {"type": "Feature", "properties": {"line_degree": 1.0, "manufacturing_material": 1.0, "diameter": "200 مم", "execution_position": 1.0, "shape_Length": 30.000092562985103, "Depth": 1.7800000000000011, "GL": 174.66, "IL": 172.88, "الشركةالمنفذة": "التوحيد", "GlobalID": "{E2B11144-CE56-41D0-BCD5-AEA284819F4C}", "القطاع": "القطاع الثالث", "Fault_statement": null}, "geometry": {"type": "MultiLineString", "coordinates": [[[31.556183831201803, 30.27597705326953], [31.555953123133126, 30.275795028494947]]]}}, {"type": "Feature", "properties": {"line_degree": 2.0, "manufacturing_material": 1.0, "diameter": "200 مم", "execution_position": 1.0, "shape_Length": 29.99997968150492, "Depth": 1.8050000000000068, "GL": 164.335, "IL": 162.53, "الشركةالمنفذة": "عوض خليفة", "GlobalID": "{1AB0569D-69E9-434F-8C23-B6C534F2E53F}", "القطاع": "القطاع الثاني", "Fault_statement": null}, "geometry": {"type": "MultiLineString", "coordinates": [[[31.566608598091303, 30.269992627525557], [31.566806239776394, 30.269783345447976]]]}}, {"type": "Feature", "properties": {"line_degree": 2.0, "manufacturing_material": 1.0, "diameter": "200 مم", "execution_position": 1.0, "shape_Length": 30.00004106490021, "Depth": 1.6850000000000023, "GL": 167.685, "IL": 166.0, "الشركةالمنفذة": "عوض خليفة", "GlobalID": "{11846551-C63F-4413-97E5-BCFC0E63210C}", "القطاع": "القطاع الثاني", "Fault_statement": null}, "geometry": {"type": "MultiLineString", "coordinates": [[[31.556308538120327, 30.265949026020383], [31.55602989813124, 30.26582766287675]]]}}, {"type": "Feature", "properties": {"line_degree": 2.0, "manufacturing_material": 1.0, "diameter": "200 مم", "execution_position": 1.0, "shape_Length": 29.99992517016652, "Depth": 1.5649999999999977, "GL": 161.475, "IL": 159.91, "الشركةالمنفذة": "عوض خليفة", "GlobalID": "{743A8986-0DC0-4BEA-9EBD-2DB3C43D50D3}", "القطاع": "القطاع الثاني", "Fault_statement": null}, "geometry": {"type": "MultiLineString", "coordinates": [[[31.56379863146355, 30.26829762050317], [31.56395531111968, 30.26806366921363]]]}}, {"type": "Feature", "properties": {"line_degree": 2.0, "manufacturing_material": 1.0, "diameter": "200 مم", "execution_position": 1.0, "shape_Length": 29.999786242150634, "Depth": 1.5649999999999977, "GL": 165.45499999999998, "IL": 163.89, "الشركةالمنفذة": "عوض خليفة", "GlobalID": "{7ACBEFF2-8B09-4C6E-9BEB-2E0B05644AC7}", "القطاع": "القطاع الثاني", "Fault_statement": null}, "geometry": {"type": "MultiLineString", "coordinates": [[[31.560141553023595, 30.264746604953825], [31.56018871552379, 30.26447911134698]]]}}, {"type": "Feature", "properties": {"line_degree": 2.0, "manufacturing_material": 1.0, "diameter": "200 مم", "execution_position": 1.0, "shape_Length": 30.000005186944538, "Depth": 1.7949999999999875, "GL": 164.64499999999998, "IL": 162.85, "الشركةالمنفذة": "عوض خليفة", "GlobalID": "{00A50D22-84D5-47E2-86A3-8F2DBC03F8CF}", "القطاع": "القطاع الثاني", "Fault_statement": null}, "geometry": {"type": "MultiLineString", "coordinates": [[[31.55671538082924, 30.264544081860453], [31.556961045777076, 30.264377484768882]]]}}, {"type": "Feature", "properties": {"line_degree": 2.0, "manufacturing_material": 1.0, "diameter": "200 مم", "execution_position": 1.0, "shape_Length": 30.000036598069464, "Depth": 1.5700000000000216, "GL": 166.35000000000002, "IL": 164.78, "الشركةالمنفذة": "عوض خليفة", "GlobalID": "{FC92B876-51E5-4CAA-86CE-4CE150E7E343}", "القطاع": "القطاع الثاني", "Fault_statement": null}, "geometry": {"type": "MultiLineString", "coordinates": [[[31.561307037785948, 30.265004821261815], [31.561416887785743, 30.264751567460795]]]}}, {"type": "Feature", "properties": {"line_degree": 1.0, "manufacturing_material": 1.0, "diameter": "200 مم", "execution_position": 1.0, "shape_Length": 29.999925456511246, "Depth": 2.219999999999999, "GL": 166.745, "IL": 164.525, "الشركةالمنفذة": "عوض خليفة", "GlobalID": "{27657540-6B00-4A32-BC83-3D7F111E5C85}", "القطاع": "القطاع الثاني", "Fault_statement": null}, "geometry": {"type": "MultiLineString", "coordinates": [[[31.567474244543174, 30.269894108866406], [31.56723809472521, 30.269717436840427]]]}}, {"type": "Feature", "properties": {"line_degree": 2.0, "manufacturing_material": 1.0, "diameter": "200 مم", "execution_position": 1.0, "shape_Length": 22.629666577085096, "Depth": 1.6299999999999955, "GL": 178.825, "IL": 177.195, "الشركةالمنفذة": "التوحيد", "GlobalID": "{FCFDE344-0ECF-430A-B5F2-4CAA76C690A6}", "القطاع": "القطاع الثالث", "Fault_statement": null}, "geometry": {"type": "MultiLineString", "coordinates": [[[31.56046556443766, 30.278015621381712], [31.56031903437753, 30.278175288622943]]]}}, {"type": "Feature", "properties": {"line_degree": 2.0, "manufacturing_material": 1.0, "diameter": "200 مم", "execution_position": 1.0, "shape_Length": 29.999912936410638, "Depth": 1.5950000000000273, "GL": 164.54500000000002, "IL": 162.95, "الشركةالمنفذة": "عوض خليفة", "GlobalID": "{EABFE7DD-6E99-4255-AA26-AF4DEB85CFDB}", "القطاع": "القطاع الثاني", "Fault_statement": null}, "geometry": {"type": "MultiLineString", "coordinates": [[[31.562462567586234, 30.265165623727768], [31.56258121702825, 30.264915380156754]]]}}, {"type": "Feature", "properties": {"line_degree": 1.0, "manufacturing_material": 1.0, "diameter": "200 مم", "execution_position": 1.0, "shape_Length": 30.000094272199696, "Depth": 1.6699999999999875, "GL": 166.125, "IL": 164.455, "الشركةالمنفذة": "التوحيد", "GlobalID": "{B0EA6014-D4B4-4DE8-9B87-F76F38F1C541}", "القطاع": "القطاع الثالث", "Fault_statement": null}, "geometry": {"type": "MultiLineString", "coordinates": [[[31.553233627278544, 30.271662974165434], [31.553227811374633, 30.271933538115615]]]}}, {"type": "Feature", "properties": {"line_degree": 2.0, "manufacturing_material": 1.0, "diameter": "200 مم", "execution_position": 1.0, "shape_Length": 30.000074573437008, "Depth": 1.7349999999999852, "GL": 173.215, "IL": 171.48000000000002, "الشركةالمنفذة": "التوحيد", "GlobalID": "{5E98C9D3-3262-4CAB-98D0-AF88063F08BE}", "القطاع": "القطاع الثالث", "Fault_statement": null}, "geometry": {"type": "MultiLineString", "coordinates": [[[31.560151159814165, 30.27512289371734], [31.5599416994776, 30.275323338337646]]]}}, {"type": "Feature", "properties": {"line_degree": 2.0, "manufacturing_material": 1.0, "diameter": "200 مم", "execution_position": 1.0, "shape_Length": 30.195622720031142, "Depth": 1.579999999999984, "GL": 172.815, "IL": 171.235, "الشركةالمنفذة": "التوحيد", "GlobalID": "{61005E86-E6AB-429A-B719-43C73BE2614F}", "القطاع": "القطاع الثالث", "Fault_statement": null}, "geometry": {"type": "MultiLineString", "coordinates": [[[31.56235916305004, 30.277378930987183], [31.56238648582049, 30.277107591076533]]]}}, {"type": "Feature", "properties": {"line_degree": 2.0, "manufacturing_material": 1.0, "diameter": "200 مم", "execution_position": 1.0, "shape_Length": 30.210940356454802, "Depth": 2.069999999999993, "GL": 168.92000000000002, "IL": 166.85000000000002, "الشركةالمنفذة": "عوض خليفة", "GlobalID": "{3972540D-3FF4-4BFD-8E27-9C02D04C0E80}", "القطاع": "القطاع الثاني", "Fault_statement": null}, "geometry": {"type": "MultiLineString", "coordinates": [[[31.567684499191383, 30.2704161461745], [31.567896434436967, 30.270215093995624]]]}}, {"type": "Feature", "properties": {"line_degree": 1.0, "manufacturing_material": 1.0, "diameter": "200 مم", "execution_position": 1.0, "shape_Length": 30.177254016400163, "Depth": 2.8349999999999795, "GL": 169.885, "IL": 167.05, "الشركةالمنفذة": "التوحيد", "GlobalID": "{BE20DF05-0562-4F58-BEFA-6F3D7989342D}", "القطاع": "القطاع الثالث", "Fault_statement": null}, "geometry": {"type": "MultiLineString", "coordinates": [[[31.55407870509624, 30.269181069390658], [31.553958505927923, 30.269432489932814]]]}}, {"type": "Feature", "properties": {"line_degree": 2.0, "manufacturing_material": 1.0, "diameter": "200 مم", "execution_position": 1.0, "shape_Length": 30.48301115393972, "Depth": 1.5049999999999955, "GL": 174.76999999999998, "IL": 173.265, "الشركةالمنفذة": "التوحيد", "GlobalID": "{2FE2997B-0949-4CFB-B049-113FD572BB44}", "القطاع": "القطاع الثالث", "Fault_statement": null}, "geometry": {"type": "MultiLineString", "coordinates": [[[31.559538226538127, 30.276074023678813], [31.559751021459544, 30.275870321724746]]]}}, {"type": "Feature", "properties": {"line_degree": 1.0, "manufacturing_material": 1.0, "diameter": "200 مم", "execution_position": 1.0, "shape_Length": 30.73337975892768, "Depth": 2.8300000000000125, "GL": 170.845, "IL": 168.015, "الشركةالمنفذة": "التوحيد", "GlobalID": "{6DBF9E77-79DC-4E87-97F5-6105D8212BCB}", "القطاع": "القطاع الثالث", "Fault_statement": null}, "geometry": {"type": "MultiLineString", "coordinates": [[[31.554384491824656, 30.268504692206413], [31.55427230437108, 30.268764251711932]]]}}, {"type": "Feature", "properties": {"line_degree": 2.0, "manufacturing_material": 1.0, "diameter": "200 مم", "execution_position": 1.0, "shape_Length": 35.97976368612199, "Depth": 1.7350000000000136, "GL": 170.36, "IL": 168.625, "الشركةالمنفذة": "عوض خليفة", "GlobalID": "{3FFA72E2-E4CD-41DF-8311-AF1C391081BB}", "القطاع": "القطاع الثاني", "Fault_statement": null}, "geometry": {"type": "MultiLineString", "coordinates": [[[31.555588202764646, 30.268554603685246], [31.55524205655324, 30.268431899421582]]]}}, {"type": "Feature", "properties": {"line_degree": 2.0, "manufacturing_material": 1.0, "diameter": "200 مم", "execution_position": 1.0, "shape_Length": 32.00004236195002, "Depth": 1.7050000000000125, "GL": 163.79, "IL": 162.08499999999998, "الشركةالمنفذة": "عوض خليفة", "GlobalID": "{445AC6E7-2F61-4AA8-B4F1-2EEB5CA92181}", "القطاع": "القطاع الثاني", "Fault_statement": null}, "geometry": {"type": "MultiLineString", "coordinates": [[[31.558621464520566, 30.264364502807673], [31.558532501445068, 30.264086373381815]]]}}, {"type": "Feature", "properties": {"line_degree": 2.0, "manufacturing_material": 1.0, "diameter": "200 مم", "execution_position": 1.0, "shape_Length": 31.999926702703288, "Depth": 1.7649999999999864, "GL": 172.93, "IL": 171.16500000000002, "الشركةالمنفذة": "التوحيد", "GlobalID": "{C8B92523-F966-4432-BAF2-365C85021F80}", "القطاع": "القطاع الثالث", "Fault_statement": null}, "geometry": {"type": "MultiLineString", "coordinates": [[[31.55574410295632, 30.274971433664852], [31.555520457513335, 30.27518506516036]]]}}, {"type": "Feature", "properties": {"line_degree": 2.0, "manufacturing_material": 1.0, "diameter": "200 مم", "execution_position": 1.0, "shape_Length": 32.03642800767943, "Depth": 2.4399999999999977, "GL": 164.87, "IL": 162.43, "الشركةالمنفذة": "عوض خليفة", "GlobalID": "{E8F63ED3-1762-46F8-AF30-41F2BCC16FC9}", "القطاع": "القطاع الثاني", "Fault_statement": null}, "geometry": {"type": "MultiLineString", "coordinates": [[[31.566806239776394, 30.269783345447976], [31.567018494361125, 30.269560712789534]]]}}, {"type": "Feature", "properties": {"line_degree": 2.0, "manufacturing_material": 1.0, "diameter": "200 مم", "execution_position": 1.0, "shape_Length": 32.069592856962856, "Depth": 1.7800000000000296, "GL": 169.365, "IL": 167.58499999999998, "الشركةالمنفذة": "التوحيد", "GlobalID": "{FB0A097F-EFF7-4923-8A2B-5F5A5BBC64E0}", "القطاع": "القطاع الثالث", "Fault_statement": null}, "geometry": {"type": "MultiLineString", "coordinates": [[[31.554331400206923, 30.269826924734296], [31.554024660029356, 30.26971382169305]]]}}, {"type": "Feature", "properties": {"line_degree": 2.0, "manufacturing_material": 1.0, "diameter": "200 مم", "execution_position": 1.0, "shape_Length": 35.72333316979838, "Depth": 2.269999999999982, "GL": 159.90499999999997, "IL": 157.635, "الشركةالمنفذة": "عوض خليفة", "GlobalID": "{253560C3-B4BA-4F17-B955-E8DFE76327E3}", "القطاع": "القطاع الثاني", "Fault_statement": null}, "geometry": {"type": "MultiLineString", "coordinates": [[[31.564979174954747, 30.267804285473993], [31.564784697168708, 30.268078765422604]]]}}, {"type": "Feature", "properties": {"line_degree": 2.0, "manufacturing_material": 1.0, "diameter": "200 مم", "execution_position": 1.0, "shape_Length": 32.99999752836551, "Depth": 1.920000000000016, "GL": 171.505, "IL": 169.58499999999998, "الشركةالمنفذة": "التوحيد", "GlobalID": "{1CC7E430-4459-4BE3-85D9-DE54B3E1D639}", "القطاع": "القطاع الثالث", "Fault_statement": null}, "geometry": {"type": "MultiLineString", "coordinates": [[[31.563399959065727, 30.277262626314528], [31.563278418371137, 30.27698427459859]]]}}, {"type": "Feature", "properties": {"line_degree": 2.0, "manufacturing_material": 1.0, "diameter": "200 مم", "execution_position": 1.0, "shape_Length": 28.47546832382397, "Depth": 1.5649999999999977, "GL": 176.26999999999998, "IL": 174.70499999999998, "الشركةالمنفذة": "التوحيد", "GlobalID": "{C305F34A-C05B-44A2-A920-49F0FF20EF3F}", "القطاع": "القطاع الثالث", "Fault_statement": null}, "geometry": {"type": "MultiLineString", "coordinates": [[[31.561095993768756, 30.277521542743553], [31.561245397094805, 30.277299819802938]]]}}, {"type": "Feature", "properties": {"line_degree": 1.0, "manufacturing_material": 1.0, "diameter": "200 مم", "execution_position": 1.0, "shape_Length": 24.529646328993746, "Depth": 1.670000000000016, "GL": 173.805, "IL": 172.135, "الشركةالمنفذة": "التوحيد", "GlobalID": "{9A4F4A5B-0AE4-43A0-A451-03F7D09FDC78}", "القطاع": "القطاع الثالث", "Fault_statement": null}, "geometry": {"type": "MultiLineString", "coordinates": [[[31.560865918344945, 30.27622708450914], [31.56067747321717, 30.276078066342453]]]}}, {"type": "Feature", "properties": {"line_degree": 1.0, "manufacturing_material": 1.0, "diameter": "200 مم", "execution_position": 1.0, "shape_Length": 33.08338878870369, "Depth": 2.7649999999999864, "GL": 164.51999999999998, "IL": 161.755, "الشركةالمنفذة": "عوض خليفة", "GlobalID": "{D4C17308-4497-4427-9FC8-49BC1064DD0F}", "القطاع": "القطاع الثاني", "Fault_statement": null}, "geometry": {"type": "MultiLineString", "coordinates": [[[31.567018494361125, 30.269560712789534], [31.56675085721777, 30.269373394761523]]]}}, {"type": "Feature", "properties": {"line_degree": 2.0, "manufacturing_material": 1.0, "diameter": "200 مم", "execution_position": 1.0, "shape_Length": 34.185080124066474, "Depth": 1.75, "GL": 159.18, "IL": 157.43, "الشركةالمنفذة": "عوض خليفة", "GlobalID": "{C70C4F20-B3A4-42DF-AC01-2EF2A9A6546E}", "القطاع": "القطاع الثاني", "Fault_statement": null}, "geometry": {"type": "MultiLineString", "coordinates": [[[31.56581650395862, 30.268295151208566], [31.56561726004743, 30.268550446600173]]]}}, {"type": "Feature", "properties": {"line_degree": 1.0, "manufacturing_material": 1.0, "diameter": "200 مم", "execution_position": 1.0, "shape_Length": 41.47046134118932, "Depth": 1.8249999999999886, "GL": 173.64, "IL": 171.815, "الشركةالمنفذة": "التوحيد", "GlobalID": "{DB539890-13E7-4B21-9D34-EF2294850FA1}", "القطاع": "القطاع الثالث", "Fault_statement": null}, "geometry": {"type": "MultiLineString", "coordinates": [[[31.56067747321717, 30.276078066342453], [31.560358344195688, 30.275826647136103]]]}}, {"type": "Feature", "properties": {"line_degree": 2.0, "manufacturing_material": 1.0, "diameter": "200 مم", "execution_position": 1.0, "shape_Length": 33.00000011256722, "Depth": 1.674999999999983, "GL": 167.95999999999998, "IL": 166.285, "الشركةالمنفذة": "التوحيد", "GlobalID": "{26D8F800-2BC3-4313-B44D-D3B036E0AA01}", "القطاع": "القطاع الثالث", "Fault_statement": null}, "geometry": {"type": "MultiLineString", "coordinates": [[[31.553895228688273, 30.270759661468862], [31.553573151802695, 30.270657417847257]]]}}, {"type": "Feature", "properties": {"line_degree": 1.0, "manufacturing_material": 1.0, "diameter": "200 مم", "execution_position": 1.0, "shape_Length": 33.25079310171276, "Depth": 3.009999999999991, "GL": 166.70499999999998, "IL": 163.695, "الشركةالمنفذة": "التوحيد", "GlobalID": "{6DF981C9-7AA1-4726-9A9C-3B4816ED71C2}", "القطاع": "القطاع الثالث", "Fault_statement": null}, "geometry": {"type": "MultiLineString", "coordinates": [[[31.553422411901753, 30.272932231123914], [31.553518799011492, 30.273220260268808]]]}}, {"type": "Feature", "properties": {"line_degree": 2.0, "manufacturing_material": 1.0, "diameter": "200 مم", "execution_position": 1.0, "shape_Length": 33.67090410521029, "Depth": 1.650000000000034, "GL": 172.92000000000002, "IL": 171.26999999999998, "الشركةالمنفذة": "التوحيد", "GlobalID": "{1B0324B7-2649-471D-A34C-54F5F2A21598}", "القطاع": "القطاع الثالث", "Fault_statement": null}, "geometry": {"type": "MultiLineString", "coordinates": [[[31.56229082142365, 30.27941003140655], [31.562640342558826, 30.27939510794779]]]}}, {"type": "Feature", "properties": {"line_degree": 2.0, "manufacturing_material": 1.0, "diameter": "200 مم", "execution_position": 1.0, "shape_Length": 34.000129147362365, "Depth": 1.634999999999991, "GL": 164.64, "IL": 163.005, "الشركةالمنفذة": "عوض خليفة", "GlobalID": "{8BE4BFE9-D46D-488B-8F21-28065D6B2025}", "القطاع": "القطاع الثاني", "Fault_statement": null}, "geometry": {"type": "MultiLineString", "coordinates": [[[31.561983809705154, 30.266200302479], [31.561840675118486, 30.266480701089275]]]}}, {"type": "Feature", "properties": {"line_degree": 1.0, "manufacturing_material": 1.0, "diameter": "200 مم", "execution_position": 1.0, "shape_Length": 23.361320572158046, "Depth": 3.2849999999999966, "GL": 163.45, "IL": 160.165, "الشركةالمنفذة": "عوض خليفة", "GlobalID": "{DDDA63A4-6961-4898-91A8-C106C819B301}", "القطاع": "القطاع الثاني", "Fault_statement": null}, "geometry": {"type": "MultiLineString", "coordinates": [[[31.56675085721777, 30.269373394761523], [31.566559121249146, 30.26924413761711]]]}}, {"type": "Feature", "properties": {"line_degree": 2.0, "manufacturing_material": 1.0, "diameter": "200 مم", "execution_position": 1.0, "shape_Length": 34.874851858467736, "Depth": 2.3149999999999693, "GL": 170.64499999999998, "IL": 168.33, "الشركةالمنفذة": "التوحيد", "GlobalID": "{17345A07-9048-4E51-BE00-A773DEF8FC81}", "القطاع": "القطاع الثالث", "Fault_statement": null}, "geometry": {"type": "MultiLineString", "coordinates": [[[31.554607367252352, 30.268884149526244], [31.55427230437108, 30.268764251711932]]]}}, {"type": "Feature", "properties": {"line_degree": 2.0, "manufacturing_material": 1.0, "diameter": "200 مم", "execution_position": 1.0, "shape_Length": 34.98435225698144, "Depth": 1.5, "GL": 166.06, "IL": 164.56, "الشركةالمنفذة": "عوض خليفة", "GlobalID": "{AB02B2F7-4583-4697-9EEF-639DF60D1B6A}", "القطاع": "القطاع الثاني", "Fault_statement": null}, "geometry": {"type": "MultiLineString", "coordinates": [[[31.556098626127284, 30.26509795966588], [31.556335658377485, 30.264858690075144]]]}}, {"type": "Feature", "properties": {"line_degree": 2.0, "manufacturing_material": 1.0, "diameter": "200 مم", "execution_position": 1.0, "shape_Length": 35.0000175174902, "Depth": 1.875, "GL": 165.69, "IL": 163.815, "الشركةالمنفذة": "عوض خليفة", "GlobalID": "{E9484065-45A6-4F20-B4D4-5BA0671974EC}", "القطاع": "القطاع الثاني", "Fault_statement": null}, "geometry": {"type": "MultiLineString", "coordinates": [[[31.567451332776276, 30.269329662064344], [31.567219093871717, 30.269572638149118]]]}}, {"type": "Feature", "properties": {"line_degree": 2.0, "manufacturing_material": 1.0, "diameter": "200 مم", "execution_position": 1.0, "shape_Length": 26.537905504055395, "Depth": 1.5300000000000296, "GL": 170.28500000000003, "IL": 168.755, "الشركةالمنفذة": "التوحيد", "GlobalID": "{C94841A8-C108-4987-AD36-33ECEAD31979}", "القطاع": "القطاع الثالث", "Fault_statement": null}, "geometry": {"type": "MultiLineString", "coordinates": [[[31.564655142389743, 30.27708739806495], [31.56445819056174, 30.276919821922647]]]}}, {"type": "Feature", "properties": {"line_degree": 2.0, "manufacturing_material": 1.0, "diameter": "200 مم", "execution_position": 1.0, "shape_Length": 34.999982274691405, "Depth": 1.579999999999984, "GL": 173.69, "IL": 172.11, "الشركةالمنفذة": "التوحيد", "GlobalID": "{52118594-990A-4D9C-AA0A-3EF0FE8B91DC}", "القطاع": "القطاع الثالث", "Fault_statement": null}, "geometry": {"type": "MultiLineString", "coordinates": [[[31.561927198124195, 30.279401471046228], [31.56229082142365, 30.27941003140655]]]}}, {"type": "Feature", "properties": {"line_degree": 1.0, "manufacturing_material": 1.0, "diameter": "200 مم", "execution_position": 1.0, "shape_Length": 35.00005477784095, "Depth": 1.7450000000000045, "GL": 169.525, "IL": 167.78, "الشركةالمنفذة": "عوض خليفة", "GlobalID": "{2ADBA0C8-0739-498C-9093-E5EF01E7A447}", "القطاع": "القطاع الثاني", "Fault_statement": null}, "geometry": {"type": "MultiLineString", "coordinates": [[[31.555124809805413, 30.266672989314934], [31.555231909141398, 30.266371274547968]]]}}, {"type": "Feature", "properties": {"line_degree": 2.0, "manufacturing_material": 1.0, "diameter": "200 مم", "execution_position": 1.0, "shape_Length": 35.00006365789953, "Depth": 1.924999999999983, "GL": 175.595, "IL": 173.67000000000002, "الشركةالمنفذة": "التوحيد", "GlobalID": "{0D809ECB-5099-4CCE-8556-9D80920E6CA3}", "القطاع": "القطاع الثالث", "Fault_statement": null}, "geometry": {"type": "MultiLineString", "coordinates": [[[31.561161507142884, 30.279276391145665], [31.561516672270916, 30.27934460587659]]]}}, {"type": "Feature", "properties": {"line_degree": 1.0, "manufacturing_material": 1.0, "diameter": "200 مم", "execution_position": 1.0, "shape_Length": 29.966568272264137, "Depth": 1.589999999999975, "GL": 172.325, "IL": 170.735, "الشركةالمنفذة": "عوض خليفة", "GlobalID": "{4E30C982-CC8A-4D8E-B5D3-F95CA3ECB0FC}", "القطاع": "القطاع الثاني", "Fault_statement": null}, "geometry": {"type": "MultiLineString", "coordinates": [[[31.568618777886797, 30.27081233370166], [31.568396385815802, 30.270623114478706]]]}}, {"type": "Feature", "properties": {"line_degree": 2.0, "manufacturing_material": 1.0, "diameter": "200 مم", "execution_position": 1.0, "shape_Length": 34.999925512641255, "Depth": 1.960000000000008, "GL": 178.285, "IL": 176.325, "الشركةالمنفذة": "التوحيد", "GlobalID": "{07AB58EF-E16E-4B6F-9329-EF088102E297}", "القطاع": "القطاع الثالث", "Fault_statement": null}, "geometry": {"type": "MultiLineString", "coordinates": [[[31.5592734056448, 30.277733008207885], [31.559029355530015, 30.277967115191416]]]}}, {"type": "Feature", "properties": {"line_degree": 2.0, "manufacturing_material": 1.0, "diameter": "200 مم", "execution_position": 1.0, "shape_Length": 35.97319266419821, "Depth": 1.9800000000000182, "GL": 171.85500000000002, "IL": 169.875, "الشركةالمنفذة": "التوحيد", "GlobalID": "{6896DB15-7D17-4A9D-9D75-1FA98E90C428}", "القطاع": "القطاع الثالث", "Fault_statement": null}, "geometry": {"type": "MultiLineString", "coordinates": [[[31.563001325575527, 30.279355454452933], [31.563363757611004, 30.279275800768787]]]}}, {"type": "Feature", "properties": {"line_degree": 2.0, "manufacturing_material": 1.0, "diameter": "200 مم", "execution_position": 1.0, "shape_Length": 35.00000752536705, "Depth": 1.5649999999999977, "GL": 158.82999999999998, "IL": 157.265, "الشركةالمنفذة": "عوض خليفة", "GlobalID": "{F2F91FB1-46E3-4B32-9687-170EBFA37F10}", "القطاع": "القطاع الثاني", "Fault_statement": null}, "geometry": {"type": "MultiLineString", "coordinates": [[[31.566894526312126, 30.266959392805052], [31.567103410052336, 30.266700939925915]]]}}, {"type": "Feature", "properties": {"line_degree": 2.0, "manufacturing_material": 1.0, "diameter": "200 مم", "execution_position": 1.0, "shape_Length": 35.00008360495002, "Depth": 1.5149999999999864, "GL": 158.57, "IL": 157.055, "الشركةالمنفذة": "عوض خليفة", "GlobalID": "{DF55B7F9-7EAF-42DE-B228-55308CEE7E29}", "القطاع": "القطاع الثاني", "Fault_statement": null}, "geometry": {"type": "MultiLineString", "coordinates": [[[31.56468754734238, 30.265767025609165], [31.56486103746797, 30.26548954572669]]]}}, {"type": "Feature", "properties": {"line_degree": 2.0, "manufacturing_material": 1.0, "diameter": "200 مم", "execution_position": 1.0, "shape_Length": 34.99999728569522, "Depth": 1.7249999999999943, "GL": 164.9, "IL": 163.175, "الشركةالمنفذة": "عوض خليفة", "GlobalID": "{BB5C35D5-482C-4916-8EDE-27BD858DA15C}", "القطاع": "القطاع الثاني", "Fault_statement": null}, "geometry": {"type": "MultiLineString", "coordinates": [[[31.557192368704886, 30.26503174802596], [31.55695915470326, 30.264789483958193]]]}}, {"type": "Feature", "properties": {"line_degree": 1.0, "manufacturing_material": 1.0, "diameter": "200 مم", "execution_position": 1.0, "shape_Length": 34.99999154346914, "Depth": 1.740000000000009, "GL": 168.98000000000002, "IL": 167.24, "الشركةالمنفذة": "عوض خليفة", "GlobalID": "{7E521029-2BA5-43CE-8867-41FD6B218BA8}", "القطاع": "القطاع الثاني", "Fault_statement": null}, "geometry": {"type": "MultiLineString", "coordinates": [[[31.555231909141398, 30.266371274547968], [31.55533745298777, 30.26606914772184]]]}}, {"type": "Feature", "properties": {"line_degree": 2.0, "manufacturing_material": 1.0, "diameter": "200 مم", "execution_position": 1.0, "shape_Length": 35.00004072855717, "Depth": 1.509999999999991, "GL": 169.295, "IL": 167.785, "الشركةالمنفذة": "عوض خليفة", "GlobalID": "{0CFA456B-34DB-4F5A-9082-2236E3898B78}", "القطاع": "القطاع الثاني", "Fault_statement": null}, "geometry": {"type": "MultiLineString", "coordinates": [[[31.570082907063433, 30.26946726361947], [31.570358869933536, 30.269261604757244]]]}}, {"type": "Feature", "properties": {"line_degree": 2.0, "manufacturing_material": 1.0, "diameter": "200 مم", "execution_position": 1.0, "shape_Length": 33.98181158696295, "Depth": 1.9799999999999898, "GL": 171.45, "IL": 169.47, "الشركةالمنفذة": "التوحيد", "GlobalID": "{41831485-4864-468D-A9C4-A90545DCF79E}", "القطاع": "القطاع الثالث", "Fault_statement": null}, "geometry": {"type": "MultiLineString", "coordinates": [[[31.563363757611004, 30.279275800768787], [31.56369724541215, 30.279174890296517]]]}}, {"type": "Feature", "properties": {"line_degree": 2.0, "manufacturing_material": 1.0, "diameter": "200 مم", "execution_position": 1.0, "shape_Length": 35.00000010239411, "Depth": 1.9499999999999886, "GL": 178.95, "IL": 177.0, "الشركةالمنفذة": "التوحيد", "GlobalID": "{B97A996B-07CC-41F0-99DD-486483A48490}", "القطاع": "القطاع الثالث", "Fault_statement": null}, "geometry": {"type": "MultiLineString", "coordinates": [[[31.560129880325462, 30.27839040957165], [31.55990437431364, 30.278638131961724]]]}}, {"type": "Feature", "properties": {"line_degree": 2.0, "manufacturing_material": 1.0, "diameter": "200 مم", "execution_position": 1.0, "shape_Length": 27.98732432137459, "Depth": 1.6099999999999852, "GL": 175.895, "IL": 174.28500000000003, "الشركةالمنفذة": "التوحيد", "GlobalID": "{FC90F85D-B36F-44C4-A2C1-578B4988A4F2}", "القطاع": "القطاع الثالث", "Fault_statement": null}, "geometry": {"type": "MultiLineString", "coordinates": [[[31.561441206341296, 30.278451006182458], [31.561359746534045, 30.278693358656085]]]}}, {"type": "Feature", "properties": {"line_degree": 2.0, "manufacturing_material": 1.0, "diameter": "200 مم", "execution_position": 1.0, "shape_Length": 29.116297630403018, "Depth": 1.5749999999999886, "GL": 176.04, "IL": 174.465, "الشركةالمنفذة": "التوحيد", "GlobalID": "{D8CA4765-3F21-4AB7-9607-0E3537C33F6B}", "القطاع": "القطاع الثالث", "Fault_statement": null}, "geometry": {"type": "MultiLineString", "coordinates": [[[31.560180402203947, 30.276877138809812], [31.56038357730436, 30.276682506396885]]]}}, {"type": "Feature", "properties": {"line_degree": 1.0, "manufacturing_material": 1.0, "diameter": "200 مم", "execution_position": 1.0, "shape_Length": 40.03485953116377, "Depth": 1.5999999999999943, "GL": 171.01, "IL": 169.41, "الشركةالمنفذة": "عوض خليفة", "GlobalID": "{7F61A915-B001-4F33-B668-055B785E3D26}", "القطاع": "القطاع الثاني", "Fault_statement": null}, "geometry": {"type": "MultiLineString", "coordinates": [[[31.568396385815802, 30.270623114478706], [31.56809532523398, 30.270373865482558]]]}}, {"type": "Feature", "properties": {"line_degree": 2.0, "manufacturing_material": 1.0, "diameter": "200 مم", "execution_position": 1.0, "shape_Length": 35.0002179701585, "Depth": 1.5199999999999818, "GL": 161.01, "IL": 159.49, "الشركةالمنفذة": "عوض خليفة", "GlobalID": "{3B41B361-1C8F-4C24-9824-4CC33737BC72}", "القطاع": "القطاع الثاني", "Fault_statement": null}, "geometry": {"type": "MultiLineString", "coordinates": [[[31.567753786966065, 30.2675277542515], [31.567983824323537, 30.26728320634742]]]}}, {"type": "Feature", "properties": {"line_degree": 2.0, "manufacturing_material": 1.0, "diameter": "200 مم", "execution_position": 1.0, "shape_Length": 35.01017259298989, "Depth": 1.8899999999999864, "GL": 172.32, "IL": 170.43, "الشركةالمنفذة": "التوحيد", "GlobalID": "{7938C577-B75E-4311-BBAB-A7694F9AC0DC}", "القطاع": "القطاع الثالث", "Fault_statement": null}, "geometry": {"type": "MultiLineString", "coordinates": [[[31.562640342558826, 30.27939510794779], [31.563001325575527, 30.279355454452933]]]}}, {"type": "Feature", "properties": {"line_degree": 2.0, "manufacturing_material": 1.0, "diameter": "200 مم", "execution_position": 1.0, "shape_Length": 34.95455229233489, "Depth": 2.125, "GL": 156.245, "IL": 154.12, "الشركةالمنفذة": "عوض خليفة", "GlobalID": "{73848ED7-C836-4B29-AD38-0AA90A1CC3EF}", "القطاع": "القطاع الثاني", "Fault_statement": null}, "geometry": {"type": "MultiLineString", "coordinates": [[[31.56583532005039, 30.265760801798187], [31.56578033420515, 30.265449133655846]]]}}, {"type": "Feature", "properties": {"line_degree": 2.0, "manufacturing_material": 1.0, "diameter": "200 مم", "execution_position": 1.0, "shape_Length": 40.010152400150815, "Depth": 1.6399999999999864, "GL": 163.415, "IL": 161.775, "الشركةالمنفذة": "عوض خليفة", "GlobalID": "{B7B62B93-58A7-4C3D-8FA4-F2D9F637D13B}", "القطاع": "القطاع الثاني", "Fault_statement": null}, "geometry": {"type": "MultiLineString", "coordinates": [[[31.557648466874547, 30.264012699560503], [31.55802768667114, 30.26386474438107]]]}}, {"type": "Feature", "properties": {"line_degree": 2.0, "manufacturing_material": 1.0, "diameter": "200 مم", "execution_position": 1.0, "shape_Length": 35.769253977731594, "Depth": 1.8499999999999943, "GL": 176.495, "IL": 174.645, "الشركةالمنفذة": "التوحيد", "GlobalID": "{3B29F28F-E2F7-4129-BA6D-32EA3E748A4B}", "القطاع": "القطاع الثالث", "Fault_statement": null}, "geometry": {"type": "MultiLineString", "coordinates": [[[31.56081582546063, 30.27915769444522], [31.561161507142884, 30.279276391145665]]]}}, {"type": "Feature", "properties": {"line_degree": 2.0, "manufacturing_material": 1.0, "diameter": "200 مم", "execution_position": 1.0, "shape_Length": 35.922904774522834, "Depth": 1.8400000000000034, "GL": 164.9, "IL": 163.06, "الشركةالمنفذة": "عوض خليفة", "GlobalID": "{916403B2-4ADA-4784-B0BE-F6AC8223CB2F}", "القطاع": "القطاع الثاني", "Fault_statement": null}, "geometry": {"type": "MultiLineString", "coordinates": [[[31.55695915470326, 30.264789483958193], [31.55671538082924, 30.264544081860453]]]}}, {"type": "Feature", "properties": {"line_degree": 2.0, "manufacturing_material": 1.0, "diameter": "200 مم", "execution_position": 1.0, "shape_Length": 35.999939656322766, "Depth": 1.625, "GL": 172.985, "IL": 171.36, "الشركةالمنفذة": "عوض خليفة", "GlobalID": "{C15C30CF-0243-4C92-9912-630763E81DA0}", "القطاع": "القطاع الثاني", "Fault_statement": null}, "geometry": {"type": "MultiLineString", "coordinates": [[[31.568881903236402, 30.270581492612184], [31.568618777886797, 30.27081233370166]]]}}, {"type": "Feature", "properties": {"line_degree": 2.0, "manufacturing_material": 1.0, "diameter": "200 مم", "execution_position": 1.0, "shape_Length": 36.000150159457306, "Depth": 1.7700000000000102, "GL": 162.09, "IL": 160.32, "الشركةالمنفذة": "عوض خليفة", "GlobalID": "{92B8F08F-4725-4966-A681-5DC9B70028A7}", "القطاع": "القطاع الثاني", "Fault_statement": null}, "geometry": {"type": "MultiLineString", "coordinates": [[[31.56664761443813, 30.26878856948484], [31.566422287221112, 30.26904779440981]]]}}, {"type": "Feature", "properties": {"line_degree": 2.0, "manufacturing_material": 1.0, "diameter": "200 مم", "execution_position": 1.0, "shape_Length": 36.345444945647266, "Depth": 2.2299999999999898, "GL": 171.635, "IL": 169.405, "الشركةالمنفذة": "عوض خليفة", "GlobalID": "{78121A3E-8754-4608-AEFC-ECCE68E74218}", "القطاع": "القطاع الثاني", "Fault_statement": null}, "geometry": {"type": "MultiLineString", "coordinates": [[[31.570669238241134, 30.273431629613626], [31.570975580095755, 30.273623419977273]]]}}, {"type": "Feature", "properties": {"line_degree": 2.0, "manufacturing_material": 1.0, "diameter": "200 مم", "execution_position": 1.0, "shape_Length": 36.39533984379089, "Depth": 1.5949999999999989, "GL": 171.085, "IL": 169.49, "الشركةالمنفذة": "عوض خليفة", "GlobalID": "{0251E0E9-880F-47B7-A464-E7A13D062F4D}", "القطاع": "القطاع الثاني", "Fault_statement": null}, "geometry": {"type": "MultiLineString", "coordinates": [[[31.56956059778864, 30.272310639816517], [31.569202780176273, 30.27220424401794]]]}}, {"type": "Feature", "properties": {"line_degree": 2.0, "manufacturing_material": 1.0, "diameter": "200 مم", "execution_position": 1.0, "shape_Length": 36.81676824676229, "Depth": 1.6999999999999886, "GL": 173.365, "IL": 171.66500000000002, "الشركةالمنفذة": "عوض خليفة", "GlobalID": "{F8DC43B7-737C-4559-A2FF-A6CB527AB45A}", "القطاع": "القطاع الثاني", "Fault_statement": null}, "geometry": {"type": "MultiLineString", "coordinates": [[[31.56953994755611, 30.27131501433636], [31.569183887329487, 30.27143656260357]]]}}, {"type": "Feature", "properties": {"line_degree": 2.0, "manufacturing_material": 1.0, "diameter": "200 مم", "execution_position": 1.0, "shape_Length": 37.00008581720664, "Depth": 1.625, "GL": 169.865, "IL": 168.24, "الشركةالمنفذة": "عوض خليفة", "GlobalID": "{C636184F-3680-4110-87B2-C71BA61041F4}", "القطاع": "القطاع الثاني", "Fault_statement": null}, "geometry": {"type": "MultiLineString", "coordinates": [[[31.55586840702868, 30.26691793312564], [31.555510385665723, 30.26679623057857]]]}}, {"type": "Feature", "properties": {"line_degree": 1.0, "manufacturing_material": 1.0, "diameter": "200 مم", "execution_position": 1.0, "shape_Length": 36.9999492419005, "Depth": 1.7650000000000148, "GL": 170.085, "IL": 168.32, "الشركةالمنفذة": "عوض خليفة", "GlobalID": "{8FAD3259-D51F-4A06-900F-A87279C3D712}", "القطاع": "القطاع الثاني", "Fault_statement": null}, "geometry": {"type": "MultiLineString", "coordinates": [[[31.555005847109438, 30.266990364978835], [31.555124809805413, 30.266672989314934]]]}}, {"type": "Feature", "properties": {"line_degree": 2.0, "manufacturing_material": 1.0, "diameter": "200 مم", "execution_position": 1.0, "shape_Length": 39.97624227498454, "Depth": 1.5250000000000057, "GL": 165.6, "IL": 164.075, "الشركةالمنفذة": "عوض خليفة", "GlobalID": "{F3889BCE-FDEA-4EB5-A867-E63EBE8B520F}", "القطاع": "القطاع الثاني", "Fault_statement": null}, "geometry": {"type": "MultiLineString", "coordinates": [[[31.56937692396813, 30.26877298210758], [31.56967682616377, 30.26852345176483]]]}}, {"type": "Feature", "properties": {"line_degree": 2.0, "manufacturing_material": 1.0, "diameter": "200 مم", "execution_position": 1.0, "shape_Length": 37.39254357126973, "Depth": 1.9400000000000261, "GL": 176.02, "IL": 174.07999999999998, "الشركةالمنفذة": "التوحيد", "GlobalID": "{953D024E-AFEA-4546-A73A-FEDE292CA175}", "القطاع": "القطاع الثالث", "Fault_statement": null}, "geometry": {"type": "MultiLineString", "coordinates": [[[31.56127350836206, 30.27895340976575], [31.561161507142884, 30.279276391145665]]]}}, {"type": "Feature", "properties": {"line_degree": 2.0, "manufacturing_material": 1.0, "diameter": "200 مم", "execution_position": 1.0, "shape_Length": 37.970034819828996, "Depth": 3.4050000000000296, "GL": 173.435, "IL": 170.02999999999997, "الشركةالمنفذة": "التوحيد", "GlobalID": "{26554AAF-991D-4AC6-A08D-94F9304CF727}", "القطاع": "القطاع الثالث", "Fault_statement": null}, "geometry": {"type": "MultiLineString", "coordinates": [[[31.557497184058818, 30.269917484848524], [31.55713682122849, 30.26977796163749]]]}}, {"type": "Feature", "properties": {"line_degree": 2.0, "manufacturing_material": 1.0, "diameter": "200 مم", "execution_position": 1.0, "shape_Length": 29.112233900881073, "Depth": 3.0349999999999966, "GL": 160.225, "IL": 157.19, "الشركةالمنفذة": "عوض خليفة", "GlobalID": "{BE4A1C74-3777-47BC-B611-EAE3B63685AD}", "القطاع": "القطاع الثاني", "Fault_statement": null}, "geometry": {"type": "MultiLineString", "coordinates": [[[31.564266029062072, 30.267445868480955], [31.564525894703085, 30.267311413638158]]]}}, {"type": "Feature", "properties": {"line_degree": 2.0, "manufacturing_material": 1.0, "diameter": "200 مم", "execution_position": 1.0, "shape_Length": 38.31035787531881, "Depth": 2.009999999999991, "GL": 163.79, "IL": 161.78, "الشركةالمنفذة": "عوض خليفة", "GlobalID": "{7AA3D50E-45E3-46A0-AD8A-28A4C8290484}", "القطاع": "القطاع الثاني", "Fault_statement": null}, "geometry": {"type": "MultiLineString", "coordinates": [[[31.558532501445068, 30.264086373381815], [31.55842359851886, 30.263753982344408]]]}}, {"type": "Feature", "properties": {"line_degree": 2.0, "manufacturing_material": 1.0, "diameter": "200 مم", "execution_position": 1.0, "shape_Length": 38.35577467658243, "Depth": 1.8050000000000068, "GL": 171.29500000000002, "IL": 169.49, "الشركةالمنفذة": "عوض خليفة", "GlobalID": "{E0A10A76-AA74-421B-AE6C-D16407AB1EDA}", "القطاع": "القطاع الثاني", "Fault_statement": null}, "geometry": {"type": "MultiLineString", "coordinates": [[[31.555139643913574, 30.26771577185257], [31.55476945630879, 30.267587514030105]]]}}, {"type": "Feature", "properties": {"line_degree": 2.0, "manufacturing_material": 1.0, "diameter": "200 مم", "execution_position": 1.0, "shape_Length": 14.241740098297644, "Depth": 1.9800000000000182, "GL": 177.55, "IL": 175.57, "الشركةالمنفذة": "التوحيد", "GlobalID": "{99FAFAD9-1DF4-4F60-B31E-20A43704A2E7}", "القطاع": "القطاع الثالث", "Fault_statement": null}, "geometry": {"type": "MultiLineString", "coordinates": [[[31.55818059919219, 30.277371135275764], [31.558073863072728, 30.2774601359532]]]}}, {"type": "Feature", "properties": {"line_degree": 2.0, "manufacturing_material": 1.0, "diameter": "200 مم", "execution_position": 1.0, "shape_Length": 39.42830288607882, "Depth": 2.444999999999993, "GL": 173.31, "IL": 170.865, "الشركةالمنفذة": "عوض خليفة", "GlobalID": "{EDCFB713-CC82-4B85-8A53-2CDABB8171A2}", "القطاع": "القطاع الثاني", "Fault_statement": null}, "geometry": {"type": "MultiLineString", "coordinates": [[[31.57158611266458, 30.272498927266167], [31.5714581737215, 30.27283680204595]]]}}, {"type": "Feature", "properties": {"line_degree": 2.0, "manufacturing_material": 1.0, "diameter": "200 مم", "execution_position": 1.0, "shape_Length": 39.51477888396123, "Depth": 2.280000000000001, "GL": 171.52, "IL": 169.24, "الشركةالمنفذة": "عوض خليفة", "GlobalID": "{B0E8E314-42CD-4842-AA82-10CCB7D94440}", "القطاع": "القطاع الثاني", "Fault_statement": null}, "geometry": {"type": "MultiLineString", "coordinates": [[[31.570975580095755, 30.273623419977273], [31.570741370468802, 30.27391620171354]]]}}, {"type": "Feature", "properties": {"line_degree": 2.0, "manufacturing_material": 1.0, "diameter": "200 مم", "execution_position": 1.0, "shape_Length": 39.539588927010996, "Depth": 1.704999999999984, "GL": 169.82, "IL": 168.115, "الشركةالمنفذة": "عوض خليفة", "GlobalID": "{BFADE436-6727-4B90-9AF7-70172984AC3C}", "القطاع": "القطاع الثاني", "Fault_statement": null}, "geometry": {"type": "MultiLineString", "coordinates": [[[31.555510385665723, 30.26679623057857], [31.555124809805413, 30.266672989314934]]]}}, {"type": "Feature", "properties": {"line_degree": 1.0, "manufacturing_material": 1.0, "diameter": "200 مم", "execution_position": 1.0, "shape_Length": 39.372953814620274, "Depth": 1.8700000000000045, "GL": 173.46, "IL": 171.59, "الشركةالمنفذة": "التوحيد", "GlobalID": "{C2423328-8161-45DE-ABD0-224EDD999DD8}", "القطاع": "القطاع الثالث", "Fault_statement": null}, "geometry": {"type": "MultiLineString", "coordinates": [[[31.560358344195688, 30.275826647136103], [31.560056422923925, 30.275586928917]]]}}, {"type": "Feature", "properties": {"line_degree": 2.0, "manufacturing_material": 1.0, "diameter": "200 مم", "execution_position": 1.0, "shape_Length": 39.42776391316897, "Depth": 3.1299999999999955, "GL": 167.92000000000002, "IL": 164.79000000000002, "الشركةالمنفذة": "التوحيد", "GlobalID": "{35BA3637-AA07-4496-A4EE-23B797555D41}", "القطاع": "القطاع الثالث", "Fault_statement": null}, "geometry": {"type": "MultiLineString", "coordinates": [[[31.554090739500808, 30.273435082617567], [31.553744835501835, 30.273625732970782]]]}}, {"type": "Feature", "properties": {"line_degree": 2.0, "manufacturing_material": 1.0, "diameter": "200 مم", "execution_position": 1.0, "shape_Length": 39.72056413387295, "Depth": 2.055000000000007, "GL": 170.305, "IL": 168.25, "الشركةالمنفذة": "التوحيد", "GlobalID": "{58B8A8F4-F077-4B00-B3C9-AB000CF2EAE6}", "القطاع": "القطاع الثالث", "Fault_statement": null}, "geometry": {"type": "MultiLineString", "coordinates": [[[31.564298749665408, 30.278910348110003], [31.564652446580315, 30.278725589965557]]]}}, {"type": "Feature", "properties": {"line_degree": 2.0, "manufacturing_material": 1.0, "diameter": "200 مم", "execution_position": 1.0, "shape_Length": 39.90383129556527, "Depth": 1.9849999999999852, "GL": 173.7, "IL": 171.715, "الشركةالمنفذة": "عوض خليفة", "GlobalID": "{297D0EB3-9183-4226-8B89-42685D70CB60}", "القطاع": "القطاع الثاني", "Fault_statement": null}, "geometry": {"type": "MultiLineString", "coordinates": [[[31.571321880812512, 30.271346260750345], [31.571736011154425, 30.271327589564045]]]}}, {"type": "Feature", "properties": {"line_degree": 2.0, "manufacturing_material": 1.0, "diameter": "200 مم", "execution_position": 1.0, "shape_Length": 39.99894768546795, "Depth": 1.75, "GL": 165.925, "IL": 164.175, "الشركةالمنفذة": "التوحيد", "GlobalID": "{C4C1EE29-27DF-4BB9-9609-C68F395D6C99}", "القطاع": "القطاع الثالث", "Fault_statement": null}, "geometry": {"type": "MultiLineString", "coordinates": [[[31.55364335128563, 30.27192415329556], [31.553227811374633, 30.271933538115615]]]}}, {"type": "Feature", "properties": {"line_degree": 1.0, "manufacturing_material": 1.0, "diameter": "200 مم", "execution_position": 1.0, "shape_Length": 39.99998739961577, "Depth": 1.759999999999991, "GL": 162.04, "IL": 160.28, "الشركةالمنفذة": "عوض خليفة", "GlobalID": "{00CF4BA5-A32A-4D24-9BD2-6317B6CDEB71}", "القطاع": "القطاع الثاني", "Fault_statement": null}, "geometry": {"type": "MultiLineString", "coordinates": [[[31.551159440367776, 30.264906993925155], [31.551041615875207, 30.265253008543645]]]}}, {"type": "Feature", "properties": {"line_degree": 1.0, "manufacturing_material": 1.0, "diameter": "200 مم", "execution_position": 1.0, "shape_Length": 40.00019865800135, "Depth": 1.7849999999999682, "GL": 161.51999999999998, "IL": 159.735, "الشركةالمنفذة": "عوض خليفة", "GlobalID": "{1AD4E6E9-197A-4ED3-9115-6E90D1E920AE}", "القطاع": "القطاع الثاني", "Fault_statement": null}, "geometry": {"type": "MultiLineString", "coordinates": [[[31.55091782317747, 30.265597449687164], [31.550791325729193, 30.265941151558543]]]}}, {"type": "Feature", "properties": {"line_degree": 2.0, "manufacturing_material": 1.0, "diameter": "200 مم", "execution_position": 1.0, "shape_Length": 40.01581380821417, "Depth": 1.5299999999999727, "GL": 163.32, "IL": 161.79000000000002, "الشركةالمنفذة": "عوض خليفة", "GlobalID": "{B2867EEF-340C-4673-813F-145384D7F68E}", "القطاع": "القطاع الثاني", "Fault_statement": null}, "geometry": {"type": "MultiLineString", "coordinates": [[[31.568590075235786, 30.268125488063205], [31.568870030915438, 30.267858586052654]]]}}, {"type": "Feature", "properties": {"line_degree": 1.0, "manufacturing_material": 1.0, "diameter": "200 مم", "execution_position": 1.0, "shape_Length": 30.23802793891405, "Depth": 1.8199999999999932, "GL": 178.55, "IL": 176.73000000000002, "الشركةالمنفذة": "التوحيد", "GlobalID": "{07DE5A65-D3E5-43E1-8423-E5A0428CE9CC}", "القطاع": "القطاع الثالث", "Fault_statement": null}, "geometry": {"type": "MultiLineString", "coordinates": [[[31.55952802093677, 30.278605821561673], [31.559296966332877, 30.278420941247607]]]}}, {"type": "Feature", "properties": {"line_degree": 1.0, "manufacturing_material": 1.0, "diameter": "200 مم", "execution_position": 1.0, "shape_Length": 40.00001269319518, "Depth": 1.625, "GL": 164.64, "IL": 163.015, "الشركةالمنفذة": "عوض خليفة", "GlobalID": "{1616CCFA-EDE7-4127-B271-F720399B15B6}", "القطاع": "القطاع الثاني", "Fault_statement": null}, "geometry": {"type": "MultiLineString", "coordinates": [[[31.551771144830365, 30.262808879549596], [31.551681077881565, 30.263161121239126]]]}}, {"type": "Feature", "properties": {"line_degree": 1.0, "manufacturing_material": 1.0, "diameter": "200 مم", "execution_position": 1.0, "shape_Length": 40.00011268375287, "Depth": 1.5150000000000148, "GL": 175.735, "IL": 174.22, "الشركةالمنفذة": "عوض خليفة", "GlobalID": "{F78371E6-0FAD-4F66-9EF0-5BC2E3F0B0AA}", "القطاع": "القطاع الثاني", "Fault_statement": null}, "geometry": {"type": "MultiLineString", "coordinates": [[[31.573076621921427, 30.27132511544706], [31.57280441439168, 30.271052422696684]]]}}, {"type": "Feature", "properties": {"line_degree": 1.0, "manufacturing_material": 1.0, "diameter": "200 مم", "execution_position": 1.0, "shape_Length": 40.000170668641495, "Depth": 2.0999999999999943, "GL": 164.97, "IL": 162.87, "الشركةالمنفذة": "عوض خليفة", "GlobalID": "{B1672E4D-E09E-4DB7-84B7-BB18795691C1}", "القطاع": "القطاع الثاني", "Fault_statement": null}, "geometry": {"type": "MultiLineString", "coordinates": [[[31.555938812907733, 30.26415474944878], [31.556033174418232, 30.2638033545644]]]}}, {"type": "Feature", "properties": {"line_degree": 2.0, "manufacturing_material": 1.0, "diameter": "200 مم", "execution_position": 1.0, "shape_Length": 27.7527426034473, "Depth": 1.5150000000000148, "GL": 171.02, "IL": 169.505, "الشركةالمنفذة": "التوحيد", "GlobalID": "{6241956B-0490-4256-A0C9-2EDD1CC2E7FF}", "القطاع": "القطاع الثالث", "Fault_statement": null}, "geometry": {"type": "MultiLineString", "coordinates": [[[31.563625831030095, 30.278530314204605], [31.563750599560677, 30.278756019234525]]]}}, {"type": "Feature", "properties": {"line_degree": 1.0, "manufacturing_material": 1.0, "diameter": "200 مم", "execution_position": 1.0, "shape_Length": 39.99997391219105, "Depth": 1.455000000000041, "GL": 168.78500000000003, "IL": 167.32999999999998, "الشركةالمنفذة": "عوض خليفة", "GlobalID": "{F9E95046-FE9B-4403-B80D-5CD1B6A8047D}", "القطاع": "القطاع الثاني", "Fault_statement": null}, "geometry": {"type": "MultiLineString", "coordinates": [[[31.568917276236842, 30.272609044443435], [31.56861256609549, 30.272854473325904]]]}}, {"type": "Feature", "properties": {"line_degree": 1.0, "manufacturing_material": 1.0, "diameter": "200 مم", "execution_position": 1.0, "shape_Length": 39.999875677445246, "Depth": 1.5, "GL": 175.73000000000002, "IL": 174.23000000000002, "الشركةالمنفذة": "التوحيد", "GlobalID": "{F0628C1A-93A3-42BB-A461-5180759405BA}", "القطاع": "القطاع الثالث", "Fault_statement": null}, "geometry": {"type": "MultiLineString", "coordinates": [[[31.561864262721674, 30.28043808152747], [31.562172097664543, 30.280680577044116]]]}}, {"type": "Feature", "properties": {"line_degree": 1.0, "manufacturing_material": 1.0, "diameter": "200 مم", "execution_position": 1.0, "shape_Length": 46.59991848499047, "Depth": 2.0600000000000307, "GL": 167.46, "IL": 165.39999999999998, "الشركةالمنفذة": "عوض خليفة", "GlobalID": "{FCE58B11-DE95-444F-96D7-5CD5E1AD376F}", "القطاع": "القطاع الثاني", "Fault_statement": null}, "geometry": {"type": "MultiLineString", "coordinates": [[[31.555495614595323, 30.265607413787063], [31.555622696941544, 30.26520179944708]]]}}, {"type": "Feature", "properties": {"line_degree": 1.0, "manufacturing_material": 1.0, "diameter": "200 مم", "execution_position": 1.0, "shape_Length": 40.00002104215206, "Depth": 1.5949999999999704, "GL": 174.07999999999998, "IL": 172.485, "الشركةالمنفذة": "التوحيد", "GlobalID": "{A9121435-05F1-49A6-874F-5CD3B847F796}", "القطاع": "القطاع الثالث", "Fault_statement": null}, "geometry": {"type": "MultiLineString", "coordinates": [[[31.562770915967747, 30.280665374336447], [31.56306269214332, 30.280408356557338]]]}}, {"type": "Feature", "properties": {"line_degree": 1.0, "manufacturing_material": 1.0, "diameter": "200 مم", "execution_position": 1.0, "shape_Length": 40.0000520784335, "Depth": 1.5049999999999955, "GL": 177.005, "IL": 175.5, "الشركةالمنفذة": "عوض خليفة", "GlobalID": "{BE84F30E-5ED9-4366-8C2A-A2A9FA3234CC}", "القطاع": "القطاع الثاني", "Fault_statement": null}, "geometry": {"type": "MultiLineString", "coordinates": [[[31.573621467639263, 30.271870149105577], [31.573346678668496, 30.271599413626824]]]}}, {"type": "Feature", "properties": {"line_degree": 1.0, "manufacturing_material": 1.0, "diameter": "200 مم", "execution_position": 1.0, "shape_Length": 40.00011339407345, "Depth": 1.8449999999999989, "GL": 167.35, "IL": 165.505, "الشركةالمنفذة": "عوض خليفة", "GlobalID": "{D223B697-A7CD-4825-A19B-F71CEF2FE6FE}", "القطاع": "القطاع الثاني", "Fault_statement": null}, "geometry": {"type": "MultiLineString", "coordinates": [[[31.55268217695891, 30.262544448562835], [31.552269666473343, 30.262500163574707]]]}}, {"type": "Feature", "properties": {"line_degree": 1.0, "manufacturing_material": 1.0, "diameter": "200 مم", "execution_position": 1.0, "shape_Length": 40.00009592879809, "Depth": 1.6299999999999955, "GL": 175.805, "IL": 174.175, "الشركةالمنفذة": "عوض خليفة", "GlobalID": "{4E70278F-E214-404A-844E-58F08B88A6B6}", "القطاع": "القطاع الثاني", "Fault_statement": null}, "geometry": {"type": "MultiLineString", "coordinates": [[[31.572520435289203, 30.27324489499125], [31.572170945544812, 30.273440258512732]]]}}, {"type": "Feature", "properties": {"line_degree": 1.0, "manufacturing_material": 1.0, "diameter": "200 مم", "execution_position": 1.0, "shape_Length": 39.99999685042641, "Depth": 1.704999999999984, "GL": 177.175, "IL": 175.47000000000003, "الشركةالمنفذة": "عوض خليفة", "GlobalID": "{9D638642-EEAE-4345-8C6D-1E4E001F31E3}", "القطاع": "القطاع الثاني", "Fault_statement": null}, "geometry": {"type": "MultiLineString", "coordinates": [[[31.57287065897087, 30.273050526800304], [31.572520435289203, 30.27324489499125]]]}}, {"type": "Feature", "properties": {"line_degree": 1.0, "manufacturing_material": 1.0, "diameter": "200 مم", "execution_position": 1.0, "shape_Length": 39.999921731274476, "Depth": 1.5599999999999739, "GL": 168.72, "IL": 167.16000000000003, "الشركةالمنفذة": "عوض خليفة", "GlobalID": "{7A18BE3B-0AD0-4D59-B225-29721F865E95}", "القطاع": "القطاع الثاني", "Fault_statement": null}, "geometry": {"type": "MultiLineString", "coordinates": [[[31.55419052499958, 30.262704573485287], [31.55460292301639, 30.26274963225013]]]}}, {"type": "Feature", "properties": {"line_degree": 1.0, "manufacturing_material": 1.0, "diameter": "200 مم", "execution_position": 1.0, "shape_Length": 40.00003690425447, "Depth": 2.109999999999985, "GL": 166.22, "IL": 164.11, "الشركةالمنفذة": "عوض خليفة", "GlobalID": "{2D89461D-F1A1-40F4-9A21-CF0DAE8BD57F}", "القطاع": "القطاع الثاني", "Fault_statement": null}, "geometry": {"type": "MultiLineString", "coordinates": [[[31.555732346850814, 30.26485376602373], [31.55583558023026, 30.264504256879654]]]}}, {"type": "Feature", "properties": {"line_degree": 2.0, "manufacturing_material": 1.0, "diameter": "200 مم", "execution_position": 1.0, "shape_Length": 39.99984716122816, "Depth": 2.1450000000000387, "GL": 172.79500000000002, "IL": 170.64999999999998, "الشركةالمنفذة": "عوض خليفة", "GlobalID": "{2BDFCEA5-47C2-476D-91B1-B1D19DBBDF2C}", "القطاع": "القطاع الثاني", "Fault_statement": null}, "geometry": {"type": "MultiLineString", "coordinates": [[[31.5714581737215, 30.27283680204595], [31.571294205992025, 30.273168358785366]]]}}, {"type": "Feature", "properties": {"line_degree": 2.0, "manufacturing_material": 1.0, "diameter": "200 مم", "execution_position": 1.0, "shape_Length": 39.99980584133715, "Depth": 1.6050000000000182, "GL": 172.79500000000002, "IL": 171.19, "الشركةالمنفذة": "عوض خليفة", "GlobalID": "{79C2D3EE-BEA5-4C79-ABBE-8D9443691288}", "القطاع": "القطاع الثاني", "Fault_statement": null}, "geometry": {"type": "MultiLineString", "coordinates": [[[31.571695718622646, 30.270968475959556], [31.57161313054412, 30.270614857907525]]]}}, {"type": "Feature", "properties": {"line_degree": 1.0, "manufacturing_material": 1.0, "diameter": "200 مم", "execution_position": 1.0, "shape_Length": 40.0000963064523, "Depth": 1.7649999999999864, "GL": 162.565, "IL": 160.8, "الشركةالمنفذة": "عوض خليفة", "GlobalID": "{6F474AFA-9F13-4D5C-B628-10D105BEF218}", "القطاع": "القطاع الثاني", "Fault_statement": null}, "geometry": {"type": "MultiLineString", "coordinates": [[[31.55138111228687, 30.264211607944514], [31.551277266140556, 30.264560980987973]]]}}, {"type": "Feature", "properties": {"line_degree": 1.0, "manufacturing_material": 1.0, "diameter": "200 مم", "execution_position": 1.0, "shape_Length": 39.99998514002105, "Depth": 1.599999999999966, "GL": 173.825, "IL": 172.22500000000002, "الشركةالمنفذة": "عوض خليفة", "GlobalID": "{EF2B80C3-E5CF-4FE4-B95F-C89BA535033E}", "القطاع": "القطاع الثاني", "Fault_statement": null}, "geometry": {"type": "MultiLineString", "coordinates": [[[31.572261583246988, 30.270505919001206], [31.571991505619895, 30.27023163842286]]]}}, {"type": "Feature", "properties": {"line_degree": 1.0, "manufacturing_material": 1.0, "diameter": "200 مم", "execution_position": 1.0, "shape_Length": 40.00001269158498, "Depth": 1.5500000000000114, "GL": 163.805, "IL": 162.255, "الشركةالمنفذة": "عوض خليفة", "GlobalID": "{A2394D41-C526-4F69-941D-C12B359363B7}", "القطاع": "القطاع الثاني", "Fault_statement": null}, "geometry": {"type": "MultiLineString", "coordinates": [[[31.551681077881565, 30.263161121239126], [31.55159101030944, 30.26351336285578]]]}}, {"type": "Feature", "properties": {"line_degree": 1.0, "manufacturing_material": 1.0, "diameter": "200 مم", "execution_position": 1.0, "shape_Length": 39.999978222358095, "Depth": 2.1299999999999955, "GL": 164.07, "IL": 161.94, "الشركةالمنفذة": "عوض خليفة", "GlobalID": "{101F2BD2-6C2E-46CA-95CF-D924108A744B}", "القطاع": "القطاع الثاني", "Fault_statement": null}, "geometry": {"type": "MultiLineString", "coordinates": [[[31.55584038731565, 30.262882955805352], [31.556252922757192, 30.262927065238376]]]}}, {"type": "Feature", "properties": {"line_degree": 2.0, "manufacturing_material": 1.0, "diameter": "200 مم", "execution_position": 1.0, "shape_Length": 40.00023793941172, "Depth": 1.5200000000000102, "GL": 171.92000000000002, "IL": 170.4, "الشركةالمنفذة": "عوض خليفة", "GlobalID": "{BCED8A5C-F553-4E35-B66B-AB6D1488F144}", "القطاع": "القطاع الثاني", "Fault_statement": null}, "geometry": {"type": "MultiLineString", "coordinates": [[[31.570770564354767, 30.270367037876195], [31.57115451663792, 30.270228768059624]]]}}, {"type": "Feature", "properties": {"line_degree": 1.0, "manufacturing_material": 1.0, "diameter": "200 مم", "execution_position": 1.0, "shape_Length": 39.99998848380781, "Depth": 1.7300000000000182, "GL": 174.43, "IL": 172.7, "الشركةالمنفذة": "عوض خليفة", "GlobalID": "{D6C20224-FF1E-4FB6-8D5F-640F1B699382}", "القطاع": "القطاع الثاني", "Fault_statement": null}, "geometry": {"type": "MultiLineString", "coordinates": [[[31.572170945544812, 30.273440258512732], [31.571821454396314, 30.273635619309257]]]}}, {"type": "Feature", "properties": {"line_degree": 2.0, "manufacturing_material": 1.0, "diameter": "200 مم", "execution_position": 1.0, "shape_Length": 39.999963997544235, "Depth": 1.7349999999999852, "GL": 170.63, "IL": 168.895, "الشركةالمنفذة": "التوحيد", "GlobalID": "{1ACBF3C9-3A18-46B8-8CAD-F31E4696554A}", "القطاع": "القطاع الثالث", "Fault_statement": null}, "geometry": {"type": "MultiLineString", "coordinates": [[[31.554991618638073, 30.26902177640611], [31.554607367252352, 30.268884149526244]]]}}, {"type": "Feature", "properties": {"line_degree": 1.0, "manufacturing_material": 1.0, "diameter": "200 مم", "execution_position": 1.0, "shape_Length": 40.00007019133732, "Depth": 1.545000000000016, "GL": 171.66000000000003, "IL": 170.115, "الشركةالمنفذة": "التوحيد", "GlobalID": "{55908035-22A4-4FDD-8A87-14C6B46EBE75}", "القطاع": "القطاع الثالث", "Fault_statement": null}, "geometry": {"type": "MultiLineString", "coordinates": [[[31.563935951992356, 30.27963554563934], [31.56422683642713, 30.27937776959129]]]}}, {"type": "Feature", "properties": {"line_degree": 1.0, "manufacturing_material": 1.0, "diameter": "200 مم", "execution_position": 1.0, "shape_Length": 39.999843417595706, "Depth": 2.1049999999999898, "GL": 165.595, "IL": 163.49, "الشركةالمنفذة": "عوض خليفة", "GlobalID": "{2D9474F7-E923-42FE-BA4F-4696B4F573ED}", "القطاع": "القطاع الثاني", "Fault_statement": null}, "geometry": {"type": "MultiLineString", "coordinates": [[[31.55583558023026, 30.264504256879654], [31.555938812907733, 30.26415474944878]]]}}, {"type": "Feature", "properties": {"line_degree": 1.0, "manufacturing_material": 1.0, "diameter": "200 مم", "execution_position": 1.0, "shape_Length": 39.99988421885463, "Depth": 1.6800000000000068, "GL": 173.12, "IL": 171.44, "الشركةالمنفذة": "عوض خليفة", "GlobalID": "{263F463A-11BD-4016-967A-341DB19BC518}", "القطاع": "القطاع الثاني", "Fault_statement": null}, "geometry": {"type": "MultiLineString", "coordinates": [[[31.571821454396314, 30.273635619309257], [31.571471100831914, 30.27382981208528]]]}}, {"type": "Feature", "properties": {"line_degree": 1.0, "manufacturing_material": 1.0, "diameter": "200 مم", "execution_position": 1.0, "shape_Length": 40.00015118247155, "Depth": 1.670000000000016, "GL": 164.99, "IL": 163.32, "الشركةالمنفذة": "عوض خليفة", "GlobalID": "{63EEE29C-0397-4A4A-AB58-E34EDA8F950B}", "القطاع": "القطاع الثاني", "Fault_statement": null}, "geometry": {"type": "MultiLineString", "coordinates": [[[31.55542785015355, 30.262838846880776], [31.55584038731565, 30.262882955805352]]]}}, {"type": "Feature", "properties": {"line_degree": 1.0, "manufacturing_material": 1.0, "diameter": "200 مم", "execution_position": 1.0, "shape_Length": 39.999993436861345, "Depth": 1.5949999999999704, "GL": 166.195, "IL": 164.60000000000002, "الشركةالمنفذة": "عوض خليفة", "GlobalID": "{686BFBDB-7DF3-4586-AFB1-4F9649E533EA}", "القطاع": "القطاع الثاني", "Fault_statement": null}, "geometry": {"type": "MultiLineString", "coordinates": [[[31.55501532139879, 30.262794691515378], [31.55542785015355, 30.262838846880776]]]}}, {"type": "Feature", "properties": {"line_degree": 2.0, "manufacturing_material": 1.0, "diameter": "200 مم", "execution_position": 1.0, "shape_Length": 39.99998120162225, "Depth": 1.8599999999999852, "GL": 173.445, "IL": 171.585, "الشركةالمنفذة": "عوض خليفة", "GlobalID": "{A3FC52F3-DD67-43CA-8660-AA4FBDA17B16}", "القطاع": "القطاع الثاني", "Fault_statement": null}, "geometry": {"type": "MultiLineString", "coordinates": [[[31.571736011154425, 30.271327589564045], [31.571695718622646, 30.270968475959556]]]}}, {"type": "Feature", "properties": {"line_degree": 1.0, "manufacturing_material": 1.0, "diameter": "200 مم", "execution_position": 1.0, "shape_Length": 40.000053318204806, "Depth": 1.5300000000000011, "GL": 172.09, "IL": 170.56, "الشركةالمنفذة": "عوض خليفة", "GlobalID": "{F38A3E59-EACF-4FFA-9BC1-8E6E6661519A}", "القطاع": "القطاع الثاني", "Fault_statement": null}, "geometry": {"type": "MultiLineString", "coordinates": [[[31.571471100831914, 30.27382981208528], [31.571120743800105, 30.274024003944806]]]}}, {"type": "Feature", "properties": {"line_degree": 1.0, "manufacturing_material": 1.0, "diameter": "200 مم", "execution_position": 1.0, "shape_Length": 39.99994767493781, "Depth": 1.6100000000000136, "GL": 167.49, "IL": 165.88, "الشركةالمنفذة": "عوض خليفة", "GlobalID": "{515402A9-91C3-41B1-943F-5AD98E20772B}", "القطاع": "القطاع الثاني", "Fault_statement": null}, "geometry": {"type": "MultiLineString", "coordinates": [[[31.55460292301639, 30.26274963225013], [31.55501532139879, 30.262794691515378]]]}}, {"type": "Feature", "properties": {"line_degree": 1.0, "manufacturing_material": 1.0, "diameter": "200 مم", "execution_position": 1.0, "shape_Length": 39.999892803850564, "Depth": 1.3700000000000045, "GL": 167.635, "IL": 166.265, "الشركةالمنفذة": "عوض خليفة", "GlobalID": "{9A052DB6-DBD1-4E85-B24F-7B08B9779C77}", "القطاع": "القطاع الثاني", "Fault_statement": null}, "geometry": {"type": "MultiLineString", "coordinates": [[[31.56861256609549, 30.272854473325904], [31.568305929700813, 30.27309808772294]]]}}, {"type": "Feature", "properties": {"line_degree": 1.0, "manufacturing_material": 1.0, "diameter": "200 مم", "execution_position": 1.0, "shape_Length": 39.99998358304976, "Depth": 1.6200000000000045, "GL": 173.13, "IL": 171.51, "الشركةالمنفذة": "عوض خليفة", "GlobalID": "{37CCFA2D-E481-4540-AF46-7AB9DC9D2FA2}", "القطاع": "القطاع الثاني", "Fault_statement": null}, "geometry": {"type": "MultiLineString", "coordinates": [[[31.571991505619895, 30.27023163842286], [31.571719980839426, 30.269958437003634]]]}}, {"type": "Feature", "properties": {"line_degree": 1.0, "manufacturing_material": 1.0, "diameter": "200 مم", "execution_position": 1.0, "shape_Length": 40.00002310813998, "Depth": 1.5999999999999943, "GL": 175.145, "IL": 173.54500000000002, "الشركةالمنفذة": "التوحيد", "GlobalID": "{E98C76A1-45E7-4CC1-B851-F2B3969AD7C3}", "القطاع": "القطاع الثالث", "Fault_statement": null}, "geometry": {"type": "MultiLineString", "coordinates": [[[31.562172097664543, 30.280680577044116], [31.562479936197875, 30.280923071799933]]]}}, {"type": "Feature", "properties": {"line_degree": 1.0, "manufacturing_material": 1.0, "diameter": "200 مم", "execution_position": 1.0, "shape_Length": 40.0000454028919, "Depth": 1.759999999999991, "GL": 162.82, "IL": 161.06, "الشركةالمنفذة": "عوض خليفة", "GlobalID": "{2C4BBF3D-43AB-4124-B089-2E23C2002D27}", "القطاع": "القطاع الثاني", "Fault_statement": null}, "geometry": {"type": "MultiLineString", "coordinates": [[[31.551484955638557, 30.263862234817964], [31.55138111228687, 30.264211607944514]]]}}, {"type": "Feature", "properties": {"line_degree": 1.0, "manufacturing_material": 1.0, "diameter": "200 مم", "execution_position": 1.0, "shape_Length": 40.000012169037106, "Depth": 2.1100000000000136, "GL": 166.84, "IL": 164.73, "الشركةالمنفذة": "عوض خليفة", "GlobalID": "{7253EA98-BA1A-40A0-A1AA-C5EBBB8A11F5}", "القطاع": "القطاع الثاني", "Fault_statement": null}, "geometry": {"type": "MultiLineString", "coordinates": [[[31.555622696941544, 30.26520179944708], [31.555732346850814, 30.26485376602373]]]}}, {"type": "Feature", "properties": {"line_degree": 1.0, "manufacturing_material": 1.0, "diameter": "200 مم", "execution_position": 1.0, "shape_Length": 40.000138904449656, "Depth": 1.8199999999999932, "GL": 169.63, "IL": 167.81, "الشركةالمنفذة": "عوض خليفة", "GlobalID": "{2D43EC3E-CA22-4260-934C-903645E37713}", "القطاع": "القطاع الثاني", "Fault_statement": null}, "geometry": {"type": "MultiLineString", "coordinates": [[[31.553507196909294, 30.262633016439153], [31.55309468571538, 30.262588732255477]]]}}, {"type": "Feature", "properties": {"line_degree": 1.0, "manufacturing_material": 1.0, "diameter": "200 مم", "execution_position": 1.0, "shape_Length": 40.0000231088265, "Depth": 1.5, "GL": 176.59, "IL": 175.09, "الشركةالمنفذة": "التوحيد", "GlobalID": "{551EA6A1-2D9E-43D8-8E4D-AAF1C4152321}", "القطاع": "القطاع الثالث", "Fault_statement": null}, "geometry": {"type": "MultiLineString", "coordinates": [[[31.561556427212, 30.280195585267844], [31.561864262721674, 30.28043808152747]]]}}, {"type": "Feature", "properties": {"line_degree": 1.0, "manufacturing_material": 1.0, "diameter": "200 مم", "execution_position": 1.0, "shape_Length": 40.00011176200099, "Depth": 1.5, "GL": 177.45, "IL": 175.95, "الشركةالمنفذة": "التوحيد", "GlobalID": "{EF8826C5-EFA2-4840-8EF6-E4F9558BDED9}", "القطاع": "القطاع الثالث", "Fault_statement": null}, "geometry": {"type": "MultiLineString", "coordinates": [[[31.561248692443613, 30.279952992215076], [31.561556427212, 30.280195585267844]]]}}, {"type": "Feature", "properties": {"line_degree": 1.0, "manufacturing_material": 1.0, "diameter": "200 مم", "execution_position": 1.0, "shape_Length": 40.000021741150505, "Depth": 1.5900000000000034, "GL": 173.475, "IL": 171.885, "الشركةالمنفذة": "التوحيد", "GlobalID": "{5E5B7EF1-A70F-481D-ADB0-8E86DE89F681}", "القطاع": "القطاع الثالث", "Fault_statement": null}, "geometry": {"type": "MultiLineString", "coordinates": [[[31.56306269214332, 30.280408356557338], [31.563354464709416, 30.28015133634195]]]}}, {"type": "Feature", "properties": {"line_degree": 1.0, "manufacturing_material": 1.0, "diameter": "200 مم", "execution_position": 1.0, "shape_Length": 39.99997997678987, "Depth": 2.0399999999999636, "GL": 170.33499999999998, "IL": 168.29500000000002, "الشركةالمنفذة": "التوحيد", "GlobalID": "{B937A738-7502-4193-9331-8FF6B57C58F1}", "القطاع": "القطاع الثالث", "Fault_statement": null}, "geometry": {"type": "MultiLineString", "coordinates": [[[31.56480859657897, 30.27886221560159], [31.56509940753016, 30.278604380208392]]]}}, {"type": "Feature", "properties": {"line_degree": 1.0, "manufacturing_material": 1.0, "diameter": "200 مم", "execution_position": 1.0, "shape_Length": 39.999929545400036, "Depth": 1.5649999999999977, "GL": 170.66, "IL": 169.095, "الشركةالمنفذة": "التوحيد", "GlobalID": "{F1B581AF-F997-43F8-ABD4-AA5FF0E5627D}", "القطاع": "القطاع الثالث", "Fault_statement": null}, "geometry": {"type": "MultiLineString", "coordinates": [[[31.564517717263133, 30.279119992915003], [31.56480859657897, 30.27886221560159]]]}}, {"type": "Feature", "properties": {"line_degree": 1.0, "manufacturing_material": 1.0, "diameter": "200 مم", "execution_position": 1.0, "shape_Length": 39.999871560075036, "Depth": 1.5949999999999989, "GL": 172.87, "IL": 171.275, "الشركةالمنفذة": "التوحيد", "GlobalID": "{B7B12D65-F03C-4F43-B065-3DCBEB32A1F2}", "القطاع": "القطاع الثالث", "Fault_statement": null}, "geometry": {"type": "MultiLineString", "coordinates": [[[31.563354464709416, 30.28015133634195], [31.563645068126227, 30.27989332284533]]]}}, {"type": "Feature", "properties": {"line_degree": 1.0, "manufacturing_material": 1.0, "diameter": "200 مم", "execution_position": 1.0, "shape_Length": 39.99998551745864, "Depth": 1.509999999999991, "GL": 176.37, "IL": 174.86, "الشركةالمنفذة": "عوض خليفة", "GlobalID": "{ACDED205-09E0-45D4-952A-5B96E0860E27}", "القطاع": "القطاع الثاني", "Fault_statement": null}, "geometry": {"type": "MultiLineString", "coordinates": [[[31.573346678668496, 30.271599413626824], [31.573076621921427, 30.27132511544706]]]}}, {"type": "Feature", "properties": {"line_degree": 1.0, "manufacturing_material": 1.0, "diameter": "200 مم", "execution_position": 1.0, "shape_Length": 39.99991502800178, "Depth": 1.5299999999999727, "GL": 166.08499999999998, "IL": 164.555, "الشركةالمنفذة": "عوض خليفة", "GlobalID": "{C5229177-F013-4007-8C81-C2DF5B918F5A}", "القطاع": "القطاع الثاني", "Fault_statement": null}, "geometry": {"type": "MultiLineString", "coordinates": [[[31.552269666473343, 30.262500163574707], [31.552024378582317, 30.26247382978142], [31.551857158415164, 30.26245587727362]]]}}, {"type": "Feature", "properties": {"line_degree": 2.0, "manufacturing_material": 1.0, "diameter": "200 مم", "execution_position": 1.0, "shape_Length": 39.999999239699115, "Depth": 1.920000000000016, "GL": 177.60500000000002, "IL": 175.685, "الشركةالمنفذة": "التوحيد", "GlobalID": "{3E4335ED-093D-454C-90F7-C92AC6D2B36E}", "القطاع": "القطاع الثالث", "Fault_statement": null}, "geometry": {"type": "MultiLineString", "coordinates": [[[31.558459514182925, 30.277103585146072], [31.55818059919219, 30.277371135275764]]]}}, {"type": "Feature", "properties": {"line_degree": 2.0, "manufacturing_material": 1.0, "diameter": "200 مم", "execution_position": 1.0, "shape_Length": 27.358748819432105, "Depth": 1.5950000000000273, "GL": 172.235, "IL": 170.64, "الشركةالمنفذة": "عوض خليفة", "GlobalID": "{94D8B54F-0E9B-424C-9EBD-34D32BD4419E}", "القطاع": "القطاع الثاني", "Fault_statement": null}, "geometry": {"type": "MultiLineString", "coordinates": [[[31.57161313054412, 30.270614857907525], [31.571527218428955, 30.270379609578587]]]}}, {"type": "Feature", "properties": {"line_degree": 2.0, "manufacturing_material": 1.0, "diameter": "200 مم", "execution_position": 1.0, "shape_Length": 39.99989499400325, "Depth": 1.740000000000009, "GL": 174.63, "IL": 172.89, "الشركةالمنفذة": "التوحيد", "GlobalID": "{648B9DAA-C861-4839-ABD6-A0A67D54B43D}", "القطاع": "القطاع الثالث", "Fault_statement": null}, "geometry": {"type": "MultiLineString", "coordinates": [[[31.561516672270916, 30.27934460587659], [31.561927198124195, 30.279401471046228]]]}}, {"type": "Feature", "properties": {"line_degree": 1.0, "manufacturing_material": 1.0, "diameter": "200 مم", "execution_position": 1.0, "shape_Length": 40.000012468055004, "Depth": 1.5749999999999886, "GL": 179.065, "IL": 177.49, "الشركةالمنفذة": "عوض خليفة", "GlobalID": "{80927E74-6056-4046-A6B5-B6D119FE65A9}", "القطاع": "القطاع الثاني", "Fault_statement": null}, "geometry": {"type": "MultiLineString", "coordinates": [[[31.57356886271684, 30.272658766574484], [31.573219760502475, 30.272854647151316]]]}}, {"type": "Feature", "properties": {"line_degree": 2.0, "manufacturing_material": 1.0, "diameter": "200 مم", "execution_position": 1.0, "shape_Length": 40.000075813210394, "Depth": 1.704999999999984, "GL": 171.32, "IL": 169.615, "الشركةالمنفذة": "عوض خليفة", "GlobalID": "{BA12032D-2E02-4C70-B514-D151D0770561}", "القطاع": "القطاع الثاني", "Fault_statement": null}, "geometry": {"type": "MultiLineString", "coordinates": [[[31.555526347507975, 30.26784811528897], [31.555139643913574, 30.26771577185257]]]}}, {"type": "Feature", "properties": {"line_degree": 1.0, "manufacturing_material": 1.0, "diameter": "200 مم", "execution_position": 1.0, "shape_Length": 40.00002030383005, "Depth": 2.039999999999992, "GL": 171.095, "IL": 169.055, "الشركةالمنفذة": "عوض خليفة", "GlobalID": "{9D871338-168E-4913-A08B-E4F6B3779355}", "القطاع": "القطاع الثاني", "Fault_statement": null}, "geometry": {"type": "MultiLineString", "coordinates": [[[31.571445020638535, 30.26968501363079], [31.57117247657682, 30.269412578598036]]]}}, {"type": "Feature", "properties": {"line_degree": 1.0, "manufacturing_material": 1.0, "diameter": "200 مم", "execution_position": 1.0, "shape_Length": 40.00004487402707, "Depth": 1.5199999999999818, "GL": 174.45999999999998, "IL": 172.94, "الشركةالمنفذة": "عوض خليفة", "GlobalID": "{93B1EFCE-A68F-4009-BF40-ABA230B7AE0A}", "القطاع": "القطاع الثاني", "Fault_statement": null}, "geometry": {"type": "MultiLineString", "coordinates": [[[31.572536660018407, 30.270776431890177], [31.572261583246988, 30.270505919001206]]]}}, {"type": "Feature", "properties": {"line_degree": 2.0, "manufacturing_material": 1.0, "diameter": "200 مم", "execution_position": 1.0, "shape_Length": 39.99994691373511, "Depth": 2.1999999999999886, "GL": 173.82999999999998, "IL": 171.63, "الشركةالمنفذة": "عوض خليفة", "GlobalID": "{CCCC865B-7CC0-47EF-8B37-7E7FAE1A7B68}", "القطاع": "القطاع الثاني", "Fault_statement": null}, "geometry": {"type": "MultiLineString", "coordinates": [[[31.571685016390205, 30.272148476355135], [31.57158611266458, 30.272498927266167]]]}}, {"type": "Feature", "properties": {"line_degree": 1.0, "manufacturing_material": 1.0, "diameter": "200 مم", "execution_position": 1.0, "shape_Length": 39.99984827825383, "Depth": 1.5200000000000102, "GL": 175.1, "IL": 173.57999999999998, "الشركةالمنفذة": "عوض خليفة", "GlobalID": "{1641ED4C-91B0-40D0-803C-6B919A4DD4A9}", "القطاع": "القطاع الثاني", "Fault_statement": null}, "geometry": {"type": "MultiLineString", "coordinates": [[[31.57280441439168, 30.271052422696684], [31.572536660018407, 30.270776431890177]]]}}, {"type": "Feature", "properties": {"line_degree": 1.0, "manufacturing_material": 1.0, "diameter": "200 مم", "execution_position": 1.0, "shape_Length": 39.999929545400036, "Depth": 1.5, "GL": 171.10500000000002, "IL": 169.60500000000002, "الشركةالمنفذة": "التوحيد", "GlobalID": "{E46ABBB5-CF17-4356-97B8-3BE7732EB626}", "القطاع": "القطاع الثالث", "Fault_statement": null}, "geometry": {"type": "MultiLineString", "coordinates": [[[31.56422683642713, 30.27937776959129], [31.564517717263133, 30.279119992915003]]]}}, {"type": "Feature", "properties": {"line_degree": 1.0, "manufacturing_material": 1.0, "diameter": "200 مم", "execution_position": 1.0, "shape_Length": 40.00007173665622, "Depth": 1.5949999999999704, "GL": 172.265, "IL": 170.67000000000002, "الشركةالمنفذة": "التوحيد", "GlobalID": "{55DDB3E6-AEB1-4700-B68B-69E8691D2890}", "القطاع": "القطاع الثالث", "Fault_statement": null}, "geometry": {"type": "MultiLineString", "coordinates": [[[31.563645068126227, 30.27989332284533], [31.563935951992356, 30.27963554563934]]]}}, {"type": "Feature", "properties": {"line_degree": 1.0, "manufacturing_material": 1.0, "diameter": "200 مم", "execution_position": 1.0, "shape_Length": 37.546602793630264, "Depth": 1.8550000000000182, "GL": 171.06, "IL": 169.20499999999998, "الشركةالمنفذة": "عوض خليفة", "GlobalID": "{9DD99530-F03E-4BFB-A085-5F85703EAC42}", "القطاع": "القطاع الثاني", "Fault_statement": null}, "geometry": {"type": "MultiLineString", "coordinates": [[[31.55476945630879, 30.267587514030105], [31.5548970264665, 30.267267444757778]]]}}, {"type": "Feature", "properties": {"line_degree": 1.0, "manufacturing_material": 1.0, "diameter": "200 مم", "execution_position": 1.0, "shape_Length": 39.999965767610476, "Depth": 2.125, "GL": 164.35, "IL": 162.225, "الشركةالمنفذة": "عوض خليفة", "GlobalID": "{6CA40470-8912-49DB-968F-20D387710AF3}", "القطاع": "القطاع الثاني", "Fault_statement": null}, "geometry": {"type": "MultiLineString", "coordinates": [[[31.556033174418232, 30.2638033545644], [31.556132764189957, 30.263453050556585]]]}}, {"type": "Feature", "properties": {"line_degree": 1.0, "manufacturing_material": 1.0, "diameter": "200 مم", "execution_position": 1.0, "shape_Length": 39.99997168803629, "Depth": 1.8949999999999818, "GL": 165.79, "IL": 163.895, "الشركةالمنفذة": "التوحيد", "GlobalID": "{C3BFBFDE-A8DB-4D06-BCB1-6B95068FCEBA}", "القطاع": "القطاع الثالث", "Fault_statement": null}, "geometry": {"type": "MultiLineString", "coordinates": [[[31.5532658120822, 30.272362606698326], [31.553346569079856, 30.272716545775133]]]}}, {"type": "Feature", "properties": {"line_degree": 1.0, "manufacturing_material": 1.0, "diameter": "200 مم", "execution_position": 1.0, "shape_Length": 39.9999150279809, "Depth": 2.134999999999991, "GL": 168.805, "IL": 166.67000000000002, "الشركةالمنفذة": "عوض خليفة", "GlobalID": "{1A5539C7-F20E-4DDF-BFE2-7DDE21142E63}", "القطاع": "القطاع الثاني", "Fault_statement": null}, "geometry": {"type": "MultiLineString", "coordinates": [[[31.55309468571538, 30.262588732255477], [31.55268217695891, 30.262544448562835]]]}}, {"type": "Feature", "properties": {"line_degree": 2.0, "manufacturing_material": 1.0, "diameter": "200 مم", "execution_position": 1.0, "shape_Length": 39.99999691627457, "Depth": 1.9750000000000227, "GL": 170.735, "IL": 168.76, "الشركةالمنفذة": "التوحيد", "GlobalID": "{7CBF2906-516A-41BE-93D0-9F46657A5E84}", "القطاع": "القطاع الثالث", "Fault_statement": null}, "geometry": {"type": "MultiLineString", "coordinates": [[[31.563932207780436, 30.279080581731034], [31.564298749665408, 30.278910348110003]]]}}, {"type": "Feature", "properties": {"line_degree": 1.0, "manufacturing_material": 1.0, "diameter": "200 مم", "execution_position": 1.0, "shape_Length": 39.99984396253885, "Depth": 1.625, "GL": 178.375, "IL": 176.75, "الشركةالمنفذة": "عوض خليفة", "GlobalID": "{DA5003CB-FC12-4A1E-A827-E13161C321B7}", "القطاع": "القطاع الثاني", "Fault_statement": null}, "geometry": {"type": "MultiLineString", "coordinates": [[[31.573219760502475, 30.272854647151316], [31.57287065897087, 30.273050526800304]]]}}, {"type": "Feature", "properties": {"line_degree": 1.0, "manufacturing_material": 1.0, "diameter": "200 مم", "execution_position": 1.0, "shape_Length": 40.00002415827529, "Depth": 1.6299999999999955, "GL": 163.175, "IL": 161.54500000000002, "الشركةالمنفذة": "عوض خليفة", "GlobalID": "{1CA2C866-D5D6-4A71-B788-BDAE0C3A1AA5}", "القطاع": "القطاع الثاني", "Fault_statement": null}, "geometry": {"type": "MultiLineString", "coordinates": [[[31.55159101030944, 30.26351336285578], [31.551484955638557, 30.263862234817964]]]}}, {"type": "Feature", "properties": {"line_degree": 1.0, "manufacturing_material": 1.0, "diameter": "200 مم", "execution_position": 1.0, "shape_Length": 29.716039534054598, "Depth": 1.9850000000000136, "GL": 178.81, "IL": 176.825, "الشركةالمنفذة": "التوحيد", "GlobalID": "{B5B99C0B-5C3C-4C6B-8E03-834EA5A7870B}", "القطاع": "القطاع الثالث", "Fault_statement": null}, "geometry": {"type": "MultiLineString", "coordinates": [[[31.55975769107116, 30.278785028101726], [31.55952802093677, 30.278605821561673]]]}}, {"type": "Feature", "properties": {"line_degree": 1.0, "manufacturing_material": 1.0, "diameter": "200 مم", "execution_position": 1.0, "shape_Length": 39.99985350057694, "Depth": 1.7650000000000148, "GL": 162.305, "IL": 160.54, "الشركةالمنفذة": "عوض خليفة", "GlobalID": "{4678CD13-1A4F-420C-A50C-F4CB06040AB5}", "القطاع": "القطاع الثاني", "Fault_statement": null}, "geometry": {"type": "MultiLineString", "coordinates": [[[31.551277266140556, 30.264560980987973], [31.551159440367776, 30.264906993925155]]]}}, {"type": "Feature", "properties": {"line_degree": 1.0, "manufacturing_material": 1.0, "diameter": "200 مم", "execution_position": 1.0, "shape_Length": 40.00000715071769, "Depth": 1.6500000000000057, "GL": 174.685, "IL": 173.035, "الشركةالمنفذة": "التوحيد", "GlobalID": "{68533B07-B104-46B8-AD78-3D516B516EA6}", "القطاع": "القطاع الثالث", "Fault_statement": null}, "geometry": {"type": "MultiLineString", "coordinates": [[[31.562479936197875, 30.280923071799933], [31.562770915967747, 30.280665374336447]]]}}, {"type": "Feature", "properties": {"line_degree": 1.0, "manufacturing_material": 1.0, "diameter": "200 مم", "execution_position": 1.0, "shape_Length": 39.9998001562095, "Depth": 1.5749999999999886, "GL": 165.385, "IL": 163.81, "الشركةالمنفذة": "عوض خليفة", "GlobalID": "{9E31E1B7-917C-4904-AB4E-D99B9A09426B}", "القطاع": "القطاع الثاني", "Fault_statement": null}, "geometry": {"type": "MultiLineString", "coordinates": [[[31.551857158415164, 30.26245587727362], [31.551771144830365, 30.262808879549596]]]}}, {"type": "Feature", "properties": {"line_degree": 2.0, "manufacturing_material": 1.0, "diameter": "200 مم", "execution_position": 1.0, "shape_Length": 39.99993902727546, "Depth": 1.75, "GL": 170.97500000000002, "IL": 169.22500000000002, "الشركةالمنفذة": "التوحيد", "GlobalID": "{CDFDFDB2-A2CF-4B7D-8370-DEAC0468AE9F}", "القطاع": "القطاع الثالث", "Fault_statement": null}, "geometry": {"type": "MultiLineString", "coordinates": [[[31.563750599560677, 30.278756019234525], [31.563932207780436, 30.279080581731034]]]}}, {"type": "Feature", "properties": {"line_degree": 1.0, "manufacturing_material": 1.0, "diameter": "200 مم", "execution_position": 1.0, "shape_Length": 39.99999956323275, "Depth": 1.7600000000000193, "GL": 161.78, "IL": 160.01999999999998, "الشركةالمنفذة": "عوض خليفة", "GlobalID": "{6CD59811-A6BC-4EA6-8FA4-483B169B3279}", "القطاع": "القطاع الثاني", "Fault_statement": null}, "geometry": {"type": "MultiLineString", "coordinates": [[[31.551041615875207, 30.265253008543645], [31.55091782317747, 30.265597449687164]]]}}, {"type": "Feature", "properties": {"line_degree": 2.0, "manufacturing_material": 1.0, "diameter": "200 مم", "execution_position": 1.0, "shape_Length": 40.00033981170774, "Depth": 1.9150000000000205, "GL": 170.235, "IL": 168.32, "الشركةالمنفذة": "التوحيد", "GlobalID": "{0CA6F940-6684-4E0A-A605-4B91874830A3}", "القطاع": "القطاع الثالث", "Fault_statement": null}, "geometry": {"type": "MultiLineString", "coordinates": [[[31.564664482735324, 30.278230138014735], [31.564945628261043, 30.27849592992974]]]}}, {"type": "Feature", "properties": {"line_degree": 2.0, "manufacturing_material": 1.0, "diameter": "200 مم", "execution_position": 1.0, "shape_Length": 40.082784751932486, "Depth": 2.015000000000015, "GL": 170.53, "IL": 168.515, "الشركةالمنفذة": "التوحيد", "GlobalID": "{F149C48E-255B-45CE-AF84-388AAA4E27DC}", "القطاع": "القطاع الثالث", "Fault_statement": null}, "geometry": {"type": "MultiLineString", "coordinates": [[[31.564233025002782, 30.27673264099488], [31.563934100907936, 30.276480824362203]]]}}, {"type": "Feature", "properties": {"line_degree": 1.0, "manufacturing_material": 1.0, "diameter": "200 مم", "execution_position": 1.0, "shape_Length": 40.23527867171869, "Depth": 1.7549999999999955, "GL": 172.24, "IL": 170.485, "الشركةالمنفذة": "عوض خليفة", "GlobalID": "{AC004C47-1AE2-4885-9889-8D4154A8AFDB}", "القطاع": "القطاع الثاني", "Fault_statement": null}, "geometry": {"type": "MultiLineString", "coordinates": [[[31.571719980839426, 30.269958437003634], [31.571445020638535, 30.26968501363079]]]}}, {"type": "Feature", "properties": {"line_degree": 2.0, "manufacturing_material": 1.0, "diameter": "200 مم", "execution_position": 1.0, "shape_Length": 40.014703353223, "Depth": 1.5249999999999773, "GL": 174.39499999999998, "IL": 172.87, "الشركةالمنفذة": "التوحيد", "GlobalID": "{8F8B5E8F-F8F3-428A-A2DC-23C1DAB035F9}", "القطاع": "القطاع الثالث", "Fault_statement": null}, "geometry": {"type": "MultiLineString", "coordinates": [[[31.56058504241529, 30.27649326257054], [31.560865918344945, 30.27622708450914]]]}}, {"type": "Feature", "properties": {"line_degree": 1.0, "manufacturing_material": 1.0, "diameter": "200 مم", "execution_position": 1.0, "shape_Length": 40.90289820222831, "Depth": 1.6599999999999682, "GL": 175.32999999999998, "IL": 173.67000000000002, "الشركةالمنفذة": "التوحيد", "GlobalID": "{2CD39361-C590-4190-9D65-E0E46ED4D3F7}", "القطاع": "القطاع الثالث", "Fault_statement": null}, "geometry": {"type": "MultiLineString", "coordinates": [[[31.556499928356082, 30.276223749042007], [31.556183831201803, 30.27597705326953]]]}}, {"type": "Feature", "properties": {"line_degree": 2.0, "manufacturing_material": 1.0, "diameter": "200 مم", "execution_position": 1.0, "shape_Length": 40.928854507135185, "Depth": 2.3549999999999898, "GL": 173.39, "IL": 171.035, "الشركةالمنفذة": "عوض خليفة", "GlobalID": "{1BA06D12-3469-4A19-ADE7-893EC5013F4C}", "القطاع": "القطاع الثاني", "Fault_statement": null}, "geometry": {"type": "MultiLineString", "coordinates": [[[31.5711733678343, 30.272409729270034], [31.57158611266458, 30.272498927266167]]]}}, {"type": "Feature", "properties": {"line_degree": 2.0, "manufacturing_material": 1.0, "diameter": "200 مم", "execution_position": 1.0, "shape_Length": 39.9989729999511, "Depth": 1.8100000000000023, "GL": 162.715, "IL": 160.905, "الشركةالمنفذة": "عوض خليفة", "GlobalID": "{BCAE4E9F-2907-4139-B498-6B9BE2B32DA6}", "القطاع": "القطاع الثاني", "Fault_statement": null}, "geometry": {"type": "MultiLineString", "coordinates": [[[31.568870030915438, 30.267858586052654], [31.569144921407297, 30.26758794931475]]]}}, {"type": "Feature", "properties": {"line_degree": 2.0, "manufacturing_material": 1.0, "diameter": "200 مم", "execution_position": 1.0, "shape_Length": 39.97425910131872, "Depth": 1.5049999999999955, "GL": 174.375, "IL": 172.87, "الشركةالمنفذة": "التوحيد", "GlobalID": "{04A8C871-49F2-41FD-9103-08E06209F033}", "القطاع": "القطاع الثالث", "Fault_statement": null}, "geometry": {"type": "MultiLineString", "coordinates": [[[31.56139834087092, 30.27707576147766], [31.56160892661291, 30.27676493754038]]]}}, {"type": "Feature", "properties": {"line_degree": 2.0, "manufacturing_material": 1.0, "diameter": "200 مم", "execution_position": 1.0, "shape_Length": 39.98313012554045, "Depth": 1.7350000000000136, "GL": 172.58, "IL": 170.845, "الشركةالمنفذة": "التوحيد", "GlobalID": "{51FF561F-80D7-457B-A2C6-5BD9BD234C70}", "القطاع": "القطاع الثالث", "Fault_statement": null}, "geometry": {"type": "MultiLineString", "coordinates": [[[31.56260038766403, 30.27903611837362], [31.562640342558826, 30.27939510794779]]]}}, {"type": "Feature", "properties": {"line_degree": 2.0, "manufacturing_material": 1.0, "diameter": "200 مم", "execution_position": 1.0, "shape_Length": 39.843467834483434, "Depth": 1.8149999999999977, "GL": 173.42000000000002, "IL": 171.60500000000002, "الشركةالمنفذة": "التوحيد", "GlobalID": "{6CD3A631-2FE9-4476-A0BA-EAD22957465B}", "القطاع": "القطاع الثالث", "Fault_statement": null}, "geometry": {"type": "MultiLineString", "coordinates": [[[31.558963565325943, 30.275211917866976], [31.559244654480626, 30.27494801185937]]]}}, {"type": "Feature", "properties": {"line_degree": 2.0, "manufacturing_material": 1.0, "diameter": "200 مم", "execution_position": 1.0, "shape_Length": 40.029693640949354, "Depth": 1.9950000000000045, "GL": 163.615, "IL": 161.62, "الشركةالمنفذة": "عوض خليفة", "GlobalID": "{9AB8F646-9556-4FCB-A871-3E65F9053CCD}", "القطاع": "القطاع الثاني", "Fault_statement": null}, "geometry": {"type": "MultiLineString", "coordinates": [[[31.55802768667114, 30.26386474438107], [31.55842359851886, 30.263753982344408]]]}}, {"type": "Feature", "properties": {"line_degree": 2.0, "manufacturing_material": 1.0, "diameter": "200 مم", "execution_position": 1.0, "shape_Length": 40.03017114803923, "Depth": 1.8249999999999886, "GL": 164.785, "IL": 162.96, "الشركةالمنفذة": "عوض خليفة", "GlobalID": "{80DF3277-B2DC-48C3-91DE-F7F4246ADD6B}", "القطاع": "القطاع الثاني", "Fault_statement": null}, "geometry": {"type": "MultiLineString", "coordinates": [[[31.56967682616377, 30.26852345176483], [31.56997942225687, 30.26827567523296]]]}}, {"type": "Feature", "properties": {"line_degree": 2.0, "manufacturing_material": 1.0, "diameter": "200 مم", "execution_position": 1.0, "shape_Length": 27.24087062200411, "Depth": 1.509999999999991, "GL": 164.325, "IL": 162.815, "الشركةالمنفذة": "عوض خليفة", "GlobalID": "{7BB532CF-FDA9-4431-BCAA-6B9DA440A23D}", "القطاع": "القطاع الثاني", "Fault_statement": null}, "geometry": {"type": "MultiLineString", "coordinates": [[[31.56188097223056, 30.26723148784284], [31.561996645292517, 30.2670072166372]]]}}, {"type": "Feature", "properties": {"line_degree": 2.0, "manufacturing_material": 1.0, "diameter": "200 مم", "execution_position": 1.0, "shape_Length": 26.01030848672565, "Depth": 1.5600000000000023, "GL": 162.62, "IL": 161.06, "الشركةالمنفذة": "عوض خليفة", "GlobalID": "{10109B41-E1B1-478A-9C49-2D7DA1F7C5DA}", "القطاع": "القطاع الثاني", "Fault_statement": null}, "geometry": {"type": "MultiLineString", "coordinates": [[[31.562912490375346, 30.267634083490044], [31.563038167671774, 30.26742636607472]]]}}, {"type": "Feature", "properties": {"line_degree": 1.0, "manufacturing_material": 1.0, "diameter": "200 مم", "execution_position": 1.0, "shape_Length": 28.874106064088295, "Depth": 1.910000000000025, "GL": 169.79500000000002, "IL": 167.885, "الشركةالمنفذة": "التوحيد", "GlobalID": "{48DEDEAE-F1DC-4A60-8B11-CDFB62DF9BBC}", "القطاع": "القطاع الثالث", "Fault_statement": null}, "geometry": {"type": "MultiLineString", "coordinates": [[[31.554196408477015, 30.274414344582407], [31.55397440498099, 30.274239111515833]]]}}, {"type": "Feature", "properties": {"line_degree": 1.0, "manufacturing_material": 1.0, "diameter": "200 مم", "execution_position": 1.0, "shape_Length": 24.582128417986052, "Depth": 3.9350000000000023, "GL": 169.29000000000002, "IL": 165.35500000000002, "الشركةالمنفذة": "التوحيد", "GlobalID": "{C8C81D9A-8A5F-4AD6-BE0C-A552E3400CE5}", "القطاع": "القطاع الثالث", "Fault_statement": null}, "geometry": {"type": "MultiLineString", "coordinates": [[[31.55397440498099, 30.274239111515833], [31.553783544994044, 30.274091717144167]]]}}, {"type": "Feature", "properties": {"line_degree": 2.0, "manufacturing_material": 1.0, "diameter": "200 مم", "execution_position": 1.0, "shape_Length": 30.97510815237485, "Depth": 2.2750000000000057, "GL": 171.305, "IL": 169.03, "الشركةالمنفذة": "عوض خليفة", "GlobalID": "{08713E59-B583-4121-91DA-67AC052FD5FC}", "القطاع": "القطاع الثاني", "Fault_statement": null}, "geometry": {"type": "MultiLineString", "coordinates": [[[31.570741370468802, 30.27391620171354], [31.570862163675777, 30.27417519009345]]]}}, {"type": "Feature", "properties": {"line_degree": 2.0, "manufacturing_material": 1.0, "diameter": "200 مم", "execution_position": 1.0, "shape_Length": 40.058173538752634, "Depth": 1.589999999999975, "GL": 171.2, "IL": 169.61, "الشركةالمنفذة": "عوض خليفة", "GlobalID": "{460E2D04-E19A-4852-813A-EE6FBB2AFB89}", "القطاع": "القطاع الثاني", "Fault_statement": null}, "geometry": {"type": "MultiLineString", "coordinates": [[[31.5714216392018, 30.270134069766186], [31.571249324122235, 30.26980514158825]]]}}, {"type": "Feature", "properties": {"line_degree": 2.0, "manufacturing_material": 1.0, "diameter": "200 مم", "execution_position": 1.0, "shape_Length": 29.12030796782815, "Depth": 1.634999999999991, "GL": 170.64999999999998, "IL": 169.015, "الشركةالمنفذة": "عوض خليفة", "GlobalID": "{5857A7DB-6CD0-4A57-8A4D-666A4F39CDEC}", "القطاع": "القطاع الثاني", "Fault_statement": null}, "geometry": {"type": "MultiLineString", "coordinates": [[[31.571249324122235, 30.26980514158825], [31.571105476424044, 30.26957404030261]]]}}, {"type": "Feature", "properties": {"line_degree": 2.0, "manufacturing_material": 1.0, "diameter": "200 مم", "execution_position": 1.0, "shape_Length": 25.039218876644227, "Depth": 1.759999999999991, "GL": 161.635, "IL": 159.875, "الشركةالمنفذة": "عوض خليفة", "GlobalID": "{E2031946-1BB5-436A-8312-C6B5682E6C6A}", "القطاع": "القطاع الثاني", "Fault_statement": null}, "geometry": {"type": "MultiLineString", "coordinates": [[[31.566422287221112, 30.26904779440981], [31.56621149381734, 30.268915373490447]]]}}, {"type": "Feature", "properties": {"line_degree": 2.0, "manufacturing_material": 1.0, "diameter": "200 مم", "execution_position": 1.0, "shape_Length": 21.49114172407702, "Depth": 1.5949999999999704, "GL": 160.755, "IL": 159.16000000000003, "الشركةالمنفذة": "عوض خليفة", "GlobalID": "{F72423E9-526C-46D4-A252-FD6CF4B206E2}", "القطاع": "القطاع الثاني", "Fault_statement": null}, "geometry": {"type": "MultiLineString", "coordinates": [[[31.56621149381734, 30.268915373490447], [31.566031458998157, 30.26880065830323]]]}}, {"type": "Feature", "properties": {"line_degree": 2.0, "manufacturing_material": 1.0, "diameter": "200 مم", "execution_position": 1.0, "shape_Length": 23.00304881083582, "Depth": 1.5299999999999727, "GL": 160.005, "IL": 158.47500000000002, "الشركةالمنفذة": "عوض خليفة", "GlobalID": "{42F1C87B-3B5D-4467-B4B8-7A2C1F73389F}", "القطاع": "القطاع الثاني", "Fault_statement": null}, "geometry": {"type": "MultiLineString", "coordinates": [[[31.566031458998157, 30.26880065830323], [31.565837247226053, 30.268679680698458]]]}}, {"type": "Feature", "properties": {"line_degree": 2.0, "manufacturing_material": 1.0, "diameter": "200 مم", "execution_position": 1.0, "shape_Length": 25.561520881199144, "Depth": 1.6949999999999932, "GL": 159.42000000000002, "IL": 157.72500000000002, "الشركةالمنفذة": "عوض خليفة", "GlobalID": "{CD128783-86CF-43CF-A168-5E92C1424AE7}", "القطاع": "القطاع الثاني", "Fault_statement": null}, "geometry": {"type": "MultiLineString", "coordinates": [[[31.565837247226053, 30.268679680698458], [31.56561726004743, 30.268550446600173]]]}}, {"type": "Feature", "properties": {"line_degree": 2.0, "manufacturing_material": 1.0, "diameter": "200 مم", "execution_position": 1.0, "shape_Length": 24.976878931402904, "Depth": 1.8249999999999886, "GL": 159.11, "IL": 157.28500000000003, "الشركةالمنفذة": "عوض خليفة", "GlobalID": "{78678194-B934-42BF-86D7-DE3AFCCE0452}", "القطاع": "القطاع الثاني", "Fault_statement": null}, "geometry": {"type": "MultiLineString", "coordinates": [[[31.56561726004743, 30.268550446600173], [31.565401872267838, 30.268424724702072]]]}}, {"type": "Feature", "properties": {"line_degree": 2.0, "manufacturing_material": 1.0, "diameter": "200 مم", "execution_position": 1.0, "shape_Length": 22.015573583283086, "Depth": 1.9150000000000205, "GL": 159.12, "IL": 157.20499999999998, "الشركةالمنفذة": "عوض خليفة", "GlobalID": "{8EBC2163-105B-4794-AC90-9FDD138AEC87}", "القطاع": "القطاع الثاني", "Fault_statement": null}, "geometry": {"type": "MultiLineString", "coordinates": [[[31.565401872267838, 30.268424724702072], [31.56520934075164, 30.26831744997445]]]}}, {"type": "Feature", "properties": {"line_degree": 2.0, "manufacturing_material": 1.0, "diameter": "200 مم", "execution_position": 1.0, "shape_Length": 25.036523982510317, "Depth": 2.265000000000015, "GL": 159.37, "IL": 157.105, "الشركةالمنفذة": "عوض خليفة", "GlobalID": "{CE68628C-FB8A-4BDD-952D-A8C0A0E0094E}", "القطاع": "القطاع الثاني", "Fault_statement": null}, "geometry": {"type": "MultiLineString", "coordinates": [[[31.56520934075164, 30.26831744997445], [31.564991685390087, 30.26819372165788]]]}}, {"type": "Feature", "properties": {"line_degree": 2.0, "manufacturing_material": 1.0, "diameter": "200 مم", "execution_position": 1.0, "shape_Length": 26.07081097734877, "Depth": 1.7549999999999955, "GL": 160.98000000000002, "IL": 159.22500000000002, "الشركةالمنفذة": "عوض خليفة", "GlobalID": "{D0A26DE2-136B-419B-BD11-6CC5A54FEF00}", "القطاع": "القطاع الثاني", "Fault_statement": null}, "geometry": {"type": "MultiLineString", "coordinates": [[[31.5658672136739, 30.269194328103485], [31.566027527622786, 30.26900475010563]]]}}, {"type": "Feature", "properties": {"line_degree": 2.0, "manufacturing_material": 1.0, "diameter": "200 مم", "execution_position": 1.0, "shape_Length": 37.01914863027515, "Depth": 1.7549999999999955, "GL": 160.32, "IL": 158.565, "الشركةالمنفذة": "عوض خليفة", "GlobalID": "{57B50DF2-060D-4739-805B-15257CAEBA97}", "القطاع": "القطاع الثاني", "Fault_statement": null}, "geometry": {"type": "MultiLineString", "coordinates": [[[31.566027527622786, 30.26900475010563], [31.565715176850652, 30.26880982020135]]]}}, {"type": "Feature", "properties": {"line_degree": 2.0, "manufacturing_material": 1.0, "diameter": "200 مم", "execution_position": 1.0, "shape_Length": 28.813018082838347, "Depth": 1.5649999999999977, "GL": 159.535, "IL": 157.97, "الشركةالمنفذة": "عوض خليفة", "GlobalID": "{9249C5BC-7D94-4BD4-87AE-D0AEACC2FC2B}", "القطاع": "القطاع الثاني", "Fault_statement": null}, "geometry": {"type": "MultiLineString", "coordinates": [[[31.565715176850652, 30.26880982020135], [31.56546706703392, 30.268664326033765]]]}}, {"type": "Feature", "properties": {"line_degree": 2.0, "manufacturing_material": 1.0, "diameter": "200 مم", "execution_position": 1.0, "shape_Length": 25.008561560514643, "Depth": 1.6299999999999955, "GL": 159.3, "IL": 157.67000000000002, "الشركةالمنفذة": "عوض خليفة", "GlobalID": "{1CAD4FC9-FBE2-4204-BA16-9D05C121B439}", "القطاع": "القطاع الثاني", "Fault_statement": null}, "geometry": {"type": "MultiLineString", "coordinates": [[[31.56546706703392, 30.268664326033765], [31.56525056839614, 30.26853953237208]]]}}, {"type": "Feature", "properties": {"line_degree": 2.0, "manufacturing_material": 1.0, "diameter": "200 مم", "execution_position": 1.0, "shape_Length": 19.930196101811195, "Depth": 1.7099999999999795, "GL": 159.69, "IL": 157.98000000000002, "الشركةالمنفذة": "عوض خليفة", "GlobalID": "{AB72C191-7EB3-4489-8849-35972F078940}", "القطاع": "القطاع الثاني", "Fault_statement": null}, "geometry": {"type": "MultiLineString", "coordinates": [[[31.56493186682075, 30.268575439388517], [31.56505095205519, 30.268428351427158]]]}}, {"type": "Feature", "properties": {"line_degree": 2.0, "manufacturing_material": 1.0, "diameter": "200 مم", "execution_position": 1.0, "shape_Length": 22.823216237325965, "Depth": 1.7700000000000102, "GL": 159.365, "IL": 157.595, "الشركةالمنفذة": "عوض خليفة", "GlobalID": "{3B9B531C-C577-4CC3-9556-C58A67A771B4}", "القطاع": "القطاع الثاني", "Fault_statement": null}, "geometry": {"type": "MultiLineString", "coordinates": [[[31.56525056839614, 30.26853953237208], [31.56505095205519, 30.268428351427158]]]}}, {"type": "Feature", "properties": {"line_degree": 2.0, "manufacturing_material": 1.0, "diameter": "200 مم", "execution_position": 1.0, "shape_Length": 36.97302016628126, "Depth": 2.2249999999999943, "GL": 159.725, "IL": 157.5, "الشركةالمنفذة": "عوض خليفة", "GlobalID": "{D184787A-49F9-4229-B172-6AB00C595E7D}", "القطاع": "القطاع الثاني", "Fault_statement": null}, "geometry": {"type": "MultiLineString", "coordinates": [[[31.56505095205519, 30.268428351427158], [31.564729201848717, 30.268246064783323]]]}}, {"type": "Feature", "properties": {"line_degree": 2.0, "manufacturing_material": 1.0, "diameter": "200 مم", "execution_position": 1.0, "shape_Length": 36.0650693791115, "Depth": 2.7750000000000057, "GL": 160.155, "IL": 157.38, "الشركةالمنفذة": "عوض خليفة", "GlobalID": "{BFEC4B6D-7E75-476D-A52B-F22C3EC7D065}", "القطاع": "القطاع الثاني", "Fault_statement": null}, "geometry": {"type": "MultiLineString", "coordinates": [[[31.564729201848717, 30.268246064783323], [31.564407596026093, 30.268079024869]]]}}, {"type": "Feature", "properties": {"line_degree": 2.0, "manufacturing_material": 1.0, "diameter": "200 مم", "execution_position": 1.0, "shape_Length": 38.46725159416417, "Depth": 3.339999999999975, "GL": 160.575, "IL": 157.235, "الشركةالمنفذة": "عوض خليفة", "GlobalID": "{A2DA8DCE-6CC7-4CD9-A887-C52B9BCDF593}", "القطاع": "القطاع الثاني", "Fault_statement": null}, "geometry": {"type": "MultiLineString", "coordinates": [[[31.564407596026093, 30.268079024869], [31.564061789813465, 30.267904954865365]]]}}, {"type": "Feature", "properties": {"line_degree": 2.0, "manufacturing_material": 1.0, "diameter": "200 مم", "execution_position": 1.0, "shape_Length": 20.3611912519042, "Depth": 2.6500000000000057, "GL": 161.05, "IL": 158.4, "الشركةالمنفذة": "عوض خليفة", "GlobalID": "{B4741CEA-D1EC-4F92-8284-C421F98590CF}", "القطاع": "القطاع الثاني", "Fault_statement": null}, "geometry": {"type": "MultiLineString", "coordinates": [[[31.56395531111968, 30.26806366921363], [31.564061789813465, 30.267904954865365]]]}}, {"type": "Feature", "properties": {"line_degree": 2.0, "manufacturing_material": 1.0, "diameter": "200 مم", "execution_position": 1.0, "shape_Length": 39.96769000046087, "Depth": 1.509999999999991, "GL": 164.485, "IL": 162.97500000000002, "الشركةالمنفذة": "عوض خليفة", "GlobalID": "{AC01F053-E743-4E86-9CCC-FBBEEF128AC4}", "القطاع": "القطاع الثاني", "Fault_statement": null}, "geometry": {"type": "MultiLineString", "coordinates": [[[31.561619283170124, 30.266856618407193], [31.561996645292517, 30.2670072166372]]]}}, {"type": "Feature", "properties": {"line_degree": 2.0, "manufacturing_material": 1.0, "diameter": "200 مم", "execution_position": 1.0, "shape_Length": 27.00558844183289, "Depth": 1.5049999999999955, "GL": 163.99, "IL": 162.485, "الشركةالمنفذة": "عوض خليفة", "GlobalID": "{D603B5DD-0FCB-4FF9-9EAE-D4F51CBC99D9}", "القطاع": "القطاع الثاني", "Fault_statement": null}, "geometry": {"type": "MultiLineString", "coordinates": [[[31.561996645292517, 30.2670072166372], [31.562253646663404, 30.26710506405411]]]}}, {"type": "Feature", "properties": {"line_degree": 2.0, "manufacturing_material": 1.0, "diameter": "200 مم", "execution_position": 1.0, "shape_Length": 22.181536106436198, "Depth": 1.5, "GL": 163.63, "IL": 162.13, "الشركةالمنفذة": "عوض خليفة", "GlobalID": "{585634B3-DE9A-4D3C-82C7-AEF90FD44C37}", "القطاع": "القطاع الثاني", "Fault_statement": null}, "geometry": {"type": "MultiLineString", "coordinates": [[[31.562253646663404, 30.26710506405411], [31.562463247019576, 30.267188324322447]]]}}, {"type": "Feature", "properties": {"line_degree": 2.0, "manufacturing_material": 1.0, "diameter": "200 مم", "execution_position": 1.0, "shape_Length": 40.01246861109626, "Depth": 1.6000000000000227, "GL": 163.18, "IL": 161.57999999999998, "الشركةالمنفذة": "عوض خليفة", "GlobalID": "{19E92FA8-076F-45C5-85B1-DA19F8B8CFF6}", "القطاع": "القطاع الثاني", "Fault_statement": null}, "geometry": {"type": "MultiLineString", "coordinates": [[[31.562463247019576, 30.267188324322447], [31.562840927611347, 30.26733929036699]]]}}, {"type": "Feature", "properties": {"line_degree": 2.0, "manufacturing_material": 1.0, "diameter": "200 مم", "execution_position": 1.0, "shape_Length": 21.294125451895834, "Depth": 1.6099999999999568, "GL": 162.65499999999997, "IL": 161.04500000000002, "الشركةالمنفذة": "عوض خليفة", "GlobalID": "{A91A425C-0CD3-453F-B2C0-FE2A65C70AE0}", "القطاع": "القطاع الثاني", "Fault_statement": null}, "geometry": {"type": "MultiLineString", "coordinates": [[[31.562840927611347, 30.26733929036699], [31.563038167671774, 30.26742636607472]]]}}, {"type": "Feature", "properties": {"line_degree": 2.0, "manufacturing_material": 1.0, "diameter": "200 مم", "execution_position": 1.0, "shape_Length": 42.626011582415025, "Depth": 1.5649999999999693, "GL": 162.15499999999997, "IL": 160.59, "الشركةالمنفذة": "عوض خليفة", "GlobalID": "{6AC7EE95-52D7-4856-9D47-1B19EB7C12C1}", "القطاع": "القطاع الثاني", "Fault_statement": null}, "geometry": {"type": "MultiLineString", "coordinates": [[[31.563038167671774, 30.26742636607472], [31.56343153525399, 30.267603146315196]]]}}, {"type": "Feature", "properties": {"line_degree": 2.0, "manufacturing_material": 1.0, "diameter": "200 مم", "execution_position": 1.0, "shape_Length": 28.135893569333323, "Depth": 1.7299999999999898, "GL": 164.635, "IL": 162.905, "الشركةالمنفذة": "عوض خليفة", "GlobalID": "{75CCA4A0-FE17-4474-8907-019653F9DEBD}", "القطاع": "القطاع الثاني", "Fault_statement": null}, "geometry": {"type": "MultiLineString", "coordinates": [[[31.561840675118486, 30.266480701089275], [31.56173012593277, 30.266715655694636]]]}}, {"type": "Feature", "properties": {"line_degree": 2.0, "manufacturing_material": 1.0, "diameter": "200 مم", "execution_position": 1.0, "shape_Length": 27.00011272558846, "Depth": 1.7749999999999773, "GL": 164.435, "IL": 162.66000000000003, "الشركةالمنفذة": "عوض خليفة", "GlobalID": "{70124E5E-AA15-4330-97DE-9CB49C91173A}", "القطاع": "القطاع الثاني", "Fault_statement": null}, "geometry": {"type": "MultiLineString", "coordinates": [[[31.56173012593277, 30.266715655694636], [31.56198614101626, 30.266815310158663]]]}}, {"type": "Feature", "properties": {"line_degree": 2.0, "manufacturing_material": 1.0, "diameter": "200 مم", "execution_position": 1.0, "shape_Length": 27.80669137152801, "Depth": 1.785000000000025, "GL": 164.04000000000002, "IL": 162.255, "الشركةالمنفذة": "عوض خليفة", "GlobalID": "{59CD6A29-6F78-47A3-A53D-E5CDDE7A05F2}", "القطاع": "القطاع الثاني", "Fault_statement": null}, "geometry": {"type": "MultiLineString", "coordinates": [[[31.56198614101626, 30.266815310158663], [31.56224989167158, 30.2669177723965]]]}}, {"type": "Feature", "properties": {"line_degree": 2.0, "manufacturing_material": 1.0, "diameter": "200 مم", "execution_position": 1.0, "shape_Length": 25.0391861121562, "Depth": 1.7949999999999875, "GL": 163.66, "IL": 161.865, "الشركةالمنفذة": "عوض خليفة", "GlobalID": "{2F4961D9-01B4-421C-B2A9-3A3690028FBB}", "القطاع": "القطاع الثاني", "Fault_statement": null}, "geometry": {"type": "MultiLineString", "coordinates": [[[31.56224989167158, 30.2669177723965], [31.562485343040983, 30.267013913061113]]]}}, {"type": "Feature", "properties": {"line_degree": 2.0, "manufacturing_material": 1.0, "diameter": "200 مم", "execution_position": 1.0, "shape_Length": 24.813360968615726, "Depth": 1.8000000000000114, "GL": 163.3, "IL": 161.5, "الشركةالمنفذة": "عوض خليفة", "GlobalID": "{2BAE55D6-316F-4F3C-B93B-504EC66C3849}", "القطاع": "القطاع الثاني", "Fault_statement": null}, "geometry": {"type": "MultiLineString", "coordinates": [[[31.562485343040983, 30.267013913061113], [31.56272077761202, 30.26710519856551]]]}}, {"type": "Feature", "properties": {"line_degree": 2.0, "manufacturing_material": 1.0, "diameter": "200 مم", "execution_position": 1.0, "shape_Length": 26.029721863158066, "Depth": 1.8100000000000023, "GL": 162.935, "IL": 161.125, "الشركةالمنفذة": "عوض خليفة", "GlobalID": "{0B400956-301C-42E3-BB8C-BEB4CD115300}", "القطاع": "القطاع الثاني", "Fault_statement": null}, "geometry": {"type": "MultiLineString", "coordinates": [[[31.56272077761202, 30.26710519856551], [31.562963427072614, 30.267208958618912]]]}}, {"type": "Feature", "properties": {"line_degree": 2.0, "manufacturing_material": 1.0, "diameter": "200 مم", "execution_position": 1.0, "shape_Length": 24.42093400094208, "Depth": 1.8199999999999932, "GL": 162.575, "IL": 160.755, "الشركةالمنفذة": "عوض خليفة", "GlobalID": "{2435B59B-1917-4030-9861-9788CE74328A}", "القطاع": "القطاع الثاني", "Fault_statement": null}, "geometry": {"type": "MultiLineString", "coordinates": [[[31.562963427072614, 30.267208958618912], [31.56319143419888, 30.26730567839338]]]}}, {"type": "Feature", "properties": {"line_degree": 2.0, "manufacturing_material": 1.0, "diameter": "200 مم", "execution_position": 1.0, "shape_Length": 23.027032546542216, "Depth": 1.8249999999999886, "GL": 162.235, "IL": 160.41000000000003, "الشركةالمنفذة": "عوض خليفة", "GlobalID": "{E388C566-DAC3-479B-B5AC-3138786A9AF3}", "القطاع": "القطاع الثاني", "Fault_statement": null}, "geometry": {"type": "MultiLineString", "coordinates": [[[31.56319143419888, 30.26730567839338], [31.56340349775696, 30.2674019069865]]]}}, {"type": "Feature", "properties": {"line_degree": 2.0, "manufacturing_material": 1.0, "diameter": "200 مم", "execution_position": 1.0, "shape_Length": 28.502400252679905, "Depth": 1.835000000000008, "GL": 161.865, "IL": 160.03, "الشركةالمنفذة": "عوض خليفة", "GlobalID": "{5C5221F7-61DC-4692-BFE3-B84B6B4AEDAE}", "القطاع": "القطاع الثاني", "Fault_statement": null}, "geometry": {"type": "MultiLineString", "coordinates": [[[31.56340349775696, 30.2674019069865], [31.563667722495882, 30.267518088001097]]]}}, {"type": "Feature", "properties": {"line_degree": 2.0, "manufacturing_material": 1.0, "diameter": "200 مم", "execution_position": 1.0, "shape_Length": 32.98288488596289, "Depth": 1.759999999999991, "GL": 161.33499999999998, "IL": 159.575, "الشركةالمنفذة": "عوض خليفة", "GlobalID": "{696BFDB9-0FEF-49E9-95C2-B3057AF0CCC1}", "القطاع": "القطاع الثاني", "Fault_statement": null}, "geometry": {"type": "MultiLineString", "coordinates": [[[31.563667722495882, 30.267518088001097], [31.56397047284739, 30.267657570408492]]]}}, {"type": "Feature", "properties": {"line_degree": 2.0, "manufacturing_material": 1.0, "diameter": "200 مم", "execution_position": 1.0, "shape_Length": 36.87436219228503, "Depth": 1.6399999999999864, "GL": 160.7, "IL": 159.06, "الشركةالمنفذة": "عوض خليفة", "GlobalID": "{343FFF1D-707F-4AF7-9ADC-680016AFFA5F}", "القطاع": "القطاع الثاني", "Fault_statement": null}, "geometry": {"type": "MultiLineString", "coordinates": [[[31.56397047284739, 30.267657570408492], [31.564266029062072, 30.267445868480955]]]}}, {"type": "Feature", "properties": {"line_degree": 2.0, "manufacturing_material": 1.0, "diameter": "200 مم", "execution_position": 1.0, "shape_Length": 39.97712694050505, "Depth": 1.6599999999999682, "GL": 161.64999999999998, "IL": 159.99, "الشركةالمنفذة": "عوض خليفة", "GlobalID": "{1E8EC1EC-DA95-4C7B-93B5-69907074FCCD}", "القطاع": "القطاع الثاني", "Fault_statement": null}, "geometry": {"type": "MultiLineString", "coordinates": [[[31.56343153525399, 30.267603146315196], [31.56379782849628, 30.267773278214865]]]}}, {"type": "Feature", "properties": {"line_degree": 2.0, "manufacturing_material": 1.0, "diameter": "200 مم", "execution_position": 1.0, "shape_Length": 35.39229843102492, "Depth": 3.1850000000000023, "GL": 161.11, "IL": 157.925, "الشركةالمنفذة": "عوض خليفة", "GlobalID": "{931A4805-7C49-4B14-ADA1-ABB6626685C3}", "القطاع": "القطاع الثاني", "Fault_statement": null}, "geometry": {"type": "MultiLineString", "coordinates": [[[31.56379782849628, 30.267773278214865], [31.564154419879582, 30.26785146213105]]]}}, {"type": "Feature", "properties": {"line_degree": 1.0, "manufacturing_material": 1.0, "diameter": "200 مم", "execution_position": 1.0, "shape_Length": 29.77386826264128, "Depth": 1.7650000000000148, "GL": 172.405, "IL": 170.64, "الشركةالمنفذة": "عوض خليفة", "GlobalID": "{895327D0-D3D1-42E5-97AC-41038E385634}", "القطاع": "القطاع الثاني", "Fault_statement": null}, "geometry": {"type": "MultiLineString", "coordinates": [[[31.557622745503974, 30.2685658992783], [31.557733297902644, 30.268315057674126]]]}}, {"type": "Feature", "properties": {"line_degree": 1.0, "manufacturing_material": 1.0, "diameter": "200 مم", "execution_position": 1.0, "shape_Length": 26.899443736980498, "Depth": 1.759999999999991, "GL": 171.995, "IL": 170.235, "الشركةالمنفذة": "عوض خليفة", "GlobalID": "{FD5A75DC-8CEB-483A-991A-15D66E07E1DB}", "القطاع": "القطاع الثاني", "Fault_statement": null}, "geometry": {"type": "MultiLineString", "coordinates": [[[31.557733297902644, 30.268315057674126], [31.557824789920517, 30.268085780136616]]]}}, {"type": "Feature", "properties": {"line_degree": 1.0, "manufacturing_material": 1.0, "diameter": "200 مم", "execution_position": 1.0, "shape_Length": 25.49926501524571, "Depth": 1.75, "GL": 171.615, "IL": 169.865, "الشركةالمنفذة": "عوض خليفة", "GlobalID": "{C89C68CA-878E-4D69-BC97-DE8AB749F961}", "القطاع": "القطاع الثاني", "Fault_statement": null}, "geometry": {"type": "MultiLineString", "coordinates": [[[31.557824789920517, 30.268085780136616], [31.557915545336762, 30.267869679126324]]]}}, {"type": "Feature", "properties": {"line_degree": 1.0, "manufacturing_material": 1.0, "diameter": "200 مم", "execution_position": 1.0, "shape_Length": 26.970833068375455, "Depth": 1.7450000000000045, "GL": 171.235, "IL": 169.49, "الشركةالمنفذة": "عوض خليفة", "GlobalID": "{7EB5225C-33BC-4BC4-91EC-D6A3B14CA676}", "القطاع": "القطاع الثاني", "Fault_statement": null}, "geometry": {"type": "MultiLineString", "coordinates": [[[31.557915545336762, 30.267869679126324], [31.558010253509295, 30.267640703485696]]]}}, {"type": "Feature", "properties": {"line_degree": 1.0, "manufacturing_material": 1.0, "diameter": "200 مم", "execution_position": 1.0, "shape_Length": 26.851701128620814, "Depth": 1.7450000000000045, "GL": 170.85, "IL": 169.105, "الشركةالمنفذة": "عوض خليفة", "GlobalID": "{7D3A4B7F-0A18-4DB7-99EF-06B0F75CF031}", "القطاع": "القطاع الثاني", "Fault_statement": null}, "geometry": {"type": "MultiLineString", "coordinates": [[[31.558010253509295, 30.267640703485696], [31.558097666453204, 30.267410683576905]]]}}, {"type": "Feature", "properties": {"line_degree": 1.0, "manufacturing_material": 1.0, "diameter": "200 مم", "execution_position": 1.0, "shape_Length": 21.575700182757437, "Depth": 1.7350000000000136, "GL": 170.505, "IL": 168.76999999999998, "الشركةالمنفذة": "عوض خليفة", "GlobalID": "{08278077-D168-4182-BFC3-F26744F2AA5D}", "القطاع": "القطاع الثاني", "Fault_statement": null}, "geometry": {"type": "MultiLineString", "coordinates": [[[31.558097666453204, 30.267410683576905], [31.55816683704011, 30.267225556631967]]]}}, {"type": "Feature", "properties": {"line_degree": 1.0, "manufacturing_material": 1.0, "diameter": "200 مم", "execution_position": 1.0, "shape_Length": 20.99690801077525, "Depth": 1.7349999999999852, "GL": 170.20499999999998, "IL": 168.47, "الشركةالمنفذة": "عوض خليفة", "GlobalID": "{B422D320-F25E-4276-B561-057383436987}", "القطاع": "القطاع الثاني", "Fault_statement": null}, "geometry": {"type": "MultiLineString", "coordinates": [[[31.55816683704011, 30.267225556631967], [31.558235082941763, 30.26704566003111]]]}}, {"type": "Feature", "properties": {"line_degree": 1.0, "manufacturing_material": 1.0, "diameter": "200 مم", "execution_position": 1.0, "shape_Length": 24.750964343690356, "Depth": 1.795000000000016, "GL": 169.88, "IL": 168.08499999999998, "الشركةالمنفذة": "عوض خليفة", "GlobalID": "{99F5A29E-D2D7-4BAB-9ECE-2B6C9C9EEC46}", "القطاع": "القطاع الثاني", "Fault_statement": null}, "geometry": {"type": "MultiLineString", "coordinates": [[[31.558235082941763, 30.26704566003111], [31.55834690061944, 30.266844599959697]]]}}, {"type": "Feature", "properties": {"line_degree": 1.0, "manufacturing_material": 1.0, "diameter": "200 مم", "execution_position": 1.0, "shape_Length": 22.12587098348561, "Depth": 1.8449999999999989, "GL": 169.54, "IL": 167.695, "الشركةالمنفذة": "عوض خليفة", "GlobalID": "{1F750240-3BF8-4115-978B-82EA6A16EE52}", "القطاع": "القطاع الثاني", "Fault_statement": null}, "geometry": {"type": "MultiLineString", "coordinates": [[[31.55834690061944, 30.266844599959697], [31.55847609673077, 30.26667950429432]]]}}, {"type": "Feature", "properties": {"line_degree": 1.0, "manufacturing_material": 1.0, "diameter": "200 مم", "execution_position": 1.0, "shape_Length": 17.512582106823512, "Depth": 1.8349999999999795, "GL": 169.255, "IL": 167.42000000000002, "الشركةالمنفذة": "عوض خليفة", "GlobalID": "{D218F8D1-8D34-404E-8233-3B954453A328}", "القطاع": "القطاع الثاني", "Fault_statement": null}, "geometry": {"type": "MultiLineString", "coordinates": [[[31.55847609673077, 30.26667950429432], [31.558599308419332, 30.266563247247166]]]}}, {"type": "Feature", "properties": {"line_degree": 1.0, "manufacturing_material": 1.0, "diameter": "200 مم", "execution_position": 1.0, "shape_Length": 17.89724008708866, "Depth": 1.8599999999999852, "GL": 169.035, "IL": 167.175, "الشركةالمنفذة": "عوض خليفة", "GlobalID": "{C6B4EECA-9DBD-433C-901E-94606AFD844D}", "القطاع": "القطاع الثاني", "Fault_statement": null}, "geometry": {"type": "MultiLineString", "coordinates": [[[31.558599308419332, 30.266563247247166], [31.558736295672453, 30.266454053949495]]]}}, {"type": "Feature", "properties": {"line_degree": 1.0, "manufacturing_material": 1.0, "diameter": "200 مم", "execution_position": 1.0, "shape_Length": 22.537120973917624, "Depth": 1.8850000000000193, "GL": 168.775, "IL": 166.89, "الشركةالمنفذة": "عوض خليفة", "GlobalID": "{2233A3D3-BE7E-4305-941C-F0DD506A3927}", "القطاع": "القطاع الثاني", "Fault_statement": null}, "geometry": {"type": "MultiLineString", "coordinates": [[[31.558736295672453, 30.266454053949495], [31.558928326967543, 30.26633768201694]]]}}, {"type": "Feature", "properties": {"line_degree": 1.0, "manufacturing_material": 1.0, "diameter": "200 مم", "execution_position": 1.0, "shape_Length": 24.232340136424774, "Depth": 1.875, "GL": 168.435, "IL": 166.56, "الشركةالمنفذة": "عوض خليفة", "GlobalID": "{8236BB5B-1554-43D6-816D-7A4208E37674}", "القطاع": "القطاع الثاني", "Fault_statement": null}, "geometry": {"type": "MultiLineString", "coordinates": [[[31.558928326967543, 30.26633768201694], [31.559151349275837, 30.26623618591565]]]}}, {"type": "Feature", "properties": {"line_degree": 1.0, "manufacturing_material": 1.0, "diameter": "200 مم", "execution_position": 1.0, "shape_Length": 18.645890183203225, "Depth": 1.9050000000000011, "GL": 168.165, "IL": 166.26, "الشركةالمنفذة": "عوض خليفة", "GlobalID": "{3B04F000-A2E4-473B-88A9-444DF62FC67E}", "القطاع": "القطاع الثاني", "Fault_statement": null}, "geometry": {"type": "MultiLineString", "coordinates": [[[31.559151349275837, 30.26623618591565], [31.55933558381887, 30.266184093875026]]]}}, {"type": "Feature", "properties": {"line_degree": 1.0, "manufacturing_material": 1.0, "diameter": "200 مم", "execution_position": 1.0, "shape_Length": 40.982353580173964, "Depth": 1.9350000000000023, "GL": 167.78, "IL": 165.845, "الشركةالمنفذة": "عوض خليفة", "GlobalID": "{3073B255-B6FE-463B-B2A6-E254E76B3284}", "القطاع": "القطاع الثاني", "Fault_statement": null}, "geometry": {"type": "MultiLineString", "coordinates": [[[31.55933558381887, 30.266184093875026], [31.55975644090195, 30.266127511877134]]]}}, {"type": "Feature", "properties": {"line_degree": 1.0, "manufacturing_material": 1.0, "diameter": "200 مم", "execution_position": 1.0, "shape_Length": 33.80190039180608, "Depth": 1.9049999999999727, "GL": 167.2, "IL": 165.29500000000002, "الشركةالمنفذة": "عوض خليفة", "GlobalID": "{AE4E1E3C-FC87-450A-86C3-9BC9E26D9423}", "القطاع": "القطاع الثاني", "Fault_statement": null}, "geometry": {"type": "MultiLineString", "coordinates": [[[31.55975644090195, 30.266127511877134], [31.560105175925592, 30.26616399200411]]]}}, {"type": "Feature", "properties": {"line_degree": 2.0, "manufacturing_material": 1.0, "diameter": "200 مم", "execution_position": 1.0, "shape_Length": 27.665543232880747, "Depth": 2.109999999999985, "GL": 172.265, "IL": 170.155, "الشركةالمنفذة": "عوض خليفة", "GlobalID": "{2EF00BC4-A848-4710-B121-2B8ACC139C61}", "القطاع": "القطاع الثاني", "Fault_statement": null}, "geometry": {"type": "MultiLineString", "coordinates": [[[31.558078246782074, 30.26871292194321], [31.557808468167675, 30.268626665065426]]]}}, {"type": "Feature", "properties": {"line_degree": 2.0, "manufacturing_material": 1.0, "diameter": "200 مم", "execution_position": 1.0, "shape_Length": 9.849104205309818, "Depth": 4.390000000000015, "GL": 172.54000000000002, "IL": 168.15, "الشركةالمنفذة": "عوض خليفة", "GlobalID": "{65325D81-C735-4E41-8B07-FEB46B2B124A}", "القطاع": "القطاع الثاني", "Fault_statement": null}, "geometry": {"type": "MultiLineString", "coordinates": [[[31.557808468167675, 30.268626665065426], [31.557712385012564, 30.26859605235307]]]}}, {"type": "Feature", "properties": {"line_degree": 1.0, "manufacturing_material": 1.0, "diameter": "200 مم", "execution_position": 1.0, "shape_Length": 24.291331786991506, "Depth": 1.8050000000000068, "GL": 171.0, "IL": 169.195, "الشركةالمنفذة": "التوحيد", "GlobalID": "{AE594376-FA1A-42A9-B020-AE4FEDB3C1B1}", "القطاع": "القطاع الثالث", "Fault_statement": null}, "geometry": {"type": "MultiLineString", "coordinates": [[[31.556461739457607, 30.27287010610432], [31.556286506723737, 30.272712378375648]]]}}, {"type": "Feature", "properties": {"line_degree": 1.0, "manufacturing_material": 1.0, "diameter": "200 مم", "execution_position": 1.0, "shape_Length": 19.72976416505833, "Depth": 1.7099999999999795, "GL": 170.825, "IL": 169.115, "الشركةالمنفذة": "التوحيد", "GlobalID": "{1EC0863A-E999-4CEE-9BD9-D8D2F702FD77}", "القطاع": "القطاع الثالث", "Fault_statement": null}, "geometry": {"type": "MultiLineString", "coordinates": [[[31.556286506723737, 30.272712378375648], [31.556158182529103, 30.27257357302171]]]}}, {"type": "Feature", "properties": {"line_degree": 1.0, "manufacturing_material": 1.0, "diameter": "200 مم", "execution_position": 1.0, "shape_Length": 19.902547464870644, "Depth": 1.6099999999999852, "GL": 170.66, "IL": 169.05, "الشركةالمنفذة": "التوحيد", "GlobalID": "{AA189179-4944-40FD-9DD2-FAED2DB23E5E}", "القطاع": "القطاع الثالث", "Fault_statement": null}, "geometry": {"type": "MultiLineString", "coordinates": [[[31.556158182529103, 30.27257357302171], [31.556056999389813, 30.272416994043223]]]}}, {"type": "Feature", "properties": {"line_degree": 1.0, "manufacturing_material": 1.0, "diameter": "200 مم", "execution_position": 1.0, "shape_Length": 22.844860334953296, "Depth": 2.1699999999999875, "GL": 170.53, "IL": 168.36, "الشركةالمنفذة": "التوحيد", "GlobalID": "{024A7F29-FFB6-478B-A58B-E9884CF62466}", "القطاع": "القطاع الثالث", "Fault_statement": null}, "geometry": {"type": "MultiLineString", "coordinates": [[[31.556056999389813, 30.272416994043223], [31.555978464675015, 30.272222526918302]]]}}, {"type": "Feature", "properties": {"line_degree": 1.0, "manufacturing_material": 1.0, "diameter": "200 مم", "execution_position": 1.0, "shape_Length": 23.271330699410438, "Depth": 2.8499999999999943, "GL": 170.515, "IL": 167.665, "الشركةالمنفذة": "التوحيد", "GlobalID": "{230338E9-C468-47B6-896C-5EF848C1823A}", "القطاع": "القطاع الثالث", "Fault_statement": null}, "geometry": {"type": "MultiLineString", "coordinates": [[[31.555978464675015, 30.272222526918302], [31.55594077273997, 30.272015176806185]]]}}, {"type": "Feature", "properties": {"line_degree": 1.0, "manufacturing_material": 1.0, "diameter": "200 مم", "execution_position": 1.0, "shape_Length": 19.127652997555135, "Depth": 3.109999999999985, "GL": 170.70999999999998, "IL": 167.6, "الشركةالمنفذة": "التوحيد", "GlobalID": "{F95F7432-13A1-451B-9BB1-164E5CDF6511}", "القطاع": "القطاع الثالث", "Fault_statement": null}, "geometry": {"type": "MultiLineString", "coordinates": [[[31.55594077273997, 30.272015176806185], [31.55594631004985, 30.27184270589853]]]}}, {"type": "Feature", "properties": {"line_degree": 1.0, "manufacturing_material": 1.0, "diameter": "200 مم", "execution_position": 1.0, "shape_Length": 14.936758910773008, "Depth": 3.375, "GL": 170.92000000000002, "IL": 167.54500000000002, "الشركةالمنفذة": "التوحيد", "GlobalID": "{A3699176-0EAF-49F0-8F7C-249FA64C5A76}", "القطاع": "القطاع الثالث", "Fault_statement": null}, "geometry": {"type": "MultiLineString", "coordinates": [[[31.55594631004985, 30.27184270589853], [31.555963196493337, 30.27170877092431]]]}}, {"type": "Feature", "properties": {"line_degree": 2.0, "manufacturing_material": 1.0, "diameter": "200 مم", "execution_position": 1.0, "shape_Length": 35.099425377059035, "Depth": 2.2700000000000102, "GL": 165.775, "IL": 163.505, "الشركةالمنفذة": "عوض خليفة", "GlobalID": "{FA3DDEE5-7493-4F2B-B24F-D78BF91198EC}", "القطاع": "القطاع الثاني", "Fault_statement": null}, "geometry": {"type": "MultiLineString", "coordinates": [[[31.560325559930032, 30.263712787940975], [31.560683612112893, 30.26377310755191]]]}}, {"type": "Feature", "properties": {"line_degree": 2.0, "manufacturing_material": 1.0, "diameter": "200 مم", "execution_position": 1.0, "shape_Length": 33.40570391201106, "Depth": 2.7100000000000364, "GL": 166.10500000000002, "IL": 163.39499999999998, "الشركةالمنفذة": "عوض خليفة", "GlobalID": "{326484E7-69AD-473C-9BD0-CD8EF062C0FA}", "القطاع": "القطاع الثاني", "Fault_statement": null}, "geometry": {"type": "MultiLineString", "coordinates": [[[31.560683612112893, 30.26377310755191], [31.561018266958218, 30.263853172797138]]]}}, {"type": "Feature", "properties": {"line_degree": 2.0, "manufacturing_material": 1.0, "diameter": "200 مم", "execution_position": 1.0, "shape_Length": 35.03437402516774, "Depth": 3.085000000000008, "GL": 166.37, "IL": 163.285, "الشركةالمنفذة": "عوض خليفة", "GlobalID": "{60130D13-8A8B-4EEB-B2AA-0377D783B926}", "القطاع": "القطاع الثاني", "Fault_statement": null}, "geometry": {"type": "MultiLineString", "coordinates": [[[31.561018266958218, 30.263853172797138], [31.561366491874356, 30.26394535490995]]]}}, {"type": "Feature", "properties": {"line_degree": 2.0, "manufacturing_material": 1.0, "diameter": "200 مم", "execution_position": 1.0, "shape_Length": 36.961816596287235, "Depth": 3.3349999999999795, "GL": 166.505, "IL": 163.17000000000002, "الشركةالمنفذة": "عوض خليفة", "GlobalID": "{97BEFD6A-7900-4481-85D4-7D531DB8CFE7}", "القطاع": "القطاع الثاني", "Fault_statement": null}, "geometry": {"type": "MultiLineString", "coordinates": [[[31.561366491874356, 30.26394535490995], [31.561730444529218, 30.26405188521978]]]}}, {"type": "Feature", "properties": {"line_degree": 2.0, "manufacturing_material": 1.0, "diameter": "200 مم", "execution_position": 1.0, "shape_Length": 30.047764711824403, "Depth": 3.3249999999999886, "GL": 166.36, "IL": 163.03500000000003, "الشركةالمنفذة": "عوض خليفة", "GlobalID": "{1FED109E-8B4B-4BEF-84F2-59478157A6F7}", "القطاع": "القطاع الثاني", "Fault_statement": null}, "geometry": {"type": "MultiLineString", "coordinates": [[[31.561730444529218, 30.26405188521978], [31.562027879703965, 30.26413435515291]]]}}, {"type": "Feature", "properties": {"line_degree": 1.0, "manufacturing_material": 1.0, "diameter": "200 مم", "execution_position": 1.0, "shape_Length": 29.703909280870096, "Depth": 1.7150000000000034, "GL": 178.345, "IL": 176.63, "الشركةالمنفذة": "التوحيد", "GlobalID": "{E09F8B37-04F8-427A-92ED-E7CA5AC62829}", "القطاع": "القطاع الثالث", "Fault_statement": null}, "geometry": {"type": "MultiLineString", "coordinates": [[[31.559296966332877, 30.278420941247607], [31.559069109850796, 30.278240162000007]]]}}, {"type": "Feature", "properties": {"line_degree": 1.0, "manufacturing_material": 1.0, "diameter": "200 مم", "execution_position": 1.0, "shape_Length": 22.66391136675879, "Depth": 1.8499999999999943, "GL": 178.215, "IL": 176.365, "الشركةالمنفذة": "التوحيد", "GlobalID": "{EA8C4CDE-E579-4F52-924A-5EBA127D448C}", "القطاع": "القطاع الثالث", "Fault_statement": null}, "geometry": {"type": "MultiLineString", "coordinates": [[[31.559069109850796, 30.278240162000007], [31.55889169592018, 30.27810568754364]]]}}, {"type": "Feature", "properties": {"line_degree": 1.0, "manufacturing_material": 1.0, "diameter": "200 مم", "execution_position": 1.0, "shape_Length": 34.523845910114574, "Depth": 1.6350000000000193, "GL": 172.835, "IL": 171.2, "الشركةالمنفذة": "عوض خليفة", "GlobalID": "{E3DCCEDA-F97E-47F8-91A2-967282C1D8F9}", "القطاع": "القطاع الثاني", "Fault_statement": null}, "geometry": {"type": "MultiLineString", "coordinates": [[[31.557622745503974, 30.2685658992783], [31.557491135067565, 30.268855605588293]]]}}, {"type": "Feature", "properties": {"line_degree": 1.0, "manufacturing_material": 1.0, "diameter": "200 مم", "execution_position": 1.0, "shape_Length": 24.097789676569484, "Depth": 1.7999999999999545, "GL": 171.08499999999998, "IL": 169.28500000000003, "الشركةالمنفذة": "التوحيد", "GlobalID": "{8607DD4A-9DD6-4481-A24B-1DD2C36FF9BE}", "القطاع": "القطاع الثالث", "Fault_statement": null}, "geometry": {"type": "MultiLineString", "coordinates": [[[31.556461739457607, 30.27287010610432], [31.556649777622493, 30.27301367307094]]]}}, {"type": "Feature", "properties": {"line_degree": 1.0, "manufacturing_material": 1.0, "diameter": "200 مم", "execution_position": 1.0, "shape_Length": 40.61987477653013, "Depth": 1.539999999999992, "GL": 173.975, "IL": 172.435, "الشركةالمنفذة": "التوحيد", "GlobalID": "{BB30C8DB-3C6F-4B2B-821E-50DD8B0BFD0A}", "القطاع": "القطاع الثالث", "Fault_statement": null}, "geometry": {"type": "MultiLineString", "coordinates": [[[31.560865918344945, 30.27622708450914], [31.5611778034814, 30.276474014203647]]]}}, {"type": "Feature", "properties": {"line_degree": 2.0, "manufacturing_material": 1.0, "diameter": "250 مم", "execution_position": 1.0, "shape_Length": 22.590590129573386, "Depth": 2.755000000000024, "GL": 164.16500000000002, "IL": 161.41, "الشركةالمنفذة": "عوض خليفة", "GlobalID": "{336F28F3-8301-44B6-849B-805873B7485A}", "القطاع": "القطاع الثاني", "Fault_statement": null}, "geometry": {"type": "MultiLineString", "coordinates": [[[31.558727734960783, 30.26369457743857], [31.558958033370335, 30.263655089747925]]]}}, {"type": "Feature", "properties": {"line_degree": 1.0, "manufacturing_material": 1.0, "diameter": "250 مم", "execution_position": 1.0, "shape_Length": 24.57271821913663, "Depth": 5.695000000000022, "GL": 168.9, "IL": 163.20499999999998, "الشركةالمنفذة": "التوحيد", "GlobalID": "{5AA84007-6A0B-4273-B85E-F8215691A032}", "القطاع": "القطاع الثالث", "Fault_statement": null}, "geometry": {"type": "MultiLineString", "coordinates": [[[31.55396229205352, 30.2739334129805], [31.553783544994044, 30.274091717144167]]]}}, {"type": "Feature", "properties": {"line_degree": 2.0, "manufacturing_material": 1.0, "diameter": "250 مم", "execution_position": 1.0, "shape_Length": 24.073432603874593, "Depth": 3.4299999999999784, "GL": 160.045, "IL": 156.615, "الشركةالمنفذة": "عوض خليفة", "GlobalID": "{02887DBB-3DA4-4D79-8E12-F9154C9B32BC}", "القطاع": "القطاع الثاني", "Fault_statement": null}, "geometry": {"type": "MultiLineString", "coordinates": [[[31.564784697168708, 30.268078765422604], [31.564537183319537, 30.26804721852916]]]}}, {"type": "Feature", "properties": {"line_degree": 2.0, "manufacturing_material": 1.0, "diameter": "250 مم", "execution_position": 1.0, "shape_Length": 29.999822732986065, "Depth": 2.4399999999999977, "GL": 163.925, "IL": 161.485, "الشركةالمنفذة": "عوض خليفة", "GlobalID": "{905ACDF2-3130-49B3-8A75-5153178A20BD}", "القطاع": "القطاع الثاني", "Fault_statement": null}, "geometry": {"type": "MultiLineString", "coordinates": [[[31.55842359851886, 30.263753982344408], [31.558727734960783, 30.26369457743857]]]}}, {"type": "Feature", "properties": {"line_degree": 1.0, "manufacturing_material": 1.0, "diameter": "250 مم", "execution_position": 1.0, "shape_Length": 30.000000989950987, "Depth": 2.890000000000015, "GL": 167.84, "IL": 164.95, "الشركةالمنفذة": "التوحيد", "GlobalID": "{17A3A5BC-698B-458B-A099-0A4F7E226931}", "القطاع": "القطاع الثالث", "Fault_statement": null}, "geometry": {"type": "MultiLineString", "coordinates": [[[31.55337973072519, 30.270598029826743], [31.55324950379938, 30.27084390112974]]]}}, {"type": "Feature", "properties": {"line_degree": 1.0, "manufacturing_material": 1.0, "diameter": "250 مم", "execution_position": 1.0, "shape_Length": 30.000002726566574, "Depth": 2.890000000000015, "GL": 167.48000000000002, "IL": 164.59, "الشركةالمنفذة": "التوحيد", "GlobalID": "{443B6BBF-7194-4FA8-98E7-9C6E71412B19}", "القطاع": "القطاع الثالث", "Fault_statement": null}, "geometry": {"type": "MultiLineString", "coordinates": [[[31.55324950379938, 30.27084390112974], [31.55312286947673, 30.271091182378616]]]}}, {"type": "Feature", "properties": {"line_degree": 1.0, "manufacturing_material": 1.0, "diameter": "250 مم", "execution_position": 1.0, "shape_Length": 27.919134496898216, "Depth": 1.8799999999999955, "GL": 173.28, "IL": 171.4, "الشركةالمنفذة": "التوحيد", "GlobalID": "{E6268011-CB47-46A1-A99E-4F1F747B8E27}", "القطاع": "القطاع الثالث", "Fault_statement": null}, "geometry": {"type": "MultiLineString", "coordinates": [[[31.560056422923925, 30.275586928917], [31.55984211968708, 30.275417148458178]]]}}, {"type": "Feature", "properties": {"line_degree": 1.0, "manufacturing_material": 1.0, "diameter": "250 مم", "execution_position": 1.0, "shape_Length": 38.265073431758296, "Depth": 1.8799999999999955, "GL": 173.115, "IL": 171.235, "الشركةالمنفذة": "التوحيد", "GlobalID": "{DC26555E-B8AD-4118-9D8F-57F1C806B806}", "القطاع": "القطاع الثالث", "Fault_statement": null}, "geometry": {"type": "MultiLineString", "coordinates": [[[31.55984211968708, 30.275417148458178], [31.559546497081563, 30.2751862782476]]]}}, {"type": "Feature", "properties": {"line_degree": 1.0, "manufacturing_material": 1.0, "diameter": "250 مم", "execution_position": 1.0, "shape_Length": 30.6258394347789, "Depth": 1.914999999999992, "GL": 172.755, "IL": 170.84, "الشركةالمنفذة": "التوحيد", "GlobalID": "{9EFEA394-3A74-4D81-984D-74AA34CCD2E3}", "القطاع": "القطاع الثالث", "Fault_statement": null}, "geometry": {"type": "MultiLineString", "coordinates": [[[31.559244654480626, 30.27494801185937], [31.55901027819833, 30.274761106407585]]]}}, {"type": "Feature", "properties": {"line_degree": 2.0, "manufacturing_material": 1.0, "diameter": "250 مم", "execution_position": 1.0, "shape_Length": 38.31163962310971, "Depth": 3.1200000000000045, "GL": 164.445, "IL": 161.325, "الشركةالمنفذة": "عوض خليفة", "GlobalID": "{7102F9EB-AFC7-4C15-9C40-C160C4DF25EB}", "القطاع": "القطاع الثاني", "Fault_statement": null}, "geometry": {"type": "MultiLineString", "coordinates": [[[31.558958033370335, 30.263655089747925], [31.55935412609372, 30.263620328670182]]]}}, {"type": "Feature", "properties": {"line_degree": 1.0, "manufacturing_material": 1.0, "diameter": "250 مم", "execution_position": 1.0, "shape_Length": 39.25903025495106, "Depth": 1.8950000000000102, "GL": 172.935, "IL": 171.04, "الشركةالمنفذة": "التوحيد", "GlobalID": "{117F0CE1-0C3C-4C3A-B042-AE56B4E6A874}", "القطاع": "القطاع الثالث", "Fault_statement": null}, "geometry": {"type": "MultiLineString", "coordinates": [[[31.559546497081563, 30.2751862782476], [31.559244654480626, 30.27494801185937]]]}}, {"type": "Feature", "properties": {"line_degree": 1.0, "manufacturing_material": 1.0, "diameter": "250 مم", "execution_position": 1.0, "shape_Length": 21.549561131095682, "Depth": 1.9099999999999966, "GL": 178.03, "IL": 176.12, "الشركةالمنفذة": "التوحيد", "GlobalID": "{582ABB54-6890-490A-A3C7-3A6A08F726BC}", "القطاع": "القطاع الثالث", "Fault_statement": null}, "geometry": {"type": "MultiLineString", "coordinates": [[[31.55889169592018, 30.27810568754364], [31.558725429102925, 30.277975455463505]]]}}, {"type": "Feature", "properties": {"line_degree": 1.0, "manufacturing_material": 1.0, "diameter": "250 مم", "execution_position": 1.0, "shape_Length": 44.75980826543517, "Depth": 1.8149999999999977, "GL": 177.565, "IL": 175.75, "الشركةالمنفذة": "التوحيد", "GlobalID": "{656A6553-2C93-4BD0-8E56-F0A84ACE8965}", "القطاع": "القطاع الثالث", "Fault_statement": null}, "geometry": {"type": "MultiLineString", "coordinates": [[[31.558417823714183, 30.277731961984948], [31.558073863072728, 30.2774601359532]]]}}, {"type": "Feature", "properties": {"line_degree": 1.0, "manufacturing_material": 1.0, "diameter": "250 مم", "execution_position": 1.0, "shape_Length": 39.99984605687927, "Depth": 2.1899999999999977, "GL": 169.7, "IL": 167.51, "الشركةالمنفذة": "عوض خليفة", "GlobalID": "{933FB65D-F022-41C5-A9C9-C0AF4C34B23A}", "القطاع": "القطاع الثاني", "Fault_statement": null}, "geometry": {"type": "MultiLineString", "coordinates": [[[31.57117247657682, 30.269412578598036], [31.57089892417839, 30.269140908688087]]]}}, {"type": "Feature", "properties": {"line_degree": 1.0, "manufacturing_material": 1.0, "diameter": "250 مم", "execution_position": 1.0, "shape_Length": 40.00012350959405, "Depth": 2.8899999999999864, "GL": 167.06, "IL": 164.17000000000002, "الشركةالمنفذة": "التوحيد", "GlobalID": "{2473364C-31CD-4617-998A-D5AF17CDEA33}", "القطاع": "القطاع الثالث", "Fault_statement": null}, "geometry": {"type": "MultiLineString", "coordinates": [[[31.55312286947673, 30.271091182378616], [31.55294100495282, 30.271415633561453]]]}}, {"type": "Feature", "properties": {"line_degree": 1.0, "manufacturing_material": 1.0, "diameter": "250 مم", "execution_position": 1.0, "shape_Length": 39.99985900671088, "Depth": 1.670000000000016, "GL": 161.01, "IL": 159.33999999999997, "الشركةالمنفذة": "عوض خليفة", "GlobalID": "{7DCF1717-397F-43BA-A863-246E4BB9D6B1}", "القطاع": "القطاع الثاني", "Fault_statement": null}, "geometry": {"type": "MultiLineString", "coordinates": [[[31.550664829485576, 30.266284851487896], [31.550531185941228, 30.266626506578813]]]}}, {"type": "Feature", "properties": {"line_degree": 1.0, "manufacturing_material": 1.0, "diameter": "250 مم", "execution_position": 1.0, "shape_Length": 24.9353653841452, "Depth": 2.0800000000000125, "GL": 168.155, "IL": 166.075, "الشركةالمنفذة": "عوض خليفة", "GlobalID": "{22866AC2-0F80-4CD6-A4A8-88A1B890DC27}", "القطاع": "القطاع الثاني", "Fault_statement": null}, "geometry": {"type": "MultiLineString", "coordinates": [[[31.57089892417839, 30.269140908688087], [31.570724016438653, 30.26897495243261]]]}}, {"type": "Feature", "properties": {"line_degree": 1.0, "manufacturing_material": 1.0, "diameter": "250 مم", "execution_position": 1.0, "shape_Length": 39.756054181684235, "Depth": 2.8899999999999864, "GL": 166.58499999999998, "IL": 163.695, "الشركةالمنفذة": "التوحيد", "GlobalID": "{41E9E754-9F54-4FBF-9289-DFF3C46B2EBE}", "القطاع": "القطاع الثالث", "Fault_statement": null}, "geometry": {"type": "MultiLineString", "coordinates": [[[31.55294100495282, 30.271415633561453], [31.552755293944173, 30.271735976549014]]]}}, {"type": "Feature", "properties": {"line_degree": 1.0, "manufacturing_material": 1.0, "diameter": "250 مم", "execution_position": 1.0, "shape_Length": 39.999946657658725, "Depth": 1.7649999999999864, "GL": 161.265, "IL": 159.5, "الشركةالمنفذة": "عوض خليفة", "GlobalID": "{788341DB-6529-4C2B-9850-613307E5CCC7}", "القطاع": "القطاع الثاني", "Fault_statement": null}, "geometry": {"type": "MultiLineString", "coordinates": [[[31.550791325729193, 30.265941151558543], [31.550664829485576, 30.266284851487896]]]}}, {"type": "Feature", "properties": {"line_degree": 1.0, "manufacturing_material": 1.0, "diameter": "250 مم", "execution_position": 1.0, "shape_Length": 46.48780405440305, "Depth": 3.0049999999999955, "GL": 165.63, "IL": 162.625, "الشركةالمنفذة": "التوحيد", "GlobalID": "{B575EF9C-4955-4BB9-933E-417F44631C6F}", "القطاع": "القطاع الثالث", "Fault_statement": null}, "geometry": {"type": "MultiLineString", "coordinates": [[[31.552571908227232, 30.27205978234225], [31.552349477448576, 30.272432029747833]]]}}, {"type": "Feature", "properties": {"line_degree": 1.0, "manufacturing_material": 1.0, "diameter": "250 مم", "execution_position": 1.0, "shape_Length": 40.000108770406584, "Depth": 2.890000000000015, "GL": 166.11, "IL": 163.22, "الشركةالمنفذة": "التوحيد", "GlobalID": "{F6D39B65-3F05-47DC-BECD-58917853DBCC}", "القطاع": "القطاع الثالث", "Fault_statement": null}, "geometry": {"type": "MultiLineString", "coordinates": [[[31.552755293944173, 30.271735976549014], [31.552571908227232, 30.27205978234225]]]}}, {"type": "Feature", "properties": {"line_degree": 1.0, "manufacturing_material": 1.0, "diameter": "250 مم", "execution_position": 1.0, "shape_Length": 40.00009772995521, "Depth": 2.069999999999993, "GL": 160.805, "IL": 158.735, "الشركةالمنفذة": "عوض خليفة", "GlobalID": "{F73A6059-7947-4BA8-BD94-4E1B1F5F9E35}", "القطاع": "القطاع الثاني", "Fault_statement": null}, "geometry": {"type": "MultiLineString", "coordinates": [[[31.550531185941228, 30.266626506578813], [31.550388635033343, 30.266965440445357]]]}}, {"type": "Feature", "properties": {"line_degree": 1.0, "manufacturing_material": 1.0, "diameter": "250 مم", "execution_position": 1.0, "shape_Length": 39.996123285358024, "Depth": 1.825000000000017, "GL": 166.60000000000002, "IL": 164.775, "الشركةالمنفذة": "عوض خليفة", "GlobalID": "{48772057-7170-452C-8C9E-FBD627F47780}", "القطاع": "القطاع الثاني", "Fault_statement": null}, "geometry": {"type": "MultiLineString", "coordinates": [[[31.570724016438653, 30.26897495243261], [31.57044180968288, 30.268710082713017]]]}}, {"type": "Feature", "properties": {"line_degree": 1.0, "manufacturing_material": 1.0, "diameter": "250 مم", "execution_position": 1.0, "shape_Length": 40.05856842840413, "Depth": 1.7349999999999852, "GL": 177.76999999999998, "IL": 176.035, "الشركةالمنفذة": "التوحيد", "GlobalID": "{6C0CAA85-1003-435E-8C16-37D7CB879A60}", "القطاع": "القطاع الثالث", "Fault_statement": null}, "geometry": {"type": "MultiLineString", "coordinates": [[[31.558725429102925, 30.277975455463505], [31.558417823714183, 30.277731961984948]]]}}, {"type": "Feature", "properties": {"line_degree": 1.0, "manufacturing_material": 1.0, "diameter": "250 مم", "execution_position": 1.0, "shape_Length": 40.016189076255294, "Depth": 4.985000000000014, "GL": 168.35500000000002, "IL": 163.37, "الشركةالمنفذة": "التوحيد", "GlobalID": "{21654F9F-F807-41D8-93E4-23D74E54926B}", "القطاع": "القطاع الثالث", "Fault_statement": null}, "geometry": {"type": "MultiLineString", "coordinates": [[[31.553744835501835, 30.273625732970782], [31.55396229205352, 30.2739334129805]]]}}, {"type": "Feature", "properties": {"line_degree": 2.0, "manufacturing_material": 1.0, "diameter": "250 مم", "execution_position": 1.0, "shape_Length": 48.00632999122708, "Depth": 3.650000000000034, "GL": 164.85500000000002, "IL": 161.20499999999998, "الشركةالمنفذة": "عوض خليفة", "GlobalID": "{2AD734D8-8BF2-4EA6-B217-C33FB7999EF2}", "القطاع": "القطاع الثاني", "Fault_statement": null}, "geometry": {"type": "MultiLineString", "coordinates": [[[31.55935412609372, 30.263620328670182], [31.559852642332118, 30.263604416805897]]]}}, {"type": "Feature", "properties": {"line_degree": 2.0, "manufacturing_material": 1.0, "diameter": "250 مم", "execution_position": 1.0, "shape_Length": 49.964426073838204, "Depth": 4.569999999999993, "GL": 165.435, "IL": 160.865, "الشركةالمنفذة": "عوض خليفة", "GlobalID": "{11A71E93-F2E7-43DA-8764-50D67F806C0F}", "القطاع": "القطاع الثاني", "Fault_statement": null}, "geometry": {"type": "MultiLineString", "coordinates": [[[31.559852642332118, 30.263604416805897], [31.560360280890535, 30.26350983459796]]]}}, {"type": "Feature", "properties": {"line_degree": 1.0, "manufacturing_material": 1.0, "diameter": "250 مم", "execution_position": 1.0, "shape_Length": 49.53438271431435, "Depth": 1.964999999999975, "GL": 177.39, "IL": 175.425, "الشركةالمنفذة": "التوحيد", "GlobalID": "{5989CAE2-A6A9-4937-82D0-C9550AD6DCB8}", "القطاع": "القطاع الثالث", "Fault_statement": null}, "geometry": {"type": "MultiLineString", "coordinates": [[[31.558073863072728, 30.2774601359532], [31.55769298611103, 30.277159530241633]]]}}, {"type": "Feature", "properties": {"line_degree": 1.0, "manufacturing_material": 1.0, "diameter": "250 مم", "execution_position": 1.0, "shape_Length": 41.91894477015979, "Depth": 2.035000000000025, "GL": 165.41000000000003, "IL": 163.375, "الشركةالمنفذة": "عوض خليفة", "GlobalID": "{F8FABA79-E74D-4E53-BB97-BF2766BEAD9E}", "القطاع": "القطاع الثاني", "Fault_statement": null}, "geometry": {"type": "MultiLineString", "coordinates": [[[31.57044180968288, 30.268710082713017], [31.570150533803496, 30.268428919382853]]]}}, {"type": "Feature", "properties": {"line_degree": 1.0, "manufacturing_material": 1.0, "diameter": "250 مم", "execution_position": 1.0, "shape_Length": 23.658890450932603, "Depth": 2.2350000000000136, "GL": 164.685, "IL": 162.45, "الشركةالمنفذة": "عوض خليفة", "GlobalID": "{7F8043D7-600D-4C68-BF2D-148236EE4AEB}", "القطاع": "القطاع الثاني", "Fault_statement": null}, "geometry": {"type": "MultiLineString", "coordinates": [[[31.570150533803496, 30.268428919382853], [31.56997942225687, 30.26827567523296]]]}}, {"type": "Feature", "properties": {"line_degree": 1.0, "manufacturing_material": 1.0, "diameter": "250 مم", "execution_position": 1.0, "shape_Length": 29.310777284149864, "Depth": 2.109999999999985, "GL": 164.095, "IL": 161.985, "الشركةالمنفذة": "عوض خليفة", "GlobalID": "{495F37C6-E726-42E8-A9BA-2E988069DD5A}", "القطاع": "القطاع الثاني", "Fault_statement": null}, "geometry": {"type": "MultiLineString", "coordinates": [[[31.56997942225687, 30.26827567523296], [31.56976053523011, 30.26809181556875]]]}}, {"type": "Feature", "properties": {"line_degree": 1.0, "manufacturing_material": 1.0, "diameter": "250 مم", "execution_position": 1.0, "shape_Length": 25.96657885626175, "Depth": 2.0800000000000125, "GL": 163.585, "IL": 161.505, "الشركةالمنفذة": "عوض خليفة", "GlobalID": "{668AA4BC-6702-40DA-B027-8736F70465D9}", "القطاع": "القطاع الثاني", "Fault_statement": null}, "geometry": {"type": "MultiLineString", "coordinates": [[[31.56976053523011, 30.26809181556875], [31.569566253248897, 30.26792926500237]]]}}, {"type": "Feature", "properties": {"line_degree": 1.0, "manufacturing_material": 1.0, "diameter": "250 مم", "execution_position": 1.0, "shape_Length": 27.143653413527247, "Depth": 2.1100000000000136, "GL": 162.18, "IL": 160.07, "الشركةالمنفذة": "عوض خليفة", "GlobalID": "{657ED200-492E-4D58-ACD5-F1BBBEE01A8F}", "القطاع": "القطاع الثاني", "Fault_statement": null}, "geometry": {"type": "MultiLineString", "coordinates": [[[31.569144921407297, 30.26758794931475], [31.568933042825954, 30.267426320255396]]]}}, {"type": "Feature", "properties": {"line_degree": 1.0, "manufacturing_material": 1.0, "diameter": "250 مم", "execution_position": 1.0, "shape_Length": 27.261874671995947, "Depth": 2.1249999999999716, "GL": 161.71499999999997, "IL": 159.59, "الشركةالمنفذة": "عوض خليفة", "GlobalID": "{FE881403-0F92-48B9-80A5-D44C19416B26}", "القطاع": "القطاع الثاني", "Fault_statement": null}, "geometry": {"type": "MultiLineString", "coordinates": [[[31.568933042825954, 30.267426320255396], [31.568718446435703, 30.26726577786482]]]}}, {"type": "Feature", "properties": {"line_degree": 1.0, "manufacturing_material": 1.0, "diameter": "250 مم", "execution_position": 1.0, "shape_Length": 27.39122619444005, "Depth": 2.1299999999999955, "GL": 161.245, "IL": 159.115, "الشركةالمنفذة": "عوض خليفة", "GlobalID": "{C1EE2B39-9B8A-4398-8FED-253D1A56C9B3}", "القطاع": "القطاع الثاني", "Fault_statement": null}, "geometry": {"type": "MultiLineString", "coordinates": [[[31.568718446435703, 30.26726577786482], [31.56850039601148, 30.267106960359982]]]}}, {"type": "Feature", "properties": {"line_degree": 1.0, "manufacturing_material": 1.0, "diameter": "250 مم", "execution_position": 1.0, "shape_Length": 26.16626754672382, "Depth": 2.1599999999999966, "GL": 160.785, "IL": 158.625, "الشركةالمنفذة": "عوض خليفة", "GlobalID": "{981A21B8-44C8-401A-9FCB-A1914F244AF2}", "القطاع": "القطاع الثاني", "Fault_statement": null}, "geometry": {"type": "MultiLineString", "coordinates": [[[31.56850039601148, 30.267106960359982], [31.568289899153722, 30.266957548743502]]]}}, {"type": "Feature", "properties": {"line_degree": 1.0, "manufacturing_material": 1.0, "diameter": "250 مم", "execution_position": 1.0, "shape_Length": 29.872380220839, "Depth": 2.2450000000000045, "GL": 163.82999999999998, "IL": 161.58499999999998, "الشركةالمنفذة": "عوض خليفة", "GlobalID": "{5329F39A-16BB-463D-BD12-A9588EB7E809}", "القطاع": "القطاع الثاني", "Fault_statement": null}, "geometry": {"type": "MultiLineString", "coordinates": [[[31.556132764189957, 30.263453050556585], [31.55619190809568, 30.263188527501836]]]}}, {"type": "Feature", "properties": {"line_degree": 1.0, "manufacturing_material": 1.0, "diameter": "250 مم", "execution_position": 1.0, "shape_Length": 27.80909385405052, "Depth": 2.0900000000000034, "GL": 163.125, "IL": 161.035, "الشركةالمنفذة": "عوض خليفة", "GlobalID": "{45672412-68F6-44DD-B3C9-E9D4FB232AC1}", "القطاع": "القطاع الثاني", "Fault_statement": null}, "geometry": {"type": "MultiLineString", "coordinates": [[[31.569566253248897, 30.26792926500237], [31.56935520878851, 30.26775790177415]]]}}, {"type": "Feature", "properties": {"line_degree": 1.0, "manufacturing_material": 1.0, "diameter": "250 مم", "execution_position": 1.0, "shape_Length": 27.64914750866476, "Depth": 2.099999999999966, "GL": 162.64999999999998, "IL": 160.55, "الشركةالمنفذة": "عوض خليفة", "GlobalID": "{C46DFB37-EFDE-4A2B-BEEC-058FC0D03F48}", "القطاع": "القطاع الثاني", "Fault_statement": null}, "geometry": {"type": "MultiLineString", "coordinates": [[[31.56935520878851, 30.26775790177415], [31.569144921407297, 30.26758794931475]]]}}, {"type": "Feature", "properties": {"line_degree": 2.0, "manufacturing_material": 1.0, "diameter": "250 مم", "execution_position": 1.0, "shape_Length": 19.02548829443332, "Depth": 1.8999999999999773, "GL": 170.44, "IL": 168.54000000000002, "الشركةالمنفذة": "عوض خليفة", "GlobalID": "{D086A54E-8D98-44A5-B1AF-F51CB2DCEDD2}", "القطاع": "القطاع الثاني", "Fault_statement": null}, "geometry": {"type": "MultiLineString", "coordinates": [[[31.571105476424044, 30.26957404030261], [31.57117247657682, 30.269412578598036]]]}}, {"type": "Feature", "properties": {"line_degree": 2.0, "manufacturing_material": 1.0, "diameter": "250 مم", "execution_position": 1.0, "shape_Length": 23.64636536222738, "Depth": 2.7099999999999795, "GL": 159.71499999999997, "IL": 157.005, "الشركةالمنفذة": "عوض خليفة", "GlobalID": "{320BBB5C-B09B-41FD-B75B-C276254EE468}", "القطاع": "القطاع الثاني", "Fault_statement": null}, "geometry": {"type": "MultiLineString", "coordinates": [[[31.564991685390087, 30.26819372165788], [31.564784697168708, 30.268078765422604]]]}}, {"type": "Feature", "properties": {"line_degree": 2.0, "manufacturing_material": 1.0, "diameter": "250 مم", "execution_position": 1.0, "shape_Length": 10.70617788936674, "Depth": 4.164999999999992, "GL": 160.815, "IL": 156.65, "الشركةالمنفذة": "عوض خليفة", "GlobalID": "{1961190F-9759-4A6B-B080-4DC5AD64775C}", "القطاع": "القطاع الثاني", "Fault_statement": null}, "geometry": {"type": "MultiLineString", "coordinates": [[[31.564061789813465, 30.267904954865365], [31.564154419879582, 30.26785146213105]]]}}, {"type": "Feature", "properties": {"line_degree": 1.0, "manufacturing_material": 1.0, "diameter": "200 مم", "execution_position": 1.0, "shape_Length": 33.78005790136156, "Depth": 1.9399999999999977, "GL": 166.735, "IL": 164.79500000000002, "الشركةالمنفذة": "عوض خليفة", "GlobalID": "{3CC76B24-B107-42B4-B6E6-BE2E7148A8A2}", "القطاع": "القطاع الثاني", "Fault_statement": null}, "geometry": {"type": "MultiLineString", "coordinates": [[[31.560105175925592, 30.26616399200411], [31.56044048191321, 30.26625417138348]]]}}, {"type": "Feature", "properties": {"line_degree": 1.0, "manufacturing_material": 1.0, "diameter": "250 مم", "execution_position": 1.0, "shape_Length": 24.39806963248269, "Depth": 1.9950000000000045, "GL": 166.385, "IL": 164.39, "الشركةالمنفذة": "عوض خليفة", "GlobalID": "{57547D80-77B7-4B79-AE57-CB6EE38BC228}", "القطاع": "القطاع الثاني", "Fault_statement": null}, "geometry": {"type": "MultiLineString", "coordinates": [[[31.56044048191321, 30.26625417138348], [31.560676883248004, 30.266333706437763]]]}}, {"type": "Feature", "properties": {"line_degree": 1.0, "manufacturing_material": 1.0, "diameter": "250 مم", "execution_position": 1.0, "shape_Length": 33.54835753537866, "Depth": 1.9199999999999875, "GL": 165.97, "IL": 164.05, "الشركةالمنفذة": "عوض خليفة", "GlobalID": "{6DB588BD-3771-41E2-BC50-B2105AEFF978}", "القطاع": "القطاع الثاني", "Fault_statement": null}, "geometry": {"type": "MultiLineString", "coordinates": [[[31.560676883248004, 30.266333706437763], [31.56099788521567, 30.266451760975347]]]}}, {"type": "Feature", "properties": {"line_degree": 1.0, "manufacturing_material": 1.0, "diameter": "250 مم", "execution_position": 1.0, "shape_Length": 9.233830191898342, "Depth": 1.960000000000008, "GL": 165.4, "IL": 163.44, "الشركةالمنفذة": "عوض خليفة", "GlobalID": "{B21BD639-A879-4CB7-8B02-09AAE4C1E288}", "القطاع": "القطاع الثاني", "Fault_statement": null}, "geometry": {"type": "MultiLineString", "coordinates": [[[31.561214582840577, 30.266529165705695], [31.561177629506176, 30.266606033701184]]]}}, {"type": "Feature", "properties": {"line_degree": 1.0, "manufacturing_material": 1.0, "diameter": "250 مم", "execution_position": 1.0, "shape_Length": 22.549526172528275, "Depth": 1.795000000000016, "GL": 165.565, "IL": 163.76999999999998, "الشركةالمنفذة": "عوض خليفة", "GlobalID": "{C0496582-D6A4-4039-8BDC-911FEC57D586}", "القطاع": "القطاع الثاني", "Fault_statement": null}, "geometry": {"type": "MultiLineString", "coordinates": [[[31.56099788521567, 30.266451760975347], [31.561214582840577, 30.266529165705695]]]}}, {"type": "Feature", "properties": {"line_degree": 1.0, "manufacturing_material": 1.0, "diameter": "200 مم", "execution_position": 1.0, "shape_Length": 26.371052512422178, "Depth": 3.7350000000000136, "GL": 171.185, "IL": 167.45, "الشركةالمنفذة": "التوحيد", "GlobalID": "{75C201AA-A3A4-44B4-A625-237EAFEF33AA}", "القطاع": "القطاع الثالث", "Fault_statement": null}, "geometry": {"type": "MultiLineString", "coordinates": [[[31.555963196493337, 30.27170877092431], [31.556046979442893, 30.271482284014393]]]}}, {"type": "Feature", "properties": {"line_degree": 1.0, "manufacturing_material": 1.0, "diameter": "250 مم", "execution_position": 1.0, "shape_Length": 27.680031556441296, "Depth": 4.304999999999978, "GL": 171.64499999999998, "IL": 167.34, "الشركةالمنفذة": "التوحيد", "GlobalID": "{036457D4-6485-4F06-86A4-0AB7A6660DA7}", "القطاع": "القطاع الثالث", "Fault_statement": null}, "geometry": {"type": "MultiLineString", "coordinates": [[[31.556046979442893, 30.271482284014393], [31.5561790336756, 30.271260465192274]]]}}, {"type": "Feature", "properties": {"line_degree": 1.0, "manufacturing_material": 1.0, "diameter": "250 مم", "execution_position": 1.0, "shape_Length": 26.48771918161178, "Depth": 4.890000000000015, "GL": 172.155, "IL": 167.265, "الشركةالمنفذة": "التوحيد", "GlobalID": "{5DDCA7B7-C6AE-42BC-ADFA-2E1E2A911444}", "القطاع": "القطاع الثالث", "Fault_statement": null}, "geometry": {"type": "MultiLineString", "coordinates": [[[31.5561790336756, 30.271260465192274], [31.55630594425926, 30.271048446214643]]]}}, {"type": "Feature", "properties": {"line_degree": 1.0, "manufacturing_material": 1.0, "diameter": "250 مم", "execution_position": 1.0, "shape_Length": 47.419317962060525, "Depth": 5.670000000000016, "GL": 172.835, "IL": 167.165, "الشركةالمنفذة": "التوحيد", "GlobalID": "{DC223205-02CB-4067-9223-08A223BB8976}", "القطاع": "القطاع الثالث", "Fault_statement": null}, "geometry": {"type": "MultiLineString", "coordinates": [[[31.55630594425926, 30.271048446214643], [31.556535767529404, 30.27067007379214]]]}}, {"type": "Feature", "properties": {"line_degree": 2.0, "manufacturing_material": 1.0, "diameter": "250 مم", "execution_position": 1.0, "shape_Length": 26.558276006541206, "Depth": 3.109999999999985, "GL": 166.03, "IL": 162.92000000000002, "الشركةالمنفذة": "عوض خليفة", "GlobalID": "{B9FB1625-981D-40CA-8401-E811E711EF1E}", "القطاع": "القطاع الثاني", "Fault_statement": null}, "geometry": {"type": "MultiLineString", "coordinates": [[[31.562027879703965, 30.26413435515291], [31.56228718188549, 30.26421637088143]]]}}, {"type": "Feature", "properties": {"line_degree": 2.0, "manufacturing_material": 1.0, "diameter": "250 مم", "execution_position": 1.0, "shape_Length": 28.012706322653496, "Depth": 2.259999999999991, "GL": 169.2, "IL": 166.94, "الشركةالمنفذة": "عوض خليفة", "GlobalID": "{11064151-E591-456B-BAE0-0D4D58CA06EE}", "القطاع": "القطاع الثاني", "Fault_statement": null}, "geometry": {"type": "MultiLineString", "coordinates": [[[31.56228718188549, 30.26421637088143], [31.56256059398026, 30.264303093785912]]]}}, {"type": "Feature", "properties": {"line_degree": 2.0, "manufacturing_material": 1.0, "diameter": "250 مم", "execution_position": 1.0, "shape_Length": 27.126783698431105, "Depth": 1.9950000000000045, "GL": 168.51, "IL": 166.515, "الشركةالمنفذة": "عوض خليفة", "GlobalID": "{50E352F2-5770-46B9-9CDB-8FBF4A2BB49A}", "القطاع": "القطاع الثاني", "Fault_statement": null}, "geometry": {"type": "MultiLineString", "coordinates": [[[31.56256059398026, 30.264303093785912], [31.562821918521283, 30.264394836444964]]]}}, {"type": "Feature", "properties": {"line_degree": 2.0, "manufacturing_material": 1.0, "diameter": "250 مم", "execution_position": 1.0, "shape_Length": 27.04305914135886, "Depth": 2.3950000000000102, "GL": 164.04, "IL": 161.64499999999998, "الشركةالمنفذة": "عوض خليفة", "GlobalID": "{D4F0F488-29D4-4B13-B2F1-AB26C47C1C3B}", "القطاع": "القطاع الثاني", "Fault_statement": null}, "geometry": {"type": "MultiLineString", "coordinates": [[[31.562821918521283, 30.264394836444964], [31.56308312946227, 30.26448479482011]]]}}, {"type": "Feature", "properties": {"line_degree": 2.0, "manufacturing_material": 1.0, "diameter": "250 مم", "execution_position": 1.0, "shape_Length": 26.080663404405627, "Depth": 2.355000000000018, "GL": 163.24, "IL": 160.885, "الشركةالمنفذة": "عوض خليفة", "GlobalID": "{383AC7DB-B437-4856-8139-E5BBAFA78E9E}", "القطاع": "القطاع الثاني", "Fault_statement": null}, "geometry": {"type": "MultiLineString", "coordinates": [[[31.56308312946227, 30.26448479482011], [31.56333291347587, 30.264576077237688]]]}}, {"type": "Feature", "properties": {"line_degree": 2.0, "manufacturing_material": 1.0, "diameter": "250 مم", "execution_position": 1.0, "shape_Length": 31.036801997384458, "Depth": 2.3499999999999943, "GL": 162.415, "IL": 160.065, "الشركةالمنفذة": "عوض خليفة", "GlobalID": "{468BF815-4C5F-4E75-AB43-95C5C1820661}", "القطاع": "القطاع الثاني", "Fault_statement": null}, "geometry": {"type": "MultiLineString", "coordinates": [[[31.56333291347587, 30.264576077237688], [31.56362769827055, 30.264689657393742]]]}}, {"type": "Feature", "properties": {"line_degree": 2.0, "manufacturing_material": 1.0, "diameter": "250 مم", "execution_position": 1.0, "shape_Length": 32.41133467730533, "Depth": 2.3499999999999943, "GL": 161.505, "IL": 159.155, "الشركةالمنفذة": "عوض خليفة", "GlobalID": "{DD950F5F-EA0F-492F-A508-D2D2A487CC6B}", "القطاع": "القطاع الثاني", "Fault_statement": null}, "geometry": {"type": "MultiLineString", "coordinates": [[[31.56362769827055, 30.264689657393742], [31.56393399349406, 30.264811244454382]]]}}, {"type": "Feature", "properties": {"line_degree": 2.0, "manufacturing_material": 1.0, "diameter": "250 مم", "execution_position": 1.0, "shape_Length": 28.97492980457831, "Depth": 2.3100000000000023, "GL": 160.59, "IL": 158.28, "الشركةالمنفذة": "عوض خليفة", "GlobalID": "{83EDF0D1-EEC1-4560-9162-902F1E5956A9}", "القطاع": "القطاع الثاني", "Fault_statement": null}, "geometry": {"type": "MultiLineString", "coordinates": [[[31.56393399349406, 30.264811244454382], [31.564208063436862, 30.264919465803178]]]}}, {"type": "Feature", "properties": {"line_degree": 2.0, "manufacturing_material": 1.0, "diameter": "250 مم", "execution_position": 1.0, "shape_Length": 24.998823852278992, "Depth": 2.2549999999999955, "GL": 159.765, "IL": 157.51, "الشركةالمنفذة": "عوض خليفة", "GlobalID": "{C084C651-8900-4A49-98FF-EC98F465E433}", "القطاع": "القطاع الثاني", "Fault_statement": null}, "geometry": {"type": "MultiLineString", "coordinates": [[[31.564208063436862, 30.264919465803178], [31.56443998899137, 30.265021046677575]]]}}, {"type": "Feature", "properties": {"line_degree": 2.0, "manufacturing_material": 1.0, "diameter": "250 مم", "execution_position": 1.0, "shape_Length": 29.972780603208996, "Depth": 2.2600000000000193, "GL": 158.98000000000002, "IL": 156.72, "الشركةالمنفذة": "عوض خليفة", "GlobalID": "{9B78D447-9925-4B60-8AFC-92A0FFBA9AB4}", "القطاع": "القطاع الثاني", "Fault_statement": null}, "geometry": {"type": "MultiLineString", "coordinates": [[[31.56443998899137, 30.265021046677575], [31.564717423449792, 30.265143928735142]]]}}, {"type": "Feature", "properties": {"line_degree": 2.0, "manufacturing_material": 1.0, "diameter": "250 مم", "execution_position": 1.0, "shape_Length": 30.223773839148162, "Depth": 2.269999999999982, "GL": 158.13, "IL": 155.86, "الشركةالمنفذة": "عوض خليفة", "GlobalID": "{29D7BDC0-6B0B-4BE3-87E2-DB3A8BEBAD81}", "القطاع": "القطاع الثاني", "Fault_statement": null}, "geometry": {"type": "MultiLineString", "coordinates": [[[31.564717423449792, 30.265143928735142], [31.564993879405776, 30.265273303720782]]]}}, {"type": "Feature", "properties": {"line_degree": 2.0, "manufacturing_material": 1.0, "diameter": "250 مم", "execution_position": 1.0, "shape_Length": 24.969964652945702, "Depth": 2.2600000000000193, "GL": 157.335, "IL": 155.075, "الشركةالمنفذة": "عوض خليفة", "GlobalID": "{5C37ECC1-090B-421A-95A5-EEC41E410ACF}", "القطاع": "القطاع الثاني", "Fault_statement": null}, "geometry": {"type": "MultiLineString", "coordinates": [[[31.564993879405776, 30.265273303720782], [31.565224695984742, 30.26537620314414]]]}}, {"type": "Feature", "properties": {"line_degree": 2.0, "manufacturing_material": 1.0, "diameter": "250 مم", "execution_position": 1.0, "shape_Length": 23.909863144257255, "Depth": 2.430000000000007, "GL": 156.755, "IL": 154.325, "الشركةالمنفذة": "عوض خليفة", "GlobalID": "{2AD45700-11B7-47FF-B9DD-ED78B5E9660B}", "القطاع": "القطاع الثاني", "Fault_statement": null}, "geometry": {"type": "MultiLineString", "coordinates": [[[31.565224695984742, 30.26537620314414], [31.565434741806772, 30.26549140718596]]]}}, {"type": "Feature", "properties": {"line_degree": 2.0, "manufacturing_material": 1.0, "diameter": "300 مم", "execution_position": 1.0, "shape_Length": 19.065293966369623, "Depth": 2.3899999999999864, "GL": 170.20999999999998, "IL": 167.82, "الشركةالمنفذة": "التوحيد", "GlobalID": "{66D7A5EA-CB58-4F2B-AE1E-48C1DDA3EE4D}", "القطاع": "القطاع الثالث", "Fault_statement": null}, "geometry": {"type": "MultiLineString", "coordinates": [[[31.564945628261043, 30.27849592992974], [31.56509940753016, 30.278604380208392]]]}}, {"type": "Feature", "properties": {"line_degree": 1.0, "manufacturing_material": 1.0, "diameter": "300 مم", "execution_position": 1.0, "shape_Length": 19.999964589846005, "Depth": 2.289999999999992, "GL": 176.39, "IL": 174.1, "الشركةالمنفذة": "التوحيد", "GlobalID": "{EBEAFFA8-9CBD-4170-A05E-91E249FE34F7}", "القطاع": "القطاع الثالث", "Fault_statement": null}, "geometry": {"type": "MultiLineString", "coordinates": [[[31.55687680563327, 30.276516704332348], [31.556721655391588, 30.27639665160042]]]}}, {"type": "Feature", "properties": {"line_degree": 1.0, "manufacturing_material": 1.0, "diameter": "300 مم", "execution_position": 1.0, "shape_Length": 29.99979596904765, "Depth": 2.344999999999999, "GL": 171.24, "IL": 168.895, "الشركةالمنفذة": "عوض خليفة", "GlobalID": "{0C4455EE-E143-48FB-8F9A-01C1C3920DE3}", "القطاع": "القطاع الثاني", "Fault_statement": null}, "geometry": {"type": "MultiLineString", "coordinates": [[[31.570862163675777, 30.27417519009345], [31.570603584822102, 30.27432637392501]]]}}, {"type": "Feature", "properties": {"line_degree": 2.0, "manufacturing_material": 1.0, "diameter": "300 مم", "execution_position": 1.0, "shape_Length": 30.349712198636624, "Depth": 1.8700000000000045, "GL": 172.56, "IL": 170.69, "الشركةالمنفذة": "التوحيد", "GlobalID": "{32A34ECE-F4FC-4E08-B21B-FBC72216CAE8}", "القطاع": "القطاع الثالث", "Fault_statement": null}, "geometry": {"type": "MultiLineString", "coordinates": [[[31.558469711349545, 30.274704347333383], [31.55868244384658, 30.274502224118546]]]}}, {"type": "Feature", "properties": {"line_degree": 2.0, "manufacturing_material": 1.0, "diameter": "300 مم", "execution_position": 1.0, "shape_Length": 40.03317825224589, "Depth": 2.0649999999999977, "GL": 175.385, "IL": 173.32, "الشركةالمنفذة": "التوحيد", "GlobalID": "{7A49352B-AD40-4FBA-9731-E32AACA57D61}", "القطاع": "القطاع الثالث", "Fault_statement": null}, "geometry": {"type": "MultiLineString", "coordinates": [[[31.556955230241584, 30.276154630097757], [31.55723434335776, 30.27588683452845]]]}}, {"type": "Feature", "properties": {"line_degree": 2.0, "manufacturing_material": 1.0, "diameter": "300 مم", "execution_position": 1.0, "shape_Length": 35.00002813999437, "Depth": 2.1850000000000023, "GL": 175.95499999999998, "IL": 173.76999999999998, "الشركةالمنفذة": "التوحيد", "GlobalID": "{A4EA6DA6-83A7-4F4E-8F4E-5A277BFF9DA7}", "القطاع": "القطاع الثالث", "Fault_statement": null}, "geometry": {"type": "MultiLineString", "coordinates": [[[31.556721655391588, 30.27639665160042], [31.556955230241584, 30.276154630097757]]]}}, {"type": "Feature", "properties": {"line_degree": 2.0, "manufacturing_material": 1.0, "diameter": "300 مم", "execution_position": 1.0, "shape_Length": 38.00011351783042, "Depth": 2.2299999999999898, "GL": 170.16, "IL": 167.93, "الشركةالمنفذة": "التوحيد", "GlobalID": "{CCFC2C81-ECBC-47CE-8B46-DC2913CF4D4D}", "القطاع": "القطاع الثالث", "Fault_statement": null}, "geometry": {"type": "MultiLineString", "coordinates": [[[31.564652446580315, 30.278725589965557], [31.564945628261043, 30.27849592992974]]]}}, {"type": "Feature", "properties": {"line_degree": 1.0, "manufacturing_material": 1.0, "diameter": "300 مم", "execution_position": 1.0, "shape_Length": 42.647099007389166, "Depth": 1.990000000000009, "GL": 172.57, "IL": 170.57999999999998, "الشركةالمنفذة": "التوحيد", "GlobalID": "{993E53BE-802E-480B-A1B3-4C7045D963FF}", "القطاع": "القطاع الثالث", "Fault_statement": null}, "geometry": {"type": "MultiLineString", "coordinates": [[[31.55901027819833, 30.274761106407585], [31.55868244384658, 30.274502224118546]]]}}, {"type": "Feature", "properties": {"line_degree": 1.0, "manufacturing_material": 1.0, "diameter": "300 مم", "execution_position": 1.0, "shape_Length": 40.0000804420097, "Depth": 2.1850000000000023, "GL": 171.0, "IL": 168.815, "الشركةالمنفذة": "عوض خليفة", "GlobalID": "{A964ADE6-6EBB-4551-89AE-9A8C40AE82A4}", "القطاع": "القطاع الثاني", "Fault_statement": null}, "geometry": {"type": "MultiLineString", "coordinates": [[[31.570603584822102, 30.27432637392501], [31.570263257631787, 30.27453357061968]]]}}, {"type": "Feature", "properties": {"line_degree": 1.0, "manufacturing_material": 1.0, "diameter": "300 مم", "execution_position": 1.0, "shape_Length": 28.317750968449904, "Depth": 1.920000000000016, "GL": 176.98000000000002, "IL": 175.06, "الشركةالمنفذة": "التوحيد", "GlobalID": "{830E2A2B-A7FE-48CF-A1A4-6775FCB7748F}", "القطاع": "القطاع الثالث", "Fault_statement": null}, "geometry": {"type": "MultiLineString", "coordinates": [[[31.557492388835364, 30.27700176063339], [31.557273864058672, 30.276830664330276]]]}}, {"type": "Feature", "properties": {"line_degree": 1.0, "manufacturing_material": 1.0, "diameter": "300 مم", "execution_position": 1.0, "shape_Length": 40.22706827717256, "Depth": 2.4250000000000114, "GL": 156.495, "IL": 154.07, "الشركةالمنفذة": "عوض خليفة", "GlobalID": "{EBA116B9-4D7C-40D2-B52A-2657AC40F5C5}", "القطاع": "القطاع الثاني", "Fault_statement": null}, "geometry": {"type": "MultiLineString", "coordinates": [[[31.566419898479978, 30.265799047394818], [31.56606610575607, 30.265605774663594]]]}}, {"type": "Feature", "properties": {"line_degree": 2.0, "manufacturing_material": 1.0, "diameter": "300 مم", "execution_position": 1.0, "shape_Length": 45.00168423460605, "Depth": 1.990000000000009, "GL": 174.8, "IL": 172.81, "الشركةالمنفذة": "التوحيد", "GlobalID": "{A5B8576C-984C-40DD-B280-0D049174AE81}", "القطاع": "القطاع الثالث", "Fault_statement": null}, "geometry": {"type": "MultiLineString", "coordinates": [[[31.55723434335776, 30.27588683452845], [31.557549173049726, 30.275586651082204]]]}}, {"type": "Feature", "properties": {"line_degree": 1.0, "manufacturing_material": 1.0, "diameter": "300 مم", "execution_position": 1.0, "shape_Length": 51.68252742521606, "Depth": 2.1599999999999966, "GL": 176.69, "IL": 174.53, "الشركةالمنفذة": "التوحيد", "GlobalID": "{4DEC0D8A-1C0C-43F6-947C-1CB7202F165F}", "القطاع": "القطاع الثالث", "Fault_statement": null}, "geometry": {"type": "MultiLineString", "coordinates": [[[31.557273864058672, 30.276830664330276], [31.55687680563327, 30.276516704332348]]]}}, {"type": "Feature", "properties": {"line_degree": 2.0, "manufacturing_material": 1.0, "diameter": "300 مم", "execution_position": 1.0, "shape_Length": 41.999912436780505, "Depth": 1.7299999999999898, "GL": 172.94, "IL": 171.21, "الشركةالمنفذة": "التوحيد", "GlobalID": "{937BFE64-3C9C-4F6D-8FF5-135D1CBE735A}", "القطاع": "القطاع الثالث", "Fault_statement": null}, "geometry": {"type": "MultiLineString", "coordinates": [[[31.55817678995808, 30.27498522079448], [31.558469711349545, 30.274704347333383]]]}}, {"type": "Feature", "properties": {"line_degree": 2.0, "manufacturing_material": 1.0, "diameter": "300 مم", "execution_position": 1.0, "shape_Length": 42.00023357131241, "Depth": 1.8149999999999693, "GL": 173.52499999999998, "IL": 171.71, "الشركةالمنفذة": "التوحيد", "GlobalID": "{45CC2F92-1925-4E21-A535-A5B7494A7A9C}", "القطاع": "القطاع الثالث", "Fault_statement": null}, "geometry": {"type": "MultiLineString", "coordinates": [[[31.55788432623917, 30.27526645788481], [31.55817678995808, 30.27498522079448]]]}}, {"type": "Feature", "properties": {"line_degree": 2.0, "manufacturing_material": 1.0, "diameter": "300 مم", "execution_position": 1.0, "shape_Length": 47.958601995686294, "Depth": 1.9050000000000011, "GL": 174.155, "IL": 172.25, "الشركةالمنفذة": "التوحيد", "GlobalID": "{F18D719C-3723-40AA-90C2-D2D7F3184C13}", "القطاع": "القطاع الثالث", "Fault_statement": null}, "geometry": {"type": "MultiLineString", "coordinates": [[[31.557549173049726, 30.275586651082204], [31.55788432623917, 30.27526645788481]]]}}, {"type": "Feature", "properties": {"line_degree": 1.0, "manufacturing_material": 1.0, "diameter": "300 مم", "execution_position": 1.0, "shape_Length": 26.04735062091304, "Depth": 1.8949999999999818, "GL": 177.2, "IL": 175.305, "الشركةالمنفذة": "التوحيد", "GlobalID": "{3224D705-A6FA-4D84-8B45-B12DA973F098}", "القطاع": "القطاع الثالث", "Fault_statement": null}, "geometry": {"type": "MultiLineString", "coordinates": [[[31.55769298611103, 30.277159530241633], [31.557492388835364, 30.27700176063339]]]}}, {"type": "Feature", "properties": {"line_degree": 1.0, "manufacturing_material": 1.0, "diameter": "300 مم", "execution_position": 1.0, "shape_Length": 27.741486963137508, "Depth": 2.194999999999993, "GL": 160.32, "IL": 158.125, "الشركةالمنفذة": "عوض خليفة", "GlobalID": "{BCB375A1-0AA8-46C3-9A44-E8F03B798741}", "القطاع": "القطاع الثاني", "Fault_statement": null}, "geometry": {"type": "MultiLineString", "coordinates": [[[31.568289899153722, 30.266957548743502], [31.568064651275662, 30.26680137580355]]]}}, {"type": "Feature", "properties": {"line_degree": 1.0, "manufacturing_material": 1.0, "diameter": "300 مم", "execution_position": 1.0, "shape_Length": 28.457376622475827, "Depth": 2.2050000000000125, "GL": 159.835, "IL": 157.63, "الشركةالمنفذة": "عوض خليفة", "GlobalID": "{4805321C-CA2E-4C08-B68C-2BA79546FE25}", "القطاع": "القطاع الثاني", "Fault_statement": null}, "geometry": {"type": "MultiLineString", "coordinates": [[[31.568064651275662, 30.26680137580355], [31.56783085413716, 30.266644193108256]]]}}, {"type": "Feature", "properties": {"line_degree": 1.0, "manufacturing_material": 1.0, "diameter": "300 مم", "execution_position": 1.0, "shape_Length": 24.968250328964654, "Depth": 2.2150000000000034, "GL": 159.38, "IL": 157.165, "الشركةالمنفذة": "عوض خليفة", "GlobalID": "{E4DFFCF5-F434-43D1-9581-081F0A43DF4C}", "القطاع": "القطاع الثاني", "Fault_statement": null}, "geometry": {"type": "MultiLineString", "coordinates": [[[31.56783085413716, 30.266644193108256], [31.56762146982081, 30.266511185562212]]]}}, {"type": "Feature", "properties": {"line_degree": 1.0, "manufacturing_material": 1.0, "diameter": "300 مم", "execution_position": 1.0, "shape_Length": 28.505683557202353, "Depth": 2.2250000000000227, "GL": 158.925, "IL": 156.7, "الشركةالمنفذة": "عوض خليفة", "GlobalID": "{341A351F-848F-480C-A5F9-FDE67D20B987}", "القطاع": "القطاع الثاني", "Fault_statement": null}, "geometry": {"type": "MultiLineString", "coordinates": [[[31.56762146982081, 30.266511185562212], [31.56738369728624, 30.266357831293405]]]}}, {"type": "Feature", "properties": {"line_degree": 1.0, "manufacturing_material": 1.0, "diameter": "300 مم", "execution_position": 1.0, "shape_Length": 28.71157888589532, "Depth": 2.230000000000018, "GL": 158.43, "IL": 156.2, "الشركةالمنفذة": "عوض خليفة", "GlobalID": "{91505027-3F19-48AE-8242-0059DFBF6CCC}", "القطاع": "القطاع الثاني", "Fault_statement": null}, "geometry": {"type": "MultiLineString", "coordinates": [[[31.56738369728624, 30.266357831293405], [31.56714165096066, 30.266206401984956]]]}}, {"type": "Feature", "properties": {"line_degree": 1.0, "manufacturing_material": 1.0, "diameter": "300 مم", "execution_position": 1.0, "shape_Length": 28.784540706648873, "Depth": 2.240000000000009, "GL": 157.935, "IL": 155.695, "الشركةالمنفذة": "عوض خليفة", "GlobalID": "{AC62135D-4692-4FE2-8B46-E1131264E5BD}", "القطاع": "القطاع الثاني", "Fault_statement": null}, "geometry": {"type": "MultiLineString", "coordinates": [[[31.56714165096066, 30.266206401984956], [31.566894493256065, 30.26606015580951]]]}}, {"type": "Feature", "properties": {"line_degree": 1.0, "manufacturing_material": 1.0, "diameter": "300 مم", "execution_position": 1.0, "shape_Length": 26.129288676961835, "Depth": 2.255000000000024, "GL": 157.465, "IL": 155.20999999999998, "الشركةالمنفذة": "عوض خليفة", "GlobalID": "{4C2D3A60-A6A3-4D7F-9152-02C9CFBF9C56}", "القطاع": "القطاع الثاني", "Fault_statement": null}, "geometry": {"type": "MultiLineString", "coordinates": [[[31.566894493256065, 30.26606015580951], [31.566667252219535, 30.26593114777612]]]}}, {"type": "Feature", "properties": {"line_degree": 1.0, "manufacturing_material": 1.0, "diameter": "300 مم", "execution_position": 1.0, "shape_Length": 27.947434032213675, "Depth": 2.2649999999999864, "GL": 157.005, "IL": 154.74, "الشركةالمنفذة": "عوض خليفة", "GlobalID": "{F65A5B8F-3A02-4E09-BCDC-9AED3BE90B89}", "القطاع": "القطاع الثاني", "Fault_statement": null}, "geometry": {"type": "MultiLineString", "coordinates": [[[31.566667252219535, 30.26593114777612], [31.566419898479978, 30.265799047394818]]]}}, {"type": "Feature", "properties": {"line_degree": 1.0, "manufacturing_material": 1.0, "diameter": "250 مم", "execution_position": 1.0, "shape_Length": 36.082058923937005, "Depth": 6.409999999999997, "GL": 173.46, "IL": 167.05, "الشركةالمنفذة": "التوحيد", "GlobalID": "{6C8E6CE3-5C30-430C-B979-3F2D9D621A72}", "القطاع": "القطاع الثالث", "Fault_statement": null}, "geometry": {"type": "MultiLineString", "coordinates": [[[31.556535767529404, 30.27067007379214], [31.556704142554654, 30.270379259870378]]]}}, {"type": "Feature", "properties": {"line_degree": 1.0, "manufacturing_material": 1.0, "diameter": "250 مم", "execution_position": 1.0, "shape_Length": 29.50277542483936, "Depth": 6.720000000000027, "GL": 173.675, "IL": 166.95499999999998, "الشركةالمنفذة": "التوحيد", "GlobalID": "{FED2A9D1-6A0A-4FAE-B432-E6F9E17FBFE8}", "القطاع": "القطاع الثالث", "Fault_statement": null}, "geometry": {"type": "MultiLineString", "coordinates": [[[31.556704142554654, 30.270379259870378], [31.556839217320366, 30.27014035364887]]]}}, {"type": "Feature", "properties": {"line_degree": 1.0, "manufacturing_material": 1.0, "diameter": "250 مم", "execution_position": 1.0, "shape_Length": 48.226135074425386, "Depth": 6.719999999999999, "GL": 173.565, "IL": 166.845, "الشركةالمنفذة": "التوحيد", "GlobalID": "{517FA5FB-D5F6-4EAB-9965-6803864FAE83}", "القطاع": "القطاع الثالث", "Fault_statement": null}, "geometry": {"type": "MultiLineString", "coordinates": [[[31.556839217320366, 30.27014035364887], [31.557049712183463, 30.269745567579672]]]}}, {"type": "Feature", "properties": {"line_degree": 1.0, "manufacturing_material": 1.0, "diameter": "200 مم", "execution_position": 1.0, "shape_Length": 26.36097245191826, "Depth": 6.659999999999997, "GL": 173.375, "IL": 166.715, "الشركةالمنفذة": "التوحيد", "GlobalID": "{ABB3760F-DB02-4CE4-9A6A-7928C7D9AD2F}", "القطاع": "القطاع الثالث", "Fault_statement": null}, "geometry": {"type": "MultiLineString", "coordinates": [[[31.557049712183463, 30.269745567579672], [31.557162423789144, 30.269528841657042]]]}}, {"type": "Feature", "properties": {"line_degree": 1.0, "manufacturing_material": 1.0, "diameter": "300 مم", "execution_position": 1.0, "shape_Length": 19.0677489831729, "Depth": 6.744999999999976, "GL": 173.225, "IL": 166.48000000000002, "الشركةالمنفذة": "التوحيد", "GlobalID": "{85EA351D-B071-4A8C-B8D7-8F9BE2FAB45E}", "القطاع": "القطاع الثالث", "Fault_statement": null}, "geometry": {"type": "MultiLineString", "coordinates": [[[31.557162423789144, 30.269528841657042], [31.557319483382614, 30.269423971962258]]]}}, {"type": "Feature", "properties": {"line_degree": 1.0, "manufacturing_material": 1.0, "diameter": "400 مم", "execution_position": 1.0, "shape_Length": 43.92484727758314, "Depth": 2.0600000000000023, "GL": 170.97000000000003, "IL": 168.91000000000003, "الشركةالمنفذة": "التوحيد", "GlobalID": "{36CC48C3-403A-47C6-A066-3A21E4B7032F}", "القطاع": "القطاع الثالث", "Fault_statement": null}, "geometry": {"type": "MultiLineString", "coordinates": [[[31.55652818666699, 30.272804351974244], [31.556227356752984, 30.27250634616508]]]}}, {"type": "Feature", "properties": {"line_degree": 1.0, "manufacturing_material": 1.0, "diameter": "400 مم", "execution_position": 1.0, "shape_Length": 36.91948121840536, "Depth": 2.119999999999976, "GL": 170.78, "IL": 168.66000000000003, "الشركةالمنفذة": "التوحيد", "GlobalID": "{11054DC9-9192-4298-806B-F7F832C80301}", "القطاع": "القطاع الثالث", "Fault_statement": null}, "geometry": {"type": "MultiLineString", "coordinates": [[[31.556227356752984, 30.27250634616508], [31.556071173240483, 30.272202160799097]]]}}, {"type": "Feature", "properties": {"line_degree": 1.0, "manufacturing_material": 1.0, "diameter": "400 مم", "execution_position": 1.0, "shape_Length": 24.42696132947567, "Depth": 2.049999999999983, "GL": 171.66, "IL": 169.61, "الشركةالمنفذة": "التوحيد", "GlobalID": "{A2BA85A1-6816-4BC2-AC50-55F4FA6D49C0}", "القطاع": "القطاع الثالث", "Fault_statement": null}, "geometry": {"type": "MultiLineString", "coordinates": [[[31.557528138399864, 30.273592234829454], [31.557339952946773, 30.27344435079551]]]}}, {"type": "Feature", "properties": {"line_degree": 2.0, "manufacturing_material": 1.0, "diameter": "400 مم", "execution_position": 1.0, "shape_Length": 26.54465562503078, "Depth": 5.730000000000018, "GL": 168.81, "IL": 163.07999999999998, "الشركةالمنفذة": "التوحيد", "GlobalID": "{03B5682A-BFCC-4D32-B803-1D078A12FB8A}", "القطاع": "القطاع الثالث", "Fault_statement": null}, "geometry": {"type": "MultiLineString", "coordinates": [[[31.553783544994044, 30.274091717144167], [31.55357891008393, 30.273931140426544]]]}}, {"type": "Feature", "properties": {"line_degree": 1.0, "manufacturing_material": 1.0, "diameter": "400 مم", "execution_position": 1.0, "shape_Length": 29.96682060284532, "Depth": 2.3799999999999955, "GL": 170.105, "IL": 167.725, "الشركةالمنفذة": "التوحيد", "GlobalID": "{65D7C911-E731-4C19-A3D5-4BC50CDE5FA9}", "القطاع": "القطاع الثالث", "Fault_statement": null}, "geometry": {"type": "MultiLineString", "coordinates": [[[31.56509940753016, 30.278604380208392], [31.565317274333633, 30.278411217615155]]]}}, {"type": "Feature", "properties": {"line_degree": 1.0, "manufacturing_material": 1.0, "diameter": "400 مم", "execution_position": 1.0, "shape_Length": 30.033289692783523, "Depth": 2.2299999999999898, "GL": 169.91, "IL": 167.68, "الشركةالمنفذة": "التوحيد", "GlobalID": "{6F065E63-54CE-492F-9CC3-A6E0DFC2C61A}", "القطاع": "القطاع الثالث", "Fault_statement": null}, "geometry": {"type": "MultiLineString", "coordinates": [[[31.565317274333633, 30.278411217615155], [31.565533497957002, 30.27821583731001]]]}}, {"type": "Feature", "properties": {"line_degree": 1.0, "manufacturing_material": 1.0, "diameter": "400 مم", "execution_position": 1.0, "shape_Length": 33.455323241749554, "Depth": 2.984999999999957, "GL": 165.45499999999998, "IL": 162.47000000000003, "الشركةالمنفذة": "التوحيد", "GlobalID": "{02F09F80-2A5F-4422-9EE5-36FCEA257027}", "القطاع": "القطاع الثالث", "Fault_statement": null}, "geometry": {"type": "MultiLineString", "coordinates": [[[31.55234606292108, 30.2729626772525], [31.552088283953736, 30.272760173016366]]]}}, {"type": "Feature", "properties": {"line_degree": 1.0, "manufacturing_material": 1.0, "diameter": "400 مم", "execution_position": 1.0, "shape_Length": 34.99985004414176, "Depth": 1.8499999999999943, "GL": 169.435, "IL": 167.585, "الشركةالمنفذة": "التوحيد", "GlobalID": "{7FD618CC-E901-4DF9-A610-13B90ED98523}", "القطاع": "القطاع الثالث", "Fault_statement": null}, "geometry": {"type": "MultiLineString", "coordinates": [[[31.565816962733386, 30.27795968635811], [31.566071770518583, 30.277734380281]]]}}, {"type": "Feature", "properties": {"line_degree": 1.0, "manufacturing_material": 1.0, "diameter": "400 مم", "execution_position": 1.0, "shape_Length": 30.009940928398596, "Depth": 2.0500000000000114, "GL": 171.79500000000002, "IL": 169.745, "الشركةالمنفذة": "التوحيد", "GlobalID": "{72FFD1A0-BA25-4FEB-B233-3E4496C5BEBB}", "القطاع": "القطاع الثالث", "Fault_statement": null}, "geometry": {"type": "MultiLineString", "coordinates": [[[31.557759578758095, 30.273773685505695], [31.557528138399864, 30.273592234829454]]]}}, {"type": "Feature", "properties": {"line_degree": 1.0, "manufacturing_material": 1.0, "diameter": "400 مم", "execution_position": 1.0, "shape_Length": 39.37398314591311, "Depth": 2.045000000000016, "GL": 169.68, "IL": 167.635, "الشركةالمنفذة": "التوحيد", "GlobalID": "{F18A18A9-EFE4-45DD-973E-35ED9BFDB987}", "القطاع": "القطاع الثالث", "Fault_statement": null}, "geometry": {"type": "MultiLineString", "coordinates": [[[31.565533497957002, 30.27821583731001], [31.565816962733386, 30.27795968635811]]]}}, {"type": "Feature", "properties": {"line_degree": 1.0, "manufacturing_material": 1.0, "diameter": "400 مم", "execution_position": 1.0, "shape_Length": 40.00012915672046, "Depth": 3.7450000000000045, "GL": 166.665, "IL": 162.92, "الشركةالمنفذة": "التوحيد", "GlobalID": "{6E2B4DB7-D312-4905-AAC5-4F525396C011}", "القطاع": "القطاع الثالث", "Fault_statement": null}, "geometry": {"type": "MultiLineString", "coordinates": [[[31.552962484525107, 30.273446911243603], [31.552654272962627, 30.27320479372265]]]}}, {"type": "Feature", "properties": {"line_degree": 1.0, "manufacturing_material": 1.0, "diameter": "400 مم", "execution_position": 1.0, "shape_Length": 39.999972340548524, "Depth": 4.635000000000019, "GL": 165.36, "IL": 160.725, "الشركةالمنفذة": "عوض خليفة", "GlobalID": "{80747D1A-0FA7-446D-834D-7C07FB1DA996}", "القطاع": "القطاع الثاني", "Fault_statement": null}, "geometry": {"type": "MultiLineString", "coordinates": [[[31.559540572520245, 30.263352246620283], [31.55994703545627, 30.263427707338646]]]}}, {"type": "Feature", "properties": {"line_degree": 1.0, "manufacturing_material": 1.0, "diameter": "400 مم", "execution_position": 1.0, "shape_Length": 40.000116624555055, "Depth": 4.299999999999983, "GL": 165.07999999999998, "IL": 160.78, "الشركةالمنفذة": "عوض خليفة", "GlobalID": "{0E502BC7-6C94-4A2B-B642-5D9E62BDD19F}", "القطاع": "القطاع الثاني", "Fault_statement": null}, "geometry": {"type": "MultiLineString", "coordinates": [[[31.559132782647726, 30.263282382971628], [31.559540572520245, 30.263352246620283]]]}}, {"type": "Feature", "properties": {"line_degree": 1.0, "manufacturing_material": 1.0, "diameter": "400 مم", "execution_position": 1.0, "shape_Length": 40.00018053373102, "Depth": 3.2900000000000205, "GL": 164.24, "IL": 160.95, "الشركةالمنفذة": "عوض خليفة", "GlobalID": "{17CC8459-86A0-4356-A437-E7D0F7B5FF4A}", "القطاع": "القطاع الثاني", "Fault_statement": null}, "geometry": {"type": "MultiLineString", "coordinates": [[[31.5579022955297, 30.263108761157127], [31.558314296324603, 30.263156507008564]]]}}, {"type": "Feature", "properties": {"line_degree": 1.0, "manufacturing_material": 1.0, "diameter": "400 مم", "execution_position": 1.0, "shape_Length": 39.99993909998109, "Depth": 3.6299999999999955, "GL": 164.51999999999998, "IL": 160.89, "الشركةالمنفذة": "عوض خليفة", "GlobalID": "{126873D2-50E8-4C55-B676-0ABAB89C3222}", "القطاع": "القطاع الثاني", "Fault_statement": null}, "geometry": {"type": "MultiLineString", "coordinates": [[[31.558314296324603, 30.263156507008564], [31.558724514991116, 30.26321466514658]]]}}, {"type": "Feature", "properties": {"line_degree": 1.0, "manufacturing_material": 1.0, "diameter": "400 مم", "execution_position": 1.0, "shape_Length": 39.999965200120975, "Depth": 2.3950000000000102, "GL": 163.565, "IL": 161.17, "الشركةالمنفذة": "عوض خليفة", "GlobalID": "{20D14F24-0588-49BC-9F40-CA00B6168499}", "القطاع": "القطاع الثاني", "Fault_statement": null}, "geometry": {"type": "MultiLineString", "coordinates": [[[31.556252922757192, 30.262927065238376], [31.55666530254958, 30.262972258287753]]]}}, {"type": "Feature", "properties": {"line_degree": 1.0, "manufacturing_material": 1.0, "diameter": "400 مم", "execution_position": 1.0, "shape_Length": 45.642161316608956, "Depth": 1.9750000000000227, "GL": 172.17000000000002, "IL": 170.195, "الشركةالمنفذة": "التوحيد", "GlobalID": "{548C9C4D-59BD-4194-A8F5-4AE1DB9905F7}", "القطاع": "القطاع الثالث", "Fault_statement": null}, "geometry": {"type": "MultiLineString", "coordinates": [[[31.558511319500088, 30.274366443117593], [31.55815908001489, 30.274090704989582]]]}}, {"type": "Feature", "properties": {"line_degree": 1.0, "manufacturing_material": 1.0, "diameter": "400 مم", "execution_position": 1.0, "shape_Length": 22.30958223676272, "Depth": 2.0049999999999955, "GL": 172.37, "IL": 170.365, "الشركةالمنفذة": "التوحيد", "GlobalID": "{0688C2A0-0B6B-4D8D-BF32-90819ED2886C}", "القطاع": "القطاع الثالث", "Fault_statement": null}, "geometry": {"type": "MultiLineString", "coordinates": [[[31.55868244384658, 30.274502224118546], [31.558511319500088, 30.274366443117593]]]}}, {"type": "Feature", "properties": {"line_degree": 1.0, "manufacturing_material": 1.0, "diameter": "400 مم", "execution_position": 1.0, "shape_Length": 39.99983496221206, "Depth": 2.6200000000000045, "GL": 163.68, "IL": 161.06, "الشركةالمنفذة": "عوض خليفة", "GlobalID": "{A381E45B-1E1E-471B-8133-496A5428D8B7}", "القطاع": "القطاع الثاني", "Fault_statement": null}, "geometry": {"type": "MultiLineString", "coordinates": [[[31.557077800739382, 30.26301663769129], [31.557490297190522, 30.263061013995394]]]}}, {"type": "Feature", "properties": {"line_degree": 1.0, "manufacturing_material": 1.0, "diameter": "400 مم", "execution_position": 1.0, "shape_Length": 40.00005889012879, "Depth": 2.3649999999999807, "GL": 163.48, "IL": 161.115, "الشركةالمنفذة": "عوض خليفة", "GlobalID": "{A5EAAD69-6757-4BA4-A7D7-E7C78EBD6F26}", "القطاع": "القطاع الثاني", "Fault_statement": null}, "geometry": {"type": "MultiLineString", "coordinates": [[[31.55666530254958, 30.262972258287753], [31.557077800739382, 30.26301663769129]]]}}, {"type": "Feature", "properties": {"line_degree": 1.0, "manufacturing_material": 1.0, "diameter": "400 مم", "execution_position": 1.0, "shape_Length": 39.99999423265776, "Depth": 5.150000000000006, "GL": 168.18, "IL": 163.03, "الشركةالمنفذة": "التوحيد", "GlobalID": "{99ED69CB-07F3-4318-94BA-11B1FB50AD88}", "القطاع": "القطاع الثالث", "Fault_statement": null}, "geometry": {"type": "MultiLineString", "coordinates": [[[31.55357891008393, 30.273931140426544], [31.553270695509852, 30.273689026216086]]]}}, {"type": "Feature", "properties": {"line_degree": 1.0, "manufacturing_material": 1.0, "diameter": "400 مم", "execution_position": 1.0, "shape_Length": 39.99992254129522, "Depth": 3.9650000000000034, "GL": 164.8, "IL": 160.835, "الشركةالمنفذة": "عوض خليفة", "GlobalID": "{6B2C2C74-8022-471F-A194-FA02D253D049}", "القطاع": "القطاع الثاني", "Fault_statement": null}, "geometry": {"type": "MultiLineString", "coordinates": [[[31.558724514991116, 30.26321466514658], [31.559132782647726, 30.263282382971628]]]}}, {"type": "Feature", "properties": {"line_degree": 1.0, "manufacturing_material": 1.0, "diameter": "400 مم", "execution_position": 1.0, "shape_Length": 39.99998242563809, "Depth": 2.954999999999984, "GL": 163.95999999999998, "IL": 161.005, "الشركةالمنفذة": "عوض خليفة", "GlobalID": "{89D585F3-0325-4707-8A14-063017B89F4A}", "القطاع": "القطاع الثاني", "Fault_statement": null}, "geometry": {"type": "MultiLineString", "coordinates": [[[31.557490297190522, 30.263061013995394], [31.5579022955297, 30.263108761157127]]]}}, {"type": "Feature", "properties": {"line_degree": 1.0, "manufacturing_material": 1.0, "diameter": "400 مم", "execution_position": 1.0, "shape_Length": 39.99984660068394, "Depth": 4.445000000000022, "GL": 167.42000000000002, "IL": 162.975, "الشركةالمنفذة": "التوحيد", "GlobalID": "{8301514C-F5ED-461C-91B4-F52C30BA675B}", "القطاع": "القطاع الثالث", "Fault_statement": null}, "geometry": {"type": "MultiLineString", "coordinates": [[[31.553270695509852, 30.273689026216086], [31.552962484525107, 30.273446911243603]]]}}, {"type": "Feature", "properties": {"line_degree": 1.0, "manufacturing_material": 1.0, "diameter": "400 مم", "execution_position": 1.0, "shape_Length": 39.99999423197029, "Depth": 3.0949999999999704, "GL": 165.95499999999998, "IL": 162.86, "الشركةالمنفذة": "التوحيد", "GlobalID": "{9B4BAA06-13F2-414C-9C60-57D2B7B8DEA5}", "القطاع": "القطاع الثالث", "Fault_statement": null}, "geometry": {"type": "MultiLineString", "coordinates": [[[31.552654272962627, 30.27320479372265], [31.55234606292108, 30.2729626772525]]]}}, {"type": "Feature", "properties": {"line_degree": 1.0, "manufacturing_material": 1.0, "diameter": "400 مم", "execution_position": 1.0, "shape_Length": 40.79699204473577, "Depth": 4.9950000000000045, "GL": 165.64, "IL": 160.64499999999998, "الشركةالمنفذة": "عوض خليفة", "GlobalID": "{755A9E12-26A9-4939-A22E-3C152B732BC2}", "القطاع": "القطاع الثاني", "Fault_statement": null}, "geometry": {"type": "MultiLineString", "coordinates": [[[31.55994703545627, 30.263427707338646], [31.560360280890535, 30.26350983459796]]]}}, {"type": "Feature", "properties": {"line_degree": 1.0, "manufacturing_material": 1.0, "diameter": "400 مم", "execution_position": 1.0, "shape_Length": 44.829239389201064, "Depth": 2.055000000000007, "GL": 171.19, "IL": 169.135, "الشركةالمنفذة": "التوحيد", "GlobalID": "{6E99FE32-F775-43C9-8BFC-16C9C9AD17EB}", "القطاع": "القطاع الثالث", "Fault_statement": null}, "geometry": {"type": "MultiLineString", "coordinates": [[[31.556874228182142, 30.27307510196384], [31.55652818666699, 30.272804351974244]]]}}, {"type": "Feature", "properties": {"line_degree": 1.0, "manufacturing_material": 1.0, "diameter": "400 مم", "execution_position": 1.0, "shape_Length": 52.085570314677945, "Depth": 2.0200000000000102, "GL": 171.97, "IL": 169.95, "الشركةالمنفذة": "التوحيد", "GlobalID": "{BEC750FF-CCEB-4FF3-9470-3F1BB8FD769A}", "القطاع": "القطاع الثالث", "Fault_statement": null}, "geometry": {"type": "MultiLineString", "coordinates": [[[31.55815908001489, 30.274090704989582], [31.557759578758095, 30.273773685505695]]]}}, {"type": "Feature", "properties": {"line_degree": 1.0, "manufacturing_material": 1.0, "diameter": "400 مم", "execution_position": 1.0, "shape_Length": 44.2159333492418, "Depth": 3.1499999999999773, "GL": 165.33999999999997, "IL": 162.19, "الشركةالمنفذة": "التوحيد", "GlobalID": "{E117024C-4798-49B8-896C-C8ED963E8C72}", "القطاع": "القطاع الثالث", "Fault_statement": null}, "geometry": {"type": "MultiLineString", "coordinates": [[[31.552349477448576, 30.272432029747833], [31.552088283953736, 30.272760173016366]]]}}, {"type": "Feature", "properties": {"line_degree": 1.0, "manufacturing_material": 1.0, "diameter": "400 مم", "execution_position": 1.0, "shape_Length": 60.6957287205781, "Depth": 2.049999999999983, "GL": 171.45, "IL": 169.4, "الشركةالمنفذة": "التوحيد", "GlobalID": "{764D1B20-78DE-4013-922B-47BFA94F4A47}", "القطاع": "القطاع الثالث", "Fault_statement": null}, "geometry": {"type": "MultiLineString", "coordinates": [[[31.557339952946773, 30.27344435079551], [31.556874228182142, 30.27307510196384]]]}}, {"type": "Feature", "properties": {"line_degree": 1.0, "manufacturing_material": 1.0, "diameter": "400 مم", "execution_position": 1.0, "shape_Length": 29.574564078177783, "Depth": 2.4250000000000114, "GL": 163.66500000000002, "IL": 161.24, "الشركةالمنفذة": "عوض خليفة", "GlobalID": "{D42C3880-ECA8-4E3A-89E4-AE29C548854E}", "القطاع": "القطاع الثاني", "Fault_statement": null}, "geometry": {"type": "MultiLineString", "coordinates": [[[31.55619190809568, 30.263188527501836], [31.556252922757192, 30.262927065238376]]]}}, {"type": "Feature", "properties": {"line_degree": 2.0, "manufacturing_material": 1.0, "diameter": "400 مم", "execution_position": 1.0, "shape_Length": 20.44584887845483, "Depth": 2.769999999999982, "GL": 156.435, "IL": 153.66500000000002, "الشركةالمنفذة": "عوض خليفة", "GlobalID": "{6076B6EE-3FAB-4565-B3BA-DFAFC37F4F94}", "القطاع": "القطاع الثاني", "Fault_statement": null}, "geometry": {"type": "MultiLineString", "coordinates": [[[31.565434741806772, 30.26549140718596], [31.565523567602877, 30.26532386996235]]]}}, {"type": "Feature", "properties": {"line_degree": 1.0, "manufacturing_material": 1.0, "diameter": "450 مم", "execution_position": 1.0, "shape_Length": 29.999938349578077, "Depth": 5.96999999999997, "GL": 166.445, "IL": 160.47500000000002, "الشركةالمنفذة": "عوض خليفة", "GlobalID": "{1F2D2BD7-0376-4E91-8134-824DDD88F3CD}", "القطاع": "القطاع الثاني", "Fault_statement": null}, "geometry": {"type": "MultiLineString", "coordinates": [[[31.561159437554657, 30.263708452780566], [31.561457456527794, 30.263787858183548]]]}}, {"type": "Feature", "properties": {"line_degree": 1.0, "manufacturing_material": 1.0, "diameter": "450 مم", "execution_position": 1.0, "shape_Length": 60.26065821839265, "Depth": 2.234999999999957, "GL": 158.20499999999998, "IL": 155.97000000000003, "الشركةالمنفذة": "عوض خليفة", "GlobalID": "{4C6B3F7B-86EE-49C4-912C-3DC8B653BFF8}", "القطاع": "القطاع الثاني", "Fault_statement": null}, "geometry": {"type": "MultiLineString", "coordinates": [[[31.564531661612214, 30.26486484196768], [31.56508853779281, 30.26511343790247]]]}}, {"type": "Feature", "properties": {"line_degree": 1.0, "manufacturing_material": 1.0, "diameter": "450 مم", "execution_position": 1.0, "shape_Length": 32.52412132946373, "Depth": 2.6650000000000205, "GL": 156.18, "IL": 153.515, "الشركةالمنفذة": "عوض خليفة", "GlobalID": "{42A5507D-079C-4B92-9D1A-C0B0CDCC4279}", "القطاع": "القطاع الثاني", "Fault_statement": null}, "geometry": {"type": "MultiLineString", "coordinates": [[[31.56606610575607, 30.265605774663594], [31.56578033420515, 30.265449133655846]]]}}, {"type": "Feature", "properties": {"line_degree": 1.0, "manufacturing_material": 1.0, "diameter": "450 مم", "execution_position": 1.0, "shape_Length": 64.3534276921767, "Depth": 2.5049999999999955, "GL": 161.81, "IL": 159.305, "الشركةالمنفذة": "عوض خليفة", "GlobalID": "{75EC0E84-C05F-45A7-970A-A4009B2D0F41}", "القطاع": "القطاع الثاني", "Fault_statement": null}, "geometry": {"type": "MultiLineString", "coordinates": [[[31.56340695329275, 30.264410098692245], [31.564017033742953, 30.264647822964694]]]}}, {"type": "Feature", "properties": {"line_degree": 1.0, "manufacturing_material": 1.0, "diameter": "450 مم", "execution_position": 1.0, "shape_Length": 34.522458899785754, "Depth": 6.094999999999999, "GL": 166.535, "IL": 160.44, "الشركةالمنفذة": "عوض خليفة", "GlobalID": "{176CBBDB-FC18-4420-B636-ABF65EA4FA1E}", "القطاع": "القطاع الثاني", "Fault_statement": null}, "geometry": {"type": "MultiLineString", "coordinates": [[[31.561457456527794, 30.263787858183548], [31.56179987857367, 30.26388070263001]]]}}, {"type": "Feature", "properties": {"line_degree": 1.0, "manufacturing_material": 1.0, "diameter": "450 مم", "execution_position": 1.0, "shape_Length": 57.173142111667495, "Depth": 5.810000000000002, "GL": 166.195, "IL": 160.385, "الشركةالمنفذة": "عوض خليفة", "GlobalID": "{07837B10-D523-4C50-A0BA-FC9512336F72}", "القطاع": "القطاع الثاني", "Fault_statement": null}, "geometry": {"type": "MultiLineString", "coordinates": [[[31.56179987857367, 30.26388070263001], [31.56235968783908, 30.26405340329181]]]}}, {"type": "Feature", "properties": {"line_degree": 1.0, "manufacturing_material": 1.0, "diameter": "450 مم", "execution_position": 1.0, "shape_Length": 40.000058873886175, "Depth": 5.694999999999993, "GL": 166.20999999999998, "IL": 160.515, "الشركةالمنفذة": "عوض خليفة", "GlobalID": "{95B139DD-1127-419D-BC3C-73A71569E18C}", "القطاع": "القطاع الثاني", "Fault_statement": null}, "geometry": {"type": "MultiLineString", "coordinates": [[[31.560761061223097, 30.263605497607983], [31.561159437554657, 30.263708452780566]]]}}, {"type": "Feature", "properties": {"line_degree": 1.0, "manufacturing_material": 1.0, "diameter": "450 مم", "execution_position": 1.0, "shape_Length": 39.999985933139556, "Depth": 5.360000000000014, "GL": 165.925, "IL": 160.565, "الشركةالمنفذة": "عوض خليفة", "GlobalID": "{A53E0C1F-2FC1-4177-AEBD-A4394431FF16}", "القطاع": "القطاع الثاني", "Fault_statement": null}, "geometry": {"type": "MultiLineString", "coordinates": [[[31.560360280890535, 30.26350983459796], [31.560761061223097, 30.263605497607983]]]}}, {"type": "Feature", "properties": {"line_degree": 1.0, "manufacturing_material": 1.0, "diameter": "450 مم", "execution_position": 1.0, "shape_Length": 54.53790526382763, "Depth": 4.840000000000003, "GL": 165.155, "IL": 160.315, "الشركةالمنفذة": "عوض خليفة", "GlobalID": "{4A87881E-8FFA-4134-B3FA-1D5B65648D52}", "القطاع": "القطاع الثاني", "Fault_statement": null}, "geometry": {"type": "MultiLineString", "coordinates": [[[31.56235968783908, 30.26405340329181], [31.56289092900745, 30.26422475019934]]]}}, {"type": "Feature", "properties": {"line_degree": 1.0, "manufacturing_material": 1.0, "diameter": "450 مم", "execution_position": 1.0, "shape_Length": 53.74173540900908, "Depth": 3.375, "GL": 163.625, "IL": 160.25, "الشركةالمنفذة": "عوض خليفة", "GlobalID": "{95E05419-D584-4E68-8193-A8551F98D455}", "القطاع": "القطاع الثاني", "Fault_statement": null}, "geometry": {"type": "MultiLineString", "coordinates": [[[31.56289092900745, 30.26422475019934], [31.56340695329275, 30.264410098692245]]]}}, {"type": "Feature", "properties": {"line_degree": 1.0, "manufacturing_material": 1.0, "diameter": "450 مم", "execution_position": 1.0, "shape_Length": 55.05851098592402, "Depth": 2.359999999999985, "GL": 159.97, "IL": 157.61, "الشركةالمنفذة": "عوض خليفة", "GlobalID": "{2EC9ABDF-9EF8-4A0C-9F3B-1B2F41082662}", "القطاع": "القطاع الثاني", "Fault_statement": null}, "geometry": {"type": "MultiLineString", "coordinates": [[[31.564017033742953, 30.264647822964694], [31.564531661612214, 30.26486484196768]]]}}, {"type": "Feature", "properties": {"line_degree": 1.0, "manufacturing_material": 1.0, "diameter": "450 مم", "execution_position": 1.0, "shape_Length": 47.92492167107534, "Depth": 2.5649999999999977, "GL": 156.82, "IL": 154.255, "الشركةالمنفذة": "عوض خليفة", "GlobalID": "{99697507-65EF-4C6D-B7C7-70CD29538CFA}", "القطاع": "القطاع الثاني", "Fault_statement": null}, "geometry": {"type": "MultiLineString", "coordinates": [[[31.56508853779281, 30.26511343790247], [31.565523567602877, 30.26532386996235]]]}}, {"type": "Feature", "properties": {"line_degree": 1.0, "manufacturing_material": 1.0, "diameter": "500 مم", "execution_position": 1.0, "shape_Length": 37.56643088149815, "Depth": 2.670000000000016, "GL": 171.12, "IL": 168.45, "الشركةالمنفذة": "التوحيد", "GlobalID": "{2DCEDCDD-9F1A-4816-B077-071A5350B6BD}", "القطاع": "القطاع الثالث", "Fault_statement": null}, "geometry": {"type": "MultiLineString", "coordinates": [[[31.556037400167117, 30.27184172979564], [31.55613287563708, 30.271513157604687]]]}}, {"type": "Feature", "properties": {"line_degree": 1.0, "manufacturing_material": 1.0, "diameter": "500 مم", "execution_position": 1.0, "shape_Length": 40.08954115795354, "Depth": 2.289999999999992, "GL": 170.785, "IL": 168.495, "الشركةالمنفذة": "التوحيد", "GlobalID": "{AD500178-6D7C-4085-AC4B-F71BA44E8FD0}", "القطاع": "القطاع الثالث", "Fault_statement": null}, "geometry": {"type": "MultiLineString", "coordinates": [[[31.556071173240483, 30.272202160799097], [31.556037400167117, 30.27184172979564]]]}}, {"type": "Feature", "properties": {"line_degree": 1.0, "manufacturing_material": 1.0, "diameter": "500 مم", "execution_position": 1.0, "shape_Length": 55.71752256505843, "Depth": 4.575000000000017, "GL": 172.9, "IL": 168.325, "الشركةالمنفذة": "التوحيد", "GlobalID": "{B0E9796D-C6D5-463F-B669-7C1CE3516960}", "القطاع": "القطاع الثالث", "Fault_statement": null}, "geometry": {"type": "MultiLineString", "coordinates": [[[31.556400113052216, 30.271084965619938], [31.556664435354794, 30.27063779741705]]]}}, {"type": "Feature", "properties": {"line_degree": 1.0, "manufacturing_material": 1.0, "diameter": "500 مم", "execution_position": 1.0, "shape_Length": 48.97815237450712, "Depth": 3.1949999999999648, "GL": 165.27499999999998, "IL": 162.08, "الشركةالمنفذة": "عوض خليفة", "GlobalID": "{BF9452D8-6108-4D17-B429-072C94FC490C}", "القطاع": "القطاع الثاني", "Fault_statement": null}, "geometry": {"type": "MultiLineString", "coordinates": [[[31.552088283953736, 30.272760173016366], [31.55171208695275, 30.2724625749933]]]}}, {"type": "Feature", "properties": {"line_degree": 1.0, "manufacturing_material": 1.0, "diameter": "500 مم", "execution_position": 1.0, "shape_Length": 45.62530249244043, "Depth": 5.365000000000009, "GL": 173.56, "IL": 168.195, "الشركةالمنفذة": "التوحيد", "GlobalID": "{D0BAEE2E-2287-47AA-93DB-38C488F93DF4}", "القطاع": "القطاع الثالث", "Fault_statement": null}, "geometry": {"type": "MultiLineString", "coordinates": [[[31.556942195816678, 30.270153246805815], [31.55713682122849, 30.26977796163749]]]}}, {"type": "Feature", "properties": {"line_degree": 1.0, "manufacturing_material": 1.0, "diameter": "500 مم", "execution_position": 1.0, "shape_Length": 28.39319429616125, "Depth": 7.6200000000000045, "GL": 169.20499999999998, "IL": 161.58499999999998, "الشركةالمنفذة": "عوض خليفة", "GlobalID": "{DC55F922-C281-4D4F-89E5-1A71A1046DF1}", "القطاع": "القطاع الثاني", "Fault_statement": null}, "geometry": {"type": "MultiLineString", "coordinates": [[[31.548832820211487, 30.270196010615336], [31.548964919757303, 30.26996699498464]]]}}, {"type": "Feature", "properties": {"line_degree": 1.0, "manufacturing_material": 1.0, "diameter": "500 مم", "execution_position": 1.0, "shape_Length": 60.03697164482515, "Depth": 5.700000000000017, "GL": 167.485, "IL": 161.785, "الشركةالمنفذة": "عوض خليفة", "GlobalID": "{2C3C3AF3-D3CD-4022-A839-06FF1DBEB089}", "القطاع": "القطاع الثاني", "Fault_statement": null}, "geometry": {"type": "MultiLineString", "coordinates": [[[31.55024132498386, 30.271306442036153], [31.549777273372072, 30.27094444904318]]]}}, {"type": "Feature", "properties": {"line_degree": 1.0, "manufacturing_material": 1.0, "diameter": "500 مم", "execution_position": 1.0, "shape_Length": 40.000096516546506, "Depth": 5.349999999999994, "GL": 166.795, "IL": 161.445, "الشركةالمنفذة": "عوض خليفة", "GlobalID": "{5BCBEC25-46BA-4D71-8927-BCA42D653346}", "القطاع": "القطاع الثاني", "Fault_statement": null}, "geometry": {"type": "MultiLineString", "coordinates": [[[31.54930872469983, 30.269309970711234], [31.549474422611176, 30.268979061325204]]]}}, {"type": "Feature", "properties": {"line_degree": 1.0, "manufacturing_material": 1.0, "diameter": "500 مم", "execution_position": 1.0, "shape_Length": 70.97860743624783, "Depth": 3.545000000000016, "GL": 165.55, "IL": 162.005, "الشركةالمنفذة": "عوض خليفة", "GlobalID": "{5E8AD25F-F94E-4D3E-ABBA-FA0F580D1BA4}", "القطاع": "القطاع الثاني", "Fault_statement": null}, "geometry": {"type": "MultiLineString", "coordinates": [[[31.55171208695275, 30.2724625749933], [31.551164761532668, 30.27203335255322]]]}}, {"type": "Feature", "properties": {"line_degree": 1.0, "manufacturing_material": 1.0, "diameter": "500 مم", "execution_position": 1.0, "shape_Length": 53.98734994209191, "Depth": 3.4899999999999807, "GL": 171.885, "IL": 168.395, "الشركةالمنفذة": "التوحيد", "GlobalID": "{F78BCD59-E603-4498-8ADB-E2C25E098BAC}", "القطاع": "القطاع الثالث", "Fault_statement": null}, "geometry": {"type": "MultiLineString", "coordinates": [[[31.55613287563708, 30.271513157604687], [31.556400113052216, 30.271084965619938]]]}}, {"type": "Feature", "properties": {"line_degree": 1.0, "manufacturing_material": 1.0, "diameter": "500 مم", "execution_position": 1.0, "shape_Length": 39.99992040621046, "Depth": 3.049999999999983, "GL": 164.4, "IL": 161.35000000000002, "الشركةالمنفذة": "عوض خليفة", "GlobalID": "{EE31E5CD-1210-4BA3-AF43-8D21C6A862DD}", "القطاع": "القطاع الثاني", "Fault_statement": null}, "geometry": {"type": "MultiLineString", "coordinates": [[[31.549636368443714, 30.26864675664651], [31.54980043755177, 30.268315238463327]]]}}, {"type": "Feature", "properties": {"line_degree": 1.0, "manufacturing_material": 1.0, "diameter": "500 مم", "execution_position": 1.0, "shape_Length": 39.99984182442252, "Depth": 1.9000000000000057, "GL": 161.28, "IL": 159.38, "الشركةالمنفذة": "عوض خليفة", "GlobalID": "{542CAFA7-3375-4D3E-A913-F580D6B01E4D}", "القطاع": "القطاع الثاني", "Fault_statement": null}, "geometry": {"type": "MultiLineString", "coordinates": [[[31.55010274096989, 30.267643011528328], [31.550249818277678, 30.267305540161576]]]}}, {"type": "Feature", "properties": {"line_degree": 1.0, "manufacturing_material": 1.0, "diameter": "500 مم", "execution_position": 1.0, "shape_Length": 40.00008302580501, "Depth": 2.2499999999999716, "GL": 160.85, "IL": 158.60000000000002, "الشركةالمنفذة": "عوض خليفة", "GlobalID": "{79DB5947-0782-4427-A285-9B43A3D9599A}", "القطاع": "القطاع الثاني", "Fault_statement": null}, "geometry": {"type": "MultiLineString", "coordinates": [[[31.550249818277678, 30.267305540161576], [31.550388635033343, 30.266965440445357]]]}}, {"type": "Feature", "properties": {"line_degree": 1.0, "manufacturing_material": 1.0, "diameter": "500 مم", "execution_position": 1.0, "shape_Length": 40.00010209384407, "Depth": 2.259999999999991, "GL": 163.2, "IL": 160.94, "الشركةالمنفذة": "عوض خليفة", "GlobalID": "{F2ED61F9-DE1C-443F-B49C-C37647C30D21}", "القطاع": "القطاع الثاني", "Fault_statement": null}, "geometry": {"type": "MultiLineString", "coordinates": [[[31.54980043755177, 30.268315238463327], [31.54995250598906, 30.267979435155432]]]}}, {"type": "Feature", "properties": {"line_degree": 1.0, "manufacturing_material": 1.0, "diameter": "500 مم", "execution_position": 1.0, "shape_Length": 40.000055811399434, "Depth": 7.259999999999991, "GL": 168.805, "IL": 161.54500000000002, "الشركةالمنفذة": "عوض خليفة", "GlobalID": "{514C8A2E-C622-4947-A9FB-BB36F3F309CE}", "القطاع": "القطاع الثاني", "Fault_statement": null}, "geometry": {"type": "MultiLineString", "coordinates": [[[31.548964919757303, 30.26996699498464], [31.54913825172468, 30.2696390452677]]]}}, {"type": "Feature", "properties": {"line_degree": 1.0, "manufacturing_material": 1.0, "diameter": "500 مم", "execution_position": 1.0, "shape_Length": 39.99984304116947, "Depth": 6.444999999999993, "GL": 167.94, "IL": 161.495, "الشركةالمنفذة": "عوض خليفة", "GlobalID": "{A42F1FB5-4BD9-4071-95FD-4AD32A42AAE3}", "القطاع": "القطاع الثاني", "Fault_statement": null}, "geometry": {"type": "MultiLineString", "coordinates": [[[31.54913825172468, 30.2696390452677], [31.54930872469983, 30.269309970711234]]]}}, {"type": "Feature", "properties": {"line_degree": 1.0, "manufacturing_material": 1.0, "diameter": "500 مم", "execution_position": 1.0, "shape_Length": 59.996672649880686, "Depth": 4.974999999999994, "GL": 166.82999999999998, "IL": 161.855, "الشركةالمنفذة": "عوض خليفة", "GlobalID": "{5571F336-2748-4332-B3A3-F48C6CB9CBD6}", "القطاع": "القطاع الثاني", "Fault_statement": null}, "geometry": {"type": "MultiLineString", "coordinates": [[[31.5507019202474, 30.27167120810707], [31.55024132498386, 30.271306442036153]]]}}, {"type": "Feature", "properties": {"line_degree": 1.0, "manufacturing_material": 1.0, "diameter": "500 مم", "execution_position": 1.0, "shape_Length": 40.00002443281195, "Depth": 1.9349999999999739, "GL": 162.095, "IL": 160.16000000000003, "الشركةالمنفذة": "عوض خليفة", "GlobalID": "{D074CBF7-D8D1-451B-A4F2-E6BDC978E56E}", "القطاع": "القطاع الثاني", "Fault_statement": null}, "geometry": {"type": "MultiLineString", "coordinates": [[[31.54995250598906, 30.267979435155432], [31.55010274096989, 30.267643011528328]]]}}, {"type": "Feature", "properties": {"line_degree": 1.0, "manufacturing_material": 1.0, "diameter": "500 مم", "execution_position": 1.0, "shape_Length": 59.961405750402406, "Depth": 4.2450000000000045, "GL": 166.17000000000002, "IL": 161.925, "الشركةالمنفذة": "عوض خليفة", "GlobalID": "{9247EDE5-BF75-47CB-A4E0-309747993017}", "القطاع": "القطاع الثاني", "Fault_statement": null}, "geometry": {"type": "MultiLineString", "coordinates": [[[31.551164761532668, 30.27203335255322], [31.5507019202474, 30.27167120810707]]]}}, {"type": "Feature", "properties": {"line_degree": 1.0, "manufacturing_material": 1.0, "diameter": "500 مم", "execution_position": 1.0, "shape_Length": 39.99998400407003, "Depth": 4.2050000000000125, "GL": 165.6, "IL": 161.39499999999998, "الشركةالمنفذة": "عوض خليفة", "GlobalID": "{5BE2F3D6-7039-41E4-985C-0C64566309D2}", "القطاع": "القطاع الثاني", "Fault_statement": null}, "geometry": {"type": "MultiLineString", "coordinates": [[[31.549474422611176, 30.268979061325204], [31.549636368443714, 30.26864675664651]]]}}, {"type": "Feature", "properties": {"line_degree": 1.0, "manufacturing_material": 1.0, "diameter": "500 مم", "execution_position": 1.0, "shape_Length": 59.98052256158843, "Depth": 6.424999999999983, "GL": 168.14, "IL": 161.715, "الشركةالمنفذة": "عوض خليفة", "GlobalID": "{26239D38-0112-4D4C-811C-62CECFF0BE97}", "القطاع": "القطاع الثاني", "Fault_statement": null}, "geometry": {"type": "MultiLineString", "coordinates": [[[31.549777273372072, 30.27094444904318], [31.549316404925825, 30.27058016245999]]]}}, {"type": "Feature", "properties": {"line_degree": 1.0, "manufacturing_material": 1.0, "diameter": "500 مم", "execution_position": 1.0, "shape_Length": 63.079821641453684, "Depth": 7.240000000000009, "GL": 168.88, "IL": 161.64, "الشركةالمنفذة": "عوض خليفة", "GlobalID": "{4CC44FFC-5A4B-4EEF-8404-C0A675EEA7C2}", "القطاع": "القطاع الثاني", "Fault_statement": null}, "geometry": {"type": "MultiLineString", "coordinates": [[[31.549316404925825, 30.27058016245999], [31.548832820211487, 30.270196010615336]]]}}, {"type": "Feature", "properties": {"line_degree": 1.0, "manufacturing_material": 1.0, "diameter": "500 مم", "execution_position": 1.0, "shape_Length": 43.000093139254304, "Depth": 6.034999999999968, "GL": 173.27499999999998, "IL": 167.24, "الشركةالمنفذة": "التوحيد", "GlobalID": "{5BEAA5BB-CA13-44AD-972A-002D84D574F6}", "القطاع": "القطاع الثالث", "Fault_statement": null}, "geometry": {"type": "MultiLineString", "coordinates": [[[31.55713682122849, 30.26977796163749], [31.557319483382614, 30.269423971962258]]]}}, {"type": "Feature", "properties": {"line_degree": 1.0, "manufacturing_material": 1.0, "diameter": "500 مم", "execution_position": 1.0, "shape_Length": 59.99968768671226, "Depth": 5.295000000000016, "GL": 173.55, "IL": 168.255, "الشركةالمنفذة": "التوحيد", "GlobalID": "{B0697F0A-9A99-4EB8-BF16-4F5ECF0751F9}", "القطاع": "القطاع الثالث", "Fault_statement": null}, "geometry": {"type": "MultiLineString", "coordinates": [[[31.556664435354794, 30.27063779741705], [31.556942195816678, 30.270153246805815]]]}}, {"type": "Feature", "properties": {"line_degree": 1.0, "manufacturing_material": 1.0, "diameter": "500 مم", "execution_position": 1.0, "shape_Length": 33.22771048435807, "Depth": 2.954999999999984, "GL": 161.14499999999998, "IL": 158.19, "الشركةالمنفذة": "عوض خليفة", "GlobalID": "{B8FE522D-80B5-42B8-AFB5-7A4356B7679A}", "القطاع": "القطاع الثاني", "Fault_statement": null}, "geometry": {"type": "MultiLineString", "coordinates": [[[31.550388635033343, 30.266965440445357], [31.55071568600041, 30.267061576979547]]]}}, {"type": "Feature", "properties": {"line_degree": 1.0, "manufacturing_material": 1.0, "diameter": "600 مم", "execution_position": 1.0, "shape_Length": 49.609240985560895, "Depth": 2.194999999999993, "GL": 163.485, "IL": 161.29000000000002, "الشركةالمنفذة": "عوض خليفة", "GlobalID": "{355257FB-415F-4C65-A6FB-C20623B03495}", "القطاع": "القطاع الثاني", "Fault_statement": null}, "geometry": {"type": "MultiLineString", "coordinates": [[[31.562207912256167, 30.266996249816728], [31.562676984316745, 30.26718189425734]]]}}, {"type": "Feature", "properties": {"line_degree": 1.0, "manufacturing_material": 1.0, "diameter": "600 مم", "execution_position": 1.0, "shape_Length": 38.387796131999956, "Depth": 2.969999999999999, "GL": 168.9, "IL": 165.93, "الشركةالمنفذة": "عوض خليفة", "GlobalID": "{D991E5A8-86F0-420B-91DF-30A251698E92}", "القطاع": "القطاع الثاني", "Fault_statement": null}, "geometry": {"type": "MultiLineString", "coordinates": [[[31.55866443195325, 30.266623534979022], [31.55897818055238, 30.266409683672258]]]}}, {"type": "Feature", "properties": {"line_degree": 1.0, "manufacturing_material": 1.0, "diameter": "600 مم", "execution_position": 1.0, "shape_Length": 42.62264695700016, "Depth": 2.170000000000016, "GL": 167.17000000000002, "IL": 165.0, "الشركةالمنفذة": "عوض خليفة", "GlobalID": "{24280DBF-2CF5-4EB1-8FC1-94920AB66534}", "القطاع": "القطاع الثاني", "Fault_statement": null}, "geometry": {"type": "MultiLineString", "coordinates": [[[31.55976064728548, 30.26621810974731], [31.560199627309128, 30.266269283031562]]]}}, {"type": "Feature", "properties": {"line_degree": 1.0, "manufacturing_material": 1.0, "diameter": "600 مم", "execution_position": 1.0, "shape_Length": 38.60498631393761, "Depth": 2.1699999999999875, "GL": 167.76, "IL": 165.59, "الشركةالمنفذة": "عوض خليفة", "GlobalID": "{B42C1848-A3DF-42FF-9712-B94634FC6ED6}", "القطاع": "القطاع الثاني", "Fault_statement": null}, "geometry": {"type": "MultiLineString", "coordinates": [[[31.559363312165893, 30.26626614830956], [31.55976064728548, 30.26621810974731]]]}}, {"type": "Feature", "properties": {"line_degree": 1.0, "manufacturing_material": 1.0, "diameter": "600 مم", "execution_position": 1.0, "shape_Length": 36.02026153562602, "Depth": 3.469999999999999, "GL": 169.44, "IL": 165.97, "الشركةالمنفذة": "عوض خليفة", "GlobalID": "{92AEB9EA-5ECD-4794-AF9A-531FAD8C60B5}", "القطاع": "القطاع الثاني", "Fault_statement": null}, "geometry": {"type": "MultiLineString", "coordinates": [[[31.558433897040523, 30.26687951397942], [31.55866443195325, 30.266623534979022]]]}}, {"type": "Feature", "properties": {"line_degree": 1.0, "manufacturing_material": 1.0, "diameter": "600 مم", "execution_position": 1.0, "shape_Length": 46.33624627934511, "Depth": 4.025000000000006, "GL": 170.035, "IL": 166.01, "الشركةالمنفذة": "عوض خليفة", "GlobalID": "{C4263CCC-9A65-4CB3-BD48-9266582040DA}", "القطاع": "القطاع الثاني", "Fault_statement": null}, "geometry": {"type": "MultiLineString", "coordinates": [[[31.55825084774281, 30.267266103214507], [31.558433897040523, 30.26687951397942]]]}}, {"type": "Feature", "properties": {"line_degree": 1.0, "manufacturing_material": 1.0, "diameter": "600 مم", "execution_position": 1.0, "shape_Length": 45.46798122273238, "Depth": 2.170000000000016, "GL": 166.53500000000003, "IL": 164.365, "الشركةالمنفذة": "عوض خليفة", "GlobalID": "{24E439FE-8D23-44BC-8008-A925DE2405CE}", "القطاع": "القطاع الثاني", "Fault_statement": null}, "geometry": {"type": "MultiLineString", "coordinates": [[[31.560199627309128, 30.266269283031562], [31.560641881912343, 30.26641364011162]]]}}, {"type": "Feature", "properties": {"line_degree": 1.0, "manufacturing_material": 1.0, "diameter": "600 مم", "execution_position": 1.0, "shape_Length": 53.687130321386384, "Depth": 2.1850000000000023, "GL": 165.015, "IL": 162.82999999999998, "الشركةالمنفذة": "عوض خليفة", "GlobalID": "{8B2369AB-C7ED-4C64-8C91-7EE9677F7D1D}", "القطاع": "القطاع الثاني", "Fault_statement": null}, "geometry": {"type": "MultiLineString", "coordinates": [[[31.561177629506176, 30.266606033701184], [31.561691472486846, 30.266794658132696]]]}}, {"type": "Feature", "properties": {"line_degree": 1.0, "manufacturing_material": 1.0, "diameter": "600 مم", "execution_position": 1.0, "shape_Length": 54.49093494654223, "Depth": 2.1899999999999977, "GL": 164.235, "IL": 162.04500000000002, "الشركةالمنفذة": "عوض خليفة", "GlobalID": "{3071321D-DB33-4996-B2C9-534881CD46A8}", "القطاع": "القطاع الثاني", "Fault_statement": null}, "geometry": {"type": "MultiLineString", "coordinates": [[[31.561691472486846, 30.266794658132696], [31.562207912256167, 30.266996249816728]]]}}, {"type": "Feature", "properties": {"line_degree": 1.0, "manufacturing_material": 1.0, "diameter": "600 مم", "execution_position": 1.0, "shape_Length": 39.21367559220328, "Depth": 6.984999999999957, "GL": 173.27499999999998, "IL": 166.29000000000002, "الشركةالمنفذة": "عوض خليفة", "GlobalID": "{93ABC8ED-B05B-4B69-8F51-D4A551F251CF}", "القطاع": "القطاع الثاني", "Fault_statement": null}, "geometry": {"type": "MultiLineString", "coordinates": [[[31.557319483382614, 30.269423971962258], [31.557154034427604, 30.26910071638594]]]}}, {"type": "Feature", "properties": {"line_degree": 1.0, "manufacturing_material": 1.0, "diameter": "600 مم", "execution_position": 1.0, "shape_Length": 46.97063481969147, "Depth": 4.649999999999977, "GL": 170.70499999999998, "IL": 166.055, "الشركةالمنفذة": "عوض خليفة", "GlobalID": "{4628B560-2286-486D-854B-C5BD193A056C}", "القطاع": "القطاع الثاني", "Fault_statement": null}, "geometry": {"type": "MultiLineString", "coordinates": [[[31.558096761376795, 30.26766812921877], [31.55825084774281, 30.267266103214507]]]}}, {"type": "Feature", "properties": {"line_degree": 1.0, "manufacturing_material": 1.0, "diameter": "600 مم", "execution_position": 1.0, "shape_Length": 40.3331051208587, "Depth": 2.4399999999999977, "GL": 168.32999999999998, "IL": 165.89, "الشركةالمنفذة": "عوض خليفة", "GlobalID": "{52003428-1A22-4E8B-B170-D5F8615FD2CC}", "القطاع": "القطاع الثاني", "Fault_statement": null}, "geometry": {"type": "MultiLineString", "coordinates": [[[31.55897818055238, 30.266409683672258], [31.559363312165893, 30.26626614830956]]]}}, {"type": "Feature", "properties": {"line_degree": 1.0, "manufacturing_material": 1.0, "diameter": "600 مم", "execution_position": 1.0, "shape_Length": 40.51884047254533, "Depth": 7.0849999999999795, "GL": 173.33499999999998, "IL": 166.25, "الشركةالمنفذة": "عوض خليفة", "GlobalID": "{5FDD6D5B-E1AD-4CB1-AC31-6692353D49C1}", "القطاع": "القطاع الثاني", "Fault_statement": null}, "geometry": {"type": "MultiLineString", "coordinates": [[[31.557154034427604, 30.26910071638594], [31.557543642229696, 30.268962088865695]]]}}, {"type": "Feature", "properties": {"line_degree": 1.0, "manufacturing_material": 1.0, "diameter": "600 مم", "execution_position": 1.0, "shape_Length": 50.11205138002746, "Depth": 2.1999999999999886, "GL": 162.765, "IL": 160.565, "الشركةالمنفذة": "عوض خليفة", "GlobalID": "{D6EC9004-C8B4-4FF3-BA3D-2824939E3F40}", "القطاع": "القطاع الثاني", "Fault_statement": null}, "geometry": {"type": "MultiLineString", "coordinates": [[[31.562676984316745, 30.26718189425734], [31.563144287212623, 30.267381374739575]]]}}, {"type": "Feature", "properties": {"line_degree": 1.0, "manufacturing_material": 1.0, "diameter": "600 مم", "execution_position": 1.0, "shape_Length": 43.70725621618131, "Depth": 6.725000000000023, "GL": 172.935, "IL": 166.20999999999998, "الشركةالمنفذة": "عوض خليفة", "GlobalID": "{9421425E-2384-43E2-AF54-FC0034601C48}", "القطاع": "القطاع الثاني", "Fault_statement": null}, "geometry": {"type": "MultiLineString", "coordinates": [[[31.557543642229696, 30.268962088865695], [31.557712385012564, 30.26859605235307]]]}}, {"type": "Feature", "properties": {"line_degree": 1.0, "manufacturing_material": 1.0, "diameter": "600 مم", "execution_position": 1.0, "shape_Length": 55.79309959992388, "Depth": 2.1750000000000114, "GL": 165.805, "IL": 163.63, "الشركةالمنفذة": "عوض خليفة", "GlobalID": "{4B0AD1BE-EE10-49EB-BD1D-DF141362C871}", "القطاع": "القطاع الثاني", "Fault_statement": null}, "geometry": {"type": "MultiLineString", "coordinates": [[[31.560641881912343, 30.26641364011162], [31.561177629506176, 30.266606033701184]]]}}, {"type": "Feature", "properties": {"line_degree": 1.0, "manufacturing_material": 1.0, "diameter": "600 مم", "execution_position": 1.0, "shape_Length": 58.50082797303525, "Depth": 3.4350000000000023, "GL": 161.235, "IL": 157.8, "الشركةالمنفذة": "عوض خليفة", "GlobalID": "{16DFCC46-F2BE-4E77-8548-258F2D965881}", "القطاع": "القطاع الثاني", "Fault_statement": null}, "geometry": {"type": "MultiLineString", "coordinates": [[[31.563621095487996, 30.267598177039947], [31.564154419879582, 30.26785146213105]]]}}, {"type": "Feature", "properties": {"line_degree": 1.0, "manufacturing_material": 1.0, "diameter": "600 مم", "execution_position": 1.0, "shape_Length": 51.79703002570856, "Depth": 2.2050000000000125, "GL": 162.03, "IL": 159.825, "الشركةالمنفذة": "عوض خليفة", "GlobalID": "{70DA4937-5999-4A39-AD68-6A032DDEF999}", "القطاع": "القطاع الثاني", "Fault_statement": null}, "geometry": {"type": "MultiLineString", "coordinates": [[[31.563144287212623, 30.267381374739575], [31.563621095487996, 30.267598177039947]]]}}, {"type": "Feature", "properties": {"line_degree": 1.0, "manufacturing_material": 1.0, "diameter": "600 مم", "execution_position": 1.0, "shape_Length": 52.00332351800634, "Depth": 6.045000000000016, "GL": 172.21, "IL": 166.165, "الشركةالمنفذة": "عوض خليفة", "GlobalID": "{ED9B21E7-399D-46D0-9B2B-182ADB93C4AC}", "القطاع": "القطاع الثاني", "Fault_statement": null}, "geometry": {"type": "MultiLineString", "coordinates": [[[31.557712385012564, 30.26859605235307], [31.557901802343803, 30.26815672313184]]]}}, {"type": "Feature", "properties": {"line_degree": 1.0, "manufacturing_material": 1.0, "diameter": "600 مم", "execution_position": 1.0, "shape_Length": 57.32276715502384, "Depth": 5.310000000000002, "GL": 171.42000000000002, "IL": 166.11, "الشركةالمنفذة": "عوض خليفة", "GlobalID": "{2C3FA45E-EB3B-4B3F-BF01-51E03969562F}", "القطاع": "القطاع الثاني", "Fault_statement": null}, "geometry": {"type": "MultiLineString", "coordinates": [[[31.557901802343803, 30.26815672313184], [31.558096761376795, 30.26766812921877]]]}}, {"type": "Feature", "properties": {"line_degree": 1.0, "manufacturing_material": 3.0, "diameter": "800 مم", "execution_position": 1.0, "shape_Length": 28.344012285181424, "Depth": 2.8500000000000227, "GL": 156.245, "IL": 153.39499999999998, "الشركةالمنفذة": "عوض خليفة", "GlobalID": "{17AD7299-D3EB-40D0-BD90-DAA608006FE5}", "القطاع": "القطاع الثاني", "Fault_statement": null}, "geometry": {"type": "MultiLineString", "coordinates": [[[31.565523567602877, 30.26532386996235], [31.56578033420515, 30.265449133655846]]]}}, {"type": "Feature", "properties": {"line_degree": 1.0, "manufacturing_material": 3.0, "diameter": "900 مم", "execution_position": 1.0, "shape_Length": 64.55108332616443, "Depth": 3.160000000000025, "GL": 159.735, "IL": 156.575, "الشركةالمنفذة": "عوض خليفة", "GlobalID": "{B715F2CE-73DB-4DD8-A29F-70B363669CBD}", "القطاع": "القطاع الثاني", "Fault_statement": null}, "geometry": {"type": "MultiLineString", "coordinates": [[[31.565108453436583, 30.268352425783785], [31.564537183319537, 30.26804721852916]]]}}, {"type": "Feature", "properties": {"line_degree": 2.0, "manufacturing_material": 3.0, "diameter": "900 مم", "execution_position": 1.0, "shape_Length": 39.2161616934392, "Depth": 3.134999999999991, "GL": 162.365, "IL": 159.23000000000002, "الشركةالمنفذة": "عوض خليفة", "GlobalID": "{F5B6C230-9F20-4728-9274-4391C62C6935}", "القطاع": "القطاع الثاني", "Fault_statement": null}, "geometry": {"type": "MultiLineString", "coordinates": [[[31.56606219616682, 30.269799054055575], [31.566315551087897, 30.269521976356245]]]}}, {"type": "Feature", "properties": {"line_degree": 2.0, "manufacturing_material": 3.0, "diameter": "900 مم", "execution_position": 1.0, "shape_Length": 59.016866494988925, "Depth": 2.844999999999999, "GL": 162.1, "IL": 159.255, "الشركةالمنفذة": "عوض خليفة", "GlobalID": "{C31E4974-DB6B-4534-9F6D-FA725F666EDA}", "القطاع": "القطاع الثاني", "Fault_statement": null}, "geometry": {"type": "MultiLineString", "coordinates": [[[31.565680386637375, 30.270215665089342], [31.56606219616682, 30.269799054055575]]]}}, {"type": "Feature", "properties": {"line_degree": 2.0, "manufacturing_material": 3.0, "diameter": "900 مم", "execution_position": 1.0, "shape_Length": 60.210569128957204, "Depth": 2.5949999999999704, "GL": 161.88, "IL": 159.28500000000003, "الشركةالمنفذة": "عوض خليفة", "GlobalID": "{BB85AE96-2058-41C3-AA81-EEA2E7C6D032}", "القطاع": "القطاع الثاني", "Fault_statement": null}, "geometry": {"type": "MultiLineString", "coordinates": [[[31.565284583045862, 30.270636316048712], [31.565680386637375, 30.270215665089342]]]}}, {"type": "Feature", "properties": {"line_degree": 1.0, "manufacturing_material": 3.0, "diameter": "900 مم", "execution_position": 1.0, "shape_Length": 42.75084889163817, "Depth": 4.300000000000011, "GL": 160.505, "IL": 156.20499999999998, "الشركةالمنفذة": "عوض خليفة", "GlobalID": "{FADF2025-55EB-4406-A2A7-2F8591C7FE89}", "القطاع": "القطاع الثاني", "Fault_statement": null}, "geometry": {"type": "MultiLineString", "coordinates": [[[31.564537183319537, 30.26804721852916], [31.564154419879582, 30.26785146213105]]]}}, {"type": "Feature", "properties": {"line_degree": 1.0, "manufacturing_material": 3.0, "diameter": "900 مم", "execution_position": 1.0, "shape_Length": 57.06676614278638, "Depth": 3.2750000000000057, "GL": 161.93, "IL": 158.655, "الشركةالمنفذة": "عوض خليفة", "GlobalID": "{68A6A0C9-0EDA-4070-9938-C75375BD28BC}", "القطاع": "القطاع الثاني", "Fault_statement": null}, "geometry": {"type": "MultiLineString", "coordinates": [[[31.566559121249146, 30.26924413761711], [31.56608494954665, 30.26893498354308]]]}}, {"type": "Feature", "properties": {"line_degree": 1.0, "manufacturing_material": 3.0, "diameter": "900 مم", "execution_position": 1.0, "shape_Length": 47.73239228202775, "Depth": 2.2900000000000205, "GL": 159.195, "IL": 156.90499999999997, "الشركةالمنفذة": "عوض خليفة", "GlobalID": "{0B63B3EF-FB17-4B46-AB1C-BA478A816140}", "القطاع": "القطاع الثاني", "Fault_statement": null}, "geometry": {"type": "MultiLineString", "coordinates": [[[31.5655202063371, 30.268592516105127], [31.565108453436583, 30.268352425783785]]]}}, {"type": "Feature", "properties": {"line_degree": 2.0, "manufacturing_material": 3.0, "diameter": "900 مم", "execution_position": 1.0, "shape_Length": 69.51571933090177, "Depth": 2.594999999999999, "GL": 156.41, "IL": 153.815, "الشركةالمنفذة": "عوض خليفة", "GlobalID": "{D7812A58-7B30-4141-9153-C965E7ACBAB2}", "القطاع": "القطاع الثاني", "Fault_statement": null}, "geometry": {"type": "MultiLineString", "coordinates": [[[31.56541530963153, 30.26599024399913], [31.56578033420515, 30.265449133655846]]]}}, {"type": "Feature", "properties": {"line_degree": 2.0, "manufacturing_material": 3.0, "diameter": "900 مم", "execution_position": 1.0, "shape_Length": 100.0277904152923, "Depth": 2.9050000000000296, "GL": 157.54500000000002, "IL": 154.64, "الشركةالمنفذة": "عوض خليفة", "GlobalID": "{0DA45F19-8786-4DA3-BFF2-C5443C8A71BA}", "القطاع": "القطاع الثاني", "Fault_statement": null}, "geometry": {"type": "MultiLineString", "coordinates": [[[31.56489106910241, 30.266769370637345], [31.56541530963153, 30.26599024399913]]]}}, {"type": "Feature", "properties": {"line_degree": 1.0, "manufacturing_material": 3.0, "diameter": "900 مم", "execution_position": 1.0, "shape_Length": 28.04437318266181, "Depth": 2.5300000000000296, "GL": 160.35500000000002, "IL": 157.825, "الشركةالمنفذة": "عوض خليفة", "GlobalID": "{D73E4EF2-9D8A-4FB1-B187-60C4210C48BC}", "القطاع": "القطاع الثاني", "Fault_statement": null}, "geometry": {"type": "MultiLineString", "coordinates": [[[31.56608494954665, 30.26893498354308], [31.56584604147056, 30.268790107074707]]]}}, {"type": "Feature", "properties": {"line_degree": 1.0, "manufacturing_material": 3.0, "diameter": "900 مم", "execution_position": 1.0, "shape_Length": 38.248465243990665, "Depth": 2.2600000000000193, "GL": 159.49, "IL": 157.23, "الشركةالمنفذة": "عوض خليفة", "GlobalID": "{A1768748-547E-46FF-BC67-27792679E517}", "القطاع": "القطاع الثاني", "Fault_statement": null}, "geometry": {"type": "MultiLineString", "coordinates": [[[31.56584604147056, 30.268790107074707], [31.5655202063371, 30.268592516105127]]]}}, {"type": "Feature", "properties": {"line_degree": 2.0, "manufacturing_material": 3.0, "diameter": "900 مم", "execution_position": 1.0, "shape_Length": 38.705001237680676, "Depth": 3.545000000000016, "GL": 162.755, "IL": 159.20999999999998, "الشركةالمنفذة": "عوض خليفة", "GlobalID": "{B66777DD-5DFA-4586-9E9A-9AB3D449BC94}", "القطاع": "القطاع الثاني", "Fault_statement": null}, "geometry": {"type": "MultiLineString", "coordinates": [[[31.566315551087897, 30.269521976356245], [31.566559121249146, 30.26924413761711]]]}}, {"type": "Feature", "properties": {"line_degree": 2.0, "manufacturing_material": 3.0, "diameter": "900 مم", "execution_position": 1.0, "shape_Length": 69.72998642594747, "Depth": 4.564999999999998, "GL": 160.435, "IL": 155.87, "الشركةالمنفذة": "عوض خليفة", "GlobalID": "{0DC89605-3EDA-4A18-9788-28D33F087A9F}", "القطاع": "القطاع الثاني", "Fault_statement": null}, "geometry": {"type": "MultiLineString", "coordinates": [[[31.564154419879582, 30.26785146213105], [31.564525894703085, 30.267311413638158]]]}}, {"type": "Feature", "properties": {"line_degree": 2.0, "manufacturing_material": 3.0, "diameter": "900 مم", "execution_position": 1.0, "shape_Length": 69.61200483478876, "Depth": 3.920000000000016, "GL": 159.235, "IL": 155.315, "الشركةالمنفذة": "عوض خليفة", "GlobalID": "{4BFAA7F6-6159-4E35-85E5-B499F156B4AD}", "القطاع": "القطاع الثاني", "Fault_statement": null}, "geometry": {"type": "MultiLineString", "coordinates": [[[31.564525894703085, 30.267311413638158], [31.56489106910241, 30.266769370637345]]]}}, {"type": "Feature", "properties": {"line_degree": 2.0, "manufacturing_material": 3.0, "diameter": "1000 مم", "execution_position": 1.0, "shape_Length": 22.629740350398436, "Depth": 2.900000000000034, "GL": 156.175, "IL": 153.27499999999998, "الشركةالمنفذة": "عوض خليفة", "GlobalID": "{8320A63B-EB05-4F1A-8DD2-425BF0FF7A9D}", "القطاع": "القطاع الثاني", "Fault_statement": null}, "geometry": {"type": "MultiLineString", "coordinates": [[[31.56578033420515, 30.265449133655846], [31.56590808963404, 30.265277756922124]]]}}, {"type": "Feature", "properties": {"line_degree": 2.0, "manufacturing_material": 1.0, "diameter": "200 مم", "execution_position": 1.0, "shape_Length": 16.325195499184854, "Depth": 2.569999999999993, "GL": 171.06, "IL": 168.49, "الشركةالمنفذة": "اولاد حجازي", "GlobalID": "{BB01287B-B91B-433C-A8E6-7DBBE4C0E0AE}", "القطاع": "القطاع الاول", "Fault_statement": null}, "geometry": {"type": "MultiLineString", "coordinates": [[[31.560445707590876, 30.27185681205305], [31.560286617806533, 30.27190796839273]]]}}, {"type": "Feature", "properties": {"line_degree": 2.0, "manufacturing_material": 1.0, "diameter": "200 مم", "execution_position": 1.0, "shape_Length": 15.84089520309168, "Depth": 1.5, "GL": 166.56, "IL": 165.06, "الشركةالمنفذة": "اولاد حجازي", "GlobalID": "{7A771EC0-3519-47CE-989E-694F029CE1C5}", "القطاع": "القطاع الاول", "Fault_statement": null}, "geometry": {"type": "MultiLineString", "coordinates": [[[31.56415992867693, 30.274191906766827], [31.564283340994116, 30.2742864764297]]]}}, {"type": "Feature", "properties": {"line_degree": 2.0, "manufacturing_material": 1.0, "diameter": "200 مم", "execution_position": 1.0, "shape_Length": 13.784490793312683, "Depth": 1.5, "GL": 166.56, "IL": 165.06, "الشركةالمنفذة": "اولاد حجازي", "GlobalID": "{65A2A22B-2D5A-404F-ABC5-004ACDC8853C}", "القطاع": "القطاع الاول", "Fault_statement": null}, "geometry": {"type": "MultiLineString", "coordinates": [[[31.564389188630052, 30.27437026276908], [31.564283340994116, 30.2742864764297]]]}}, {"type": "Feature", "properties": {"line_degree": 2.0, "manufacturing_material": 1.0, "diameter": "200 مم", "execution_position": 1.0, "shape_Length": 14.606167093679073, "Depth": 1.5, "GL": 168.97, "IL": 167.47, "الشركةالمنفذة": "التوحيد", "GlobalID": "{9457E59D-00A1-4899-8D84-9615B1619E2F}", "القطاع": "القطاع الثالث", "Fault_statement": null}, "geometry": {"type": "MultiLineString", "coordinates": [[[31.562225565228882, 30.274510020907563], [31.562316461745517, 30.274404501613773]]]}}, {"type": "Feature", "properties": {"line_degree": 2.0, "manufacturing_material": 1.0, "diameter": "200 مم", "execution_position": 1.0, "shape_Length": 15.956792384745016, "Depth": 1.6200000000000045, "GL": 169.18, "IL": 167.56, "الشركةالمنفذة": "عوض خليفة", "GlobalID": "{9D63C043-5D82-474F-AC65-28659D9E8F76}", "القطاع": "القطاع الثاني", "Fault_statement": null}, "geometry": {"type": "MultiLineString", "coordinates": [[[31.56937915510274, 30.27424394157], [31.569254027404693, 30.27433839830003]]]}}, {"type": "Feature", "properties": {"line_degree": 2.0, "manufacturing_material": 1.0, "diameter": "200 مم", "execution_position": 1.0, "shape_Length": 18.415665536257862, "Depth": 1.5699999999999932, "GL": 173.34, "IL": 171.77, "الشركةالمنفذة": "التوحيد", "GlobalID": "{42332BB6-378A-4485-8AA7-6201E1FBD9CF}", "القطاع": "القطاع الثالث", "Fault_statement": null}, "geometry": {"type": "MultiLineString", "coordinates": [[[31.558819315612016, 30.27042452608799], [31.558994906795313, 30.27049059222711]]]}}, {"type": "Feature", "properties": {"line_degree": 2.0, "manufacturing_material": 1.0, "diameter": "200 مم", "execution_position": 1.0, "shape_Length": 17.884227464408426, "Depth": 1.5, "GL": 169.67, "IL": 168.17, "الشركةالمنفذة": "التوحيد", "GlobalID": "{AB555EDD-06AE-4206-AD7F-682D60A9814A}", "القطاع": "القطاع الثالث", "Fault_statement": null}, "geometry": {"type": "MultiLineString", "coordinates": [[[31.56146113638169, 30.273947171541554], [31.56158816104041, 30.273829405262862]]]}}, {"type": "Feature", "properties": {"line_degree": 2.0, "manufacturing_material": 1.0, "diameter": "200 مم", "execution_position": 1.0, "shape_Length": 18.47704253440841, "Depth": 1.5, "GL": 166.25, "IL": 164.75, "الشركةالمنفذة": "اولاد حجازي", "GlobalID": "{CB5ACF7C-F201-4DB6-9847-7BE3507CEAB8}", "القطاع": "القطاع الاول", "Fault_statement": null}, "geometry": {"type": "MultiLineString", "coordinates": [[[31.563618958756628, 30.273780599017314], [31.563749073029083, 30.27365802572841]]]}}, {"type": "Feature", "properties": {"line_degree": 2.0, "manufacturing_material": 1.0, "diameter": "200 مم", "execution_position": 1.0, "shape_Length": 18.2759591248978, "Depth": 1.5900000000000034, "GL": 167.81, "IL": 166.22, "الشركةالمنفذة": "اولاد حجازي", "GlobalID": "{83CC8C4E-95F3-47D8-A9B2-0769E0D68230}", "القطاع": "القطاع الاول", "Fault_statement": null}, "geometry": {"type": "MultiLineString", "coordinates": [[[31.566278879961192, 30.27585205539925], [31.566405846442244, 30.27572944619996]]]}}, {"type": "Feature", "properties": {"line_degree": 2.0, "manufacturing_material": 1.0, "diameter": "200 مم", "execution_position": 1.0, "shape_Length": 16.964387983886294, "Depth": 1.7800000000000011, "GL": 167.9, "IL": 166.12, "الشركةالمنفذة": "اولاد حجازي", "GlobalID": "{EDDFAA1C-3685-4B1C-B162-F613FE78EF0E}", "القطاع": "القطاع الاول", "Fault_statement": null}, "geometry": {"type": "MultiLineString", "coordinates": [[[31.567460094381506, 30.27486466405857], [31.56758709873382, 30.274758528470052]]]}}, {"type": "Feature", "properties": {"line_degree": 2.0, "manufacturing_material": 1.0, "diameter": "200 مم", "execution_position": 1.0, "shape_Length": 20.272211421034715, "Depth": 1.6400000000000148, "GL": 166.93, "IL": 165.29, "الشركةالمنفذة": "اولاد حجازي", "GlobalID": "{BB4600C7-4C45-4B88-8BF6-472A49F66B1D}", "القطاع": "القطاع الاول", "Fault_statement": null}, "geometry": {"type": "MultiLineString", "coordinates": [[[31.5649476628836, 30.274815865099924], [31.565076903642815, 30.27467145219908]]]}}, {"type": "Feature", "properties": {"line_degree": 2.0, "manufacturing_material": 1.0, "diameter": "200 مم", "execution_position": 1.0, "shape_Length": 19.672847091960914, "Depth": 1.6500000000000057, "GL": 166.62, "IL": 164.97, "الشركةالمنفذة": "اولاد حجازي", "GlobalID": "{8188C243-16FC-4134-AB4E-6784B31F37A6}", "القطاع": "القطاع الاول", "Fault_statement": null}, "geometry": {"type": "MultiLineString", "coordinates": [[[31.566792499228466, 30.27424099919511], [31.566944826703473, 30.27412263672063]]]}}, {"type": "Feature", "properties": {"line_degree": 2.0, "manufacturing_material": 1.0, "diameter": "200 مم", "execution_position": 1.0, "shape_Length": 18.66465068027855, "Depth": 1.5900000000000034, "GL": 162.21, "IL": 160.62, "الشركةالمنفذة": "عوض خليفة", "GlobalID": "{51F46CD3-8CDD-4CAD-B6A8-2AA28FB40032}", "القطاع": "القطاع الثاني", "Fault_statement": null}, "geometry": {"type": "MultiLineString", "coordinates": [[[31.56412618097544, 30.26966386256682], [31.5640207485267, 30.26980517922706]]]}}, {"type": "Feature", "properties": {"line_degree": 2.0, "manufacturing_material": 1.0, "diameter": "200 مم", "execution_position": 1.0, "shape_Length": 19.22257751064298, "Depth": 1.5, "GL": 167.36, "IL": 165.86, "الشركةالمنفذة": "اولاد حجازي", "GlobalID": "{906EFB23-A899-4E44-8A64-684884712DDE}", "القطاع": "القطاع الاول", "Fault_statement": null}, "geometry": {"type": "MultiLineString", "coordinates": [[[31.56561027481416, 30.275334687530197], [31.565737604586037, 30.27520107788628]]]}}, {"type": "Feature", "properties": {"line_degree": 2.0, "manufacturing_material": 1.0, "diameter": "200 مم", "execution_position": 1.0, "shape_Length": 17.52333276907257, "Depth": 1.5, "GL": 166.56, "IL": 165.06, "الشركةالمنفذة": "اولاد حجازي", "GlobalID": "{63E5E157-424F-4425-9D6B-C411C3E9A630}", "القطاع": "القطاع الاول", "Fault_statement": null}, "geometry": {"type": "MultiLineString", "coordinates": [[[31.564283340994116, 30.2742864764297], [31.564401591886742, 30.27416626638886]]]}}, {"type": "Feature", "properties": {"line_degree": 2.0, "manufacturing_material": 1.0, "diameter": "200 مم", "execution_position": 1.0, "shape_Length": 11.095759262738804, "Depth": 1.490000000000009, "GL": 167.31, "IL": 165.82, "الشركةالمنفذة": "اولاد حجازي", "GlobalID": "{25EBF85C-EFDE-44FE-A559-789BFD6B16F4}", "القطاع": "القطاع الاول", "Fault_statement": null}, "geometry": {"type": "MultiLineString", "coordinates": [[[31.5623022040703, 30.273497166386544], [31.56235077980674, 30.273534567908214], [31.562388466322602, 30.273563585608688]]]}}, {"type": "Feature", "properties": {"line_degree": 2.0, "manufacturing_material": 1.0, "diameter": "200 مم", "execution_position": 1.0, "shape_Length": 34.876398578463494, "Depth": 1.8799999999999955, "GL": 164.31, "IL": 162.43, "الشركةالمنفذة": "اولاد حجازي", "GlobalID": "{27140D42-8F85-47F5-8E3E-E8BF66F9CCE6}", "القطاع": "القطاع الاول", "Fault_statement": null}, "geometry": {"type": "MultiLineString", "coordinates": [[[31.56549088780903, 30.27270137103944], [31.565299228590913, 30.2725131867287], [31.565250832365816, 30.272465668205438]]]}}, {"type": "Feature", "properties": {"line_degree": 2.0, "manufacturing_material": 1.0, "diameter": "200 مم", "execution_position": 1.0, "shape_Length": 74.61995502290378, "Depth": 2.2299999999999898, "GL": 170.35, "IL": 168.12, "الشركةالمنفذة": "اولاد حجازي", "GlobalID": "{FC0FD283-F2C0-48C6-8074-975C980483DB}", "القطاع": "القطاع الاول", "Fault_statement": null}, "geometry": {"type": "MultiLineString", "coordinates": [[[31.56164993123546, 30.271595117272366], [31.561489432681824, 30.271469503924475], [31.561259540472733, 30.271294084231528], [31.561075596480702, 30.271142977900887]]]}}, {"type": "Feature", "properties": {"line_degree": 2.0, "manufacturing_material": 1.0, "diameter": "200 مم", "execution_position": 1.0, "shape_Length": 19.933428929392722, "Depth": 1.5400000000000205, "GL": 162.68, "IL": 161.14, "الشركةالمنفذة": "عوض خليفة", "GlobalID": "{0F48F21D-56F0-47FB-B5A1-D7C7C5FE7CD1}", "القطاع": "القطاع الثاني", "Fault_statement": null}, "geometry": {"type": "MultiLineString", "coordinates": [[[31.565772408714942, 30.27081914499979], [31.565567626017774, 30.270846257900917]]]}}, {"type": "Feature", "properties": {"line_degree": 2.0, "manufacturing_material": 1.0, "diameter": "200 مم", "execution_position": 1.0, "shape_Length": 13.067156620069648, "Depth": 1.5, "GL": 170.08, "IL": 168.58, "الشركةالمنفذة": "التوحيد", "GlobalID": "{CD4B6835-86F1-42C9-8386-E6C01A26DE47}", "القطاع": "القطاع الثالث", "Fault_statement": null}, "geometry": {"type": "MultiLineString", "coordinates": [[[31.560664498756285, 30.273260052623655], [31.5607638276128, 30.27317967618167]]]}}, {"type": "Feature", "properties": {"line_degree": 2.0, "manufacturing_material": 1.0, "diameter": "200 مم", "execution_position": 1.0, "shape_Length": 30.043568904836405, "Depth": 1.5, "GL": 169.67, "IL": 168.17, "الشركةالمنفذة": "اولاد حجازي", "GlobalID": "{D220A41D-6349-40E0-A366-25C60687A5E9}", "القطاع": "القطاع الاول", "Fault_statement": null}, "geometry": {"type": "MultiLineString", "coordinates": [[[31.561353381006352, 30.27365075580993], [31.56158816104041, 30.273829405262862]]]}}, {"type": "Feature", "properties": {"line_degree": 2.0, "manufacturing_material": 1.0, "diameter": "200 مم", "execution_position": 1.0, "shape_Length": 22.734420273163366, "Depth": 1.5, "GL": 167.0, "IL": 165.5, "الشركةالمنفذة": "اولاد حجازي", "GlobalID": "{A8DC9468-B65C-4B43-A0AF-33400391C9FA}", "القطاع": "القطاع الاول", "Fault_statement": null}, "geometry": {"type": "MultiLineString", "coordinates": [[[31.566963101974515, 30.27445056949581], [31.56713686990502, 30.274311621485815]]]}}, {"type": "Feature", "properties": {"line_degree": 2.0, "manufacturing_material": 1.0, "diameter": "200 مم", "execution_position": 1.0, "shape_Length": 11.760963967921564, "Depth": 1.5, "GL": 163.2, "IL": 161.7, "الشركةالمنفذة": "اولاد حجازي", "GlobalID": "{DA99CA59-F83B-44BC-83A7-AFE86C131A20}", "القطاع": "القطاع الاول", "Fault_statement": null}, "geometry": {"type": "MultiLineString", "coordinates": [[[31.56474643843662, 30.27213145112028], [31.564771152987827, 30.27211387390812], [31.56484097843022, 30.27206421335828]]]}}, {"type": "Feature", "properties": {"line_degree": 2.0, "manufacturing_material": 1.0, "diameter": "200 مم", "execution_position": 1.0, "shape_Length": 22.495811186547602, "Depth": 1.7399999999999807, "GL": 170.7, "IL": 168.96, "الشركةالمنفذة": "اولاد حجازي", "GlobalID": "{7890BDAC-3FF9-4501-9BED-D0200B12A68F}", "القطاع": "القطاع الاول", "Fault_statement": null}, "geometry": {"type": "MultiLineString", "coordinates": [[[31.55951497329818, 30.26942476139175], [31.55959991220587, 30.269235709344642]]]}}, {"type": "Feature", "properties": {"line_degree": 2.0, "manufacturing_material": 1.0, "diameter": "200 مم", "execution_position": 1.0, "shape_Length": 22.50549471135039, "Depth": 1.7900000000000205, "GL": 171.27, "IL": 169.48, "الشركةالمنفذة": "اولاد حجازي", "GlobalID": "{408F1B2D-5216-4B22-9AD9-6BAE8E0AAFBB}", "القطاع": "القطاع الاول", "Fault_statement": null}, "geometry": {"type": "MultiLineString", "coordinates": [[[31.560660036101925, 30.27220806658127], [31.560487114211988, 30.272071377508873]]]}}, {"type": "Feature", "properties": {"line_degree": 2.0, "manufacturing_material": 1.0, "diameter": "200 مم", "execution_position": 1.0, "shape_Length": 16.604856861824956, "Depth": 1.75, "GL": 161.65, "IL": 159.9, "الشركةالمنفذة": "عوض خليفة", "GlobalID": "{0D767C6C-ECE0-4059-AFB9-3E7804464F97}", "القطاع": "القطاع الثاني", "Fault_statement": null}, "geometry": {"type": "MultiLineString", "coordinates": [[[31.564979531210728, 30.27022802232634], [31.56487970778374, 30.270350197578725]]]}}, {"type": "Feature", "properties": {"line_degree": 2.0, "manufacturing_material": 1.0, "diameter": "200 مم", "execution_position": 1.0, "shape_Length": 15.956000912138327, "Depth": 1.6399999999999864, "GL": 168.25, "IL": 166.61, "الشركةالمنفذة": "اولاد حجازي", "GlobalID": "{B0D46B3F-86FD-4F9B-AAE4-F7016DC1C024}", "القطاع": "القطاع الاول", "Fault_statement": null}, "geometry": {"type": "MultiLineString", "coordinates": [[[31.566794378804783, 30.276226793888547], [31.566881235013344, 30.27610418801276]]]}}, {"type": "Feature", "properties": {"line_degree": 2.0, "manufacturing_material": 1.0, "diameter": "200 مم", "execution_position": 1.0, "shape_Length": 16.044857937773642, "Depth": 2.5600000000000023, "GL": 163.54, "IL": 160.98, "الشركةالمنفذة": "اولاد حجازي", "GlobalID": "{AC9512F1-B517-4754-B597-7CA33C421772}", "القطاع": "القطاع الاول", "Fault_statement": null}, "geometry": {"type": "MultiLineString", "coordinates": [[[31.563896594754357, 30.2720026645392], [31.564018781373942, 30.272101147431634]]]}}, {"type": "Feature", "properties": {"line_degree": 2.0, "manufacturing_material": 1.0, "diameter": "200 مم", "execution_position": 1.0, "shape_Length": 24.033098032163693, "Depth": 1.5, "GL": 169.0, "IL": 167.5, "الشركةالمنفذة": "عوض خليفة", "GlobalID": "{BBF50F21-DA2B-49B6-B6AB-5F3FDB169B20}", "القطاع": "القطاع الثاني", "Fault_statement": null}, "geometry": {"type": "MultiLineString", "coordinates": [[[31.56908375417815, 30.273250089822714], [31.568894395141516, 30.273391449740398]]]}}, {"type": "Feature", "properties": {"line_degree": 2.0, "manufacturing_material": 1.0, "diameter": "200 مم", "execution_position": 1.0, "shape_Length": 13.29452515315825, "Depth": 1.6899999999999977, "GL": 171.45, "IL": 169.76, "الشركةالمنفذة": "التوحيد", "GlobalID": "{789A84A4-0415-448F-8AB8-FD29573658D1}", "القطاع": "القطاع الثالث", "Fault_statement": null}, "geometry": {"type": "MultiLineString", "coordinates": [[[31.559822556507292, 30.272606609576084], [31.559924434243143, 30.27252560588422]]]}}, {"type": "Feature", "properties": {"line_degree": 2.0, "manufacturing_material": 1.0, "diameter": "200 مم", "execution_position": 1.0, "shape_Length": 24.538708989567073, "Depth": 1.5699999999999932, "GL": 163.92, "IL": 162.35, "الشركةالمنفذة": "اولاد حجازي", "GlobalID": "{521101EE-74E6-470F-9D4F-0A0778BDE65F}", "القطاع": "القطاع الاول", "Fault_statement": null}, "geometry": {"type": "MultiLineString", "coordinates": [[[31.563504361398977, 30.271650805207965], [31.56368250893077, 30.271809185422157]]]}}, {"type": "Feature", "properties": {"line_degree": 2.0, "manufacturing_material": 1.0, "diameter": "200 مم", "execution_position": 1.0, "shape_Length": 25.603003224520823, "Depth": 1.5699999999999932, "GL": 163.92, "IL": 162.35, "الشركةالمنفذة": "اولاد حجازي", "GlobalID": "{E9D6CA1B-6145-415F-8EBB-79733DB7AB03}", "القطاع": "القطاع الاول", "Fault_statement": null}, "geometry": {"type": "MultiLineString", "coordinates": [[[31.563323468520206, 30.271481442424058], [31.563504361398977, 30.271650805207965]]]}}, {"type": "Feature", "properties": {"line_degree": 2.0, "manufacturing_material": 1.0, "diameter": "200 مم", "execution_position": 1.0, "shape_Length": 26.743195593477033, "Depth": 1.5, "GL": 166.97, "IL": 165.47, "الشركةالمنفذة": "اولاد حجازي", "GlobalID": "{50EE589E-CF41-442A-A4A9-57E8D59BCE6B}", "القطاع": "القطاع الاول", "Fault_statement": null}, "geometry": {"type": "MultiLineString", "coordinates": [[[31.564584940518206, 30.27516350876484], [31.56459609319269, 30.275153000654793], [31.564773242443042, 30.274986079662266]]]}}, {"type": "Feature", "properties": {"line_degree": 2.0, "manufacturing_material": 1.0, "diameter": "200 مم", "execution_position": 1.0, "shape_Length": 26.969221340180543, "Depth": 1.4599999999999795, "GL": 167.92, "IL": 166.46, "الشركةالمنفذة": "اولاد حجازي", "GlobalID": "{55043854-CF7E-4C5C-B7DF-97997D8EF1B5}", "القطاع": "القطاع الاول", "Fault_statement": null}, "geometry": {"type": "MultiLineString", "coordinates": [[[31.565931323277884, 30.276195612325257], [31.566119936602362, 30.27601566507731]]]}}, {"type": "Feature", "properties": {"line_degree": 2.0, "manufacturing_material": 1.0, "diameter": "200 مم", "execution_position": 1.0, "shape_Length": 25.822516847001673, "Depth": 1.6599999999999966, "GL": 168.57, "IL": 166.91, "الشركةالمنفذة": "اولاد حجازي", "GlobalID": "{A9D77FB4-7F60-4117-BE58-981A7AEEC8D0}", "القطاع": "القطاع الاول", "Fault_statement": null}, "geometry": {"type": "MultiLineString", "coordinates": [[[31.562868811519227, 30.274834356995463], [31.562669577921934, 30.274678306931484]]]}}, {"type": "Feature", "properties": {"line_degree": 2.0, "manufacturing_material": 1.0, "diameter": "200 مم", "execution_position": 1.0, "shape_Length": 24.489693771321846, "Depth": 1.6599999999999966, "GL": 168.57, "IL": 166.91, "الشركةالمنفذة": "اولاد حجازي", "GlobalID": "{ABA28DB7-304F-4FBB-ACE8-464FA03369C8}", "القطاع": "القطاع الاول", "Fault_statement": null}, "geometry": {"type": "MultiLineString", "coordinates": [[[31.562669577921934, 30.274678306931484], [31.562480896341043, 30.274530053663003]]]}}, {"type": "Feature", "properties": {"line_degree": 2.0, "manufacturing_material": 1.0, "diameter": "200 مم", "execution_position": 1.0, "shape_Length": 23.72514904034273, "Depth": 1.5900000000000034, "GL": 167.81, "IL": 166.22, "الشركةالمنفذة": "اولاد حجازي", "GlobalID": "{20463DC8-40CC-4E79-878A-7A355CD9E872}", "القطاع": "القطاع الاول", "Fault_statement": null}, "geometry": {"type": "MultiLineString", "coordinates": [[[31.566119936602362, 30.27601566507731], [31.566278879961192, 30.27585205539925]]]}}, {"type": "Feature", "properties": {"line_degree": 2.0, "manufacturing_material": 1.0, "diameter": "200 مم", "execution_position": 1.0, "shape_Length": 25.21116922236756, "Depth": 1.7399999999999807, "GL": 170.7, "IL": 168.96, "الشركةالمنفذة": "اولاد حجازي", "GlobalID": "{25ACE0E8-A9F2-4D73-A53C-F4686119CCD2}", "القطاع": "القطاع الاول", "Fault_statement": null}, "geometry": {"type": "MultiLineString", "coordinates": [[[31.559419165087004, 30.26963642348289], [31.55951497329818, 30.26942476139175]]]}}, {"type": "Feature", "properties": {"line_degree": 2.0, "manufacturing_material": 1.0, "diameter": "200 مم", "execution_position": 1.0, "shape_Length": 24.999947192951623, "Depth": 1.25, "GL": 168.63, "IL": 167.38, "الشركةالمنفذة": "اولاد حجازي", "GlobalID": "{BCCC7FBF-62FB-4223-9285-3FD38A4B66A5}", "القطاع": "القطاع الاول", "Fault_statement": null}, "geometry": {"type": "MultiLineString", "coordinates": [[[31.561879323712315, 30.273163386145164], [31.562071273699267, 30.27331535898951]]]}}, {"type": "Feature", "properties": {"line_degree": 2.0, "manufacturing_material": 1.0, "diameter": "200 مم", "execution_position": 1.0, "shape_Length": 26.964888620579803, "Depth": 1.4399999999999977, "GL": 163.75, "IL": 162.31, "الشركةالمنفذة": "اولاد حجازي", "GlobalID": "{4B64BD69-DAF4-46C1-8E75-B0B5599B4558}", "القطاع": "القطاع الاول", "Fault_statement": null}, "geometry": {"type": "MultiLineString", "coordinates": [[[31.5640437777331, 30.272647732542616], [31.5638723063773, 30.272495559980932], [31.56384783706932, 30.272473843847898]]]}}, {"type": "Feature", "properties": {"line_degree": 2.0, "manufacturing_material": 1.0, "diameter": "200 مم", "execution_position": 1.0, "shape_Length": 33.109348289055, "Depth": 1.4399999999999977, "GL": 163.75, "IL": 162.31, "الشركةالمنفذة": "اولاد حجازي", "GlobalID": "{C184F249-C2F4-4425-8BF0-2B85B4455530}", "القطاع": "القطاع الاول", "Fault_statement": null}, "geometry": {"type": "MultiLineString", "coordinates": [[[31.56425088793615, 30.27288622775644], [31.5640437777331, 30.272647732542616]]]}}, {"type": "Feature", "properties": {"line_degree": 2.0, "manufacturing_material": 1.0, "diameter": "200 مم", "execution_position": 1.0, "shape_Length": 25.12912923703113, "Depth": 1.3499999999999943, "GL": 167.38, "IL": 166.03, "الشركةالمنفذة": "اولاد حجازي", "GlobalID": "{82A7983C-880C-45B8-9B65-3274ED887DD3}", "القطاع": "القطاع الاول", "Fault_statement": null}, "geometry": {"type": "MultiLineString", "coordinates": [[[31.565264006453884, 30.27567137261051], [31.565440905985827, 30.275504621389842]]]}}, {"type": "Feature", "properties": {"line_degree": 2.0, "manufacturing_material": 1.0, "diameter": "200 مم", "execution_position": 1.0, "shape_Length": 41.085202262496296, "Depth": 1.3600000000000136, "GL": 167.62, "IL": 166.26, "الشركةالمنفذة": "اولاد حجازي", "GlobalID": "{AC1C12E1-A31B-4604-BFB2-388C441A7185}", "القطاع": "القطاع الاول", "Fault_statement": null}, "geometry": {"type": "MultiLineString", "coordinates": [[[31.567036582363695, 30.275229178679943], [31.567246069812505, 30.2750488743535], [31.56725721807519, 30.275039278905805], [31.567269917581495, 30.275028348939355], [31.567294227604656, 30.2750074246222], [31.567339769970644, 30.27496822686353]]]}}, {"type": "Feature", "properties": {"line_degree": 2.0, "manufacturing_material": 1.0, "diameter": "200 مم", "execution_position": 1.0, "shape_Length": 23.65653474548261, "Depth": 1.6199999999999761, "GL": 166.95, "IL": 165.33, "الشركةالمنفذة": "اولاد حجازي", "GlobalID": "{21D41908-F040-4926-96D4-4B50C0C85285}", "القطاع": "القطاع الاول", "Fault_statement": null}, "geometry": {"type": "MultiLineString", "coordinates": [[[31.56598827837298, 30.274918955635165], [31.566164306569263, 30.274769986472318]]]}}, {"type": "Feature", "properties": {"line_degree": 2.0, "manufacturing_material": 1.0, "diameter": "200 مم", "execution_position": 1.0, "shape_Length": 25.15914311255201, "Depth": 1.6199999999999761, "GL": 166.95, "IL": 165.33, "الشركةالمنفذة": "اولاد حجازي", "GlobalID": "{E635EA02-3AC5-4656-AA88-E7EC19FE5B3A}", "القطاع": "القطاع الاول", "Fault_statement": null}, "geometry": {"type": "MultiLineString", "coordinates": [[[31.566164306569263, 30.274769986472318], [31.566348322463853, 30.274608761695795]]]}}, {"type": "Feature", "properties": {"line_degree": 2.0, "manufacturing_material": 1.0, "diameter": "200 مم", "execution_position": 1.0, "shape_Length": 24.232824077394486, "Depth": 1.6099999999999852, "GL": 169.6, "IL": 167.99, "الشركةالمنفذة": "عوض خليفة", "GlobalID": "{393A6257-5574-44E5-A2C0-D22325C8B85C}", "القطاع": "القطاع الثاني", "Fault_statement": null}, "geometry": {"type": "MultiLineString", "coordinates": [[[31.569784994679615, 30.27392728645281], [31.56959796108135, 30.274073665260214]]]}}, {"type": "Feature", "properties": {"line_degree": 2.0, "manufacturing_material": 1.0, "diameter": "200 مم", "execution_position": 1.0, "shape_Length": 27.396675510088187, "Depth": 1.4699999999999989, "GL": 167.16, "IL": 165.69, "الشركةالمنفذة": "اولاد حجازي", "GlobalID": "{36ADA3C3-C645-4E48-AF9D-523B712395B3}", "القطاع": "القطاع الاول", "Fault_statement": null}, "geometry": {"type": "MultiLineString", "coordinates": [[[31.563256026336425, 30.274117090706927], [31.563448329438565, 30.273934849225657]]]}}, {"type": "Feature", "properties": {"line_degree": 2.0, "manufacturing_material": 1.0, "diameter": "200 مم", "execution_position": 1.0, "shape_Length": 25.150551515038604, "Depth": 1.420000000000016, "GL": 167.02, "IL": 165.6, "الشركةالمنفذة": "اولاد حجازي", "GlobalID": "{9BABC16A-2CAE-4788-A06B-00BCFE60CA7F}", "القطاع": "القطاع الاول", "Fault_statement": null}, "geometry": {"type": "MultiLineString", "coordinates": [[[31.563929114273073, 30.27463431447946], [31.564103246273458, 30.274465125183657]]]}}, {"type": "Feature", "properties": {"line_degree": 2.0, "manufacturing_material": 1.0, "diameter": "200 مم", "execution_position": 1.0, "shape_Length": 24.909842893710238, "Depth": 1.5, "GL": 167.36, "IL": 165.86, "الشركةالمنفذة": "اولاد حجازي", "GlobalID": "{DA686F37-FFE1-4540-987D-E9343D6A5661}", "القطاع": "القطاع الاول", "Fault_statement": null}, "geometry": {"type": "MultiLineString", "coordinates": [[[31.565440905985827, 30.275504621389842], [31.56561027481416, 30.275334687530197]]]}}, {"type": "Feature", "properties": {"line_degree": 2.0, "manufacturing_material": 1.0, "diameter": "200 مم", "execution_position": 1.0, "shape_Length": 26.31627368859568, "Depth": 1.5, "GL": 166.56, "IL": 165.06, "الشركةالمنفذة": "اولاد حجازي", "GlobalID": "{9DEA9647-A904-4E53-BA95-78474C6BA0E1}", "القطاع": "القطاع الاول", "Fault_statement": null}, "geometry": {"type": "MultiLineString", "coordinates": [[[31.564103246273458, 30.274465125183657], [31.564283340994116, 30.2742864764297]]]}}, {"type": "Feature", "properties": {"line_degree": 2.0, "manufacturing_material": 1.0, "diameter": "200 مم", "execution_position": 1.0, "shape_Length": 25.25383074190399, "Depth": 1.6400000000000148, "GL": 166.93, "IL": 165.29, "الشركةالمنفذة": "اولاد حجازي", "GlobalID": "{00962A1E-376C-47FB-96CC-2D5187CDBBAA}", "القطاع": "القطاع الاول", "Fault_statement": null}, "geometry": {"type": "MultiLineString", "coordinates": [[[31.564773242443042, 30.274986079662266], [31.564775522356378, 30.27498385442495], [31.56494362498696, 30.274819805481627], [31.5649476628836, 30.274815865099924]]]}}, {"type": "Feature", "properties": {"line_degree": 2.0, "manufacturing_material": 1.0, "diameter": "200 مم", "execution_position": 1.0, "shape_Length": 26.0355029995006, "Depth": 1.549999999999983, "GL": 167.92, "IL": 166.37, "الشركةالمنفذة": "اولاد حجازي", "GlobalID": "{856BA745-13E3-4A4C-9EDC-34AFFA6BEE78}", "القطاع": "القطاع الاول", "Fault_statement": null}, "geometry": {"type": "MultiLineString", "coordinates": [[[31.560108619848457, 30.268370842322657], [31.560362523450387, 30.268289717555557]]]}}, {"type": "Feature", "properties": {"line_degree": 2.0, "manufacturing_material": 1.0, "diameter": "200 مم", "execution_position": 1.0, "shape_Length": 25.931962020411664, "Depth": 1.539999999999992, "GL": 166.09, "IL": 164.55, "الشركةالمنفذة": "اولاد حجازي", "GlobalID": "{427FDD1E-2A54-4A54-8ABC-32F27186A200}", "القطاع": "القطاع الاول", "Fault_statement": null}, "geometry": {"type": "MultiLineString", "coordinates": [[[31.56096947379413, 30.268424861561524], [31.561219654836314, 30.26851179472828]]]}}, {"type": "Feature", "properties": {"line_degree": 2.0, "manufacturing_material": 1.0, "diameter": "200 مم", "execution_position": 1.0, "shape_Length": 29.518236583048182, "Depth": 1.549999999999983, "GL": 167.92, "IL": 166.37, "الشركةالمنفذة": "اولاد حجازي", "GlobalID": "{66FFB6BF-EF26-49C9-B832-CD9D7C849DD1}", "القطاع": "القطاع الاول", "Fault_statement": null}, "geometry": {"type": "MultiLineString", "coordinates": [[[31.559897628137872, 30.268564116832515], [31.560108619848457, 30.268370842322657]]]}}, {"type": "Feature", "properties": {"line_degree": 2.0, "manufacturing_material": 1.0, "diameter": "200 مم", "execution_position": 1.0, "shape_Length": 25.990491383670214, "Depth": 1.549999999999983, "GL": 167.92, "IL": 166.37, "الشركةالمنفذة": "اولاد حجازي", "GlobalID": "{FC5DB3D2-421D-44DE-9E3B-CE6C6AFA4521}", "القطاع": "القطاع الاول", "Fault_statement": null}, "geometry": {"type": "MultiLineString", "coordinates": [[[31.560362523450387, 30.268289717555557], [31.560631853423015, 30.268307298432283]]]}}, {"type": "Feature", "properties": {"line_degree": 2.0, "manufacturing_material": 1.0, "diameter": "200 مم", "execution_position": 1.0, "shape_Length": 29.080551296999108, "Depth": 1.5900000000000034, "GL": 167.81, "IL": 166.22, "الشركةالمنفذة": "اولاد حجازي", "GlobalID": "{22109DA0-4016-4D29-B519-1F811BE57097}", "القطاع": "القطاع الاول", "Fault_statement": null}, "geometry": {"type": "MultiLineString", "coordinates": [[[31.56664927905697, 30.27557398820769], [31.566405846442244, 30.27572944619996]]]}}, {"type": "Feature", "properties": {"line_degree": 2.0, "manufacturing_material": 1.0, "diameter": "200 مم", "execution_position": 1.0, "shape_Length": 26.71041585660838, "Depth": 1.5, "GL": 170.0, "IL": 168.5, "الشركةالمنفذة": "اولاد حجازي", "GlobalID": "{DFD6C2EE-4523-4A75-AF9E-EBD2A3C681ED}", "القطاع": "القطاع الاول", "Fault_statement": null}, "geometry": {"type": "MultiLineString", "coordinates": [[[31.564901328301733, 30.27610197242943], [31.56471874297737, 30.276283456123313]]]}}, {"type": "Feature", "properties": {"line_degree": 2.0, "manufacturing_material": 1.0, "diameter": "200 مم", "execution_position": 1.0, "shape_Length": 26.990387551421396, "Depth": 1.5, "GL": 168.69, "IL": 167.19, "الشركةالمنفذة": "اولاد حجازي", "GlobalID": "{BE9E267A-6B59-4444-BD2B-C61FCAB83973}", "القطاع": "القطاع الاول", "Fault_statement": null}, "geometry": {"type": "MultiLineString", "coordinates": [[[31.563516776396526, 30.27501005794734], [31.56332480188916, 30.27518756778882]]]}}, {"type": "Feature", "properties": {"line_degree": 2.0, "manufacturing_material": 1.0, "diameter": "200 مم", "execution_position": 1.0, "shape_Length": 26.055704417400108, "Depth": 2.109999999999985, "GL": 169.98, "IL": 167.87, "الشركةالمنفذة": "اولاد حجازي", "GlobalID": "{4B62C175-F9FB-47A2-A3BC-BF2CE60F18EA}", "القطاع": "القطاع الاول", "Fault_statement": null}, "geometry": {"type": "MultiLineString", "coordinates": [[[31.56418539713719, 30.27554700730756], [31.564001137374298, 30.27571923504198]]]}}, {"type": "Feature", "properties": {"line_degree": 2.0, "manufacturing_material": 1.0, "diameter": "200 مم", "execution_position": 1.0, "shape_Length": 26.084898816600564, "Depth": 1.5, "GL": 169.23, "IL": 167.73, "الشركةالمنفذة": "اولاد حجازي", "GlobalID": "{83E1950A-AE3E-44EE-AC92-218BFAEA9E4F}", "القطاع": "القطاع الاول", "Fault_statement": null}, "geometry": {"type": "MultiLineString", "coordinates": [[[31.56551977593315, 30.276591584200734], [31.56533856096064, 30.276766584360942]]]}}, {"type": "Feature", "properties": {"line_degree": 2.0, "manufacturing_material": 1.0, "diameter": "200 مم", "execution_position": 1.0, "shape_Length": 26.871260911332058, "Depth": 1.6599999999999966, "GL": 168.57, "IL": 166.91, "الشركةالمنفذة": "اولاد حجازي", "GlobalID": "{4D34AE39-72BE-4FA2-B1A1-917AA620B144}", "القطاع": "القطاع الاول", "Fault_statement": null}, "geometry": {"type": "MultiLineString", "coordinates": [[[31.56286130215259, 30.274502069186983], [31.56286076455272, 30.274502564010156], [31.562669577921934, 30.274678306931484]]]}}, {"type": "Feature", "properties": {"line_degree": 2.0, "manufacturing_material": 1.0, "diameter": "200 مم", "execution_position": 1.0, "shape_Length": 28.277557895386586, "Depth": 1.6200000000000045, "GL": 169.18, "IL": 167.56, "الشركةالمنفذة": "عوض خليفة", "GlobalID": "{63C26DBE-FA48-4BBD-88AB-7311C902844E}", "القطاع": "القطاع الثاني", "Fault_statement": null}, "geometry": {"type": "MultiLineString", "coordinates": [[[31.56959796108135, 30.274073665260214], [31.56937915510274, 30.27424394157]]]}}, {"type": "Feature", "properties": {"line_degree": 2.0, "manufacturing_material": 1.0, "diameter": "200 مم", "execution_position": 1.0, "shape_Length": 26.464868026497292, "Depth": 2.569999999999993, "GL": 171.06, "IL": 168.49, "الشركةالمنفذة": "اولاد حجازي", "GlobalID": "{6CEBC47F-DCFD-4F64-A838-C3321FFE6526}", "القطاع": "القطاع الاول", "Fault_statement": null}, "geometry": {"type": "MultiLineString", "coordinates": [[[31.560487114211988, 30.272071377508873], [31.560286617806533, 30.27190796839273]]]}}, {"type": "Feature", "properties": {"line_degree": 2.0, "manufacturing_material": 1.0, "diameter": "200 مم", "execution_position": 1.0, "shape_Length": 23.706297948356678, "Depth": 1.5, "GL": 166.25, "IL": 164.75, "الشركةالمنفذة": "اولاد حجازي", "GlobalID": "{89266C78-BA4B-47D3-BC5B-FFEE43D6314A}", "القطاع": "القطاع الاول", "Fault_statement": null}, "geometry": {"type": "MultiLineString", "coordinates": [[[31.563448329438565, 30.273934849225657], [31.563618958756628, 30.273780599017314]]]}}, {"type": "Feature", "properties": {"line_degree": 2.0, "manufacturing_material": 1.0, "diameter": "200 مم", "execution_position": 1.0, "shape_Length": 28.19224493453422, "Depth": 1.5, "GL": 168.69, "IL": 167.19, "الشركةالمنفذة": "اولاد حجازي", "GlobalID": "{451115B0-F7FE-47FF-AD70-CB8025B23CF0}", "القطاع": "القطاع الاول", "Fault_statement": null}, "geometry": {"type": "MultiLineString", "coordinates": [[[31.56354084714017, 30.275359344773534], [31.56332480188916, 30.27518756778882]]]}}, {"type": "Feature", "properties": {"line_degree": 2.0, "manufacturing_material": 1.0, "diameter": "200 مم", "execution_position": 1.0, "shape_Length": 97.01351975390486, "Depth": 1.6899999999999977, "GL": 166.48, "IL": 164.79, "الشركةالمنفذة": "اولاد حجازي", "GlobalID": "{6978CF70-E570-491C-BAC5-A1BBA8ACE01F}", "القطاع": "القطاع الاول", "Fault_statement": null}, "geometry": {"type": "MultiLineString", "coordinates": [[[31.56245590188663, 30.2722116180923], [31.56268941894887, 30.272399785796118], [31.562880529194704, 30.272558003219523], [31.56308418979966, 30.27272165269923], [31.563160560279673, 30.272780590848285], [31.56319473876891, 30.272806967767856]]]}}, {"type": "Feature", "properties": {"line_degree": 2.0, "manufacturing_material": 1.0, "diameter": "200 مم", "execution_position": 1.0, "shape_Length": 27.446189905347293, "Depth": 1.7900000000000205, "GL": 171.27, "IL": 169.48, "الشركةالمنفذة": "اولاد حجازي", "GlobalID": "{770760E6-0488-4C11-AD65-3331F68A1614}", "القطاع": "القطاع الاول", "Fault_statement": null}, "geometry": {"type": "MultiLineString", "coordinates": [[[31.56087125687912, 30.272374442070337], [31.560660036101925, 30.27220806658127]]]}}, {"type": "Feature", "properties": {"line_degree": 2.0, "manufacturing_material": 1.0, "diameter": "200 مم", "execution_position": 1.0, "shape_Length": 13.889849720887188, "Depth": 1.5600000000000023, "GL": 166.98, "IL": 165.42, "الشركةالمنفذة": "عوض خليفة", "GlobalID": "{98D849BC-AAB2-4864-A4EA-BE4D0F421E5A}", "القطاع": "القطاع الثاني", "Fault_statement": null}, "geometry": {"type": "MultiLineString", "coordinates": [[[31.568665040295457, 30.27356558086356], [31.568557826968163, 30.273649473902527]]]}}, {"type": "Feature", "properties": {"line_degree": 2.0, "manufacturing_material": 1.0, "diameter": "200 مم", "execution_position": 1.0, "shape_Length": 12.840701304003996, "Depth": 1.8100000000000023, "GL": 172.41, "IL": 170.6, "الشركةالمنفذة": "التوحيد", "GlobalID": "{F747343F-B9FF-407D-ADA8-3334BF6B754C}", "القطاع": "القطاع الثالث", "Fault_statement": null}, "geometry": {"type": "MultiLineString", "coordinates": [[[31.558985231595216, 30.271951007040304], [31.559080860605505, 30.27187022186352]]]}}, {"type": "Feature", "properties": {"line_degree": 2.0, "manufacturing_material": 1.0, "diameter": "200 مم", "execution_position": 1.0, "shape_Length": 27.935962614533207, "Depth": 1.6500000000000057, "GL": 166.62, "IL": 164.97, "الشركةالمنفذة": "اولاد حجازي", "GlobalID": "{1A04AFA1-DEA8-4CA4-B0DB-8D0AC0D196C3}", "القطاع": "القطاع الاول", "Fault_statement": null}, "geometry": {"type": "MultiLineString", "coordinates": [[[31.56713686990502, 30.274311621485815], [31.566944826703473, 30.27412263672063]]]}}, {"type": "Feature", "properties": {"line_degree": 2.0, "manufacturing_material": 1.0, "diameter": "200 مم", "execution_position": 1.0, "shape_Length": 77.24533698225284, "Depth": 1.5, "GL": 168.83, "IL": 167.33, "الشركةالمنفذة": "اولاد حجازي", "GlobalID": "{392BD52B-DC30-4807-85EF-8C900A943834}", "القطاع": "القطاع الاول", "Fault_statement": null}, "geometry": {"type": "MultiLineString", "coordinates": [[[31.562469392961766, 30.270847837554246], [31.562320123031988, 30.270725983677604], [31.562089170727454, 30.270540266816845], [31.561882756079005, 30.270372220095233]]]}}, {"type": "Feature", "properties": {"line_degree": 2.0, "manufacturing_material": 1.0, "diameter": "200 مم", "execution_position": 1.0, "shape_Length": 16.500304372635597, "Depth": 1.5999999999999943, "GL": 162.7, "IL": 161.1, "الشركةالمنفذة": "عوض خليفة", "GlobalID": "{4DF8C116-A055-426D-A82C-AD2A90445F87}", "القطاع": "القطاع الثاني", "Fault_statement": null}, "geometry": {"type": "MultiLineString", "coordinates": [[[31.563214873879726, 30.26921065390094], [31.563187658936474, 30.26935760552371]]]}}, {"type": "Feature", "properties": {"line_degree": 2.0, "manufacturing_material": 1.0, "diameter": "200 مم", "execution_position": 1.0, "shape_Length": 18.971887248630313, "Depth": 1.4399999999999977, "GL": 163.75, "IL": 162.31, "الشركةالمنفذة": "اولاد حجازي", "GlobalID": "{4743B78D-B69E-4D22-B45B-6FA4A5C0E989}", "القطاع": "القطاع الاول", "Fault_statement": null}, "geometry": {"type": "MultiLineString", "coordinates": [[[31.56384783706932, 30.272473843847898], [31.563716450922723, 30.2723462462939]]]}}, {"type": "Feature", "properties": {"line_degree": 2.0, "manufacturing_material": 1.0, "diameter": "200 مم", "execution_position": 1.0, "shape_Length": 29.419898693272767, "Depth": 1.579999999999984, "GL": 165.79, "IL": 164.21, "الشركةالمنفذة": "اولاد حجازي", "GlobalID": "{A89E4BED-D793-4A50-9F4D-43C7C75745F0}", "القطاع": "القطاع الاول", "Fault_statement": null}, "geometry": {"type": "MultiLineString", "coordinates": [[[31.5666913800838, 30.27347336255729], [31.566504268803836, 30.273616098479405], [31.56646172580019, 30.273648551949773]]]}}, {"type": "Feature", "properties": {"line_degree": 2.0, "manufacturing_material": 1.0, "diameter": "200 مم", "execution_position": 1.0, "shape_Length": 30.000160142177513, "Depth": 1.490000000000009, "GL": 167.31, "IL": 165.82, "الشركةالمنفذة": "اولاد حجازي", "GlobalID": "{A9D3810F-E99E-4EB3-BFD9-D25177C4931D}", "القطاع": "القطاع الاول", "Fault_statement": null}, "geometry": {"type": "MultiLineString", "coordinates": [[[31.562071273699267, 30.27331535898951], [31.5623022040703, 30.273497166386544]]]}}, {"type": "Feature", "properties": {"line_degree": 2.0, "manufacturing_material": 1.0, "diameter": "200 مم", "execution_position": 1.0, "shape_Length": 29.846408815872543, "Depth": 1.460000000000008, "GL": 166.71, "IL": 165.25, "الشركةالمنفذة": "اولاد حجازي", "GlobalID": "{96C6FBD9-4FB6-4AD3-9A6E-04640EBCC53A}", "القطاع": "القطاع الاول", "Fault_statement": null}, "geometry": {"type": "MultiLineString", "coordinates": [[[31.566348322463853, 30.274608761695795], [31.566573072621054, 30.274423214785664]]]}}, {"type": "Feature", "properties": {"line_degree": 2.0, "manufacturing_material": 1.0, "diameter": "200 مم", "execution_position": 1.0, "shape_Length": 29.422712403215208, "Depth": 1.5900000000000034, "GL": 162.21, "IL": 160.62, "الشركةالمنفذة": "عوض خليفة", "GlobalID": "{20EC71C2-5FE4-4AF7-8477-EB7F03C8D000}", "القطاع": "القطاع الثاني", "Fault_statement": null}, "geometry": {"type": "MultiLineString", "coordinates": [[[31.56429238683307, 30.269441094972066], [31.56412618097544, 30.26966386256682]]]}}, {"type": "Feature", "properties": {"line_degree": 2.0, "manufacturing_material": 1.0, "diameter": "200 مم", "execution_position": 1.0, "shape_Length": 28.989095242447103, "Depth": 1.7800000000000011, "GL": 167.9, "IL": 166.12, "الشركةالمنفذة": "اولاد حجازي", "GlobalID": "{2F06099B-945C-421A-B250-4D930B4A64EE}", "القطاع": "القطاع الاول", "Fault_statement": null}, "geometry": {"type": "MultiLineString", "coordinates": [[[31.567785779069666, 30.274955098565044], [31.56758709873382, 30.274758528470052]]]}}, {"type": "Feature", "properties": {"line_degree": 2.0, "manufacturing_material": 1.0, "diameter": "200 مم", "execution_position": 1.0, "shape_Length": 29.989999786065326, "Depth": 1.5999999999999943, "GL": 162.7, "IL": 161.1, "الشركةالمنفذة": "عوض خليفة", "GlobalID": "{F75C7F8C-3519-44A1-8006-36F588ED3BA8}", "القطاع": "القطاع الثاني", "Fault_statement": null}, "geometry": {"type": "MultiLineString", "coordinates": [[[31.56335887935823, 30.268970744733103], [31.563214873879726, 30.26921065390094]]]}}, {"type": "Feature", "properties": {"line_degree": 2.0, "manufacturing_material": 1.0, "diameter": "200 مم", "execution_position": 1.0, "shape_Length": 29.992546429065218, "Depth": 1.5, "GL": 169.67, "IL": 168.17, "الشركةالمنفذة": "التوحيد", "GlobalID": "{A5867B1B-534B-4148-8251-9F5C799C8C00}", "القطاع": "القطاع الثالث", "Fault_statement": null}, "geometry": {"type": "MultiLineString", "coordinates": [[[31.561247640325103, 30.27414428713614], [31.56146113638169, 30.273947171541554]]]}}, {"type": "Feature", "properties": {"line_degree": 2.0, "manufacturing_material": 1.0, "diameter": "200 مم", "execution_position": 1.0, "shape_Length": 29.48038492546086, "Depth": 1.5, "GL": 168.69, "IL": 167.19, "الشركةالمنفذة": "اولاد حجازي", "GlobalID": "{8B7F4C3E-3D5F-4698-A4C9-FB12DD0036AC}", "القطاع": "القطاع الاول", "Fault_statement": null}, "geometry": {"type": "MultiLineString", "coordinates": [[[31.56332480188916, 30.27518756778882], [31.56309816172574, 30.27500863040809]]]}}, {"type": "Feature", "properties": {"line_degree": 2.0, "manufacturing_material": 1.0, "diameter": "200 مم", "execution_position": 1.0, "shape_Length": 30.257436097810718, "Depth": 1.5, "GL": 172.57, "IL": 171.07, "الشركةالمنفذة": "عوض خليفة", "GlobalID": "{C480BE6E-4660-4164-8833-119DD1D0C8E2}", "القطاع": "القطاع الثاني", "Fault_statement": null}, "geometry": {"type": "MultiLineString", "coordinates": [[[31.55792433107989, 30.269373182481885], [31.55821583898133, 30.269475493209292]]]}}, {"type": "Feature", "properties": {"line_degree": 2.0, "manufacturing_material": 1.0, "diameter": "200 مم", "execution_position": 1.0, "shape_Length": 29.879900468753497, "Depth": 1.5699999999999932, "GL": 173.34, "IL": 171.77, "الشركةالمنفذة": "التوحيد", "GlobalID": "{C77B44EE-424E-4566-ACAD-6CFC420EC938}", "القطاع": "القطاع الثالث", "Fault_statement": null}, "geometry": {"type": "MultiLineString", "coordinates": [[[31.558539992398558, 30.27030679041164], [31.558819315612016, 30.27042452608799]]]}}, {"type": "Feature", "properties": {"line_degree": 2.0, "manufacturing_material": 1.0, "diameter": "200 مم", "execution_position": 1.0, "shape_Length": 30.121862168519794, "Depth": 1.75, "GL": 161.65, "IL": 159.9, "الشركةالمنفذة": "عوض خليفة", "GlobalID": "{4615CF56-F3B4-4C7C-87CA-F061DEFEF4C5}", "القطاع": "القطاع الثاني", "Fault_statement": null}, "geometry": {"type": "MultiLineString", "coordinates": [[[31.565177344001164, 30.27001744119758], [31.564979531210728, 30.27022802232634]]]}}, {"type": "Feature", "properties": {"line_degree": 2.0, "manufacturing_material": 1.0, "diameter": "200 مم", "execution_position": 1.0, "shape_Length": 10.567588047664513, "Depth": 1.8799999999999955, "GL": 164.95, "IL": 163.07, "الشركةالمنفذة": "اولاد حجازي", "GlobalID": "{0A1F041E-0AD5-4127-A260-9040693D78F6}", "القطاع": "القطاع الاول", "Fault_statement": null}, "geometry": {"type": "MultiLineString", "coordinates": [[[31.56593802546309, 30.273137371706852], [31.565864622266886, 30.273066468513655]]]}}, {"type": "Feature", "properties": {"line_degree": 2.0, "manufacturing_material": 1.0, "diameter": "200 مم", "execution_position": 1.0, "shape_Length": 30.76436817120841, "Depth": 1.509999999999991, "GL": 168.25, "IL": 166.74, "الشركةالمنفذة": "اولاد حجازي", "GlobalID": "{B91F8AA5-8380-4A2B-B436-B2D44231C88D}", "القطاع": "القطاع الاول", "Fault_statement": null}, "geometry": {"type": "MultiLineString", "coordinates": [[[31.56799801721916, 30.275162641609228], [31.567785779069666, 30.274955098565044]]]}}, {"type": "Feature", "properties": {"line_degree": 2.0, "manufacturing_material": 1.0, "diameter": "200 مم", "execution_position": 1.0, "shape_Length": 30.137648416094475, "Depth": 1.5999999999999943, "GL": 171.89, "IL": 170.29, "الشركةالمنفذة": "عوض خليفة", "GlobalID": "{3F74AC01-F3B4-47E7-92BB-72B746D3285F}", "القطاع": "القطاع الثاني", "Fault_statement": null}, "geometry": {"type": "MultiLineString", "coordinates": [[[31.558795665672463, 30.269674878190155], [31.55908886031192, 30.269770461340702]]]}}, {"type": "Feature", "properties": {"line_degree": 2.0, "manufacturing_material": 1.0, "diameter": "200 مم", "execution_position": 1.0, "shape_Length": 30.07073608990191, "Depth": 1.5, "GL": 172.57, "IL": 171.07, "الشركةالمنفذة": "عوض خليفة", "GlobalID": "{85F0674D-06B5-4247-BBCE-C0E02EB549FA}", "القطاع": "القطاع الثاني", "Fault_statement": null}, "geometry": {"type": "MultiLineString", "coordinates": [[[31.55821583898133, 30.269475493209292], [31.55850613130058, 30.269575912359965]]]}}, {"type": "Feature", "properties": {"line_degree": 2.0, "manufacturing_material": 1.0, "diameter": "200 مم", "execution_position": 1.0, "shape_Length": 29.739697998416876, "Depth": 2.5600000000000023, "GL": 163.54, "IL": 160.98, "الشركةالمنفذة": "اولاد حجازي", "GlobalID": "{92B86141-3E20-4B05-BF10-AE1ABF1AEBE5}", "القطاع": "القطاع الاول", "Fault_statement": null}, "geometry": {"type": "MultiLineString", "coordinates": [[[31.56368250893077, 30.271809185422157], [31.563896594754357, 30.2720026645392]]]}}, {"type": "Feature", "properties": {"line_degree": 2.0, "manufacturing_material": 1.0, "diameter": "200 مم", "execution_position": 1.0, "shape_Length": 29.385322968469975, "Depth": 1.7399999999999807, "GL": 169.42, "IL": 167.68, "الشركةالمنفذة": "اولاد حجازي", "GlobalID": "{6EC1C345-FD7A-49B1-AE1E-890B70BDDA2F}", "القطاع": "القطاع الاول", "Fault_statement": null}, "geometry": {"type": "MultiLineString", "coordinates": [[[31.563766975187928, 30.275537496984835], [31.56354084714017, 30.275359344773534]]]}}, {"type": "Feature", "properties": {"line_degree": 2.0, "manufacturing_material": 1.0, "diameter": "200 مم", "execution_position": 1.0, "shape_Length": 29.220871730752968, "Depth": 1.6500000000000057, "GL": 166.62, "IL": 164.97, "الشركةالمنفذة": "اولاد حجازي", "GlobalID": "{94958529-AE41-4ED8-BD85-A3C1147C00F9}", "القطاع": "القطاع الاول", "Fault_statement": null}, "geometry": {"type": "MultiLineString", "coordinates": [[[31.566573072621054, 30.274423214785664], [31.566792499228466, 30.27424099919511]]]}}, {"type": "Feature", "properties": {"line_degree": 2.0, "manufacturing_material": 1.0, "diameter": "200 مم", "execution_position": 1.0, "shape_Length": 30.225730544514278, "Depth": 2.109999999999985, "GL": 169.98, "IL": 167.87, "الشركةالمنفذة": "اولاد حجازي", "GlobalID": "{7A427AB5-D8FD-48E1-8A69-532DAEAE7D3A}", "القطاع": "القطاع الاول", "Fault_statement": null}, "geometry": {"type": "MultiLineString", "coordinates": [[[31.564001137374298, 30.27571923504198], [31.563766975187928, 30.275537496984835]]]}}, {"type": "Feature", "properties": {"line_degree": 2.0, "manufacturing_material": 1.0, "diameter": "200 مم", "execution_position": 1.0, "shape_Length": 54.14348979279673, "Depth": 1.8799999999999955, "GL": 164.31, "IL": 162.43, "الشركةالمنفذة": "اولاد حجازي", "GlobalID": "{952BAA36-F182-4C16-A7E9-FBC5D42D24DB}", "القطاع": "القطاع الاول", "Fault_statement": null}, "geometry": {"type": "MultiLineString", "coordinates": [[[31.565864622266886, 30.273066468513655], [31.56549088780903, 30.27270137103944]]]}}, {"type": "Feature", "properties": {"line_degree": 2.0, "manufacturing_material": 1.0, "diameter": "200 مم", "execution_position": 1.0, "shape_Length": 29.32091031575319, "Depth": 1.5, "GL": 169.0, "IL": 167.5, "الشركةالمنفذة": "عوض خليفة", "GlobalID": "{23440532-E643-44D0-88B5-26142BA5669E}", "القطاع": "القطاع الثاني", "Fault_statement": null}, "geometry": {"type": "MultiLineString", "coordinates": [[[31.568894395141516, 30.273391449740398], [31.568665040295457, 30.27356558086356]]]}}, {"type": "Feature", "properties": {"line_degree": 2.0, "manufacturing_material": 1.0, "diameter": "200 مم", "execution_position": 1.0, "shape_Length": 29.226517890899313, "Depth": 1.5, "GL": 165.32, "IL": 163.82, "الشركةالمنفذة": "عوض خليفة", "GlobalID": "{3DA23C18-195F-4783-A729-8F7AE7DF9372}", "القطاع": "القطاع الثاني", "Fault_statement": null}, "geometry": {"type": "MultiLineString", "coordinates": [[[31.56690793182057, 30.271092296404465], [31.56669367903177, 30.271279158836425]]]}}, {"type": "Feature", "properties": {"line_degree": 2.0, "manufacturing_material": 1.0, "diameter": "200 مم", "execution_position": 1.0, "shape_Length": 29.943562129822052, "Depth": 1.5999999999999943, "GL": 171.89, "IL": 170.29, "الشركةالمنفذة": "عوض خليفة", "GlobalID": "{B64A976E-5A20-418A-91C5-337127C94BD1}", "القطاع": "القطاع الثاني", "Fault_statement": null}, "geometry": {"type": "MultiLineString", "coordinates": [[[31.55850613130058, 30.269575912359965], [31.558795665672463, 30.269674878190155]]]}}, {"type": "Feature", "properties": {"line_degree": 2.0, "manufacturing_material": 1.0, "diameter": "200 مم", "execution_position": 1.0, "shape_Length": 31.235835713594852, "Depth": 1.7800000000000011, "GL": 167.9, "IL": 166.12, "الشركةالمنفذة": "اولاد حجازي", "GlobalID": "{AFB69ABB-414C-4B43-B3A2-726F106AD820}", "القطاع": "القطاع الاول", "Fault_statement": null}, "geometry": {"type": "MultiLineString", "coordinates": [[[31.56758709873382, 30.274758528470052], [31.56737253695222, 30.274547092546957]]]}}, {"type": "Feature", "properties": {"line_degree": 2.0, "manufacturing_material": 1.0, "diameter": "200 مم", "execution_position": 1.0, "shape_Length": 29.21564869814999, "Depth": 1.25, "GL": 168.63, "IL": 167.38, "الشركةالمنفذة": "اولاد حجازي", "GlobalID": "{0B480403-F4E0-4287-B397-AC7B02A54486}", "القطاع": "القطاع الاول", "Fault_statement": null}, "geometry": {"type": "MultiLineString", "coordinates": [[[31.561655648547337, 30.27298517673243], [31.561879323712315, 30.273163386145164]]]}}, {"type": "Feature", "properties": {"line_degree": 2.0, "manufacturing_material": 1.0, "diameter": "200 مم", "execution_position": 1.0, "shape_Length": 29.330700313469872, "Depth": 1.6599999999999966, "GL": 168.57, "IL": 166.91, "الشركةالمنفذة": "اولاد حجازي", "GlobalID": "{A7BC384F-F1BC-458B-924B-82E438685047}", "القطاع": "القطاع الاول", "Fault_statement": null}, "geometry": {"type": "MultiLineString", "coordinates": [[[31.56309816172574, 30.27500863040809], [31.562868811519227, 30.274834356995463]]]}}, {"type": "Feature", "properties": {"line_degree": 2.0, "manufacturing_material": 1.0, "diameter": "200 مم", "execution_position": 1.0, "shape_Length": 30.157472830253017, "Depth": 1.5, "GL": 165.32, "IL": 163.82, "الشركةالمنفذة": "عوض خليفة", "GlobalID": "{BF4DBB53-C4CA-451D-847B-93AE42ED5BB1}", "القطاع": "القطاع الثاني", "Fault_statement": null}, "geometry": {"type": "MultiLineString", "coordinates": [[[31.56669367903177, 30.271279158836425], [31.566470503334376, 30.271470143914723]]]}}, {"type": "Feature", "properties": {"line_degree": 2.0, "manufacturing_material": 1.0, "diameter": "200 مم", "execution_position": 1.0, "shape_Length": 31.391378830277386, "Depth": 1.8799999999999955, "GL": 164.31, "IL": 162.43, "الشركةالمنفذة": "اولاد حجازي", "GlobalID": "{CDF20F66-BB3D-4F2F-ADB8-954FB35860B6}", "القطاع": "القطاع الاول", "Fault_statement": null}, "geometry": {"type": "MultiLineString", "coordinates": [[[31.56526351889151, 30.272904428861057], [31.56549088780903, 30.27270137103944]]]}}, {"type": "Feature", "properties": {"line_degree": 2.0, "manufacturing_material": 1.0, "diameter": "200 مم", "execution_position": 1.0, "shape_Length": 31.28307301931, "Depth": 1.5400000000000205, "GL": 162.68, "IL": 161.14, "الشركةالمنفذة": "عوض خليفة", "GlobalID": "{E3FC787D-BE48-4859-992D-6CFE4E6087B3}", "القطاع": "القطاع الثاني", "Fault_statement": null}, "geometry": {"type": "MultiLineString", "coordinates": [[[31.56598460003662, 30.270605357924435], [31.565772408714942, 30.27081914499979]]]}}, {"type": "Feature", "properties": {"line_degree": 2.0, "manufacturing_material": 1.0, "diameter": "200 مم", "execution_position": 1.0, "shape_Length": 36.008405241589216, "Depth": 1.7800000000000011, "GL": 167.9, "IL": 166.12, "الشركةالمنفذة": "اولاد حجازي", "GlobalID": "{544EB8F4-4F55-4BA5-B2A3-97E187AC0ED6}", "القطاع": "القطاع الاول", "Fault_statement": null}, "geometry": {"type": "MultiLineString", "coordinates": [[[31.567921741299976, 30.27461314964919], [31.56758709873382, 30.274758528470052]]]}}, {"type": "Feature", "properties": {"line_degree": 2.0, "manufacturing_material": 1.0, "diameter": "200 مم", "execution_position": 1.0, "shape_Length": 31.362085690534354, "Depth": 1.5, "GL": 168.97, "IL": 167.47, "الشركةالمنفذة": "التوحيد", "GlobalID": "{8BE9D101-6D35-4C90-9AD4-8C2107603A5E}", "القطاع": "القطاع الثالث", "Fault_statement": null}, "geometry": {"type": "MultiLineString", "coordinates": [[[31.562007337946778, 30.274720147432532], [31.562225565228882, 30.274510020907563]]]}}, {"type": "Feature", "properties": {"line_degree": 2.0, "manufacturing_material": 1.0, "diameter": "200 مم", "execution_position": 1.0, "shape_Length": 11.43341242415099, "Depth": 1.6699999999999875, "GL": 165.39, "IL": 163.72, "الشركةالمنفذة": "عوض خليفة", "GlobalID": "{75071701-AC71-40EA-BFA2-6AEB4BFC8B01}", "القطاع": "القطاع الثاني", "Fault_statement": null}, "geometry": {"type": "MultiLineString", "coordinates": [[[31.566470503334376, 30.271470143914723], [31.566384391245283, 30.27154120539048]]]}}, {"type": "Feature", "properties": {"line_degree": 2.0, "manufacturing_material": 1.0, "diameter": "200 مم", "execution_position": 1.0, "shape_Length": 33.03625348315421, "Depth": 2.2299999999999898, "GL": 170.35, "IL": 168.12, "الشركةالمنفذة": "اولاد حجازي", "GlobalID": "{835061F9-EC6A-4967-9B12-AA33DFF161CC}", "القطاع": "القطاع الاول", "Fault_statement": null}, "geometry": {"type": "MultiLineString", "coordinates": [[[31.560844959334883, 30.271363718581295], [31.561075596480702, 30.271142977900887]]]}}, {"type": "Feature", "properties": {"line_degree": 2.0, "manufacturing_material": 1.0, "diameter": "200 مم", "execution_position": 1.0, "shape_Length": 37.45780494798534, "Depth": 1.6500000000000057, "GL": 166.62, "IL": 164.97, "الشركةالمنفذة": "اولاد حجازي", "GlobalID": "{7357A451-41AA-4AE5-B014-6D9DA9103872}", "القطاع": "القطاع الاول", "Fault_statement": null}, "geometry": {"type": "MultiLineString", "coordinates": [[[31.567319226104683, 30.274030109654475], [31.567273733576187, 30.274041352872395], [31.566944826703473, 30.27412263672063]]]}}, {"type": "Feature", "properties": {"line_degree": 2.0, "manufacturing_material": 1.0, "diameter": "200 مم", "execution_position": 1.0, "shape_Length": 35.47006965706784, "Depth": 1.5, "GL": 168.83, "IL": 167.33, "الشركةالمنفذة": "اولاد حجازي", "GlobalID": "{4CBD7E11-C6C0-481A-A4F0-DBEBEE843535}", "القطاع": "القطاع الاول", "Fault_statement": null}, "geometry": {"type": "MultiLineString", "coordinates": [[[31.561631806131718, 30.270606574431252], [31.561882756079005, 30.270372220095233]]]}}, {"type": "Feature", "properties": {"line_degree": 2.0, "manufacturing_material": 1.0, "diameter": "200 مم", "execution_position": 1.0, "shape_Length": 34.02415866739362, "Depth": 1.8100000000000023, "GL": 172.41, "IL": 170.6, "الشركةالمنفذة": "اولاد حجازي", "GlobalID": "{07E071AC-4A58-489E-B7EE-B11CF2C4F102}", "القطاع": "القطاع الاول", "Fault_statement": null}, "geometry": {"type": "MultiLineString", "coordinates": [[[31.559080860605505, 30.27187022186352], [31.559344337978054, 30.272074897964853]]]}}, {"type": "Feature", "properties": {"line_degree": 2.0, "manufacturing_material": 1.0, "diameter": "200 مم", "execution_position": 1.0, "shape_Length": 35.00007627388026, "Depth": 1.509999999999991, "GL": 165.31, "IL": 163.8, "الشركةالمنفذة": "اولاد حجازي", "GlobalID": "{A642A329-E719-44E0-9DDF-CDCD62B2CF9A}", "القطاع": "القطاع الاول", "Fault_statement": null}, "geometry": {"type": "MultiLineString", "coordinates": [[[31.562442157831015, 30.269982975241415], [31.56270244036751, 30.269762449149923]]]}}, {"type": "Feature", "properties": {"line_degree": 2.0, "manufacturing_material": 1.0, "diameter": "200 مم", "execution_position": 1.0, "shape_Length": 44.91727797692671, "Depth": 1.579999999999984, "GL": 165.79, "IL": 164.21, "الشركةالمنفذة": "اولاد حجازي", "GlobalID": "{073DCDB3-0880-414C-8D87-18314ECB5138}", "القطاع": "القطاع الاول", "Fault_statement": null}, "geometry": {"type": "MultiLineString", "coordinates": [[[31.56646172580019, 30.273648551949773], [31.56642864909966, 30.27361642602312], [31.566150733573718, 30.273346500730618], [31.566150674001687, 30.273346442354978]]]}}, {"type": "Feature", "properties": {"line_degree": 2.0, "manufacturing_material": 1.0, "diameter": "200 مم", "execution_position": 1.0, "shape_Length": 34.612898916409335, "Depth": 1.5, "GL": 168.83, "IL": 167.33, "الشركةالمنفذة": "اولاد حجازي", "GlobalID": "{CEF2CA29-8C35-4DAA-A182-37CA94532A5A}", "القطاع": "القطاع الاول", "Fault_statement": null}, "geometry": {"type": "MultiLineString", "coordinates": [[[31.561882756079005, 30.270372220095233], [31.562150579690734, 30.27016380069316]]]}}, {"type": "Feature", "properties": {"line_degree": 2.0, "manufacturing_material": 1.0, "diameter": "200 مم", "execution_position": 1.0, "shape_Length": 35.0173457597, "Depth": 1.5, "GL": 170.08, "IL": 168.58, "الشركةالمنفذة": "التوحيد", "GlobalID": "{7BBEA89D-3668-4BE9-A445-AD265885D4E1}", "القطاع": "القطاع الثالث", "Fault_statement": null}, "geometry": {"type": "MultiLineString", "coordinates": [[[31.560413132881617, 30.273488461915747], [31.560664498756285, 30.273260052623655]]]}}, {"type": "Feature", "properties": {"line_degree": 2.0, "manufacturing_material": 1.0, "diameter": "200 مم", "execution_position": 1.0, "shape_Length": 35.05989876624094, "Depth": 1.6000000000000227, "GL": 164.77, "IL": 163.17, "الشركةالمنفذة": "اولاد حجازي", "GlobalID": "{53A00868-834A-4EF4-8900-35E1D0EA31F4}", "القطاع": "القطاع الاول", "Fault_statement": null}, "geometry": {"type": "MultiLineString", "coordinates": [[[31.56157270038044, 30.268645797693807], [31.56190399305216, 30.268777406859574]]]}}, {"type": "Feature", "properties": {"line_degree": 2.0, "manufacturing_material": 1.0, "diameter": "200 مم", "execution_position": 1.0, "shape_Length": 29.617870686810186, "Depth": 1.5, "GL": 170.08, "IL": 168.58, "الشركةالمنفذة": "اولاد حجازي", "GlobalID": "{372188C1-7DAF-43CF-9DB7-D3C5386E2E32}", "القطاع": "القطاع الاول", "Fault_statement": null}, "geometry": {"type": "MultiLineString", "coordinates": [[[31.56053229129456, 30.273003641703514], [31.5607638276128, 30.27317967618167]]]}}, {"type": "Feature", "properties": {"line_degree": 2.0, "manufacturing_material": 1.0, "diameter": "200 مم", "execution_position": 1.0, "shape_Length": 34.57850069422145, "Depth": 1.5, "GL": 167.0, "IL": 165.5, "الشركةالمنفذة": "اولاد حجازي", "GlobalID": "{1E6E8928-EF3C-4B46-BC86-9AAA6654950C}", "القطاع": "القطاع الاول", "Fault_statement": null}, "geometry": {"type": "MultiLineString", "coordinates": [[[31.56737253695222, 30.274547092546957], [31.56713686990502, 30.274311621485815]]]}}, {"type": "Feature", "properties": {"line_degree": 2.0, "manufacturing_material": 1.0, "diameter": "200 مم", "execution_position": 1.0, "shape_Length": 30.917586348233275, "Depth": 1.8799999999999955, "GL": 164.95, "IL": 163.07, "الشركةالمنفذة": "اولاد حجازي", "GlobalID": "{FF2D5BC4-F605-4F98-8A12-C7C60B8D1D78}", "القطاع": "القطاع الاول", "Fault_statement": null}, "geometry": {"type": "MultiLineString", "coordinates": [[[31.566150674001687, 30.273346442354978], [31.56593802546309, 30.273137371706852]]]}}, {"type": "Feature", "properties": {"line_degree": 2.0, "manufacturing_material": 1.0, "diameter": "200 مم", "execution_position": 1.0, "shape_Length": 35.005485207242494, "Depth": 1.539999999999992, "GL": 166.09, "IL": 164.55, "الشركةالمنفذة": "اولاد حجازي", "GlobalID": "{056E8C08-7556-46FA-A8A5-104E5C0A1B71}", "القطاع": "القطاع الاول", "Fault_statement": null}, "geometry": {"type": "MultiLineString", "coordinates": [[[31.560631853423015, 30.268307298432283], [31.56096947379413, 30.268424861561524]]]}}, {"type": "Feature", "properties": {"line_degree": 2.0, "manufacturing_material": 1.0, "diameter": "200 مم", "execution_position": 1.0, "shape_Length": 39.26206185517277, "Depth": 1.5699999999999932, "GL": 173.34, "IL": 171.77, "الشركةالمنفذة": "اولاد حجازي", "GlobalID": "{80A85D1A-BFDD-4E98-9A05-D6A39E04D8FA}", "القطاع": "القطاع الاول", "Fault_statement": null}, "geometry": {"type": "MultiLineString", "coordinates": [[[31.558994906795313, 30.27049059222711], [31.55915672426238, 30.270165478562216]]]}}, {"type": "Feature", "properties": {"line_degree": 2.0, "manufacturing_material": 1.0, "diameter": "200 مم", "execution_position": 1.0, "shape_Length": 34.48326258818306, "Depth": 1.509999999999991, "GL": 165.31, "IL": 163.8, "الشركةالمنفذة": "اولاد حجازي", "GlobalID": "{3BD13FAD-3200-44E1-B738-3AEF3B1208A5}", "القطاع": "القطاع الاول", "Fault_statement": null}, "geometry": {"type": "MultiLineString", "coordinates": [[[31.562150579690734, 30.27016380069316], [31.562442157831015, 30.269982975241415]]]}}, {"type": "Feature", "properties": {"line_degree": 2.0, "manufacturing_material": 1.0, "diameter": "200 مم", "execution_position": 1.0, "shape_Length": 37.44837685844597, "Depth": 1.6800000000000068, "GL": 172.24, "IL": 170.56, "الشركةالمنفذة": "اولاد حجازي", "GlobalID": "{2A1EB69D-29DD-48D1-AC3A-431C0F93BAB2}", "القطاع": "القطاع الاول", "Fault_statement": null}, "geometry": {"type": "MultiLineString", "coordinates": [[[31.559344337978054, 30.272074897964853], [31.55963246530572, 30.272301970727224]]]}}, {"type": "Feature", "properties": {"line_degree": 2.0, "manufacturing_material": 1.0, "diameter": "200 مم", "execution_position": 1.0, "shape_Length": 37.06282401037341, "Depth": 1.5, "GL": 169.36, "IL": 167.86, "الشركةالمنفذة": "اولاد حجازي", "GlobalID": "{3AB2736B-F230-4703-B55F-4285CDF3249B}", "القطاع": "القطاع الاول", "Fault_statement": null}, "geometry": {"type": "MultiLineString", "coordinates": [[[31.56107033169376, 30.273424015214655], [31.561353381006352, 30.27365075580993]]]}}, {"type": "Feature", "properties": {"line_degree": 2.0, "manufacturing_material": 1.0, "diameter": "200 مم", "execution_position": 1.0, "shape_Length": 37.469588119257594, "Depth": 1.6899999999999977, "GL": 171.45, "IL": 169.76, "الشركةالمنفذة": "اولاد حجازي", "GlobalID": "{8386E698-9E9C-4569-89DA-7C60A39BDB5C}", "القطاع": "القطاع الاول", "Fault_statement": null}, "geometry": {"type": "MultiLineString", "coordinates": [[[31.55963246530572, 30.272301970727224], [31.559924434243143, 30.27252560588422]]]}}, {"type": "Feature", "properties": {"line_degree": 2.0, "manufacturing_material": 1.0, "diameter": "200 مم", "execution_position": 1.0, "shape_Length": 37.92573589702604, "Depth": 1.6399999999999864, "GL": 173.35, "IL": 171.71, "الشركةالمنفذة": "اولاد حجازي", "GlobalID": "{7B083E11-4995-4181-8C9C-E52FF93E2224}", "القطاع": "القطاع الاول", "Fault_statement": null}, "geometry": {"type": "MultiLineString", "coordinates": [[[31.55915672426238, 30.270165478562216], [31.55931272067226, 30.26985131327262]]]}}, {"type": "Feature", "properties": {"line_degree": 2.0, "manufacturing_material": 1.0, "diameter": "200 مم", "execution_position": 1.0, "shape_Length": 40.86972719596447, "Depth": 1.6899999999999977, "GL": 171.45, "IL": 169.76, "الشركةالمنفذة": "اولاد حجازي", "GlobalID": "{1ED53C96-E6A3-43A4-9DFA-750CD7A92CBE}", "القطاع": "القطاع الاول", "Fault_statement": null}, "geometry": {"type": "MultiLineString", "coordinates": [[[31.559924434243143, 30.27252560588422], [31.560241213162094, 30.27277118214616]]]}}, {"type": "Feature", "properties": {"line_degree": 2.0, "manufacturing_material": 1.0, "diameter": "200 مم", "execution_position": 1.0, "shape_Length": 32.19289413918741, "Depth": 1.6000000000000227, "GL": 164.77, "IL": 163.17, "الشركةالمنفذة": "اولاد حجازي", "GlobalID": "{3E1EA70A-4DDE-45A1-BA59-306D7DB50EE8}", "القطاع": "القطاع الاول", "Fault_statement": null}, "geometry": {"type": "MultiLineString", "coordinates": [[[31.56190399305216, 30.268777406859574], [31.56220370900934, 30.26890642275493]]]}}, {"type": "Feature", "properties": {"line_degree": 2.0, "manufacturing_material": 1.0, "diameter": "200 مم", "execution_position": 1.0, "shape_Length": 40.044689128232754, "Depth": 1.5, "GL": 170.08, "IL": 168.58, "الشركةالمنفذة": "اولاد حجازي", "GlobalID": "{10851CFE-0871-4152-A113-7D604E44B4CF}", "القطاع": "القطاع الاول", "Fault_statement": null}, "geometry": {"type": "MultiLineString", "coordinates": [[[31.5607638276128, 30.27317967618167], [31.56107033169376, 30.273424015214655]]]}}, {"type": "Feature", "properties": {"line_degree": 2.0, "manufacturing_material": 1.0, "diameter": "200 مم", "execution_position": 1.0, "shape_Length": 25.931504948077453, "Depth": 1.7800000000000011, "GL": 171.22, "IL": 169.44, "الشركةالمنفذة": "اولاد حجازي", "GlobalID": "{B0874199-DB72-4793-B39C-5A50EAA7FA01}", "القطاع": "القطاع الاول", "Fault_statement": null}, "geometry": {"type": "MultiLineString", "coordinates": [[[31.55931272067226, 30.26985131327262], [31.559419165087004, 30.26963642348289]]]}}, {"type": "Feature", "properties": {"line_degree": 2.0, "manufacturing_material": 1.0, "diameter": "200 مم", "execution_position": 1.0, "shape_Length": 38.06072051108688, "Depth": 1.5, "GL": 170.08, "IL": 168.58, "الشركةالمنفذة": "اولاد حجازي", "GlobalID": "{7F94C211-EA7E-4FC2-8196-0BA27BAB2544}", "القطاع": "القطاع الاول", "Fault_statement": null}, "geometry": {"type": "MultiLineString", "coordinates": [[[31.560241213162094, 30.27277118214616], [31.56053229129456, 30.273003641703514]]]}}, {"type": "Feature", "properties": {"line_degree": 2.0, "manufacturing_material": 1.0, "diameter": "200 مم", "execution_position": 1.0, "shape_Length": 34.579377260997596, "Depth": 1.6899999999999977, "GL": 171.45, "IL": 169.76, "الشركةالمنفذة": "التوحيد", "GlobalID": "{185897D0-78CA-44D2-B087-C6B7CEDFC0FE}", "القطاع": "القطاع الثالث", "Fault_statement": null}, "geometry": {"type": "MultiLineString", "coordinates": [[[31.559575329537253, 30.272832982646403], [31.559822556507292, 30.272606609576084]]]}}, {"type": "Feature", "properties": {"line_degree": 2.0, "manufacturing_material": 1.0, "diameter": "200 مم", "execution_position": 1.0, "shape_Length": 34.64312597130034, "Depth": 1.8100000000000023, "GL": 172.41, "IL": 170.6, "الشركةالمنفذة": "التوحيد", "GlobalID": "{71126136-A731-4682-B453-29F4490550CC}", "القطاع": "القطاع الثالث", "Fault_statement": null}, "geometry": {"type": "MultiLineString", "coordinates": [[[31.558736509448092, 30.272176937510466], [31.558985231595216, 30.271951007040304]]]}}, {"type": "Feature", "properties": {"line_degree": 2.0, "manufacturing_material": 1.0, "diameter": "200 مم", "execution_position": 1.0, "shape_Length": 34.99985056059272, "Depth": 1.509999999999991, "GL": 165.31, "IL": 163.8, "الشركةالمنفذة": "اولاد حجازي", "GlobalID": "{971878E1-4948-464E-99E4-01B5ED7C8D7D}", "القطاع": "القطاع الاول", "Fault_statement": null}, "geometry": {"type": "MultiLineString", "coordinates": [[[31.56270244036751, 30.269762449149923], [31.562899275127418, 30.269496964573012]]]}}, {"type": "Feature", "properties": {"line_degree": 2.0, "manufacturing_material": 1.0, "diameter": "200 مم", "execution_position": 1.0, "shape_Length": 23.331874524064357, "Depth": 1.5999999999999943, "GL": 171.89, "IL": 170.29, "الشركةالمنفذة": "عوض خليفة", "GlobalID": "{29BCA1DE-A17A-43E5-AF0C-9B9A9F9566F0}", "القطاع": "القطاع الثاني", "Fault_statement": null}, "geometry": {"type": "MultiLineString", "coordinates": [[[31.55908886031192, 30.269770461340702], [31.55931272067226, 30.26985131327262]]]}}, {"type": "Feature", "properties": {"line_degree": 2.0, "manufacturing_material": 1.0, "diameter": "200 مم", "execution_position": 1.0, "shape_Length": 34.097159542581835, "Depth": 2.160000000000025, "GL": 169.08, "IL": 166.92, "الشركةالمنفذة": "اولاد حجازي", "GlobalID": "{90D495FE-AA79-4F3D-9C95-440FD77B26FB}", "القطاع": "القطاع الاول", "Fault_statement": null}, "geometry": {"type": "MultiLineString", "coordinates": [[[31.56772741167726, 30.275903476053372], [31.567917724108167, 30.276097491452504], [31.56795712982886, 30.27613766375419]]]}}, {"type": "Feature", "properties": {"line_degree": null, "manufacturing_material": null, "diameter": "200 مم", "execution_position": null, "shape_Length": 29.833460152675393, "Depth": 1.8799999999999955, "GL": 164.95, "IL": 163.07, "الشركةالمنفذة": "اولاد حجازي", "GlobalID": "{58038835-2801-499B-8D01-B7D36FFA7F11}", "القطاع": "القطاع الاول", "Fault_statement": null}, "geometry": {"type": "MultiLineString", "coordinates": [[[31.56610087143914, 30.272892198833386], [31.565864622266886, 30.273066468513655]]]}}, {"type": "Feature", "properties": {"line_degree": 2.0, "manufacturing_material": 1.0, "diameter": "200 مم", "execution_position": 1.0, "shape_Length": 37.07910259691516, "Depth": 1.539999999999992, "GL": 166.09, "IL": 164.55, "الشركةالمنفذة": "اولاد حجازي", "GlobalID": "{39B51CCC-48F0-4BA6-94A6-44B2C71B9846}", "القطاع": "القطاع الاول", "Fault_statement": null}, "geometry": {"type": "MultiLineString", "coordinates": [[[31.561219654836314, 30.26851179472828], [31.56157270038044, 30.268645797693807]]]}}, {"type": "Feature", "properties": {"line_degree": 2.0, "manufacturing_material": 1.0, "diameter": "200 مم", "execution_position": 1.0, "shape_Length": 30.960121861590352, "Depth": 1.170000000000016, "GL": 169.3, "IL": 168.13, "الشركةالمنفذة": "اولاد حجازي", "GlobalID": "{FD297599-55E9-4482-8507-FC02CB08E191}", "القطاع": "القطاع الاول", "Fault_statement": null}, "geometry": {"type": "MultiLineString", "coordinates": [[[31.568943757385775, 30.275049495682556], [31.56915428152795, 30.27526069032097]]]}}, {"type": "Feature", "properties": {"line_degree": 2.0, "manufacturing_material": 1.0, "diameter": "200 مم", "execution_position": 1.0, "shape_Length": 35.46479944219772, "Depth": 1.8799999999999955, "GL": 164.31, "IL": 162.43, "الشركةالمنفذة": "اولاد حجازي", "GlobalID": "{86AB8898-DA66-4ABC-9FA1-307A55D5EE03}", "القطاع": "القطاع الاول", "Fault_statement": null}, "geometry": {"type": "MultiLineString", "coordinates": [[[31.565547889323117, 30.27227630780923], [31.565517167058793, 30.27229589196094], [31.56527324613391, 30.27245138064672], [31.565250832365816, 30.272465668205438]]]}}, {"type": "Feature", "properties": {"line_degree": 2.0, "manufacturing_material": 1.0, "diameter": "200 مم", "execution_position": 1.0, "shape_Length": 37.76862631306698, "Depth": 1.5, "GL": 169.67, "IL": 168.17, "الشركةالمنفذة": "اولاد حجازي", "GlobalID": "{D90D82F7-71B3-47C1-A753-1B6DBF66C310}", "القطاع": "القطاع الاول", "Fault_statement": null}, "geometry": {"type": "MultiLineString", "coordinates": [[[31.56158816104041, 30.273829405262862], [31.561881486876654, 30.274055783155863]]]}}, {"type": "Feature", "properties": {"line_degree": 2.0, "manufacturing_material": 1.0, "diameter": "200 مم", "execution_position": 1.0, "shape_Length": 38.64912499804522, "Depth": 1.7399999999999807, "GL": 170.7, "IL": 168.96, "الشركةالمنفذة": "عوض خليفة", "GlobalID": "{D5C32700-3E08-433D-A65B-3A2E446006B9}", "القطاع": "القطاع الثاني", "Fault_statement": null}, "geometry": {"type": "MultiLineString", "coordinates": [[[31.559226119434214, 30.269108154358143], [31.55959991220587, 30.269235709344642]]]}}, {"type": "Feature", "properties": {"line_degree": 2.0, "manufacturing_material": 1.0, "diameter": "200 مم", "execution_position": 1.0, "shape_Length": 39.96380172071888, "Depth": 1.549999999999983, "GL": 167.92, "IL": 166.37, "الشركةالمنفذة": "اولاد حجازي", "GlobalID": "{07F2D3BC-483F-4045-B8AE-7EA2F0C11C2B}", "القطاع": "القطاع الاول", "Fault_statement": null}, "geometry": {"type": "MultiLineString", "coordinates": [[[31.559745572134187, 30.26889957232267], [31.559897628137872, 30.268564116832515]]]}}, {"type": "Feature", "properties": {"line_degree": 2.0, "manufacturing_material": 1.0, "diameter": "200 مم", "execution_position": 1.0, "shape_Length": 39.8307411323206, "Depth": 1.8899999999999864, "GL": 168.72, "IL": 166.83, "الشركةالمنفذة": "اولاد حجازي", "GlobalID": "{68A4277C-F7C9-49E7-8BD3-976D91E8DAF6}", "القطاع": "القطاع الاول", "Fault_statement": null}, "geometry": {"type": "MultiLineString", "coordinates": [[[31.561352354968125, 30.270871622362666], [31.561631806131718, 30.270606574431252]]]}}, {"type": "Feature", "properties": {"line_degree": 2.0, "manufacturing_material": 1.0, "diameter": "200 مم", "execution_position": 1.0, "shape_Length": 40.951008106261675, "Depth": 1.5699999999999932, "GL": 173.34, "IL": 171.77, "الشركةالمنفذة": "اولاد حجازي", "GlobalID": "{D3C434F8-0F9A-4D12-B6B9-AA39A1128DE8}", "القطاع": "القطاع الاول", "Fault_statement": null}, "geometry": {"type": "MultiLineString", "coordinates": [[[31.55881532287973, 30.27082548377521], [31.558994906795313, 30.27049059222711]]]}}, {"type": "Feature", "properties": {"line_degree": 2.0, "manufacturing_material": 1.0, "diameter": "200 مم", "execution_position": 1.0, "shape_Length": 41.25114779776424, "Depth": 2.569999999999993, "GL": 171.06, "IL": 168.49, "الشركةالمنفذة": "اولاد حجازي", "GlobalID": "{FAE3111A-A121-4298-A7E4-0CA6E8F511EF}", "القطاع": "القطاع الاول", "Fault_statement": null}, "geometry": {"type": "MultiLineString", "coordinates": [[[31.560286617806533, 30.27190796839273], [31.560569137506555, 30.271628105265957]]]}}, {"type": "Feature", "properties": {"line_degree": 2.0, "manufacturing_material": 1.0, "diameter": "200 مم", "execution_position": 1.0, "shape_Length": 40.000061491498904, "Depth": 1.5299999999999727, "GL": 168.14, "IL": 166.61, "الشركةالمنفذة": "اولاد حجازي", "GlobalID": "{E307F9C6-C153-4A2A-A2F2-6433A39D2861}", "القطاع": "القطاع الاول", "Fault_statement": null}, "geometry": {"type": "MultiLineString", "coordinates": [[[31.568943768675762, 30.274032570190563], [31.56867064181795, 30.273760565681663]]]}}, {"type": "Feature", "properties": {"line_degree": 2.0, "manufacturing_material": 1.0, "diameter": "200 مم", "execution_position": 1.0, "shape_Length": 45.174906308061736, "Depth": 1.6200000000000045, "GL": 169.18, "IL": 167.56, "الشركةالمنفذة": "اولاد حجازي", "GlobalID": "{654A6F71-77C2-4A36-97F4-06066DEAE69E}", "القطاع": "القطاع الاول", "Fault_statement": null}, "geometry": {"type": "MultiLineString", "coordinates": [[[31.569254027404693, 30.27433839830003], [31.568943768675762, 30.274032570190563]]]}}, {"type": "Feature", "properties": {"line_degree": 2.0, "manufacturing_material": 1.0, "diameter": "200 مم", "execution_position": 1.0, "shape_Length": 39.2979053415249, "Depth": 1.5300000000000011, "GL": 165.46, "IL": 163.93, "الشركةالمنفذة": "اولاد حجازي", "GlobalID": "{FE9C75E1-F59C-4D98-B297-BCF3875EE269}", "القطاع": "القطاع الاول", "Fault_statement": null}, "geometry": {"type": "MultiLineString", "coordinates": [[[31.56468260723606, 30.273411769165772], [31.56496880845369, 30.27315889342083]]]}}, {"type": "Feature", "properties": {"line_degree": 2.0, "manufacturing_material": 1.0, "diameter": "200 مم", "execution_position": 1.0, "shape_Length": 39.57060137526054, "Depth": 1.579999999999984, "GL": 165.79, "IL": 164.21, "الشركةالمنفذة": "اولاد حجازي", "GlobalID": "{F3160D55-DCD2-4893-8909-9633CC2CB700}", "القطاع": "القطاع الاول", "Fault_statement": null}, "geometry": {"type": "MultiLineString", "coordinates": [[[31.567001234343117, 30.273238682661553], [31.5666913800838, 30.27347336255729]]]}}, {"type": "Feature", "properties": {"line_degree": 2.0, "manufacturing_material": 1.0, "diameter": "200 مم", "execution_position": 1.0, "shape_Length": 34.92291133312908, "Depth": 1.5900000000000034, "GL": 164.77, "IL": 163.18, "الشركةالمنفذة": "اولاد حجازي", "GlobalID": "{151ECC34-0928-47D8-BD25-08616865A55E}", "القطاع": "القطاع الاول", "Fault_statement": null}, "geometry": {"type": "MultiLineString", "coordinates": [[[31.566411295387894, 30.2726530852158], [31.566140584796184, 30.272862904021558]]]}}, {"type": "Feature", "properties": {"line_degree": 2.0, "manufacturing_material": 1.0, "diameter": "200 مم", "execution_position": 1.0, "shape_Length": 39.541294111634045, "Depth": 2.2299999999999898, "GL": 170.35, "IL": 168.12, "الشركةالمنفذة": "اولاد حجازي", "GlobalID": "{76E93207-6A35-4699-9E08-03665B611F55}", "القطاع": "القطاع الاول", "Fault_statement": null}, "geometry": {"type": "MultiLineString", "coordinates": [[[31.560569137506555, 30.271628105265957], [31.560844959334883, 30.271363718581295]]]}}, {"type": "Feature", "properties": {"line_degree": 2.0, "manufacturing_material": 1.0, "diameter": "200 مم", "execution_position": 1.0, "shape_Length": 40.325503197983274, "Depth": 1.5300000000000011, "GL": 165.46, "IL": 163.93, "الشركةالمنفذة": "اولاد حجازي", "GlobalID": "{4666D267-BB0A-4319-A4BA-287514FF6A95}", "القطاع": "القطاع الاول", "Fault_statement": null}, "geometry": {"type": "MultiLineString", "coordinates": [[[31.564386534792508, 30.273669206008385], [31.56468260723606, 30.273411769165772]]]}}, {"type": "Feature", "properties": {"line_degree": 2.0, "manufacturing_material": 1.0, "diameter": "200 مم", "execution_position": 1.0, "shape_Length": 40.0000595623162, "Depth": 1.5600000000000023, "GL": 164.53, "IL": 162.97, "الشركةالمنفذة": "اولاد حجازي", "GlobalID": "{8EE9AFAF-F088-44FB-AE64-D8F29441E731}", "القطاع": "القطاع الاول", "Fault_statement": null}, "geometry": {"type": "MultiLineString", "coordinates": [[[31.56496880845369, 30.27315889342083], [31.56526351889151, 30.272904428861057]]]}}, {"type": "Feature", "properties": {"line_degree": 2.0, "manufacturing_material": 1.0, "diameter": "200 مم", "execution_position": 1.0, "shape_Length": 39.975648724872656, "Depth": 1.6500000000000057, "GL": 166.62, "IL": 164.97, "الشركةالمنفذة": "اولاد حجازي", "GlobalID": "{06750E4C-2F77-4E84-8D7E-A7966098B0E5}", "القطاع": "القطاع الاول", "Fault_statement": null}, "geometry": {"type": "MultiLineString", "coordinates": [[[31.566944826703473, 30.27412263672063], [31.566669188171627, 30.273852841643954]]]}}, {"type": "Feature", "properties": {"line_degree": 2.0, "manufacturing_material": 1.0, "diameter": "200 مم", "execution_position": 1.0, "shape_Length": 35.11175569767845, "Depth": 1.9499999999999886, "GL": 163.92, "IL": 161.97, "الشركةالمنفذة": "اولاد حجازي", "GlobalID": "{079D40F6-C2DB-4AB2-80F8-BC13C817A223}", "القطاع": "القطاع الاول", "Fault_statement": null}, "geometry": {"type": "MultiLineString", "coordinates": [[[31.565822025302893, 30.272067278253378], [31.565547889323117, 30.27227630780923]]]}}, {"type": "Feature", "properties": {"line_degree": 2.0, "manufacturing_material": 1.0, "diameter": "200 مم", "execution_position": 1.0, "shape_Length": 35.55483682041396, "Depth": 1.450000000000017, "GL": 167.68, "IL": 166.23, "الشركةالمنفذة": "اولاد حجازي", "GlobalID": "{C8A14E75-CE2B-41FF-BF43-91260A64CDA6}", "القطاع": "القطاع الاول", "Fault_statement": null}, "geometry": {"type": "MultiLineString", "coordinates": [[[31.568197461608477, 30.274399637794204], [31.567921741299976, 30.27461314964919]]]}}, {"type": "Feature", "properties": {"line_degree": 2.0, "manufacturing_material": 1.0, "diameter": "200 مم", "execution_position": 1.0, "shape_Length": 36.80730684035415, "Depth": 1.5300000000000011, "GL": 166.55, "IL": 165.02, "الشركةالمنفذة": "اولاد حجازي", "GlobalID": "{770EC927-7D43-4FB6-A250-A2FFC7FFFD33}", "القطاع": "القطاع الاول", "Fault_statement": null}, "geometry": {"type": "MultiLineString", "coordinates": [[[31.56761072191872, 30.27381512178074], [31.567319226104683, 30.274030109654475]]]}}, {"type": "Feature", "properties": {"line_degree": 2.0, "manufacturing_material": 1.0, "diameter": "200 مم", "execution_position": 1.0, "shape_Length": 16.417005528305033, "Depth": 1.5600000000000023, "GL": 166.98, "IL": 165.42, "الشركةالمنفذة": "اولاد حجازي", "GlobalID": "{DDC7F7E4-9CCE-4F51-9CC5-014E9CFC8693}", "القطاع": "القطاع الاول", "Fault_statement": null}, "geometry": {"type": "MultiLineString", "coordinates": [[[31.56867064181795, 30.273760565681663], [31.568557826968163, 30.273649473902527]]]}}, {"type": "Feature", "properties": {"line_degree": 2.0, "manufacturing_material": 1.0, "diameter": "200 مم", "execution_position": 1.0, "shape_Length": 30.189923323387827, "Depth": 1.579999999999984, "GL": 165.79, "IL": 164.21, "الشركةالمنفذة": "اولاد حجازي", "GlobalID": "{64EE0C0D-F36E-450A-91A6-86D8F0B8241E}", "القطاع": "القطاع الاول", "Fault_statement": null}, "geometry": {"type": "MultiLineString", "coordinates": [[[31.566669188171627, 30.273852841643954], [31.566486404096583, 30.27367285283871], [31.56646172580019, 30.273648551949773]]]}}, {"type": "Feature", "properties": {"line_degree": 2.0, "manufacturing_material": 1.0, "diameter": "200 مم", "execution_position": 1.0, "shape_Length": 40.17709130019075, "Depth": 2.2299999999999898, "GL": 170.35, "IL": 168.12, "الشركةالمنفذة": "اولاد حجازي", "GlobalID": "{F2971B1F-D7A0-41C6-B9EE-C7DBE99955D7}", "القطاع": "القطاع الاول", "Fault_statement": null}, "geometry": {"type": "MultiLineString", "coordinates": [[[31.561075596480702, 30.271142977900887], [31.561352354968125, 30.270871622362666]]]}}, {"type": "Feature", "properties": {"line_degree": 2.0, "manufacturing_material": 1.0, "diameter": "200 مم", "execution_position": 1.0, "shape_Length": 39.81327247514713, "Depth": 1.7399999999999807, "GL": 170.7, "IL": 168.96, "الشركةالمنفذة": "اولاد حجازي", "GlobalID": "{E9B883CC-0584-4AF1-A507-1AC601813E00}", "القطاع": "القطاع الاول", "Fault_statement": null}, "geometry": {"type": "MultiLineString", "coordinates": [[[31.55959991220587, 30.269235709344642], [31.559745572134187, 30.26889957232267]]]}}, {"type": "Feature", "properties": {"line_degree": 2.0, "manufacturing_material": 1.0, "diameter": "200 مم", "execution_position": 1.0, "shape_Length": 28.578673460700536, "Depth": 1.3599999999999852, "GL": 163.23, "IL": 161.87, "الشركةالمنفذة": "اولاد حجازي", "GlobalID": "{2597D961-5C63-4A41-A09F-A5F25D630532}", "القطاع": "القطاع الاول", "Fault_statement": null}, "geometry": {"type": "MultiLineString", "coordinates": [[[31.564307219309114, 30.270860063633112], [31.564412235199843, 30.270960263589124], [31.564507074754683, 30.271050752558196]]]}}, {"type": "Feature", "properties": {"line_degree": 2.0, "manufacturing_material": 1.0, "diameter": "200 مم", "execution_position": 1.0, "shape_Length": 45.56795121596997, "Depth": 1.2199999999999989, "GL": 168.25, "IL": 167.03, "الشركةالمنفذة": "اولاد حجازي", "GlobalID": "{1A322B99-E624-47C8-AF96-7B8D0D213B5F}", "القطاع": "القطاع الاول", "Fault_statement": null}, "geometry": {"type": "MultiLineString", "coordinates": [[[31.56655160698545, 30.276725675085366], [31.566904594794863, 30.276999696585403]]]}}, {"type": "Feature", "properties": {"line_degree": 1.0, "manufacturing_material": 1.0, "diameter": "250 مم", "execution_position": 1.0, "shape_Length": 22.77984479711906, "Depth": 2.5, "GL": 167.03, "IL": 164.53, "الشركةالمنفذة": "عوض خليفة", "GlobalID": "{E5A72ACA-1CD5-46F1-BF43-6E6F70D3C2AF}", "القطاع": "القطاع الثاني", "Fault_statement": null}, "geometry": {"type": "MultiLineString", "coordinates": [[[31.568305929700813, 30.27309808772294], [31.568119534584255, 30.27322476826602]]]}}, {"type": "Feature", "properties": {"line_degree": 2.0, "manufacturing_material": 1.0, "diameter": "250 مم", "execution_position": 1.0, "shape_Length": 28.613635474212344, "Depth": 1.5, "GL": 168.97, "IL": 167.47, "الشركةالمنفذة": "اولاد حجازي", "GlobalID": "{8784CBE9-E8F2-4980-961F-F843AEBC1E7F}", "القطاع": "القطاع الاول", "Fault_statement": null}, "geometry": {"type": "MultiLineString", "coordinates": [[[31.562316461745517, 30.274404501613773], [31.56209420556409, 30.27423302699928]]]}}, {"type": "Feature", "properties": {"line_degree": 2.0, "manufacturing_material": 1.0, "diameter": "250 مم", "execution_position": 1.0, "shape_Length": 21.07320625319815, "Depth": 1.5, "GL": 168.97, "IL": 167.47, "الشركةالمنفذة": "اولاد حجازي", "GlobalID": "{9A2EDC05-DB7F-4093-9037-3616CBD1D67A}", "القطاع": "القطاع الاول", "Fault_statement": null}, "geometry": {"type": "MultiLineString", "coordinates": [[[31.562480896341043, 30.274530053663003], [31.562316461745517, 30.274404501613773]]]}}, {"type": "Feature", "properties": {"line_degree": 2.0, "manufacturing_material": 1.0, "diameter": "250 مم", "execution_position": 1.0, "shape_Length": 27.641026094849824, "Depth": 1.6400000000000148, "GL": 164.18, "IL": 162.54, "الشركةالمنفذة": "اولاد حجازي", "GlobalID": "{F39BA468-0560-4CE2-89FC-A2D46DE412E5}", "القطاع": "القطاع الاول", "Fault_statement": null}, "geometry": {"type": "MultiLineString", "coordinates": [[[31.562899275127418, 30.269496964573012], [31.56302953194285, 30.26927474252348]]]}}, {"type": "Feature", "properties": {"line_degree": 2.0, "manufacturing_material": 1.0, "diameter": "250 مم", "execution_position": 1.0, "shape_Length": 28.373512110134854, "Depth": 1.549999999999983, "GL": 169.14, "IL": 167.59, "الشركةالمنفذة": "اولاد حجازي", "GlobalID": "{F01BD71E-1257-4D90-BE80-A6AC68F23C44}", "القطاع": "القطاع الاول", "Fault_statement": null}, "geometry": {"type": "MultiLineString", "coordinates": [[[31.56209420556409, 30.27423302699928], [31.561881486876654, 30.274055783155863]]]}}, {"type": "Feature", "properties": {"line_degree": 2.0, "manufacturing_material": 1.0, "diameter": "250 مم", "execution_position": 1.0, "shape_Length": 15.873604621628578, "Depth": 1.490000000000009, "GL": 167.31, "IL": 165.82, "الشركةالمنفذة": "اولاد حجازي", "GlobalID": "{EC6E4680-04F2-4045-9F3D-6B2D86AA92D4}", "القطاع": "القطاع الاول", "Fault_statement": null}, "geometry": {"type": "MultiLineString", "coordinates": [[[31.562388466322602, 30.273563585608688], [31.56241845250113, 30.273534277704133], [31.56247960299615, 30.27347450942176], [31.562498005595124, 30.273456523119176]]]}}, {"type": "Feature", "properties": {"line_degree": 2.0, "manufacturing_material": 1.0, "diameter": "250 مم", "execution_position": 1.0, "shape_Length": 38.589848847678994, "Depth": 1.490000000000009, "GL": 167.31, "IL": 165.82, "الشركةالمنفذة": "اولاد حجازي", "GlobalID": "{B7AFCA10-A2D1-44C4-AEB1-326222EF0C16}", "القطاع": "القطاع الاول", "Fault_statement": null}, "geometry": {"type": "MultiLineString", "coordinates": [[[31.562121326607755, 30.27382321155049], [31.56214873932083, 30.273796570354847], [31.562366183199888, 30.273585241813358], [31.562388466322602, 30.273563585608688]]]}}, {"type": "Feature", "properties": {"line_degree": 2.0, "manufacturing_material": 1.0, "diameter": "250 مم", "execution_position": 1.0, "shape_Length": 34.60301432654512, "Depth": 1.549999999999983, "GL": 169.14, "IL": 167.59, "الشركةالمنفذة": "اولاد حجازي", "GlobalID": "{984A816F-1015-4373-ABA8-22B19C333989}", "القطاع": "القطاع الاول", "Fault_statement": null}, "geometry": {"type": "MultiLineString", "coordinates": [[[31.561881486876654, 30.274055783155863], [31.562096243188442, 30.27384753532896], [31.562121326607755, 30.27382321155049]]]}}, {"type": "Feature", "properties": {"line_degree": 2.0, "manufacturing_material": 1.0, "diameter": "250 مم", "execution_position": 1.0, "shape_Length": 34.08277930473336, "Depth": 2.009999999999991, "GL": 167.31, "IL": 165.3, "الشركةالمنفذة": "اولاد حجازي", "GlobalID": "{BD7FF88E-39FC-41A8-BCC2-0CAAC4E993B0}", "القطاع": "القطاع الاول", "Fault_statement": null}, "geometry": {"type": "MultiLineString", "coordinates": [[[31.562498005595124, 30.273456523119176], [31.56253255807252, 30.27342354232575], [31.562714573230235, 30.273249809006472], [31.562736304363504, 30.273229066175393]]]}}, {"type": "Feature", "properties": {"line_degree": 2.0, "manufacturing_material": 1.0, "diameter": "250 مم", "execution_position": 1.0, "shape_Length": 37.69885952883075, "Depth": 1.5900000000000034, "GL": 164.09, "IL": 162.5, "الشركةالمنفذة": "اولاد حجازي", "GlobalID": "{DAF36140-344D-4413-9BB8-D6EBAF1E1D0D}", "القطاع": "القطاع الاول", "Fault_statement": null}, "geometry": {"type": "MultiLineString", "coordinates": [[[31.56220370900934, 30.26890642275493], [31.56255383056635, 30.269058992433017]]]}}, {"type": "Feature", "properties": {"line_degree": 2.0, "manufacturing_material": 1.0, "diameter": "250 مم", "execution_position": 1.0, "shape_Length": 34.18792187391426, "Depth": 1.759999999999991, "GL": 163.13, "IL": 161.37, "الشركةالمنفذة": "اولاد حجازي", "GlobalID": "{95F2FE2C-72A4-436C-962F-560B34A4E856}", "القطاع": "القطاع الاول", "Fault_statement": null}, "geometry": {"type": "MultiLineString", "coordinates": [[[31.56255383056635, 30.269058992433017], [31.562870087295707, 30.269199507257845]]]}}, {"type": "Feature", "properties": {"line_degree": 2.0, "manufacturing_material": 1.0, "diameter": "250 مم", "execution_position": 1.0, "shape_Length": 32.409972327108214, "Depth": 2.009999999999991, "GL": 167.31, "IL": 165.3, "الشركةالمنفذة": "اولاد حجازي", "GlobalID": "{C039C3F8-1788-4533-812F-417EB33011DD}", "القطاع": "القطاع الاول", "Fault_statement": null}, "geometry": {"type": "MultiLineString", "coordinates": [[[31.562736304363504, 30.273229066175393], [31.56276903494575, 30.27319883535033], [31.562966960464266, 30.27301602559652]]]}}, {"type": "Feature", "properties": {"line_degree": 2.0, "manufacturing_material": 1.0, "diameter": "250 مم", "execution_position": 1.0, "shape_Length": 23.629056594975822, "Depth": 1.5600000000000023, "GL": 166.98, "IL": 165.42, "الشركةالمنفذة": "اولاد حجازي", "GlobalID": "{E63F6696-DE41-423B-99B7-EB9FF6138C69}", "القطاع": "القطاع الاول", "Fault_statement": null}, "geometry": {"type": "MultiLineString", "coordinates": [[[31.568557826968163, 30.273649473902527], [31.568397296051575, 30.27348818266971]]]}}, {"type": "Feature", "properties": {"line_degree": 2.0, "manufacturing_material": 1.0, "diameter": "250 مم", "execution_position": 1.0, "shape_Length": 39.58694085941982, "Depth": 2.5, "GL": 167.03, "IL": 164.53, "الشركةالمنفذة": "اولاد حجازي", "GlobalID": "{506512B2-C725-45D4-977E-0FC2A8FE333B}", "القطاع": "القطاع الاول", "Fault_statement": null}, "geometry": {"type": "MultiLineString", "coordinates": [[[31.568397296051575, 30.27348818266971], [31.568119534584255, 30.27322476826602]]]}}, {"type": "Feature", "properties": {"line_degree": 2.0, "manufacturing_material": 1.0, "diameter": "250 مم", "execution_position": 1.0, "shape_Length": 27.829605967956095, "Depth": 1.8799999999999955, "GL": 164.31, "IL": 162.43, "الشركةالمنفذة": "اولاد حجازي", "GlobalID": "{6B05FBA1-C594-4FF6-9197-C27A2F6DC820}", "القطاع": "القطاع الاول", "Fault_statement": null}, "geometry": {"type": "MultiLineString", "coordinates": [[[31.565250832365816, 30.272465668205438], [31.56523632992723, 30.27245153976217], [31.565058439473248, 30.27227823719035]]]}}, {"type": "Feature", "properties": {"line_degree": 2.0, "manufacturing_material": 1.0, "diameter": "250 مم", "execution_position": 1.0, "shape_Length": 31.63585838820037, "Depth": 1.5, "GL": 163.2, "IL": 161.7, "الشركةالمنفذة": "اولاد حجازي", "GlobalID": "{CF055405-8197-45A4-84FB-EE3E793A7D6D}", "القطاع": "القطاع الاول", "Fault_statement": null}, "geometry": {"type": "MultiLineString", "coordinates": [[[31.565058439473248, 30.27227823719035], [31.56484097843022, 30.27206421335828]]]}}, {"type": "Feature", "properties": {"line_degree": 1.0, "manufacturing_material": 1.0, "diameter": "300 مم", "execution_position": 1.0, "shape_Length": 36.80524860665198, "Depth": 2.259999999999991, "GL": 170.09, "IL": 167.83, "الشركةالمنفذة": "التوحيد", "GlobalID": "{FFC93B4D-1753-4FD1-BFE6-F2BE88CE0DE8}", "القطاع": "القطاع الثالث", "Fault_statement": null}, "geometry": {"type": "MultiLineString", "coordinates": [[[31.56414761058745, 30.276283623216635], [31.56441139205905, 30.27604319955089]]]}}, {"type": "Feature", "properties": {"line_degree": 1.0, "manufacturing_material": 1.0, "diameter": "300 مم", "execution_position": 1.0, "shape_Length": 39.8697445902395, "Depth": 1.9099999999999966, "GL": 169.12, "IL": 167.21, "الشركةالمنفذة": "اولاد حجازي", "GlobalID": "{C04CA75E-EE59-4401-81C9-2F2C99719C70}", "القطاع": "القطاع الاول", "Fault_statement": null}, "geometry": {"type": "MultiLineString", "coordinates": [[[31.565646686547606, 30.277008843298578], [31.565951737578565, 30.277252233292145]]]}}, {"type": "Feature", "properties": {"line_degree": 1.0, "manufacturing_material": 1.0, "diameter": "300 مم", "execution_position": 1.0, "shape_Length": 39.79984476665721, "Depth": 1.5, "GL": 170.0, "IL": 168.5, "الشركةالمنفذة": "اولاد حجازي", "GlobalID": "{8C47FFAC-3C99-4A3A-ACCD-A83229BF302D}", "القطاع": "القطاع الاول", "Fault_statement": null}, "geometry": {"type": "MultiLineString", "coordinates": [[[31.56441139205905, 30.27604319955089], [31.56471874297737, 30.276283456123313]]]}}, {"type": "Feature", "properties": {"line_degree": 1.0, "manufacturing_material": 1.0, "diameter": "300 مم", "execution_position": 1.0, "shape_Length": 40.37987955647731, "Depth": 1.5, "GL": 170.0, "IL": 168.5, "الشركةالمنفذة": "اولاد حجازي", "GlobalID": "{E44E88EB-E20D-4723-9117-FE170A5DD979}", "القطاع": "القطاع الاول", "Fault_statement": null}, "geometry": {"type": "MultiLineString", "coordinates": [[[31.56471874297737, 30.276283456123313], [31.565030530558378, 30.27652725590638]]]}}, {"type": "Feature", "properties": {"line_degree": 1.0, "manufacturing_material": 1.0, "diameter": "300 مم", "execution_position": 1.0, "shape_Length": 39.779646644901106, "Depth": 1.5, "GL": 169.23, "IL": 167.73, "الشركةالمنفذة": "اولاد حجازي", "GlobalID": "{BAB9E5D2-430F-4EC4-9651-31A1B62D15BE}", "القطاع": "القطاع الاول", "Fault_statement": null}, "geometry": {"type": "MultiLineString", "coordinates": [[[31.565030530558378, 30.27652725590638], [31.56533856096064, 30.276766584360942]]]}}, {"type": "Feature", "properties": {"line_degree": 1.0, "manufacturing_material": 1.0, "diameter": "300 مم", "execution_position": 1.0, "shape_Length": 40.00380004050695, "Depth": 1.5, "GL": 169.23, "IL": 167.73, "الشركةالمنفذة": "اولاد حجازي", "GlobalID": "{F52A9334-B6C9-4DB8-8129-EFE1EC104B4E}", "القطاع": "القطاع الاول", "Fault_statement": null}, "geometry": {"type": "MultiLineString", "coordinates": [[[31.56533856096064, 30.276766584360942], [31.565646686547606, 30.277008843298578]]]}}, {"type": "Feature", "properties": {"line_degree": 1.0, "manufacturing_material": 1.0, "diameter": "300 مم", "execution_position": 1.0, "shape_Length": 39.991001848758444, "Depth": 2.0900000000000034, "GL": 170.86, "IL": 168.77, "الشركةالمنفذة": "عوض خليفة", "GlobalID": "{6219974D-C868-4F6A-8A30-ECC571D911B4}", "القطاع": "القطاع الثاني", "Fault_statement": null}, "geometry": {"type": "MultiLineString", "coordinates": [[[31.570263257631787, 30.27453357061968], [31.56992632136596, 30.27474476218107]]]}}, {"type": "Feature", "properties": {"line_degree": 2.0, "manufacturing_material": 1.0, "diameter": "300 مم", "execution_position": 1.0, "shape_Length": 21.557097973037003, "Depth": 1.5, "GL": 163.2, "IL": 161.7, "الشركةالمنفذة": "اولاد حجازي", "GlobalID": "{6DEE3FED-ACE6-4020-A235-2C69E1288177}", "القطاع": "القطاع الاول", "Fault_statement": null}, "geometry": {"type": "MultiLineString", "coordinates": [[[31.56484097843022, 30.27206421335828], [31.564695849762042, 30.271916080510934]]]}}, {"type": "Feature", "properties": {"line_degree": 2.0, "manufacturing_material": 1.0, "diameter": "300 مم", "execution_position": 1.0, "shape_Length": 28.939982071790713, "Depth": 1.9300000000000068, "GL": 163.22, "IL": 161.29, "الشركةالمنفذة": "اولاد حجازي", "GlobalID": "{9E637021-E275-4FC7-BAF5-B3015EB8C371}", "القطاع": "القطاع الاول", "Fault_statement": null}, "geometry": {"type": "MultiLineString", "coordinates": [[[31.564695849762042, 30.271916080510934], [31.564504768617546, 30.27171449173795]]]}}, {"type": "Feature", "properties": {"line_degree": 2.0, "manufacturing_material": 1.0, "diameter": "400 مم", "execution_position": 1.0, "shape_Length": 17.463526318956806, "Depth": 1.5, "GL": 163.02, "IL": 161.52, "الشركةالمنفذة": "اولاد حجازي", "GlobalID": "{B42A1C4D-5A8D-4ABF-8F81-2733362671C1}", "القطاع": "القطاع الاول", "Fault_statement": null}, "geometry": {"type": "MultiLineString", "coordinates": [[[31.562870087295707, 30.269199507257845], [31.56302953194285, 30.26927474252348]]]}}, {"type": "Feature", "properties": {"line_degree": 1.0, "manufacturing_material": 1.0, "diameter": "300 مم", "execution_position": 1.0, "shape_Length": 25.340404954992472, "Depth": 2.030000000000001, "GL": 168.78, "IL": 166.75, "الشركةالمنفذة": "اولاد حجازي", "GlobalID": "{DD6D62F3-5CB4-4BC9-90BD-62540BC68AE4}", "القطاع": "القطاع الاول", "Fault_statement": null}, "geometry": {"type": "MultiLineString", "coordinates": [[[31.567631898825045, 30.276395306276996], [31.567437897616895, 30.2765498882873]]]}}, {"type": "Feature", "properties": {"line_degree": 1.0, "manufacturing_material": 1.0, "diameter": "400 مم", "execution_position": 1.0, "shape_Length": 30.999358448590645, "Depth": 1.759999999999991, "GL": 169.32, "IL": 167.56, "الشركةالمنفذة": "التوحيد", "GlobalID": "{F61093D2-279C-4353-8B3D-CD951701C735}", "القطاع": "القطاع الثالث", "Fault_statement": null}, "geometry": {"type": "MultiLineString", "coordinates": [[[31.566071770518583, 30.277734380281], [31.566297923957233, 30.277535228611296]]]}}, {"type": "Feature", "properties": {"line_degree": 2.0, "manufacturing_material": 1.0, "diameter": "200 مم", "execution_position": 1.0, "shape_Length": 17.774156360735752, "Depth": 1.5999999999999943, "GL": 162.7, "IL": 161.1, "الشركةالمنفذة": "اولاد حجازي", "GlobalID": "{E051AC58-6BA1-4BFB-9017-3DE9BCB15102}", "القطاع": "القطاع الاول", "Fault_statement": null}, "geometry": {"type": "MultiLineString", "coordinates": [[[31.56302953194285, 30.26927474252348], [31.563187658936474, 30.26935760552371]]]}}, {"type": "Feature", "properties": {"line_degree": 2.0, "manufacturing_material": 1.0, "diameter": "400 مم", "execution_position": 1.0, "shape_Length": 38.107885227605465, "Depth": 1.5900000000000034, "GL": 162.21, "IL": 160.62, "الشركةالمنفذة": "اولاد حجازي", "GlobalID": "{CDA1C88A-1ED4-41C0-BB10-C48F8F35BE62}", "القطاع": "القطاع الاول", "Fault_statement": null}, "geometry": {"type": "MultiLineString", "coordinates": [[[31.5640207485267, 30.26980517922706], [31.564348390108613, 30.26999826310641]]]}}, {"type": "Feature", "properties": {"line_degree": 1.0, "manufacturing_material": 1.0, "diameter": "400 مم", "execution_position": 1.0, "shape_Length": 36.8781522079987, "Depth": 1.759999999999991, "GL": 169.32, "IL": 167.56, "الشركةالمنفذة": "اولاد حجازي", "GlobalID": "{E8B3E434-2A1D-4347-95D9-B4BFE6BF12F5}", "القطاع": "القطاع الاول", "Fault_statement": null}, "geometry": {"type": "MultiLineString", "coordinates": [[[31.566297923957233, 30.277535228611296], [31.56656629314927, 30.277297735945112]]]}}, {"type": "Feature", "properties": {"line_degree": 1.0, "manufacturing_material": 1.0, "diameter": "300 مم", "execution_position": 1.0, "shape_Length": 40.1303925561342, "Depth": 2.0900000000000034, "GL": 170.86, "IL": 168.77, "الشركةالمنفذة": "عوض خليفة", "GlobalID": "{4F6FB70B-36E7-4831-87EA-9B8CA10C8C35}", "القطاع": "القطاع الثاني", "Fault_statement": null}, "geometry": {"type": "MultiLineString", "coordinates": [[[31.56992632136596, 30.27474476218107], [31.569592522584998, 30.27496177907903]]]}}, {"type": "Feature", "properties": {"line_degree": 1.0, "manufacturing_material": 1.0, "diameter": "300 مم", "execution_position": 1.0, "shape_Length": 44.24108119152745, "Depth": 2.160000000000025, "GL": 169.08, "IL": 166.92, "الشركةالمنفذة": "اولاد حجازي", "GlobalID": "{8ABE1E33-4636-43C5-AFAE-8D073DCA6509}", "القطاع": "القطاع الاول", "Fault_statement": null}, "geometry": {"type": "MultiLineString", "coordinates": [[[31.568301398708478, 30.275873145540736], [31.568281136022833, 30.275888714212794], [31.568002547517395, 30.276102767250045], [31.56795712982886, 30.27613766375419]]]}}, {"type": "Feature", "properties": {"line_degree": 2.0, "manufacturing_material": 1.0, "diameter": "400 مم", "execution_position": 1.0, "shape_Length": 43.891365366756865, "Depth": 1.5400000000000205, "GL": 162.68, "IL": 161.14, "الشركةالمنفذة": "اولاد حجازي", "GlobalID": "{CA3488C1-60AA-4954-89B3-27EEDE4A4057}", "القطاع": "القطاع الاول", "Fault_statement": null}, "geometry": {"type": "MultiLineString", "coordinates": [[[31.565900474135635, 30.271116959676572], [31.565567626017774, 30.270846257900917]]]}}, {"type": "Feature", "properties": {"line_degree": 2.0, "manufacturing_material": 1.0, "diameter": "400 مم", "execution_position": 1.0, "shape_Length": 50.33040249406057, "Depth": 1.5900000000000034, "GL": 162.21, "IL": 160.62, "الشركةالمنفذة": "اولاد حجازي", "GlobalID": "{CBF08AC4-EB67-4BA7-BD44-7B7DEA3CE70C}", "القطاع": "القطاع الاول", "Fault_statement": null}, "geometry": {"type": "MultiLineString", "coordinates": [[[31.56357947627045, 30.26956144957437], [31.5640207485267, 30.26980517922706]]]}}, {"type": "Feature", "properties": {"line_degree": 2.0, "manufacturing_material": 1.0, "diameter": "400 مم", "execution_position": 1.0, "shape_Length": 44.37825807443782, "Depth": 2.4399999999999977, "GL": 167.31, "IL": 164.87, "الشركةالمنفذة": "اولاد حجازي", "GlobalID": "{8183B854-ABAA-4848-98EE-7E6DEBA3B42A}", "القطاع": "القطاع الاول", "Fault_statement": null}, "geometry": {"type": "MultiLineString", "coordinates": [[[31.567052653360083, 30.27216724225591], [31.56674242819425, 30.271871035178176]]]}}, {"type": "Feature", "properties": {"line_degree": 1.0, "manufacturing_material": 1.0, "diameter": "300 مم", "execution_position": 1.0, "shape_Length": 42.36903948000526, "Depth": 2.160000000000025, "GL": 169.08, "IL": 166.92, "الشركةالمنفذة": "اولاد حجازي", "GlobalID": "{5E6BB52C-33B8-470D-9D41-BC8C27BD9B48}", "القطاع": "القطاع الاول", "Fault_statement": null}, "geometry": {"type": "MultiLineString", "coordinates": [[[31.56795712982886, 30.27613766375419], [31.567943932823603, 30.276148117857943], [31.567631898825045, 30.276395306276996]]]}}, {"type": "Feature", "properties": {"line_degree": 1.0, "manufacturing_material": 1.0, "diameter": "300 مم", "execution_position": 1.0, "shape_Length": 53.63101032918565, "Depth": 1.170000000000016, "GL": 169.3, "IL": 168.13, "الشركةالمنفذة": "اولاد حجازي", "GlobalID": "{67F04F91-D2B2-49C6-AE63-5A0387396725}", "القطاع": "القطاع الاول", "Fault_statement": null}, "geometry": {"type": "MultiLineString", "coordinates": [[[31.569592522584998, 30.27496177907903], [31.56915428152795, 30.27526069032097]]]}}, {"type": "Feature", "properties": {"line_degree": 1.0, "manufacturing_material": 1.0, "diameter": "400 مم", "execution_position": 1.0, "shape_Length": 33.32787041324658, "Depth": 1.2199999999999989, "GL": 168.25, "IL": 167.03, "الشركةالمنفذة": "اولاد حجازي", "GlobalID": "{7C6A0553-3409-4B7C-B49A-CEDD287A2526}", "القطاع": "القطاع الاول", "Fault_statement": null}, "geometry": {"type": "MultiLineString", "coordinates": [[[31.566904594794863, 30.276999696585403], [31.567150389607622, 30.276787882253437]]]}}, {"type": "Feature", "properties": {"line_degree": 1.0, "manufacturing_material": 1.0, "diameter": "300 مم", "execution_position": 1.0, "shape_Length": 40.634606964854626, "Depth": 2.3100000000000023, "GL": 169.94, "IL": 167.63, "الشركةالمنفذة": "اولاد حجازي", "GlobalID": "{44DF24E7-6301-404F-8B0F-1092FA9F5499}", "القطاع": "القطاع الاول", "Fault_statement": null}, "geometry": {"type": "MultiLineString", "coordinates": [[[31.568940148255688, 30.275407030652467], [31.568615254725284, 30.275641188551198]]]}}, {"type": "Feature", "properties": {"line_degree": 2.0, "manufacturing_material": 1.0, "diameter": "400 مم", "execution_position": 1.0, "shape_Length": 24.314388622501163, "Depth": 1.75, "GL": 161.65, "IL": 159.9, "الشركةالمنفذة": "اولاد حجازي", "GlobalID": "{3B88A7E0-DBDB-43D0-8D9A-B5D257A038B5}", "القطاع": "القطاع الاول", "Fault_statement": null}, "geometry": {"type": "MultiLineString", "coordinates": [[[31.56467992083696, 30.270215920927047], [31.56487970778374, 30.270350197578725]]]}}, {"type": "Feature", "properties": {"line_degree": 2.0, "manufacturing_material": 1.0, "diameter": "400 مم", "execution_position": 1.0, "shape_Length": 39.99994688233311, "Depth": 1.829999999999984, "GL": 162.19, "IL": 160.36, "الشركةالمنفذة": "اولاد حجازي", "GlobalID": "{8CA0F590-70FC-4CE1-967D-C2DE9C1A7550}", "القطاع": "القطاع الاول", "Fault_statement": null}, "geometry": {"type": "MultiLineString", "coordinates": [[[31.564348390108613, 30.26999826310641], [31.56467992083696, 30.270215920927047]]]}}, {"type": "Feature", "properties": {"line_degree": 1.0, "manufacturing_material": 1.0, "diameter": "400 مم", "execution_position": 1.0, "shape_Length": 46.382105061027055, "Depth": 1.2199999999999989, "GL": 168.25, "IL": 167.03, "الشركةالمنفذة": "اولاد حجازي", "GlobalID": "{0CB73893-FD4D-4783-9FB4-457CCC20C987}", "القطاع": "القطاع الاول", "Fault_statement": null}, "geometry": {"type": "MultiLineString", "coordinates": [[[31.56656629314927, 30.277297735945112], [31.566904594794863, 30.276999696585403]]]}}, {"type": "Feature", "properties": {"line_degree": 2.0, "manufacturing_material": 1.0, "diameter": "400 مم", "execution_position": 1.0, "shape_Length": 39.99996262931976, "Depth": 2.450000000000017, "GL": 167.43, "IL": 164.98, "الشركةالمنفذة": "اولاد حجازي", "GlobalID": "{4EBF03F6-5AD0-48F4-90C3-6DE75BD7A0E5}", "القطاع": "القطاع الاول", "Fault_statement": null}, "geometry": {"type": "MultiLineString", "coordinates": [[[31.56756781699616, 30.27268045218027], [31.567297797942654, 30.272406123810875]]]}}, {"type": "Feature", "properties": {"line_degree": 2.0, "manufacturing_material": 1.0, "diameter": "400 مم", "execution_position": 1.0, "shape_Length": 50.23917233034521, "Depth": 1.8300000000000125, "GL": 168.58, "IL": 166.75, "الشركةالمنفذة": "اولاد حجازي", "GlobalID": "{E5CBC2E9-4FF0-479A-BE18-F4BAA2448A2D}", "القطاع": "القطاع الاول", "Fault_statement": null}, "geometry": {"type": "MultiLineString", "coordinates": [[[31.56674242819425, 30.271871035178176], [31.566384391245283, 30.27154120539048]]]}}, {"type": "Feature", "properties": {"line_degree": 2.0, "manufacturing_material": 1.0, "diameter": "400 مم", "execution_position": 1.0, "shape_Length": 40.37273253787871, "Depth": 2.5, "GL": 167.03, "IL": 164.53, "الشركةالمنفذة": "اولاد حجازي", "GlobalID": "{31B51C60-A83A-43BB-92A5-C9077E9910ED}", "القطاع": "القطاع الاول", "Fault_statement": null}, "geometry": {"type": "MultiLineString", "coordinates": [[[31.568119534584255, 30.27322476826602], [31.567843288685065, 30.272950666494456]]]}}, {"type": "Feature", "properties": {"line_degree": 2.0, "manufacturing_material": 1.0, "diameter": "400 مم", "execution_position": 1.0, "shape_Length": 43.95738107636678, "Depth": 1.5999999999999943, "GL": 162.7, "IL": 161.1, "الشركةالمنفذة": "اولاد حجازي", "GlobalID": "{4F7A55E9-4BDD-402F-BD7C-14256A3AC999}", "القطاع": "القطاع الاول", "Fault_statement": null}, "geometry": {"type": "MultiLineString", "coordinates": [[[31.563187658936474, 30.26935760552371], [31.56357947627045, 30.26956144957437]]]}}, {"type": "Feature", "properties": {"line_degree": 2.0, "manufacturing_material": 1.0, "diameter": "400 مم", "execution_position": 1.0, "shape_Length": 35.46506487050852, "Depth": 2.4399999999999977, "GL": 167.31, "IL": 164.87, "الشركةالمنفذة": "اولاد حجازي", "GlobalID": "{6A8789CC-2158-4F31-A363-BEA0DD31F96E}", "القطاع": "القطاع الاول", "Fault_statement": null}, "geometry": {"type": "MultiLineString", "coordinates": [[[31.567297797942654, 30.272406123810875], [31.567052653360083, 30.27216724225591]]]}}, {"type": "Feature", "properties": {"line_degree": 1.0, "manufacturing_material": 1.0, "diameter": "300 مم", "execution_position": 1.0, "shape_Length": 26.224765911447076, "Depth": 1.170000000000016, "GL": 169.3, "IL": 168.13, "الشركةالمنفذة": "اولاد حجازي", "GlobalID": "{C71A589F-6B6E-4B99-A617-71294747288D}", "القطاع": "القطاع الاول", "Fault_statement": null}, "geometry": {"type": "MultiLineString", "coordinates": [[[31.56915428152795, 30.27526069032097], [31.568940148255688, 30.275407030652467]]]}}, {"type": "Feature", "properties": {"line_degree": 2.0, "manufacturing_material": 1.0, "diameter": "400 مم", "execution_position": 1.0, "shape_Length": 40.000003484204015, "Depth": 2.450000000000017, "GL": 167.43, "IL": 164.98, "الشركةالمنفذة": "اولاد حجازي", "GlobalID": "{6E4CDF3F-E541-4403-8AD5-414E526D94E6}", "القطاع": "القطاع الاول", "Fault_statement": null}, "geometry": {"type": "MultiLineString", "coordinates": [[[31.567843288685065, 30.272950666494456], [31.56756781699616, 30.27268045218027]]]}}, {"type": "Feature", "properties": {"line_degree": 2.0, "manufacturing_material": 1.0, "diameter": "400 مم", "execution_position": 1.0, "shape_Length": 66.18430606265186, "Depth": 1.8300000000000125, "GL": 168.58, "IL": 166.75, "الشركةالمنفذة": "اولاد حجازي", "GlobalID": "{CA1ED22A-945C-43F4-AFBB-C31F8AA1ED9B}", "القطاع": "القطاع الاول", "Fault_statement": null}, "geometry": {"type": "MultiLineString", "coordinates": [[[31.566384391245283, 30.27154120539048], [31.565900474135635, 30.271116959676572]]]}}, {"type": "Feature", "properties": {"line_degree": 1.0, "manufacturing_material": 1.0, "diameter": "300 مم", "execution_position": 1.0, "shape_Length": 39.66463567556456, "Depth": 2.079999999999984, "GL": 169.39, "IL": 167.31, "الشركةالمنفذة": "اولاد حجازي", "GlobalID": "{CB91F2DA-2314-4916-980D-97F179079C54}", "القطاع": "القطاع الاول", "Fault_statement": null}, "geometry": {"type": "MultiLineString", "coordinates": [[[31.568615254725284, 30.275641188551198], [31.568342069532484, 30.27584308730225], [31.568301398708478, 30.275873145540736]]]}}, {"type": "Feature", "properties": {"line_degree": 1.0, "manufacturing_material": 1.0, "diameter": "400 مم", "execution_position": 1.0, "shape_Length": 45.75840761551128, "Depth": 1.9099999999999966, "GL": 169.12, "IL": 167.21, "الشركةالمنفذة": "اولاد حجازي", "GlobalID": "{50AA609F-C5AA-454A-878A-8960D99C01A7}", "القطاع": "القطاع الاول", "Fault_statement": null}, "geometry": {"type": "MultiLineString", "coordinates": [[[31.565951737578565, 30.277252233292145], [31.566297923957233, 30.277535228611296]]]}}, {"type": "Feature", "properties": {"line_degree": 2.0, "manufacturing_material": 1.0, "diameter": "450 مم", "execution_position": 1.0, "shape_Length": 50.23925093910215, "Depth": 1.75, "GL": 161.65, "IL": 159.9, "الشركةالمنفذة": "اولاد حجازي", "GlobalID": "{36CC8911-DB58-488A-A05E-2B8C4CBCA504}", "القطاع": "القطاع الاول", "Fault_statement": null}, "geometry": {"type": "MultiLineString", "coordinates": [[[31.56487970778374, 30.270350197578725], [31.565284583045862, 30.270636316048712]]]}}, {"type": "Feature", "properties": {"line_degree": 1.0, "manufacturing_material": 1.0, "diameter": "500 مم", "execution_position": 1.0, "shape_Length": 38.22874281395402, "Depth": 2.030000000000001, "GL": 168.78, "IL": 166.75, "الشركةالمنفذة": "اولاد حجازي", "GlobalID": "{4A1DD39C-DC98-40EB-BD21-C4CD5268AB85}", "القطاع": "القطاع الاول", "Fault_statement": null}, "geometry": {"type": "MultiLineString", "coordinates": [[[31.567150389607622, 30.276787882253437], [31.567437897616895, 30.2765498882873]]]}}, {"type": "Feature", "properties": {"line_degree": 2.0, "manufacturing_material": 1.0, "diameter": "500 مم", "execution_position": 1.0, "shape_Length": 39.84024458995091, "Depth": 1.6899999999999977, "GL": 166.48, "IL": 164.79, "الشركةالمنفذة": "اولاد حجازي", "GlobalID": "{92321BD5-4474-4002-8AA6-F2EA34DDB254}", "القطاع": "القطاع الاول", "Fault_statement": null}, "geometry": {"type": "MultiLineString", "coordinates": [[[31.56319473876891, 30.272806967767856], [31.56322558138785, 30.27278031161775], [31.56345927592356, 30.272578334222562], [31.563488129730885, 30.27255339683067]]]}}, {"type": "Feature", "properties": {"line_degree": 2.0, "manufacturing_material": 1.0, "diameter": "500 مم", "execution_position": 1.0, "shape_Length": 39.807529790074085, "Depth": 2.5600000000000023, "GL": 163.54, "IL": 160.98, "الشركةالمنفذة": "اولاد حجازي", "GlobalID": "{F3BE3C9D-2EDF-405C-9368-CE6D0BFBD0B2}", "القطاع": "القطاع الاول", "Fault_statement": null}, "geometry": {"type": "MultiLineString", "coordinates": [[[31.563716450922723, 30.2723462462939], [31.56401664626617, 30.272102879517675], [31.564018781373942, 30.272101147431634]]]}}, {"type": "Feature", "properties": {"line_degree": 2.0, "manufacturing_material": 1.0, "diameter": "500 مم", "execution_position": 1.0, "shape_Length": 31.781645373791914, "Depth": 1.6200000000000045, "GL": 163.85, "IL": 162.23, "الشركةالمنفذة": "اولاد حجازي", "GlobalID": "{DF523640-2E7C-4D4B-9497-A46A9403F1DD}", "القطاع": "القطاع الاول", "Fault_statement": null}, "geometry": {"type": "MultiLineString", "coordinates": [[[31.563488129730885, 30.27255339683067], [31.56351684414454, 30.272527345105335], [31.563716450922723, 30.2723462462939]]]}}, {"type": "Feature", "properties": {"line_degree": 2.0, "manufacturing_material": 1.0, "diameter": "500 مم", "execution_position": 1.0, "shape_Length": 31.898777510138324, "Depth": 1.6899999999999977, "GL": 166.48, "IL": 164.79, "الشركةالمنفذة": "اولاد حجازي", "GlobalID": "{4777E254-CE55-4A48-AF18-7D085DA2BC1F}", "القطاع": "القطاع الاول", "Fault_statement": null}, "geometry": {"type": "MultiLineString", "coordinates": [[[31.562966960464266, 30.27301602559652], [31.56316822798815, 30.272831299684945], [31.56319473876891, 30.272806967767856]]]}}, {"type": "Feature", "properties": {"line_degree": 2.0, "manufacturing_material": 1.0, "diameter": "500 مم", "execution_position": 1.0, "shape_Length": 61.79242912410727, "Depth": 1.5900000000000034, "GL": 167.81, "IL": 166.22, "الشركةالمنفذة": "اولاد حجازي", "GlobalID": "{2BE45C1B-0638-4A1D-9E27-E932F8198854}", "القطاع": "القطاع الاول", "Fault_statement": null}, "geometry": {"type": "MultiLineString", "coordinates": [[[31.566881235013344, 30.27610418801276], [31.566405846442244, 30.27572944619996]]]}}, {"type": "Feature", "properties": {"line_degree": 2.0, "manufacturing_material": 1.0, "diameter": "500 مم", "execution_position": 1.0, "shape_Length": 39.90254878765295, "Depth": 2.030000000000001, "GL": 168.78, "IL": 166.75, "الشركةالمنفذة": "اولاد حجازي", "GlobalID": "{5ADAFC6B-2AE6-42C3-911E-1B43D6B81FDE}", "القطاع": "القطاع الاول", "Fault_statement": null}, "geometry": {"type": "MultiLineString", "coordinates": [[[31.567437897616895, 30.2765498882873], [31.567134868798902, 30.27630417113902]]]}}, {"type": "Feature", "properties": {"line_degree": null, "manufacturing_material": null, "diameter": "500 مم", "execution_position": null, "shape_Length": 31.81866058206562, "Depth": 1.6399999999999864, "GL": 168.25, "IL": 166.61, "الشركةالمنفذة": "اولاد حجازي", "GlobalID": "{1254915B-596D-474E-9E29-2D3F39359750}", "القطاع": "القطاع الاول", "Fault_statement": null}, "geometry": {"type": "MultiLineString", "coordinates": [[[31.567134868798902, 30.27630417113902], [31.566890107990215, 30.276111176570257]]]}}, {"type": "Feature", "properties": {"line_degree": 2.0, "manufacturing_material": 1.0, "diameter": "500 مم", "execution_position": 1.0, "shape_Length": 45.304456974772854, "Depth": 1.5900000000000034, "GL": 167.81, "IL": 166.22, "الشركةالمنفذة": "اولاد حجازي", "GlobalID": "{1023568D-0831-458E-81AC-B178E4871C2B}", "القطاع": "القطاع الاول", "Fault_statement": null}, "geometry": {"type": "MultiLineString", "coordinates": [[[31.566405846442244, 30.27572944619996], [31.566059142222475, 30.27545295159223]]]}}, {"type": "Feature", "properties": {"line_degree": 2.0, "manufacturing_material": 1.0, "diameter": "500 مم", "execution_position": 1.0, "shape_Length": 41.67627522995858, "Depth": 1.5, "GL": 167.36, "IL": 165.86, "الشركةالمنفذة": "اولاد حجازي", "GlobalID": "{AFD18B5B-A2AA-4ABC-B9BF-0378C51A6DEE}", "القطاع": "القطاع الاول", "Fault_statement": null}, "geometry": {"type": "MultiLineString", "coordinates": [[[31.566059142222475, 30.27545295159223], [31.565737604586037, 30.27520107788628]]]}}, {"type": "Feature", "properties": {"line_degree": 2.0, "manufacturing_material": 1.0, "diameter": "500 مم", "execution_position": 1.0, "shape_Length": 47.108566845266274, "Depth": 1.5, "GL": 167.36, "IL": 165.86, "الشركةالمنفذة": "اولاد حجازي", "GlobalID": "{7090AE11-A778-408A-B738-EAF6D93E12CC}", "القطاع": "القطاع الاول", "Fault_statement": null}, "geometry": {"type": "MultiLineString", "coordinates": [[[31.565737604586037, 30.27520107788628], [31.565378511864655, 30.27491224079248]]]}}, {"type": "Feature", "properties": {"line_degree": 2.0, "manufacturing_material": 1.0, "diameter": "500 مم", "execution_position": 1.0, "shape_Length": 39.43118967014639, "Depth": 1.6400000000000148, "GL": 166.93, "IL": 165.29, "الشركةالمنفذة": "اولاد حجازي", "GlobalID": "{23E061CB-84E5-4B1A-B835-D948812F874E}", "القطاع": "القطاع الاول", "Fault_statement": null}, "geometry": {"type": "MultiLineString", "coordinates": [[[31.565378511864655, 30.27491224079248], [31.565076903642815, 30.27467145219908]]]}}, {"type": "Feature", "properties": {"line_degree": 2.0, "manufacturing_material": 1.0, "diameter": "500 مم", "execution_position": 1.0, "shape_Length": 38.431992781294426, "Depth": 1.6400000000000148, "GL": 166.93, "IL": 165.29, "الشركةالمنفذة": "اولاد حجازي", "GlobalID": "{5347DCBF-C89E-41B6-BAEE-BD4FB0F34044}", "القطاع": "القطاع الاول", "Fault_statement": null}, "geometry": {"type": "MultiLineString", "coordinates": [[[31.565076903642815, 30.27467145219908], [31.56477366671624, 30.274445827840992]]]}}, {"type": "Feature", "properties": {"line_degree": 2.0, "manufacturing_material": 1.0, "diameter": "500 مم", "execution_position": 1.0, "shape_Length": 47.353182239432456, "Depth": 2.0800000000000125, "GL": 166.59, "IL": 164.51, "الشركةالمنفذة": "اولاد حجازي", "GlobalID": "{19CA649B-28A2-4BF2-BD02-724C3F708BFB}", "القطاع": "القطاع الاول", "Fault_statement": null}, "geometry": {"type": "MultiLineString", "coordinates": [[[31.56477366671624, 30.274445827840992], [31.564401591886742, 30.27416626638886]]]}}, {"type": "Feature", "properties": {"line_degree": 2.0, "manufacturing_material": 1.0, "diameter": "500 مم", "execution_position": 1.0, "shape_Length": 41.1800984244486, "Depth": 2.0800000000000125, "GL": 166.59, "IL": 164.51, "الشركةالمنفذة": "اولاد حجازي", "GlobalID": "{D56FADC3-BA10-48B0-8E68-6BDCC94A23D7}", "القطاع": "القطاع الاول", "Fault_statement": null}, "geometry": {"type": "MultiLineString", "coordinates": [[[31.564401591886742, 30.27416626638886], [31.56408641592575, 30.27391497993032]]]}}, {"type": "Feature", "properties": {"line_degree": 2.0, "manufacturing_material": 1.0, "diameter": "500 مم", "execution_position": 1.0, "shape_Length": 43.187180100146975, "Depth": 1.5, "GL": 166.25, "IL": 164.75, "الشركةالمنفذة": "اولاد حجازي", "GlobalID": "{10656124-99C9-4D1B-A18E-504C08C5063A}", "القطاع": "القطاع الاول", "Fault_statement": null}, "geometry": {"type": "MultiLineString", "coordinates": [[[31.56408641592575, 30.27391497993032], [31.563749073029083, 30.27365802572841]]]}}, {"type": "Feature", "properties": {"line_degree": 2.0, "manufacturing_material": 1.0, "diameter": "500 مم", "execution_position": 1.0, "shape_Length": 52.299941880957256, "Depth": 1.5, "GL": 166.25, "IL": 164.75, "الشركةالمنفذة": "اولاد حجازي", "GlobalID": "{45FD89A4-A8A9-4BB9-9A0E-192C5F8F0170}", "القطاع": "القطاع الاول", "Fault_statement": null}, "geometry": {"type": "MultiLineString", "coordinates": [[[31.563749073029083, 30.27365802572841], [31.56335610845011, 30.273332106598104]]]}}, {"type": "Feature", "properties": {"line_degree": 2.0, "manufacturing_material": 1.0, "diameter": "500 مم", "execution_position": 1.0, "shape_Length": 51.28380984532062, "Depth": 1.6699999999999875, "GL": 166.66, "IL": 164.99, "الشركةالمنفذة": "اولاد حجازي", "GlobalID": "{3F377A19-FA90-4059-BE0A-947D8B012A1F}", "القطاع": "القطاع الاول", "Fault_statement": null}, "geometry": {"type": "MultiLineString", "coordinates": [[[31.56335610845011, 30.273332106598104], [31.562966960464266, 30.27301602559652]]]}}, {"type": "Feature", "properties": {"line_degree": 2.0, "manufacturing_material": 3.0, "diameter": "700 مم", "execution_position": 1.0, "shape_Length": 63.4373860523856, "Depth": 2.5600000000000023, "GL": 163.54, "IL": 160.98, "الشركةالمنفذة": "اولاد حجازي", "GlobalID": "{D6A4099C-A551-478D-A2C8-1732ED26562F}", "القطاع": "القطاع الاول", "Fault_statement": null}, "geometry": {"type": "MultiLineString", "coordinates": [[[31.564018781373942, 30.272101147431634], [31.564504768617546, 30.27171449173795]]]}}, {"type": "Feature", "properties": {"line_degree": 2.0, "manufacturing_material": 3.0, "diameter": "800 مم", "execution_position": 1.0, "shape_Length": 53.360384133059235, "Depth": 1.7199999999999989, "GL": 162.96, "IL": 161.24, "الشركةالمنفذة": "اولاد حجازي", "GlobalID": "{7E85880C-E7C0-46F6-989A-6A9D79B020C4}", "القطاع": "القطاع الاول", "Fault_statement": null}, "geometry": {"type": "MultiLineString", "coordinates": [[[31.564504768617546, 30.27171449173795], [31.56488399666909, 30.27141488853163], [31.564889842979852, 30.27141027014298], [31.564914865920386, 30.271390501412867]]]}}, {"type": "Feature", "properties": {"line_degree": 2.0, "manufacturing_material": 3.0, "diameter": "800 مم", "execution_position": 1.0, "shape_Length": 45.832929627140054, "Depth": 2.6599999999999966, "GL": 163.06, "IL": 160.4, "الشركةالمنفذة": "اولاد حجازي", "GlobalID": "{45BAA211-7B25-4CE5-8FC6-7AEE4DAA8A0E}", "القطاع": "القطاع الاول", "Fault_statement": null}, "geometry": {"type": "MultiLineString", "coordinates": [[[31.564914865920386, 30.271390501412867], [31.564940007300017, 30.27137072855963], [31.565267777490142, 30.27111294455286], [31.56526782921305, 30.2711129028359]]]}}, {"type": "Feature", "properties": {"line_degree": 2.0, "manufacturing_material": 3.0, "diameter": "800 مم", "execution_position": 1.0, "shape_Length": 35.82605195292753, "Depth": 1.5400000000000205, "GL": 162.68, "IL": 161.14, "الشركةالمنفذة": "اولاد حجازي", "GlobalID": "{357FA3CF-C276-4B7B-8FE8-A214D951E3D8}", "القطاع": "القطاع الاول", "Fault_statement": null}, "geometry": {"type": "MultiLineString", "coordinates": [[[31.565567626017774, 30.270846257900917], [31.565284583045862, 30.270636316048712]]]}}, {"type": "Feature", "properties": {"line_degree": 2.0, "manufacturing_material": 3.0, "diameter": "800 مم", "execution_position": 1.0, "shape_Length": 41.30431635251255, "Depth": 1.5400000000000205, "GL": 162.68, "IL": 161.14, "الشركةالمنفذة": "اولاد حجازي", "GlobalID": "{93509E95-AD4B-43DA-964E-AEB682C272B3}", "القطاع": "القطاع الاول", "Fault_statement": null}, "geometry": {"type": "MultiLineString", "coordinates": [[[31.56526782921305, 30.2711129028359], [31.565567626017774, 30.270846257900917]]]}}, {"type": "Feature", "properties": {"line_degree": 2.0, "manufacturing_material": 1.0, "diameter": "200 مم", "execution_position": 1.0, "shape_Length": 29.067592755797975, "Depth": 1.460000000000008, "GL": 165.31, "IL": 163.85, "الشركةالمنفذة": "اولاد حجازي", "GlobalID": "{CFF0032E-837B-4281-9AB9-0386066F2963}", "القطاع": "القطاع الاول", "Fault_statement": null}, "geometry": {"type": "MultiLineString", "coordinates": [[[31.563171773359553, 30.270031872360033], [31.56292099469357, 30.269885702903906]]]}}, {"type": "Feature", "properties": {"line_degree": 2.0, "manufacturing_material": 1.0, "diameter": "200 مم", "execution_position": 1.0, "shape_Length": 31.41355051453048, "Depth": 1.5300000000000011, "GL": 165.46, "IL": 163.93, "الشركةالمنفذة": "اولاد حجازي", "GlobalID": "{FDFFDAC5-7D86-46F0-837C-62F3B183DB2A}", "القطاع": "القطاع الاول", "Fault_statement": null}, "geometry": {"type": "MultiLineString", "coordinates": [[[31.564455412827673, 30.273208284637533], [31.56468260723606, 30.273411769165772]]]}}, {"type": "Feature", "properties": {"line_degree": 2.0, "manufacturing_material": 1.0, "diameter": "200 مم", "execution_position": 1.0, "shape_Length": 24.302656396557826, "Depth": 1.460000000000008, "GL": 166.71, "IL": 165.25, "الشركةالمنفذة": "اولاد حجازي", "GlobalID": "{E29BA5D9-4F3A-4911-9EDA-B9B7EFF37535}", "القطاع": "القطاع الاول", "Fault_statement": null}, "geometry": {"type": "MultiLineString", "coordinates": [[[31.566482614983915, 30.27479442291005], [31.566348322463853, 30.274608761695795]]]}}, {"type": "Feature", "properties": {"line_degree": 2.0, "manufacturing_material": 1.0, "diameter": "200 مم", "execution_position": 1.0, "shape_Length": 13.5382006590555, "Depth": 2.6599999999999966, "GL": 163.06, "IL": 160.4, "الشركةالمنفذة": "اولاد حجازي", "GlobalID": "{D133539F-CA41-442D-9E80-50450FFD7158}", "القطاع": "القطاع الاول", "Fault_statement": null}, "geometry": {"type": "MultiLineString", "coordinates": [[[31.564811229021146, 30.271307911949265], [31.564892147636336, 30.271372396928147], [31.564914865920386, 30.271390501412867]]]}}, {"type": "Feature", "properties": {"line_degree": 2.0, "manufacturing_material": 1.0, "diameter": "200 مم", "execution_position": 1.0, "shape_Length": 40.89409583571301, "Depth": 1.3599999999999852, "GL": 163.23, "IL": 161.87, "الشركةالمنفذة": "اولاد حجازي", "GlobalID": "{2AE733A6-090C-4400-A788-F31970AF24C4}", "القطاع": "القطاع الاول", "Fault_statement": null}, "geometry": {"type": "MultiLineString", "coordinates": [[[31.564507074754683, 30.271050752558196], [31.564601051378148, 30.271140418898675], [31.564811229021146, 30.271307911949265]]]}}, {"type": "Feature", "properties": {"line_degree": 2.0, "manufacturing_material": 1.0, "diameter": "200 مم", "execution_position": 1.0, "shape_Length": 14.983138697707346, "Depth": 1.3599999999999852, "GL": 163.23, "IL": 161.87, "الشركةالمنفذة": "اولاد حجازي", "GlobalID": "{EE8A84E8-A50E-4EC3-9597-1B5421384B71}", "القطاع": "القطاع الاول", "Fault_statement": null}, "geometry": {"type": "MultiLineString", "coordinates": [[[31.56420243978965, 30.270760089887766], [31.564307219309114, 30.270860063633112]]]}}, {"type": "Feature", "properties": {"line_degree": 2.0, "manufacturing_material": 1.0, "diameter": "200 مم", "execution_position": 1.0, "shape_Length": 25.07995901019848, "Depth": 1.509999999999991, "GL": 165.31, "IL": 163.8, "الشركةالمنفذة": "اولاد حجازي", "GlobalID": "{46843768-44F8-459F-A061-991A6E4D0B7C}", "القطاع": "القطاع الاول", "Fault_statement": null}, "geometry": {"type": "MultiLineString", "coordinates": [[[31.56292099469357, 30.269885702903906], [31.56292030339606, 30.26988529995118], [31.56270244036751, 30.269762449149923]]]}}, {"type": "Feature", "properties": {"line_degree": 2.0, "manufacturing_material": 1.0, "diameter": "200 مم", "execution_position": 1.0, "shape_Length": 16.305297398030227, "Depth": 1.7800000000000011, "GL": 167.9, "IL": 166.12, "الشركةالمنفذة": "اولاد حجازي", "GlobalID": "{625927F2-0F8A-470B-B86E-1BD22C711F3C}", "القطاع": "القطاع الاول", "Fault_statement": null}, "geometry": {"type": "MultiLineString", "coordinates": [[[31.567339769970644, 30.27496822686353], [31.567444936724556, 30.274877710048717], [31.567460094381506, 30.27486466405857]]]}}, {"type": "Feature", "properties": {"line_degree": 2.0, "manufacturing_material": 1.0, "diameter": "200 مم", "execution_position": 1.0, "shape_Length": 48.36611223956685, "Depth": 2.0999999999999943, "GL": 164.2, "IL": 162.1, "الشركةالمنفذة": "عوض خليفة", "GlobalID": "{5657E6CC-FD9B-4FC5-8537-29E42CD42BE2}", "القطاع": "القطاع الثاني", "Fault_statement": null}, "geometry": {"type": "MultiLineString", "coordinates": [[[31.56590808963404, 30.265277756922124], [31.56608429330481, 30.265271943308427], [31.56633276314198, 30.26545549756005]]]}}, {"type": "Feature", "properties": {"line_degree": 1.0, "manufacturing_material": 1.0, "diameter": "200 مم", "execution_position": 1.0, "shape_Length": 38.69460407784038, "Depth": 1.5, "GL": 167.75, "IL": 166.25, "الشركةالمنفذة": "عوض خليفة", "GlobalID": "{6403661E-0FE0-4EE5-8C58-3F8278067CBD}", "القطاع": "القطاع الثاني", "Fault_statement": null}, "geometry": {"type": "MultiLineString", "coordinates": [[[31.55071568600041, 30.267061576979547], [31.550762854027575, 30.267082317205872], [31.551022937803612, 30.267284623453204]]]}}, {"type": "Feature", "properties": {"line_degree": 1.0, "manufacturing_material": 1.0, "diameter": "200 مم", "execution_position": 2.0, "shape_Length": 1890.3986369323843, "Depth": 2.0999999999999943, "GL": 164.2, "IL": 162.1, "الشركةالمنفذة": "عوض خليفة", "GlobalID": "{9B416C54-948D-4FE7-856C-9B3AAEE78C7F}", "القطاع": "القطاع الثاني", "Fault_statement": null}, "geometry": {"type": "MultiLineString", "coordinates": [[[31.55071568600041, 30.267061576979547], [31.5505955699184, 30.26687835804541], [31.55142764435981, 30.264579015830133], [31.552024378582317, 30.26247382978142], [31.552057501170925, 30.262356976461046], [31.555031365105954, 30.262660217014254], [31.55788753965669, 30.26296295234085], [31.559594989585005, 30.263208879733927], [31.560307674946845, 30.263355134859324], [31.5609297314477, 30.263499141513737], [31.562292212637892, 30.263879035003903], [31.56349640649034, 30.26428764249905], [31.56544495894494, 30.265120880803792], [31.565481185459653, 30.265214427213994]]]}}, {"type": "Feature", "properties": {"line_degree": 2.0, "manufacturing_material": 1.0, "diameter": "200 مم", "execution_position": 1.0, "shape_Length": 12.468814161032238, "Depth": 2.0, "GL": 165.35, "IL": 163.35, "الشركةالمنفذة": "اولاد حجازي", "GlobalID": "{484D220A-389E-4598-BA66-4C3DAFD4265A}", "القطاع": "القطاع الاول", "Fault_statement": null}, "geometry": {"type": "MultiLineString", "coordinates": [[[31.563986109459368, 30.272549345688557], [31.5638723063773, 30.272495559980932]]]}}, {"type": "Feature", "properties": {"line_degree": 2.0, "manufacturing_material": 1.0, "diameter": "200 مم", "execution_position": 1.0, "shape_Length": 24.586382106461496, "Depth": 1.950000000000017, "GL": 167.05, "IL": 165.1, "الشركةالمنفذة": "اولاد حجازي", "GlobalID": "{9EF5263A-1478-41D7-A06A-0A95087112B8}", "القطاع": "القطاع الاول", "Fault_statement": null}, "geometry": {"type": "MultiLineString", "coordinates": [[[31.56719165378556, 30.2730908045107], [31.567001234343117, 30.273238682661553]]]}}, {"type": "Feature", "properties": {"line_degree": 2.0, "manufacturing_material": 1.0, "diameter": "200 مم", "execution_position": 1.0, "shape_Length": 3.6992419804811387, "Depth": 1.950000000000017, "GL": 167.05, "IL": 165.1, "الشركةالمنفذة": "اولاد حجازي", "GlobalID": "{6CC01A54-EE81-4804-88FE-1FCC0C8399C5}", "القطاع": "القطاع الاول", "Fault_statement": null}, "geometry": {"type": "MultiLineString", "coordinates": [[[31.56698325228266, 30.273209189621316], [31.567001234343117, 30.273238682661553]]]}}, {"type": "Feature", "properties": {"line_degree": 2.0, "manufacturing_material": 1.0, "diameter": "200 مم", "execution_position": 1.0, "shape_Length": 8.873271009042465, "Depth": 1.25, "GL": 167.7, "IL": 166.45, "الشركةالمنفذة": "اولاد حجازي", "GlobalID": "{1E10DA17-A644-4EFC-834A-34F55118FA22}", "القطاع": "القطاع الاول", "Fault_statement": null}, "geometry": {"type": "MultiLineString", "coordinates": [[[31.56672815519134, 30.275532521404877], [31.56664927905697, 30.27557398820769]]]}}, {"type": "Feature", "properties": {"line_degree": null, "manufacturing_material": null, "diameter": "200 مم", "execution_position": null, "shape_Length": 18.22761829139935, "Depth": 2.0, "GL": 169.46, "IL": 167.46, "الشركةالمنفذة": "اولاد حجازي", "GlobalID": "{CC34C028-ABD2-4FAC-89BA-1046617A20A8}", "القطاع": "القطاع الاول", "Fault_statement": null}, "geometry": {"type": "MultiLineString", "coordinates": [[[31.56704071078381, 30.27601144142161], [31.566890107990215, 30.276111176570257]]]}}, {"type": "Feature", "properties": {"line_degree": 2.0, "manufacturing_material": 1.0, "diameter": "200 مم", "execution_position": 1.0, "shape_Length": 32.76179860459308, "Depth": 1.25, "GL": 167.7, "IL": 166.45, "الشركةالمنفذة": "اولاد حجازي", "GlobalID": "{D4DC18C8-AC47-4589-8F9C-CE80D251FF01}", "القطاع": "القطاع الاول", "Fault_statement": null}, "geometry": {"type": "MultiLineString", "coordinates": [[[31.567030632977772, 30.27525985943766], [31.567247366792582, 30.275048868743287], [31.56725721807519, 30.275039278905805]]]}}, {"type": "Feature", "properties": {"line_degree": 2.0, "manufacturing_material": 1.0, "diameter": "200 مم", "execution_position": 1.0, "shape_Length": 20.483049070796667, "Depth": 0.8199999999999932, "GL": 168.66, "IL": 167.84, "الشركةالمنفذة": "اولاد حجازي", "GlobalID": "{1F06B9DB-BCD0-462D-A85B-2378D35A4454}", "القطاع": "القطاع الاول", "Fault_statement": null}, "geometry": {"type": "MultiLineString", "coordinates": [[[31.569125339193267, 30.27448557673843], [31.569254027404693, 30.27433839830003]]]}}, {"type": "Feature", "properties": {"line_degree": 2.0, "manufacturing_material": 1.0, "diameter": "200 مم", "execution_position": 1.0, "shape_Length": 16.117038003113517, "Depth": 2.0, "GL": 168.81, "IL": 166.81, "الشركةالمنفذة": "اولاد حجازي", "GlobalID": "{A9757EE0-CA2B-469B-8C31-7744BBB774E5}", "القطاع": "القطاع الاول", "Fault_statement": null}, "geometry": {"type": "MultiLineString", "coordinates": [[[31.568331742040282, 30.27448653785712], [31.568197461608477, 30.274399637794204]]]}}, {"type": "Feature", "properties": {"line_degree": 2.0, "manufacturing_material": 1.0, "diameter": "200 مم", "execution_position": 1.0, "shape_Length": 21.100659198846326, "Depth": 1.0600000000000023, "GL": 168.66, "IL": 167.6, "الشركةالمنفذة": "اولاد حجازي", "GlobalID": "{1842D95D-7B87-4AC1-B67A-98E589F6F097}", "القطاع": "القطاع الاول", "Fault_statement": null}, "geometry": {"type": "MultiLineString", "coordinates": [[[31.567995552123747, 30.27515795264223], [31.568213859525414, 30.27517595882033]]]}}, {"type": "Feature", "properties": {"line_degree": 2.0, "manufacturing_material": 1.0, "diameter": "200 مم", "execution_position": 1.0, "shape_Length": 4.803491300777194, "Depth": 1.8000000000000114, "GL": 168.56, "IL": 166.76, "الشركةالمنفذة": "اولاد حجازي", "GlobalID": "{5B92AEAF-A795-48B8-BD43-1A58B9A865A6}", "القطاع": "القطاع الاول", "Fault_statement": null}, "geometry": {"type": "MultiLineString", "coordinates": [[[31.567421667533125, 30.275084905398554], [31.567452423125857, 30.27505077611711]]]}}, {"type": "Feature", "properties": {"line_degree": 2.0, "manufacturing_material": 1.0, "diameter": "200 مم", "execution_position": 1.0, "shape_Length": 19.199765578170446, "Depth": 1.8000000000000114, "GL": 168.56, "IL": 166.76, "الشركةالمنفذة": "اولاد حجازي", "GlobalID": "{E5863F6A-B785-4B36-849D-5251193A4215}", "القطاع": "القطاع الاول", "Fault_statement": null}, "geometry": {"type": "MultiLineString", "coordinates": [[[31.567444936724556, 30.274877710048717], [31.567452423125857, 30.27505077611711]]]}}, {"type": "Feature", "properties": {"line_degree": 2.0, "manufacturing_material": 1.0, "diameter": "200 مم", "execution_position": 1.0, "shape_Length": 25.200529298886995, "Depth": 1.8000000000000114, "GL": 167.68, "IL": 165.88, "الشركةالمنفذة": "اولاد حجازي", "GlobalID": "{E25EB62F-F415-4A60-A978-58F2E5BE90A8}", "القطاع": "القطاع الاول", "Fault_statement": null}, "geometry": {"type": "MultiLineString", "coordinates": [[[31.56850228071497, 30.27387161913966], [31.568557826968163, 30.273649473902527]]]}}, {"type": "Feature", "properties": {"line_degree": 2.0, "manufacturing_material": 1.0, "diameter": "200 مم", "execution_position": 1.0, "shape_Length": 7.409306248026564, "Depth": 2.180000000000007, "GL": 167.68, "IL": 165.5, "الشركةالمنفذة": "اولاد حجازي", "GlobalID": "{3CE02130-99BA-4A4F-851C-4E8EB90A2D54}", "القطاع": "القطاع الاول", "Fault_statement": null}, "geometry": {"type": "MultiLineString", "coordinates": [[[31.567687407415992, 30.273809078103607], [31.56761072191872, 30.27381512178074]]]}}, {"type": "Feature", "properties": {"line_degree": 2.0, "manufacturing_material": 1.0, "diameter": "200 مم", "execution_position": 1.0, "shape_Length": 25.557003682033717, "Depth": 1.25, "GL": 167.7, "IL": 166.45, "الشركةالمنفذة": "اولاد حجازي", "GlobalID": "{02C68DA3-C9BA-4C35-900D-545E4FE9B3E7}", "القطاع": "القطاع الاول", "Fault_statement": null}, "geometry": {"type": "MultiLineString", "coordinates": [[[31.566498167926312, 30.275384401998995], [31.56664927905697, 30.27557398820769]]]}}, {"type": "Feature", "properties": {"line_degree": 2.0, "manufacturing_material": 1.0, "diameter": "200 مم", "execution_position": 1.0, "shape_Length": 7.624228537375342, "Depth": 2.180000000000007, "GL": 167.68, "IL": 165.5, "الشركةالمنفذة": "اولاد حجازي", "GlobalID": "{0A7B1BCC-38B6-4EEE-93D6-D1BC8375E290}", "القطاع": "القطاع الاول", "Fault_statement": null}, "geometry": {"type": "MultiLineString", "coordinates": [[[31.567273733576187, 30.274041352872395], [31.567344983564205, 30.274071439893426]]]}}, {"type": "Feature", "properties": {"line_degree": 2.0, "manufacturing_material": 1.0, "diameter": "200 مم", "execution_position": 1.0, "shape_Length": 9.254463020687579, "Depth": 2.5, "GL": 169.9, "IL": 167.4, "الشركةالمنفذة": "اولاد حجازي", "GlobalID": "{D3A9D39C-E1C0-4A5F-A96F-E8EDB708489E}", "القطاع": "القطاع الاول", "Fault_statement": null}, "geometry": {"type": "MultiLineString", "coordinates": [[[31.565853417651965, 30.276215425430053], [31.56594268466019, 30.27618435089777]]]}}, {"type": "Feature", "properties": {"line_degree": 2.0, "manufacturing_material": 1.0, "diameter": "200 مم", "execution_position": 1.0, "shape_Length": 14.173907932235704, "Depth": 1.799999999999983, "GL": 170.2, "IL": 168.4, "الشركةالمنفذة": "اولاد حجازي", "GlobalID": "{358D6A26-79F7-4903-AD8A-2DDD5FD7BCC8}", "القطاع": "القطاع الاول", "Fault_statement": null}, "geometry": {"type": "MultiLineString", "coordinates": [[[31.564314988789896, 30.275486222080055], [31.56418539713719, 30.27554700730756]]]}}, {"type": "Feature", "properties": {"line_degree": 2.0, "manufacturing_material": 1.0, "diameter": "200 مم", "execution_position": 1.0, "shape_Length": 8.727591916897603, "Depth": 1.5, "GL": 169.78, "IL": 168.28, "الشركةالمنفذة": "اولاد حجازي", "GlobalID": "{AA51EF15-1A6B-4098-A4F6-934C8227BF7D}", "القطاع": "القطاع الاول", "Fault_statement": null}, "geometry": {"type": "MultiLineString", "coordinates": [[[31.564755797669044, 30.27506069604096], [31.564775522356378, 30.27498385442495]]]}}, {"type": "Feature", "properties": {"line_degree": 2.0, "manufacturing_material": 1.0, "diameter": "200 مم", "execution_position": 1.0, "shape_Length": 4.388203921020454, "Depth": 1.5, "GL": 169.78, "IL": 168.28, "الشركةالمنفذة": "اولاد حجازي", "GlobalID": "{430B2FCA-58BC-43D9-8AD6-6137BE27BE96}", "القطاع": "القطاع الاول", "Fault_statement": null}, "geometry": {"type": "MultiLineString", "coordinates": [[[31.564623385976393, 30.275184712645853], [31.56459609319269, 30.275153000654793]]]}}, {"type": "Feature", "properties": {"line_degree": 2.0, "manufacturing_material": 1.0, "diameter": "200 مم", "execution_position": 1.0, "shape_Length": 13.518048959958545, "Depth": 1.5, "GL": 169.78, "IL": 168.28, "الشركةالمنفذة": "اولاد حجازي", "GlobalID": "{BBB81433-0D60-4B56-B8F4-F76E65F82E8B}", "القطاع": "القطاع الاول", "Fault_statement": null}, "geometry": {"type": "MultiLineString", "coordinates": [[[31.56494362498696, 30.274819805481627], [31.56488525251511, 30.274930718708692]]]}}, {"type": "Feature", "properties": {"line_degree": 2.0, "manufacturing_material": 1.0, "diameter": "200 مم", "execution_position": 1.0, "shape_Length": 34.090132958697254, "Depth": 1.509999999999991, "GL": 170.2, "IL": 168.69, "الشركةالمنفذة": "اولاد حجازي", "GlobalID": "{7C2F5CBD-5352-4D33-B8B6-2E48969AF2C4}", "القطاع": "القطاع الاول", "Fault_statement": null}, "geometry": {"type": "MultiLineString", "coordinates": [[[31.564901328301733, 30.27610197242943], [31.56505247485568, 30.275823856370394]]]}}, {"type": "Feature", "properties": {"line_degree": 2.0, "manufacturing_material": 1.0, "diameter": "200 مم", "execution_position": 1.0, "shape_Length": 12.457851495028482, "Depth": 1.4000000000000057, "GL": 168.9, "IL": 167.5, "الشركةالمنفذة": "اولاد حجازي", "GlobalID": "{59E13B14-95B3-4B0F-A53E-D8F3427DDE0C}", "القطاع": "القطاع الاول", "Fault_statement": null}, "geometry": {"type": "MultiLineString", "coordinates": [[[31.5635814332795, 30.274912700378295], [31.563516776396526, 30.27501005794734]]]}}, {"type": "Feature", "properties": {"line_degree": 2.0, "manufacturing_material": 1.0, "diameter": "200 مم", "execution_position": 1.0, "shape_Length": 7.349165982564131, "Depth": 1.0999999999999943, "GL": 168.54, "IL": 167.44, "الشركةالمنفذة": "اولاد حجازي", "GlobalID": "{6CD36412-7887-4D1D-9781-2B29E7E06AD2}", "القطاع": "القطاع الاول", "Fault_statement": null}, "geometry": {"type": "MultiLineString", "coordinates": [[[31.56303595841565, 30.27432793764936], [31.563109215358253, 30.274309185338648]]]}}, {"type": "Feature", "properties": {"line_degree": 2.0, "manufacturing_material": 1.0, "diameter": "200 مم", "execution_position": 1.0, "shape_Length": 22.82013270767639, "Depth": 1.0999999999999943, "GL": 168.54, "IL": 167.44, "الشركةالمنفذة": "اولاد حجازي", "GlobalID": "{EE29B548-C9CA-4881-BCBD-54160FB8FC47}", "القطاع": "القطاع الاول", "Fault_statement": null}, "geometry": {"type": "MultiLineString", "coordinates": [[[31.5630221673258, 30.274677338463576], [31.562868811519227, 30.274834356995463]]]}}, {"type": "Feature", "properties": {"line_degree": 2.0, "manufacturing_material": 1.0, "diameter": "200 مم", "execution_position": 1.0, "shape_Length": 13.156876793014462, "Depth": 1.0999999999999943, "GL": 168.54, "IL": 167.44, "الشركةالمنفذة": "اولاد حجازي", "GlobalID": "{C7F9B81D-8095-40A8-BBFE-2E9D17A485B4}", "القطاع": "القطاع الاول", "Fault_statement": null}, "geometry": {"type": "MultiLineString", "coordinates": [[[31.562913601009477, 30.274392414198523], [31.562861339118193, 30.274501990550537], [31.56286130215259, 30.274502069186983]]]}}, {"type": "Feature", "properties": {"line_degree": 2.0, "manufacturing_material": 1.0, "diameter": "200 مم", "execution_position": 1.0, "shape_Length": 6.9806447640359535, "Depth": 1.0999999999999943, "GL": 168.54, "IL": 167.44, "الشركةالمنفذة": "اولاد حجازي", "GlobalID": "{F1E55AD5-EB0F-4FFD-B36E-EB79481CD9FC}", "القطاع": "القطاع الاول", "Fault_statement": null}, "geometry": {"type": "MultiLineString", "coordinates": [[[31.56305037883424, 30.274266226473024], [31.56303595841565, 30.27432793764936]]]}}, {"type": "Feature", "properties": {"line_degree": 2.0, "manufacturing_material": 1.0, "diameter": "200 مم", "execution_position": 1.0, "shape_Length": 13.71542082842458, "Depth": 1.5, "GL": 169.78, "IL": 168.28, "الشركةالمنفذة": "اولاد حجازي", "GlobalID": "{EFFA2F57-33E1-4B65-BD1E-D85A3E8E5997}", "القطاع": "القطاع الاول", "Fault_statement": null}, "geometry": {"type": "MultiLineString", "coordinates": [[[31.564819819053916, 30.274881113947927], [31.56494362498696, 30.274819805481627]]]}}, {"type": "Feature", "properties": {"line_degree": 2.0, "manufacturing_material": 1.0, "diameter": "200 مم", "execution_position": 1.0, "shape_Length": 3.8626726357460655, "Depth": 1.5, "GL": 169.78, "IL": 168.28, "الشركةالمنفذة": "اولاد حجازي", "GlobalID": "{FC3AF2E0-6875-4BBF-9F70-C46A532929B5}", "القطاع": "القطاع الاول", "Fault_statement": null}, "geometry": {"type": "MultiLineString", "coordinates": [[[31.564559601335155, 30.27513848151637], [31.56459609319269, 30.275153000654793]]]}}, {"type": "Feature", "properties": {"line_degree": 2.0, "manufacturing_material": 1.0, "diameter": "200 مم", "execution_position": 1.0, "shape_Length": 25.788106445302656, "Depth": 1.5, "GL": 169.78, "IL": 168.28, "الشركةالمنفذة": "اولاد حجازي", "GlobalID": "{C18128AF-C502-4A45-9228-E41135818C45}", "القطاع": "القطاع الاول", "Fault_statement": null}, "geometry": {"type": "MultiLineString", "coordinates": [[[31.56436508971382, 30.275374421916126], [31.56418539713719, 30.27554700730756]]]}}, {"type": "Feature", "properties": {"line_degree": 2.0, "manufacturing_material": 1.0, "diameter": "200 مم", "execution_position": 1.0, "shape_Length": 25.41097649527495, "Depth": 1.4000000000000057, "GL": 168.9, "IL": 167.5, "الشركةالمنفذة": "اولاد حجازي", "GlobalID": "{2E15F98C-C54D-4A3B-A7FF-18BF6E46152B}", "القطاع": "القطاع الاول", "Fault_statement": null}, "geometry": {"type": "MultiLineString", "coordinates": [[[31.563703792946555, 30.274848221394546], [31.563516776396526, 30.27501005794734]]]}}, {"type": "Feature", "properties": {"line_degree": 2.0, "manufacturing_material": 1.0, "diameter": "200 مم", "execution_position": 1.0, "shape_Length": 22.844099549759736, "Depth": 1.5, "GL": 167.75, "IL": 166.25, "الشركةالمنفذة": "اولاد حجازي", "GlobalID": "{0BFDD2F3-FBF4-478E-B7EE-370F9DBA8863}", "القطاع": "القطاع الاول", "Fault_statement": null}, "geometry": {"type": "MultiLineString", "coordinates": [[[31.562388466322602, 30.273563585608688], [31.562391274424666, 30.273585134214482], [31.562415145675043, 30.273768341547935]]]}}, {"type": "Feature", "properties": {"line_degree": 2.0, "manufacturing_material": 1.0, "diameter": "200 مم", "execution_position": 1.0, "shape_Length": 25.670211267425753, "Depth": 1.0999999999999943, "GL": 168.54, "IL": 167.44, "الشركةالمنفذة": "اولاد حجازي", "GlobalID": "{8FAF5326-3827-4495-9AD8-EBA14B175B59}", "القطاع": "القطاع الاول", "Fault_statement": null}, "geometry": {"type": "MultiLineString", "coordinates": [[[31.56303595841565, 30.27432793764936], [31.562861339118193, 30.274501990550537], [31.56286076455272, 30.274502564010156]]]}}, {"type": "Feature", "properties": {"line_degree": 2.0, "manufacturing_material": 1.0, "diameter": "200 مم", "execution_position": 1.0, "shape_Length": 17.206360293447574, "Depth": 1.4000000000000057, "GL": 166.49, "IL": 165.09, "الشركةالمنفذة": "اولاد حجازي", "GlobalID": "{B91FE601-D409-488C-8F4D-6D5040496624}", "القطاع": "القطاع الاول", "Fault_statement": null}, "geometry": {"type": "MultiLineString", "coordinates": [[[31.56286135587041, 30.273340007685125], [31.562759467910404, 30.273249616362673], [31.562736304363504, 30.273229066175393]]]}}, {"type": "Feature", "properties": {"line_degree": 2.0, "manufacturing_material": 1.0, "diameter": "200 مم", "execution_position": 1.0, "shape_Length": 4.2528909792007505, "Depth": 2.0, "GL": 169.46, "IL": 167.46, "الشركةالمنفذة": "اولاد حجازي", "GlobalID": "{7A8B5EC7-5B4D-4035-AD91-B071A57AF5A2}", "القطاع": "القطاع الاول", "Fault_statement": null}, "geometry": {"type": "MultiLineString", "coordinates": [[[31.566509771703842, 30.27673805325021], [31.56655160698545, 30.276725675085366]]]}}, {"type": "Feature", "properties": {"line_degree": 2.0, "manufacturing_material": 1.0, "diameter": "200 مم", "execution_position": 1.0, "shape_Length": 24.24123126475982, "Depth": 2.5, "GL": 166.65, "IL": 164.15, "الشركةالمنفذة": "اولاد حجازي", "GlobalID": "{B00C1F70-A0E5-402D-8C4F-32882C22108F}", "القطاع": "القطاع الاول", "Fault_statement": null}, "geometry": {"type": "MultiLineString", "coordinates": [[[31.566601033124247, 30.27250923938347], [31.566411295387894, 30.2726530852158]]]}}, {"type": "Feature", "properties": {"line_degree": 2.0, "manufacturing_material": 1.0, "diameter": "200 مم", "execution_position": 1.0, "shape_Length": 4.952519470844045, "Depth": 2.5, "GL": 166.65, "IL": 164.15, "الشركةالمنفذة": "اولاد حجازي", "GlobalID": "{41E1A41F-F73C-41C0-B2C8-AB3D95E71888}", "القطاع": "القطاع الاول", "Fault_statement": null}, "geometry": {"type": "MultiLineString", "coordinates": [[[31.566098798542093, 30.272847287819566], [31.566099411991257, 30.27289195797342]]]}}, {"type": "Feature", "properties": {"line_degree": null, "manufacturing_material": null, "diameter": "200 مم", "execution_position": null, "shape_Length": 5.1121690600713015, "Depth": 2.5, "GL": 166.65, "IL": 164.15, "الشركةالمنفذة": "اولاد حجازي", "GlobalID": "{15619DB7-C35D-4503-9E22-4ADB9B0E52CB}", "القطاع": "القطاع الاول", "Fault_statement": null}, "geometry": {"type": "MultiLineString", "coordinates": [[[31.566153083363726, 30.27290072326273], [31.56610087143914, 30.272892198833386]]]}}, {"type": "Feature", "properties": {"line_degree": 2.0, "manufacturing_material": 1.0, "diameter": "200 مم", "execution_position": 1.0, "shape_Length": 4.9657877598098485, "Depth": 2.069999999999993, "GL": 164.87, "IL": 162.8, "الشركةالمنفذة": "اولاد حجازي", "GlobalID": "{8EB18172-6DE5-4D92-9069-2D4164B6C215}", "القطاع": "القطاع الاول", "Fault_statement": null}, "geometry": {"type": "MultiLineString", "coordinates": [[[31.565561752941093, 30.272318447427246], [31.565517167058793, 30.27229589196094]]]}}, {"type": "Feature", "properties": {"line_degree": 2.0, "manufacturing_material": 1.0, "diameter": "200 مم", "execution_position": 1.0, "shape_Length": 4.4591733510709135, "Depth": 2.069999999999993, "GL": 164.87, "IL": 162.8, "الشركةالمنفذة": "اولاد حجازي", "GlobalID": "{63B4B739-EA09-48F7-BB09-A99847CB8F67}", "القطاع": "القطاع الاول", "Fault_statement": null}, "geometry": {"type": "MultiLineString", "coordinates": [[[31.565503349845216, 30.272257498324944], [31.565517167058793, 30.27229589196094]]]}}, {"type": "Feature", "properties": {"line_degree": 2.0, "manufacturing_material": 1.0, "diameter": "200 مم", "execution_position": 1.0, "shape_Length": 23.833483391314918, "Depth": 1.5999999999999943, "GL": 164.6, "IL": 163.0, "الشركةالمنفذة": "اولاد حجازي", "GlobalID": "{C3275DDD-EF89-462A-9CEB-B8DF35AEBC16}", "القطاع": "القطاع الاول", "Fault_statement": null}, "geometry": {"type": "MultiLineString", "coordinates": [[[31.566007641458583, 30.27192493401254], [31.565822025302893, 30.272067278253378]]]}}, {"type": "Feature", "properties": {"line_degree": 2.0, "manufacturing_material": 1.0, "diameter": "200 مم", "execution_position": 1.0, "shape_Length": 37.31733613723433, "Depth": 2.4000000000000057, "GL": 166.65, "IL": 164.25, "الشركةالمنفذة": "اولاد حجازي", "GlobalID": "{27358D4A-14FD-4611-95E0-2745E4CAD78E}", "القطاع": "القطاع الاول", "Fault_statement": null}, "geometry": {"type": "MultiLineString", "coordinates": [[[31.566194199215357, 30.271834559394698], [31.566384391245283, 30.27154120539048]]]}}, {"type": "Feature", "properties": {"line_degree": 2.0, "manufacturing_material": 1.0, "diameter": "200 مم", "execution_position": 1.0, "shape_Length": 16.31726805524641, "Depth": 2.069999999999993, "GL": 164.87, "IL": 162.8, "الشركةالمنفذة": "اولاد حجازي", "GlobalID": "{68876C26-D63D-4038-8FE3-BD8C54F445FB}", "القطاع": "القطاع الاول", "Fault_statement": null}, "geometry": {"type": "MultiLineString", "coordinates": [[[31.56497350536469, 30.271972388151305], [31.56484097843022, 30.27206421335828]]]}}, {"type": "Feature", "properties": {"line_degree": 2.0, "manufacturing_material": 1.0, "diameter": "200 مم", "execution_position": 1.0, "shape_Length": 35.47808373222347, "Depth": 2.0999999999999943, "GL": 164.2, "IL": 162.1, "الشركةالمنفذة": "اولاد حجازي", "GlobalID": "{BB998C8E-CC6D-4ABE-B3DE-D4485DB0BFBB}", "القطاع": "القطاع الاول", "Fault_statement": null}, "geometry": {"type": "MultiLineString", "coordinates": [[[31.56560081197568, 30.271250252046766], [31.565267777490142, 30.27111294455286]]]}}, {"type": "Feature", "properties": {"line_degree": 2.0, "manufacturing_material": 1.0, "diameter": "200 مم", "execution_position": 1.0, "shape_Length": 31.954740749193455, "Depth": 2.0999999999999943, "GL": 164.2, "IL": 162.1, "الشركةالمنفذة": "اولاد حجازي", "GlobalID": "{AA379527-5AE6-4CD1-8C62-957F6364A6A2}", "القطاع": "القطاع الاول", "Fault_statement": null}, "geometry": {"type": "MultiLineString", "coordinates": [[[31.565115206286386, 30.271621790079582], [31.56488399666909, 30.27141488853163]]]}}, {"type": "Feature", "properties": {"line_degree": 2.0, "manufacturing_material": 1.0, "diameter": "200 مم", "execution_position": 1.0, "shape_Length": 16.834284306547275, "Depth": 2.0, "GL": 165.35, "IL": 163.35, "الشركةالمنفذة": "اولاد حجازي", "GlobalID": "{2984615A-EB82-4590-BCFB-33B08C8BA9AE}", "القطاع": "القطاع الاول", "Fault_statement": null}, "geometry": {"type": "MultiLineString", "coordinates": [[[31.564157047587056, 30.272193474045622], [31.56401664626617, 30.272102879517675]]]}}, {"type": "Feature", "properties": {"line_degree": 2.0, "manufacturing_material": 1.0, "diameter": "200 مم", "execution_position": 1.0, "shape_Length": 5.587562307965873, "Depth": 2.069999999999993, "GL": 164.87, "IL": 162.8, "الشركةالمنفذة": "اولاد حجازي", "GlobalID": "{46CF7C87-C5DB-4702-A513-FD285D11C5E9}", "القطاع": "القطاع الاول", "Fault_statement": null}, "geometry": {"type": "MultiLineString", "coordinates": [[[31.564711786388887, 30.272171894628645], [31.564728349503078, 30.272152562869763], [31.56474643843662, 30.27213145112028]]]}}, {"type": "Feature", "properties": {"line_degree": 2.0, "manufacturing_material": 1.0, "diameter": "200 مم", "execution_position": 1.0, "shape_Length": 20.163611519702286, "Depth": 2.0, "GL": 165.35, "IL": 163.35, "الشركةالمنفذة": "اولاد حجازي", "GlobalID": "{2DB89C20-11DF-4D85-B55A-39568D22C234}", "القطاع": "القطاع الاول", "Fault_statement": null}, "geometry": {"type": "MultiLineString", "coordinates": [[[31.56384747851491, 30.272676161163925], [31.5638723063773, 30.272495559980932]]]}}, {"type": "Feature", "properties": {"line_degree": 2.0, "manufacturing_material": 1.0, "diameter": "200 مم", "execution_position": 1.0, "shape_Length": 27.403688699421256, "Depth": 1.5900000000000034, "GL": 165.3, "IL": 163.71, "الشركةالمنفذة": "اولاد حجازي", "GlobalID": "{0991E41F-2708-4DEF-BF01-01949FF483C3}", "القطاع": "القطاع الاول", "Fault_statement": null}, "geometry": {"type": "MultiLineString", "coordinates": [[[31.566150829400186, 30.273346356892013], [31.566150733573718, 30.273346500730618], [31.56600829737278, 30.27356036133451]]]}}, {"type": "Feature", "properties": {"line_degree": 2.0, "manufacturing_material": 1.0, "diameter": "200 مم", "execution_position": 1.0, "shape_Length": 23.00004861232932, "Depth": 1.4399999999999977, "GL": 165.3, "IL": 163.86, "الشركةالمنفذة": "اولاد حجازي", "GlobalID": "{08ECE1AD-FE71-41D5-84E4-F27A51A0259A}", "القطاع": "القطاع الاول", "Fault_statement": null}, "geometry": {"type": "MultiLineString", "coordinates": [[[31.565829847212154, 30.273698389941906], [31.56565176860513, 30.27383678113029]]]}}, {"type": "Feature", "properties": {"line_degree": 2.0, "manufacturing_material": 1.0, "diameter": "200 مم", "execution_position": 1.0, "shape_Length": 4.3530311283545355, "Depth": 2.0, "GL": 168.81, "IL": 166.81, "الشركةالمنفذة": "اولاد حجازي", "GlobalID": "{D9D12677-F10D-4E8F-9AA8-15F0894E303D}", "القطاع": "القطاع الاول", "Fault_statement": null}, "geometry": {"type": "MultiLineString", "coordinates": [[[31.568168728165347, 30.27436930931192], [31.568197461608477, 30.274399637794204]]]}}, {"type": "Feature", "properties": {"line_degree": 2.0, "manufacturing_material": 1.0, "diameter": "200 مم", "execution_position": 1.0, "shape_Length": 6.392017152854244, "Depth": 2.0, "GL": 168.81, "IL": 166.81, "الشركةالمنفذة": "اولاد حجازي", "GlobalID": "{367194FA-9BE7-467D-9C72-66FCCA8FEB92}", "القطاع": "القطاع الاول", "Fault_statement": null}, "geometry": {"type": "MultiLineString", "coordinates": [[[31.56821618485843, 30.274344317351613], [31.568197461608477, 30.274399637794204]]]}}, {"type": "Feature", "properties": {"line_degree": 2.0, "manufacturing_material": 1.0, "diameter": "200 مم", "execution_position": 1.0, "shape_Length": 22.999513178924154, "Depth": 1.5400000000000205, "GL": 165.3, "IL": 163.76, "الشركةالمنفذة": "اولاد حجازي", "GlobalID": "{627C96EB-98B3-4032-A098-7DC4A7F7B051}", "القطاع": "القطاع الاول", "Fault_statement": null}, "geometry": {"type": "MultiLineString", "coordinates": [[[31.566008380997047, 30.27356044576566], [31.565829888998447, 30.273698427647446]]]}}, {"type": "Feature", "properties": {"line_degree": null, "manufacturing_material": null, "diameter": "200 مم", "execution_position": null, "shape_Length": 5.015003908976292, "Depth": 1.8799999999999955, "GL": 164.95, "IL": 163.07, "الشركةالمنفذة": "اولاد حجازي", "GlobalID": "{BD167A52-0508-4866-ABE2-E7BF47A9E44B}", "القطاع": "القطاع الاول", "Fault_statement": null}, "geometry": {"type": "MultiLineString", "coordinates": [[[31.566140584796184, 30.272862904021558], [31.56610087143914, 30.272892198833386]]]}}, {"type": "Feature", "properties": {"line_degree": null, "manufacturing_material": null, "diameter": "200 مم", "execution_position": null, "shape_Length": 0.1429505160025474, "Depth": 2.5, "GL": 166.65, "IL": 164.15, "الشركةالمنفذة": "اولاد حجازي", "GlobalID": "{2B98BCF2-AA08-4875-9AC0-33F9F8F0223B}", "القطاع": "القطاع الاول", "Fault_statement": null}, "geometry": {"type": "MultiLineString", "coordinates": [[[31.56610087143914, 30.272892198833386], [31.566099411991257, 30.27289195797342]]]}}, {"type": "Feature", "properties": {"line_degree": null, "manufacturing_material": null, "diameter": "500 مم", "execution_position": null, "shape_Length": 1.1528967899840077, "Depth": 1.6399999999999864, "GL": 168.25, "IL": 166.61, "الشركةالمنفذة": "اولاد حجازي", "GlobalID": "{CE93469B-E516-42C6-80C5-0BEF48E57F8E}", "القطاع": "القطاع الاول", "Fault_statement": null}, "geometry": {"type": "MultiLineString", "coordinates": [[[31.566890107990215, 30.276111176570257], [31.566881235013344, 30.27610418801276]]]}}]}