{"type": "FeatureCollection", "features": [{"type": "Feature", "properties": {"ID": "B1-1", "Telecom_Type": "كابينة", "Number_OF_Boxs": 26.0, "Sectors": "القطاع الرابع عشر", "Implementing_company": "المصرية للأتصالات", "Easting": "031° 30' 46.68\" E", "Northing": "30° 16' 14.51\" N", "Google_Map": "https://www.google.com/maps/search/?api=1&query=031° 30' 46.68\" E,30° 16' 14.51\" N", "Shape_Length": 32.12568154117529, "Shape_Area": 71.02199097417024}, "geometry": {"type": "MultiPolygon", "coordinates": [[[[31.512963116445658, 30.27073530713542, 0.0], [31.513023407752645, 30.27072114643207, 0.0], [31.5130021792236, 30.27065305089051, 0.0], [31.51294188691567, 30.270667211587828, 0.0], [31.512939176520682, 30.27066793723101, 0.0], [31.51293653104445, 30.27066882521614, 0.0], [31.512933963375502, 30.27066987121754, 0.0], [31.512931486023003, 30.270671070138828, 0.0], [31.512929111056277, 30.270672416138876, 0.0], [31.5129268500466, 30.270673902660516, 0.0], [31.512924714008886, 30.270675522461154, 0.0], [31.512922713349468, 30.27067726764965, 0.0], [31.51292085781617, 30.27067912972349, 0.0], [31.51291915644802, 30.270681099610574, 0.0], [31.512917617534608, 30.270683167714022, 0.0], [31.512916248573234, 30.270685323958308, 0.0], [31.512915056233027, 30.270687557838592, 0.0], [31.512914046323495, 30.270689858471098, 0.0], [31.512913223764212, 30.270692214647863, 0.0], [31.51291259256311, 30.27069461488942, 0.0], [31.512912155795362, 30.27069704750251, 0.0], [31.512911915588557, 30.270699500635182, 0.0], [31.512911873113023, 30.270701962336574, 0.0], [31.512912028575993, 30.27070442061301, 0.0], [31.512912381219692, 30.270706863488076, 0.0], [31.512912929326337, 30.27070927906065, 0.0], [31.512913670225785, 30.270711655562007, 0.0], [31.512914600308044, 30.270713981414026, 0.0], [31.512915715042002, 30.27071624528572, 0.0], [31.512917008996872, 30.270718436147174, 0.0], [31.512918475868783, 30.27072054332519, 0.0], [31.51292010851102, 30.270722556553896, 0.0], [31.5129218989697, 30.270724466024344, 0.0], [31.51292383852173, 30.27072626243442, 0.0], [31.512925917717794, 30.27072793703189, 0.0], [31.51292812642845, 30.270729481658627, 0.0], [31.512930453892896, 30.270730888788854, 0.0], [31.512932888771875, 30.270732151567316, 0.0], [31.512935419203266, 30.270733263841983, 0.0], [31.512938032858596, 30.270734220194107, 0.0], [31.512940717004497, 30.270735015964082, 0.0], [31.512943458564482, 30.270735647275146, 0.0], [31.51294624418129, 30.27073611105143, 0.0], [31.512949060283837, 30.270736405034025, 0.0], [31.512951893152675, 30.27073652778999, 0.0], [31.51295472898623, 30.270736478721606, 0.0], [31.512957553968093, 30.27073625806799, 0.0], [31.512960354335526, 30.27073586690415, 0.0], [31.512963116445658, 30.27073530713542, 0.0]]]]}}, {"type": "Feature", "properties": {"ID": "كبينة رقم 1", "Telecom_Type": "كابينة", "Number_OF_Boxs": null, "Sectors": "القطاع الرابع عشر", "Implementing_company": "المصرية للأتصالات", "Easting": "031° 30' 43.1\" E", "Northing": "30° 16' 14.55\" N", "Google_Map": "https://www.google.com/maps/search/?api=1&query=031° 30' 43.1\" E,30° 16' 14.55\" N", "Shape_Length": 32.125578645353606, "Shape_Area": 71.02147473282433}, "geometry": {"type": "MultiPolygon", "coordinates": [[[[31.51196939191651, 30.270744810156096, 0.0], [31.5120293316901, 30.270729564313918, 0.0], [31.51200647638967, 30.270661866444684, 0.0], [31.51194653769257, 30.270677112272047, 0.0], [31.511943845261214, 30.270677886620984, 0.0], [31.511941221618514, 30.270678822105705, 0.0], [31.511938679547477, 30.270679914168372, 0.0], [31.51193623143212, 30.270681157488454, 0.0], [31.51193388919947, 30.27068254600926, 0.0], [31.511931664260633, 30.27068407296522, 0.0], [31.51192956745549, 30.270685730917965, 0.0], [31.51192760899934, 30.270687511789568, 0.0], [31.511925798433232, 30.270689406904165, 0.0], [31.511924144578664, 30.27069140702904, 0.0], [31.51192265549225, 30.270693502419327, 0.0], [31.511921338429477, 30.270695682867153, 0.0], [31.5119201998062, 30.270697937749077, 0.0], [31.511919245170443, 30.270700256079987, 0.0], [31.511918479172305, 30.270702626564827, 0.0], [31.511917905544436, 30.270705037655347, 0.0], [31.511917527080655, 30.270707477604557, 0.0], [31.511917345625683, 30.270709934525613, 0.0], [31.511917362062796, 30.270712396448296, 0.0], [31.511917576312225, 30.270714851378788, 0.0], [31.511917987330527, 30.270717287356778, 0.0], [31.51191859311497, 30.270719692514504, 0.0], [31.511919390713967, 30.27072205513436, 0.0], [31.51192037624232, 30.270724363705625, 0.0], [31.51192154489817, 30.270726606981178, 0.0], [31.5119228909881, 30.270728774032595, 0.0], [31.511924407954353, 30.270730854301622, 0.0], [31.51192608840633, 30.270732837653934, 0.0], [31.511927924156545, 30.270734714426332, 0.0], [31.511929906262296, 30.270736475475555, 0.0], [31.51193202506649, 30.270738112222194, 0.0], [31.51193427024655, 30.2707396166921, 0.0], [31.511936630864046, 30.27074098155556, 0.0], [31.51193909541888, 30.27074220016324, 0.0], [31.511941651903584, 30.27074326657786, 0.0], [31.51194428786331, 30.27074417560447, 0.0], [31.51194699045569, 30.270744922813904, 0.0], [31.511949746514723, 30.27074550456625, 0.0], [31.511952542612274, 30.270745918026883, 0.0], [31.511955365126514, 30.27074616118198, 0.0], [31.511958200306754, 30.270746232846417, 0.0], [31.51196103433973, 30.27074613267111, 0.0], [31.51196385341838, 30.270745861144537, 0.0], [31.51196664380893, 30.270745419588785, 0.0], [31.51196939191651, 30.270744810156096, 0.0]]]]}}, {"type": "Feature", "properties": {"ID": "B1-1", "Telecom_Type": "كابينة", "Number_OF_Boxs": 26.0, "Sectors": "القطاع الرابع عشر", "Implementing_company": "المصرية للأتصالات", "Easting": "031° 30' 46.03\" E", "Northing": "30° 16' 14.71\" N", "Google_Map": "https://www.google.com/maps/search/?api=1&query=031° 30' 46.03\" E,30° 16' 14.71\" N", "Shape_Length": 32.12553998150161, "Shape_Area": 71.02129898711043}, "geometry": {"type": "MultiPolygon", "coordinates": [[[[31.51281291670548, 30.270781252996883, 0.0], [31.512815585419297, 30.27078041908321, 0.0], [31.51281818061445, 30.27077942561474, 0.0], [31.512820689647512, 30.270778277432008, 0.0], [31.51282310029465, 30.27077698012842, 0.0], [31.512825400811426, 30.270775540024253, 0.0], [31.512827579990006, 30.270773964136016, 0.0], [31.512829627213552, 30.27077226014085, 0.0], [31.512831532508333, 30.27077043634079, 0.0], [31.512833286591817, 30.270768501621014, 0.0], [31.512834880918035, 30.270766465407604, 0.0], [31.512836307720004, 30.270764337620427, 0.0], [31.51283756004639, 30.270762128625936, 0.0], [31.512838631795592, 30.270759849186415, 0.0], [31.512839517746784, 30.270757510406757, 0.0], [31.51284021358313, 30.27075512368159, 0.0], [31.51284071591507, 30.270752700638695, 0.0], [31.512841022295184, 30.2707502530827, 0.0], [31.51284113123028, 30.270747792938263, 0.0], [31.512841042190395, 30.270745332190636, 0.0], [31.512840755609115, 30.270742882828543, 0.0], [31.512840272882617, 30.270740456785017, 0.0], [31.51283959636262, 30.27073806587944, 0.0], [31.512838729344846, 30.27073572176029, 0.0], [31.512837676053934, 30.270733435847404, 0.0], [31.512836441621136, 30.27073121927801, 0.0], [31.512835032060508, 30.27072908285092, 0.0], [31.512833454239146, 30.27072703697448, 0.0], [31.51283171584422, 30.270725091616193, 0.0], [31.51282982534482, 30.270723256253426, 0.0], [31.512827791951832, 30.270721539828017, 0.0], [31.5128256255712, 30.270719950702208, 0.0], [31.51282333675763, 30.270718496617924, 0.0], [31.512820936661686, 30.27071718465962, 0.0], [31.512818436976705, 30.270716021218735, 0.0], [31.51281584988096, 30.27071501196353, 0.0], [31.51281318797843, 30.270714161811178, 0.0], [31.51281046423729, 30.270713474903314, 0.0], [31.51280769192794, 30.270712954586635, 0.0], [31.512804884556235, 30.270712603395882, 0.0], [31.512802055799725, 30.270712423042422, 0.0], [31.51279921943999, 30.27071241440441, 0.0], [31.51279638929518, 30.270712577524066, 0.0], [31.5127935791537, 30.270712911606743, 0.0], [31.51279080270605, 30.27071341502531, 0.0], [31.512788073478795, 30.270714085326222, 0.0], [31.512728603174732, 30.270730657493885, 0.0], [31.512753446365444, 30.270797825176086, 0.0], [31.51281291670548, 30.270781252996883, 0.0]]]]}}, {"type": "Feature", "properties": {"ID": "DH", "Telecom_Type": "غرفة اتصالات", "Number_OF_Boxs": null, "Sectors": "القطاع الرابع عشر", "Implementing_company": "المصرية للأتصالات", "Easting": "031° 30' 40.14\" E", "Northing": "30° 16' 16.19\" N", "Google_Map": "https://www.google.com/maps/search/?api=1&query=031° 30' 40.14\" E,30° 16' 16.19\" N", "Shape_Length": 34.012358219271604, "Shape_Area": 70.37702235377152}, "geometry": {"type": "MultiPolygon", "coordinates": [[[[31.511209812429758, 30.27118003574798, 0.0], [31.511185942861502, 30.271119287457214, 0.0], [31.511088658230467, 30.271148086468248, 0.0], [31.511112527746327, 30.271208834777102, 0.0], [31.511209812429758, 30.27118003574798, 0.0]]]]}}, {"type": "Feature", "properties": {"ID": "كبينة رقم 2", "Telecom_Type": "كابينة", "Number_OF_Boxs": null, "Sectors": "القطاع الرابع عشر", "Implementing_company": "المصرية للأتصالات", "Easting": "031° 30' 54.05\" E", "Northing": "30° 16' 16.98\" N", "Google_Map": "https://www.google.com/maps/search/?api=1&query=031° 30' 54.05\" E,30° 16' 16.98\" N", "Shape_Length": 32.12565419289753, "Shape_Area": 71.0217363504653}, "geometry": {"type": "MultiPolygon", "coordinates": [[[[31.515047079943248, 30.271409567735382, 0.0], [31.515069861957766, 30.27135908810275, 0.0], [31.51499418771652, 30.2713333566602, 0.0], [31.514971405673506, 30.27138383718229, 0.0], [31.514970463910217, 30.271386159479057, 0.0], [31.514969711073814, 30.27138853314058, 0.0], [31.514969150832886, 30.271390946602676, 0.0], [31.514968785915965, 30.271393388107057, 0.0], [31.514968618101122, 30.271395845759198, 0.0], [31.514968648206196, 30.271398307585063, 0.0], [31.514968876084144, 30.27140076159135, 0.0], [31.514969300625225, 30.27140319582244, 0.0], [31.514969919760976, 30.271405598418546, 0.0], [31.514970730474793, 30.271407957674846, 0.0], [31.514971728817375, 30.27141026209707, 0.0], [31.51497290992462, 30.271412500458304, 0.0], [31.514974268042497, 30.271414661853157, 0.0], [31.514975796553824, 30.27141673575196, 0.0], [31.514977488012697, 30.271418712050608, 0.0], [31.51497933417787, 30.271420581120747, 0.0], [31.51498132605507, 30.271422333856595, 0.0], [31.514983453940342, 30.27142396171894, 0.0], [31.51498570746638, 30.271425456776843, 0.0], [31.51498807565445, 30.27142681174641, 0.0], [31.514990546967258, 30.271428020026566, 0.0], [31.5149931093642, 30.271429075730744, 0.0], [31.51499575036194, 30.271429973715176, 0.0], [31.51499845709338, 30.271430709605685, 0.0], [31.515001216371893, 30.2714312798165, 0.0], [31.51500401475424, 30.27143168156961, 0.0], [31.515006838607327, 30.271431912908202, 0.0], [31.515009674173154, 30.271431972704526, 0.0], [31.51501250763712, 30.271431860667903, 0.0], [31.515015325195186, 30.271431577343716, 0.0], [31.515018113120085, 30.271431124112517, 0.0], [31.515020857829516, 30.271430503182597, 0.0], [31.51502354595139, 30.27142971757838, 0.0], [31.515026164389443, 30.271428771128125, 0.0], [31.515028700386875, 30.271427668442367, 0.0], [31.51503114158825, 30.271426414893273, 0.0], [31.515033476100673, 30.27142501658808, 0.0], [31.51503569255056, 30.27142348033929, 0.0], [31.515037780139295, 30.271421813631605, 0.0], [31.515039728696266, 30.271420024584707, 0.0], [31.515041528728535, 30.27141812191455, 0.0], [31.51504317146648, 30.27141611489126, 0.0], [31.51504464890654, 30.27141401329259, 0.0], [31.5150459538517, 30.2714118273572, 0.0], [31.515047079943248, 30.271409567735382, 0.0]]]]}}, {"type": "Feature", "properties": {"ID": "B1-2", "Telecom_Type": "كابينة", "Number_OF_Boxs": 24.0, "Sectors": "القطاع الرابع عشر", "Implementing_company": "المصرية للأتصالات", "Easting": "031° 30' 48.78\" E", "Northing": "30° 16' 18.52\" N", "Google_Map": "https://www.google.com/maps/search/?api=1&query=031° 30' 48.78\" E,30° 16' 18.52\" N", "Shape_Length": 32.12556320279133, "Shape_Area": 71.02149143143268}, "geometry": {"type": "MultiPolygon", "coordinates": [[[[31.513593145672917, 30.271810749821306, 0.0], [31.513594087486073, 30.271808427538033, 0.0], [31.513594840372914, 30.271806053887047, 0.0], [31.513595400665565, 30.27180364043294, 0.0], [31.51359576563432, 30.271801198933655, 0.0], [31.51359593350126, 30.271798741283785, 0.0], [31.513595903448756, 30.27179627945648, 0.0], [31.513595675622728, 30.271793825445855, 0.0], [31.513595251133783, 30.271791391207064, 0.0], [31.51359463204925, 30.271788988599862, 0.0], [31.513593821385665, 30.271786629329103, 0.0], [31.513592823092512, 30.271784324888838, 0.0], [31.513591642033436, 30.271782086506015, 0.0], [31.513590283962092, 30.271779925086083, 0.0], [31.513588755494883, 30.27177785115849, 0.0], [31.513587064078262, 30.271775874827707, 0.0], [31.513585217953096, 30.271774005721866, 0.0], [31.513583226112903, 30.271772252947386, 0.0], [31.51358109826188, 30.27177062504304, 0.0], [31.51357884476666, 30.271769129939855, 0.0], [31.513576476605557, 30.2717677749221, 0.0], [31.51357400531675, 30.271766566590674, 0.0], [31.513571442939252, 30.27176551083313, 0.0], [31.51356880195694, 30.271764612792218, 0.0], [31.513566095236275, 30.271763876843632, 0.0], [31.513563335964157, 30.27176330657248, 0.0], [31.513560537583178, 30.271762904757175, 0.0], [31.513557713726776, 30.271762673355482, 0.0], [31.51355487815228, 30.271762613494467, 0.0], [31.51355204467434, 30.2717627254658, 0.0], [31.51354922709701, 30.271763008723987, 0.0], [31.513546439147607, 30.27176346188945, 0.0], [31.513543694408163, 30.271764082753737, 0.0], [31.51354100625084, 30.271764868292333, 0.0], [31.513538387772005, 30.271765814678492, 0.0], [31.51353585172853, 30.271766917301306, 0.0], [31.51353341047565, 30.27176817078898, 0.0], [31.51353107590703, 30.271769569034735, 0.0], [31.513528859396033, 30.271771105226456, 0.0], [31.51352677174114, 30.271772771880123, 0.0], [31.51352482311344, 30.27177456087591, 0.0], [31.513523023006332, 30.27177646349799, 0.0], [31.513521380189342, 30.27177847047744, 0.0], [31.513519902666527, 30.27178057203602, 0.0], [31.513518597636082, 30.271782757935732, 0.0], [31.513517471455504, 30.271785017526646, 0.0], [31.513494688547443, 30.27183549689623, 0.0], [31.513570362798042, 30.271861229203473, 0.0], [31.513593145672917, 30.271810749821306, 0.0]]]]}}, {"type": "Feature", "properties": {"ID": "DH.4-A2", "Telecom_Type": "غرفة اتصالات", "Number_OF_Boxs": null, "Sectors": "القطاع الخامس عشر", "Implementing_company": "المصرية للأتصالات", "Easting": "031° 30' 18.48\" E", "Northing": "30° 16' 19.44\" N", "Google_Map": "https://www.google.com/maps/search/?api=1&query=031° 30' 18.48\" E,30° 16' 19.44\" N", "Shape_Length": 9.000055227725532, "Shape_Area": 5.062562128881862}, "geometry": {"type": "MultiPolygon", "coordinates": [[[[31.50514810516364, 30.272072428481636, 0.0], [31.505140805662972, 30.27205314645027, 0.0], [31.505118590906605, 30.272059483191004, 0.0], [31.505125891438066, 30.272078764317605, 0.0], [31.50514810516364, 30.272072428481636, 0.0]]]]}}, {"type": "Feature", "properties": {"ID": "كبينة رقم 3", "Telecom_Type": "كابينة", "Number_OF_Boxs": null, "Sectors": "القطاع الرابع عشر", "Implementing_company": "المصرية للأتصالات", "Easting": "031° 30' 26.71\" E", "Northing": "30° 16' 19.75\" N", "Google_Map": "https://www.google.com/maps/search/?api=1&query=031° 30' 26.71\" E,30° 16' 19.75\" N", "Shape_Length": 18.357630091919866, "Shape_Area": 23.191072471634378}, "geometry": {"type": "MultiPolygon", "coordinates": [[[[31.50744329427406, 30.272152754859142, 0.0], [31.507432679252634, 30.27212317628062, 0.0], [31.507388337943887, 30.27213516463637, 0.0], [31.507398952953427, 30.272164743218553, 0.0], [31.507399488692258, 30.27216607098941, 0.0], [31.507400129833556, 30.272167363088325, 0.0], [31.50740087325458, 30.272168613220455, 0.0], [31.507401715332634, 30.27216981529519, 0.0], [31.507402651965773, 30.272170963456205, 0.0], [31.50740367859067, 30.272172052109845, 0.0], [31.50740479020567, 30.27217307595202, 0.0], [31.50740598139512, 30.27217402999512, 0.0], [31.507407246355772, 30.27217490959064, 0.0], [31.507408578924828, 30.27217571045387, 0.0], [31.507409972610006, 30.27217642868281, 0.0], [31.507411420621636, 30.272177060778283, 0.0], [31.50741291590521, 30.272177603660722, 0.0], [31.507414451175546, 30.272178054685526, 0.0], [31.507416018953375, 30.27217841165523, 0.0], [31.507417611600452, 30.27217867283043, 0.0], [31.507419221357626, 30.272178836939222, 0.0], [31.50742084038242, 30.272178903181757, 0.0], [31.507422460786742, 30.272178871235603, 0.0], [31.50742407467665, 30.272178741255754, 0.0], [31.50742567418912, 30.27217851387617, 0.0], [31.507427251531695, 30.272178190204432, 0.0], [31.507428799019674, 30.272177771817184, 0.0], [31.50743030911376, 30.272177260752784, 0.0], [31.507431774457284, 30.27217665950142, 0.0], [31.507433187910745, 30.27217597099218, 0.0], [31.507434542588314, 30.272175198579045, 0.0], [31.5074358318903, 30.27217434602563, 0.0], [31.507437049534925, 30.272173417485234, 0.0], [31.50743818959012, 30.27217241748156, 0.0], [31.507439246501914, 30.2721713508869, 0.0], [31.50744021512065, 30.272170222896992, 0.0], [31.50744109072778, 30.27216903900752, 0.0], [31.507441869057416, 30.27216780498635, 0.0], [31.50744254631756, 30.272166526845545, 0.0], [31.507443119208528, 30.27216521081213, 0.0], [31.507443584939235, 30.272163863297262, 0.0], [31.507443941240933, 30.272162490865984, 0.0], [31.50744418637759, 30.27216110020519, 0.0], [31.50744431915536, 30.272159698089183, 0.0], [31.50744433892669, 30.272158291349612, 0.0], [31.507444245595774, 30.272156886839635, 0.0], [31.507444039616487, 30.272155491401524, 0.0], [31.507443721994008, 30.272154111834364, 0.0], [31.50744329427406, 30.272152754859142, 0.0]]]]}}, {"type": "Feature", "properties": {"ID": "5009", "Telecom_Type": "كابينة", "Number_OF_Boxs": null, "Sectors": "القطاع الثالث عشر", "Implementing_company": "المصرية للأتصالات", "Easting": "031° 31' 6.67\" E", "Northing": "30° 16' 20.34\" N", "Google_Map": "https://www.google.com/maps/search/?api=1&query=031° 31' 6.67\" E,30° 16' 20.34\" N", "Shape_Length": 31.253209899187524, "Shape_Area": 52.0170143094209}, "geometry": {"type": "MultiPolygon", "coordinates": [[[[31.518580778162868, 30.272314620336353, 0.0], [31.51847615974094, 30.272278882583663, 0.0], [31.518457860409097, 30.272319241242112, 0.0], [31.518562478867658, 30.272354979008778, 0.0], [31.518580778162868, 30.272314620336353, 0.0]]]]}}, {"type": "Feature", "properties": {"ID": "B1-3", "Telecom_Type": "كابينة", "Number_OF_Boxs": 29.0, "Sectors": "القطاع الرابع عشر", "Implementing_company": "المصرية للأتصالات", "Easting": "031° 30' 47.02\" E", "Northing": "30° 16' 20.44\" N", "Google_Map": "https://www.google.com/maps/search/?api=1&query=031° 30' 47.02\" E,30° 16' 20.44\" N", "Shape_Length": 32.12584122640287, "Shape_Area": 71.02269649749502}, "geometry": {"type": "MultiPolygon", "coordinates": [[[[31.51305901862065, 30.27238167940091, 0.0], [31.513118764005657, 30.272365866430036, 0.0], [31.513095058600502, 30.272298388593182, 0.0], [31.513035313252242, 30.272314201552955, 0.0], [31.51303263065644, 30.27231500139132, 0.0], [31.513030018874627, 30.27231596170496, 0.0], [31.513027490632705, 30.272317077815448, 0.0], [31.513025058246434, 30.27231834428468, 0.0], [31.513022733566498, 30.272319754942785, 0.0], [31.513020527918695, 30.272321302917653, 0.0], [31.51301845204863, 30.272322980667177, 0.0], [31.513016516069566, 30.272324780017765, 0.0], [31.513014729413463, 30.272326692203336, 0.0], [31.513013100784946, 30.272328707907615, 0.0], [31.513011638117945, 30.27233081731093, 0.0], [31.513010348538735, 30.27233301013597, 0.0], [31.513009238329992, 30.272335275699522, 0.0], [31.513008312900663, 30.272337602964555, 0.0], [31.51300757675905, 30.272339980592438, 0.0], [31.51300703349196, 30.272342396999978, 0.0], [31.513006685745573, 30.272344840414412, 0.0], [31.513006535214533, 30.272347298931987, 0.0], [31.51300658263203, 30.272349760575025, 0.0], [31.513006827767022, 30.27235221335052, 0.0], [31.51300726942547, 30.27235464530904, 0.0], [31.513007905455556, 30.27235704460221, 0.0], [31.513008732758575, 30.27235939954099, 0.0], [31.513009747304377, 30.272361698652634, 0.0], [31.513010944149602, 30.27236393073576, 0.0], [31.513012317463662, 30.272366084916342, 0.0], [31.513013860556356, 30.272368150699055, 0.0], [31.513015565908994, 30.27237011802001, 0.0], [31.513017425214382, 30.272371977294277, 0.0], [31.513019429413248, 30.27237371946379, 0.0], [31.5130215687422, 30.272375336041048, 0.0], [31.513023832778188, 30.272376819150235, 0.0], [31.513026210490825, 30.272378161565857, 0.0], [31.51302869029696, 30.272379356747386, 0.0], [31.513031260114527, 30.272380398872677, 0.0], [31.513033907424294, 30.272381282864362, 0.0], [31.513036619328172, 30.272382004415395, 0.0], [31.513039382614753, 30.27238256001114, 0.0], [31.513042183821288, 30.272382946944138, 0.0], [31.513045009300672, 30.272383163329557, 0.0], [31.51304784528717, 30.27238320811331, 0.0], [31.51305067796486, 30.272383081077155, 0.0], [31.5130534935324, 30.27238278283975, 0.0], [31.51305627827349, 30.27238231485413, 0.0], [31.51305901862065, 30.27238167940091, 0.0]]]]}}, {"type": "Feature", "properties": {"ID": "كبينة رقم 4", "Telecom_Type": "كابينة", "Number_OF_Boxs": null, "Sectors": "القطاع الرابع عشر", "Implementing_company": "المصرية للأتصالات", "Easting": "031° 30' 44.3\" E", "Northing": "30° 16' 20.63\" N", "Google_Map": "https://www.google.com/maps/search/?api=1&query=031° 30' 44.3\" E,30° 16' 20.63\" N", "Shape_Length": 32.12560478278344, "Shape_Area": 71.02154478146245}, "geometry": {"type": "MultiPolygon", "coordinates": [[[[31.512357772732063, 30.272425367110106, 0.0], [31.512339554992177, 30.27237351010287, 0.0], [31.512338633535755, 30.272371181665978, 0.0], [31.51233752719535, 30.272368914692684, 0.0], [31.5123362413605, 30.272366720227954, 0.0], [31.512334782295653, 30.27236460896308, 0.0], [31.51233315710954, 30.272362591183796, 0.0], [31.512331373720034, 30.27236067672052, 0.0], [31.512329440815773, 30.27235887490076, 0.0], [31.512327367813167, 30.272357194502725, 0.0], [31.512325164812502, 30.272355643712892, 0.0], [31.51232284254636, 30.27235423008708, 0.0], [31.512320412328602, 30.272352960512343, 0.0], [31.51231788599936, 30.272351841173627, 0.0], [31.51231527586639, 30.272350877524545, 0.0], [31.512312594646357, 30.272350074259982, 0.0], [31.512309855401863, 30.272349435293133, 0.0], [31.512307071478457, 30.27234896373732, 0.0], [31.512304256439236, 30.272348661889723, 0.0], [31.512301423998792, 30.27234853122075, 0.0], [31.512298587956888, 30.272348572367388, 0.0], [31.512295762130044, 30.27234878512922, 0.0], [31.512292960285794, 30.272349168469287, 0.0], [31.512290196074673, 30.27234972052024, 0.0], [31.51228748296361, 30.272350438592248, 0.0], [31.51228483417067, 30.27235131918729, 0.0], [31.5122822626007, 30.2723523580152, 0.0], [31.512279780782265, 30.27235355001445, 0.0], [31.512277400806173, 30.272354889377834, 0.0], [31.512275134268272, 30.272356369580184, 0.0], [31.512272992210484, 30.272357983409975, 0.0], [31.512270985068977, 30.27235972300485, 0.0], [31.512269122622566, 30.27236157988959, 0.0], [31.512267413944407, 30.2723635450173, 0.0], [31.51226586735969, 30.27236560881412, 0.0], [31.51226449040324, 30.27236776122562, 0.0], [31.51226328978342, 30.27236999176515, 0.0], [31.512262271349346, 30.272372289565485, 0.0], [31.51226144006296, 30.272374643432215, 0.0], [31.512260799974506, 30.272377041897318, 0.0], [31.512260354202063, 30.272379473275414, 0.0], [31.512260104917647, 30.27238192572116, 0.0], [31.512260053335698, 30.272384387286678, 0.0], [31.512260199707505, 30.272386845978744, 0.0], [31.51226054331993, 30.272389289818967, 0.0], [31.512261082498895, 30.272391706901587, 0.0], [31.512261814618157, 30.27239408544988, 0.0], [31.51228003232599, 30.272445943370215, 0.0], [31.512357772732063, 30.272425367110106, 0.0]]]]}}, {"type": "Feature", "properties": {"ID": "B3", "Telecom_Type": "كابينة", "Number_OF_Boxs": 32.0, "Sectors": "القطاع الثالث عشر", "Implementing_company": "المصرية للأتصالات", "Easting": "031° 31' 6.16\" E", "Northing": "30° 16' 20.66\" N", "Google_Map": "https://www.google.com/maps/search/?api=1&query=031° 31' 6.16\" E,30° 16' 20.66\" N", "Shape_Length": 32.12579598103248, "Shape_Area": 71.02248946258014}, "geometry": {"type": "MultiPolygon", "coordinates": [[[[31.5184098695773, 30.272429300262274, 0.0], [31.518433196682267, 30.27237900824112, 0.0], [31.518357802328342, 30.272352662456967, 0.0], [31.518334475190763, 30.27240295446528, 0.0], [31.51833350834526, 30.272405269015927, 0.0], [31.518332729867918, 30.27240763646816, 0.0], [31.518332143551035, 30.272410045288147, 0.0], [31.518331752251356, 30.272412483740492, 0.0], [31.518331557875147, 30.272414939944902, 0.0], [31.51833156136967, 30.27241740193489, 0.0], [31.518331762717242, 30.27241985771612, 0.0], [31.51833216093772, 30.272422295324084, 0.0], [31.51833275409068, 30.27242470288307, 0.0], [31.518333539286242, 30.272427068663287, 0.0], [31.518334512699003, 30.272429381138945, 0.0], [31.51833566958692, 30.272431629044057, 0.0], [31.518337004313544, 30.272433801426942, 0.0], [31.51833851037593, 30.272435887703605, 0.0], [31.51834018043707, 30.27243787771032, 0.0], [31.518342006360225, 30.272439761751315, 0.0], [31.518343979249803, 30.27244153064835, 0.0], [31.518346089493942, 30.27244317578306, 0.0], [31.518348326811854, 30.2724446891403, 0.0], [31.518350680303268, 30.272446063347658, 0.0], [31.518353138502235, 30.272447291709803, 0.0], [31.51835568943265, 30.27244836824203, 0.0], [31.518358320666717, 30.27244928769988, 0.0], [31.518361019384844, 30.2724500456037, 0.0], [31.5183637724395, 30.27245063826087, 0.0], [31.51836656641767, 30.272451062784224, 0.0], [31.51836938770707, 30.272451317105382, 0.0], [31.518372222563283, 30.27245139998558, 0.0], [31.518375057174616, 30.272451311020777, 0.0], [31.518377877731073, 30.272451050644364, 0.0], [31.518380670491098, 30.27245062012494, 0.0], [31.518383421848505, 30.272450021560203, 0.0], [31.518386118399015, 30.272449257865908, 0.0], [31.51838874700521, 30.272448332762995, 0.0], [31.518391294860862, 30.272447250758493, 0.0], [31.51839374955246, 30.272446017123503, 0.0], [31.518396099121617, 30.27244463786878, 0.0], [31.5183983321207, 30.272443119713575, 0.0], [31.51840043767148, 30.272441470054197, 0.0], [31.518402405515126, 30.272439696928135, 0.0], [31.518404226064654, 30.27243780897318, 0.0], [31.518405890450843, 30.27243581538805, 0.0], [31.518407390564764, 30.27243372588471, 0.0], [31.518408719097664, 30.272431550643798, 0.0], [31.5184098695773, 30.272429300262274, 0.0]]]]}}, {"type": "Feature", "properties": {"ID": "B1", "Telecom_Type": "كابينة", "Number_OF_Boxs": 25.0, "Sectors": "القطاع الرابع عشر", "Implementing_company": "المصرية للأتصالات", "Easting": "031° 30' 48.43\" E", "Northing": "30° 16' 20.9\" N", "Google_Map": "https://www.google.com/maps/search/?api=1&query=031° 30' 48.43\" E,30° 16' 20.9\" N", "Shape_Length": 27.53630520857356, "Shape_Area": 52.17924144911304}, "geometry": {"type": "MultiPolygon", "coordinates": [[[[31.51347567243574, 30.272449107026763, 0.0], [31.51342561140767, 30.27243263496007, 0.0], [31.513400917443914, 30.27248917633255, 0.0], [31.5134509795314, 30.272505647502165, 0.0], [31.513453281595403, 30.272506326204084, 0.0], [31.513455632596802, 30.27250686386804, 0.0], [31.513458021081863, 30.272507257875343, 0.0], [31.513460435413677, 30.272507506305516, 0.0], [31.51346286383019, 30.27250760794876, 0.0], [31.513465294499635, 30.27250756230994, 0.0], [31.513467715580084, 30.272507369610963, 0.0], [31.51347011527602, 30.27250703079108, 0.0], [31.513472481896628, 30.272506547500974, 0.0], [31.513474803911457, 30.272505922094773, 0.0], [31.51347707000799, 30.272505157619843, 0.0], [31.513479269145428, 30.272504257800563, 0.0], [31.513481390610075, 30.272503227021026, 0.0], [31.513483424066038, 30.27250207030286, 0.0], [31.513485359606406, 30.27250079328164, 0.0], [31.513487187801548, 30.27249940217903, 0.0], [31.513488899744104, 30.27249790377245, 0.0], [31.513490487094096, 30.272496305361873, 0.0], [31.51349194211765, 30.27249461473493, 0.0], [31.51349325772596, 30.27249284012845, 0.0], [31.513494427509375, 30.272490990187578, 0.0], [31.513495445769117, 30.27248907392597, 0.0], [31.51349630754395, 30.272487100679097, 0.0], [31.51349700863541, 30.272485080060697, 0.0], [31.513497545627978, 30.272483021914997, 0.0], [31.51349791590518, 30.27248093626943, 0.0], [31.513498117663374, 30.272478833285092, 0.0], [31.513498149919204, 30.272476723207507, 0.0], [31.51349801251607, 30.272474616317066, 0.0], [31.513497706122752, 30.272472522878395, 0.0], [31.513497232232783, 30.272470453090733, 0.0], [31.513496593154244, 30.27246841703774, 0.0], [31.51349579200092, 30.27246642463948, 0.0], [31.513494832676173, 30.272464485602136, 0.0], [31.51349371985386, 30.272462609373218, 0.0], [31.513492458955113, 30.272460805093534, 0.0], [31.513491056123737, 30.272459081553183, 0.0], [31.513489518193357, 30.27245744714951, 0.0], [31.513487852657533, 30.272455909844968, 0.0], [31.51348606763055, 30.27245447712942, 0.0], [31.51348417180844, 30.27245315598288, 0.0], [31.51348217442832, 30.272451952841852, 0.0], [31.513480085220774, 30.272450873568395, 0.0], [31.51347791436453, 30.272449923420346, 0.0], [31.51347567243574, 30.272449107026763, 0.0]]]]}}, {"type": "Feature", "properties": {"ID": "كبينة رقم 5", "Telecom_Type": "كابينة", "Number_OF_Boxs": null, "Sectors": "القطاع الخامس عشر", "Implementing_company": "المصرية للأتصالات", "Easting": "031° 30' 6.18\" E", "Northing": "30° 16' 21.29\" N", "Google_Map": "https://www.google.com/maps/search/?api=1&query=031° 30' 6.18\" E,30° 16' 21.29\" N", "Shape_Length": 18.357590630506053, "Shape_Area": 23.191074773506628}, "geometry": {"type": "MultiPolygon", "coordinates": [[[[31.501741145931103, 30.272580249251124, 0.0], [31.501730037538003, 30.27255080739416, 0.0], [31.50168590184899, 30.272563353210007, 0.0], [31.501697009191197, 30.272592795074736, 0.0], [31.501697567086996, 30.272594115963173, 0.0], [31.501698229779137, 30.27259539985506, 0.0], [31.501698994038456, 30.272596640495703, 0.0], [31.50169985614186, 30.272597831840862, 0.0], [31.501700811889474, 30.272598968085987, 0.0], [31.50170185662473, 30.272600043695665, 0.0], [31.501702985257992, 30.272601053429913, 0.0], [31.501704192290585, 30.272601992369452, 0.0], [31.501705471842175, 30.272602855939486, 0.0], [31.501706817678972, 30.272603639933017, 0.0], [31.50170822324399, 30.272604340530556, 0.0], [31.50170968168964, 30.272604954319092, 0.0], [31.501711185910878, 30.272605478307945, 0.0], [31.501712728578834, 30.27260590994435, 0.0], [31.50171430217795, 30.27260624712575, 0.0], [31.501715899042036, 30.272606488209355, 0.0], [31.50171751139111, 30.27260663202027, 0.0], [31.501719131370486, 30.272606677858413, 0.0], [31.50172075108732, 30.272606625499904, 0.0], [31.501722362650607, 30.27260647520049, 0.0], [31.5017239582095, 30.27260622769185, 0.0], [31.501725529990225, 30.272605884179846, 0.0], [31.501727070335388, 30.27260544633822, 0.0], [31.501728571740703, 30.272604916300068, 0.0], [31.501730026891288, 30.272604296647838, 0.0], [31.501731428698086, 30.272603590399928, 0.0], [31.501732770331532, 30.2726028009974, 0.0], [31.501734045255304, 30.27260193228619, 0.0], [31.501735247258345, 30.272600988498297, 0.0], [31.501736370484565, 30.272599974231966, 0.0], [31.50173740946182, 30.27259889442822, 0.0], [31.501738359128403, 30.272597754348148, 0.0], [31.501739214857086, 30.272596559545995, 0.0], [31.501739972479776, 30.272595315842324, 0.0], [31.501740628304702, 30.272594029296716, 0.0], [31.501741179137326, 30.272592706176866, 0.0], [31.5017416222938, 30.272591352928835, 0.0], [31.501741955614786, 30.272589976145387, 0.0], [31.50174217747703, 30.272588582534155, 0.0], [31.50174228679939, 30.27258717888455, 0.0], [31.501742283049175, 30.272585772035306, 0.0], [31.501742166244775, 30.272584368839887, 0.0], [31.501741936955177, 30.272582976134547, 0.0], [31.501741596297236, 30.27258160070473, 0.0], [31.501741145931103, 30.272580249251124, 0.0]]]]}}, {"type": "Feature", "properties": {"ID": "كبينة رقم 6", "Telecom_Type": "كابينة", "Number_OF_Boxs": null, "Sectors": "القطاع الرابع عشر", "Implementing_company": "المصرية للأتصالات", "Easting": "031° 30' 52.75\" E", "Northing": "30° 16' 21.5\" N", "Google_Map": "https://www.google.com/maps/search/?api=1&query=031° 30' 52.75\" E,30° 16' 21.5\" N", "Shape_Length": 32.12568618254873, "Shape_Area": 71.02197231643754}, "geometry": {"type": "MultiPolygon", "coordinates": [[[[31.514695272575807, 30.272638860672853, 0.0], [31.51469621439041, 30.272636538377704, 0.0], [31.514696967275633, 30.272634164715363, 0.0], [31.514697527563868, 30.272631751250294, 0.0], [31.514697892524428, 30.272629309740424, 0.0], [31.514698060380116, 30.27262685208054, 0.0], [31.51469803031248, 30.272624390244097, 0.0], [31.514697802468877, 30.27262193622526, 0.0], [31.51469737795875, 30.272619501979662, 0.0], [31.514696758850263, 30.27261709936646, 0.0], [31.514695948160067, 30.272614740091086, 0.0], [31.514694949837516, 30.27261243564807, 0.0], [31.5146937687464, 30.27261019726375, 0.0], [31.51469241064089, 30.272608035843835, 0.0], [31.514690882137568, 30.272605961918245, 0.0], [31.514689190683328, 30.27260398559106, 0.0], [31.514687344518308, 30.272602116490962, 0.0], [31.51468535263746, 30.272600363723946, 0.0], [31.514683224744537, 30.272598735829003, 0.0], [31.514680971206612, 30.27259724073735, 0.0], [31.51467860300253, 30.27259588573263, 0.0], [31.514676131670335, 30.272594677416663, 0.0], [31.514673569250075, 30.272593621676382, 0.0], [31.51467092822525, 30.27259272365475, 0.0], [31.514668221462724, 30.272591987727036, 0.0], [31.514665462149896, 30.272591417478484, 0.0], [31.51466266372979, 30.272591015687695, 0.0], [31.514659839835673, 30.27259078431175, 0.0], [31.51465700422561, 30.272590724478164, 0.0], [31.514654170714387, 30.272590836478216, 0.0], [31.51465135310649, 30.272591119766282, 0.0], [31.514648565128972, 30.27259157296237, 0.0], [31.514645820364606, 30.272592193858525, 0.0], [31.514643132185938, 30.272592979429508, 0.0], [31.514640513689084, 30.2725939258485, 0.0], [31.514637977631292, 30.27259502850448, 0.0], [31.51463553636782, 30.272596282025283, 0.0], [31.514633201792357, 30.27259768030399, 0.0], [31.514630985278938, 30.272599216528462, 0.0], [31.51462889762601, 30.272600883214256, 0.0], [31.51462694900436, 30.272602672241227, 0.0], [31.51462514890768, 30.272604574893737, 0.0], [31.514623506105746, 30.27260658190221, 0.0], [31.514622028601664, 30.272608683488404, 0.0], [31.514620723594703, 30.27261086941377, 0.0], [31.514619597442096, 30.27261312902905, 0.0], [31.514596813876963, 30.272663608583798, 0.0], [31.51467248904386, 30.272689340240195, 0.0], [31.514695272575807, 30.272638860672853, 0.0]]]]}}, {"type": "Feature", "properties": {"ID": "DH.02-A1", "Telecom_Type": "غرفة اتصالات", "Number_OF_Boxs": null, "Sectors": "القطاع الخامس عشر", "Implementing_company": "المصرية للأتصالات", "Easting": "031° 30' 6.97\" E", "Northing": "30° 16' 22.21\" N", "Google_Map": "https://www.google.com/maps/search/?api=1&query=031° 30' 6.97\" E,30° 16' 22.21\" N", "Shape_Length": 4.374010303646721, "Shape_Area": 1.194877499556532}, "geometry": {"type": "MultiPolygon", "coordinates": [[[[31.501942117396283, 30.27283843312875, 0.0], [31.501939346544436, 30.272828982148866, 0.0], [31.501928376527744, 30.272831712230182, 0.0], [31.501931251092117, 30.272841326084155, 0.0], [31.501942117396283, 30.27283843312875, 0.0]]]]}}, {"type": "Feature", "properties": {"ID": "كبينة رقم 7", "Telecom_Type": "كابينة", "Number_OF_Boxs": null, "Sectors": "القطاع الرابع عشر", "Implementing_company": "المصرية للأتصالات", "Easting": "031° 30' 30.73\" E", "Northing": "30° 16' 22.69\" N", "Google_Map": "https://www.google.com/maps/search/?api=1&query=031° 30' 30.73\" E,30° 16' 22.69\" N", "Shape_Length": 18.357403158838686, "Shape_Area": 23.190434571438683}, "geometry": {"type": "MultiPolygon", "coordinates": [[[[31.508561128769497, 30.27296586757025, 0.0], [31.508561333291986, 30.272964471979787, 0.0], [31.508561425156167, 30.272963067405176, 0.0], [31.50856140391373, 30.27296166069047, 0.0], [31.50856126966891, 30.272960258688457, 0.0], [31.50856102307536, 30.27295886823015, 0.0], [31.5085606653347, 30.272957496089198, 0.0], [31.508560198189723, 30.272956148951376, 0.0], [31.508559623916334, 30.272954833379448, 0.0], [31.508558945312387, 30.272953555783086, 0.0], [31.508558165684306, 30.272952322386587, 0.0], [31.508557288829873, 30.272951139198938, 0.0], [31.508556319021615, 30.272950011985046, 0.0], [31.50855526098446, 30.27294894623629, 0.0], [31.508554119872564, 30.272947947145337, 0.0], [31.508552901246013, 30.272947019579295, 0.0], [31.508551611041927, 30.272946168057583, 0.0], [31.508550255545767, 30.272945396728655, 0.0], [31.508548841361872, 30.272944709350423, 0.0], [31.50854737537962, 30.272944109272117, 0.0], [31.50854586474197, 30.27294359941677, 0.0], [31.508544316808315, 30.272943182268623, 0.0], [31.508542739120035, 30.272942859860343, 0.0], [31.50854113936382, 30.272942633762224, 0.0], [31.508539525333607, 30.272942505075815, 0.0], [31.508537904893075, 30.272942474428486, 0.0], [31.508536285936867, 30.27294254196916, 0.0], [31.508534676352525, 30.272942707368895, 0.0], [31.508533083981796, 30.272942969821976, 0.0], [31.508531516582828, 30.272943328049863, 0.0], [31.50852998179212, 30.272943780306708, 0.0], [31.50852848708681, 30.272944324389815, 0.0], [31.508527039749353, 30.272944957647923, 0.0], [31.508525646830837, 30.272945676996017, 0.0], [31.50852431511779, 30.272946478929377, 0.0], [31.508523051098646, 30.272947359540943, 0.0], [31.508521860930866, 30.272948314540475, 0.0], [31.508520750413595, 30.272949339275176, 0.0], [31.50851972495711, 30.272950428752797, 0.0], [31.508518789557474, 30.27295157766504, 0.0], [31.508517948771612, 30.27295278041463, 0.0], [31.50851720669612, 30.27295403114181, 0.0], [31.508516566946312, 30.27295532375272, 0.0], [31.508516032639058, 30.27295665195012, 0.0], [31.50851560637754, 30.27295800926321, 0.0], [31.508515290238506, 30.272959389078675, 0.0], [31.508509553968278, 30.272989966378184, 0.0], [31.508555393547745, 30.272996443965518, 0.0], [31.508561128769497, 30.27296586757025, 0.0]]]]}}, {"type": "Feature", "properties": {"ID": "DH.3-A1", "Telecom_Type": "غرفة اتصالات", "Number_OF_Boxs": null, "Sectors": "القطاع الخامس عشر", "Implementing_company": "المصرية للأتصالات", "Easting": "031° 30' 2.01\" E", "Northing": "30° 16' 23.14\" N", "Google_Map": "https://www.google.com/maps/search/?api=1&query=031° 30' 2.01\" E,30° 16' 23.14\" N", "Shape_Length": 4.258890894125011, "Shape_Area": 1.1321653494456798}, "geometry": {"type": "MultiPolygon", "coordinates": [[[[31.50056596827087, 30.273098050686997, 156.6359999999986], [31.500563154065908, 30.273088428453732, 156.6359999999986], [31.50055239916635, 30.273090759795956, 156.6359999999986], [31.50055536571289, 30.273099887125728, 156.6359999999986], [31.50056596827087, 30.273098050686997, 156.6359999999986]]]]}}, {"type": "Feature", "properties": {"ID": "DH.1", "Telecom_Type": "غرفة اتصالات", "Number_OF_Boxs": null, "Sectors": "القطاع الرابع عشر", "Implementing_company": "المصرية للأتصالات", "Easting": "031° 30' 26.72\" E", "Northing": "30° 16' 23.06\" N", "Google_Map": "https://www.google.com/maps/search/?api=1&query=031° 30' 26.72\" E,30° 16' 23.06\" N", "Shape_Length": 9.000073428564505, "Shape_Area": 5.062582607472054}, "geometry": {"type": "MultiPolygon", "coordinates": [[[[31.507437596628787, 30.273070079228816, 0.0], [31.50741933828925, 30.273057399417926, 0.0], [31.50740472976975, 30.27307324717801, 0.0], [31.50742298811042, 30.273085926990884, 0.0], [31.507437596628787, 30.273070079228816, 0.0]]]]}}, {"type": "Feature", "properties": {"ID": "كبينة رقم 8", "Telecom_Type": "كابينة", "Number_OF_Boxs": null, "Sectors": "القطاع الثالث عشر", "Implementing_company": "المصرية للأتصالات", "Easting": "031° 31' 9.23\" E", "Northing": "30° 16' 23.2\" N", "Google_Map": "https://www.google.com/maps/search/?api=1&query=031° 31' 9.23\" E,30° 16' 23.2\" N", "Shape_Length": 32.12588229263286, "Shape_Area": 71.02290628172612}, "geometry": {"type": "MultiPolygon", "coordinates": [[[[31.519274649583974, 30.27311099132519, 0.0], [31.51927561644557, 30.27310867676781, 0.0], [31.519276394937737, 30.273106309308183, 0.0], [31.519276981266938, 30.27310390048027, 0.0], [31.519277372577562, 30.273101462019813, 0.0], [31.519277566962213, 30.27309900580662, 0.0], [31.519277563474716, 30.273096543807373, 0.0], [31.519277362131653, 30.27309408801647, 0.0], [31.519276963913946, 30.27309165039864, 0.0], [31.519276370762142, 30.273089242829325, 0.0], [31.519275585565403, 30.27308687703856, 0.0], [31.519274612149562, 30.273084564551816, 0.0], [31.519273455256847, 30.273082316635296, 0.0], [31.51927212052387, 30.27308014424119, 0.0], [31.51927061445281, 30.273078057952603, 0.0], [31.519268944381743, 30.27307606793402, 0.0], [31.51926711844663, 30.27307418388088, 0.0], [31.519265145543542, 30.273072414971846, 0.0], [31.519263035283856, 30.273070769824688, 0.0], [31.519260797949432, 30.273069256455038, 0.0], [31.51925844443973, 30.273067882235416, 0.0], [31.51925598622082, 30.273066653860816, 0.0], [31.519253435269242, 30.27306557731613, 0.0], [31.5192508040129, 30.273064657845985, 0.0], [31.519248105270872, 30.273063899929944, 0.0], [31.519245352191685, 30.273063307260784, 0.0], [31.519242558187536, 30.27306288272557, 0.0], [31.519239736870734, 30.27306262839287, 0.0], [31.519236901986453, 30.273062545501606, 0.0], [31.519234067346375, 30.273062634455435, 0.0], [31.5192312467603, 30.273062894821475, 0.0], [31.519228453969788, 30.273063325331023, 0.0], [31.51922570258109, 30.27306392388651, 0.0], [31.5192230059988, 30.2730646875719, 0.0], [31.519220377360675, 30.273065612666663, 0.0], [31.519217829472982, 30.27306669466371, 0.0], [31.51921537474861, 30.273067928291894, 0.0], [31.519213025147206, 30.273069307540915, 0.0], [31.519210792115476, 30.2730708256912, 0.0], [31.519208686532878, 30.273072475346382, 0.0], [31.519206718657312, 30.273074248469428, 0.0], [31.51920489807607, 30.273076136422286, 0.0], [31.51920323365928, 30.273078130006432, 0.0], [31.51920173351556, 30.273080219509605, 0.0], [31.51920040495324, 30.273082394751942, 0.0], [31.519199254445613, 30.273084645135583, 0.0], [31.519175927572, 30.273134937285228, 0.0], [31.519251322743003, 30.273161283487678, 0.0], [31.519274649583974, 30.27311099132519, 0.0]]]]}}, {"type": "Feature", "properties": {"ID": "5010", "Telecom_Type": "كابينة", "Number_OF_Boxs": null, "Sectors": "القطاع الثالث عشر", "Implementing_company": "المصرية للأتصالات", "Easting": "031° 31' 15.42\" E", "Northing": "30° 16' 23.35\" N", "Google_Map": "https://www.google.com/maps/search/?api=1&query=031° 31' 15.42\" E,30° 16' 23.35\" N", "Shape_Length": 31.25339566933755, "Shape_Area": 52.017460918662216}, "geometry": {"type": "MultiPolygon", "coordinates": [[[[31.52101049600222, 30.273149541792908, 0.0], [31.52090587480073, 30.27311380601087, 0.0], [31.52088757631862, 30.273154164993947, 0.0], [31.520992197556748, 30.273189900789976, 0.0], [31.52101049600222, 30.273149541792908, 0.0]]]]}}, {"type": "Feature", "properties": {"ID": "كبينة رقم 9", "Telecom_Type": "كابينة", "Number_OF_Boxs": null, "Sectors": "القطاع الخامس عشر", "Implementing_company": "المصرية للأتصالات", "Easting": "031° 29' 57.3\" E", "Northing": "30° 16' 23.83\" N", "Google_Map": "https://www.google.com/maps/search/?api=1&query=031° 29' 57.3\" E,30° 16' 23.83\" N", "Shape_Length": 18.357592863107868, "Shape_Area": 23.190893628917635}, "geometry": {"type": "MultiPolygon", "coordinates": [[[[31.49927490950569, 30.273286526243226, 0.0], [31.499264200279406, 30.27325697350815, 0.0], [31.499219896436802, 30.27326906901397, 0.0], [31.49923060669047, 30.273298621748797, 0.0], [31.49923114669304, 30.273299948208287, 0.0], [31.49923179198337, 30.273301238741325, 0.0], [31.49923253941902, 30.273302487060587, 0.0], [31.499233385357705, 30.273303687084276, 0.0], [31.499234325677826, 30.273304832966087, 0.0], [31.499235355798877, 30.2733059191234, 0.0], [31.49923647070198, 30.273306940264582, 0.0], [31.499237664955174, 30.273307891414852, 0.0], [31.499238932740734, 30.273308767939955, 0.0], [31.49924026788194, 30.27330956556988, 0.0], [31.49924166387386, 30.273310280418656, 0.0], [31.499243113915647, 30.273310909003715, 0.0], [31.499244610942814, 30.27331144826222, 0.0], [31.499246147662035, 30.27331189556722, 0.0], [31.49924771658652, 30.273312248739604, 0.0], [31.499249310072543, 30.273312506058595, 0.0], [31.499250920357063, 30.273312666270893, 0.0], [31.499252539594842, 30.273312728595293, 0.0], [31.49925415989695, 30.27331269272875, 0.0], [31.499255773369693, 30.273312558845937, 0.0], [31.499257372152186, 30.27331232759883, 0.0], [31.4992589484556, 30.273312000114206, 0.0], [31.499260494600044, 30.27331157798748, 0.0], [31.499262003053182, 30.273311063275145, 0.0], [31.499263466465894, 30.273310458485142, 0.0], [31.499264877708317, 30.27330976656381, 0.0], [31.49926622990554, 30.2733089908819, 0.0], [31.49926751646931, 30.273308135218414, 0.0], [31.49926873113207, 30.273307203742355, 0.0], [31.499269867975602, 30.27330620099175, 0.0], [31.499270921461978, 30.273305131851718, 0.0], [31.499271886458132, 30.27330400153101, 0.0], [31.499272758263018, 30.273302815536542, 0.0], [31.499273532629186, 30.27330157964632, 0.0], [31.499274205784253, 30.27330029988119, 0.0], [31.499274774448168, 30.273298982476597, 0.0], [31.49927523585098, 30.27329763385013, 0.0], [31.499275587744783, 30.273296260572742, 0.0], [31.49927582841499, 30.273294869334425, 0.0], [31.499275956688848, 30.27329346691335, 0.0], [31.49927597194182, 30.27329206014213, 0.0], [31.499275874099474, 30.273290655874078, 0.0], [31.49927566363838, 30.273289260950623, 0.0], [31.499275341584163, 30.273287882167807, 0.0], [31.49927490950569, 30.273286526243226, 0.0]]]]}}, {"type": "Feature", "properties": {"ID": "كبينة رقم 10", "Telecom_Type": "كابينة", "Number_OF_Boxs": null, "Sectors": "القطاع الخامس عشر", "Implementing_company": "المصرية للأتصالات", "Easting": "031° 29' 57.62\" E", "Northing": "30° 16' 24.39\" N", "Google_Map": "https://www.google.com/maps/search/?api=1&query=031° 29' 57.62\" E,30° 16' 24.39\" N", "Shape_Length": 18.357512719358073, "Shape_Area": 23.1907617647433}, "geometry": {"type": "MultiPolygon", "coordinates": [[[[31.499364365475973, 30.273442339285914, 0.0], [31.49935263920771, 30.273413079086442, 0.0], [31.49930877448126, 30.273426323062306, 0.0], [31.499320500738193, 30.273455583265775, 0.0], [31.499321086332166, 30.273456895092856, 0.0], [31.499321775929538, 30.273458168267993, 0.0], [31.499322566170083, 30.273459396588294, 0.0], [31.499323453203644, 30.273460574069603, 0.0], [31.499324432708452, 30.273461694974692, 0.0], [31.499325499912878, 30.273462753842963, 0.0], [31.499326649617206, 30.27346374551545, 0.0], [31.499327876219844, 30.273464665160777, 0.0], [31.49932917374493, 30.273465508297935, 0.0], [31.499330535870996, 30.27346627081964, 0.0], [31.4993319559617, 30.273466949010615, 0.0], [31.499333427097824, 30.27346753956664, 0.0], [31.499334942112693, 30.27346803961078, 0.0], [31.49933649362472, 30.273468446706556, 0.0], [31.499338074074657, 30.27346875887077, 0.0], [31.49933967576283, 30.273468974582375, 0.0], [31.499341290885678, 30.273469092790396, 0.0], [31.499342911574526, 30.273469112919095, 0.0], [31.499344529932788, 30.273469034870306, 0.0], [31.49934613807585, 30.273468859024344, 0.0], [31.49934772816927, 30.273468586237936, 0.0], [31.499349292465777, 30.273468217839852, 0.0], [31.499350823344084, 30.27346775562533, 0.0], [31.499352313345646, 30.273467201845996, 0.0], [31.49935375521083, 30.27346655920007, 0.0], [31.499355141915448, 30.273465830818463, 0.0], [31.49935646670313, 30.27346502024997, 0.0], [31.49935772311934, 30.27346413144351, 0.0], [31.499358905042914, 30.273463168729663, 0.0], [31.49936000671564, 30.273462136798564, 0.0], [31.49936102276966, 30.27346104067768, 0.0], [31.49936194825534, 30.273459885707865, 0.0], [31.49936277866303, 30.273458677515464, 0.0], [31.499363509947436, 30.273457421987718, 0.0], [31.499364138545754, 30.273456125240653, 0.0], [31.499364661395134, 30.273454793592666, 0.0], [31.49936507594838, 30.273453433531543, 0.0], [31.49936538018581, 30.27345205168334, 0.0], [31.49936557262536, 30.27345065478061, 0.0], [31.499365652328873, 30.273449249629206, 0.0], [31.49936561890881, 30.2734478430745, 0.0], [31.499365472527103, 30.27344644197, 0.0], [31.499365213897782, 30.27344505314143, 0.0], [31.499364844280414, 30.273443683355705, 0.0], [31.499364365475973, 30.273442339285914, 0.0]]]]}}, {"type": "Feature", "properties": {"ID": "A2", "Telecom_Type": "كابينة", "Number_OF_Boxs": 88.0, "Sectors": "القطاع الخامس عشر", "Implementing_company": "المصرية للأتصالات", "Easting": "031° 30' 19.42\" E", "Northing": "30° 16' 24.35\" N", "Google_Map": "https://www.google.com/maps/search/?api=1&query=031° 30' 19.42\" E,30° 16' 24.35\" N", "Shape_Length": 18.357544901923212, "Shape_Area": 23.19076114161815}, "geometry": {"type": "MultiPolygon", "coordinates": [[[[31.50540785109004, 30.273448457284392, 0.0], [31.505409419859816, 30.27344810362048, 0.0], [31.50541095638573, 30.273447655834826, 0.0], [31.505412453181716, 30.27344711610904, 0.0], [31.50541390295514, 30.273446487072295, 0.0], [31.50541529864295, 30.273445771789433, 0.0], [31.505416633445922, 30.27344497374514, 0.0], [31.505417900860856, 30.273444096827372, 0.0], [31.505419094713265, 30.273443145308494, 0.0], [31.505420209186703, 30.273442123823813, 0.0], [31.50542123885146, 30.27344103735015, 0.0], [31.505422178691674, 30.27343989118075, 0.0], [31.505423024128163, 30.27343869089944, 0.0], [31.505423771041762, 30.273437442353806, 0.0], [31.505424415794305, 30.273436151626512, 0.0], [31.5054249552445, 30.273434825006042, 0.0], [31.505425386763676, 30.27343346895554, 0.0], [31.50542570825035, 30.27343209008105, 0.0], [31.505425918137636, 30.273430695100785, 0.0], [31.505426015403227, 30.273429290810693, 0.0], [31.505425999573212, 30.273427884052204, 0.0], [31.505425870724796, 30.27342648167889, 0.0], [31.50542562948573, 30.27342509052309, 0.0], [31.50542527703109, 30.273423717362054, 0.0], [31.50542481507844, 30.273422368886038, 0.0], [31.50542424587779, 30.27342105166415, 0.0], [31.505423572202684, 30.273419772113975, 0.0], [31.50542279733496, 30.27341853646913, 0.0], [31.505421925049653, 30.273417350749853, 0.0], [31.505420959596623, 30.273416220732493, 0.0], [31.50541990567897, 30.273415151922595, 0.0], [31.50541876843164, 30.273414149527024, 0.0], [31.50541755339514, 30.273413218429233, 0.0], [31.505416266488897, 30.27341236316579, 0.0], [31.50541491398228, 30.273411587903055, 0.0], [31.505413502465082, 30.273410896418046, 0.0], [31.505412038813372, 30.2734102920798, 0.0], [31.505410530158397, 30.273409777832534, 0.0], [31.505408983849744, 30.2734093561814, 0.0], [31.505407407421057, 30.27340902918052, 0.0], [31.505405808552386, 30.27340879842351, 0.0], [31.5054041950331, 30.27340866503419, 0.0], [31.50540257472425, 30.273408629662395, 0.0], [31.505400955519377, 30.273408692480565, 0.0], [31.505399345307445, 30.27340885318237, 0.0], [31.505397751933188, 30.273409110985696, 0.0], [31.505362912955697, 30.273415847307092, 0.0], [31.50537301314329, 30.273455194506614, 0.0], [31.50540785109004, 30.273448457284392, 0.0]]]]}}, {"type": "Feature", "properties": {"ID": "DH.4-A1", "Telecom_Type": "غرفة اتصالات", "Number_OF_Boxs": null, "Sectors": "القطاع الخامس عشر", "Implementing_company": "المصرية للأتصالات", "Easting": "031° 29' 57.24\" E", "Northing": "30° 16' 24.5\" N", "Google_Map": "https://www.google.com/maps/search/?api=1&query=031° 29' 57.24\" E,30° 16' 24.5\" N", "Shape_Length": 4.414445016742884, "Shape_Area": 1.2171177046496011}, "geometry": {"type": "MultiPolygon", "coordinates": [[[[31.499240564790163, 30.273476012306116, 156.6359999999986], [31.49923717098359, 30.2734664274299, 156.6359999999986], [31.49922638583529, 30.273468957229365, 156.6359999999986], [31.499229771791548, 30.273478839811652, 156.6359999999986], [31.499240564790163, 30.273476012306116, 156.6359999999986]]]]}}, {"type": "Feature", "properties": {"ID": "كبينة رقم 11", "Telecom_Type": "كابينة", "Number_OF_Boxs": null, "Sectors": "القطاع الثالث عشر", "Implementing_company": "المصرية للأتصالات", "Easting": "031° 31' 15.16\" E", "Northing": "30° 16' 24.34\" N", "Google_Map": "https://www.google.com/maps/search/?api=1&query=031° 31' 15.16\" E,30° 16' 24.34\" N", "Shape_Length": 32.125738361525144, "Shape_Area": 71.0222641562313}, "geometry": {"type": "MultiPolygon", "coordinates": [[[[31.520909951053348, 30.27345392640011, 0.0], [31.52093327711099, 30.273403633953453, 0.0], [31.52085788132432, 30.27337728962993, 0.0], [31.52083455523404, 30.27342758206373, 0.0], [31.520833588461624, 30.273429896626954, 0.0], [31.520832810058888, 30.273432264086757, 0.0], [31.52083222381885, 30.27343467290906, 0.0], [31.52083183259656, 30.27343711135835, 0.0], [31.520831638298645, 30.273439567554803, 0.0], [31.520831641871737, 30.27344202953227, 0.0], [31.520831843297838, 30.273444485296086, 0.0], [31.520832241596516, 30.27344692288208, 0.0], [31.520832834826713, 30.273449330414834, 0.0], [31.520833620098514, 30.273451696164887, 0.0], [31.52083459358621, 30.27345400860679, 0.0], [31.520835750546777, 30.273456256474663, 0.0], [31.520837085344066, 30.273458428816678, 0.0], [31.520838591475087, 30.273460515050015, 0.0], [31.520840261601894, 30.27346250501031, 0.0], [31.520842087588075, 30.27346438900327, 0.0], [31.520844060537346, 30.2734661578498, 0.0], [31.52084617083787, 30.273467802932494, 0.0], [31.520848408208842, 30.273469316236397, 0.0], [31.520850761749735, 30.273470690389345, 0.0], [31.52085321999426, 30.273471918696504, 0.0], [31.520855770966385, 30.273472995173602, 0.0], [31.520858402238048, 30.273473914575984, 0.0], [31.52086110098971, 30.27347467242496, 0.0], [31.52086385407363, 30.27347526502767, 0.0], [31.52086664807718, 30.273475689497722, 0.0], [31.520869469388252, 30.273475943766755, 0.0], [31.520872304261573, 30.273476026595734, 0.0], [31.52087513888628, 30.27347593758195, 0.0], [31.520877959451877, 30.27347567715822, 0.0], [31.520880752217376, 30.273475246593705, 0.0], [31.520883503576503, 30.27347464798608, 0.0], [31.52088620012489, 30.27347388425164, 0.0], [31.520888828725727, 30.273472959111043, 0.0], [31.520891376572123, 30.27347187707181, 0.0], [31.52089383125184, 30.27347064340529, 0.0], [31.52089618080559, 30.273469264121925, 0.0], [31.520898413787023, 30.273467745940884, 0.0], [31.52090051931675, 30.273466096259288, 0.0], [31.520902487137295, 30.27346432311393, 0.0], [31.52090430766147, 30.273462435143134, 0.0], [31.520905972019904, 30.273460441545172, 0.0], [31.520907472104124, 30.273458352032478, 0.0], [31.520908800606083, 30.273456176784734, 0.0], [31.520909951053348, 30.27345392640011, 0.0]]]]}}, {"type": "Feature", "properties": {"ID": "DH", "Telecom_Type": "غرفة اتصالات", "Number_OF_Boxs": null, "Sectors": "القطاع الرابع عشر", "Implementing_company": "المصرية للأتصالات", "Easting": "031° 30' 41.2\" E", "Northing": "30° 16' 24.65\" N", "Google_Map": "https://www.google.com/maps/search/?api=1&query=031° 30' 41.2\" E,30° 16' 24.65\" N", "Shape_Length": 34.01217433945312, "Shape_Area": 70.37631898060663}, "geometry": {"type": "MultiPolygon", "coordinates": [[[[31.51150082724949, 30.273488880862786, 0.0], [31.51139923069636, 30.27347533317225, 0.0], [31.51138800139043, 30.27353877284556, 0.0], [31.51148959800762, 30.273552320543946, 0.0], [31.51150082724949, 30.273488880862786, 0.0]]]]}}, {"type": "Feature", "properties": {"ID": "A3", "Telecom_Type": "كابينة", "Number_OF_Boxs": 105.0, "Sectors": "القطاع الرابع عشر", "Implementing_company": "المصرية للأتصالات", "Easting": "031° 30' 31.13\" E", "Northing": "30° 16' 25.09\" N", "Google_Map": "https://www.google.com/maps/search/?api=1&query=031° 30' 31.13\" E,30° 16' 25.09\" N", "Shape_Length": 18.35756844453633, "Shape_Area": 23.190964713844114}, "geometry": {"type": "MultiPolygon", "coordinates": [[[[31.50866865329574, 30.2736452382243, 0.0], [31.50867438851233, 30.273614660925016, 0.0], [31.508628548633126, 30.273608182481293, 0.0], [31.50862281340264, 30.273638759778766, 0.0], [31.508622608914887, 30.273640155386595, 0.0], [31.5086225170859, 30.273641559975946, 0.0], [31.508622538364257, 30.273642966703783, 0.0], [31.508622672645448, 30.273644368716475, 0.0], [31.50862291927522, 30.27364575918377, 0.0], [31.508623277052273, 30.2736471313315, 0.0], [31.50862374423344, 30.27364847847469, 0.0], [31.508624318542854, 30.27364979405005, 0.0], [31.508624997182622, 30.27365107164872, 0.0], [31.50862577684631, 30.273652305046117, 0.0], [31.508626653735483, 30.273653488233265, 0.0], [31.5086276235779, 30.27365461544606, 0.0], [31.508628681649217, 30.273655681192544, 0.0], [31.508629822793978, 30.27365668028097, 0.0], [31.508631041453334, 30.2736576078433, 0.0], [31.508632331689466, 30.273658459361226, 0.0], [31.50863368721688, 30.273659230685812, 0.0], [31.50863510143178, 30.273659918059376, 0.0], [31.508636567443837, 30.27366051813319, 0.0], [31.50863807811122, 30.273661027983994, 0.0], [31.508639626073876, 30.27366144512731, 0.0], [31.50864120379071, 30.273661767531213, 0.0], [31.50864280357491, 30.27366199362494, 0.0], [31.508644417632496, 30.27366212230717, 0.0], [31.50864603810066, 30.273662152950585, 0.0], [31.508647657083735, 30.2736620854062, 0.0], [31.50864926669506, 30.27366192000329, 0.0], [31.508650859092192, 30.273661657547027, 0.0], [31.508652426517575, 30.273661299316498, 0.0], [31.508653961334907, 30.273660847056984, 0.0], [31.508655456066407, 30.273660302971802, 0.0], [31.508656903430467, 30.273659669711368, 0.0], [31.508658296375355, 30.273658950361245, 0.0], [31.508659628114774, 30.273658148425632, 0.0], [31.50866089216091, 30.273657267811885, 0.0], [31.508662082355286, 30.273656312809948, 0.0], [31.508663192899636, 30.273655288072657, 0.0], [31.5086642183834, 30.27365419859199, 0.0], [31.508665153810778, 30.273653049676273, 0.0], [31.508665994623886, 30.273651846922778, 0.0], [31.50866673672705, 30.273650596190723, 0.0], [31.5086673765046, 30.273649303573972, 0.0], [31.508667910839414, 30.273647975369546, 0.0], [31.508668337128867, 30.27364661804876, 0.0], [31.50866865329574, 30.2736452382243, 0.0]]]]}}, {"type": "Feature", "properties": {"ID": "DH", "Telecom_Type": "غرفة اتصالات", "Number_OF_Boxs": null, "Sectors": "القطاع الرابع عشر", "Implementing_company": "المصرية للأتصالات", "Easting": "031° 30' 40.91\" E", "Northing": "30° 16' 25.95\" N", "Google_Map": "https://www.google.com/maps/search/?api=1&query=031° 30' 40.91\" E,30° 16' 25.95\" N", "Shape_Length": 34.01228464144576, "Shape_Area": 70.37674939951052}, "geometry": {"type": "MultiPolygon", "coordinates": [[[[31.511418163919373, 30.273847012921248, 0.0], [31.511316057109873, 30.27383675241567, 0.0], [31.511307552236484, 30.273900510705815, 0.0], [31.51140966015055, 30.273910771213128, 0.0], [31.511418163919373, 30.273847012921248, 0.0]]]]}}, {"type": "Feature", "properties": {"ID": "B3-2", "Telecom_Type": "كابينة", "Number_OF_Boxs": 24.0, "Sectors": "القطاع الثالث عشر", "Implementing_company": "المصرية للأتصالات", "Easting": "031° 31' 10.6\" E", "Northing": "30° 16' 25.97\" N", "Google_Map": "https://www.google.com/maps/search/?api=1&query=031° 31' 10.6\" E,30° 16' 25.97\" N", "Shape_Length": 32.12553921273265, "Shape_Area": 71.02106214607217}, "geometry": {"type": "MultiPolygon", "coordinates": [[[[31.51964124216686, 30.273854066351475, 0.0], [31.5195838115404, 30.273832749388877, 0.0], [31.51955185434884, 30.273897612271995, 0.0], [31.519609286041092, 30.273918928341907, 0.0], [31.51961193136873, 30.273919816756532, 0.0], [31.519614641652026, 30.273920542842312, 0.0], [31.519617403687995, 30.273921103061856, 0.0], [31.519620204018846, 30.27392149468545, 0.0], [31.51962302900198, 30.27392171580534, 0.0], [31.51962586487467, 30.27392176534426, 0.0], [31.519628697820647, 30.2739216430607, 0.0], [31.519631514037975, 30.27392134955076, 0.0], [31.519634299806533, 30.27392088624415, 0.0], [31.51963704155392, 30.273920255398227, 0.0], [31.519639725922996, 30.273919460086287, 0.0], [31.519642339835546, 30.273918504182866, 0.0], [31.51964487055691, 30.273917392345375, 0.0], [31.519647305757246, 30.27391612999044, 0.0], [31.51964963357326, 30.273914723267808, 0.0], [31.51965184266327, 30.273913179031606, 0.0], [31.519653922265466, 30.273911504804467, 0.0], [31.519655862247664, 30.27390970874385, 0.0], [31.51965765315877, 30.273907799599236, 0.0], [31.519659286273534, 30.273905786672334, 0.0], [31.519660753635584, 30.273903679769642, 0.0], [31.519662048096237, 30.273901489155723, 0.0], [31.51966316334897, 30.273899225503474, 0.0], [31.519664093960053, 30.273896899840867, 0.0], [31.51966483539617, 30.27389452349828, 0.0], [31.51966538404459, 30.27389210805327, 0.0], [31.51966573723263, 30.273889665273465, 0.0], [31.519665893239836, 30.273887207060117, 0.0], [31.51966585130562, 30.273884745388855, 0.0], [31.519665611634938, 30.273882292253347, 0.0], [31.51966517539514, 30.273879859604634, 0.0], [31.519664544711336, 30.27387745929434, 0.0], [31.519663722656503, 30.273875103016795, 0.0], [31.51966271323536, 30.273872802251304, 0.0], [31.51966152136615, 30.273870568207222, 0.0], [31.519660152854936, 30.27386841176851, 0.0], [31.519658614369582, 30.273866343440748, 0.0], [31.51965691340518, 30.273864373301194, 0.0], [31.51965505824872, 30.273862510948142, 0.0], [31.519653057938296, 30.27386076545431, 0.0], [31.519650922218904, 30.27385914532372, 0.0], [31.5196486614964, 30.27385765844995, 0.0], [31.51964628678363, 30.273856312076152, 0.0], [31.519643809651228, 30.273855112762337, 0.0], [31.51964124216686, 30.273854066351475, 0.0]]]]}}, {"type": "Feature", "properties": {"ID": "DH.2-A2", "Telecom_Type": "غرفة اتصالات", "Number_OF_Boxs": null, "Sectors": "القطاع الخامس عشر", "Implementing_company": "المصرية للأتصالات", "Easting": "031° 30' 13.79\" E", "Northing": "30° 16' 26.45\" N", "Google_Map": "https://www.google.com/maps/search/?api=1&query=031° 30' 13.79\" E,30° 16' 26.45\" N", "Shape_Length": 9.00003262613785, "Shape_Area": 5.062536699579339}, "geometry": {"type": "MultiPolygon", "coordinates": [[[[31.503843721688817, 30.274020810242824, 0.0], [31.50383876613755, 30.274000975205126, 0.0], [31.503815913797897, 30.27400527554781, 0.0], [31.50382086934481, 30.27402511058641, 0.0], [31.503843721688817, 30.274020810242824, 0.0]]]]}}, {"type": "Feature", "properties": {"ID": "B5-2", "Telecom_Type": "كابينة", "Number_OF_Boxs": 36.0, "Sectors": "القطاع الثالث عشر", "Implementing_company": "المصرية للأتصالات", "Easting": "031° 31' 21.96\" E", "Northing": "30° 16' 26.06\" N", "Google_Map": "https://www.google.com/maps/search/?api=1&query=031° 31' 21.96\" E,30° 16' 26.06\" N", "Shape_Length": 32.125795994071034, "Shape_Area": 71.02257710156097}, "geometry": {"type": "MultiPolygon", "coordinates": [[[[31.52279958074623, 30.273930226052318, 0.0], [31.522823346378782, 30.273880089385113, 0.0], [31.522748184051046, 30.27385324729845, 0.0], [31.52272441735188, 30.27390338485876, 0.0], [31.522723430309274, 30.273905692982908, 0.0], [31.522722631169522, 30.273908055246604, 0.0], [31.5227220238272, 30.273910460140844, 0.0], [31.522721611239916, 30.27391289594936, 0.0], [31.52272139541818, 30.27391535080477, 0.0], [31.52272137741346, 30.27391781274774, 0.0], [31.52272155731376, 30.273920269783467, 0.0], [31.52272193424275, 30.27392270994147, 0.0], [31.522722506363444, 30.273925121333836, 0.0], [31.522723270888747, 30.273927492212472, 0.0], [31.522724224094453, 30.27392981102658, 0.0], [31.52272536133625, 30.273932066478753, 0.0], [31.522726677073575, 30.273934247581142, 0.0], [31.52272816489622, 30.27393634370736, 0.0], [31.52272981755587, 30.273938344645185, 0.0], [31.52273162700107, 30.27394024064641, 0.0], [31.52273358441587, 30.273942022473612, 0.0], [31.522735680264393, 30.273943681446084, 0.0], [31.52273790433528, 30.273945209481518, 0.0], [31.522740245793674, 30.273946599135332, 0.0], [31.522742693231898, 30.273947843637355, 0.0], [31.52274523472628, 30.2739489369243, 0.0], [31.522747857894934, 30.273949873669935, 0.0], [31.52275054995768, 30.27395064931049, 0.0], [31.52275329779966, 30.273951260066845, 0.0], [31.52275608803302, 30.2739517029637, 0.0], [31.522758907063988, 30.27395197584353, 0.0], [31.522761741159098, 30.273952077376386, 0.0], [31.522764576510045, 30.27395200706778, 0.0], [31.52276739930396, 30.273951765260424, 0.0], [31.522770195787817, 30.273951353132297, 0.0], [31.522772952337846, 30.273950772691315, 0.0], [31.522775655524423, 30.273950026765064, 0.0], [31.522778292177442, 30.27394911898794, 0.0], [31.52278084945122, 30.27394805378235, 0.0], [31.52278331488756, 30.27394683633799, 0.0], [31.522785676474797, 30.27394547258612, 0.0], [31.522787922707412, 30.27394396917078, 0.0], [31.522790042641933, 30.273942333416606, 0.0], [31.5227920259503, 30.273940573292865, 0.0], [31.52279386296987, 30.273938697374536, 0.0], [31.522795544751165, 30.273936714800993, 0.0], [31.522797063100107, 30.273934635231306, 0.0], [31.522798410620442, 30.273932468796712, 0.0], [31.52279958074623, 30.273930226052318, 0.0]]]]}}, {"type": "Feature", "properties": {"ID": "DH.1-A1", "Telecom_Type": "غرفة اتصالات", "Number_OF_Boxs": null, "Sectors": "القطاع الخامس عشر", "Implementing_company": "المصرية للأتصالات", "Easting": "031° 30' 5.88\" E", "Northing": "30° 16' 26.88\" N", "Google_Map": "https://www.google.com/maps/search/?api=1&query=031° 30' 5.88\" E,30° 16' 26.88\" N", "Shape_Length": 3.9741073432708287, "Shape_Area": 0.98022285044633}, "geometry": {"type": "MultiPolygon", "coordinates": [[[[31.50163852867775, 30.274134850750265, 0.0], [31.501635470577412, 30.274126139641712, 0.0], [31.501625792670993, 30.274129982394154, 0.0], [31.501628327840134, 30.27413783945928, 0.0], [31.50163852867775, 30.274134850750265, 0.0]]]]}}, {"type": "Feature", "properties": {"ID": "CH.1-A1", "Telecom_Type": "غرفة اتصالات", "Number_OF_Boxs": null, "Sectors": "القطاع الخامس عشر", "Implementing_company": "المصرية للأتصالات", "Easting": "031° 30' 5.21\" E", "Northing": "30° 16' 27.08\" N", "Google_Map": "https://www.google.com/maps/search/?api=1&query=031° 30' 5.21\" E,30° 16' 27.08\" N", "Shape_Length": 7.687501679476091, "Shape_Area": 3.461529350287156}, "geometry": {"type": "MultiPolygon", "coordinates": [[[[31.501457510337325, 30.27419862313516, 0.0], [31.501450170889367, 30.274177913110822, 0.0], [31.501435900259686, 30.274181720186387, 0.0], [31.501443177578885, 30.27420247555146, 0.0], [31.501457510337325, 30.27419862313516, 0.0]]]]}}, {"type": "Feature", "properties": {"ID": "A1", "Telecom_Type": "كابينة", "Number_OF_Boxs": 94.0, "Sectors": "القطاع الخامس عشر", "Implementing_company": "المصرية للأتصالات", "Easting": "031° 30' 4.29\" E", "Northing": "30° 16' 27.22\" N", "Google_Map": "https://www.google.com/maps/search/?api=1&query=031° 30' 4.29\" E,30° 16' 27.22\" N", "Shape_Length": 18.373655532474324, "Shape_Area": 23.184477538259017}, "geometry": {"type": "MultiPolygon", "coordinates": [[[[31.501218841550465, 30.274248086293007, 0.0], [31.501217615799916, 30.274242055373737, 0.0], [31.501217437131356, 30.274242072293326, 0.0], [31.501216401792387, 30.274236085748818, 0.0], [31.501212638258323, 30.274217578378458, 0.0], [31.501212301046483, 30.274216202326347, 0.0], [31.501211854064614, 30.274214850043055, 0.0], [31.501211299490084, 30.27421352811732, 0.0], [31.501210640025054, 30.274212242989307, 0.0], [31.501209878882182, 30.274211000920594, 0.0], [31.501209019769835, 30.274209807961867, 0.0], [31.501208066873737, 30.27420866992589, 0.0], [31.501207024836297, 30.274207592356795, 0.0], [31.501205898734565, 30.274206580504536, 0.0], [31.50120469405462, 30.274205639298938, 0.0], [31.501203416665497, 30.27420477332536, 0.0], [31.501202072791187, 30.27420398680322, 0.0], [31.501200668978598, 30.274203283563907, 0.0], [31.501199212067448, 30.274202667034153, 0.0], [31.501197709155193, 30.274202140217348, 0.0], [31.501196167564668, 30.274201705680287, 0.0], [31.50119459480633, 30.274201365539803, 0.0], [31.50119299854256, 30.274201121453288, 0.0], [31.501191386550083, 30.274200974609883, 0.0], [31.50118976668317, 30.27420092572505, 0.0], [31.501188146832995, 30.27420097503694, 0.0], [31.501186534892323, 30.27420112230514, 0.0], [31.501184938714037, 30.274201366812278, 0.0], [31.50118336607459, 30.27420170736728, 0.0], [31.501181824635918, 30.274202142310667, 0.0], [31.501180321908357, 30.27420266952358, 0.0], [31.501178865212907, 30.274203286437334, 0.0], [31.501177461646243, 30.27420399004645, 0.0], [31.501176118047088, 30.274204776922968, 0.0], [31.50117484096125, 30.274205643233106, 0.0], [31.501173636610496, 30.27420658475608, 0.0], [31.501172510862865, 30.274207596905022, 0.0], [31.50117146920243, 30.27420867474874, 0.0], [31.501170516704704, 30.274209813036123, 0.0], [31.50116965800974, 30.274211006220945, 0.0], [31.501168897301596, 30.274212248490397, 0.0], [31.501168238285796, 30.27421353379211, 0.0], [31.501167684174042, 30.274214855864038, 0.0], [31.50116723766512, 30.274216208264868, 0.0], [31.50116690093463, 30.274217584406117, 0.0], [31.50116667562324, 30.274218977582773, 0.0], [31.5011665628289, 30.27422038100777, 0.0], [31.501166563100455, 30.274221787843043, 0.0], [31.50116667643725, 30.274223191235095, 0.0], [31.501166902286943, 30.274224584346033, 0.0], [31.501173105565442, 30.27425509226285, 0.0], [31.501218841550465, 30.274248086293007, 0.0]]]]}}, {"type": "Feature", "properties": {"ID": "5011", "Telecom_Type": "غرفة اتصالات", "Number_OF_Boxs": null, "Sectors": "القطاع الثالث عشر", "Implementing_company": "المصرية للأتصالات", "Easting": "031° 31' 25.91\" E", "Northing": "30° 16' 27.07\" N", "Google_Map": "https://www.google.com/maps/search/?api=1&query=031° 31' 25.91\" E,30° 16' 27.07\" N", "Shape_Length": 31.25339566933755, "Shape_Area": 52.017460918662216}, "geometry": {"type": "MultiPolygon", "coordinates": [[[[31.523925733651073, 30.274182582823233, 0.0], [31.523821110328264, 30.274146849401447, 0.0], [31.523802812860225, 30.274187208773853, 0.0], [31.523907436219666, 30.274222942209608, 0.0], [31.523925733651073, 30.274182582823233, 0.0]]]]}}, {"type": "Feature", "properties": {"ID": "CH.2-A1", "Telecom_Type": "غرفة اتصالات", "Number_OF_Boxs": null, "Sectors": "القطاع الخامس عشر", "Implementing_company": "المصرية للأتصالات", "Easting": "031° 30' 5.67\" E", "Northing": "30° 16' 28.0\" N", "Google_Map": "https://www.google.com/maps/search/?api=1&query=031° 30' 5.67\" E,30° 16' 28.0\" N", "Shape_Length": 7.711770574995361, "Shape_Area": 3.472539910798244}, "geometry": {"type": "MultiPolygon", "coordinates": [[[[31.501583980834724, 30.27445347867816, 0.0], [31.50157779420448, 30.274432420573383, 0.0], [31.501563051406947, 30.27443555293251, 0.0], [31.50156983091139, 30.274456707996126, 0.0], [31.501583980834724, 30.27445347867816, 0.0]]]]}}, {"type": "Feature", "properties": {"ID": "DH.5-A1", "Telecom_Type": "غرفة اتصالات", "Number_OF_Boxs": null, "Sectors": "القطاع الخامس عشر", "Implementing_company": "المصرية للأتصالات", "Easting": "031° 29' 59.94\" E", "Northing": "30° 16' 28.36\" N", "Google_Map": "https://www.google.com/maps/search/?api=1&query=031° 29' 59.94\" E,30° 16' 28.36\" N", "Shape_Length": 4.2178052139760505, "Shape_Area": 1.1111678005260721}, "geometry": {"type": "MultiPolygon", "coordinates": [[[[31.49998870870806, 30.274548026013292, 157.45500000000175], [31.499986457801274, 30.27453860909345, 157.45500000000175], [31.499976072483914, 30.27454007391623, 157.45500000000175], [31.499977742005957, 30.274549611220678, 157.45500000000175], [31.49998870870806, 30.274548026013292, 157.45500000000175]]]]}}, {"type": "Feature", "properties": {"ID": "DH.6-A1", "Telecom_Type": "غرفة اتصالات", "Number_OF_Boxs": null, "Sectors": "القطاع الخامس عشر", "Implementing_company": "المصرية للأتصالات", "Easting": "031° 30' 0.05\" E", "Northing": "30° 16' 28.77\" N", "Google_Map": "https://www.google.com/maps/search/?api=1&query=031° 30' 0.05\" E,30° 16' 28.77\" N", "Shape_Length": 4.144167070331368, "Shape_Area": 1.0732006452385554}, "geometry": {"type": "MultiPolygon", "coordinates": [[[[31.500021324274222, 30.27466111951446, 0.0], [31.50001999979939, 30.274651995837516, 0.0], [31.500009227522995, 30.274652983150613, 0.0], [31.50001049132441, 30.274662234247742, 0.0], [31.500021324274222, 30.27466111951446, 0.0]]]]}}, {"type": "Feature", "properties": {"ID": "كبينة رقم 12", "Telecom_Type": "كابينة", "Number_OF_Boxs": null, "Sectors": "القطاع الرابع عشر", "Implementing_company": "المصرية للأتصالات", "Easting": "031° 30' 45.74\" E", "Northing": "30° 16' 28.92\" N", "Google_Map": "https://www.google.com/maps/search/?api=1&query=031° 30' 45.74\" E,30° 16' 28.92\" N", "Shape_Length": 32.12558517157215, "Shape_Area": 71.02154628509527}, "geometry": {"type": "MultiPolygon", "coordinates": [[[[31.51274316133315, 30.27471751305051, 0.0], [31.51275110501858, 30.274663738929164, 0.0], [31.512670488810553, 30.274654766584163, 0.0], [31.512662545081735, 30.274708540701187, 0.0], [31.512662282693345, 30.274710992129187, 0.0], [31.512662217962117, 30.27471345347228, 0.0], [31.51266235120486, 30.27471591273861, 0.0], [31.51266268177129, 30.27471835794706, 0.0], [31.512663208050952, 30.274720777184395, 0.0], [31.512663927480116, 30.274723158664337, 0.0], [31.512664836553796, 30.274725490784384, 0.0], [31.51266593084312, 30.2747277621825, 0.0], [31.512667205016314, 30.274729961792403, 0.0], [31.512668652866292, 30.274732078897987, 0.0], [31.512670267338766, 30.27473410318438, 0.0], [31.512672040568127, 30.274736024789593, 0.0], [31.512673963915216, 30.274737834351757, 0.0], [31.51267602800992, 30.274739523054308, 0.0], [31.512678222795746, 30.274741082670605, 0.0], [31.512680537579865, 30.274742505601402, 0.0], [31.51268296108443, 30.274743784914886, 0.0], [31.512685481502793, 30.274744914378115, 0.0], [31.512688086555105, 30.274745888488283, 0.0], [31.512690763549802, 30.274746702499844, 0.0], [31.5126934994447, 30.274747352446365, 0.0], [31.512696280910653, 30.274747835162025, 0.0], [31.512699094396314, 30.274748148294577, 0.0], [31.51270192619448, 30.274748290318776, 0.0], [31.512704762508747, 30.274748260542218, 0.0], [31.512707589520723, 30.274748059110376, 0.0], [31.51271039345726, 30.274747687004535, 0.0], [31.512713160657597, 30.274747146037623, 0.0], [31.512715877640247, 30.27474643884522, 0.0], [31.512718531167945, 30.274745568872557, 0.0], [31.512721108312977, 30.27474454035802, 0.0], [31.512723596519262, 30.27474335831306, 0.0], [31.5127259836648, 30.274742028495847, 0.0], [31.51272825811917, 30.274740557385755, 0.0], [31.512730408801584, 30.27473895214988, 0.0], [31.512732425233622, 30.27473722060865, 0.0], [31.512734297591464, 30.274735371198435, 0.0], [31.51273601675329, 30.274733412929027, 0.0], [31.512737574343088, 30.274731355341235, 0.0], [31.51273896277252, 30.27472920845981, 0.0], [31.512740175277226, 30.274726982744028, 0.0], [31.512741205949652, 30.274724689037406, 0.0], [31.512742049768597, 30.274722338515165, 0.0], [31.51274270262361, 30.27471994262853, 0.0], [31.51274316133315, 30.27471751305051, 0.0]]]]}}, {"type": "Feature", "properties": {"ID": "B2-2", "Telecom_Type": "كابينة", "Number_OF_Boxs": 29.0, "Sectors": "القطاع الرابع عشر", "Implementing_company": "المصرية للأتصالات", "Easting": "031° 30' 53.48\" E", "Northing": "30° 16' 29.02\" N", "Google_Map": "https://www.google.com/maps/search/?api=1&query=031° 30' 53.48\" E,30° 16' 29.02\" N", "Shape_Length": 32.12569760229205, "Shape_Area": 71.02198592608737}, "geometry": {"type": "MultiPolygon", "coordinates": [[[[31.514907859903026, 30.27469928157691, 0.0], [31.514845904068473, 30.274692386892383, 0.0], [31.5148430797279, 30.27469215923336, 0.0], [31.514840243971168, 30.27469210313036, 0.0], [31.51483741061316, 30.274692218856828, 0.0], [31.514834593457646, 30.274692505848428, 0.0], [31.514831806229424, 30.27469296270752, 0.0], [31.51482906250771, 30.274693587207867, 0.0], [31.514826375659357, 30.274694376307593, 0.0], [31.514823758774472, 30.274695326161584, 0.0], [31.514821224602105, 30.274696432142942, 0.0], [31.51481878548841, 30.274697688862915, 0.0], [31.51481645331638, 30.27469909019952, 0.0], [31.514814239448125, 30.27470062932503, 0.0], [31.514812154669215, 30.27470229874137, 0.0], [31.514810209136964, 30.27470409031552, 0.0], [31.51480841232902, 30.274705995318694, 0.0], [31.51480677299955, 30.27470800447014, 0.0], [31.514805299134977, 30.274710107981797, 0.0], [31.514803997916214, 30.274712295605333, 0.0], [31.51480287568238, 30.27471455668308, 0.0], [31.51480193790071, 30.274716880199236, 0.0], [31.51480118914019, 30.27471925483417, 0.0], [31.514800633048612, 30.274721669018703, 0.0], [31.51480027233524, 30.27472411099132, 0.0], [31.514800108757104, 30.27472656885501, 0.0], [31.51480014311198, 30.2747290306356, 0.0], [31.51480037523176, 30.274731484339338, 0.0], [31.514800803985622, 30.274733918011933, 0.0], [31.514801427285253, 30.274736319797316, 0.0], [31.51480224209354, 30.27473867799413, 0.0], [31.51480324444124, 30.27474098111337, 0.0], [31.514804429444656, 30.274743217934624, 0.0], [31.514805791330698, 30.274745377560368, 0.0], [31.514807323465, 30.274747449469306, 0.0], [31.51480901838226, 30.27474942356687, 0.0], [31.514810867825844, 30.27475129023629, 0.0], [31.51481286278513, 30.274753040382596, 0.0], [31.514814993541062, 30.274754665479822, 0.0], [31.514817249712735, 30.274756157610774, 0.0], [31.514819620308753, 30.27475750950526, 0.0], [31.514822093779102, 30.27475871457768, 0.0], [31.5148246580739, 30.27475976695699, 0.0], [31.51482730070048, 30.274760661515888, 0.0], [31.514830008783065, 30.274761393896224, 0.0], [31.514832769129693, 30.27476196053014, 0.0], [31.51483556829185, 30.274762358656908, 0.0], [31.51489752416978, 30.274769253345706, 0.0], [31.514907859903026, 30.27469928157691, 0.0]]]]}}, {"type": "Feature", "properties": {"ID": "كبينة رقم 13", "Telecom_Type": "كابينة", "Number_OF_Boxs": null, "Sectors": "القطاع الرابع عشر", "Implementing_company": "المصرية للأتصالات", "Easting": "031° 30' 47.6\" E", "Northing": "30° 16' 29.14\" N", "Google_Map": "https://www.google.com/maps/search/?api=1&query=031° 30' 47.6\" E,30° 16' 29.14\" N", "Shape_Length": 32.12570694951263, "Shape_Area": 71.02202247277899}, "geometry": {"type": "MultiPolygon", "coordinates": [[[[31.51326141555415, 30.274779654939437, 0.0], [31.51326935999561, 30.274725879884265, 0.0], [31.513188743694442, 30.27471690785958, 0.0], [31.513180799209593, 30.274770682910425, 0.0], [31.513180536872202, 30.274773134321663, 0.0], [31.513180472189568, 30.27477559564483, 0.0], [31.513180605477128, 30.274778054888824, 0.0], [31.513180936084968, 30.274780500072012, 0.0], [31.51318146240294, 30.274782919282, 0.0], [31.513182181866277, 30.274785300732784, 0.0], [31.51318309097028, 30.274787632822107, 0.0], [31.51318418528567, 30.274789904188527, 0.0], [31.51318545948155, 30.27479210376574, 0.0], [31.513186907349862, 30.274794220838004, 0.0], [31.51318852183655, 30.274796245091224, 0.0], [31.513190295076594, 30.274798166663448, 0.0], [31.51319221843045, 30.27479997619287, 0.0], [31.51319428252797, 30.274801664863784, 0.0], [31.513196477313237, 30.27480322444899, 0.0], [31.513198792093675, 30.274804647350642, 0.0], [31.51320121559139, 30.274805926636226, 0.0], [31.51320373599971, 30.274807056073588, 0.0], [31.51320634103967, 30.274808030159978, 0.0], [31.513209018019367, 30.27480884414994, 0.0], [31.513211753897213, 30.274809494077587, 0.0], [31.51321453534434, 30.27480997677638, 0.0], [31.513217348809693, 30.274810289895143, 0.0], [31.51322018058637, 30.274810431908428, 0.0], [31.51322301687827, 30.274810402123705, 0.0], [31.513225843867602, 30.274810200686662, 0.0], [31.513228647781215, 30.274809828578693, 0.0], [31.51323141495926, 30.2748092876122, 0.0], [31.51323413191968, 30.274808580423137, 0.0], [31.513236785426137, 30.27480771045676, 0.0], [31.513239362551207, 30.274806681951237, 0.0], [31.513241850739178, 30.274805499917782, 0.0], [31.513244237868044, 30.274804170114606, 0.0], [31.513246512307727, 30.274802699020388, 0.0], [31.51324866297778, 30.274801093802726, 0.0], [31.513250679400148, 30.27479936228131, 0.0], [31.513252551751325, 30.274797512892558, 0.0], [31.513254270909243, 30.274795554645753, 0.0], [31.513255828498238, 30.274793497081998, 0.0], [31.513257216930015, 30.274791350225005, 0.0], [31.51325842944056, 30.27478912453435, 0.0], [31.513259460122416, 30.274786830853024, 0.0], [31.513260303953768, 30.274784480355716, 0.0], [31.513260956825018, 30.274782084493697, 0.0], [31.51326141555415, 30.274779654939437, 0.0]]]]}}, {"type": "Feature", "properties": {"ID": "B3-1", "Telecom_Type": "كابينة", "Number_OF_Boxs": 21.0, "Sectors": "القطاع الثالث عشر", "Implementing_company": "المصرية للأتصالات", "Easting": "031° 31' 2.05\" E", "Northing": "30° 16' 29.98\" N", "Google_Map": "https://www.google.com/maps/search/?api=1&query=031° 31' 2.05\" E,30° 16' 29.98\" N", "Shape_Length": 32.12574049457544, "Shape_Area": 71.02208260788075}, "geometry": {"type": "MultiPolygon", "coordinates": [[[[31.51725689327842, 30.27496198406499, 0.0], [31.51719492009685, 30.274955211437582, 0.0], [31.51718476690849, 30.27502520430133, 0.0], [31.51724674012876, 30.275031976030924, 0.0], [31.51724956508025, 30.2750321981561, 0.0], [31.5172524010026, 30.27503224870101, 0.0], [31.517255234078682, 30.275032127420104, 0.0], [31.517258050506168, 30.275031834903746, 0.0], [31.51726083656407, 30.275031372577473, 0.0], [31.51726357867824, 30.275030742693325, 0.0], [31.517266263489734, 30.27502994832055, 0.0], [31.517268877918507, 30.275028993328686, 0.0], [31.517271409226847, 30.27502788237088, 0.0], [31.517273845082443, 30.27502662085919, 0.0], [31.517276173618296, 30.275025214939973, 0.0], [31.517278383489618, 30.275023671462353, 0.0], [31.517280463930227, 30.275021997946556, 0.0], [31.517282404804558, 30.27502020254566, 0.0], [31.51728419665653, 30.275018294006525, 0.0], [31.51728583075649, 30.2750162816275, 0.0], [31.517287299143415, 30.275014175212807, 0.0], [31.517288594663334, 30.275011985024793, 0.0], [31.517289711004434, 30.275009721733774, 0.0], [31.517290642727975, 30.275007396366362, 0.0], [31.517291385295078, 30.275005020251477, 0.0], [31.51729193508772, 30.27500260496532, 0.0], [31.517292289427317, 30.27500016227521, 0.0], [31.51729244658754, 30.274997704081844, 0.0], [31.517292405803182, 30.274995242360912, 0.0], [31.51729216727241, 30.274992789106037, 0.0], [31.517291732157652, 30.274990356269438, 0.0], [31.517291102578803, 30.274987955703306, 0.0], [31.51729028160272, 30.27498559910311, 0.0], [31.517289273229576, 30.27498329795018, 0.0], [31.51728808237215, 30.27498106345526, 0.0], [31.51728671483164, 30.27497890650491, 0.0], [31.517285177271162, 30.274976837607497, 0.0], [31.517283477181607, 30.274974866842634, 0.0], [31.517281622845186, 30.27497300381168, 0.0], [31.51727962329683, 30.274971257591062, 0.0], [31.51727748827742, 30.27496963668846, 0.0], [31.51727522818905, 30.27496814900038, 0.0], [31.517272854042385, 30.274966801775125, 0.0], [31.517270377404515, 30.274965601576024, 0.0], [31.51726781034085, 30.27496455425042, 0.0], [31.51726516535862, 30.274963664900845, 0.0], [31.517262455343175, 30.274962937859883, 0.0], [31.517259693498097, 30.27496237667016, 0.0], [31.51725689327842, 30.27496198406499, 0.0]]]]}}, {"type": "Feature", "properties": {"ID": "DH.1-A2", "Telecom_Type": "غرفة اتصالات", "Number_OF_Boxs": null, "Sectors": "القطاع الخامس عشر", "Implementing_company": "المصرية للأتصالات", "Easting": "031° 30' 17.69\" E", "Northing": "30° 16' 30.37\" N", "Google_Map": "https://www.google.com/maps/search/?api=1&query=031° 30' 17.69\" E,30° 16' 30.37\" N", "Shape_Length": 9.000103974906608, "Shape_Area": 5.062616969205482}, "geometry": {"type": "MultiPolygon", "coordinates": [[[[31.504926860822405, 30.27509414562036, 0.0], [31.504903567691617, 30.275092357225006, 0.0], [31.504901507220513, 30.275112574631784, 0.0], [31.504924800351432, 30.275114362125404, 0.0], [31.504926860822405, 30.27509414562036, 0.0]]]]}}, {"type": "Feature", "properties": {"ID": "كبينة رقم 14", "Telecom_Type": "كابينة", "Number_OF_Boxs": null, "Sectors": "القطاع الثالث عشر", "Implementing_company": "المصرية للأتصالات", "Easting": "031° 31' 22.56\" E", "Northing": "30° 16' 30.26\" N", "Google_Map": "https://www.google.com/maps/search/?api=1&query=031° 31' 22.56\" E,30° 16' 30.26\" N", "Shape_Length": 32.12575870063188, "Shape_Area": 71.02210516729629}, "geometry": {"type": "MultiPolygon", "coordinates": [[[[31.52299410639934, 30.27505435025571, 0.0], [31.522936341282957, 30.275033722569713, 0.0], [31.522933682057904, 30.27503286586739, 0.0], [31.522930960459234, 30.275032172255433, 0.0], [31.5229281897453, 30.275031645113746, 0.0], [31.522925383415238, 30.27503128701033, 0.0], [31.52292255514069, 30.27503109968949, 0.0], [31.522919718701356, 30.275031084064118, 0.0], [31.522916887915517, 30.275031240210314, 0.0], [31.522914076574455, 30.27503156736737, 0.0], [31.522911298374577, 30.27503206394112, 0.0], [31.522908566851218, 30.275032727512684, 0.0], [31.522905895312075, 30.275033554849294, 0.0], [31.522903296772274, 30.2750345419198, 0.0], [31.522900783891597, 30.275035683915732, 0.0], [31.522898368912653, 30.275036975273217, 0.0], [31.52289606360063, 30.275038409700908, 0.0], [31.522893879187087, 30.275039980210735, 0.0], [31.522891826314357, 30.275041679150974, 0.0], [31.522889914983132, 30.275043498245072, 0.0], [31.522888154505928, 30.275045428629927, 0.0], [31.522886553458864, 30.275047460901796, 0.0], [31.52288511964273, 30.275049585158897, 0.0], [31.522883860042302, 30.275051791052483, 0.0], [31.522882780794944, 30.275054067836013, 0.0], [31.52288188715784, 30.275056404416738, 0.0], [31.522881183485346, 30.275058789411148, 0.0], [31.52288067320504, 30.275061211200146, 0.0], [31.522880358803608, 30.27506365798507, 0.0], [31.52288024181242, 30.275066117845224, 0.0], [31.52288032280179, 30.27506857879682, 0.0], [31.52288060137657, 30.27507102884998, 0.0], [31.52288107618018, 30.275073456068338, 0.0], [31.522881744898942, 30.275075848627225, 0.0], [31.522882604275416, 30.275078194869934, 0.0], [31.52288365012259, 30.275080483366068, 0.0], [31.522884877345295, 30.275082702966298, 0.0], [31.522886279964595, 30.275084842856813, 0.0], [31.52288785114726, 30.2750868926127, 0.0], [31.52288958323844, 30.27508884224757, 0.0], [31.522891467799493, 30.275090682262853, 0.0], [31.522893495649722, 30.275092403694714, 0.0], [31.52289565690897, 30.275093998156024, 0.0], [31.522897941048427, 30.275095457878646, 0.0], [31.522900336939365, 30.275096775751386, 0.0], [31.52290283290946, 30.275097945353917, 0.0], [31.522905416799354, 30.275098960987446, 0.0], [31.522963181952687, 30.27511958958855, 0.0], [31.52299410639934, 30.27505435025571, 0.0]]]]}}, {"type": "Feature", "properties": {"ID": "5012", "Telecom_Type": "غرفة اتصالات", "Number_OF_Boxs": null, "Sectors": "القطاع الثاني عشر", "Implementing_company": "المصرية للأتصالات", "Easting": "031° 31' 34.89\" E", "Northing": "30° 16' 30.28\" N", "Google_Map": "https://www.google.com/maps/search/?api=1&query=031° 31' 34.89\" E,30° 16' 30.28\" N", "Shape_Length": 31.25339566933755, "Shape_Area": 52.017460918662216}, "geometry": {"type": "MultiPolygon", "coordinates": [[[[31.526421061179185, 30.275074097815136, 0.0], [31.526316436032953, 30.275038366413963, 0.0], [31.526298139431706, 30.275078726119478, 0.0], [31.52640276461457, 30.27511445753464, 0.0], [31.526421061179185, 30.275074097815136, 0.0]]]]}}, {"type": "Feature", "properties": {"ID": "كبينة رقم 15", "Telecom_Type": "كابينة", "Number_OF_Boxs": null, "Sectors": "القطاع الثالث عشر", "Implementing_company": "المصرية للأتصالات", "Easting": "031° 31' 12.66\" E", "Northing": "30° 16' 30.6\" N", "Google_Map": "https://www.google.com/maps/search/?api=1&query=031° 31' 12.66\" E,30° 16' 30.6\" N", "Shape_Length": 32.12582548869972, "Shape_Area": 71.02257675343671}, "geometry": {"type": "MultiPolygon", "coordinates": [[[[31.520215594106105, 30.27519231746939, 0.0], [31.520240153756543, 30.275142468577776, 0.0], [31.520165422932333, 30.275114731179873, 0.0], [31.520140863250596, 30.275164580058018, 0.0], [31.520139839678084, 30.275166876145555, 0.0], [31.52013900313162, 30.275169228612373, 0.0], [31.52013835768769, 30.27517162599786, 0.0], [31.52013790648994, 30.275174056621832, 0.0], [31.520137651736746, 30.27517650864289, 0.0], [31.520137594669194, 30.275178970115135, 0.0], [31.520137735565495, 30.27518142904656, 0.0], [31.52013807373911, 30.275183873457838, 0.0], [31.520138607542474, 30.275186291439553, 0.0], [31.52013933437506, 30.2751886712122, 0.0], [31.520140250696045, 30.27519100118139, 0.0], [31.52014135204102, 30.275193269996002, 0.0], [31.52014263304459, 30.275195466602824, 0.0], [31.52014408746546, 30.275197580300233, 0.0], [31.52014570821827, 30.275199600790543, 0.0], [31.520147487407005, 30.275201518230112, 0.0], [31.520149416363648, 30.27520332327755, 0.0], [31.520151485690278, 30.27520500713876, 0.0], [31.520153685305683, 30.27520656161029, 0.0], [31.52015600449332, 30.275207979118942, 0.0], [31.520158431955075, 30.275209252758604, 0.0], [31.52016095586412, 30.27521037632481, 0.0], [31.520163563924484, 30.275211344343166, 0.0], [31.520166243430094, 30.275212152097964, 0.0], [31.520168981326503, 30.275212795653683, 0.0], [31.520171764275446, 30.275213271875167, 0.0], [31.520174578718375, 30.275213578442106, 0.0], [31.52017741094377, 30.275213713861238, 0.0], [31.52018024715372, 30.275213677472756, 0.0], [31.520183073530287, 30.275213469453767, 0.0], [31.520185876303575, 30.275213090817523, 0.0], [31.520188641819292, 30.275212543409424, 0.0], [31.520191356603984, 30.275211829895664, 0.0], [31.52019400743131, 30.2752109537528, 0.0], [31.520196581387278, 30.275209919248926, 0.0], [31.52019906593178, 30.275208731424406, 0.0], [31.52020144896008, 30.27520739606568, 0.0], [31.520203718862792, 30.27520591967906, 0.0], [31.520205864581413, 30.27520430945668, 0.0], [31.520207875661452, 30.275202573243835, 0.0], [31.520209742306136, 30.27520071949895, 0.0], [31.520211455421034, 30.27519875725317, 0.0], [31.520213006659727, 30.275196696066025, 0.0], [31.52021438846565, 30.27519454597974, 0.0], [31.520215594106105, 30.27519231746939, 0.0]]]]}}, {"type": "Feature", "properties": {"ID": "DH", "Telecom_Type": "غرفة اتصالات", "Number_OF_Boxs": null, "Sectors": "القطاع الرابع عشر", "Implementing_company": "المصرية للأتصالات", "Easting": "031° 30' 39.9\" E", "Northing": "30° 16' 30.99\" N", "Google_Map": "https://www.google.com/maps/search/?api=1&query=031° 30' 39.9\" E,30° 16' 30.99\" N", "Shape_Length": 34.01228464144576, "Shape_Area": 70.37674939951052}, "geometry": {"type": "MultiPolygon", "coordinates": [[[[31.511137268454842, 30.275248769890123, 0.0], [31.511035159178686, 30.27523850918805, 0.0], [31.51102665505565, 30.275302267445728, 0.0], [31.51112876335788, 30.275312528157666, 0.0], [31.511137268454842, 30.275248769890123, 0.0]]]]}}, {"type": "Feature", "properties": {"ID": "B5-3", "Telecom_Type": "كابينة", "Number_OF_Boxs": 23.0, "Sectors": "القطاع الثالث عشر", "Implementing_company": "المصرية للأتصالات", "Easting": "031° 31' 23.89\" E", "Northing": "30° 16' 31.66\" N", "Google_Map": "https://www.google.com/maps/search/?api=1&query=031° 31' 23.89\" E,30° 16' 31.66\" N", "Shape_Length": 32.125613297923245, "Shape_Area": 71.02158532053328}, "geometry": {"type": "MultiPolygon", "coordinates": [[[[31.52333557445856, 30.275487636480698, 0.0], [31.523359340180047, 30.275437499726905, 0.0], [31.52328417651789, 30.27541065796994, 0.0], [31.523260410769034, 30.275460795612695, 0.0], [31.523259423722042, 30.275463103709075, 0.0], [31.523258624579178, 30.275465465944308, 0.0], [31.523258017234, 30.27546787080955, 0.0], [31.523257604644908, 30.275470306588463, 0.0], [31.523257388822106, 30.275472761414544, 0.0], [31.52325737081731, 30.275475223327597, 0.0], [31.523257550718146, 30.275477680333918, 0.0], [31.52325792764819, 30.275480120462518, 0.0], [31.523258499771305, 30.275482531825965, 0.0], [31.523259264299675, 30.27548490267597, 0.0], [31.523260217508938, 30.275487221462, 0.0], [31.523261354754982, 30.275489476887255, 0.0], [31.523262670497417, 30.27549165796329, 0.0], [31.523264158326153, 30.275493754064346, 0.0], [31.523265810992406, 30.275495754978238, 0.0], [31.523267620444546, 30.275497650956485, 0.0], [31.523269577867353, 30.275499432762523, 0.0], [31.523271673723812, 30.275501091714915, 0.0], [31.523273897803936, 30.275502619732173, 0.0], [31.523276239271706, 30.27550400936926, 0.0], [31.52327868671953, 30.275505253855997, 0.0], [31.52328122822415, 30.275506347129983, 0.0], [31.523283851403136, 30.275507283864275, 0.0], [31.52328654347671, 30.275508059495376, 0.0], [31.52328929132945, 30.275508670244502, 0.0], [31.523292081573945, 30.27550911313586, 0.0], [31.52329490061645, 30.27550938601231, 0.0], [31.523297734722707, 30.275509487543864, 0.0], [31.52330057008507, 30.275509417236197, 0.0], [31.523303392890167, 30.27550917543148, 0.0], [31.523306189385103, 30.275508763308288, 0.0], [31.52330894594615, 30.27550818287408, 0.0], [31.52331164914324, 30.27550743695649, 0.0], [31.523314285806666, 30.275506529190253, 0.0], [31.523316843090868, 30.27550546399725, 0.0], [31.523319308536895, 30.275504246567536, 0.0], [31.523321670133228, 30.275502882831862, 0.0], [31.523323916374814, 30.275501379434576, 0.0], [31.523326036317723, 30.27549974370012, 0.0], [31.52332801963381, 30.27549798359724, 0.0], [31.52332985666061, 30.275496107701503, 0.0], [31.52333153844827, 30.27549412515178, 0.0], [31.523333056802947, 30.2754920456069, 0.0], [31.52333440432806, 30.2754898791981, 0.0], [31.52333557445856, 30.275487636480698, 0.0]]]]}}, {"type": "Feature", "properties": {"ID": "B2", "Telecom_Type": "كابينة", "Number_OF_Boxs": 27.0, "Sectors": "القطاع الرابع عشر", "Implementing_company": "المصرية للأتصالات", "Easting": "031° 30' 52.58\" E", "Northing": "30° 16' 32.32\" N", "Google_Map": "https://www.google.com/maps/search/?api=1&query=031° 30' 52.58\" E,30° 16' 32.32\" N", "Shape_Length": 32.12559466932258, "Shape_Area": 71.02158342824094}, "geometry": {"type": "MultiPolygon", "coordinates": [[[[31.514657206443626, 30.275613429135113, 0.0], [31.514595251088853, 30.27560653433531, 0.0], [31.51459242670398, 30.275606306640125, 0.0], [31.514589590899565, 30.27560625050384, 0.0], [31.51458675749156, 30.275606366199185, 0.0], [31.514583940283973, 30.275606653162907, 0.0], [31.51458115300199, 30.275607109996596, 0.0], [31.514578409225294, 30.27560773447508, 0.0], [31.514575722321197, 30.27560852355547, 0.0], [31.51457310538054, 30.275609473393725, 0.0], [31.514570571152486, 30.27561057936216, 0.0], [31.51456813198395, 30.275611836072574, 0.0], [31.51456579975838, 30.275613237402503, 0.0], [31.51456358583829, 30.27561477652423, 0.0], [31.514561501009375, 30.275616445939942, 0.0], [31.51455955542935, 30.27561823751586, 0.0], [31.514557758576956, 30.27562014252375, 0.0], [31.514556119205803, 30.275622151682285, 0.0], [31.514554645303335, 30.27562425520321, 0.0], [31.51455334405025, 30.275626442837943, 0.0], [31.51455222178609, 30.275628703928813, 0.0], [31.514551283978438, 30.275631027459703, 0.0], [31.514550535196683, 30.275633402110827, 0.0], [31.514549979088045, 30.27563581631237, 0.0], [31.514549618362764, 30.27563825830318, 0.0], [31.514549454777633, 30.275640716185386, 0.0], [31.51454948913011, 30.27564317798486, 0.0], [31.51454972125246, 30.275645631707235, 0.0], [31.514550150014163, 30.27564806539861, 0.0], [31.514550773325993, 30.275650467201995, 0.0], [31.51455158815146, 30.275652825416113, 0.0], [31.51455259052067, 30.275655128551342, 0.0], [31.51455377555025, 30.27565736538732, 0.0], [31.514555137466445, 30.275659525026487, 0.0], [31.514556669634853, 30.275661596946748, 0.0], [31.514558364589806, 30.27566357105378, 0.0], [31.51456021407462, 30.27566543773024, 0.0], [31.514562209077692, 30.275667187881474, 0.0], [31.514564339880497, 30.27566881298091, 0.0], [31.51456659610083, 30.275670305111326, 0.0], [31.51456896674751, 30.27567165700285, 0.0], [31.51457144027012, 30.275672862069275, 0.0], [31.51457400461806, 30.27567391443928, 0.0], [31.51457664729765, 30.27567480898634, 0.0], [31.51457935543421, 30.275675541351458, 0.0], [31.51458211583409, 30.275676107967353, 0.0], [31.51458491504826, 30.27567650607345, 0.0], [31.514646870446413, 30.27568340087756, 0.0], [31.514657206443626, 30.275613429135113, 0.0]]]]}}, {"type": "Feature", "properties": {"ID": "B4-2", "Telecom_Type": "كابينة", "Number_OF_Boxs": 26.0, "Sectors": "القطاع الثالث عشر", "Implementing_company": "المصرية للأتصالات", "Easting": "031° 31' 16.66\" E", "Northing": "30° 16' 32.57\" N", "Google_Map": "https://www.google.com/maps/search/?api=1&query=031° 31' 16.66\" E,30° 16' 32.57\" N", "Shape_Length": 32.12554659624336, "Shape_Area": 71.02135933059289}, "geometry": {"type": "MultiPolygon", "coordinates": [[[[31.52135437728359, 30.275696016721948, 0.0], [31.52129661316026, 30.27567538831077, 0.0], [31.52129395392209, 30.27567453153831, 0.0], [31.521291232303334, 30.27567383785753, 0.0], [31.52128846156356, 30.275673310648582, 0.0], [31.521285655201563, 30.27567295247988, 0.0], [31.521282826889962, 30.27567276509649, 0.0], [31.52127999040791, 30.27567274941117, 0.0], [31.521277159575003, 30.275672905500187, 0.0], [31.521274348182654, 30.275673232603577, 0.0], [31.52127156992832, 30.275673729127316, 0.0], [31.52126883834681, 30.275674392652434, 0.0], [31.521266166746926, 30.275675219946276, 0.0], [31.521263568143944, 30.27567620697849, 0.0], [31.521261055198746, 30.275677348939873, 0.0], [31.521258640154105, 30.275678640267248, 0.0], [31.521256334775998, 30.275680074669207, 0.0], [31.521254150296183, 30.275681645157185, 0.0], [31.521252097357205, 30.275683344080196, 0.0], [31.521250185961197, 30.27568516316099, 0.0], [31.5212484254199, 30.275687093536824, 0.0], [31.521246824311266, 30.275689125803535, 0.0], [31.521245390435343, 30.27569125005948, 0.0], [31.52124413077804, 30.275693455955373, 0.0], [31.521243051476638, 30.27569573274481, 0.0], [31.521242157789167, 30.275698069334563, 0.0], [31.52124145406988, 30.275700454341422, 0.0], [31.52124094374687, 30.275702876145555, 0.0], [31.521240629306714, 30.275705322948028, 0.0], [31.521240512281647, 30.27570778282789, 0.0], [31.521240593241235, 30.275710243800855, 0.0], [31.52124087179144, 30.275712693877274, 0.0], [31.521241346575263, 30.275715121120538, 0.0], [31.521242015279192, 30.275717513704844, 0.0], [31.521242874645655, 30.27571985997397, 0.0], [31.521243920487795, 30.2757221484967, 0.0], [31.5212451477103, 30.27572436812361, 0.0], [31.521246550334354, 30.275726508040528, 0.0], [31.521248121526217, 30.275728557822216, 0.0], [31.521249853631197, 30.27573050748193, 0.0], [31.521251738210402, 30.27573234752098, 0.0], [31.521253766082296, 30.27573406897487, 0.0], [31.521255927367445, 30.275735663456892, 0.0], [31.521258211535823, 30.275737123198546, 0.0], [31.521260607459368, 30.275738441087913, 0.0], [31.52126310346437, 30.27573961070451, 0.0], [31.52126568739153, 30.275740626349922, 0.0], [31.521323451547, 30.27576125477417, 0.0], [31.52135437728359, 30.275696016721948, 0.0]]]]}}, {"type": "Feature", "properties": {"ID": "كبينة رقم 16", "Telecom_Type": "كابينة", "Number_OF_Boxs": null, "Sectors": "القطاع الثالث عشر", "Implementing_company": "المصرية للأتصالات", "Easting": "031° 31' 5.88\" E", "Northing": "30° 16' 32.72\" N", "Google_Map": "https://www.google.com/maps/search/?api=1&query=031° 31' 5.88\" E,30° 16' 32.72\" N", "Shape_Length": 32.125779297940824, "Shape_Area": 71.02259491066805}, "geometry": {"type": "MultiPolygon", "coordinates": [[[[31.51833850369648, 30.27577295125162, 0.0], [31.518346305056042, 30.275719161147727, 0.0], [31.51826566445297, 30.27571035021446, 0.0], [31.51825786201069, 30.27576414031824, 0.0], [31.518257606148975, 30.27576659228696, 0.0], [31.51825754797368, 30.275769053774326, 0.0], [31.518257687769374, 30.27577151278766, 0.0], [31.51825802485412, 30.27577395734693, 0.0], [31.51825855758586, 30.275776375542552, 0.0], [31.518259283369176, 30.275778755592796, 0.0], [31.518260198667804, 30.275781085902683, 0.0], [31.518261299023074, 30.275783355119113, 0.0], [31.518262579073806, 30.275785552186353, 0.0], [31.518264032583783, 30.27578766640025, 0.0], [31.518265652471513, 30.275789687461153, 0.0], [31.518267430845118, 30.275791605522013, 0.0], [31.51826935904043, 30.275793411238112, 0.0], [31.51827142766363, 30.275795095812498, 0.0], [31.51827362663606, 30.27579665103808, 0.0], [31.518275945244653, 30.27579806933744, 0.0], [31.5182783721935, 30.275799343800816, 0.0], [31.51828089565856, 30.2758004682195, 0.0], [31.518283503345447, 30.275801437114957, 0.0], [31.51828618254992, 30.27580224576719, 0.0], [31.518288920219064, 30.275802890235923, 0.0], [31.518291703015173, 30.27580336738205, 0.0], [31.51829451738028, 30.275803674880258, 0.0], [31.518297349603355, 30.275803811233015, 0.0], [31.518300185885828, 30.275803775775486, 0.0], [31.5183030124093, 30.27580356868078, 0.0], [31.518305815403473, 30.27580319095775, 0.0], [31.518308581212025, 30.27580264444671, 0.0], [31.518311296360427, 30.27580193181012, 0.0], [31.518313947620626, 30.275801056520162, 0.0], [31.51831652207534, 30.275800022840677, 0.0], [31.51831900718273, 30.275798835808047, 0.0], [31.518321390834746, 30.27579750120539, 0.0], [31.518323661419007, 30.27579602553482, 0.0], [31.518325807873087, 30.275794415985864, 0.0], [31.518327819739763, 30.275792680399718, 0.0], [31.518329687217083, 30.27579082723223, 0.0], [31.518331401206964, 30.27578886551225, 0.0], [31.51833295335903, 30.275786804796713, 0.0], [31.518334336111224, 30.275784655125364, 0.0], [31.518335542726707, 30.275782426971656, 0.0], [31.518336567327385, 30.27578013119052, 0.0], [31.51833740492085, 30.27577777896693, 0.0], [31.51833805142764, 30.275775381760724, 0.0], [31.51833850369648, 30.27577295125162, 0.0]]]]}}, {"type": "Feature", "properties": {"ID": "كبينة رقم 17", "Telecom_Type": "كابينة", "Number_OF_Boxs": null, "Sectors": "القطاع الثالث عشر", "Implementing_company": "المصرية للأتصالات", "Easting": "031° 31' 29.45\" E", "Northing": "30° 16' 32.68\" N", "Google_Map": "https://www.google.com/maps/search/?api=1&query=031° 31' 29.45\" E,30° 16' 32.68\" N", "Shape_Length": 32.12577645151389, "Shape_Area": 71.02253550857097}, "geometry": {"type": "MultiPolygon", "coordinates": [[[[31.52490698992616, 30.27572664559833, 0.0], [31.524849224022184, 30.275706017865694, 0.0], [31.524846564729895, 30.275705161216496, 0.0], [31.52484384306818, 30.275704467659935, 0.0], [31.524841072295438, 30.275703940575912, 0.0], [31.524838265911196, 30.275703582531687, 0.0], [31.524835437587214, 30.275703395271663, 0.0], [31.524832601103284, 30.27570337970822, 0.0], [31.524829770277805, 30.275703535917273, 0.0], [31.524826958902413, 30.275703863137657, 0.0], [31.52482418067362, 30.275704359775254, 0.0], [31.524821449126417, 30.275705023410456, 0.0], [31.524818777568907, 30.2757058508103, 0.0], [31.52481617901587, 30.275706837943453, 0.0], [31.52481366612741, 30.275707980001265, 0.0], [31.524811251146115, 30.275709271419355, 0.0], [31.5248089458371, 30.27571070590657, 0.0], [31.524806761431883, 30.275712276473797, 0.0], [31.524804708572077, 30.275713975469724, 0.0], [31.52480279725893, 30.275715794617412, 0.0], [31.524801036804483, 30.275717725053568, 0.0], [31.524799435785404, 30.275719757374105, 0.0], [31.52479800200139, 30.275721881677104, 0.0], [31.524796742437356, 30.275724087613987, 0.0], [31.52479566323051, 30.27572636443734, 0.0], [31.52479476963787, 30.275728701055144, 0.0], [31.524794066013257, 30.275731086083546, 0.0], [31.524793555784374, 30.275733507902878, 0.0], [31.52479324143737, 30.27573595471442, 0.0], [31.52479312450341, 30.275738414598024, 0.0], [31.524793205552577, 30.27574087556907, 0.0], [31.524793484189466, 30.2757433256385, 0.0], [31.52479395905696, 30.275745752869728, 0.0], [31.52479462784176, 30.27574814543758, 0.0], [31.52479548728522, 30.27575049168564, 0.0], [31.524796533200426, 30.2757527801836, 0.0], [31.52479776049194, 30.275754999782215, 0.0], [31.524799163180578, 30.275757139668, 0.0], [31.524800734432525, 30.275759189415663, 0.0], [31.524802466593037, 30.27576113903887, 0.0], [31.524804351223207, 30.275762979039484, 0.0], [31.524806379141488, 30.275764700453536, 0.0], [31.524808540467816, 30.27576629489429, 0.0], [31.52481082467314, 30.27576775459383, 0.0], [31.524813220628534, 30.27576907244079, 0.0], [31.524815716661553, 30.275770242015025, 0.0], [31.52481830061181, 30.275771257618164, 0.0], [31.52487606654315, 30.275791884461857, 0.0], [31.52490698992616, 30.27572664559833, 0.0]]]]}}, {"type": "Feature", "properties": {"ID": "5013", "Telecom_Type": "غرفة اتصالات", "Number_OF_Boxs": null, "Sectors": "القطاع الثاني عشر", "Implementing_company": "المصرية للأتصالات", "Easting": "031° 31' 43.32\" E", "Northing": "30° 16' 33.27\" N", "Google_Map": "https://www.google.com/maps/search/?api=1&query=031° 31' 43.32\" E,30° 16' 33.27\" N", "Shape_Length": 31.253395671757687, "Shape_Area": 52.01746092967976}, "geometry": {"type": "MultiPolygon", "coordinates": [[[[31.5287625904218, 30.275906253916993, 0.0], [31.528657963569334, 30.275870524411967, 0.0], [31.528639667782333, 30.27591088443007, 0.0], [31.528744294671444, 30.275946613949085, 0.0], [31.5287625904218, 30.275906253916993, 0.0]]]]}}, {"type": "Feature", "properties": {"ID": "كبينة رقم 18", "Telecom_Type": "كابينة", "Number_OF_Boxs": null, "Sectors": "القطاع الثاني عشر", "Implementing_company": "المصرية للأتصالات", "Easting": "031° 31' 33.66\" E", "Northing": "30° 16' 33.88\" N", "Google_Map": "https://www.google.com/maps/search/?api=1&query=031° 31' 33.66\" E,30° 16' 33.88\" N", "Shape_Length": 32.1257896301025, "Shape_Area": 71.0227026588309}, "geometry": {"type": "MultiPolygon", "coordinates": [[[[31.52604641958529, 30.27604889521351, 0.0], [31.52598865326592, 30.276028268891658, 0.0], [31.52595773051092, 30.276093508000315, 0.0], [31.526015495828002, 30.276114135241432, 0.0], [31.526018155146787, 30.276114991914483, 0.0], [31.526020876837894, 30.27611568549261, 0.0], [31.52602364764139, 30.276116212596772, 0.0], [31.526026454058577, 30.276116570659127, 0.0], [31.526029282416943, 30.27611675793512, 0.0], [31.52603211893661, 30.276116773512456, 0.0], [31.526034949798774, 30.276116617315108, 0.0], [31.52603776121172, 30.276116290104053, 0.0], [31.526040539478288, 30.276115793473338, 0.0], [31.526043271063052, 30.276115129842932, 0.0], [31.526045942658257, 30.276114302445702, 0.0], [31.52604854124812, 30.276113315312532, 0.0], [31.52605105417253, 30.27611217325276, 0.0], [31.526053469188636, 30.27611088183033, 0.0], [31.526055774531287, 30.276109447337074, 0.0], [31.526057958968423, 30.276107876761163, 0.0], [31.526060011858135, 30.276106177755064, 0.0], [31.52606192319896, 30.276104358595607, 0.0], [31.526063683678945, 30.2761024281456, 0.0], [31.526065284720868, 30.276100395810328, 0.0], [31.52606671852547, 30.2760982714907, 0.0], [31.526067978106724, 30.276096065536183, 0.0], [31.52606905732847, 30.27609378869429, 0.0], [31.526069950932623, 30.27609145205732, 0.0], [31.526070654565803, 30.276089067008943, 0.0], [31.526071164799866, 30.276086645169112, 0.0], [31.52607147914915, 30.276084198336843, 0.0], [31.526071596082343, 30.27608173843259, 0.0], [31.52607151502959, 30.276079277440946, 0.0], [31.52607123638548, 30.276076827351257, 0.0], [31.526070761508326, 30.2760744001006, 0.0], [31.52607009271095, 30.276072007513637, 0.0], [31.526069233251874, 30.276069661247213, 0.0], [31.526068187318554, 30.276067372732175, 0.0], [31.52606696000627, 30.27606515311741, 0.0], [31.52606555729467, 30.27606301321716, 0.0], [31.526063986017768, 30.27606096345662, 0.0], [31.526062253830176, 30.27605901382177, 0.0], [31.52606036917123, 30.276057173811175, 0.0], [31.52605834122266, 30.276055452389016, 0.0], [31.526056179864625, 30.276053857942156, 0.0], [31.52605389562664, 30.276052398238395, 0.0], [31.526051499637738, 30.27605108038896, 0.0], [31.52604900357014, 30.276049910814688, 0.0], [31.52604641958529, 30.27604889521351, 0.0]]]]}}, {"type": "Feature", "properties": {"ID": "B4-1", "Telecom_Type": "كابينة", "Number_OF_Boxs": 30.0, "Sectors": "القطاع الثالث عشر", "Implementing_company": "المصرية للأتصالات", "Easting": "031° 31' 1.85\" E", "Northing": "30° 16' 34.49\" N", "Google_Map": "https://www.google.com/maps/search/?api=1&query=031° 31' 1.85\" E,30° 16' 34.49\" N", "Shape_Length": 32.12551176944679, "Shape_Area": 71.02117803573893}, "geometry": {"type": "MultiPolygon", "coordinates": [[[[31.517200272135952, 30.27621511595956, 0.0], [31.517138302198756, 30.27620831894458, 0.0], [31.51712811141287, 30.276278306527892, 0.0], [31.51719008243274, 30.276285103543024, 0.0], [31.517192907278236, 30.276285326758355, 0.0], [31.51719574318267, 30.276285378400818, 0.0], [31.517198576329353, 30.276285258218515, 0.0], [31.51720139291585, 30.27628496679694, 0.0], [31.51720417921945, 30.276284505555985, 0.0], [31.517206921666396, 30.276283876742596, 0.0], [31.517209606895065, 30.27628308342035, 0.0], [31.517212221823986, 30.276282129454223, 0.0], [31.517214753713105, 30.276281019491993, 0.0], [31.51721719022741, 30.27627975894118, 0.0], [31.517219519496976, 30.276278353942757, 0.0], [31.517221730173087, 30.276276811342044, 0.0], [31.517223811486044, 30.276275138654523, 0.0], [31.517225753296064, 30.27627334402891, 0.0], [31.517227546142575, 30.276271436208617, 0.0], [31.51722918129149, 30.276269424488245, 0.0], [31.517230650776074, 30.276267318669046, 0.0], [31.517231947437296, 30.276265129009936, 0.0], [31.517233064957964, 30.276262866178545, 0.0], [31.517233997893978, 30.276260541199566, 0.0], [31.51723474169961, 30.276258165399586, 0.0], [31.517235292751796, 30.276255750353464, 0.0], [31.517235648365723, 30.276253307826906, 0.0], [31.51723580680852, 30.276250849719865, 0.0], [31.517235767308765, 30.276248388007765, 0.0], [31.517235530058745, 30.276245934683686, 0.0], [31.517235096214083, 30.276243501699923, 0.0], [31.517234467888503, 30.2762411009097, 0.0], [31.517233648143655, 30.27623874400938, 0.0], [31.5172326409726, 30.276236442481874, 0.0], [31.517231451282335, 30.276234207539336, 0.0], [31.517230084869176, 30.27623205007021, 0.0], [31.517228548389816, 30.276229980585853, 0.0], [31.517226849329987, 30.276228009168275, 0.0], [31.5172249959674, 30.276226145422175, 0.0], [31.517222997330894, 30.27622439842713, 0.0], [31.5172208631584, 30.2762227766944, 0.0], [31.51721860384658, 30.27622128812477, 0.0], [31.517216230402855, 30.27621993997088, 0.0], [31.51721375439046, 30.276218738800118, 0.0], [31.517211187872206, 30.276217690464925, 0.0], [31.517208543351433, 30.276216800072415, 0.0], [31.517205833712193, 30.27621607196035, 0.0], [31.517203072155656, 30.276215509676167, 0.0], [31.517200272135952, 30.27621511595956, 0.0]]]]}}, {"type": "Feature", "properties": {"ID": "B5", "Telecom_Type": "كابينة", "Number_OF_Boxs": 28.0, "Sectors": "القطاع الثالث عشر", "Implementing_company": "المصرية للأتصالات", "Easting": "031° 31' 17.48\" E", "Northing": "30° 16' 34.83\" N", "Google_Map": "https://www.google.com/maps/search/?api=1&query=031° 31' 17.48\" E,30° 16' 34.83\" N", "Shape_Length": 32.12569697803322, "Shape_Area": 71.02198547416043}, "geometry": {"type": "MultiPolygon", "coordinates": [[[[31.52154150688304, 30.276308597487382, 0.0], [31.521479454508658, 30.27630239189419, 0.0], [31.52147015068754, 30.276372472783073, 0.0], [31.521532204144837, 30.276378678375988, 0.0], [31.52153503167564, 30.276378874648096, 0.0], [31.521537868092874, 30.276378899249806, 0.0], [31.52154069957823, 30.2763787520608, 0.0], [31.521543512336635, 30.276378433797937, 0.0], [31.521546292664095, 30.276377946012147, 0.0], [31.521549027015503, 30.276377291079747, 0.0], [31.52155170206906, 30.276376472191746, 0.0], [31.52155430479244, 30.27637549333731, 0.0], [31.52155682250495, 30.276374359285622, 0.0], [31.5215592429406, 30.276373075561548, 0.0], [31.521561554306803, 30.27637164841961, 0.0], [31.521563745343382, 30.276370084812676, 0.0], [31.52156580537564, 30.27636839235833, 0.0], [31.521567724366875, 30.276366579302046, 0.0], [31.52156949296827, 30.276364654477113, 0.0], [31.52157110256302, 30.276362627261307, 0.0], [31.52157254530942, 30.27636050753068, 0.0], [31.52157381417841, 30.276358305612867, 0.0], [31.5215749029883, 30.2763560322349, 0.0], [31.521575806434548, 30.276353698473272, 0.0], [31.521576520115516, 30.276351315697156, 0.0], [31.521577040554394, 30.27634889551583, 0.0], [31.521577365215105, 30.27634644971984, 0.0], [31.521577492516826, 30.276343990225453, 0.0], [31.521577421838604, 30.276341529014527, 0.0], [31.521577153525005, 30.276339078078497, 0.0], [31.521576688883293, 30.27633664935764, 0.0], [31.521576030177513, 30.276334254684972, 0.0], [31.521575180616143, 30.276331905726806, 0.0], [31.521574144338796, 30.276329613927427, 0.0], [31.521572926393898, 30.276327390452074, 0.0], [31.52157153271522, 30.276325246133265, 0.0], [31.521569970093044, 30.27632319141849, 0.0], [31.521568246139534, 30.276321236317727, 0.0], [31.52156636925448, 30.27631939035587, 0.0], [31.521564348581542, 30.27631766252708, 0.0], [31.521562193965437, 30.276316061248565, 0.0], [31.521559915903275, 30.276314594321704, 0.0], [31.521557525493645, 30.276313268893585, 0.0], [31.521555034382192, 30.27631209142116, 0.0], [31.521552454705706, 30.276311067641426, 0.0], [31.52154979903219, 30.276310202541968, 0.0], [31.521547080299722, 30.27630950033733, 0.0], [31.52154431175404, 30.27630896444877, 0.0], [31.52154150688304, 30.276308597487382, 0.0]]]]}}, {"type": "Feature", "properties": {"ID": "B4", "Telecom_Type": "كابينة", "Number_OF_Boxs": 27.0, "Sectors": "القطاع الثالث عشر", "Implementing_company": "المصرية للأتصالات", "Easting": "031° 31' 15.91\" E", "Northing": "30° 16' 35.13\" N", "Google_Map": "https://www.google.com/maps/search/?api=1&query=031° 31' 15.91\" E,30° 16' 35.13\" N", "Shape_Length": 32.125555542701925, "Shape_Area": 71.02139998844987}, "geometry": {"type": "MultiPolygon", "coordinates": [[[[31.521128929600792, 30.276416968524487, 0.0], [31.521129186729798, 30.276414516699457, 0.0], [31.521129246179886, 30.276412055279152, 0.0], [31.521129107660922, 30.276409596255437, 0.0], [31.52112877184799, 30.276407151608453, 0.0], [31.521128240377358, 30.27640473324797, 0.0], [31.521127515837996, 30.276402352956243, 0.0], [31.52112660175978, 30.276400022330066, 0.0], [31.52112550259648, 30.27639775272379, 0.0], [31.521124223702554, 30.27639555519466, 0.0], [31.5211227713093, 30.2763934404491, 0.0], [31.521121152492093, 30.2763914187896, 0.0], [31.521119375137605, 30.276389500065733, 0.0], [31.521117447905677, 30.276387693625217, 0.0], [31.521115380184913, 30.276386008269128, 0.0], [31.521113182049312, 30.27638445220785, 0.0], [31.521110864207913, 30.27638303302287, 0.0], [31.521108437952847, 30.27638175762824, 0.0], [31.52110591510533, 30.27638063223726, 0.0], [31.521103307955663, 30.276379662332836, 0.0], [31.521100629205797, 30.276378852640264, 0.0], [31.521097891906365, 30.276378207104646, 0.0], [31.521095109393688, 30.27637772887049, 0.0], [31.521092295223095, 30.2763774202679, 0.0], [31.521089463105426, 30.276377282800286, 0.0], [31.521086626838727, 30.276377317137342, 0.0], [31.521083800240515, 30.276377523112036, 0.0], [31.5210809970818, 30.276377899720707, 0.0], [31.521078231019537, 30.276378445128337, 0.0], [31.521075515529468, 30.276379156678043, 0.0], [31.521072863841198, 30.276380030903407, 0.0], [31.521070288873815, 30.2763810635448, 0.0], [31.5210678031719, 30.276382249571757, 0.0], [31.521065418845872, 30.27638358320552, 0.0], [31.521063147511743, 30.276385057949344, 0.0], [31.521061000235548, 30.276386666618045, 0.0], [31.52105898747806, 30.276388401374238, 0.0], [31.52105711904575, 30.276390253767023, 0.0], [31.521055404041455, 30.276392214770755, 0.0], [31.521053850820024, 30.276394274832484, 0.0], [31.521052466949197, 30.276396423915394, 0.0], [31.521051259170534, 30.27639865154919, 0.0], [31.521050233368726, 30.276400946881466, 0.0], [31.521049394541198, 30.276403298729043, 0.0], [31.521048746774387, 30.27640569563463, 0.0], [31.521048293224535, 30.27640812591992, 0.0], [31.521040464178515, 30.276461913572145, 0.0], [31.521121100593447, 30.276470755278925, 0.0], [31.521128929600792, 30.276416968524487, 0.0]]]]}}, {"type": "Feature", "properties": {"ID": "كبينة رقم 19", "Telecom_Type": "كابينة", "Number_OF_Boxs": null, "Sectors": "القطاع الرابع عشر", "Implementing_company": "المصرية للأتصالات", "Easting": "031° 30' 42.02\" E", "Northing": "30° 16' 35.47\" N", "Google_Map": "https://www.google.com/maps/search/?api=1&query=031° 30' 42.02\" E,30° 16' 35.47\" N", "Shape_Length": 18.357509885237963, "Shape_Area": 23.190591875422488}, "geometry": {"type": "MultiPolygon", "coordinates": [[[[31.511702993086086, 30.2765024245787, 0.0], [31.51166758992581, 30.276498477328232, 0.0], [31.511667187503456, 30.27649843559991, 0.0], [31.51166678407455, 30.27649840018986, 0.0], [31.511666380678328, 30.276498371093993, 0.0], [31.511665976270866, 30.27649834741435, 0.0], [31.511665571896113, 30.27649833004891, 0.0], [31.511665166514778, 30.276498319001714, 0.0], [31.511664761161473, 30.276498313366716, 0.0], [31.511664355845536, 30.276498314947933, 0.0], [31.511663950557622, 30.27649832194133, 0.0], [31.511663545302422, 30.2764983352489, 0.0], [31.51166314111918, 30.27649835486665, 0.0], [31.511662736968653, 30.276498380798564, 0.0], [31.511662332846136, 30.276498412142676, 0.0], [31.51166192980028, 30.276498450698963, 0.0], [31.511661527821698, 30.27649849466336, 0.0], [31.51166112691042, 30.27649854403587, 0.0], [31.511660727075785, 30.276498600620563, 0.0], [31.51166032830844, 30.276498662613374, 0.0], [31.51165993061309, 30.276498730916305, 0.0], [31.511659533985032, 30.276498804627373, 0.0], [31.51165913947287, 30.276498885546562, 0.0], [31.511658746028, 30.276498971873856, 0.0], [31.511658355729, 30.276499063601182, 0.0], [31.51165796650196, 30.276499161638636, 0.0], [31.511657578342216, 30.276499265084233, 0.0], [31.511657193332972, 30.276499374831822, 0.0], [31.511656811474268, 30.27649949088147, 0.0], [31.511656430682837, 30.27649961233924, 0.0], [31.511656053037257, 30.276499739197007, 0.0], [31.511655677502915, 30.276499872360883, 0.0], [31.511655305114413, 30.276500010924757, 0.0], [31.511654934832485, 30.27650015489269, 0.0], [31.51165456873567, 30.27650030425657, 0.0], [31.51165420475009, 30.276500459926574, 0.0], [31.51165384390568, 30.276500620094538, 0.0], [31.51165348621179, 30.276500786564547, 0.0], [31.511653132698328, 30.276500957528455, 0.0], [31.511652782335396, 30.27650113479442, 0.0], [31.511652436152904, 30.276501316554324, 0.0], [31.511652093120908, 30.276501504616245, 0.0], [31.511651753230087, 30.276501697176137, 0.0], [31.51165141855898, 30.276501894225927, 0.0], [31.511651087033705, 30.276502096675706, 0.0], [31.511650759693556, 30.276502304521436, 0.0], [31.511650436538517, 30.276502517763163, 0.0], [31.51165011859851, 30.276502734592675, 0.0], [31.511649803804353, 30.276502956822235, 0.0], [31.511649494234586, 30.27650318444368, 0.0], [31.511649189879844, 30.27650341565298, 0.0], [31.511648888670955, 30.276503652262285, 0.0], [31.51164859371637, 30.27650389245535, 0.0], [31.511648302946906, 30.276504138044412, 0.0], [31.51164801739247, 30.276504387221305, 0.0], [31.511647737057764, 30.276504640888053, 0.0], [31.511647460903482, 30.27650489904872, 0.0], [31.5116471910082, 30.276505161695244, 0.0], [31.51164692632327, 30.276505427027526, 0.0], [31.51164666686274, 30.27650569775177, 0.0], [31.511646412617253, 30.276505972063827, 0.0], [31.51164616358678, 30.27650624996371, 0.0], [31.511645920810658, 30.276506531447417, 0.0], [31.511645683249565, 30.27650681651894, 0.0], [31.511645451942776, 30.27650710517426, 0.0], [31.51164522689031, 30.276507397413383, 0.0], [31.51164500705287, 30.27650769324035, 0.0], [31.511644793465088, 30.276507991749064, 0.0], [31.511644586131624, 30.27650829384157, 0.0], [31.511644384013188, 30.27650859952192, 0.0], [31.511644189183666, 30.276508907879972, 0.0], [31.511643999564523, 30.276509218923845, 0.0], [31.511643817234297, 30.27650953264542, 0.0], [31.51164364011442, 30.2765098490528, 0.0], [31.511643470288153, 30.276510169039934, 0.0], [31.511643306706855, 30.27651049080681, 0.0], [31.51164314937052, 30.276510814353383, 0.0], [31.5116429982885, 30.276511141483763, 0.0], [31.51164285449073, 30.276511470389835, 0.0], [31.51164271693791, 30.276511801075603, 0.0], [31.511642586669364, 30.276512133537075, 0.0], [31.511642462650453, 30.276512468680302, 0.0], [31.51164234487651, 30.276512805603254, 0.0], [31.51164223438682, 30.27651314430191, 0.0], [31.511642131176682, 30.27651348387421, 0.0], [31.5116420342162, 30.276513826128255, 0.0], [31.51164194453061, 30.276514168353916, 0.0], [31.511641861094677, 30.276514513261343, 0.0], [31.511641784933644, 30.276514858140388, 0.0], [31.51164171605685, 30.276515204795114, 0.0], [31.51164165342503, 30.276515553229572, 0.0], [31.51164159910738, 30.276515901631598, 0.0], [31.51164155103005, 30.276516250911335, 0.0], [31.511641509188326, 30.276516600166733, 0.0], [31.51164147567013, 30.27651695119376, 0.0], [31.511641448387564, 30.276517302196464, 0.0], [31.51164142837991, 30.27651765317079, 0.0], [31.511641415651805, 30.276518005018755, 0.0], [31.511641410198624, 30.27651835683834, 0.0], [31.51164141098107, 30.27651870863361, 0.0], [31.51164142007768, 30.27651906039645, 0.0], [31.51164143540994, 30.276519412134952, 0.0], [31.51164145697315, 30.27651976294712, 0.0], [31.51164148685054, 30.276520113726832, 0.0], [31.51164152400282, 30.27652046447818, 0.0], [31.511641567386082, 30.276520814303158, 0.0], [31.51164161803955, 30.276521163197724, 0.0], [31.51164167596327, 30.2765215111619, 0.0], [31.51164174011795, 30.27652185819974, 0.0], [31.51164181154285, 30.276522204307135, 0.0], [31.511641890238, 30.27652254948411, 0.0], [31.511641976203368, 30.276522893730707, 0.0], [31.511642068395027, 30.276523236148932, 0.0], [31.511642167856927, 30.276523577636734, 0.0], [31.511642273540446, 30.276523916394115, 0.0], [31.511642386494184, 30.276524254221084, 0.0], [31.5116425067135, 30.27652459021563, 0.0], [31.511642633159106, 30.276524924381796, 0.0], [31.51164276583098, 30.27652525671957, 0.0], [31.51164290576844, 30.276525587224896, 0.0], [31.511643051927503, 30.27652591499982, 0.0], [31.511643205352144, 30.276526240942317, 0.0], [31.511643364998395, 30.276526564154402, 0.0], [31.511643530870938, 30.276526885538086, 0.0], [31.511643702960434, 30.276527203289337, 0.0], [31.511643882315493, 30.276527519208162, 0.0], [31.511644067892163, 30.276527832396535, 0.0], [31.51164425864651, 30.276528141956582, 0.0], [31.511644456666424, 30.27652844968416, 0.0], [31.51164465986401, 30.276528753783346, 0.0], [31.511644870317827, 30.276529054246048, 0.0], [31.511645085953983, 30.276529351982383, 0.0], [31.511645307811758, 30.27652964698831, 0.0], [31.511645535881815, 30.276529937459788, 0.0], [31.51164576913421, 30.27653022520488, 0.0], [31.511646008603574, 30.276530509317546, 0.0], [31.511646253250603, 30.2765307898018, 0.0], [31.51164650410991, 30.27653106575159, 0.0], [31.51164676015155, 30.276531338975055, 0.0], [31.511647021366212, 30.276531607668055, 0.0], [31.511647287753878, 30.276531871830695, 0.0], [31.51164756036317, 30.276532133262908, 0.0], [31.511647837101506, 30.276532389266702, 0.0], [31.51164812005681, 30.276532641638067, 0.0], [31.51164840714585, 30.276532889483082, 0.0], [31.511648700447154, 30.27653313279361, 0.0], [31.511648996847594, 30.27653337248388, 0.0], [31.511649299455634, 30.276533606737637, 0.0], [31.511649606197423, 30.27653383646505, 0.0], [31.511649917072948, 30.27653406166608, 0.0], [31.51165023312146, 30.276534282336698, 0.0], [31.51165055330371, 30.276534498480952, 0.0], [31.511650877615036, 30.276534709196817, 0.0], [31.511651206055404, 30.276534914484312, 0.0], [31.5116515386342, 30.276535116147457, 0.0], [31.511651875337368, 30.276535311480192, 0.0], [31.511652216174284, 30.276535502286542, 0.0], [31.51165256114025, 30.276535687664516, 0.0], [31.511652909196012, 30.27653586761815, 0.0], [31.51165326034624, 30.27653604304948, 0.0], [31.51165361562085, 30.276536212150393, 0.0], [31.511653973989926, 30.27653637672899, 0.0], [31.511654335444128, 30.27653653498123, 0.0], [31.511654701032043, 30.276536688707107, 0.0], [31.51165506866582, 30.27653683611066, 0.0], [31.51165543938939, 30.27653697808992, 0.0], [31.51165581320275, 30.276537114644782, 0.0], [31.511656189066617, 30.2765372457794, 0.0], [31.511656568015614, 30.27653737058766, 0.0], [31.511656949015123, 30.27653748997562, 0.0], [31.511657333099752, 30.276537603037227, 0.0], [31.511657719234904, 30.27653771067853, 0.0], [31.511658106381283, 30.276537812903605, 0.0], [31.511658496612785, 30.27653790880234, 0.0], [31.511658888890146, 30.27653799837874, 0.0], [31.511659282178762, 30.276538082538917, 0.0], [31.51165967751319, 30.2765381603768, 0.0], [31.51166007385889, 30.276538232798423, 0.0], [31.51166047225042, 30.27653829889775, 0.0], [31.511660871648548, 30.27653835867884, 0.0], [31.511661272053225, 30.27653841214167, 0.0], [31.511661673469156, 30.276538460188256, 0.0], [31.511697076643593, 30.276542407440115, 0.0], [31.511702993086086, 30.2765024245787, 0.0]]]]}}, {"type": "Feature", "properties": {"ID": "كبينة رقم 20", "Telecom_Type": "كابينة", "Number_OF_Boxs": null, "Sectors": "القطاع الثالث عشر", "Implementing_company": "المصرية للأتصالات", "Easting": "031° 31' 4.25\" E", "Northing": "30° 16' 35.38\" N", "Google_Map": "https://www.google.com/maps/search/?api=1&query=031° 31' 4.25\" E,30° 16' 35.38\" N", "Shape_Length": 32.12573374102856, "Shape_Area": 71.02239476287677}, "geometry": {"type": "MultiPolygon", "coordinates": [[[[31.517889167591285, 30.27648526930901, 0.0], [31.5178894248032, 30.276482817456202, 0.0], [31.51788948433307, 30.276480356003596, 0.0], [31.51788934589174, 30.27647789694248, 0.0], [31.51788901015235, 30.276475452253507, 0.0], [31.517888478751402, 30.27647303384676, 0.0], [31.517887754277496, 30.276470653504827, 0.0], [31.517886840260726, 30.276468322824307, 0.0], [31.51788574115357, 30.276466053160224, 0.0], [31.51788446231108, 30.276463855570224, 0.0], [31.517883009963576, 30.276461740760613, 0.0], [31.517881391186723, 30.276459719034612, 0.0], [31.517879613867482, 30.27645780024195, 0.0], [31.5178776866642, 30.276455993730902, 0.0], [31.517875618966396, 30.27645430830219, 0.0], [31.517873420847845, 30.276452752167547, 0.0], [31.517871103017324, 30.27645133290815, 0.0], [31.517868676767073, 30.27645005743865, 0.0], [31.51786615391781, 30.276448931972627, 0.0], [31.51786354676057, 30.27644796199381, 0.0], [31.517860867996905, 30.276447152227284, 0.0], [31.51785813067791, 30.276446506618495, 0.0], [31.51785534813953, 30.276446028312787, 0.0], [31.51785253393765, 30.276445719640364, 0.0], [31.51784970178336, 30.27644558210495, 0.0], [31.517846865474098, 30.276445616376847, 0.0], [31.517844038828642, 30.276445822288835, 0.0], [31.517841235617748, 30.276446198837856, 0.0], [31.51783846949841, 30.276446744189496, 0.0], [31.517835753947136, 30.27644745568671, 0.0], [31.517833102193944, 30.276448329863047, 0.0], [31.517830527157447, 30.276449362459783, 0.0], [31.517828041383684, 30.27645054844599, 0.0], [31.517825656982605, 30.27645188204397, 0.0], [31.517823385570797, 30.276453356756193, 0.0], [31.517821238214832, 30.276454965398276, 0.0], [31.51781922537605, 30.276456700133124, 0.0], [31.517817356860924, 30.276458552508938, 0.0], [31.517815641772582, 30.27646051350118, 0.0], [31.517814088467148, 30.276462573556465, 0.0], [31.517812704512032, 30.276464722637705, 0.0], [31.517811496649493, 30.27646695027531, 0.0], [31.51781047076457, 30.276469245616155, 0.0], [31.517809631854444, 30.276471597477485, 0.0], [31.517808984007807, 30.276473994401595, 0.0], [31.517808530379423, 30.2764764247106, 0.0], [31.517800699558787, 30.27653021218916, 0.0], [31.517881335770067, 30.276539055893902, 0.0], [31.517889167591285, 30.27648526930901, 0.0]]]]}}, {"type": "Feature", "properties": {"ID": "كبينة رقم 21", "Telecom_Type": "كابينة", "Number_OF_Boxs": null, "Sectors": "القطاع الثالث عشر", "Implementing_company": "المصرية للأتصالات", "Easting": "031° 31' 21.72\" E", "Northing": "30° 16' 35.32\" N", "Google_Map": "https://www.google.com/maps/search/?api=1&query=031° 31' 21.72\" E,30° 16' 35.32\" N", "Shape_Length": 32.12579975769144, "Shape_Area": 71.02245063881374}, "geometry": {"type": "MultiPolygon", "coordinates": [[[[31.522737612266585, 30.276493885878306, 0.0], [31.522745848034234, 30.276440144319317, 0.0], [31.522665279746185, 30.276430842397044, 0.0], [31.52265704393526, 30.27648458395153, 0.0], [31.52265676823748, 30.276487034285548, 0.0], [31.52265669014578, 30.27648949534284, 0.0], [31.522656810040342, 30.276491955133196, 0.0], [31.522657127337276, 30.276494401672135, 0.0], [31.52265764049025, 30.2764968230409, 0.0], [31.522658346999577, 30.276499207442377, 0.0], [31.522659243423096, 30.276501543259897, 0.0], [31.52266032539376, 30.276503819113195, 0.0], [31.52266158763981, 30.276506023914692, 0.0], [31.522663024011667, 30.276508146922456, 0.0], [31.522664627511954, 30.276510177793448, 0.0], [31.522666390327974, 30.276512106633554, 0.0], [31.522668303871303, 30.276513924044785, 0.0], [31.522670358819507, 30.276515621173548, 0.0], [31.522672545161026, 30.27651718975123, 0.0], [31.522674852243654, 30.276518622135487, 0.0], [31.52267726882773, 30.27651991134818, 0.0], [31.5226797831399, 30.2765210511082, 0.0], [31.522682382929936, 30.27652203586275, 0.0], [31.522685055532254, 30.27652286081369, 0.0], [31.522687787925744, 30.2765235219425, 0.0], [31.522690566798406, 30.2765240160279, 0.0], [31.522693378611407, 30.27652434066244, 0.0], [31.52269620966619, 30.276524494265132, 0.0], [31.52269904616974, 30.276524476087136, 0.0], [31.52270187430256, 30.276524286217157, 0.0], [31.522704680286058, 30.276523925580282, 0.0], [31.522707450449868, 30.27652339593353, 0.0], [31.52271017129738, 30.276522699857445, 0.0], [31.522712829573205, 30.276521840742884, 0.0], [31.52271541232631, 30.27652082277585, 0.0], [31.522717906973053, 30.276519650915358, 0.0], [31.522720301359996, 30.2765183308714, 0.0], [31.522722583821903, 30.276516869074424, 0.0], [31.522724743238314, 30.276515272646776, 0.0], [31.52272676908879, 30.276513549366012, 0.0], [31.52272865150382, 30.276511707627822, 0.0], [31.522730381311654, 30.276509756405208, 0.0], [31.522731950085518, 30.276507705204292, 0.0], [31.522733350181745, 30.276505564018713, 0.0], [31.522734574779456, 30.276503343280183, 0.0], [31.522735617912495, 30.27650105380792, 0.0], [31.522736474498355, 30.27649870675623, 0.0], [31.522737140364537, 30.276496313559683, 0.0], [31.522737612266585, 30.276493885878306, 0.0]]]]}}, {"type": "Feature", "properties": {"ID": "كبينة رقم 22", "Telecom_Type": "كابينة", "Number_OF_Boxs": null, "Sectors": "القطاع الرابع عشر", "Implementing_company": "المصرية للأتصالات", "Easting": "031° 30' 46.41\" E", "Northing": "30° 16' 36.0\" N", "Google_Map": "https://www.google.com/maps/search/?api=1&query=031° 30' 46.41\" E,30° 16' 36.0\" N", "Shape_Length": 18.357443139917855, "Shape_Area": 23.190264191179413}, "geometry": {"type": "MultiPolygon", "coordinates": [[[[31.5129217227651, 30.276648381645458, 0.0026999999972758815], [31.51288631951328, 30.276644435627812, 0.0026999999972758815], [31.512885917085196, 30.276644393001238, 0.0026999999972758815], [31.512885513655295, 30.276644357594932, 0.0026999999972758815], [31.512885110258193, 30.27664432850284, 0.0026999999972758815], [31.5128847058499, 30.276644304826966, 0.0026999999972758815], [31.512884301474383, 30.2766442874653, 0.0026999999972758815], [31.512883896092383, 30.276644276421912, 0.0026999999972758815], [31.512883490743135, 30.2766442716927, 0.0026999999972758815], [31.512883085421983, 30.276644272375673, 0.0026999999972758815], [31.512882680133625, 30.276644279372835, 0.0026999999972758815], [31.51288227487804, 30.276644292684207, 0.0026999999972758815], [31.512881870694514, 30.276644312305713, 0.0026999999972758815], [31.512881466543757, 30.276644338241397, 0.0026999999972758815], [31.51288106242108, 30.27664436958927, 0.0026999999972758815], [31.512880659375156, 30.276644408149302, 0.0026999999972758815], [31.512880257396592, 30.27664445211745, 0.0026999999972758815], [31.512879856485384, 30.276644501493685, 0.0026999999972758815], [31.51287945665093, 30.27664455808209, 0.0026999999972758815], [31.512879056844554, 30.276644620082664, 0.0026999999972758815], [31.512878660188772, 30.27664468838523, 0.0026999999972758815], [31.512878263565778, 30.27664476300204, 0.0026999999972758815], [31.512877869049408, 30.276644843022854, 0.0026999999972758815], [31.512877475605098, 30.27664492935379, 0.0026999999972758815], [31.512877084267423, 30.27664502108883, 0.0026999999972758815], [31.512876695041072, 30.27664511912988, 0.0026999999972758815], [31.512876307926046, 30.276645223477047, 0.0026999999972758815], [31.512875922917658, 30.276645333228217, 0.0026999999972758815], [31.51287554001591, 30.276645448383444, 0.0026999999972758815], [31.512875160264752, 30.276645569840685, 0.0026999999972758815], [31.512874782620237, 30.276645696701944, 0.0026999999972758815], [31.512874407087047, 30.276645829869295, 0.0026999999972758815], [31.51287403469976, 30.2766459684366, 0.0026999999972758815], [31.512873664419118, 30.27664611240797, 0.0026999999972758815], [31.512873297284397, 30.276646261779327, 0.0026999999972758815], [31.512872934339526, 30.276646417448635, 0.0026999999972758815], [31.512872573496605, 30.276646577619925, 0.0026999999972758815], [31.5128722158043, 30.27664674409324, 0.0026999999972758815], [31.512871862297175, 30.27664691596244, 0.0026999999972758815], [31.512871511931277, 30.276647092329636, 0.0026999999972758815], [31.51287116575524, 30.276647274994726, 0.0026999999972758815], [31.51287082272044, 30.27664746215782, 0.0026999999972758815], [31.512870482831552, 30.276647654720836, 0.0026999999972758815], [31.512870148162442, 30.276647851773717, 0.0026999999972758815], [31.51286981664391, 30.276648055128582, 0.0026999999972758815], [31.51286948930122, 30.2766482620753, 0.0026999999972758815], [31.512869166148374, 30.276648475320012, 0.0026999999972758815], [31.512868848210637, 30.276648692152463, 0.0026999999972758815], [31.512868533418814, 30.276648914384914, 0.0026999999972758815], [31.512868223851424, 30.276649142009223, 0.0026999999972758815], [31.512867918459882, 30.276649373225364, 0.0026999999972758815], [31.512867618292788, 30.27664960983337, 0.0026999999972758815], [31.512867323340792, 30.27664985002916, 0.0026999999972758815], [31.51286703257397, 30.276650095620887, 0.0026999999972758815], [31.512866747022237, 30.276650344800395, 0.0026999999972758815], [31.512866465651005, 30.276650598473775, 0.0026999999972758815], [31.51286619053884, 30.276650856632937, 0.0026999999972758815], [31.512865920646448, 30.276651119281915, 0.0026999999972758815], [31.512865655969136, 30.27665138551866, 0.0026999999972758815], [31.512865395467657, 30.2766516553473, 0.0026999999972758815], [31.51286514226449, 30.276651929657625, 0.0026999999972758815], [31.512864893237143, 30.2766522075598, 0.0026999999972758815], [31.512864650464163, 30.27665248904572, 0.0026999999972758815], [31.512864412906282, 30.276652774119402, 0.0026999999972758815], [31.512864181602765, 30.276653062776845, 0.0026999999972758815], [31.512863956553613, 30.276653355018027, 0.0026999999972758815], [31.512863736719538, 30.276653650846985, 0.0026999999972758815], [31.512863523139846, 30.27665395025966, 0.0026999999972758815], [31.51286331580984, 30.27665425235404, 0.0026999999972758815], [31.512863113690248, 30.276654557134222, 0.0026999999972758815], [31.512862918864275, 30.276654865494027, 0.0026999999972758815], [31.512862729248734, 30.276655176539624, 0.0026999999972758815], [31.512862545882868, 30.276655490266904, 0.0026999999972758815], [31.512862369805962, 30.276655806671837, 0.0026999999972758815], [31.512862199983413, 30.27665612666049, 0.0026999999972758815], [31.51286203640588, 30.27665644842883, 0.0026999999972758815], [31.512861879078013, 30.27665677287888, 0.0026999999972758815], [31.512861727995165, 30.276657099108572, 0.0026999999972758815], [31.512861584201275, 30.276657428015906, 0.0026999999972758815], [31.512861446652376, 30.276657758702928, 0.0026999999972758815], [31.512861316392442, 30.27665809206759, 0.0026999999972758815], [31.51286119237283, 30.276658426309893, 0.0026999999972758815], [31.512861074602903, 30.276658763233893, 0.0026999999972758815], [31.512860964117245, 30.276659101933507, 0.0026999999972758815], [31.512860860911182, 30.276659441506688, 0.0026999999972758815], [31.512860763954812, 30.2766597837616, 0.0026999999972758815], [31.51286067427803, 30.27666012689006, 0.0026999999972758815], [31.512860590841573, 30.276660470896196, 0.0026999999972758815], [31.51286051468938, 30.276660816677925, 0.0026999999972758815], [31.512860445816788, 30.27666116333324, 0.0026999999972758815], [31.512860383184506, 30.276661510866198, 0.0026999999972758815], [31.512860328871096, 30.276661859268668, 0.0026999999972758815], [31.51286028079803, 30.276662208548792, 0.0026999999972758815], [31.51286023896526, 30.276662558706565, 0.0026999999972758815], [31.512860205446685, 30.27666290883181, 0.0026999999972758815], [31.512860178168424, 30.276663259834706, 0.0026999999972758815], [31.512860158169765, 30.276663611711175, 0.0026999999972758815], [31.51286014544132, 30.2766639626572, 0.0026999999972758815], [31.512860139992487, 30.276664314476772, 0.0026999999972758815], [31.5128601407793, 30.276664666271987, 0.0026999999972758815], [31.512860148841007, 30.276665018038738, 0.0026999999972758815], [31.51286016417762, 30.276665369777042, 0.0026999999972758815], [31.512860186784483, 30.276665720584884, 0.0026999999972758815], [31.512860216666247, 30.276666071364257, 0.0026999999972758815], [31.512860253822936, 30.276666422115206, 0.0026999999972758815], [31.51286029721057, 30.276666771939702, 0.0026999999972758815], [31.512860347868433, 30.276667120833757, 0.0026999999972758815], [31.512860405796538, 30.276667468797317, 0.0026999999972758815], [31.512860469955594, 30.276667815834507, 0.0026999999972758815], [31.512860541389564, 30.276668162843208, 0.0026999999972758815], [31.512860620089093, 30.276668508019426, 0.0026999999972758815], [31.51286070605415, 30.276668851363116, 0.0026999999972758815], [31.512860798250166, 30.276669193780403, 0.0026999999972758815], [31.51286089771643, 30.276669535267228, 0.0026999999972758815], [31.512861003408972, 30.276669874925595, 0.0026999999972758815], [31.512861116367045, 30.27667021275145, 0.0026999999972758815], [31.512861236590684, 30.27667054874483, 0.0026999999972758815], [31.51286136304058, 30.276670882909755, 0.0026999999972758815], [31.512861495716763, 30.276671215246242, 0.0026999999972758815], [31.512861635653795, 30.27667154484819, 0.0026999999972758815], [31.512861781817136, 30.276671872621694, 0.0026999999972758815], [31.512861935246004, 30.276672198562697, 0.0026999999972758815], [31.512862094896473, 30.27667252177323, 0.0026999999972758815], [31.512862260773225, 30.276672843155335, 0.0026999999972758815], [31.512862432871557, 30.276673161806954, 0.0026999999972758815], [31.512862612226083, 30.276673476822015, 0.0026999999972758815], [31.512862796767603, 30.276673790012698, 0.0026999999972758815], [31.512862988569992, 30.276674100468853, 0.0026999999972758815], [31.512863186589303, 30.276674407292486, 0.0026999999972758815], [31.51286338979093, 30.27667471138976, 0.0026999999972758815], [31.51286360025342, 30.276675012752467, 0.0026999999972758815], [31.512863815888867, 30.27667530958472, 0.0026999999972758815], [31.512864037750596, 30.276675604588515, 0.0026999999972758815], [31.512864264785275, 30.276675895061885, 0.0026999999972758815], [31.512864499080823, 30.276676182800685, 0.0026999999972758815], [31.512864737514743, 30.276676466915145, 0.0026999999972758815], [31.51286498320485, 30.276676747393, 0.0026999999972758815], [31.512865233028624, 30.276677023344497, 0.0026999999972758815], [31.512865489074006, 30.276677296565524, 0.0026999999972758815], [31.512865751331617, 30.27667756525199, 0.0026999999972758815], [31.512866017727585, 30.2766778303141, 0.0026999999972758815], [31.51286629033579, 30.276678090841706, 0.0026999999972758815], [31.51286656707768, 30.276678346842893, 0.0026999999972758815], [31.51286685003649, 30.27667859921158, 0.0026999999972758815], [31.512867137128968, 30.27667884705386, 0.0026999999972758815], [31.512867429399094, 30.27667909126772, 0.0026999999972758815], [31.512867726837484, 30.276679330049088, 0.0026999999972758815], [31.512868029448835, 30.276679564299968, 0.0026999999972758815], [31.51286833619387, 30.276679794024496, 0.0026999999972758815], [31.512868647077276, 30.27668002012462, 0.0026999999972758815], [31.51286896312427, 30.27668023989023, 0.0026999999972758815], [31.512869283309627, 30.27668045603146, 0.0026999999972758815], [31.512869607623987, 30.276680666744273, 0.0026999999972758815], [31.512869936072025, 30.276680872930683, 0.0026999999972758815], [31.512870268649074, 30.276681073688685, 0.0026999999972758815], [31.51287060535512, 30.276681269018223, 0.0026999999972758815], [31.512870946194845, 30.276681459821376, 0.0026999999972758815], [31.512871291163577, 30.2766816451961, 0.0026999999972758815], [31.512871639226706, 30.276681826048485, 0.0026999999972758815], [31.51287199037489, 30.27668200057449, 0.0026999999972758815], [31.512872345652067, 30.276682169672053, 0.0026999999972758815], [31.512872704023675, 30.2766823342473, 0.0026999999972758815], [31.512873065484985, 30.27668249339816, 0.0026999999972758815], [31.51287343107062, 30.27668264621857, 0.0026999999972758815], [31.512873798706718, 30.276682793618694, 0.0026999999972758815], [31.512874169432525, 30.276682935594437, 0.0026999999972758815], [31.51287454324808, 30.27668307214582, 0.0026999999972758815], [31.512874919114086, 30.27668320327691, 0.0026999999972758815], [31.512875298065122, 30.276683328081603, 0.0026999999972758815], [31.512875679066624, 30.276683447465974, 0.0026999999972758815], [31.512876063153154, 30.27668356052398, 0.0026999999972758815], [31.512876448250886, 30.276683668165745, 0.0026999999972758815], [31.512876836438334, 30.276683770383123, 0.0026999999972758815], [31.51287722667154, 30.276683866278187, 0.0026999999972758815], [31.512877618950533, 30.276683955850924, 0.0026999999972758815], [31.512878012240712, 30.27668404000744, 0.0026999999972758815], [31.512878407576643, 30.276684117841604, 0.0026999999972758815], [31.51287880392377, 30.276684190259527, 0.0026999999972758815], [31.512879202316658, 30.276684256355136, 0.0026999999972758815], [31.512879601716033, 30.27668431613247, 0.0026999999972758815], [31.5128800021266, 30.27668437049359, 0.0026999999972758815], [31.51288040353899, 30.276684417634403, 0.0026999999972758815], [31.512915805770373, 30.27668836455955, 0.0026999999972758815], [31.5129217227651, 30.276648381645458, 0.0026999999972758815]]]]}}, {"type": "Feature", "properties": {"ID": "B7-1", "Telecom_Type": "كابينة", "Number_OF_Boxs": 6.0, "Sectors": "القطاع الثاني عشر", "Implementing_company": "المصرية للأتصالات", "Easting": "031° 31' 49.26\" E", "Northing": "30° 16' 35.7\" N", "Google_Map": "https://www.google.com/maps/search/?api=1&query=031° 31' 49.26\" E,30° 16' 35.7\" N", "Shape_Length": 32.12570184335948, "Shape_Area": 71.02222692329735}, "geometry": {"type": "MultiPolygon", "coordinates": [[[[31.530382435883194, 30.27660849458999, 0.0], [31.530405856724734, 30.276558235307952, 0.0], [31.530330509505927, 30.276531783538505, 0.0], [31.530307087592586, 30.27658204281183, 0.0], [31.53030611640209, 30.276584355994732, 0.0], [31.530305333487743, 30.276586722343055, 0.0], [31.53030474266372, 30.276589130328542, 0.0], [31.530304346808418, 30.276591568219533, 0.0], [31.53030414785032, 30.27659402413864, 0.0], [31.53030414675878, 30.27659648612094, 0.0], [31.530304343539452, 30.276598942172217, 0.0], [31.530304737233266, 30.276601380326664, 0.0], [31.530305325922438, 30.276603788706, 0.0], [31.530306106738742, 30.276606155576566, 0.0], [31.530307075878408, 30.276608469407503, 0.0], [31.53030822861946, 30.27661071892567, 0.0], [31.53030955934646, 30.27661289317202, 0.0], [31.5303110615759, 30.276614981553966, 0.0], [31.53031272798901, 30.27661697389656, 0.0], [31.53031455046762, 30.276618860493706, 0.0], [31.530316520132196, 30.276620632153957, 0.0], [31.530318627387015, 30.276622280246293, 0.0], [31.530320861965958, 30.276623796740925, 0.0], [31.530323212982463, 30.276625174249734, 0.0], [31.53032566898189, 30.276626406061688, 0.0], [31.53032821799986, 30.27662748617571, 0.0], [31.530330847616906, 30.27662840932934, 0.0], [31.53033354502217, 30.276629171025274, 0.0], [31.53033629707449, 30.276629767552482, 0.0], [31.530339090365693, 30.27663019600479, 0.0], [31.53034191128694, 30.276630454294658, 0.0], [31.530344746095743, 30.276630541163875, 0.0], [31.530347580980667, 30.276630456189263, 0.0], [31.5303504021304, 30.27663019978472, 0.0], [31.530353195801066, 30.276629773199467, 0.0], [31.53035594838141, 30.276629178511772, 0.0], [31.530358646461888, 30.276628418618703, 0.0], [31.53036127689715, 30.276627497222858, 0.0], [31.53036382687221, 30.27662641881278, 0.0], [31.530366283964007, 30.276625188642516, 0.0], [31.53036863620159, 30.27662381270512, 0.0], [31.53037087212552, 30.276622297704506, 0.0], [31.530372980841825, 30.27662065102118, 0.0], [31.5303749520779, 30.276618880677663, 0.0], [31.53037677622936, 30.276616995299285, 0.0], [31.53037844440944, 30.276615004070823, 0.0], [31.53037994849138, 30.276612916693523, 0.0], [31.53038128114657, 30.276610743337418, 0.0], [31.530382435883194, 30.27660849458999, 0.0]]]]}}, {"type": "Feature", "properties": {"ID": "كبينة رقم 23", "Telecom_Type": "كابينة", "Number_OF_Boxs": null, "Sectors": "القطاع الثالث عشر", "Implementing_company": "المصرية للأتصالات", "Easting": "031° 31' 10.46\" E", "Northing": "30° 16' 36.07\" N", "Google_Map": "https://www.google.com/maps/search/?api=1&query=031° 31' 10.46\" E,30° 16' 36.07\" N", "Shape_Length": 32.12579344370428, "Shape_Area": 71.02261646279763}, "geometry": {"type": "MultiPolygon", "coordinates": [[[[31.519613756191642, 30.276679139797093, 0.0], [31.519614013341574, 30.276676687950797, 0.0], [31.519614072810853, 30.276674226507765, 0.0], [31.51961393430923, 30.276671767460165, 0.0], [31.519613598511945, 30.276669322788347, 0.0], [31.519613067055076, 30.276666904402113, 0.0], [31.519612342527424, 30.27666452408352, 0.0], [31.519611428459314, 30.276662193429328, 0.0], [31.51961032930342, 30.27665992379429, 0.0], [31.519609050414985, 30.276657726235694, 0.0], [31.51960759802485, 30.27665561145971, 0.0], [31.51960597920826, 30.276653589769253, 0.0], [31.519604201852665, 30.27665167101367, 0.0], [31.519602274616258, 30.27664986454083, 0.0], [31.51960020688909, 30.27664817915215, 0.0], [31.519598008744413, 30.276646623057864, 0.0], [31.5195956908915, 30.276645203839855, 0.0], [31.51959326462243, 30.27664392841177, 0.0], [31.519590741757728, 30.276642802987336, 0.0], [31.519588134588545, 30.276641833049826, 0.0], [31.51958545581684, 30.27664102332445, 0.0], [31.519582718492888, 30.27664037775618, 0.0], [31.51957993595269, 30.276639899490192, 0.0], [31.519577121752853, 30.276639590856277, 0.0], [31.519574289602918, 30.276639453357962, 0.0], [31.519571453301648, 30.276639487665598, 0.0], [31.51956862666628, 30.276639693611845, 0.0], [31.519565823468465, 30.276640070193405, 0.0], [31.51956305736493, 30.276640615575204, 0.0], [31.519560341831514, 30.27664132710077, 0.0], [31.519557690097898, 30.276642201303538, 0.0], [31.51955511508328, 30.276643233924315, 0.0], [31.519552629332953, 30.276644419932264, 0.0], [31.51955024495656, 30.276645753549523, 0.0], [31.51954797357084, 30.276647228278712, 0.0], [31.51954582624168, 30.27664883693531, 0.0], [31.51954381343059, 30.276650571681795, 0.0], [31.519541944943608, 30.27665242406733, 0.0], [31.519540229884036, 30.276654385066696, 0.0], [31.519538676607212, 30.276656445126676, 0.0], [31.51953729268042, 30.276658594210662, 0.0], [31.519536084846337, 30.276660821848395, 0.0], [31.519535058988886, 30.276663117187496, 0.0], [31.519534220106625, 30.276665469044882, 0.0], [31.51953357228556, 30.276667865963294, 0.0], [31.519533118682784, 30.276670296264744, 0.0], [31.519525288790486, 30.27672408383409, 0.0], [31.519605925303477, 30.27673292737481, 0.0], [31.519613756191642, 30.276679139797093, 0.0]]]]}}, {"type": "Feature", "properties": {"ID": "كبينة رقم 24", "Telecom_Type": "كابينة", "Number_OF_Boxs": null, "Sectors": "القطاع الرابع عشر", "Implementing_company": "المصرية للأتصالات", "Easting": "031° 30' 48.69\" E", "Northing": "30° 16' 36.23\" N", "Google_Map": "https://www.google.com/maps/search/?api=1&query=031° 30' 48.69\" E,30° 16' 36.23\" N", "Shape_Length": 32.125642415802275, "Shape_Area": 71.02177013115369}, "geometry": {"type": "MultiPolygon", "coordinates": [[[[31.513546053363513, 30.276697097202426, 0.0], [31.513484096357228, 30.276690201889025, 0.0], [31.513473759425224, 30.27676017353825, 0.0], [31.51353571647489, 30.276767068856007, 0.0], [31.513538540861262, 30.27676729652459, 0.0], [31.513541376665312, 30.276767352638444, 0.0], [31.51354421007145, 30.276767236924897, 0.0], [31.513547027275678, 30.276766949947046, 0.0], [31.51354981455319, 30.27676649310319, 0.0], [31.513552558325024, 30.276765868619204, 0.0], [31.513555245223372, 30.27676507953711, 0.0], [31.51355786215872, 30.276764129701345, 0.0], [31.51356039638132, 30.276763023739495, 0.0], [31.513562835545347, 30.27676176703944, 0.0], [31.51356516776711, 30.27676036572356, 0.0], [31.51356738168482, 30.27675882661922, 0.0], [31.513569466512553, 30.276757157224157, 0.0], [31.51357141209334, 30.276755365671825, 0.0], [31.513573208948543, 30.27675346069012, 0.0], [31.513574848324378, 30.276751451559775, 0.0], [31.513576322233824, 30.27674934806903, 0.0], [31.51357762349631, 30.276747160465828, 0.0], [31.513578745772804, 30.27674489940761, 0.0], [31.513579683595204, 30.276742575909815, 0.0], [31.513580432394637, 30.276740201292576, 0.0], [31.513580988523437, 30.27673778712427, 0.0], [31.513581349272158, 30.27673534516608, 0.0], [31.513581512882997, 30.276732887315298, 0.0], [31.51358147855929, 30.276730425546063, 0.0], [31.513581246468107, 30.276727971851365, 0.0], [31.513580817740184, 30.27672553818573, 0.0], [31.51358019446405, 30.276723136405003, 0.0], [31.51357937967646, 30.2767207782105, 0.0], [31.51357837734695, 30.27671847509079, 0.0], [31.513577192358238, 30.276716238266538, 0.0], [31.513575830484072, 30.276714078635088, 0.0], [31.51357429835882, 30.27671200671771, 0.0], [31.51357260344688, 30.2767100326083, 0.0], [31.51357075400562, 30.276708165924727, 0.0], [31.513568759045345, 30.276706415760685, 0.0], [31.513566628284632, 30.2767047906433, 0.0], [31.513564372104778, 30.276703298489068, 0.0], [31.513562001497018, 30.276701946568206, 0.0], [31.513559528011154, 30.276700741466726, 0.0], [31.513556963696924, 30.276699689055498, 0.0], [31.51355432104748, 30.276698794462213, 0.0], [31.51355161293752, 30.276698062044336, 0.0], [31.513548852560042, 30.276697495371156, 0.0], [31.513546053363513, 30.276697097202426, 0.0]]]]}}, {"type": "Feature", "properties": {"ID": "كبينة رقم 25", "Telecom_Type": "كابينة", "Number_OF_Boxs": null, "Sectors": "القطاع الثالث عشر", "Implementing_company": "المصرية للأتصالات", "Easting": "031° 31' 26.53\" E", "Northing": "30° 16' 36.07\" N", "Google_Map": "https://www.google.com/maps/search/?api=1&query=031° 31' 26.53\" E,30° 16' 36.07\" N", "Shape_Length": 32.12580416689479, "Shape_Area": 71.0226090633039}, "geometry": {"type": "MultiPolygon", "coordinates": [[[[31.52407915462569, 30.27668741955664, 0.0], [31.52408014166686, 30.276685111422484, 0.0], [31.52408094079802, 30.27668274915078, 0.0], [31.524081548126837, 30.2766803442506, 0.0], [31.52408196069377, 30.27667790843774, 0.0], [31.52408217648905, 30.276675453580086, 0.0], [31.524082194461393, 30.27667299163675, 0.0], [31.52408201452298, 30.27667053460275, 0.0], [31.52408163755068, 30.276668094448052, 0.0], [31.524081065381438, 30.276665683061317, 0.0], [31.524080300802293, 30.27666331219034, 0.0], [31.524079347538365, 30.276660993385885, 0.0], [31.524078210233963, 30.276658737944985, 0.0], [31.524076894429978, 30.276656556855986, 0.0], [31.524075406536973, 30.276654460744897, 0.0], [31.5240737538036, 30.27665245982384, 0.0], [31.524071944282, 30.276650563841237, 0.0], [31.524069986788177, 30.276648782033806, 0.0], [31.52406789085843, 30.276647123082714, 0.0], [31.52406566670416, 30.276645595070132, 0.0], [31.524063325161542, 30.276644205440206, 0.0], [31.52406087763837, 30.276642960963564, 0.0], [31.524058336058065, 30.276641867702814, 0.0], [31.524055712803825, 30.27664093098398, 0.0], [31.5240530206553, 30.2766401553713, 0.0], [31.524050272728996, 30.276639544643206, 0.0], [31.52404748241217, 30.27663910177509, 0.0], [31.524044663298977, 30.276638828924582, 0.0], [31.52404182912418, 30.276638727420757, 0.0], [31.52403899369523, 30.27663879775871, 0.0], [31.524036170826207, 30.276639039595054, 0.0], [31.524033374270175, 30.276639451752253, 0.0], [31.524030617651537, 30.276640032221675, 0.0], [31.524027914400534, 30.276640778175896, 0.0], [31.52402527768661, 30.276641685980398, 0.0], [31.524022720356037, 30.276642751212403, 0.0], [31.52402025486757, 30.27664396868236, 0.0], [31.52401789323312, 30.276645332458664, 0.0], [31.52401564695871, 30.276646835897136, 0.0], [31.524013526987105, 30.276648471673347, 0.0], [31.524011543647454, 30.276650231817918, 0.0], [31.524009706602254, 30.27665210775557, 0.0], [31.524008024801102, 30.276654090346568, 0.0], [31.524006506437573, 30.276656169932046, 0.0], [31.524005158909745, 30.276658336380727, 0.0], [31.524003988781775, 30.27666057913769, 0.0], [31.523980223104804, 30.276710715998792, 0.0], [31.52405538794639, 30.27673755733698, 0.0], [31.52407915462569, 30.27668741955664, 0.0]]]]}}, {"type": "Feature", "properties": {"ID": "15", "Telecom_Type": "كابينة", "Number_OF_Boxs": 30.0, "Sectors": "القطاع الرابع عشر", "Implementing_company": "المصرية للأتصالات", "Easting": "031° 30' 42.56\" E", "Northing": "30° 16' 37.43\" N", "Google_Map": "https://www.google.com/maps/search/?api=1&query=031° 30' 42.56\" E,30° 16' 37.43\" N", "Shape_Length": 18.357431713929877, "Shape_Area": 23.190410463760944}, "geometry": {"type": "MultiPolygon", "coordinates": [[[[31.51184660173823, 30.27705797343357, 0.0], [31.51184664981509, 30.277057624153823, 0.0], [31.511846690612327, 30.277057274000406, 0.0], [31.511846724134614, 30.27705692387538, 0.0], [31.511846751416574, 30.277056572872674, 0.0], [31.511846771423578, 30.277056221898345, 0.0], [31.511846784150976, 30.27705587005041, 0.0], [31.51184679064271, 30.277055518226778, 0.0], [31.511846788820225, 30.277055166435616, 0.0], [31.511846780762063, 30.277054814668777, 0.0], [31.511846765428967, 30.277054462930337, 0.0], [31.511846742825607, 30.277054112122293, 0.0], [31.511846712947307, 30.277053761342668, 0.0], [31.511846676833336, 30.277053410587378, 0.0], [31.51184663240982, 30.277053060766544, 0.0], [31.511846581755304, 30.277052711872077, 0.0], [31.511846524869817, 30.277052363903994, 0.0], [31.511846459674764, 30.27705201687037, 0.0], [31.51184638824406, 30.277051669861088, 0.0], [31.51184630955243, 30.27705132558628, 0.0], [31.511846223585845, 30.277050981339855, 0.0], [31.511846131392957, 30.27705063892186, 0.0], [31.5118460319298, 30.277050297434236, 0.0], [31.511845926245, 30.277049958677058, 0.0], [31.51184581328526, 30.277049619948297, 0.0], [31.511845693064586, 30.27704928395396, 0.0], [31.511845566617616, 30.27704894978806, 0.0], [31.511845433944305, 30.277048617450507, 0.0], [31.51184529401008, 30.27704828784747, 0.0], [31.511845147849534, 30.277047960072807, 0.0], [31.51184499442341, 30.277047634130593, 0.0], [31.511844834775626, 30.277047310918814, 0.0], [31.511844668901528, 30.277046989535425, 0.0], [31.511844496805786, 30.277046670882452, 0.0], [31.511844317453797, 30.277046355865963, 0.0], [31.51184413291477, 30.27704604267383, 0.0], [31.51184394111483, 30.277045732216198, 0.0], [31.51184374413717, 30.27704542538693, 0.0], [31.51184353989862, 30.277045121292147, 0.0], [31.51184333048235, 30.277044820825743, 0.0], [31.511843113805174, 30.277044523093835, 0.0], [31.511842891945633, 30.27704422808828, 0.0], [31.511842664913058, 30.27704393761316, 0.0], [31.511842431658863, 30.27704364986845, 0.0], [31.511842192187668, 30.277043365756207, 0.0], [31.511841946499526, 30.277043085276382, 0.0], [31.511841696677624, 30.27704280932294, 0.0], [31.511841440634093, 30.27704253609993, 0.0], [31.511841178378262, 30.277042267411378, 0.0], [31.511840911984002, 30.277042002347162, 0.0], [31.511840639377446, 30.277041741817445, 0.0], [31.511840362637155, 30.277041485814088, 0.0], [31.511840079679903, 30.27704123344318, 0.0], [31.51183979258889, 30.277040985598624, 0.0], [31.5118395003202, 30.27704074138246, 0.0], [31.511839202883156, 30.277040502598762, 0.0], [31.51183890027309, 30.27704026834549, 0.0], [31.511838593529273, 30.277040038618576, 0.0], [31.511838282647048, 30.27703981251599, 0.0], [31.51183796660115, 30.277039592747904, 0.0], [31.51183764641684, 30.27703937660414, 0.0], [31.511837322103446, 30.277039165888773, 0.0], [31.511836993656313, 30.277038959699766, 0.0], [31.511836661080128, 30.27703875893918, 0.0], [31.511836324374855, 30.277038563606965, 0.0], [31.511835983535846, 30.27703837280111, 0.0], [31.511835639607042, 30.277038187419596, 0.0], [31.511835291549176, 30.27703800746649, 0.0], [31.511834939357556, 30.27703783203972, 0.0], [31.511834584080813, 30.277037662939353, 0.0], [31.51183422570961, 30.277037498361274, 0.0], [31.51183386425329, 30.277037340109583, 0.0], [31.5118334997025, 30.277037186380195, 0.0], [31.511833131027295, 30.277037038981224, 0.0], [31.5118327603016, 30.27703689700252, 0.0], [31.511832387525377, 30.2770367604441, 0.0], [31.511832010620086, 30.277036629314114, 0.0], [31.511831631668954, 30.277036504506388, 0.0], [31.511831250667313, 30.277036385118986, 0.0], [31.51183086761981, 30.277036272053873, 0.0], [31.511830481482523, 30.27703616441309, 0.0], [31.511830093294723, 30.277036062192614, 0.0], [31.51182970306107, 30.277035966294445, 0.0], [31.51182931182087, 30.27703587671451, 0.0], [31.511828917490856, 30.27703579255894, 0.0], [31.51182852319356, 30.277035714717556, 0.0], [31.511828125806467, 30.277035642300497, 0.0], [31.511827727412815, 30.277035576201715, 0.0], [31.511827329051865, 30.277035516417108, 0.0], [31.51182692760113, 30.27703546205687, 0.0], [31.51182652618778, 30.27703541491283, 0.0], [31.511826123763182, 30.277035373185022, 0.0], [31.511825721366623, 30.277035336869414, 0.0], [31.511825316928885, 30.27703530777811, 0.0], [31.511824912519188, 30.277035284099, 0.0], [31.51182450814221, 30.27703526673409, 0.0], [31.511824102758656, 30.277035255687412, 0.0], [31.511823697407813, 30.27703525095495, 0.0], [31.511823292085005, 30.277035251634633, 0.0], [31.511822886794917, 30.27703525862855, 0.0], [31.511822481542204, 30.277035272838692, 0.0], [31.511822077352136, 30.277035291554906, 0.0], [31.511821673199446, 30.277035317487357, 0.0], [31.511821269079466, 30.277035349734003, 0.0], [31.511820866026806, 30.27703538738878, 0.0], [31.511820464046128, 30.277035431353656, 0.0], [31.511820063137435, 30.27703548162871, 0.0], [31.511819663296055, 30.27703553731187, 0.0], [31.51181926452667, 30.277035599305183, 0.0], [31.511818866829255, 30.277035667608644, 0.0], [31.51181847020384, 30.27703574222225, 0.0], [31.511818075685007, 30.277035822239903, 0.0], [31.511817682238167, 30.277035908567676, 0.0], [31.511817291937188, 30.27703600029548, 0.0], [31.5118169027082, 30.277036098333422, 0.0], [31.511816515590475, 30.277036202677454, 0.0], [31.511816129540065, 30.277036312429612, 0.0], [31.511815747674788, 30.277036427577706, 0.0], [31.511815366881525, 30.277036549035945, 0.0], [31.511814989234097, 30.277036675894188, 0.0], [31.511814613697947, 30.27703680905852, 0.0], [31.511814241307658, 30.277036947622854, 0.0], [31.51181387102396, 30.277037091591254, 0.0], [31.511813504925414, 30.277037240955593, 0.0], [31.511813140938123, 30.277037396626035, 0.0], [31.511812780092026, 30.277037556794443, 0.0], [31.51181242343575, 30.277037723260833, 0.0], [31.511812068886066, 30.277037895131272, 0.0], [31.511811718516842, 30.277038071495618, 0.0], [31.511811372337466, 30.277038254157983, 0.0], [31.51181102929925, 30.277038441318304, 0.0], [31.511810689406907, 30.277038633878618, 0.0], [31.511810354734322, 30.277038830928795, 0.0], [31.511810023212274, 30.277039034281014, 0.0], [31.511809695870692, 30.277039242127152, 0.0], [31.51180937270959, 30.27703945446721, 0.0], [31.511809054768225, 30.27703967129713, 0.0], [31.51180873997742, 30.277039894429095, 0.0], [31.511808430401672, 30.277040121148868, 0.0], [31.51180812604568, 30.27704035235854, 0.0], [31.511807824835554, 30.277040588968188, 0.0], [31.511807529879768, 30.277040829161635, 0.0], [31.511807239109146, 30.277041074751022, 0.0], [31.511806953553585, 30.277041323928238, 0.0], [31.51180667321779, 30.277041577595337, 0.0], [31.511806397062447, 30.277041835756354, 0.0], [31.51180612716613, 30.277042098403165, 0.0], [31.511805862484913, 30.277042364637822, 0.0], [31.511805603018747, 30.27704263446031, 0.0], [31.51180534877234, 30.27704290877268, 0.0], [31.51180509974101, 30.277043186672866, 0.0], [31.51180485696403, 30.277043468156823, 0.0], [31.511804620441406, 30.277043753224596, 0.0], [31.51180438809458, 30.27704404188424, 0.0], [31.511804163041386, 30.277044334123616, 0.0], [31.511803943203265, 30.277044629950808, 0.0], [31.51180372961949, 30.277044929361814, 0.0], [31.511803522285415, 30.27704523145455, 0.0], [31.511803320161732, 30.277045536233096, 0.0], [31.511803125331674, 30.277045844591367, 0.0], [31.511802935712037, 30.27704615563543, 0.0], [31.51180275338134, 30.277046469357227, 0.0], [31.511802576265726, 30.277046786666833, 0.0], [31.511802406434406, 30.27704710575212, 0.0], [31.511802242852767, 30.27704742751917, 0.0], [31.511802085520788, 30.27704775196795, 0.0], [31.511801934433834, 30.27704807819645, 0.0], [31.51180179063584, 30.277048407102672, 0.0], [31.511801653082838, 30.277048737788608, 0.0], [31.511801522818825, 30.27704907115223, 0.0], [31.51180139879512, 30.277049405393548, 0.0], [31.51180128102111, 30.27704974231663, 0.0], [31.51180117053138, 30.277050081015382, 0.0], [31.51180106732595, 30.277050421489786, 0.0], [31.51180097036086, 30.277050762841903, 0.0], [31.51180088068004, 30.277051105969683, 0.0], [31.511800797239566, 30.277051449975154, 0.0], [31.511800721083365, 30.27705179575629, 0.0], [31.511800652206773, 30.277052142411076, 0.0], [31.511800590609816, 30.277052489939496, 0.0], [31.511800535253187, 30.2770528383456, 0.0], [31.511795987439058, 30.27708356537655, 0.0], [31.511842053942924, 30.27708870136796, 0.0], [31.51184660173823, 30.27705797343357, 0.0]]]]}}, {"type": "Feature", "properties": {"ID": "B7-1-4", "Telecom_Type": "كابينة", "Number_OF_Boxs": 16.0, "Sectors": "القطاع الثاني عشر", "Implementing_company": "المصرية للأتصالات", "Easting": "031° 31' 54.43\" E", "Northing": "30° 16' 37.49\" N", "Google_Map": "https://www.google.com/maps/search/?api=1&query=031° 31' 54.43\" E,30° 16' 37.49\" N", "Shape_Length": 32.125565489721126, "Shape_Area": 71.02136625831623}, "geometry": {"type": "MultiPolygon", "coordinates": [[[[31.531819396571166, 30.27710640736346, 0.0], [31.53184281782989, 30.277056147831324, 0.0], [31.53176746882189, 30.277029697806185, 0.0], [31.531744048565052, 30.27707995641921, 0.0], [31.531743077383258, 30.27708226958477, 0.0], [31.531742294477223, 30.27708463591515, 0.0], [31.531741703661936, 30.27708704388193, 0.0], [31.531741307815825, 30.27708948175366, 0.0], [31.531741108866914, 30.27709193765297, 0.0], [31.53174110778501, 30.277094399615134, 0.0], [31.531741304575238, 30.277096855645464, 0.0], [31.531741698278736, 30.277099293778406, 0.0], [31.531742286977483, 30.277101702135703, 0.0], [31.53174306780339, 30.277104068983736, 0.0], [31.53174403695219, 30.277106382791423, 0.0], [31.53174518970264, 30.277108632286215, 0.0], [31.531746520438507, 30.277110806508837, 0.0], [31.531748022676407, 30.27711289486603, 0.0], [31.531749689097367, 30.277114887183934, 0.0], [31.531751511583042, 30.27711677375604, 0.0], [31.53175348125435, 30.277118545390998, 0.0], [31.531755588515082, 30.277120193457662, 0.0], [31.53175782309895, 30.27712170992655, 0.0], [31.531760174119217, 30.277123087409706, 0.0], [31.531762630121417, 30.277124319195977, 0.0], [31.531765179140695, 30.277125399284117, 0.0], [31.531767808757788, 30.27712632241238, 0.0], [31.53177050616197, 30.277127084082768, 0.0], [31.531773258211086, 30.277127680584925, 0.0], [31.53177605149774, 30.277128109012587, 0.0], [31.531778872413337, 30.277128367278603, 0.0], [31.531781707214048, 30.277128454124412, 0.0], [31.531784542088968, 30.277128369127237, 0.0], [31.531787363227075, 30.277128112701128, 0.0], [31.531790156883787, 30.277127686094925, 0.0], [31.531792909448765, 30.27712709138782, 0.0], [31.531795607511494, 30.27712633147626, 0.0], [31.531798237926928, 30.277125410063253, 0.0], [31.531800787880425, 30.27712433163776, 0.0], [31.53180324494829, 30.277123101453387, 0.0], [31.531805597160222, 30.27712172550389, 0.0], [31.531807833056206, 30.27712021049275, 0.0], [31.531809941742942, 30.27711856380087, 0.0], [31.531811912947276, 30.277116793450624, 0.0], [31.531813737065843, 30.2771149080677, 0.0], [31.531815405211038, 30.277112916836995, 0.0], [31.5318169092565, 30.277110829459783, 0.0], [31.531818241873836, 30.277108656105966, 0.0], [31.531819396571166, 30.27710640736346, 0.0]]]]}}, {"type": "Feature", "properties": {"ID": "5014", "Telecom_Type": "غرفة اتصالات", "Number_OF_Boxs": null, "Sectors": "القطاع الثاني عشر", "Implementing_company": "المصرية للأتصالات", "Easting": "031° 31' 55.52\" E", "Northing": "30° 16' 37.53\" N", "Google_Map": "https://www.google.com/maps/search/?api=1&query=031° 31' 55.52\" E,30° 16' 37.53\" N", "Shape_Length": 31.25339566933755, "Shape_Area": 52.017460918662216}, "geometry": {"type": "MultiPolygon", "coordinates": [[[[31.53215010744208, 30.277088309455433, 0.0], [31.53204547814459, 30.27705258269344, 0.0], [31.532027183539643, 30.277092943163755, 0.0], [31.532131812873782, 30.277128669939707, 0.0], [31.53215010744208, 30.277088309455433, 0.0]]]]}}, {"type": "Feature", "properties": {"ID": "كبينة رقم 26", "Telecom_Type": "كابينة", "Number_OF_Boxs": null, "Sectors": "القطاع الثاني عشر", "Implementing_company": "المصرية للأتصالات", "Easting": "031° 31' 44.39\" E", "Northing": "30° 16' 37.61\" N", "Google_Map": "https://www.google.com/maps/search/?api=1&query=031° 31' 44.39\" E,30° 16' 37.61\" N", "Shape_Length": 32.125751991199266, "Shape_Area": 71.02204410820333}, "geometry": {"type": "MultiPolygon", "coordinates": [[[[31.52902611961709, 30.2770862856731, 0.0], [31.528968353118717, 30.277065659777556, 0.0], [31.52893743099682, 30.277130900466403, 0.0], [31.528995198561805, 30.277151525468778, 0.0], [31.528997857899025, 30.277152382063505, 0.0], [31.52900057960365, 30.277153075563504, 0.0], [31.52900335041531, 30.277153602590705, 0.0], [31.52900615683465, 30.277153960576452, 0.0], [31.529008985188977, 30.27715414777755, 0.0], [31.529011821699477, 30.277154163281516, 0.0], [31.529014652545982, 30.2771540070129, 0.0], [31.529017463937574, 30.277153679733022, 0.0], [31.529020242176692, 30.277153183036752, 0.0], [31.529022973728793, 30.27715251934326, 0.0], [31.529025645285124, 30.27715169188654, 0.0], [31.529028243830524, 30.277150704697533, 0.0], [31.529030756704916, 30.27714956258612, 0.0], [31.529033171666097, 30.27714827111625, 0.0], [31.52903547694807, 30.277146836580286, 0.0], [31.52903766132012, 30.277145265966656, 0.0], [31.529039714140122, 30.27714356692751, 0.0], [31.529041625406478, 30.277141747740753, 0.0], [31.529043385808006, 30.277139817268797, 0.0], [31.529044986768334, 30.277137784916917, 0.0], [31.529046420487152, 30.27713566058668, 0.0], [31.52904767997994, 30.277133454627467, 0.0], [31.529048759110783, 30.27713117778663, 0.0], [31.529049652621588, 30.277128841156905, 0.0], [31.52905035615989, 30.277126456122, 0.0], [31.52905086629753, 30.277124034301703, 0.0], [31.52905118054984, 30.277121587495067, 0.0], [31.529051297385212, 30.277119127622296, 0.0], [31.52905121623474, 30.277116666668007, 0.0], [31.529050937493768, 30.277114216621516, 0.0], [31.529050462520576, 30.27711178941962, 0.0], [31.529049793628456, 30.277109396887436, 0.0], [31.5290489340772, 30.277107050680648, 0.0], [31.529047888053725, 30.27710476223055, 0.0], [31.52904666065432, 30.277102542685384, 0.0], [31.529045257859064, 30.277100402859457, 0.0], [31.529043686502295, 30.277098353177372, 0.0], [31.529041954239034, 30.277096403624824, 0.0], [31.529040069509286, 30.277094563700487, 0.0], [31.529038041494857, 30.27709284236753, 0.0], [31.529035880076265, 30.27709124801284, 0.0], [31.529033595783968, 30.277089788403714, 0.0], [31.529031199746388, 30.27708847065086, 0.0], [31.52902870363714, 30.2770873011751, 0.0], [31.52902611961709, 30.2770862856731, 0.0]]]]}}, {"type": "Feature", "properties": {"ID": "كبينة رقم 27", "Telecom_Type": "كابينة", "Number_OF_Boxs": null, "Sectors": "القطاع الثاني عشر", "Implementing_company": "المصرية للأتصالات", "Easting": "031° 31' 35.71\" E", "Northing": "30° 16' 37.9\" N", "Google_Map": "https://www.google.com/maps/search/?api=1&query=031° 31' 35.71\" E,30° 16' 37.9\" N", "Shape_Length": 32.1257480893825, "Shape_Area": 71.02228134666045}, "geometry": {"type": "MultiPolygon", "coordinates": [[[[31.52663019710065, 30.277194916345188, 0.0], [31.526631158881184, 30.277192600206885, 0.0], [31.526631932169934, 30.277190231480663, 0.0], [31.526632513200177, 30.277187821706388, 0.0], [31.526632899139877, 30.277185382624086, 0.0], [31.526633088109435, 30.27718292611679, 0.0], [31.52663307918862, 30.277180464152462, 0.0], [31.526632872420322, 30.277178008725354, 0.0], [31.5266324688121, 30.277175571798175, 0.0], [31.526631870330238, 30.27717316524342, 0.0], [31.526631079890855, 30.277170800785477, 0.0], [31.526630101344367, 30.277168489943847, 0.0], [31.526628939458753, 30.277166243976293, 0.0], [31.52662759989392, 30.27716407382568, 0.0], [31.5266260891766, 30.277161990063895, 0.0], [31.526624414666937, 30.27716000284337, 0.0], [31.526622584522308, 30.27715812184548, 0.0], [31.52662060765958, 30.277156356234123, 0.0], [31.526618493709694, 30.277154714611324, 0.0], [31.52661625297151, 30.277153204974873, 0.0], [31.526613896361823, 30.2771518346794, 0.0], [31.526611435361538, 30.277150610400888, 0.0], [31.526608881960385, 30.277149538104148, 0.0], [31.526606248598515, 30.277148623012874, 0.0], [31.526603548105065, 30.277147869585686, 0.0], [31.52660079363699, 30.277147281492827, 0.0], [31.526597998613024, 30.277146861599622, 0.0], [31.526595176651036, 30.277146611951768, 0.0], [31.526592341498564, 30.277146533765354, 0.0], [31.526589506968723, 30.27714662742151, 0.0], [31.52658668687074, 30.277146892463968, 0.0], [31.526583894944093, 30.277147327601174, 0.0], [31.52658114479034, 30.27714793071342, 0.0], [31.526578449808074, 30.277148698862312, 0.0], [31.526575823127175, 30.277149628305715, 0.0], [31.526573277544028, 30.277150714515162, 0.0], [31.526570825461025, 30.27715195219892, 0.0], [31.526568478824093, 30.277153335327263, 0.0], [31.52656624906588, 30.277154857161793, 0.0], [31.52656414704982, 30.277156510287817, 0.0], [31.526562183016207, 30.27715828665198, 0.0], [31.52656036653372, 30.277160177599608, 0.0], [31.52655870645224, 30.27716217391864, 0.0], [31.526557210859178, 30.277164265882973, 0.0], [31.52655588704138, 30.277166443300878, 0.0], [31.526554741448297, 30.27716869556434, 0.0], [31.526531524659607, 30.27721902641573, 0.0], [31.526606980344717, 30.277245247209393, 0.0], [31.52663019710065, 30.277194916345188, 0.0]]]]}}, {"type": "Feature", "properties": {"ID": "B6-2", "Telecom_Type": "كابينة", "Number_OF_Boxs": 35.0, "Sectors": "القطاع الثاني عشر", "Implementing_company": "المصرية للأتصالات", "Easting": "031° 31' 34.81\" E", "Northing": "30° 16' 38.9\" N", "Google_Map": "https://www.google.com/maps/search/?api=1&query=031° 31' 34.81\" E,30° 16' 38.9\" N", "Shape_Length": 32.12580155629379, "Shape_Area": 71.0225495313792}, "geometry": {"type": "MultiPolygon", "coordinates": [[[[31.526378161296062, 30.277466126973078, 0.0], [31.52637854767264, 30.27746368793071, 0.0], [31.52637873708023, 30.277461231436696, 0.0], [31.526378728596086, 30.27745876945922, 0.0], [31.526378522261272, 30.277456313992676, 0.0], [31.526378119081752, 30.277453876999882, 0.0], [31.526377521021022, 30.277451470353622, 0.0], [31.526376730993313, 30.27744910577884, 0.0], [31.526375752847155, 30.277446794795885, 0.0], [31.526374591348667, 30.277444548663023, 0.0], [31.526373252155896, 30.277442378323965, 0.0], [31.526371741793714, 30.277440294351987, 0.0], [31.526370067620082, 30.27743830690003, 0.0], [31.52636823779178, 30.27743642565063, 0.0], [31.52636626122382, 30.27743465976951, 0.0], [31.526364147545294, 30.277433017859632, 0.0], [31.526361907054156, 30.277431507920284, 0.0], [31.526359550665664, 30.277430137307594, 0.0], [31.526357089860124, 30.277428912699396, 0.0], [31.52635453662668, 30.27742784006159, 0.0], [31.526351903403977, 30.277426924620062, 0.0], [31.526349203020864, 30.277426170834584, 0.0], [31.52634644863372, 30.27742558237803, 0.0], [31.526343653661318, 30.277425162116874, 0.0], [31.52634083172062, 30.277424912098454, 0.0], [31.526337996560176, 30.27742483354129, 0.0], [31.526335161991874, 30.277424926827887, 0.0], [31.526332341826283, 30.277425191503884, 0.0], [31.526329549802874, 30.27742562627966, 0.0], [31.52632679952358, 30.277426229036813, 0.0], [31.526324104388017, 30.277426996839434, 0.0], [31.52632147752638, 30.277427925946224, 0.0], [31.526318931736693, 30.277429011830595, 0.0], [31.526316479422007, 30.277430249202993, 0.0], [31.526314132529258, 30.277431632034286, 0.0], [31.526311902492644, 30.277433153587637, 0.0], [31.526309800176666, 30.277434806450295, 0.0], [31.526307835823488, 30.277436582569717, 0.0], [31.526306019003698, 30.277438473292587, 0.0], [31.52630435856817, 30.277440469407626, 0.0], [31.52630286260651, 30.277442561189712, 0.0], [31.52630153840737, 30.277444738448356, 0.0], [31.526300392421472, 30.277446990575687, 0.0], [31.52629943023252, 30.27744930659939, 0.0], [31.52629865652802, 30.277451675236584, 0.0], [31.526298075077126, 30.27745408494704, 0.0], [31.526287412685733, 30.277507504491957, 0.0], [31.526367498942122, 30.277519545621864, 0.0], [31.526378161296062, 30.277466126973078, 0.0]]]]}}, {"type": "Feature", "properties": {"ID": "B7-1-3", "Telecom_Type": "كابينة", "Number_OF_Boxs": 20.0, "Sectors": "القطاع الثاني عشر", "Implementing_company": "المصرية للأتصالات", "Easting": "031° 31' 58.07\" E", "Northing": "30° 16' 38.82\" N", "Google_Map": "https://www.google.com/maps/search/?api=1&query=031° 31' 58.07\" E,30° 16' 38.82\" N", "Shape_Length": 32.12555235404665, "Shape_Area": 71.02120091829394}, "geometry": {"type": "MultiPolygon", "coordinates": [[[[31.53282831238965, 30.277476050276917, 0.0], [31.53285173321615, 30.277425790572224, 0.0], [31.532776383662824, 30.27739934113585, 0.0], [31.532752963843052, 30.277449600823434, 0.0], [31.53275199273662, 30.277451913990735, 0.0], [31.53275120990601, 30.27745428031843, 0.0], [31.532750619166244, 30.277456688277578, 0.0], [31.532750223394203, 30.277459126136673, 0.0], [31.53275002451836, 30.277461582018873, 0.0], [31.53275002350812, 30.277464043959196, 0.0], [31.532750220367895, 30.27746649996371, 0.0], [31.532750614138642, 30.27746893806693, 0.0], [31.532751202902237, 30.277471346390577, 0.0], [31.53275198379017, 30.27747371320163, 0.0], [31.532752952998024, 30.27747602696902, 0.0], [31.5327541058041, 30.277478276420176, 0.0], [31.532755436591753, 30.27748045059654, 0.0], [31.532756938877757, 30.27748253890558, 0.0], [31.532758605343027, 30.277484531172796, 0.0], [31.53276042786877, 30.27748641769274, 0.0], [31.532762397575777, 30.277488189273896, 0.0], [31.532764504868023, 30.277489837285728, 0.0], [31.532766739478777, 30.277491353698828, 0.0], [31.532769090521555, 30.277492731125893, 0.0], [31.532771546541728, 30.27749396285609, 0.0], [31.53277409557434, 30.277495042888283, 0.0], [31.532776725200666, 30.277495965960835, 0.0], [31.532779422609295, 30.2774967275769, 0.0], [31.532782174658863, 30.277497324025408, 0.0], [31.5327849679413, 30.27749775240078, 0.0], [31.532787788848562, 30.277498010616213, 0.0], [31.532790623637066, 30.277498097413513, 0.0], [31.532793458496172, 30.27749801236974, 0.0], [31.532796279614818, 30.277497755899347, 0.0], [31.532799073248356, 30.27749732925204, 0.0], [31.53280182578704, 30.27749673450582, 0.0], [31.53280452382038, 30.277495974558853, 0.0], [31.532807154203915, 30.2774950531131, 0.0], [31.532809704122663, 30.277493974657965, 0.0], [31.532812161153895, 30.277492744447372, 0.0], [31.532814513327033, 30.277491368474895, 0.0], [31.532816749182377, 30.27748985344444, 0.0], [31.532818857827305, 30.27748820673663, 0.0], [31.532820828988683, 30.27748643637424, 0.0], [31.532822653062905, 30.277484550982212, 0.0], [31.53282432116395, 30.277482559746307, 0.0], [31.53282582516403, 30.277480472367085, 0.0], [31.53282715773686, 30.277478299014483, 0.0], [31.53282831238965, 30.277476050276917, 0.0]]]]}}, {"type": "Feature", "properties": {"ID": "B6", "Telecom_Type": "كابينة", "Number_OF_Boxs": 27.0, "Sectors": "القطاع الثاني عشر", "Implementing_company": "المصرية للأتصالات", "Easting": "031° 31' 34.61\" E", "Northing": "30° 16' 39.62\" N", "Google_Map": "https://www.google.com/maps/search/?api=1&query=031° 31' 34.61\" E,30° 16' 39.62\" N", "Shape_Length": 32.12577540579095, "Shape_Area": 71.02244727486166}, "geometry": {"type": "MultiPolygon", "coordinates": [[[[31.526318798905656, 30.277689776705724, 0.0], [31.52632946129817, 30.277636357159718, 0.0], [31.52624937495096, 30.277624316007813, 0.0], [31.526238712511365, 30.277677734645863, 0.0], [31.526238326140483, 30.27768017368383, 0.0], [31.526238136738332, 30.277682630172695, 0.0], [31.526238145228035, 30.277685092145262, 0.0], [31.52623835156734, 30.2776875476063, 0.0], [31.526238754751237, 30.277689984593273, 0.0], [31.52623935281567, 30.27769239123362, 0.0], [31.526240142847055, 30.27769475580242, 0.0], [31.526241120996286, 30.277697066779584, 0.0], [31.526242282497865, 30.27769931290655, 0.0], [31.52624362169318, 30.2777014832401, 0.0], [31.52624513205797, 30.277703567206732, 0.0], [31.52624680623366, 30.27770555465374, 0.0], [31.526248636064096, 30.277707435898005, 0.0], [31.526250612634243, 30.27770920177488, 0.0], [31.526252726314713, 30.277710843680858, 0.0], [31.526254966807805, 30.277712353616817, 0.0], [31.526257323197935, 30.277713724226203, 0.0], [31.52625978400506, 30.277714948832138, 0.0], [31.526262337240322, 30.27771602146818, 0.0], [31.526264970465, 30.277716936908444, 0.0], [31.52626767084991, 30.27771769069316, 0.0], [31.526270425238902, 30.277718279149653, 0.0], [31.526273220213458, 30.277718699411476, 0.0], [31.526276042156223, 30.277718949430746, 0.0], [31.526278877319218, 30.2777190279897, 0.0], [31.52628171188985, 30.277718934705597, 0.0], [31.52628453205812, 30.277718670032783, 0.0], [31.526287324084755, 30.27771823526059, 0.0], [31.52629007436718, 30.27771763250746, 0.0], [31.526292769505986, 30.27771686470978, 0.0], [31.52629539637125, 30.277715935608107, 0.0], [31.526297942164867, 30.277714849729286, 0.0], [31.526300394483737, 30.277713612363097, 0.0], [31.526302741380903, 30.277712229538512, 0.0], [31.526304971422366, 30.277710707991755, 0.0], [31.52630707374335, 30.277709055136174, 0.0], [31.526309038101942, 30.27770727902429, 0.0], [31.526310854927832, 30.27770538830893, 0.0], [31.526312515369508, 30.277703392201342, 0.0], [31.526314011337636, 30.27770130042697, 0.0], [31.526315335543927, 30.277699123176035, 0.0], [31.52631648153701, 30.277696871056143, 0.0], [31.526317443733493, 30.277694555039606, 0.0], [31.526318217446185, 30.277692186409347, 0.0], [31.526318798905656, 30.277689776705724, 0.0]]]]}}, {"type": "Feature", "properties": {"ID": "كبينة رقم 28", "Telecom_Type": "كابينة", "Number_OF_Boxs": null, "Sectors": "القطاع الثاني عشر", "Implementing_company": "المصرية للأتصالات", "Easting": "031° 31' 33.43\" E", "Northing": "30° 16' 39.66\" N", "Google_Map": "https://www.google.com/maps/search/?api=1&query=031° 31' 33.43\" E,30° 16' 39.66\" N", "Shape_Length": 32.12574598239868, "Shape_Area": 71.0222207616075}, "geometry": {"type": "MultiPolygon", "coordinates": [[[[31.525973378493795, 30.277651235243976, 0.0], [31.525911753634354, 30.277642376228215, 0.0], [31.52589847285856, 30.27771197270664, 0.0], [31.525960097760482, 30.27772083172806, 0.0], [31.525962910705573, 30.27772114900306, 0.0], [31.525965742298013, 30.27772129519823, 0.0], [31.525968578742816, 30.277721269601304, 0.0], [31.525971406220823, 30.27772107233695, 0.0], [31.52597421095662, 30.277720704366, 0.0], [31.525976979286103, 30.277720167481487, 0.0], [31.52597969772208, 30.27771946429897, 0.0], [31.52598235302076, 30.27771859824426, 0.0], [31.52598493224521, 30.2777175735367, 0.0], [31.52598742282997, 30.277716395168596, 0.0], [31.52598981264098, 30.277715068881086, 0.0], [31.525992090035253, 30.27771360113546, 0.0], [31.52599424391798, 30.27771199908249, 0.0], [31.52599626379504, 30.277710270527553, 0.0], [31.525998139825994, 30.277708423891443, 0.0], [31.525999862870723, 30.277706468171505, 0.0], [31.526001424534986, 30.277704412895442, 0.0], [31.526002817210756, 30.27770226807651, 0.0], [31.526004034112223, 30.277700044163968, 0.0], [31.52600506931142, 30.277697751992605, 0.0], [31.526005917764888, 30.277695402730004, 0.0], [31.52600657533882, 30.277693007821238, 0.0], [31.526007038829814, 30.27769057893406, 0.0], [31.526007305979384, 30.277688127902074, 0.0], [31.52600737548643, 30.277685666666283, 0.0], [31.526007247012167, 30.277683207217603, 0.0], [31.526006921182564, 30.277680761538566, 0.0], [31.52600639958498, 30.277678341544053, 0.0], [31.526005684760737, 30.277675959024247, 0.0], [31.52600478019236, 30.27767362558667, 0.0], [31.52600369028663, 30.277671352599196, 0.0], [31.52600242035377, 30.277669151135918, 0.0], [31.526000976580907, 30.277667031922334, 0.0], [31.52599936600169, 30.27766500528286, 0.0], [31.525997596462602, 30.277663081091106, 0.0], [31.5259956765852, 30.27766126872154, 0.0], [31.525993615722562, 30.277659577004307, 0.0], [31.52599142391528, 30.277658014180712, 0.0], [31.52598911184151, 30.27765658786475, 0.0], [31.525986690765578, 30.27765530500568, 0.0], [31.525984172482985, 30.27765417185355, 0.0], [31.52598156926175, 30.277653193928515, 0.0], [31.525978893785524, 30.277652375994858, 0.0], [31.525976159088472, 30.277651722038218, 0.0], [31.525973378493795, 30.277651235243976, 0.0]]]]}}, {"type": "Feature", "properties": {"ID": "كبينة رقم 29", "Telecom_Type": "كابينة", "Number_OF_Boxs": null, "Sectors": "القطاع الثاني عشر", "Implementing_company": "المصرية للأتصالات", "Easting": "031° 31' 56.66\" E", "Northing": "30° 16' 40.53\" N", "Google_Map": "https://www.google.com/maps/search/?api=1&query=031° 31' 56.66\" E,30° 16' 40.53\" N", "Shape_Length": 32.12558070248308, "Shape_Area": 71.02142574389858}, "geometry": {"type": "MultiPolygon", "coordinates": [[[[31.532437318707288, 30.277949614549506, 0.0], [31.532460739842787, 30.277899354914656, 0.0], [31.53238539002693, 30.277872905258228, 0.0], [31.532361969893326, 30.277923163973934, 0.0], [31.532360998711457, 30.277925477145104, 0.0], [31.532360215808513, 30.277927843480132, 0.0], [31.532359624998058, 30.277930251451703, 0.0], [31.532359229158963, 30.277932689327, 0.0], [31.532359030219457, 30.27793514522975, 0.0], [31.532359029149276, 30.277937607194406, 0.0], [31.532359225952888, 30.27794006322653, 0.0], [31.532359619672246, 30.277942501360577, 0.0], [31.532360208388635, 30.27794490971805, 0.0], [31.53236098923448, 30.27794727656564, 0.0], [31.532361958404767, 30.277949590371946, 0.0], [31.532363111178473, 30.27795183986447, 0.0], [31.53236444193864, 30.277954014083743, 0.0], [31.532365944202642, 30.277956102437006, 0.0], [31.532367610651125, 30.277958094749973, 0.0], [31.532369433165265, 30.27795998131613, 0.0], [31.532371402866165, 30.277961752944442, 0.0], [31.53237351015719, 30.27796340100329, 0.0], [31.532375744771553, 30.27796491746378, 0.0], [31.53237809582307, 30.27796629493747, 0.0], [31.53238055185675, 30.27796752671352, 0.0], [31.53238310090766, 30.27796860679076, 0.0], [31.532385730556346, 30.277969529907214, 0.0], [31.5323884279914, 30.277970291565225, 0.0], [31.532391180071347, 30.277970888054504, 0.0], [31.53239397338813, 30.277971316468324, 0.0], [31.532396794332694, 30.277971574720134, 0.0], [31.532399629161386, 30.277971661551447, 0.0], [31.532402464063505, 30.277971576539258, 0.0], [31.532405285227274, 30.27797132009744, 0.0], [31.53240807890802, 30.277970893475953, 0.0], [31.532410831495277, 30.277970298752994, 0.0], [31.532413529578477, 30.277969538825634, 0.0], [31.532416160012772, 30.277968617396876, 0.0], [31.532418709982814, 30.277967538955533, 0.0], [31.532421167065152, 30.27796630875581, 0.0], [31.532423519289118, 30.27796493279093, 0.0], [31.532425755194645, 30.277963417764763, 0.0], [31.532427863888987, 30.27796177105847, 0.0], [31.532429835098057, 30.277960000694787, 0.0], [31.53243165921876, 30.27795811529836, 0.0], [31.532433327363748, 30.277956124055418, 0.0], [31.5324348314061, 30.277954036666568, 0.0], [31.53243616401786, 30.277951863301954, 0.0], [31.532437318707288, 30.277949614549506, 0.0]]]]}}, {"type": "Feature", "properties": {"ID": "كبينة رقم 30", "Telecom_Type": "كابينة", "Number_OF_Boxs": null, "Sectors": "القطاع الثالث عشر", "Implementing_company": "المصرية للأتصالات", "Easting": "031° 31' 13.5\" E", "Northing": "30° 16' 40.73\" N", "Google_Map": "https://www.google.com/maps/search/?api=1&query=031° 31' 13.5\" E,30° 16' 40.73\" N", "Shape_Length": 32.125688833911774, "Shape_Area": 71.02183144462387}, "geometry": {"type": "MultiPolygon", "coordinates": [[[[31.520459139466904, 30.27797093940667, 0.0], [31.520459396624126, 30.277968487579667, 0.0], [31.520459456098095, 30.277966026155898, 0.0], [31.520459317599816, 30.277963567127305, 0.0], [31.52045898180343, 30.277961122474196, 0.0], [31.52045845034546, 30.277958704106346, 0.0], [31.520457725814516, 30.277956323806315, 0.0], [31.520456811740768, 30.277953993170314, 0.0], [31.520455712577675, 30.27795172355331, 0.0], [31.520454433680023, 30.277949526012588, 0.0], [31.520452981278513, 30.277947411254534, 0.0], [31.52045136244951, 30.277945389581994, 0.0], [31.52044958507971, 30.27794347084426, 0.0], [31.520447657828143, 30.277941664389438, 0.0], [31.52044559008409, 30.277939979018324, 0.0], [31.520443391921678, 30.277938422942153, 0.0], [31.520441074050346, 30.27793700374194, 0.0], [31.52043864776243, 30.277935728331517, 0.0], [31.520436124878277, 30.277934602925082, 0.0], [31.52043351768994, 30.277933633005272, 0.0], [31.520430838898612, 30.27793282329748, 0.0], [31.5204281015557, 30.2779321777466, 0.0], [31.52042531899714, 30.277931699497735, 0.0], [31.520422504779372, 30.27793139088079, 0.0], [31.520419672612782, 30.277931253399274, 0.0], [31.520416836295997, 30.277931287723153, 0.0], [31.52041400964674, 30.277931493684978, 0.0], [31.520411206436837, 30.27793187028138, 0.0], [31.52040844032255, 30.277932415678006, 0.0], [31.520405724780822, 30.27793312721718, 0.0], [31.520403073041454, 30.27793400143256, 0.0], [31.520400498023143, 30.27793503406513, 0.0], [31.520398012271333, 30.277936220083944, 0.0], [31.520395627896374, 30.277937553710593, 0.0], [31.520393356515097, 30.277939028448106, 0.0], [31.520391209193164, 30.27794063711135, 0.0], [31.520389196392475, 30.277942371863258, 0.0], [31.520387327918783, 30.277944224252177, 0.0], [31.520385612875458, 30.277946185253324, 0.0], [31.520384059617832, 30.277948245313247, 0.0], [31.52038267571353, 30.277950394395166, 0.0], [31.520381467904908, 30.277952622028813, 0.0], [31.520380442075886, 30.277954917361306, 0.0], [31.52037960322436, 30.277957269210283, 0.0], [31.52037895543781, 30.277959666117695, 0.0], [31.52037850187163, 30.277962096405833, 0.0], [31.520370671310218, 30.278015884015097, 0.0], [31.520451309983443, 30.278024726114023, 0.0], [31.520459139466904, 30.27797093940667, 0.0]]]]}}, {"type": "Feature", "properties": {"ID": "كبينة رقم 31", "Telecom_Type": "كابينة", "Number_OF_Boxs": null, "Sectors": "القطاع الثاني عشر", "Implementing_company": "المصرية للأتصالات", "Easting": "031° 31' 40.15\" E", "Northing": "30° 16' 41.09\" N", "Google_Map": "https://www.google.com/maps/search/?api=1&query=031° 31' 40.15\" E,30° 16' 41.09\" N", "Shape_Length": 32.12553938058544, "Shape_Area": 71.02131760036957}, "geometry": {"type": "MultiPolygon", "coordinates": [[[[31.527856358978458, 30.278100456759788, 0.0], [31.527867020577105, 30.278047037101228, 0.0], [31.52778693476197, 30.278034996892607, 0.0], [31.52777627311623, 30.278088415643197, 0.0], [31.527775886774158, 30.27809085465644, 0.0], [31.5277756974, 30.278093311118795, 0.0], [31.527775705915737, 30.278095773062738, 0.0], [31.527775912280514, 30.27809822849417, 0.0], [31.527776315488545, 30.27810066545004, 0.0], [31.52777691357557, 30.278103072057785, 0.0], [31.52777770362778, 30.278105436592845, 0.0], [31.52777868179651, 30.278107747535138, 0.0], [31.52777984331546, 30.278109993626163, 0.0], [31.52778118252644, 30.278112163923062, 0.0], [31.527782692904676, 30.278114247852653, 0.0], [31.527784367092035, 30.27811623526178, 0.0], [31.527786196931533, 30.27811811646825, 0.0], [31.527788173508632, 30.278119882306974, 0.0], [31.527790287193724, 30.27812152417457, 0.0], [31.52779252768927, 30.27812303407258, 0.0], [31.52779488407921, 30.278124404644274, 0.0], [31.527797344883975, 30.27812562921294, 0.0], [31.52779989811455, 30.27812670181254, 0.0], [31.527802531331815, 30.278127617216825, 0.0], [31.527805231706736, 30.278128370966687, 0.0], [31.527807986083992, 30.278128959389868, 0.0], [31.52781078104374, 30.2781293796193, 0.0], [31.527813602969445, 30.278129629607765, 0.0], [31.527816438113067, 30.27812970813744, 0.0], [31.527819272661954, 30.278129614825698, 0.0], [31.52782209280606, 30.278129350127067, 0.0], [31.5278248848067, 30.278128915331337, 0.0], [31.52782763506095, 30.278128312556515, 0.0], [31.527830330169728, 30.27812754473946, 0.0], [31.527832957002772, 30.27812661562084, 0.0], [31.52783550276267, 30.27812552972743, 0.0], [31.52783795504661, 30.278124292349403, 0.0], [31.527840301907094, 30.278122909515044, 0.0], [31.527842531910178, 30.278121387961548, 0.0], [31.527844634192085, 30.278119735102106, 0.0], [31.527846598510653, 30.27811795898855, 0.0], [31.5278484152954, 30.27811606827462, 0.0], [31.527850075695525, 30.278114072171668, 0.0], [31.527851571621195, 30.27811198040415, 0.0], [31.527852895785177, 30.278109803163183, 0.0], [31.52785404173593, 30.27810755105594, 0.0], [31.527855003890203, 30.278105235054735, 0.0], [31.527855777560656, 30.278102866442826, 0.0], [31.527856358978458, 30.278100456759788, 0.0]]]]}}, {"type": "Feature", "properties": {"ID": "B5-1", "Telecom_Type": "كابينة", "Number_OF_Boxs": 35.0, "Sectors": "القطاع الثالث عشر", "Implementing_company": "المصرية للأتصالات", "Easting": "031° 31' 16.64\" E", "Northing": "30° 16' 41.65\" N", "Google_Map": "https://www.google.com/maps/search/?api=1&query=031° 31' 16.64\" E,30° 16' 41.65\" N", "Shape_Length": 32.12566495737456, "Shape_Area": 71.02192352891082}, "geometry": {"type": "MultiPolygon", "coordinates": [[[[31.52133234921108, 30.27822841055593, 0.0], [31.521332624884913, 30.278225960252133, 0.0], [31.52133270295452, 30.278223499227206, 0.0], [31.5213325830399, 30.2782210394708, 0.0], [31.521332265724826, 30.278218592965715, 0.0], [31.521331752554936, 30.278216171631517, 0.0], [31.52133104603108, 30.27821378726454, 0.0], [31.52133014959472, 30.278211451480672, 0.0], [31.52132906761348, 30.278209175659665, 0.0], [31.52132780535844, 30.278206970889144, 0.0], [31.52132636897917, 30.27820484791002, 0.0], [31.52132476547366, 30.278202817065125, 0.0], [31.521323002653386, 30.27820088824862, 0.0], [31.52132108910743, 30.278199070857493, 0.0], [31.52131903415731, 30.278197373745208, 0.0], [31.521316847814983, 30.278195805180392, 0.0], [31.52131454073178, 30.27819437280445, 0.0], [31.521312124147432, 30.278193083595873, 0.0], [31.521309609834823, 30.27819194383535, 0.0], [31.521307010043945, 30.27819095907552, 0.0], [31.521304337439915, 30.278190134114137, 0.0], [31.52130160504365, 30.278189472970347, 0.0], [31.521298826166415, 30.278188978864797, 0.0], [31.521296014346873, 30.278188654205046, 0.0], [31.52129318328348, 30.27818850057251, 0.0], [31.521290346768783, 30.27818851871561, 0.0], [31.521287518621925, 30.27818870854635, 0.0], [31.521284712621036, 30.27818906913979, 0.0], [31.521281942436143, 30.2781895987388, 0.0], [31.521279221563766, 30.278190294763547, 0.0], [31.521276563258926, 30.27819115382323, 0.0], [31.521273980472607, 30.278192171732353, 0.0], [31.521271485788095, 30.278193343532326, 0.0], [31.52126909135849, 30.27819466351379, 0.0], [31.521266808849322, 30.278196125246215, 0.0], [31.521264649380697, 30.278197721608393, 0.0], [31.52126262347306, 30.27819944482296, 0.0], [31.5212607409962, 30.278201286494912, 0.0], [31.521259011121224, 30.278203237651795, 0.0], [31.521257442276156, 30.278205288788207, 0.0], [31.521256042103698, 30.278207429910616, 0.0], [31.52125481742567, 30.27820965058871, 0.0], [31.521253774208144, 30.278211940003096, 0.0], [31.52125291753366, 30.278214287000303, 0.0], [31.52125225157611, 30.278216680146198, 0.0], [31.521251779579366, 30.278219107781904, 0.0], [31.52124354182337, 30.27827284924772, 0.0], [31.521324111498387, 30.27828215202625, 0.0], [31.52133234921108, 30.27822841055593, 0.0]]]]}}, {"type": "Feature", "properties": {"ID": "B6-1", "Telecom_Type": "كابينة", "Number_OF_Boxs": 36.0, "Sectors": "القطاع الثاني عشر", "Implementing_company": "المصرية للأتصالات", "Easting": "031° 31' 34.87\" E", "Northing": "30° 16' 43.52\" N", "Google_Map": "https://www.google.com/maps/search/?api=1&query=031° 31' 34.87\" E,30° 16' 43.52\" N", "Shape_Length": 32.1255122370266, "Shape_Area": 71.02121146143142}, "geometry": {"type": "MultiPolygon", "coordinates": [[[[31.52640632257605, 30.27872913863564, 0.0], [31.526344774926393, 30.27871988442479, 0.0], [31.526341964764892, 30.278719549085903, 0.0], [31.52633913449709, 30.27871938469967, 0.0], [31.526336297911783, 30.278719392067686, 0.0], [31.526333468827968, 30.278719571153434, 0.0], [31.526330661029384, 30.27871992108449, 0.0], [31.526327888194956, 30.278720440156416, 0.0], [31.526325163833203, 30.278721125839887, 0.0], [31.52632250121757, 30.27872197479489, 0.0], [31.526319913319924, 30.278722982884787, 0.0], [31.52631741274774, 30.27872414519876, 0.0], [31.52631501168357, 30.27872545607395, 0.0], [31.526312721825754, 30.27872690912386, 0.0], [31.526310554329314, 30.27872849726949, 0.0], [31.526308519754807, 30.27873021277378, 0.0], [31.52630662801429, 30.27873204727846, 0.0], [31.526304888323562, 30.278733991846693, 0.0], [31.526303309158976, 30.278736037004204, 0.0], [31.52630189821343, 30.278738172787637, 0.0], [31.52630066236132, 30.27874038879148, 0.0], [31.52629960762348, 30.278742674219796, 0.0], [31.52629873913833, 30.27874501793801, 0.0], [31.526298061137147, 30.278747408527995, 0.0], [31.526297576922882, 30.278749834342864, 0.0], [31.526297288855087, 30.278752283564522, 0.0], [31.526297198336827, 30.278754744260663, 0.0], [31.526297305809106, 30.278757204442616, 0.0], [31.526297610748454, 30.278759652125363, 0.0], [31.526298111669323, 30.2787620753836, 0.0], [31.526298806130956, 30.278764462411473, 0.0], [31.526299690750704, 30.278766801579803, 0.0], [31.526300761217907, 30.278769081492374, 0.0], [31.526302012318098, 30.27877129104163, 0.0], [31.52630343795584, 30.27877341946304, 0.0], [31.526305031185746, 30.278775456387176, 0.0], [31.526306784245524, 30.27877739189015, 0.0], [31.52630868859433, 30.27877921654255, 0.0], [31.52631073495488, 30.278780921455102, 0.0], [31.52631291335727, 30.278782498321156, 0.0], [31.52631521318852, 30.278783939458748, 0.0], [31.526317623244196, 30.278785237846577, 0.0], [31.526320131782683, 30.278786387159446, 0.0], [31.526322726582777, 30.278787381797702, 0.0], [31.52632539500295, 30.27878821691547, 0.0], [31.526328124042582, 30.278788888444673, 0.0], [31.52633090040659, 30.278789393112884, 0.0], [31.52639244913782, 30.278798647325495, 0.0], [31.52640632257605, 30.27872913863564, 0.0]]]]}}, {"type": "Feature", "properties": {"ID": "B6-1", "Telecom_Type": "كابينة", "Number_OF_Boxs": 36.0, "Sectors": "القطاع الثاني عشر", "Implementing_company": "المصرية للأتصالات", "Easting": "031° 31' 34.49\" E", "Northing": "30° 16' 43.57\" N", "Google_Map": "https://www.google.com/maps/search/?api=1&query=031° 31' 34.49\" E,30° 16' 43.57\" N", "Shape_Length": 32.12586054738338, "Shape_Area": 71.0227643425357}, "geometry": {"type": "MultiPolygon", "coordinates": [[[[31.526290969889953, 30.27876305396925, 0.0], [31.52629135625121, 30.27876061493643, 0.0], [31.526291545643055, 30.2787581584533, 0.0], [31.526291537141947, 30.278755696487654, 0.0], [31.52629133079005, 30.2787532410339, 0.0], [31.526290927592065, 30.27875080405484, 0.0], [31.52629032951279, 30.278748397422774, 0.0], [31.52628953946552, 30.278746032862607, 0.0], [31.52628856130008, 30.278743721894095, 0.0], [31.526287399781097, 30.27874147577642, 0.0], [31.52628606056792, 30.278739305451886, 0.0], [31.52628455018486, 30.27873722149405, 0.0], [31.526282875990322, 30.27873523405614, 0.0], [31.52628104614084, 30.278733352820137, 0.0], [31.526279069551236, 30.278731586951487, 0.0], [31.52627695585071, 30.27872994505316, 0.0], [31.52627471533766, 30.278728435124258, 0.0], [31.52627235892688, 30.278727064521046, 0.0], [31.52626989809913, 30.278725839920927, 0.0], [31.526267344842783, 30.278724767289788, 0.0], [31.526264711597225, 30.278723851853783, 0.0], [31.526262011191182, 30.278723098072113, 0.0], [31.526259256780595, 30.27872250961769, 0.0], [31.526256461784726, 30.278722089357025, 0.0], [31.526253639820382, 30.278721839337674, 0.0], [31.526250804635673, 30.278721760777966, 0.0], [31.52624797004332, 30.27872185406036, 0.0], [31.52624514985308, 30.27872211873023, 0.0], [31.52624235780469, 30.27872255349854, 0.0], [31.52623960750022, 30.278723156246862, 0.0], [31.526236912339147, 30.278723924038793, 0.0], [31.526234285451856, 30.27872485313408, 0.0], [31.52623173963592, 30.278725939005625, 0.0], [31.52622928729488, 30.278727176363624, 0.0], [31.52622694037548, 30.278728559179708, 0.0], [31.526224710312142, 30.278730080717374, 0.0], [31.526222607968837, 30.278731733563315, 0.0], [31.52622064358882, 30.278733509665297, 0.0], [31.526218826741264, 30.278735400370472, 0.0], [31.52621716627843, 30.278737396467655, 0.0], [31.526215670289382, 30.278739488231682, 0.0], [31.526214346062883, 30.27874166547233, 0.0], [31.52621320004975, 30.278743917582013, 0.0], [31.526212237833782, 30.27874623358873, 0.0], [31.52621146410207, 30.278748602209795, 0.0], [31.526210882625193, 30.278751011904603, 0.0], [31.52620022005726, 30.27880443143404, 0.0], [31.526280307364285, 30.27881647350465, 0.0], [31.526290969889953, 30.27876305396925, 0.0]]]]}}, {"type": "Feature", "properties": {"ID": "CH-B7", "Telecom_Type": "غرفة اتصالات", "Number_OF_Boxs": null, "Sectors": "القطاع الثاني عشر", "Implementing_company": "المصرية للأتصالات", "Easting": "031° 31' 49.83\" E", "Northing": "30° 16' 44.68\" N", "Google_Map": "https://www.google.com/maps/search/?api=1&query=031° 31' 49.83\" E,30° 16' 44.68\" N", "Shape_Length": 20.434925907051113, "Shape_Area": 26.008835867056412}, "geometry": {"type": "MultiPolygon", "coordinates": [[[[31.530540413392412, 30.279062024521934, 0.0], [31.530493785832, 30.279046423747978, 0.0], [31.53047356510131, 30.27909195148749, 0.0], [31.530520192680285, 30.279107552268346, 0.0], [31.530540413392412, 30.279062024521934, 0.0]]]]}}, {"type": "Feature", "properties": {"ID": "كبينة رقم 32", "Telecom_Type": "كابينة", "Number_OF_Boxs": null, "Sectors": "القطاع الثاني عشر", "Implementing_company": "المصرية للأتصالات", "Easting": "031° 31' 58.91\" E", "Northing": "30° 16' 45.52\" N", "Google_Map": "https://www.google.com/maps/search/?api=1&query=031° 31' 58.91\" E,30° 16' 45.52\" N", "Shape_Length": 37.996889958748355, "Shape_Area": 99.35380114372329}, "geometry": {"type": "MultiPolygon", "coordinates": [[[[31.53307644074952, 30.279330887151556, 0.0], [31.533086315380324, 30.27926733942984, 0.0], [31.532991043100854, 30.279256187719596, 0.0], [31.532981168404692, 30.279319734532937, 0.0], [31.532980836263935, 30.279322632147625, 0.0], [31.53298073781935, 30.27932554281282, 0.0], [31.53298087355188, 30.279328452347762, 0.0], [31.53298124279883, 30.279331346577443, 0.0], [31.532981843761977, 30.27933421140187, 0.0], [31.53298267351361, 30.279337032863715, 0.0], [31.532983728010887, 30.279339797216917, 0.0], [31.532985002116863, 30.27934249099401, 0.0], [31.532986489624154, 30.279345101070977, 0.0], [31.532988183285273, 30.27934761473222, 0.0], [31.532990074849533, 30.279350019731144, 0.0], [31.532992155101176, 30.279352304350834, 0.0], [31.532994413905172, 30.279354457460695, 0.0], [31.532996840257415, 30.279356468571596, 0.0], [31.532999422336715, 30.279358327884857, 0.0], [31.533002147563263, 30.279360026342523, 0.0], [31.53300500265995, 30.279361555669688, 0.0], [31.533007973717535, 30.27936290841575, 0.0], [31.533011046260945, 30.279364077990042, 0.0], [31.533014205321454, 30.279365058694758, 0.0], [31.533017435507617, 30.27936584575216, 0.0], [31.533020721083055, 30.279366435327404, 0.0], [31.533024046040566, 30.279366824547992, 0.0], [31.533027394180966, 30.2793670115184, 0.0], [31.533030749192918, 30.27936699532689, 0.0], [31.53303409473086, 30.279366776053116, 0.0], [31.533037414495393, 30.279366354764704, 0.0], [31.533040692313566, 30.279365733514577, 0.0], [31.533043912215614, 30.279364915329094, 0.0], [31.53304705851508, 30.279363904194522, 0.0], [31.533050115882794, 30.27936270503716, 0.0], [31.53305306942408, 30.27936132369897, 0.0], [31.533055904749055, 30.279359766909767, 0.0], [31.533058608045103, 30.279358042254042, 0.0], [31.5330611661412, 30.279356158134124, 0.0], [31.533063566575134, 30.27935412372937, 0.0], [31.533065797652224, 30.279351948951202, 0.0], [31.533067848502565, 30.279349644394927, 0.0], [31.53306970913471, 30.27934722128799, 0.0], [31.53307137048396, 30.279344691435554, 0.0], [31.533072824456383, 30.279342067162787, 0.0], [31.533074063968424, 30.27933936125478, 0.0], [31.533075082980965, 30.279336586894907, 0.0], [31.53307587653016, 30.279333757598835, 0.0], [31.53307644074952, 30.279330887151556, 0.0]]]]}}, {"type": "Feature", "properties": {"ID": "كبينة رقم 33", "Telecom_Type": "كابينة", "Number_OF_Boxs": null, "Sectors": "القطاع الثاني عشر", "Implementing_company": "المصرية للأتصالات", "Easting": "031° 32' 5.2\" E", "Northing": "30° 16' 45.7\" N", "Google_Map": "https://www.google.com/maps/search/?api=1&query=031° 32' 5.2\" E,30° 16' 45.7\" N", "Shape_Length": 27.48471642980315, "Shape_Area": 51.984240757331094}, "geometry": {"type": "MultiPolygon", "coordinates": [[[[31.534795364736752, 30.279332590529673, 0.0], [31.534742403742076, 30.279326384840914, 0.0], [31.534733099237545, 30.279386194985737, 0.0], [31.534786060268754, 30.279392401579848, 0.0], [31.534788475169208, 30.279392610380384, 0.0], [31.534790900969295, 30.279392672467598, 0.0], [31.534793325849957, 30.279392587539203, 0.0], [31.53479573799794, 30.279392356008863, 0.0], [31.534798125661545, 30.279391979004853, 0.0], [31.53480047720813, 30.27939145836335, 0.0], [31.53480278118166, 30.27939079662128, 0.0], [31.534805026357514, 30.27938999700227, 0.0], [31.53480720179686, 30.27938906340218, 0.0], [31.534809296902058, 30.279388000369565, 0.0], [31.534811301465364, 30.27938681308289, 0.0], [31.534813205720994, 30.27938550732687, 0.0], [31.534815000391912, 30.279384089463043, 0.0], [31.53481667673433, 30.279382566398642, 0.0], [31.534818226581503, 30.279380945553903, 0.0], [31.53481964238287, 30.279379234825594, 0.0], [31.534820917240697, 30.279377442548437, 0.0], [31.534822044944228, 30.279375577453592, 0.0], [31.534823019999216, 30.279373648627566, 0.0], [31.534823837655555, 30.279371665467952, 0.0], [31.534824493929623, 30.279369637636055, 0.0], [31.534824985624184, 30.279367575010994, 0.0], [31.53482531034358, 30.279365487642014, 0.0], [31.534825466506216, 30.2793633856984, 0.0], [31.534825453351054, 30.279361279420364, 0.0], [31.534825270942036, 30.27935917906968, 0.0], [31.534824920168088, 30.279357094878716, 0.0], [31.534824402738217, 30.279355037001466, 0.0], [31.53482372117286, 30.279353015463652, 0.0], [31.53482287879313, 30.279351040113987, 0.0], [31.534821879702587, 30.27934912057604, 0.0], [31.534820728768935, 30.27934726620161, 0.0], [31.534819431599104, 30.27934548602502, 0.0], [31.53481799451265, 30.279343788719004, 0.0], [31.53481642451112, 30.279342182552227, 0.0], [31.53481472924354, 30.279340675350294, 0.0], [31.534812916968658, 30.27933927445596, 0.0], [31.534810996515734, 30.27933798669403, 0.0], [31.53480897724136, 30.279336818338216, 0.0], [31.534806868982436, 30.279335775080938, 0.0], [31.534804682010577, 30.279334862004458, 0.0], [31.534802426980495, 30.27933408355723, 0.0], [31.534800114877886, 30.27933344353185, 0.0], [31.534797756967322, 30.279332945046626, 0.0], [31.534795364736752, 30.279332590529673, 0.0]]]]}}, {"type": "Feature", "properties": {"ID": "B7-1-1", "Telecom_Type": "كابينة", "Number_OF_Boxs": null, "Sectors": "القطاع الثاني عشر", "Implementing_company": "المصرية للأتصالات", "Easting": "031° 32' 0.21\" E", "Northing": "30° 16' 46.69\" N", "Google_Map": "https://www.google.com/maps/search/?api=1&query=031° 32' 0.21\" E,30° 16' 46.69\" N", "Shape_Length": 32.12570468864449, "Shape_Area": 71.02223093639815}, "geometry": {"type": "MultiPolygon", "coordinates": [[[[31.533434315661168, 30.279629480051675, 0.0], [31.533434632816373, 30.279627033502386, 0.0], [31.53343475256347, 30.27962457371172, 0.0], [31.53343467431914, 30.27962211266318, 0.0], [31.53343439846432, 30.279619662346498, 0.0], [31.533433926343044, 30.27961723469994, 0.0], [31.53343326025554, 30.279614841550487, 0.0], [31.53343240344673, 30.279612494557238, 0.0], [31.533431360091505, 30.279610205155187, 0.0], [31.533430135272233, 30.279607984497545, 0.0], [31.533428734956626, 30.279605843403584, 0.0], [31.533427165967016, 30.27960379230409, 0.0], [31.533425435947336, 30.27960184119244, 0.0], [31.53342355332589, 30.27959999957375, 0.0], [31.533421527274584, 30.279598276420277, 0.0], [31.533419367664727, 30.279596680127533, 0.0], [31.533417085017206, 30.279595218472164, 0.0], [31.533414690453064, 30.279593898575385, 0.0], [31.53341219563877, 30.279592726867506, 0.0], [31.533409612728164, 30.279591709056856, 0.0], [31.533406954305896, 30.279590850102473, 0.0], [31.53340423332258, 30.27959015418896, 0.0], [31.53340146303555, 30.27958962470694, 0.0], [31.533398656940847, 30.279589264235472, 0.0], [31.53339582870947, 30.279589074531412, 0.0], [31.53339299212064, 30.279589056518358, 0.0], [31.533390160993964, 30.279589210284705, 0.0], [31.53338734912227, 30.27958953508079, 0.0], [31.53338457020494, 30.279590029324186, 0.0], [31.533381837780826, 30.279590690607577, 0.0], [31.533379165161357, 30.279591515708656, 0.0], [31.53337656536808, 30.279592500608146, 0.0], [31.533374051066446, 30.279593640506985, 0.0], [31.53337163450623, 30.279594929852397, 0.0], [31.533369327460875, 30.279596362362323, 0.0], [31.53336714116951, 30.279597931057687, 0.0], [31.533365086284086, 30.279599628296356, 0.0], [31.533363172815765, 30.279601445809025, 0.0], [31.53336141008675, 30.279603374741228, 0.0], [31.533359806685034, 30.27960540569547, 0.0], [31.533358370422167, 30.279607528776616, 0.0], [31.53335710829548, 30.27960973364171, 0.0], [31.53335602645421, 30.2796120095483, 0.0], [31.533355130168236, 30.279614345408696, 0.0], [31.533354423805218, 30.279616729842896, 0.0], [31.533353910806195, 30.27961915123388, 0.0], [31.5333447653827, 30.279672781628985, 0.0], [31.533425169241333, 30.279683110456006, 0.0], [31.533434315661168, 30.279629480051675, 0.0]]]]}}, {"type": "Feature", "properties": {"ID": "4-4", "Telecom_Type": "كابينة", "Number_OF_Boxs": 30.0, "Sectors": "القطاع الثاني", "Implementing_company": "المصرية للأتصالات", "Easting": "031° 33' 35.44\" E", "Northing": "30° 15' 49.78\" N", "Google_Map": "https://www.google.com/maps/search/?api=1&query=031° 33' 35.44\" E,30° 15' 49.78\" N", "Shape_Length": 18.707995225571565, "Shape_Area": 24.085013956233713}, "geometry": {"type": "MultiPolygon", "coordinates": [[[[31.559867122195765, 30.26384002333622, 0.0], [31.55987370498047, 30.263808973904112, 0.0], [31.559827162756914, 30.263801537644078, 0.0], [31.559820577879716, 30.26383258708292, 0.0], [31.559820335803277, 30.2638340053204, 0.0], [31.559820208284318, 30.263835434761155, 0.0], [31.559820195944557, 30.263836868441686, 0.0], [31.559820298843437, 30.26383829937692, 0.0], [31.559820516479725, 30.263839720595943, 0.0], [31.559820847793468, 30.263841125174682, 0.0], [31.559821291170508, 30.26384250626997, 0.0], [31.55982184445042, 30.263843857153894, 0.0], [31.55982250493813, 30.263845171244864, 0.0], [31.559823269415936, 30.26384644214096, 0.0], [31.559824134159072, 30.263847663650267, 0.0], [31.55982509495457, 30.26384882982247, 0.0], [31.559826147122347, 30.26384993497533, 0.0], [31.55982728553562, 30.263850973725418, 0.0], [31.55982850464859, 30.263851941011986, 0.0], [31.559829798521864, 30.26385283212248, 0.0], [31.559831160852184, 30.263853642715354, 0.0], [31.559832585002127, 30.26385436884183, 0.0], [31.559834064033765, 30.263855006964405, 0.0], [31.5598355907412, 30.263855553973933, 0.0], [31.559837157686953, 30.26385600720574, 0.0], [31.559838757236648, 30.26385636445172, 0.0], [31.55984038159816, 30.26385662397138, 0.0], [31.559842022857275, 30.263856784500344, 0.0], [31.55984367301857, 30.26385684525654, 0.0], [31.55984532404257, 30.26385680594419, 0.0], [31.559846967885502, 30.263856666754307, 0.0], [31.559848596539137, 30.263856428365774, 0.0], [31.559850202068933, 30.263856091939086, 0.0], [31.559851776652962, 30.263855659114178, 0.0], [31.559853312620007, 30.263855131998913, 0.0], [31.55985480248726, 30.263854513161625, 0.0], [31.55985623899619, 30.263853805617302, 0.0], [31.559857615148704, 30.26385301281294, 0.0], [31.55985892423984, 30.263852138610954, 0.0], [31.559860159892676, 30.263851187269925, 0.0], [31.559861316086742, 30.26385016342523, 0.0], [31.559862387189416, 30.2638490720643, 0.0], [31.559863367982455, 30.263847918504563, 0.0], [31.55986425368786, 30.263846708365612, 0.0], [31.559865039990324, 30.263845447543076, 0.0], [31.559865723059087, 30.26384414217964, 0.0], [31.559866299566274, 30.26384279863459, 0.0], [31.559866766703934, 30.263841423453655, 0.0], [31.559867122195765, 30.26384002333622, 0.0]]]]}}, {"type": "Feature", "properties": {"ID": "4-3", "Telecom_Type": "كابينة", "Number_OF_Boxs": 23.0, "Sectors": "القطاع الثاني", "Implementing_company": "المصرية للأتصالات", "Easting": "031° 33' 23.67\" E", "Northing": "30° 15' 53.33\" N", "Google_Map": "https://www.google.com/maps/search/?api=1&query=031° 33' 23.67\" E,30° 15' 53.33\" N", "Shape_Length": 3.7146780228961993, "Shape_Area": 0.812334109643637}, "geometry": {"type": "MultiPolygon", "coordinates": [[[[31.55658184468575, 30.264813577140355, 0.0], [31.556574491341244, 30.264806897125442, 0.0], [31.556568609390027, 30.264810539285627, 0.0], [31.556573986300567, 30.26481870613964, 0.0], [31.556574957172398, 30.264817814367255, 0.0], [31.556575984325107, 30.264816971440695, 0.0], [31.55657706450304, 30.264816180032014, 0.0], [31.55657819428128, 30.264815442650065, 0.0], [31.55657937007807, 30.2648147616322, 0.0], [31.556580588167087, 30.2648141391378, 0.0], [31.55658184468575, 30.264813577140355, 0.0]]]]}}, {"type": "Feature", "properties": {"ID": "12-1", "Telecom_Type": "كابينة", "Number_OF_Boxs": 34.0, "Sectors": "القطاع الثاني", "Implementing_company": "المصرية للأتصالات", "Easting": "031° 33' 48.32\" E", "Northing": "30° 15' 53.4\" N", "Google_Map": "https://www.google.com/maps/search/?api=1&query=031° 33' 48.32\" E,30° 15' 53.4\" N", "Shape_Length": 18.707867598849944, "Shape_Area": 24.08451024961344}, "geometry": {"type": "MultiPolygon", "coordinates": [[[[31.56344167987074, 30.264847190493764, 0.0], [31.56345562966282, 30.264818032408066, 0.0], [31.563411924006584, 30.264802277411547, 0.0], [31.563397974193364, 30.264831433688727, 0.0], [31.563397394369883, 30.264832776100967, 0.0], [31.56339692383359, 30.264834150351707, 0.0], [31.563396564876545, 30.264835549746735, 0.0], [31.563396319247076, 30.264836967468113, 0.0], [31.563396188142406, 30.264838396609168, 0.0], [31.56339617220109, 30.264839830207414, 0.0], [31.5633962715007, 30.264841261278836, 0.0], [31.56339648555739, 30.2648426828518, 0.0], [31.563396813328584, 30.26484408800058, 0.0], [31.563397253217502, 30.26484546987984, 0.0], [31.563397803080765, 30.264846821757626, 0.0], [31.563398460240062, 30.264848137047444, 0.0], [31.563399221493793, 30.264849409342148, 0.0], [31.563400083132994, 30.264850632443043, 0.0], [31.56340104096018, 30.264851800391817, 0.0], [31.56340209030923, 30.264852907498273, 0.0], [31.563403226067933, 30.26485394836906, 0.0], [31.563404442703156, 30.26485491793334, 0.0], [31.563405734287986, 30.264855811467683, 0.0], [31.563407094529953, 30.26485662461905, 0.0], [31.56340851680224, 30.264857353425946, 0.0], [31.563409994176226, 30.26485799433784, 0.0], [31.56341151945443, 30.264858544232254, 0.0], [31.563413085206232, 30.26485900043051, 0.0], [31.563414683803234, 30.264859360709885, 0.0], [31.56341630745836, 30.26485962331554, 0.0], [31.563417948260874, 30.26485978696772, 0.0], [31.563419598217635, 30.264859850869517, 0.0], [31.563421249290254, 30.264859814709204, 0.0], [31.56342289343541, 30.264859678663274, 0.0], [31.563424522643178, 30.264859443394666, 0.0], [31.56342612897641, 30.264859110049077, 0.0], [31.56342770460968, 30.264858680250807, 0.0], [31.563429241867034, 30.264858156093418, 0.0], [31.563430733258794, 30.264857540130965, 0.0], [31.5634321715202, 30.264856835363606, 0.0], [31.56343354964352, 30.264856045225137, 0.0], [31.56343486091574, 30.264855173564992, 0.0], [31.563436098947903, 30.26485422462966, 0.0], [31.56343725770966, 30.264853203041756, 0.0], [31.5634383315548, 30.26485211377821, 0.0], [31.563439315252502, 30.26485096214586, 0.0], [31.563440204010305, 30.264849753755005, 0.0], [31.563440993498237, 30.264848494492895, 0.0], [31.56344167987074, 30.264847190493764, 0.0]]]]}}, {"type": "Feature", "properties": {"ID": "9-1", "Telecom_Type": "كابينة", "Number_OF_Boxs": 24.0, "Sectors": "القطاع الثاني", "Implementing_company": "المصرية للأتصالات", "Easting": "031° 33' 36.2\" E", "Northing": "30° 15' 57.84\" N", "Google_Map": "https://www.google.com/maps/search/?api=1&query=031° 33' 36.2\" E,30° 15' 57.84\" N", "Shape_Length": 4.01558591619818, "Shape_Area": 1.0053551808511885}, "geometry": {"type": "MultiPolygon", "coordinates": [[[[31.56006152596058, 30.266063089835104, 0.0], [31.560060005731014, 30.26606295125298, 0.0], [31.56005848526487, 30.26606281463824, 0.0], [31.560056964566108, 30.266062679991194, 0.0], [31.560055443637562, 30.266062547312274, 0.0], [31.560053922482922, 30.266062416601475, 0.0], [31.560052401105263, 30.26606228785968, 0.0], [31.560050879508285, 30.266062161086335, 0.0], [31.56004943921667, 30.266070231517517, 0.0], [31.56005977104133, 30.26607248671376, 0.0], [31.56006152596058, 30.266063089835104, 0.0]]]]}}, {"type": "Feature", "properties": {"ID": "12-2", "Telecom_Type": "كابينة", "Number_OF_Boxs": 30.0, "Sectors": "القطاع الثاني", "Implementing_company": "المصرية للأتصالات", "Easting": "031° 34' 2.4\" E", "Northing": "30° 16' 0.29\" N", "Google_Map": "https://www.google.com/maps/search/?api=1&query=031° 34' 2.4\" E,30° 16' 0.29\" N", "Shape_Length": 18.70793437568834, "Shape_Area": 24.084633039099}, "geometry": {"type": "MultiPolygon", "coordinates": [[[[31.56734642932656, 30.266765326828093, 0.0], [31.567368540612343, 30.266740260791654, 0.0], [31.56733096371637, 30.26671528697315, 0.0], [31.567308852426407, 30.26674035300338, 0.0], [31.567307894672318, 30.266741521073207, 0.0], [31.56730703312064, 30.266742744291435, 0.0], [31.567306271970203, 30.266744016698084, 0.0], [31.56730561492796, 30.266745332094263, 0.0], [31.567305065195686, 30.266746684071116, 0.0], [31.567304625451634, 30.266748066041924, 0.0], [31.567304297838707, 30.266749471273254, 0.0], [31.567304083952195, 30.266750892918843, 0.0], [31.567303984834762, 30.266752324052653, 0.0], [31.567304000969468, 30.26675375770181, 0.0], [31.56730413227721, 30.26675518688165, 0.0], [31.567304378118422, 30.266756604628977, 0.0], [31.56730473729549, 30.2667580040366, 0.0], [31.567305208058485, 30.266759378286448, 0.0], [31.56730578811375, 30.266760720682775, 0.0], [31.567306474635167, 30.266762024685846, 0.0], [31.567307264278067, 30.266763283942332, 0.0], [31.56730815319539, 30.266764492316764, 0.0], [31.567309137055965, 30.26676564392213, 0.0], [31.56731021106652, 30.26676673314776, 0.0], [31.567311369994236, 30.266767754686718, 0.0], [31.567312608192875, 30.266768703562093, 0.0], [31.567313919630156, 30.266769575150857, 0.0], [31.567315297916103, 30.26677036520648, 0.0], [31.56731673633597, 30.266771069879884, 0.0], [31.56731822788165, 30.266771685738014, 0.0], [31.567319765286395, 30.266772209780235, 0.0], [31.567321341059365, 30.26677263945299, 0.0], [31.567322947523756, 30.266772972663617, 0.0], [31.567324576852723, 30.266773207788088, 0.0], [31.567326221107653, 30.266773343681095, 0.0], [31.567327872278003, 30.266773379680508, 0.0], [31.567329522319213, 30.266773315611154, 0.0], [31.56733116319196, 30.2667731517847, 0.0], [31.56733278690188, 30.26677288900003, 0.0], [31.567334385538157, 30.266772528536546, 0.0], [31.567335951312295, 30.26677207215119, 0.0], [31.567337476595483, 30.266771522067337, 0.0], [31.567338953956334, 30.266770880964884, 0.0], [31.567340376197343, 30.266770151967318, 0.0], [31.5673417363892, 30.266769338626517, 0.0], [31.56734302790474, 30.266768444904972, 0.0], [31.567344244451697, 30.26676747515687, 0.0], [31.567345380103664, 30.26676643410724, 0.0], [31.56734642932656, 30.266765326828093, 0.0]]]]}}, {"type": "Feature", "properties": {"ID": "11-2", "Telecom_Type": "كابينة", "Number_OF_Boxs": 24.0, "Sectors": "القطاع الثاني", "Implementing_company": "المصرية للأتصالات", "Easting": "031° 33' 46.84\" E", "Northing": "30° 16' 1.75\" N", "Google_Map": "https://www.google.com/maps/search/?api=1&query=031° 33' 46.84\" E,30° 16' 1.75\" N", "Shape_Length": 3.667677666424262, "Shape_Area": 0.8377230008386523}, "geometry": {"type": "MultiPolygon", "coordinates": [[[[31.563017025418418, 30.267150667195786, 163.0219999999972], [31.563007716685693, 30.267147441754688, 163.00299999999697], [31.563003934082627, 30.26715474651192, 162.99499999999534], [31.563012235134632, 30.267158030402626, 162.99800000000687], [31.563017025418418, 30.267150667195786, 163.0219999999972]]]]}}, {"type": "Feature", "properties": {"ID": "7-2", "Telecom_Type": "كابينة", "Number_OF_Boxs": 28.0, "Sectors": "القطاع الثاني", "Implementing_company": "المصرية للأتصالات", "Easting": "031° 33' 28.18\" E", "Northing": "30° 16' 4.32\" N", "Google_Map": "https://www.google.com/maps/search/?api=1&query=031° 33' 28.18\" E,30° 16' 4.32\" N", "Shape_Length": 3.645371085819099, "Shape_Area": 0.8239390332229762}, "geometry": {"type": "MultiPolygon", "coordinates": [[[[31.557834459909866, 30.267865088028657, 0.0], [31.557824936768075, 30.26786068145051, 0.0], [31.557824448322986, 30.267861703605828, 0.0], [31.55782398430363, 30.267862734299964, 0.0], [31.557823544907713, 30.26786377309332, 0.0], [31.55782313032305, 30.267864819542392, 0.0], [31.557822740726436, 30.26786587320103, 0.0], [31.557822376283966, 30.267866933619434, 0.0], [31.55782203715114, 30.267868000345644, 0.0], [31.557831544402752, 30.267871432783174, 0.0], [31.557834459909866, 30.267865088028657, 0.0]]]]}}, {"type": "Feature", "properties": {"ID": "4-2", "Telecom_Type": "كابينة", "Number_OF_Boxs": 30.0, "Sectors": "القطاع الثاني", "Implementing_company": "المصرية للأتصالات", "Easting": "031° 33' 17.43\" E", "Northing": "30° 16' 4.76\" N", "Google_Map": "https://www.google.com/maps/search/?api=1&query=031° 33' 17.43\" E,30° 16' 4.76\" N", "Shape_Length": 3.7261235057825624, "Shape_Area": 0.8688740045975654}, "geometry": {"type": "MultiPolygon", "coordinates": [[[[31.55484865771421, 30.267985493233713, 0.0], [31.554840118604734, 30.267982345137806, 0.0], [31.554835414861774, 30.267988580125945, 0.0], [31.55484589438266, 30.267993064060732, 0.0], [31.55484642496758, 30.267992023872715, 0.0], [31.554846911265663, 30.267990967500815, 0.0], [31.554847352624492, 30.267989896364575, 0.0], [31.55484774844961, 30.26798881190431, 0.0], [31.554848098209078, 30.26798771557717, 0.0], [31.55484840143345, 30.267986608857736, 0.0], [31.55484865771421, 30.267985493233713, 0.0]]]]}}, {"type": "Feature", "properties": {"ID": "9-4", "Telecom_Type": "كابينة", "Number_OF_Boxs": 27.0, "Sectors": "القطاع الثاني", "Implementing_company": "المصرية للأتصالات", "Easting": "031° 33' 39.02\" E", "Northing": "30° 16' 5.54\" N", "Google_Map": "https://www.google.com/maps/search/?api=1&query=031° 33' 39.02\" E,30° 16' 5.54\" N", "Shape_Length": 18.708287346224978, "Shape_Area": 24.085597800525356}, "geometry": {"type": "MultiPolygon", "coordinates": [[[[31.560863792451386, 30.26820686901786, 0.0], [31.560864344359878, 30.268205517675522, 0.0], [31.560864786323943, 30.268204136206684, 0.0], [31.560865116191508, 30.26820273134172, 0.0], [31.560865332354116, 30.26820130992546, 0.0], [31.56086543375933, 30.26819987888305, 0.0], [31.560865419912815, 30.268198445186282, 0.0], [31.56086529088242, 30.268197015820704, 0.0], [31.560865047296076, 30.268195597749834, 0.0], [31.56086469034142, 30.26819419788262, 0.0], [31.560864221756812, 30.26819282303967, 0.0], [31.560863643825968, 30.26819147991878, 0.0], [31.56086295936378, 30.268190175064124, 0.0], [31.56086217170563, 30.268188914832475, 0.0], [31.560861284688627, 30.268187705364454, 0.0], [31.560860302634715, 30.26818655255204, 0.0], [31.560859230328216, 30.268185462011896, 0.0], [31.560858072993366, 30.268184439057407, 0.0], [31.56085683626908, 30.268183488672257, 0.0], [31.56085552618065, 30.268182615486776, 0.0], [31.56085414911076, 30.268181823755352, 0.0], [31.560852711768533, 30.268181117334965, 0.0], [31.56085122115701, 30.26818049966762, 0.0], [31.560849684538233, 30.268179973762688, 0.0], [31.560848109398712, 30.26817954218214, 0.0], [31.560846503412815, 30.268179207028716, 0.0], [31.56084487440461, 30.26817896993547, 0.0], [31.560843230310972, 30.268178832057476, 0.0], [31.56084157914225, 30.268178794066444, 0.0], [31.56083992894221, 30.268178856147298, 0.0], [31.560838287751615, 30.268179017997703, 0.0], [31.560836663565656, 30.26817927882907, 0.0], [31.560835064297866, 30.268179637370984, 0.0], [31.560833497739825, 30.26818009187604, 0.0], [31.56083197152374, 30.268180640130304, 0.0], [31.56083049308565, 30.26818127946239, 0.0], [31.560829069628376, 30.26818200675769, 0.0], [31.560827708087185, 30.268182818472454, 0.0], [31.56082641509551, 30.26818371065229, 0.0], [31.560825196952887, 30.268184678950433, 0.0], [31.56082405959407, 30.268185718649082, 0.0], [31.560823008560373, 30.268186824682903, 0.0], [31.560822048972568, 30.26818799166335, 0.0], [31.56082118550559, 30.268189213904684, 0.0], [31.56082042236677, 30.268190485452056, 0.0], [31.560819763273656, 30.268191800110625, 0.0], [31.560806422423376, 30.268221171798007, 0.0], [31.560850451602093, 30.268236238905505, 0.0], [31.560863792451386, 30.26820686901786, 0.0]]]]}}, {"type": "Feature", "properties": {"ID": "12-3", "Telecom_Type": "كابينة", "Number_OF_Boxs": 30.0, "Sectors": "القطاع الثاني", "Implementing_company": "المصرية للأتصالات", "Easting": "031° 34' 9.65\" E", "Northing": "30° 16' 5.69\" N", "Google_Map": "https://www.google.com/maps/search/?api=1&query=031° 34' 9.65\" E,30° 16' 5.69\" N", "Shape_Length": 18.707979603609278, "Shape_Area": 24.084745415546408}, "geometry": {"type": "MultiPolygon", "coordinates": [[[[31.569356611907807, 30.268266208248193, 0.0], [31.569382814950053, 30.268244313742933, 0.0], [31.56934999274045, 30.268214717648984, 0.0], [31.569323789698544, 30.26823661214775, 0.0], [31.569322640403012, 30.268237641874453, 0.0], [31.569321576660283, 30.268238738683557, 0.0], [31.56932060365396, 30.268239897231787, 0.0], [31.569319726123904, 30.26824111187378, 0.0], [31.56931894834561, 30.268242376692164, 0.0], [31.569318274108735, 30.268243685524737, 0.0], [31.569317706697856, 30.26824503199463, 0.0], [31.569317248877685, 30.268246409541636, 0.0], [31.569316902878466, 30.268247811454156, 0.0], [31.569316670386552, 30.268249230902523, 0.0], [31.569316552534026, 30.268250660970445, 0.0], [31.569316549895515, 30.2682520946906, 0.0], [31.569316662483732, 30.26825352507817, 0.0], [31.569316889750013, 30.268254945163697, 0.0], [31.569317230587256, 30.26825634802884, 0.0], [31.569317683335054, 30.268257726838506, 0.0], [31.569318245787116, 30.268259074874837, 0.0], [31.569318915203397, 30.268260385570592, 0.0], [31.569319688322462, 30.268261652539397, 0.0], [31.56932056137772, 30.26826286960889, 0.0], [31.569321530115577, 30.268264030849085, 0.0], [31.56932258981603, 30.26826513060278, 0.0], [31.56932373531608, 30.268266163511218, 0.0], [31.569324961034933, 30.268267124542486, 0.0], [31.569326261000825, 30.268268009014204, 0.0], [31.5693276288802, 30.26826881261734, 0.0], [31.56932905800854, 30.268269531436342, 0.0], [31.569330541423, 30.268270161969223, 0.0], [31.56933207189654, 30.268270701144015, 0.0], [31.569333641972065, 30.268271146333507, 0.0], [31.56933524400068, 30.268271495369223, 0.0], [31.569336870176354, 30.26827174655028, 0.0], [31.569338512576863, 30.268271898652923, 0.0], [31.569340163200096, 30.26827195093634, 0.0], [31.569341814003963, 30.26827190314536, 0.0], [31.56934345694583, 30.26827175551331, 0.0], [31.56934508402114, 30.268271508759078, 0.0], [31.569346687302463, 30.268271164085192, 0.0], [31.569348258978465, 30.26827072317047, 0.0], [31.569349791391623, 30.268270188163623, 0.0], [31.569351277076343, 30.26826956167111, 0.0], [31.56935270879409, 30.268268846744917, 0.0], [31.569354079569283, 30.268268046868574, 0.0], [31.56935538272375, 30.268267165939122, 0.0], [31.569356611907807, 30.268266208248193, 0.0]]]]}}, {"type": "Feature", "properties": {"ID": "11-3", "Telecom_Type": "كابينة", "Number_OF_Boxs": 32.0, "Sectors": "القطاع الثاني", "Implementing_company": "المصرية للأتصالات", "Easting": "031° 33' 56.9\" E", "Northing": "30° 16' 6.89\" N", "Google_Map": "https://www.google.com/maps/search/?api=1&query=031° 33' 56.9\" E,30° 16' 6.89\" N", "Shape_Length": 3.609174449161021, "Shape_Area": 0.8315255998359045}, "geometry": {"type": "MultiPolygon", "coordinates": [[[[31.565812587139714, 30.26858026817067, 0.0], [31.56581173820254, 30.2685794854257, 0.0], [31.56581083352916, 30.268578751227324, 0.0], [31.565809876796195, 30.268578068559606, 0.0], [31.565808871892305, 30.268577440197042, 0.0], [31.56580782290231, 30.268576868693653, 0.0], [31.565806734089406, 30.26857635637278, 0.0], [31.56580560988003, 30.26857590531639, 0.0], [31.565800275698727, 30.268582630515926, 0.0], [31.565808036474763, 30.26858771162561, 0.0], [31.565812587139714, 30.26858026817067, 0.0]]]]}}, {"type": "Feature", "properties": {"ID": "11-4", "Telecom_Type": "كابينة", "Number_OF_Boxs": 30.0, "Sectors": "القطاع الثاني", "Implementing_company": "المصرية للأتصالات", "Easting": "031° 33' 56.45\" E", "Northing": "30° 16' 7.71\" N", "Google_Map": "https://www.google.com/maps/search/?api=1&query=031° 33' 56.45\" E,30° 16' 7.71\" N", "Shape_Length": 18.70785547866995, "Shape_Area": 24.084069378929854}, "geometry": {"type": "MultiPolygon", "coordinates": [[[[31.565696018017206, 30.268826155869604, 0.0], [31.56571677219818, 30.268800228199634, 0.0], [31.565677904689792, 30.268776787547203, 0.0], [31.56565715259202, 30.268802717006253, 0.0], [31.56565625816128, 30.26880392219358, 0.0], [31.565655462761214, 30.26880517860225, 0.0], [31.565654770266438, 30.268806480110445, 0.0], [31.565654184050498, 30.268807820377823, 0.0], [31.56565370696929, 30.26880919287503, 0.0], [31.565653341347016, 30.268810590915624, 0.0], [31.565653088965426, 30.268812007688357, 0.0], [31.56565295105332, 30.268813436291634, 0.0], [31.565652928283157, 30.268814869765226, 0.0], [31.56565302076549, 30.26881630112582, 0.0], [31.565653228049737, 30.268817723400296, 0.0], [31.56565354912654, 30.26881912965929, 0.0], [31.565653982431392, 30.268820513052002, 0.0], [31.565654525853134, 30.268821866839392, 0.0], [31.565655176744745, 30.268823184425504, 0.0], [31.565655931935222, 30.268824459391507, 0.0], [31.565656787745002, 30.268825685526295, 0.0], [31.565657740005285, 30.26882685685649, 0.0], [31.565658784076824, 30.268827967675435, 0.0], [31.565659914872953, 30.268829012571494, 0.0], [31.565661126885203, 30.268829986454474, 0.0], [31.565662414208145, 30.268830884579703, 0.0], [31.565663770570854, 30.268831702571617, 0.0], [31.565665189365504, 30.268832436445344, 0.0], [31.565666663680005, 30.268833082625395, 0.0], [31.565668186331553, 30.268833637964104, 0.0], [31.56566974990234, 30.26883409975572, 0.0], [31.5656713467752, 30.268834465750448, 0.0], [31.565672969170613, 30.268834734165612, 0.0], [31.565674609184445, 30.268834903693318, 0.0], [31.565676258827093, 30.26883497350748, 0.0], [31.565677910061535, 30.268834943268313, 0.0], [31.565679554843943, 30.268834813123124, 0.0], [31.565681185161154, 30.2688345837057, 0.0], [31.5656827930706, 30.26883425613399, 0.0], [31.565684370738982, 30.268833832003637, 0.0], [31.565685910480024, 30.268833313380966, 0.0], [31.565687404792822, 30.268832702792537, 0.0], [31.56568884639738, 30.268832003213205, 0.0], [31.56569022827074, 30.268831218050796, 0.0], [31.565691543680384, 30.268830351130532, 0.0], [31.565692786218165, 30.268829406675945, 0.0], [31.565693949830546, 30.268828389287957, 0.0], [31.565695028849206, 30.268827303923125, 0.0], [31.565696018017206, 30.268826155869604, 0.0]]]]}}, {"type": "Feature", "properties": {"ID": "7-1", "Telecom_Type": "كابينة", "Number_OF_Boxs": 30.0, "Sectors": "القطاع الثالث", "Implementing_company": "المصرية للأتصالات", "Easting": "031° 33' 24.71\" E", "Northing": "30° 16' 11.87\" N", "Google_Map": "https://www.google.com/maps/search/?api=1&query=031° 33' 24.71\" E,30° 16' 11.87\" N", "Shape_Length": 3.8551488875944018, "Shape_Area": 0.9355341646658939}, "geometry": {"type": "MultiPolygon", "coordinates": [[[[31.556869209125843, 30.269961455505683, 0.0], [31.556858917151434, 30.26995895543851, 0.0], [31.556858446528746, 30.26996005835215, 0.0], [31.556858015997886, 30.269961173538185, 0.0], [31.556857625983756, 30.269962299898506, 0.0], [31.556857276868957, 30.269963436324527, 0.0], [31.556856968997142, 30.269964581696986, 0.0], [31.55685670267279, 30.269965734889468, 0.0], [31.556856478156696, 30.26996689476608, 0.0], [31.55686730787006, 30.269968923487056, 0.0], [31.556869209125843, 30.269961455505683, 0.0]]]]}}, {"type": "Feature", "properties": {"ID": "10-2", "Telecom_Type": "كابينة", "Number_OF_Boxs": 29.0, "Sectors": "القطاع الثاني", "Implementing_company": "المصرية للأتصالات", "Easting": "031° 33' 54.66\" E", "Northing": "30° 16' 13.28\" N", "Google_Map": "https://www.google.com/maps/search/?api=1&query=031° 33' 54.66\" E,30° 16' 13.28\" N", "Shape_Length": 18.70767328668711, "Shape_Area": 24.083832743751955}, "geometry": {"type": "MultiPolygon", "coordinates": [[[[31.56520836321299, 30.27036200737014, 0.0], [31.565209326520737, 30.270360842834755, 0.0], [31.565210193895886, 30.270359622810282, 0.0], [31.565210961113493, 30.270358353240585, 0.0], [31.565211624435822, 30.270357040310508, 0.0], [31.56521218063077, 30.270355690416118, 0.0], [31.56521262698912, 30.270354310133673, 0.0], [31.565212961336744, 30.270352906187654, 0.0], [31.56521318204404, 30.27035148541764, 0.0], [31.565213288036258, 30.27035005474502, 0.0], [31.56521327879704, 30.270348621140073, 0.0], [31.565213154371293, 30.2703471915863, 0.0], [31.565212915365297, 30.270345773048327, 0.0], [31.565212562943504, 30.27034437243707, 0.0], [31.56521209882232, 30.270342996575568, 0.0], [31.565211525263226, 30.270341652166753, 0.0], [31.565210845060445, 30.270340345760175, 0.0], [31.565210061527434, 30.27033908372011, 0.0], [31.5652091784816, 30.270337872195142, 0.0], [31.565208200224838, 30.270336717087208, 0.0], [31.565207131523003, 30.27033562402362, 0.0], [31.565205977582142, 30.27033459832948, 0.0], [31.565204744024275, 30.270333645001795, 0.0], [31.565203436858972, 30.27033276868501, 0.0], [31.565202062453892, 30.270331973647878, 0.0], [31.56520062750518, 30.270331263763875, 0.0], [31.565199139003305, 30.27033064249122, 0.0], [31.56519760419987, 30.270330112856584, 0.0], [31.56519603057151, 30.270329677439978, 0.0], [31.565194425785236, 30.270329338363286, 0.0], [31.56519279765864, 30.27032909727758, 0.0], [31.56519115412367, 30.27032895535788, 0.0], [31.565189503186648, 30.27032891329551, 0.0], [31.565187852891032, 30.270328971295115, 0.0], [31.56518621127627, 30.270329129074394, 0.0], [31.565184586340013, 30.270329385864727, 0.0], [31.565182985998174, 30.270329740414756, 0.0], [31.56518141804717, 30.270330190997512, 0.0], [31.56517989012589, 30.270330735418135, 0.0], [31.56517840967735, 30.27033137102375, 0.0], [31.56517698391469, 30.27033209471832, 0.0], [31.565175619782885, 30.27033290297633, 0.0], [31.56517432392845, 30.270333791859557, 0.0], [31.565173102663312, 30.270334757038274, 0.0], [31.565171961938233, 30.270335793810172, 0.0], [31.565170907309874, 30.27033689712441, 0.0], [31.565148673657557, 30.27036188213088, 0.0], [31.56518612957504, 30.27038699418689, 0.0], [31.56520836321299, 30.27036200737014, 0.0]]]]}}, {"type": "Feature", "properties": {"ID": "9-3", "Telecom_Type": "كابينة", "Number_OF_Boxs": 22.0, "Sectors": "القطاع الثالث", "Implementing_company": "المصرية للأتصالات", "Easting": "031° 33' 31.22\" E", "Northing": "30° 16' 14.53\" N", "Google_Map": "https://www.google.com/maps/search/?api=1&query=031° 33' 31.22\" E,30° 16' 14.53\" N", "Shape_Length": 3.718477705775844, "Shape_Area": 0.8526355427897846}, "geometry": {"type": "MultiPolygon", "coordinates": [[[[31.55867942752443, 30.27070057754291, 0.0], [31.55867002179936, 30.270696774900237, 0.0], [31.558665614556812, 30.270703964926486, 0.0], [31.558674975399292, 30.270707181431824, 0.0], [31.558675583476838, 30.270706224058078, 0.0], [31.558676200944202, 30.270705271222866, 0.0], [31.55867682775563, 30.270704322995744, 0.0], [31.55867746386634, 30.270703379445802, 0.0], [31.55867810922929, 30.27070244064119, 0.0], [31.5586787637978, 30.27070150665094, 0.0], [31.55867942752443, 30.27070057754291, 0.0]]]]}}, {"type": "Feature", "properties": {"ID": "10-1", "Telecom_Type": "كابينة", "Number_OF_Boxs": 27.0, "Sectors": "القطاع الاول", "Implementing_company": "المصرية للأتصالات", "Easting": "031° 33' 41.81\" E", "Northing": "30° 16' 14.68\" N", "Google_Map": "https://www.google.com/maps/search/?api=1&query=031° 33' 41.81\" E,30° 16' 14.68\" N", "Shape_Length": 18.707786216155565, "Shape_Area": 24.084626588841218}, "geometry": {"type": "MultiPolygon", "coordinates": [[[[31.56163712040316, 30.270733768761875, 0.0], [31.561610576400128, 30.27071218466185, 0.0], [31.56157821895801, 30.27074216283875, 0.0], [31.56160476089408, 30.270763748758164, 0.0], [31.56160600499322, 30.27076469181786, 0.0], [31.561607321849095, 30.270765557254684, 0.0], [31.561608705045902, 30.270766340852635, 0.0], [31.561610147845375, 30.270767038794617, 0.0], [31.56161164321904, 30.270767647680042, 0.0], [31.56161318388198, 30.27076816454318, 0.0], [31.561614762328517, 30.270768586865508, 0.0], [31.56161637086914, 30.27076891259006, 0.0], [31.56161800166804, 30.270769140130177, 0.0], [31.561619646780322, 30.27076926837682, 0.0], [31.56162129819136, 30.2707692967059, 0.0], [31.561622947856772, 30.270769224978768, 0.0], [31.56162458773992, 30.27076905354518, 0.0], [31.56162620985152, 30.27076878324018, 0.0], [31.56162780628957, 30.270768415380743, 0.0], [31.561629369276794, 30.270767951758856, 0.0], [31.561630891199318, 30.27076739463305, 0.0], [31.56163236464223, 30.270766746717456, 0.0], [31.56163378242816, 30.2707660111685, 0.0], [31.561635137650125, 30.270765191569442, 0.0], [31.561636423705718, 30.270764291912982, 0.0], [31.561637634329852, 30.2707633165818, 0.0], [31.561638763625332, 30.270762270327463, 0.0], [31.56163980608994, 30.27076115824716, 0.0], [31.56164075664575, 30.27075998575809, 0.0], [31.56164161066217, 30.270758758572228, 0.0], [31.561642363978113, 30.27075748266795, 0.0], [31.561643012924403, 30.270756164261005, 0.0], [31.561643554339145, 30.270754809774072, 0.0], [31.56164398558516, 30.27075342580562, 0.0], [31.561644304561266, 30.270752019098005, 0.0], [31.56164450971389, 30.27075059650424, 0.0], [31.561644600043316, 30.270749164954122, 0.0], [31.56164457510975, 30.270747731421718, 0.0], [31.561644435034662, 30.270746302890945, 0.0], [31.561644180499965, 30.27074488632078, 0.0], [31.561643812746276, 30.27074348861216, 0.0], [31.561643333564962, 30.27074211657441, 0.0], [31.56164274529025, 30.270740776891127, 0.0], [31.56164205078785, 30.27073947608904, 0.0], [31.56164125344149, 30.270738220505073, 0.0], [31.561640357135364, 30.27073701625567, 0.0], [31.561639366236033, 30.270735869207744, 0.0], [31.561638285570062, 30.270734784949052, 0.0], [31.56163712040316, 30.270733768761875, 0.0]]]]}}, {"type": "Feature", "properties": {"ID": "4-1", "Telecom_Type": "كابينة", "Number_OF_Boxs": 26.0, "Sectors": "القطاع الثالث", "Implementing_company": "المصرية للأتصالات", "Easting": "031° 33' 12.64\" E", "Northing": "30° 16' 15.26\" N", "Google_Map": "https://www.google.com/maps/search/?api=1&query=031° 33' 12.64\" E,30° 16' 15.26\" N", "Shape_Length": 3.677774492358432, "Shape_Area": 0.7987669858856554}, "geometry": {"type": "MultiPolygon", "coordinates": [[[[31.553518627117683, 30.270901831483638, 0.0], [31.553507123393043, 30.270900075042142, 0.0], [31.553505899156097, 30.270906007544664, 0.0], [31.553515997338074, 30.270909158165015, 0.0], [31.553516238809205, 30.270908079079756, 0.0], [31.55351652576371, 30.270907008417662, 0.0], [31.55351685781344, 30.27090594762269, 0.0], [31.55351723451176, 30.270904898125217, 0.0], [31.553517655349957, 30.270903861340596, 0.0], [31.553518119760447, 30.270902838667077, 0.0], [31.553518627117683, 30.270901831483638, 0.0]]]]}}, {"type": "Feature", "properties": {"ID": "12-4", "Telecom_Type": "كابينة", "Number_OF_Boxs": 28.0, "Sectors": "القطاع الثاني", "Implementing_company": "المصرية للأتصالات", "Easting": "031° 34' 16.97\" E", "Northing": "30° 16' 16.16\" N", "Google_Map": "https://www.google.com/maps/search/?api=1&query=031° 34' 16.97\" E,30° 16' 16.16\" N", "Shape_Length": 18.708406354433087, "Shape_Area": 24.085792847539143}, "geometry": {"type": "MultiPolygon", "coordinates": [[[[31.571373277606902, 30.271175617400665, 0.0], [31.571409601664136, 30.271173965355235, 0.0], [31.57140712590688, 30.27113294038768, 0.0], [31.571370801864685, 30.271134592432233, 0.0], [31.571369156386076, 30.271134717351025, 0.0], [31.571367524954844, 30.271134941595477, 0.0], [31.57136591551966, 30.271135264073703, 0.0], [31.571364335920485, 30.271135683214528, 0.0], [31.571362793853687, 30.271136196975835, 0.0], [31.571361296832105, 30.271136802854635, 0.0], [31.571359852148554, 30.271137497899122, 0.0], [31.57135846684187, 30.271138278723104, 0.0], [31.571357147661022, 30.271139141522774, 0.0], [31.57135590103247, 30.271140082094185, 0.0], [31.57135473303048, 30.27114109585526, 0.0], [31.571353649344736, 30.271142177867265, 0.0], [31.57135265525515, 30.27114332285831, 0.0], [31.571351755604674, 30.271144525250307, 0.0], [31.571350954776616, 30.27114577918544, 0.0], [31.571350256672115, 30.27114707855451, 0.0], [31.571349664692406, 30.271148417027323, 0.0], [31.571349181721953, 30.271149788082727, 0.0], [31.57134881011313, 30.27115118504129, 0.0], [31.57134855167681, 30.27115260109696, 0.0], [31.57134840767209, 30.27115402935095, 0.0], [31.571348378800145, 30.27115546284528, 0.0], [31.571348465201822, 30.271156894595407, 0.0], [31.57134866645643, 30.271158317626778, 0.0], [31.571348981583295, 30.271159725005973, 0.0], [31.571349409046856, 30.271161109876694, 0.0], [31.571349946765206, 30.27116246549178, 0.0], [31.571350592118392, 30.27116378524705, 0.0], [31.57135134196184, 30.27116506271232, 0.0], [31.571352192643047, 30.27116629166451, 0.0], [31.571353140017465, 30.271167466115998, 0.0], [31.571354179469147, 30.27116858034498, 0.0], [31.571355305934446, 30.271169628922962, 0.0], [31.571356513925128, 30.27117060674163, 0.0], [31.571357797555965, 30.271171509036904, 0.0], [31.571359150573496, 30.27117233141293, 0.0], [31.571360566385486, 30.271173069863302, 0.0], [31.571362038094833, 30.27117372079053, 0.0], [31.571363558531274, 30.27117428102292, 0.0], [31.571365120287023, 30.271174747831125, 0.0], [31.571366715753797, 30.271175118941144, 0.0], [31.571368337158734, 30.271175392544876, 0.0], [31.571369976601662, 30.271175567309275, 0.0], [31.571371626096653, 30.271175642383227, 0.0], [31.571373277606902, 30.271175617400665, 0.0]]]]}}, {"type": "Feature", "properties": {"ID": "10-4", "Telecom_Type": "كابينة", "Number_OF_Boxs": 28.0, "Sectors": "القطاع الثاني", "Implementing_company": "المصرية للأتصالات", "Easting": "031° 34' 9.07\" E", "Northing": "30° 16' 16.18\" N", "Google_Map": "https://www.google.com/maps/search/?api=1&query=031° 34' 9.07\" E,30° 16' 16.18\" N", "Shape_Length": 3.65286703322852, "Shape_Area": 0.8212134716276984}, "geometry": {"type": "MultiPolygon", "coordinates": [[[[31.569190797985005, 30.271163031226635, 0.0], [31.56919034719239, 30.271161835552117, 0.0], [31.56918991065605, 30.27116063589908, 0.0], [31.56918948842204, 30.271159432395216, 0.0], [31.569189080535534, 30.271158225169117, 0.0], [31.569188687040295, 30.2711570143496, 0.0], [31.569188307978138, 30.27115580006611, 0.0], [31.5691879433895, 30.271154582448002, 0.0], [31.569179450015447, 30.271157875686875, 0.0], [31.569181166212392, 30.27116516577032, 0.0], [31.569190797985005, 30.271163031226635, 0.0]]]]}}, {"type": "Feature", "properties": {"ID": "7-2", "Telecom_Type": "كابينة", "Number_OF_Boxs": 24.0, "Sectors": "القطاع الاول", "Implementing_company": "المصرية للأتصالات", "Easting": "031° 33' 54.45\" E", "Northing": "30° 16' 17.88\" N", "Google_Map": "https://www.google.com/maps/search/?api=1&query=031° 33' 54.45\" E,30° 16' 17.88\" N", "Shape_Length": 4.005611149930058, "Shape_Area": 0.9915238605832701}, "geometry": {"type": "MultiPolygon", "coordinates": [[[[31.5651339539121, 30.27163120240219, 0.0], [31.56512566474049, 30.27162607662725, 0.0], [31.565118984609324, 30.271631905553832, 0.0], [31.565125735988605, 30.271638533544238, 0.0], [31.56512689376, 30.271637472643558, 0.0], [31.56512805697619, 30.27163641623956, 0.0], [31.565129225614417, 30.271635364353298, 0.0], [31.565130399650304, 30.271634317005685, 0.0], [31.565131579060424, 30.27163327421723, 0.0], [31.56513276382232, 30.27163223600919, 0.0], [31.5651339539121, 30.27163120240219, 0.0]]]]}}, {"type": "Feature", "properties": {"ID": "7-1", "Telecom_Type": "كابينة", "Number_OF_Boxs": 24.0, "Sectors": "القطاع الاول", "Implementing_company": "المصرية للأتصالات", "Easting": "031° 33' 48.75\" E", "Northing": "30° 16' 20.0\" N", "Google_Map": "https://www.google.com/maps/search/?api=1&query=031° 33' 48.75\" E,30° 16' 20.0\" N", "Shape_Length": 18.70789360108094, "Shape_Area": 24.084442526337796}, "geometry": {"type": "MultiPolygon", "coordinates": [[[[31.563577449834575, 30.272223072476113, 0.0], [31.563550563886928, 30.27220180957412, 0.0], [31.563549304933545, 30.272200881438764, 0.0], [31.56354797445383, 30.272200031793343, 0.0], [31.5635465789311, 30.272199264777353, 0.0], [31.563545125163184, 30.272198584127686, 0.0], [31.563543620233677, 30.27219799316071, 0.0], [31.563542071475176, 30.272197494755527, 0.0], [31.563540486433254, 30.272197091340853, 0.0], [31.563538872830808, 30.272196784882, 0.0], [31.56353723852955, 30.272196576871867, 0.0], [31.563535591492254, 30.27219646832438, 0.0], [31.563533939743017, 30.27219645976827, 0.0], [31.56353229133043, 30.27219655124504, 0.0], [31.56353065428509, 30.272196742309404, 0.0], [31.563529036583454, 30.272197032029748, 0.0], [31.563527446107557, 30.27219741899524, 0.0], [31.56352589060569, 30.272197901320094, 0.0], [31.563524377657206, 30.272198476654122, 0.0], [31.563522914633513, 30.272199142194847, 0.0], [31.563521508662262, 30.27219989469888, 0.0], [31.56352016659425, 30.272200730500547, 0.0], [31.56351889496797, 30.27220164552725, 0.0], [31.563517699979283, 30.272202635320664, 0.0], [31.563516587450053, 30.272203695058806, 0.0], [31.563515562800934, 30.272204819577798, 0.0], [31.563514631024628, 30.2722060033992, 0.0], [31.563513796660313, 30.272207240755158, 0.0], [31.563513063773335, 30.27220852561687, 0.0], [31.56351243593469, 30.272209851724337, 0.0], [31.56351191620345, 30.272211212616284, 0.0], [31.56351150711126, 30.272212601662407, 0.0], [31.563511210652187, 30.272214012094704, 0.0], [31.56351102826968, 30.272215437041556, 0.0], [31.563510960853286, 30.27221686956013, 0.0], [31.56351100873054, 30.272218302670982, 0.0], [31.56351117166898, 30.27221972939176, 0.0], [31.5635114488745, 30.27222114277118, 0.0], [31.563511838996153, 30.27222253592254, 0.0], [31.563512340133826, 30.27222390205879, 0.0], [31.563512949845222, 30.272225234523443, 0.0], [31.563513665159974, 30.272226526824365, 0.0], [31.563514482593142, 30.272227772665495, 0.0], [31.563515398161513, 30.27222896597655, 0.0], [31.56351640740449, 30.272230100943485, 0.0], [31.56351750540518, 30.272231172036552, 0.0], [31.563518686813754, 30.272232174037583, 0.0], [31.563545572763026, 30.272253436945984, 0.0], [31.563577449834575, 30.272223072476113, 0.0]]]]}}, {"type": "Feature", "properties": {"ID": "5-4", "Telecom_Type": "كابينة", "Number_OF_Boxs": 28.0, "Sectors": "القطاع الثالث", "Implementing_company": "المصرية للأتصالات", "Easting": "031° 33' 23.28\" E", "Northing": "30° 16' 21.18\" N", "Google_Map": "https://www.google.com/maps/search/?api=1&query=031° 33' 23.28\" E,30° 16' 21.18\" N", "Shape_Length": 3.7874951601702955, "Shape_Area": 0.9101618661550253}, "geometry": {"type": "MultiPolygon", "coordinates": [[[[31.556472891850156, 30.272550362575952, 0.0], [31.55647192417537, 30.272549509243408, 0.0], [31.556470927703153, 30.27254868125679, 0.0], [31.556469903313467, 30.272547879347503, 0.0], [31.55646885191224, 30.272547104224685, 0.0], [31.556467774427837, 30.27254635657337, 0.0], [31.5564666718142, 30.27254563705432, 0.0], [31.55646554504492, 30.272544946303757, 0.0], [31.55645889731567, 30.272551279799735, 0.0], [31.556466069665944, 30.272556905184768, 0.0], [31.556472891850156, 30.272550362575952, 0.0]]]]}}, {"type": "Feature", "properties": {"ID": "5-3", "Telecom_Type": "كابينة", "Number_OF_Boxs": 32.0, "Sectors": "القطاع الثالث", "Implementing_company": "المصرية للأتصالات", "Easting": "031° 33' 25.22\" E", "Northing": "30° 16' 24.16\" N", "Google_Map": "https://www.google.com/maps/search/?api=1&query=031° 33' 25.22\" E,30° 16' 24.16\" N", "Shape_Length": 3.9267658205483276, "Shape_Area": 0.9154479343015232}, "geometry": {"type": "MultiPolygon", "coordinates": [[[[31.557013680111066, 30.273377199675586, 0.0], [31.557012746466178, 30.27337643149996, 0.0], [31.557011851578334, 30.273375629325077, 0.0], [31.557010997089037, 30.27337479462313, 0.0], [31.557010184566767, 30.273373928925487, 0.0], [31.55700941550157, 30.273373033820217, 0.0], [31.557008691305047, 30.273372110949822, 0.0], [31.557008013305452, 30.27337116200772, 0.0], [31.55699932688771, 30.27337884823509, 0.0], [31.55700521556067, 30.27338368524235, 0.0], [31.557013680111066, 30.273377199675586, 0.0]]]]}}, {"type": "Feature", "properties": {"ID": "7-3", "Telecom_Type": "كابينة", "Number_OF_Boxs": 18.0, "Sectors": "القطاع الاول", "Implementing_company": "المصرية للأتصالات", "Easting": "031° 34' 0.42\" E", "Northing": "30° 16' 25.57\" N", "Google_Map": "https://www.google.com/maps/search/?api=1&query=031° 34' 0.42\" E,30° 16' 25.57\" N", "Shape_Length": 18.70774630047437, "Shape_Area": 24.08423977314565}, "geometry": {"type": "MultiPolygon", "coordinates": [[[[31.56680630049235, 30.273778685660304, 0.0], [31.566807481474573, 30.273777683325047, 0.0], [31.56680857902481, 30.273776611927545, 0.0], [31.566809587797195, 30.27377547668804, 0.0], [31.566810502876347, 30.27377428313659, 0.0], [31.5668113198043, 30.27377303708833, 0.0], [31.566812034601266, 30.27377174461398, 0.0], [31.5668126437846, 30.27377041200978, 0.0], [31.566813144386924, 30.273769045768187, 0.0], [31.566813533968958, 30.273767652545178, 0.0], [31.566813810633246, 30.273766239128356, 0.0], [31.56681397303144, 30.273764812403673, 0.0], [31.566814020372444, 30.273763379321935, 0.0], [31.566813952425893, 30.273761946864592, 0.0], [31.5668137695227, 30.27376052201062, 0.0], [31.5668134725538, 30.273759111701384, 0.0], [31.56681306296629, 30.27375772280759, 0.0], [31.56681254275523, 30.273756362096186, 0.0], [31.56681191445534, 30.27375503619578, 0.0], [31.56681118112719, 30.273753751566037, 0.0], [31.56681034634372, 30.273752514465727, 0.0], [31.566809414171818, 30.273751330921343, 0.0], [31.566808389152897, 30.273750206699333, 0.0], [31.566807276280443, 30.273749147276177, 0.0], [31.566806080976363, 30.27374815781364, 0.0], [31.56680480906385, 30.273747243132224, 0.0], [31.566803466739696, 30.273746407687593, 0.0], [31.566802060543235, 30.27374565555034, 0.0], [31.56680059732485, 30.273744990384845, 0.0], [31.5667990842138, 30.273744415431146, 0.0], [31.566797528581112, 30.273743933490582, 0.0], [31.566795938005885, 30.273743546911145, 0.0], [31.56679432023704, 30.27374325757611, 0.0], [31.566792683155825, 30.273743066895282, 0.0], [31.566791034737985, 30.273742975797152, 0.0], [31.56678938301409, 30.27374298472579, 0.0], [31.566787736031415, 30.27374309363782, 0.0], [31.566786101813733, 30.27374330200259, 0.0], [31.566784488322178, 30.273743608804963, 0.0], [31.566782903417657, 30.273744012549873, 0.0], [31.566781354821753, 30.2737445112711, 0.0], [31.566779850078664, 30.273745102538335, 0.0], [31.566778396519442, 30.27374578347136, 0.0], [31.566777001224857, 30.273746550752453, 0.0], [31.56677567099379, 30.273747400644048, 0.0], [31.566774412305772, 30.273748329005226, 0.0], [31.566747534377072, 30.27376959988598, 0.0], [31.566779420484, 30.273799956556513, 0.0], [31.56680630049235, 30.273778685660304, 0.0]]]]}}, {"type": "Feature", "properties": {"ID": "6-4", "Telecom_Type": "كابينة", "Number_OF_Boxs": 24.0, "Sectors": "القطاع الاول", "Implementing_company": "المصرية للأتصالات", "Easting": "031° 33' 44.94\" E", "Northing": "30° 16' 25.66\" N", "Google_Map": "https://www.google.com/maps/search/?api=1&query=031° 33' 44.94\" E,30° 16' 25.66\" N", "Shape_Length": 18.708137765833158, "Shape_Area": 24.085152898821026}, "geometry": {"type": "MultiPolygon", "coordinates": [[[[31.56250464824785, 30.273783579268347, 0.0], [31.562477710402117, 30.273762363281545, 0.0], [31.562445905583402, 30.273792786708572, 0.0], [31.562472843430825, 30.27381400270181, 0.0], [31.562474104707697, 30.273814928412477, 0.0], [31.56247543730767, 30.27381577550455, 0.0], [31.562476834738597, 30.273816539851577, 0.0], [31.562478290192725, 30.273817217729373, 0.0], [31.562479796579954, 30.273817805835765, 0.0], [31.562481346561174, 30.273818301305905, 0.0], [31.56248293258582, 30.2738187017258, 0.0], [31.56248454692725, 30.273819005144617, 0.0], [31.562486181720615, 30.273819210084753, 0.0], [31.56248782900216, 30.273819315547218, 0.0], [31.562489480746816, 30.273819321018586, 0.0], [31.56249112890781, 30.27381922647233, 0.0], [31.562492765455676, 30.27381903236846, 0.0], [31.562494382418276, 30.27381873965303, 0.0], [31.56249597191781, 30.273818349752094, 0.0], [31.562497526210887, 30.273817864565107, 0.0], [31.562499037725786, 30.27381728645527, 0.0], [31.56250049909879, 30.273816618239547, 0.0], [31.562501903210205, 30.273815863172832, 0.0], [31.562503243220288, 30.273815024933533, 0.0], [31.562504512601016, 30.27381410760577, 0.0], [31.562505705167887, 30.273813115657678, 0.0], [31.56250681511134, 30.273812053922484, 0.0], [31.562507837024246, 30.273810927571983, 0.0], [31.56250876592809, 30.273809742093697, 0.0], [31.562509597297538, 30.273808503262654, 0.0], [31.56251032708293, 30.273807217113983, 0.0], [31.562510951728093, 30.27380588991379, 0.0], [31.562511468190873, 30.273804528127044, 0.0], [31.56251187395476, 30.27380313838851, 0.0], [31.562512167043252, 30.273801727468264, 0.0], [31.562512346028, 30.273800302239696, 0.0], [31.562512410037954, 30.273798869646125, 0.0], [31.562512358760408, 30.27379743666664, 0.0], [31.562512192446018, 30.273796010282254, 0.0], [31.562511911904327, 30.273794597441654, 0.0], [31.56251151850232, 30.27379320502803, 0.0], [31.56251101415617, 30.273791839824327, 0.0], [31.562510401323607, 30.273790508481643, 0.0], [31.562509682989518, 30.273789217485586, 0.0], [31.56250886265366, 30.273787973125742, 0.0], [31.562507944312223, 30.273786781463723, 0.0], [31.562506932439373, 30.273785648305246, 0.0], [31.562505831964142, 30.273784579170528, 0.0], [31.56250464824785, 30.273783579268347, 0.0]]]]}}, {"type": "Feature", "properties": {"ID": "6-3", "Telecom_Type": "كابينة", "Number_OF_Boxs": 27.0, "Sectors": "القطاع الثالث", "Implementing_company": "المصرية للأتصالات", "Easting": "031° 33' 42.25\" E", "Northing": "30° 16' 27.04\" N", "Google_Map": "https://www.google.com/maps/search/?api=1&query=031° 33' 42.25\" E,30° 16' 27.04\" N", "Shape_Length": 18.70837991765584, "Shape_Area": 24.085823020232795}, "geometry": {"type": "MultiPolygon", "coordinates": [[[[31.561759135362205, 30.274184612204955, 0.0], [31.56176017392809, 30.274183497328305, 0.0], [31.561761120365148, 30.27418232228715, 0.0], [31.561761970062882, 30.274181092806003, 0.0], [31.561762718881525, 30.274179814874696, 0.0], [31.561763363172606, 30.274178494718957, 0.0], [31.561763899798056, 30.27417713877028, 0.0], [31.56176432614323, 30.274175753634264, 0.0], [31.561764640130807, 30.27417434605938, 0.0], [31.5617648402316, 30.274172922902483, 0.0], [31.561764925470726, 30.274171491097142, 0.0], [31.561764895432546, 30.27417005761884, 0.0], [31.56176475026392, 30.274168629450884, 0.0], [31.561764490671607, 30.274167213551056, 0.0], [31.56176411792036, 30.27416581681695, 0.0], [31.561763633826423, 30.274164446053746, 0.0], [31.561763040747927, 30.274163107939028, 0.0], [31.561762341574457, 30.27416180899166, 0.0], [31.56176153971186, 30.274160555540057, 0.0], [31.561760639067003, 30.274159353690614, 0.0], [31.56175964402701, 30.274158209298516, 0.0], [31.56175855944008, 30.274157127938665, 0.0], [31.56175739059005, 30.274156114879265, 0.0], [31.561756143170765, 30.27415517505612, 0.0], [31.561754823259363, 30.274154313047138, 0.0], [31.561753437286683, 30.274153533052175, 0.0], [31.56175199200433, 30.274152838871206, 0.0], [31.561750494453612, 30.274152233886095, 0.0], [31.56174895193013, 30.274151721043935, 0.0], [31.561747371948684, 30.27415130284357, 0.0], [31.561745762206368, 30.274150981321743, 0.0], [31.561744130545648, 30.274150758045494, 0.0], [31.56174248491526, 30.274150634102323, 0.0], [31.561740833332774, 30.274150610095816, 0.0], [31.56173918384396, 30.274150686143145, 0.0], [31.56173754448468, 30.274150861873817, 0.0], [31.56173592324187, 30.274151136431847, 0.0], [31.561734328013024, 30.274151508479253, 0.0], [31.561732766570312, 30.274151976203974, 0.0], [31.56173124652059, 30.274152537327037, 0.0], [31.561729775269352, 30.274153189115, 0.0], [31.56172835998351, 30.274153928392384, 0.0], [31.561727007558417, 30.274154751557724, 0.0], [31.561725724582374, 30.274155654600733, 0.0], [31.56172451730687, 30.27415663312181, 0.0], [31.561723391611917, 30.274157682354396, 0.0], [31.56169954719202, 30.274181524471054, 0.0], [31.561735290944643, 30.274208454327972, 0.0], [31.561759135362205, 30.274184612204955, 0.0]]]]}}, {"type": "Feature", "properties": {"ID": "10-3", "Telecom_Type": "كابينة", "Number_OF_Boxs": 26.0, "Sectors": "القطاع الثاني", "Implementing_company": "المصرية للأتصالات", "Easting": "031° 34' 10.5\" E", "Northing": "30° 16' 27.96\" N", "Google_Map": "https://www.google.com/maps/search/?api=1&query=031° 34' 10.5\" E,30° 16' 27.96\" N", "Shape_Length": 18.708247089298244, "Shape_Area": 24.08551239938857}, "geometry": {"type": "MultiPolygon", "coordinates": [[[[31.569606154407, 30.274444948470236, 0.0], [31.569607375712422, 30.274443983152604, 0.0], [31.569608516461983, 30.27444294624126, 0.0], [31.569609571098976, 30.274441842788427, 0.0], [31.569610534483818, 30.27444067816953, 0.0], [31.56961140192407, 30.27443945805885, 0.0], [31.569612169193416, 30.274438188400026, 0.0], [31.569612832553844, 30.274436875379195, 0.0], [31.56961338877337, 30.274435525393212, 0.0], [31.569613835142363, 30.274434145018986, 0.0], [31.569614169485998, 30.274432740981286, 0.0], [31.56961439017552, 30.274431320120584, 0.0], [31.569614496135845, 30.274429889359364, 0.0], [31.569614486850593, 30.274428455667927, 0.0], [31.569614362364987, 30.274427026031052, 0.0], [31.569614123285387, 30.27442560741368, 0.0], [31.569613770777178, 30.274424206727446, 0.0], [31.569613306557176, 30.274422830795874, 0.0], [31.569612732886952, 30.2744214863226, 0.0], [31.569612052561734, 30.274420179857884, 0.0], [31.569611268895756, 30.274418917766415, 0.0], [31.569610385707144, 30.27441770619693, 0.0], [31.56960940729857, 30.274416551052255, 0.0], [31.56960833843663, 30.274415457959794, 0.0], [31.569607184328785, 30.27441443224531, 0.0], [31.569605950597776, 30.27441347890582, 0.0], [31.569604643254, 30.274412602585876, 0.0], [31.569603268666757, 30.27441180755509, 0.0], [31.569601833532978, 30.27441109768612, 0.0], [31.569600344844527, 30.27441047643774, 0.0], [31.569598809853705, 30.27440994683668, 0.0], [31.56959723603915, 30.274409511462917, 0.0], [31.569595631068278, 30.27440917243757, 0.0], [31.5695940027603, 30.274408931412513, 0.0], [31.56959235904818, 30.274408789561637, 0.0], [31.569590707939504, 30.27440874757629, 0.0], [31.5695890574787, 30.27440880566109, 0.0], [31.569587415706476, 30.274408963532686, 0.0], [31.569585790621364, 30.27440922042243, 0.0], [31.56958419014049, 30.274409575078398, 0.0], [31.56958262206141, 30.274410025772852, 0.0], [31.569581094023263, 30.274410570310128, 0.0], [31.56957961347076, 30.274411206037342, 0.0], [31.56957818761659, 30.274411929857035, 0.0], [31.569576823407733, 30.274412738243278, 0.0], [31.569575527490688, 30.274413627257367, 0.0], [31.569547795020842, 30.27443405630251, 0.0], [31.56957841985643, 30.27446537753087, 0.0], [31.569606154407, 30.274444948470236, 0.0]]]]}}, {"type": "Feature", "properties": {"ID": "3-1", "Telecom_Type": "كابينة", "Number_OF_Boxs": 32.0, "Sectors": "القطاع الثالث", "Implementing_company": "المصرية للأتصالات", "Easting": "031° 33' 17.86\" E", "Northing": "30° 16' 28.88\" N", "Google_Map": "https://www.google.com/maps/search/?api=1&query=031° 33' 17.86\" E,30° 16' 28.88\" N", "Shape_Length": 3.702314320427807, "Shape_Area": 0.8583523037143771}, "geometry": {"type": "MultiPolygon", "coordinates": [[[[31.554968941702686, 30.274688582518273, 0.0], [31.5549677846099, 30.274687912428178, 0.0], [31.55496660901699, 30.274687267052883, 0.0], [31.55496541562486, 30.274686646776996, 0.0], [31.554964205143882, 30.274686051969653, 0.0], [31.554962978295205, 30.274685482985348, 0.0], [31.554961735811155, 30.27468494016364, 0.0], [31.554960478431244, 30.27468442382792, 0.0], [31.55495541665777, 30.274689695144556, 0.0], [31.554963588960234, 30.274695893686186, 0.0], [31.554968941702686, 30.274688582518273, 0.0]]]]}}, {"type": "Feature", "properties": {"ID": "7-4", "Telecom_Type": "كابينة", "Number_OF_Boxs": 20.0, "Sectors": "القطاع الاول", "Implementing_company": "المصرية للأتصالات", "Easting": "031° 33' 58.62\" E", "Northing": "30° 16' 29.42\" N", "Google_Map": "https://www.google.com/maps/search/?api=1&query=031° 33' 58.62\" E,30° 16' 29.42\" N", "Shape_Length": 18.708025751223975, "Shape_Area": 24.085087433148416}, "geometry": {"type": "MultiPolygon", "coordinates": [[[[31.566306889914113, 30.27482903556292, 0.0], [31.56628031898073, 30.27480747601021, 0.0], [31.566247995076026, 30.27483748404253, 0.0], [31.566274566020983, 30.274859045405723, 0.0], [31.566275811322807, 30.2748599873336, 0.0], [31.56627712929128, 30.27486085157108, 0.0], [31.566278513505203, 30.274861633908074, 0.0], [31.566279957221298, 30.274862330532596, 0.0], [31.56628145340605, 30.27486293805164, 0.0], [31.56628299477072, 30.274863453505407, 0.0], [31.566284573806158, 30.27486387438263, 0.0], [31.56628618281998, 30.274864198632848, 0.0], [31.56628781397356, 30.274864424676647, 0.0], [31.5662894593201, 30.274864551412804, 0.0], [31.566291110844357, 30.27486457822349, 0.0], [31.56629276050012, 30.27486450497868, 0.0], [31.5662944002514, 30.274864332034824, 0.0], [31.56629602210956, 30.27486406023454, 0.0], [31.566297618173344, 30.274863690901785, 0.0], [31.566299180667443, 30.27486322583636, 0.0], [31.566300701979692, 30.274862667303243, 0.0], [31.56630217469842, 30.274862018023786, 0.0], [31.566303591649895, 30.27486128116139, 0.0], [31.56630494593015, 30.274860460305216, 0.0], [31.56630623094229, 30.274859559454285, 0.0], [31.566307440425888, 30.274858582997737, 0.0], [31.566308568488715, 30.27485753569213, 0.0], [31.56630960963511, 30.27485642263993, 0.0], [31.5663105587931, 30.274855249263318, 0.0], [31.566311411338383, 30.27485402127873, 0.0], [31.56631216311809, 30.274852744668415, 0.0], [31.566312810469707, 30.274851425651917, 0.0], [31.566313350239287, 30.274850070654754, 0.0], [31.566313779797294, 30.2748486862781, 0.0], [31.56631409705118, 30.27484727926625, 0.0], [31.566314300455343, 30.274845856473533, 0.0], [31.56631438901878, 30.274844424831954, 0.0], [31.56631436231005, 30.27484299131521, 0.0], [31.56631422045964, 30.274841562907476, 0.0], [31.566313964158176, 30.27484014656766, 0.0], [31.5663135946544, 30.27483874919498, 0.0], [31.56631311374844, 30.274837377597862, 0.0], [31.566312523782962, 30.274836038457615, 0.0], [31.56631182763247, 30.27483473829843, 0.0], [31.566311028688244, 30.274833483454344, 0.0], [31.566310130842357, 30.27483228003813, 0.0], [31.566309138468903, 30.27483113391277, 0.0], [31.566308056401922, 30.274830050661965, 0.0], [31.566306889914113, 30.27482903556292, 0.0]]]]}}, {"type": "Feature", "properties": {"ID": "5-1", "Telecom_Type": "كابينة", "Number_OF_Boxs": 32.0, "Sectors": "القطاع الثالث", "Implementing_company": "المصرية للأتصالات", "Easting": "031° 33' 35.1\" E", "Northing": "30° 16' 30.51\" N", "Google_Map": "https://www.google.com/maps/search/?api=1&query=031° 33' 35.1\" E,30° 16' 30.51\" N", "Shape_Length": 3.9578036792373172, "Shape_Area": 0.9878745908793131}, "geometry": {"type": "MultiPolygon", "coordinates": [[[[31.559757372454442, 30.275140839004777, 0.0], [31.559756364090948, 30.275139819885258, 0.0], [31.55975532345851, 30.27513882550408, 0.0], [31.559754251362197, 30.275137856630657, 0.0], [31.559753148631746, 30.275136914014894, 0.0], [31.559752016120587, 30.275135998385718, 0.0], [31.559750854704525, 30.275135110452382, 0.0], [31.559749665282858, 30.27513425090148, 0.0], [31.559742337483236, 30.275141426364772, 0.0], [31.559749754602752, 30.275146346925794, 0.0], [31.559757372454442, 30.275140839004777, 0.0]]]]}}, {"type": "Feature", "properties": {"ID": "3-2", "Telecom_Type": "كابينة", "Number_OF_Boxs": 24.0, "Sectors": "القطاع الخامس", "Implementing_company": "المصرية للأتصالات", "Easting": "031° 33' 17.77\" E", "Northing": "30° 16' 31.21\" N", "Google_Map": "https://www.google.com/maps/search/?api=1&query=031° 33' 17.77\" E,30° 16' 31.21\" N", "Shape_Length": 4.231082974064975, "Shape_Area": 1.1093180447199855}, "geometry": {"type": "MultiPolygon", "coordinates": [[[[31.554943345027247, 30.275335137094363, 0.0], [31.554942257781516, 30.27533430613806, 0.0], [31.55494112161385, 30.27533352604485, 0.0], [31.554939939679635, 30.27533279898193, 0.0], [31.554938715260082, 30.275332126967122, 0.0], [31.55493745175533, 30.27533151186705, 0.0], [31.554936152674237, 30.275330955389887, 0.0], [31.55493482162361, 30.275330459080283, 0.0], [31.55492791261239, 30.275337877860764, 0.0], [31.554933578778886, 30.27534380376623, 0.0], [31.554943345027247, 30.275335137094363, 0.0]]]]}}, {"type": "Feature", "properties": {"ID": "5-2", "Telecom_Type": "كابينة", "Number_OF_Boxs": 28.0, "Sectors": "القطاع الثالث", "Implementing_company": "المصرية للأتصالات", "Easting": "031° 33' 36.01\" E", "Northing": "30° 16' 33.28\" N", "Google_Map": "https://www.google.com/maps/search/?api=1&query=031° 33' 36.01\" E,30° 16' 33.28\" N", "Shape_Length": 18.708068430968087, "Shape_Area": 24.08507549331763}, "geometry": {"type": "MultiPolygon", "coordinates": [[[[31.560014754253135, 30.27593090092501, 0.0], [31.560039361523692, 30.27590764940143, 0.0], [31.560004504437938, 30.275879860166015, 0.0], [31.559979897155664, 30.275903109879128, 0.0], [31.559978822821485, 30.27590419893805, 0.0], [31.559977838631955, 30.275905350389767, 0.0], [31.55997694938202, 30.27590655862477, 0.0], [31.559976159403565, 30.27590781775644, 0.0], [31.559975472545187, 30.27590912165046, 0.0], [31.55997489215408, 30.275910463954048, 0.0], [31.559974421057262, 30.275911838127925, 0.0], [31.559974061549976, 30.27591323747706, 0.0], [31.55997381538382, 30.27591465518397, 0.0], [31.559973683757953, 30.27591608434159, 0.0], [31.55997366731402, 30.27591751798717, 0.0], [31.55997376613166, 30.27591894913589, 0.0], [31.55997397972971, 30.27592037081531, 0.0], [31.559974307067836, 30.27592177609944, 0.0], [31.559974746550548, 30.275923158141477, 0.0], [31.55997529603722, 30.27592451020837, 0.0], [31.559975952850696, 30.27592582571255, 0.0], [31.559976713791084, 30.27592709824537, 0.0], [31.559977575151045, 30.27592832160699, 0.0], [31.559978532734046, 30.275929489837413, 0.0], [31.559979581874554, 30.275930597244678, 0.0], [31.55998071746181, 30.275931638433708, 0.0], [31.55998193396284, 30.2759326083322, 0.0], [31.559983225451084, 30.275933502214425, 0.0], [31.5599845856345, 30.275934315725564, 0.0], [31.559986007886216, 30.275935044902322, 0.0], [31.55998748527727, 30.27593568619218, 0.0], [31.55998901060943, 30.27593623647084, 0.0], [31.55999057645197, 30.27593669305728, 0.0], [31.559992175175992, 30.275937053726988, 0.0], [31.559993798992352, 30.275937316723073, 0.0], [31.559995439990374, 30.27593748076394, 0.0], [31.559997090174498, 30.275937545050354, 0.0], [31.559998741505733, 30.275937509269337, 0.0], [31.560000385938597, 30.275937373595003, 0.0], [31.56000201546161, 30.27593713868877, 0.0], [31.560003622135753, 30.275936805694517, 0.0], [31.560005198133407, 30.275936376235006, 0.0], [31.560006735776156, 30.275935852402295, 0.0], [31.560008227573054, 30.275935236748595, 0.0], [31.560009666256253, 30.27593453227315, 0.0], [31.56001104481588, 30.275933742408437, 0.0], [31.56001235653617, 30.275932871002286, 0.0], [31.560013595026504, 30.27593192230062, 0.0], [31.560014754253135, 30.27593090092501, 0.0]]]]}}, {"type": "Feature", "properties": {"ID": "6-2", "Telecom_Type": "كابينة", "Number_OF_Boxs": 18.0, "Sectors": "القطاع الاول", "Implementing_company": "المصرية للأتصالات", "Easting": "031° 33' 54.17\" E", "Northing": "30° 16' 34.48\" N", "Google_Map": "https://www.google.com/maps/search/?api=1&query=031° 33' 54.17\" E,30° 16' 34.48\" N", "Shape_Length": 18.70821318026673, "Shape_Area": 24.085295931094844}, "geometry": {"type": "MultiPolygon", "coordinates": [[[[31.56506982078688, 30.276253435598253, 0.0], [31.565070888523017, 30.276252341630677, 0.0], [31.565071865733138, 30.276251185680664, 0.0], [31.565072747657595, 30.27624997338008, 0.0], [31.565073529998298, 30.276248710635375, 0.0], [31.56507420894422, 30.27624740359863, 0.0], [31.56507478118698, 30.27624605863818, 0.0], [31.565075243939003, 30.2762446823069, 0.0], [31.565075594945117, 30.276243281310542, 0.0], [31.56507583249592, 30.276241862474805, 0.0], [31.565075955433226, 30.276240432712775, 0.0], [31.565075963158552, 30.276238998990294, 0.0], [31.565075855634092, 30.276237568292522, 0.0], [31.565075633383852, 30.276236147590627, 0.0], [31.56507529749028, 30.276234743805823, 0.0], [31.56507484959073, 30.276233363778132, 0.0], [31.565074291866676, 30.27623201423101, 0.0], [31.56507362703556, 30.27623070173961, 0.0], [31.565072858336872, 30.276229432698873, 0.0], [31.56507198951594, 30.276228213291617, 0.0], [31.565071024805157, 30.276227049458992, 0.0], [31.56506996890554, 30.27622594687134, 0.0], [31.56506882696086, 30.276224910900574, 0.0], [31.565067604535514, 30.27622394659446, 0.0], [31.5650663075846, 30.276223058650636, 0.0], [31.565064942427874, 30.276222251396167, 0.0], [31.56506351571636, 30.276221528763273, 0.0], [31.56506203440107, 30.27622089427353, 0.0], [31.56506050569906, 30.276220351017518, 0.0], [31.565058937059018, 30.276219901642524, 0.0], [31.565057336123058, 30.276219548338062, 0.0], [31.565055710691396, 30.27621929282515, 0.0], [31.565054068683217, 30.27621913634876, 0.0], [31.56505241809891, 30.276219079671513, 0.0], [31.565050766980658, 30.276219123069232, 0.0], [31.5650491233722, 30.276219266330934, 0.0], [31.56504749528199, 30.27621950875809, 0.0], [31.565045890642264, 30.276219849169664, 0.0], [31.565044317271077, 30.276220285907474, 0.0], [31.565042782834208, 30.276220816843477, 0.0], [31.56504129480765, 30.276221439390504, 0.0], [31.56503986044099, 30.276222150516094, 0.0], [31.565038486723317, 30.276222946754793, 0.0], [31.565037180346785, 30.27622382422769, 0.0], [31.56503594767759, 30.27622477865954, 0.0], [31.56503479472013, 30.276225805400117, 0.0], [31.56501033054392, 30.276249169089148, 0.0], [31.565045356612337, 30.27627679929373, 0.0], [31.56506982078688, 30.276253435598253, 0.0]]]]}}, {"type": "Feature", "properties": {"ID": "6-1", "Telecom_Type": "كابينة", "Number_OF_Boxs": 28.0, "Sectors": "القطاع الثالث", "Implementing_company": "المصرية للأتصالات", "Easting": "031° 33' 46.84\" E", "Northing": "30° 16' 37.63\" N", "Google_Map": "https://www.google.com/maps/search/?api=1&query=031° 33' 46.84\" E,30° 16' 37.63\" N", "Shape_Length": 3.6560229576205314, "Shape_Area": 0.821840842507476}, "geometry": {"type": "MultiPolygon", "coordinates": [[[[31.563018210241015, 30.27712136062801, 0.0], [31.563013059817404, 30.277113028919597, 0.0], [31.563005488008294, 30.277115668333266, 0.0], [31.56300855360942, 30.27712308890897, 0.0], [31.563009936985058, 30.277122858567175, 0.0], [31.563011319124065, 30.277122622698123, 0.0], [31.563012699997024, 30.277122381307464, 0.0], [31.56301407957451, 30.27712213439961, 0.0], [31.563015457826822, 30.277121881980136, 0.0], [31.563016834725534, 30.27712162405445, 0.0], [31.563018210241015, 30.27712136062801, 0.0]]]]}}, {"type": "Feature", "properties": {"ID": "3-3", "Telecom_Type": "كابينة", "Number_OF_Boxs": 24.0, "Sectors": "القطاع الخامس", "Implementing_company": "المصرية للأتصالات", "Easting": "031° 33' 13.42\" E", "Northing": "30° 16' 38.29\" N", "Google_Map": "https://www.google.com/maps/search/?api=1&query=031° 33' 13.42\" E,30° 16' 38.29\" N", "Shape_Length": 3.82717789834182, "Shape_Area": 0.9181722701213817}, "geometry": {"type": "MultiPolygon", "coordinates": [[[[31.553734973885362, 30.277302807547933, 0.0], [31.55373391360761, 30.277301909747802, 0.0], [31.553732833834534, 30.277301029625335, 0.0], [31.55373173495672, 30.277300167499547, 0.0], [31.55373061737197, 30.277299323682765, 0.0], [31.553729481485895, 30.27729849848059, 0.0], [31.553728327709727, 30.277297692192025, 0.0], [31.55372715646144, 30.277296905109147, 0.0], [31.553720629463157, 30.277304284326693, 0.0], [31.553727472172415, 30.27730872957061, 0.0], [31.553734973885362, 30.277302807547933, 0.0]]]]}}, {"type": "Feature", "properties": {"ID": "8.2", "Telecom_Type": "كابينة", "Number_OF_Boxs": 32.0, "Sectors": "القطاع الثالث", "Implementing_company": "المصرية للأتصالات", "Easting": "031° 33' 31.92\" E", "Northing": "30° 16' 39.91\" N", "Google_Map": "https://www.google.com/maps/search/?api=1&query=031° 33' 31.92\" E,30° 16' 39.91\" N", "Shape_Length": 3.575262505919097, "Shape_Area": 0.8041289895807906}, "geometry": {"type": "MultiPolygon", "coordinates": [[[[31.558874026582156, 30.27775241442836, 0.0], [31.55887325007546, 30.27775153756192, 0.0], [31.558872448909575, 30.27775067756871, 0.0], [31.558871623570777, 30.277749834971445, 0.0], [31.55887077456075, 30.277749010281433, 0.0], [31.55886990239463, 30.27774820399969, 0.0], [31.558869007602254, 30.277747416615696, 0.0], [31.55886809072717, 30.27774664860766, 0.0], [31.558860736170626, 30.27775281384638, 0.0], [31.55886672005994, 30.27775788488925, 0.0], [31.558874026582156, 30.27775241442836, 0.0]]]]}}, {"type": "Feature", "properties": {"ID": "8.1", "Telecom_Type": "كابينة", "Number_OF_Boxs": 32.0, "Sectors": "القطاع الخامس", "Implementing_company": "المصرية للأتصالات", "Easting": "031° 33' 30.52\" E", "Northing": "30° 16' 41.17\" N", "Google_Map": "https://www.google.com/maps/search/?api=1&query=031° 33' 30.52\" E,30° 16' 41.17\" N", "Shape_Length": 3.7087525421937135, "Shape_Area": 0.8331594143836337}, "geometry": {"type": "MultiPolygon", "coordinates": [[[[31.558484053655615, 30.27810245404259, 0.0], [31.55848305966818, 30.278101865728736, 0.0], [31.558482098362006, 30.278101237834388, 0.0], [31.558481171828195, 30.27810057172614, 0.0], [31.55848028208093, 30.278099868851545, 0.0], [31.558479431055733, 30.27809913073931, 0.0], [31.558478620602603, 30.278098358994853, 0.0], [31.558477852484497, 30.27809755529612, 0.0], [31.558470741144635, 30.278104468173154, 0.0], [31.55847801260259, 30.278109515709115, 0.0], [31.558484053655615, 30.27810245404259, 0.0]]]]}}, {"type": "Feature", "properties": {"ID": "8.3", "Telecom_Type": "كابينة", "Number_OF_Boxs": 32.0, "Sectors": "القطاع الثالث", "Implementing_company": "المصرية للأتصالات", "Easting": "031° 33' 48.88\" E", "Northing": "30° 16' 44.64\" N", "Google_Map": "https://www.google.com/maps/search/?api=1&query=031° 33' 48.88\" E,30° 16' 44.64\" N", "Shape_Length": 3.731883270622174, "Shape_Area": 0.8354562307099945}, "geometry": {"type": "MultiPolygon", "coordinates": [[[[31.563584249554083, 30.279068271042295, 0.0], [31.563579346148813, 30.279059542301365, 0.0], [31.563578363050404, 30.279060278709714, 0.0], [31.56357733461905, 30.27906096690025, 0.0], [31.563576263989397, 30.27906160477408, 0.0], [31.56357515442645, 30.279062190386846, 0.0], [31.563574009312873, 30.279062721952688, 0.0], [31.563572832139588, 30.279063197851052, 0.0], [31.56357162649628, 30.27906361663165, 0.0], [31.56357513858763, 30.279070763757204, 0.0], [31.563584249554083, 30.279068271042295, 0.0]]]]}}, {"type": "Feature", "properties": {"ID": "1-2", "Telecom_Type": "كابينة", "Number_OF_Boxs": 32.0, "Sectors": "القطاع الخامس", "Implementing_company": "المصرية للأتصالات", "Easting": "031° 33' 23.21\" E", "Northing": "30° 16' 45.95\" N", "Google_Map": "https://www.google.com/maps/search/?api=1&query=031° 33' 23.21\" E,30° 16' 45.95\" N", "Shape_Length": 3.7298870175952232, "Shape_Area": 0.8715393086701888}, "geometry": {"type": "MultiPolygon", "coordinates": [[[[31.5564542991523, 30.279428824016264, 0.0], [31.556453461881954, 30.279428044214807, 0.0], [31.556452562283525, 30.279427318581554, 0.0], [31.556451604997264, 30.279426650859648, 0.0], [31.556450594961394, 30.27942604449308, 0.0], [31.556449537385426, 30.279425502609897, 0.0], [31.556448437724644, 30.27942502800506, 0.0], [31.55644730165156, 30.279424623127078, 0.0], [31.556440097857973, 30.27943177081797, 0.0], [31.556446866002634, 30.27943584639477, 0.0], [31.5564542991523, 30.279428824016264, 0.0]]]]}}, {"type": "Feature", "properties": {"ID": "2", "Telecom_Type": "باسيف", "Number_OF_Boxs": null, "Sectors": "القطاع الثالث", "Implementing_company": "المصرية للأتصالات", "Easting": "031° 33' 23.68\" E", "Northing": "30° 16' 33.46\" N", "Google_Map": "https://www.google.com/maps/search/?api=1&query=031° 33' 23.68\" E,30° 16' 33.46\" N", "Shape_Length": 5.534019525706386, "Shape_Area": 1.4994745008646155}, "geometry": {"type": "MultiPolygon", "coordinates": [[[[31.55658271184071, 30.27596910134232, 175.39400000000023], [31.556587963776515, 30.27596450058597, 0.0], [31.556574535521282, 30.27595115830578, 175.47699999999895], [31.556568083810447, 30.275955244884567, 175.4820000000036], [31.55658271184071, 30.27596910134232, 175.39400000000023]]]]}}, {"type": "Feature", "properties": {"ID": "1", "Telecom_Type": "باسيف", "Number_OF_Boxs": null, "Sectors": "القطاع الثالث", "Implementing_company": "المصرية للأتصالات", "Easting": "031° 33' 23.67\" E", "Northing": "30° 16' 33.37\" N", "Google_Map": "https://www.google.com/maps/search/?api=1&query=031° 33' 23.67\" E,30° 16' 33.37\" N", "Shape_Length": 12.703664838438058, "Shape_Area": 7.779118877634745}, "geometry": {"type": "MultiPolygon", "coordinates": [[[[31.55656623216051, 30.275956901091725, 0.0], [31.556599086251886, 30.27592559062581, 0.0], [31.556586354462148, 30.27591552734022, 0.0], [31.556553500369976, 30.275946837803, 0.0], [31.55656623216051, 30.275956901091725, 0.0]]]]}}, {"type": "Feature", "properties": {"ID": "2", "Telecom_Type": "باسيف", "Number_OF_Boxs": null, "Sectors": "القطاع الخامس", "Implementing_company": "المصرية للأتصالات", "Easting": "031° 33' 16.42\" E", "Northing": "30° 16' 30.14\" N", "Google_Map": "https://www.google.com/maps/search/?api=1&query=031° 33' 16.42\" E,30° 16' 30.14\" N", "Shape_Length": 3.943946373131606, "Shape_Area": 0.9660675005017594}, "geometry": {"type": "MultiPolygon", "coordinates": [[[[31.554560861229522, 30.275032713039877, 170.49899999999616], [31.554554543506264, 30.27504030790593, 170.49099999999453], [31.554561557538097, 30.27504567246782, 170.51200000000244], [31.554568405885632, 30.27503818360464, 170.49400000000605], [31.554560861229522, 30.275032713039877, 170.49899999999616]]]]}}, {"type": "Feature", "properties": {"ID": "3", "Telecom_Type": "باسيف", "Number_OF_Boxs": null, "Sectors": "القطاع الثالث", "Implementing_company": "المصرية للأتصالات", "Easting": "031° 33' 24.4\" E", "Northing": "30° 16' 9.42\" N", "Google_Map": "https://www.google.com/maps/search/?api=1&query=031° 33' 24.4\" E,30° 16' 9.42\" N", "Shape_Length": 66.68440382107805, "Shape_Area": 214.35336559006865}, "geometry": {"type": "MultiPolygon", "coordinates": [[[[31.556778337373785, 30.26916536835311, 0.0], [31.556694042699775, 30.269375281979382, 0.0], [31.556779395412832, 30.269401104221437, 0.0], [31.556863689925486, 30.26919119054305, 0.0], [31.556778337373785, 30.26916536835311, 0.0]]]]}}, {"type": "Feature", "properties": {"ID": "3", "Telecom_Type": "باسيف", "Number_OF_Boxs": null, "Sectors": "القطاع الثالث", "Implementing_company": "المصرية للأتصالات", "Easting": "031° 33' 24.1\" E", "Northing": "30° 16' 9.32\" N", "Google_Map": "https://www.google.com/maps/search/?api=1&query=031° 33' 24.1\" E,30° 16' 9.32\" N", "Shape_Length": 66.68428203725323, "Shape_Area": 214.35239722120406}, "geometry": {"type": "MultiPolygon", "coordinates": [[[[31.556693757599007, 30.269137623275842, 0.0], [31.556609462766854, 30.269347536850482, 0.0], [31.556694815444732, 30.269373360952425, 0.0], [31.55677910803714, 30.269163447334467, 0.0], [31.556693757599007, 30.269137623275842, 0.0]]]]}}, {"type": "Feature", "properties": {"ID": "6", "Telecom_Type": "باسيف", "Number_OF_Boxs": null, "Sectors": "القطاع الخامس", "Implementing_company": "المصرية للأتصالات", "Easting": "031° 33' 16.19\" E", "Northing": "30° 16' 29.97\" N", "Google_Map": "https://www.google.com/maps/search/?api=1&query=031° 33' 16.19\" E,30° 16' 29.97\" N", "Shape_Length": 5.4955683164086055, "Shape_Area": 1.4846289997396098}, "geometry": {"type": "MultiPolygon", "coordinates": [[[[31.554493611152097, 30.27498295199608, 170.5350000000035], [31.5544876303542, 30.274989472003476, 170.50400000000081], [31.554504578996386, 30.275000242909964, 170.51600000000326], [31.554507765618936, 30.27499583648053, 170.52700000000186], [31.554493611152097, 30.27498295199608, 170.5350000000035]]]]}}, {"type": "Feature", "properties": {"ID": "4", "Telecom_Type": "باسيف", "Number_OF_Boxs": null, "Sectors": "القطاع الثاني", "Implementing_company": "المصرية للأتصالات", "Easting": "031° 33' 37.92\" E", "Northing": "30° 15' 58.33\" N", "Google_Map": "https://www.google.com/maps/search/?api=1&query=031° 33' 37.92\" E,30° 15' 58.33\" N", "Shape_Length": 9.943767990740238, "Shape_Area": 4.766313359522383}, "geometry": {"type": "MultiPolygon", "coordinates": [[[[31.5605342138818, 30.266185273167522, 0.0], [31.56051911081845, 30.266215388432585, 0.0], [31.56053146821947, 30.266220058729516, 0.0], [31.560546711028984, 30.26618966503602, 0.0], [31.560534353631088, 30.26618499474048, 0.0], [31.5605342138818, 30.266185273167522, 0.0]]]]}}, {"type": "Feature", "properties": {"ID": "5", "Telecom_Type": "باسيف", "Number_OF_Boxs": null, "Sectors": "القطاع الثاني", "Implementing_company": "المصرية للأتصالات", "Easting": "031° 33' 37.87\" E", "Northing": "30° 15' 58.31\" N", "Google_Map": "https://www.google.com/maps/search/?api=1&query=031° 33' 37.87\" E,30° 15' 58.31\" N", "Shape_Length": 9.943767989512374, "Shape_Area": 4.766313360396523}, "geometry": {"type": "MultiPolygon", "coordinates": [[[[31.56051911081845, 30.266215388432585, 0.0], [31.5605342138818, 30.266185273167522, 0.0], [31.56052185648504, 30.266180602870783, 0.0], [31.560506613669173, 30.2662109965615, 0.0], [31.560518971069076, 30.26621566685962, 0.0], [31.56051911081845, 30.266215388432585, 0.0]]]]}}, {"type": "Feature", "properties": {"ID": "كبينة رقم 34", "Telecom_Type": "كابينة", "Number_OF_Boxs": 25.0, "Sectors": "القطاع الثاني", "Implementing_company": "المصرية للأتصالات", "Easting": "031° 33' 37.55\" E", "Northing": "30° 15' 58.24\" N", "Google_Map": "https://www.google.com/maps/search/?api=1&query=031° 33' 37.55\" E,30° 15' 58.24\" N", "Shape_Length": 3.744998473620016, "Shape_Area": 0.8640189001639154}, "geometry": {"type": "MultiPolygon", "coordinates": [[[[31.56043828167528, 30.26617502751571, 167.1140000000014], [31.56042850555274, 30.26617309651536, 167.1140000000014], [31.560426133678472, 30.266180527772093, 167.12399999999616], [31.560434049413956, 30.266183990915167, 0.0], [31.56043666444012, 30.26617827817919, 167.1140000000014], [31.56043828167528, 30.26617502751571, 167.1140000000014]]]]}}, {"type": "Feature", "properties": {"ID": "3", "Telecom_Type": "كابينة", "Number_OF_Boxs": 30.0, "Sectors": "القطاع الثالث", "Implementing_company": "المصرية للأتصالات", "Easting": "031° 33' 23.55\" E", "Northing": "30° 16' 9.05\" N", "Google_Map": "https://www.google.com/maps/search/?api=1&query=031° 33' 23.55\" E,30° 16' 9.05\" N", "Shape_Length": 20.11779312981631, "Shape_Area": 14.029185799119995}, "geometry": {"type": "MultiPolygon", "coordinates": [[[[31.556579794279482, 30.26919557513135, 173.58000000000175], [31.556512992189447, 30.269149168825255, 172.6889999999985], [31.556506670017964, 30.269166953309732, 172.59799999999814], [31.556576102281625, 30.269209839504516, 173.47400000000198], [31.556579794279482, 30.26919557513135, 173.58000000000175]]]]}}, {"type": "Feature", "properties": {"ID": "1", "Telecom_Type": "كابينة", "Number_OF_Boxs": 28.0, "Sectors": "القطاع الخامس", "Implementing_company": "المصرية للأتصالات", "Easting": "031° 33' 16.14\" E", "Northing": "30° 16' 29.91\" N", "Google_Map": "https://www.google.com/maps/search/?api=1&query=031° 33' 16.14\" E,30° 16' 29.91\" N", "Shape_Length": 3.924802148453034, "Shape_Area": 0.9400930006069765}, "geometry": {"type": "MultiPolygon", "coordinates": [[[[31.55449050186732, 30.274977065773907, 170.54200000000128], [31.554481179259273, 30.2749696001837, 170.55199999999604], [31.554476180822284, 30.27497709024416, 170.528999999995], [31.55448328528965, 30.274981904180056, 170.56500000000233], [31.55449050186732, 30.274977065773907, 170.54200000000128]]]]}}, {"type": "Feature", "properties": {"ID": "2", "Telecom_Type": "كابينة", "Number_OF_Boxs": 23.0, "Sectors": "القطاع الثالث", "Implementing_company": "المصرية للأتصالات", "Easting": "031° 33' 23.76\" E", "Northing": "30° 16' 33.51\" N", "Google_Map": "https://www.google.com/maps/search/?api=1&query=031° 33' 23.76\" E,30° 16' 33.51\" N", "Shape_Length": 3.424230164967124, "Shape_Area": 0.69177634956314}, "geometry": {"type": "MultiPolygon", "coordinates": [[[[31.55660581204178, 30.275974090819716, 175.46400000000722], [31.55660015587667, 30.27596971316632, 0.0], [31.556591844128164, 30.27597594517242, 175.4539999999979], [31.55659897085016, 30.275979144244474, 175.4030000000057], [31.55660581204178, 30.275974090819716, 175.46400000000722]]]]}}, {"type": "Feature", "properties": {"ID": "1-1", "Telecom_Type": "كابينة", "Number_OF_Boxs": 30.0, "Sectors": "القطاع السادس عشر", "Implementing_company": "المصرية للأتصالات", "Easting": "031° 31' 59.49\" E", "Northing": "30° 15' 50.86\" N", "Google_Map": "https://www.google.com/maps/search/?api=1&query=031° 31' 59.49\" E,30° 15' 50.86\" N", "Shape_Length": 13.362615586333987, "Shape_Area": 12.287725730564013}, "geometry": {"type": "MultiPolygon", "coordinates": [[[[31.53321073757717, 30.264127620630365, 0.0], [31.53320309779009, 30.26410606750019, 0.0], [31.533170789037076, 30.26411469610639, 0.0], [31.533178428817827, 30.264136249238486, 0.0], [31.533178814864115, 30.26413721691597, 0.0], [31.533179277731712, 30.264138158860185, 0.0], [31.53317981516701, 30.26413907048218, 0.0], [31.53318042455028, 30.26413994734049, 0.0], [31.533181102913282, 30.264140785162926, 0.0], [31.533181846950942, 30.264141579868106, 0.0], [31.533182653038782, 30.26414232758428, 0.0], [31.533183517248787, 30.26414302466834, 0.0], [31.53318443537127, 30.26414366772458, 0.0], [31.533185402933135, 30.264144253619676, 0.0], [31.533186415220595, 30.26414477949928, 0.0], [31.533187467301282, 30.26414524280154, 0.0], [31.533188554050295, 30.264145641269245, 0.0], [31.533189670172845, 30.264145972960904, 0.0], [31.53319081023094, 30.26414623626091, 0.0], [31.533191968670753, 30.264146429886093, 0.0], [31.53319313984828, 30.264146552893262, 0.0], [31.533194318057898, 30.264146604683233, 0.0], [31.533195497558975, 30.26414658500377, 0.0], [31.533196672605673, 30.264146493950328, 0.0], [31.53319783747289, 30.26414633196712, 0.0], [31.53319898648571, 30.264146099842872, 0.0], [31.533200114046, 30.26414579870844, 0.0], [31.533201214660593, 30.264145430031135, 0.0], [31.53320228296722, 30.264144995607314, 0.0], [31.533203313761426, 30.26414449755283, 0.0], [31.533204302020984, 30.26414393829471, 0.0], [31.53320524293153, 30.264143320557466, 0.0], [31.533206131908788, 30.264142647350525, 0.0], [31.53320696462206, 30.26414192195369, 0.0], [31.533207737013882, 30.26414114790118, 0.0], [31.533208445321698, 30.264140328964068, 0.0], [31.53320908609473, 30.264139469132157, 0.0], [31.533209656210957, 30.264138572594447, 0.0], [31.533210152892742, 30.26413764371858, 0.0], [31.533210573720417, 30.264136687030256, 0.0], [31.53321091664386, 30.26413570719017, 0.0], [31.533211179992307, 30.264134708972062, 0.0], [31.533211362482923, 30.26413369723943, 0.0], [31.533211463226248, 30.264132676920884, 0.0], [31.533211481731872, 30.264131652987494, 0.0], [31.533211417909367, 30.26413063042804, 0.0], [31.533211272069263, 30.26412961422366, 0.0], [31.533211044923267, 30.264128609326004, 0.0], [31.53321073757717, 30.264127620630365, 0.0]]]]}}, {"type": "Feature", "properties": {"ID": "1.1", "Telecom_Type": "كابينة", "Number_OF_Boxs": null, "Sectors": "القطاع السادس عشر", "Implementing_company": "المصرية للأتصالات", "Easting": "031° 32' 0.03\" E", "Northing": "30° 15' 52.52\" N", "Google_Map": "https://www.google.com/maps/search/?api=1&query=031° 32' 0.03\" E,30° 15' 52.52\" N", "Shape_Length": 20.044214197057617, "Shape_Area": 27.648029964438848}, "geometry": {"type": "MultiPolygon", "coordinates": [[[[31.53337384043905, 30.26460874631716, 0.0], [31.53336280194614, 30.264576304876915, 0.0], [31.533362241806405, 30.264574847769218, 0.0], [31.53336156593645, 30.264573428129037, 0.0], [31.533360777629177, 30.264572052873177, 0.0], [31.53335988072512, 30.26457072870167, 0.0], [31.53335887959417, 30.264569462066, 0.0], [31.533357779113608, 30.264568259136976, 0.0], [31.53335658464552, 30.264567125775898, 0.0], [31.533355302009156, 30.264566067503992, 0.0], [31.53335393745318, 30.264565089477315, 0.0], [31.53335249762644, 30.264564196461, 0.0], [31.533350989543187, 30.264563392805808, 0.0], [31.533349420550987, 30.26456268242691, 0.0], [31.53334779829445, 30.264562068785626, 0.0], [31.533346130676737, 30.264561554871516, 0.0], [31.533344425822566, 30.264561143188196, 0.0], [31.533342692038254, 30.264560835741776, 0.0], [31.53334093777077, 30.26456063402975, 0.0], [31.53333917156711, 30.264560539035113, 0.0], [31.53333740203189, 30.264560551220516, 0.0], [31.533335637786667, 30.264560670526965, 0.0], [31.533333887426387, 30.264560896372487, 0.0], [31.533332159479386, 30.264561227657495, 0.0], [31.53333046236437, 30.264561662767623, 0.0], [31.533328804348994, 30.264562199582844, 0.0], [31.533327193511777, 30.264562835488217, 0.0], [31.533325637700706, 30.26456356738526, 0.0], [31.533324144495264, 30.264564391708017, 0.0], [31.53332272117108, 30.264565304440733, 0.0], [31.5333213746621, 30.264566301136675, 0.0], [31.533320111528724, 30.264567376939354, 0.0], [31.533318937924832, 30.264568526607636, 0.0], [31.533317859568417, 30.264569744540577, 0.0], [31.533316881713375, 30.264571024804116, 0.0], [31.53331600912386, 30.264572361160894, 0.0], [31.5333152460506, 30.264573747100236, 0.0], [31.53331459621192, 30.264575175869577, 0.0], [31.533314062773748, 30.264576640507865, 0.0], [31.533313648334946, 30.264578133879716, 0.0], [31.53331335491453, 30.264579648709052, 0.0], [31.533313183942163, 30.26458117761577, 0.0], [31.533313136250708, 30.264582713150702, 0.0], [31.533313212072937, 30.264584247833163, 0.0], [31.53331341103901, 30.264585774185687, 0.0], [31.533313732179675, 30.26458728477209, 0.0], [31.533314173930393, 30.26458877223258, 0.0], [31.533325212408844, 30.264621213677046, 0.0], [31.53337384043905, 30.26460874631716, 0.0]]]]}}, {"type": "Feature", "properties": {"ID": "1-3", "Telecom_Type": "كابينة", "Number_OF_Boxs": 25.0, "Sectors": "القطاع السادس عشر", "Implementing_company": "المصرية للأتصالات", "Easting": "031° 32' 11.24\" E", "Northing": "30° 15' 53.13\" N", "Google_Map": "https://www.google.com/maps/search/?api=1&query=031° 32' 11.24\" E,30° 15' 53.13\" N", "Shape_Length": 13.362573768530591, "Shape_Area": 12.287518123843824}, "geometry": {"type": "MultiPolygon", "coordinates": [[[[31.536473458395797, 30.264764475232116, 0.0], [31.53647387846191, 30.264741927755964, 0.0], [31.53644007802393, 30.26474145259505, 0.0], [31.536439660038166, 30.26476400186672, 0.0], [31.53643968228048, 30.26476502566477, 0.0], [31.53643978673714, 30.264766045622295, 0.0], [31.53643997289872, 30.264767056771287, 0.0], [31.5364402398582, 30.264768054185257, 0.0], [31.536440586315763, 30.26476903300573, 0.0], [31.53644101058336, 30.264769988464632, 0.0], [31.536441510594234, 30.264770915907505, 0.0], [31.536442083912885, 30.264771810816423, 0.0], [31.53644272774605, 30.264772668831874, 0.0], [31.536443438957654, 30.264773485774278, 0.0], [31.53644421408291, 30.264774257663767, 0.0], [31.536445049346042, 30.264774980740587, 0.0], [31.53644594067835, 30.264775651481973, 0.0], [31.536446883737508, 30.26477626662053, 0.0], [31.53644787392961, 30.26477682315987, 0.0], [31.53644890643132, 30.264777318388916, 0.0], [31.536449976212474, 30.264777749895067, 0.0], [31.53645107806215, 30.26477811557637, 0.0], [31.536452206612644, 30.26477841365149, 0.0], [31.536453356366724, 30.264778642668357, 0.0], [31.536454521722717, 30.26477880151114, 0.0], [31.536455697004673, 30.264778889406458, 0.0], [31.536456876486454, 30.264778905925564, 0.0], [31.536458054423075, 30.2647788509885, 0.0], [31.536459225076097, 30.26477872486279, 0.0], [31.53646038274267, 30.264778528162918, 0.0], [31.53646152178381, 30.264778261846676, 0.0], [31.53646263665031, 30.264777927211842, 0.0], [31.53646372191147, 30.264777525888206, 0.0], [31.53646477228092, 30.264777059831108, 0.0], [31.536465782641116, 30.264776531310506, 0.0], [31.536466748070772, 30.26477594290125, 0.0], [31.53646766386719, 30.264775297469722, 0.0], [31.536468525568317, 30.264774598160166, 0.0], [31.536469328977372, 30.264773848378617, 0.0], [31.536470070180105, 30.264773051778107, 0.0], [31.536470745566096, 30.264772212239198, 0.0], [31.53647135184502, 30.26477133385136, 0.0], [31.536471886063936, 30.264770420893544, 0.0], [31.536472345619824, 30.264769477812894, 0.0], [31.53647272827468, 30.264768509204043, 0.0], [31.536473032164047, 30.26476751978507, 0.0], [31.536473255807714, 30.264766514375832, 0.0], [31.53647339811595, 30.264765497874404, 0.0], [31.536473458395797, 30.264764475232116, 0.0]]]]}}, {"type": "Feature", "properties": {"ID": "35", "Telecom_Type": "كابينة", "Number_OF_Boxs": null, "Sectors": "القطاع السادس عشر", "Implementing_company": "المصرية للأتصالات", "Easting": "031° 31' 51.78\" E", "Northing": "30° 15' 53.56\" N", "Google_Map": "https://www.google.com/maps/search/?api=1&query=031° 31' 51.78\" E,30° 15' 53.56\" N", "Shape_Length": 26.725638922798797, "Shape_Area": 49.15216138831523}, "geometry": {"type": "MultiPolygon", "coordinates": [[[[31.53107254944199, 30.264903433301633, 0.0], [31.53107476370382, 30.264902725941237, 0.0], [31.53107691572851, 30.264901886227303, 0.0], [31.531078995032516, 30.264900918250834, 0.0], [31.53108099148543, 30.264899826727724, 0.0], [31.531082895360367, 30.264898616975724, 0.0], [31.531084697382934, 30.264897294888353, 0.0], [31.531086388773446, 30.26489586690655, 0.0], [31.531087961291746, 30.2648943399872, 0.0], [31.531089407277175, 30.26489272156945, 0.0], [31.531090719685025, 30.26489101953739, 0.0], [31.531091892121548, 30.264889242183425, 0.0], [31.531092918874826, 30.26488739816635, 0.0], [31.531093794942876, 30.264885496469798, 0.0], [31.53109451605741, 30.264883546358572, 0.0], [31.531095078705174, 30.264881557333386, 0.0], [31.5310954801454, 30.264879539084074, 0.0], [31.531095718422566, 30.264877501442985, 0.0], [31.53109579237507, 30.264875454337652, 0.0], [31.531095701643373, 30.26487340774098, 0.0], [31.53109544666912, 30.264871371623506, 0.0], [31.53109502869484, 30.26486935590488, 0.0], [31.531094449756605, 30.264867370405046, 0.0], [31.53109371267478, 30.26486542479749, 0.0], [31.531092821040442, 30.264863528560397, 0.0], [31.53109177919748, 30.264861690931966, 0.0], [31.531090592221307, 30.26485992086474, 0.0], [31.531089265895076, 30.264858226982238, 0.0], [31.53108780668035, 30.264856617536655, 0.0], [31.531086221685907, 30.264855100368724, 0.0], [31.53108451863348, 30.26485368287012, 0.0], [31.531082705820097, 30.264852371946596, 0.0], [31.53108079207759, 30.26485117398448, 0.0], [31.53107878672946, 30.26485009482028, 0.0], [31.53107669954482, 30.26484913971117, 0.0], [31.531074540692465, 30.264848313310345, 0.0], [31.531072320689617, 30.26484761964395, 0.0], [31.531070050351996, 30.264847062091533, 0.0], [31.531067740740124, 30.264846643368895, 0.0], [31.531065403105984, 30.264846365516355, 0.0], [31.531063048837883, 30.264846229887606, 0.0], [31.531060689405553, 30.264846237143242, 0.0], [31.531058336303477, 30.26484638724801, 0.0], [31.531056000995463, 30.26484667947043, 0.0], [31.53105369485941, 30.264847112386974, 0.0], [31.53105142912967, 30.26484768388866, 0.0], [31.53100207157502, 30.26486177161467, 0.0], [31.53102319187241, 30.264917522839834, 0.0], [31.53107254944199, 30.264903433301633, 0.0]]]]}}, {"type": "Feature", "properties": {"ID": "36", "Telecom_Type": "كابينة", "Number_OF_Boxs": null, "Sectors": "القطاع السادس عشر", "Implementing_company": "المصرية للأتصالات", "Easting": "031° 32' 7.8\" E", "Northing": "30° 15' 55.96\" N", "Google_Map": "https://www.google.com/maps/search/?api=1&query=031° 32' 7.8\" E,30° 15' 55.96\" N", "Shape_Length": 20.044261392482266, "Shape_Area": 27.648145450260483}, "geometry": {"type": "MultiPolygon", "coordinates": [[[[31.53549720553816, 30.26556869702617, 0.0], [31.535534988713746, 30.265560411726696, 0.0], [31.5355225679727, 30.265517737891933, 0.0], [31.535484786890624, 30.265526023179202, 0.0], [31.535483087341305, 30.26552645112142, 0.0], [31.535481426322423, 30.26552698093247, 0.0], [31.5354798119265, 30.26552761003124, 0.0], [31.535478252018002, 30.26552833535211, 0.0], [31.53547675419734, 30.265529153361886, 0.0], [31.53547532576199, 30.265530060075186, 0.0], [31.53547397367111, 30.26553105107415, 0.0], [31.535472704512138, 30.265532121531074, 0.0], [31.535471524468445, 30.265533266230438, 0.0], [31.535470439288783, 30.2655344795955, 0.0], [31.535469454260827, 30.265535755714623, 0.0], [31.53546857418311, 30.265537088370593, 0.0], [31.53546780334354, 30.265538471070563, 0.0], [31.535467145497577, 30.265539897078426, 0.0], [31.53546660385012, 30.265541359446363, 0.0], [31.53546618104055, 30.26554285104977, 0.0], [31.53546587912832, 30.265544364621576, 0.0], [31.535465699584506, 30.2655458927879, 0.0], [31.53546564328393, 30.265547428103403, 0.0], [31.535465710500723, 30.265548963087813, 0.0], [31.535465900907614, 30.265550490263063, 0.0], [31.535466213576697, 30.265552002188482, 0.0], [31.535466646984936, 30.26555349149813, 0.0], [31.535467199020797, 30.265554950935993, 0.0], [31.535467866994168, 30.265556373391743, 0.0], [31.535468647651577, 30.265557751935543, 0.0], [31.53546953718918, 30.265559079850615, 0.0], [31.535470531272978, 30.265560350667457, 0.0], [31.53547162506014, 30.26556155819506, 0.0], [31.535472813221713, 30.26556269655002, 0.0], [31.53547408996912, 30.265563760186065, 0.0], [31.535475449081552, 30.26556474392162, 0.0], [31.535476883937704, 30.265565642963818, 0.0], [31.535478387547197, 30.265566452932628, 0.0], [31.535479952584385, 30.26556716988145, 0.0], [31.535481571424146, 30.265567790317775, 0.0], [31.535483236179772, 30.265568311218605, 0.0], [31.535484938740385, 30.26556873004617, 0.0], [31.535486670811157, 30.265569044760046, 0.0], [31.535488423953772, 30.265569253826882, 0.0], [31.535490189626483, 30.26556935622795, 0.0], [31.535491959227187, 30.26556935146451, 0.0], [31.535493724133996, 30.265569239559497, 0.0], [31.535495475749006, 30.26556902105857, 0.0], [31.53549720553816, 30.26556869702617, 0.0]]]]}}, {"type": "Feature", "properties": {"ID": "1-2", "Telecom_Type": "كابينة", "Number_OF_Boxs": 29.0, "Sectors": "القطاع السادس عشر", "Implementing_company": "المصرية للأتصالات", "Easting": "031° 32' 4.4\" E", "Northing": "30° 15' 57.91\" N", "Google_Map": "https://www.google.com/maps/search/?api=1&query=031° 32' 4.4\" E,30° 15' 57.91\" N", "Shape_Length": 13.362487253915134, "Shape_Area": 12.287539968232007}, "geometry": {"type": "MultiPolygon", "coordinates": [[[[31.5345745876888, 30.26608662330339, 0.0], [31.534567794267627, 30.2660648575387, 0.0], [31.534535165994107, 30.26607252981156, 0.0], [31.534541959408667, 30.266094295577993, 0.0], [31.534542307484926, 30.266095274011406, 0.0], [31.534542733338185, 30.26609622898608, 0.0], [31.534543234894432, 30.266097155850073, 0.0], [31.53454380970908, 30.266098050087695, 0.0], [31.53454445498305, 30.26609890734302, 0.0], [31.534545167572286, 30.266099723439954, 0.0], [31.534545944005536, 30.266100494402938, 0.0], [31.534546780500577, 30.266101216476176, 0.0], [31.534547672982224, 30.26610188614174, 0.0], [31.534548617103233, 30.266102500138107, 0.0], [31.534549608263845, 30.266103055473412, 0.0], [31.534550641635796, 30.266103549442988, 0.0], [31.534551712185177, 30.266103979640057, 0.0], [31.534552814696475, 30.266104343969136, 0.0], [31.534553943799157, 30.26610464065546, 0.0], [31.534555093992566, 30.266104868253404, 0.0], [31.53455625967382, 30.266105025654532, 0.0], [31.534557435164125, 30.266105112091914, 0.0], [31.53455861473731, 30.2661051271445, 0.0], [31.534559792646824, 30.266105070738938, 0.0], [31.534560963154767, 30.266104943150218, 0.0], [31.53456212055889, 30.26610474499945, 0.0], [31.534563259220768, 30.26610447725244, 0.0], [31.534564373593575, 30.266104141213283, 0.0], [31.534565458248775, 30.26610373851871, 0.0], [31.53456650790233, 30.266103271130937, 0.0], [31.534567517440724, 30.266102741326574, 0.0], [31.534568481946543, 30.266102151686532, 0.0], [31.53456939672077, 30.266101505083093, 0.0], [31.534570257307113, 30.26610080466653, 0.0], [31.534571059513357, 30.26610005384875, 0.0], [31.53457179943137, 30.26609925628752, 0.0], [31.534572473457093, 30.26609841586763, 0.0], [31.53457307830665, 30.26609753668385, 0.0], [31.534573611033792, 30.266096623018555, 0.0], [31.534574069042844, 30.26609567932289, 0.0], [31.534574450103122, 30.26609471019407, 0.0], [31.534574752358434, 30.266093720353094, 0.0], [31.53457497433559, 30.266092714622054, 0.0], [31.534575114953924, 30.266091697900208, 0.0], [31.534575173528527, 30.26609067514092, 0.0], [31.534575149773264, 30.266089651325927, 0.0], [31.53457504380429, 30.26608863144282, 0.0], [31.534574856138274, 30.266087620460336, 0.0], [31.5345745876888, 30.26608662330339, 0.0]]]]}}, {"type": "Feature", "properties": {"ID": "37", "Telecom_Type": "كابينة", "Number_OF_Boxs": null, "Sectors": "القطاع السادس عشر", "Implementing_company": "المصرية للأتصالات", "Easting": "031° 32' 0.01\" E", "Northing": "30° 15' 59.19\" N", "Google_Map": "https://www.google.com/maps/search/?api=1&query=031° 32' 0.01\" E,30° 15' 59.19\" N", "Shape_Length": 20.04433236862762, "Shape_Area": 27.64849026941793}, "geometry": {"type": "MultiPolygon", "coordinates": [[[[31.533332124838495, 30.266464228030646, 0.0], [31.533369959430082, 30.266456128965423, 0.0], [31.53335781975562, 30.26641339424663, 0.0], [31.53331998310097, 30.266421493316642, 0.0], [31.53331828074986, 30.26642191294325, 0.0], [31.533316616267278, 30.26642243462758, 0.0], [31.533314997763746, 30.266423055828476, 0.0], [31.533313433123784, 30.266423773518632, 0.0], [31.533311929970697, 30.266424584202245, 0.0], [31.533310495627738, 30.26642548392916, 0.0], [31.533309137082888, 30.26642646831595, 0.0], [31.533307860954906, 30.26642753256686, 0.0], [31.533306673461567, 30.266428671496737, 0.0], [31.533305580388173, 30.266429879557, 0.0], [31.533304587059877, 30.266431150861465, 0.0], [31.53330369831641, 30.266432479216764, 0.0], [31.533302918487784, 30.266433858150933, 0.0], [31.533302251373087, 30.266435280946034, 0.0], [31.53330170022302, 30.266436740669945, 0.0], [31.533301267722106, 30.26643823021087, 0.0], [31.53330095597805, 30.26643974231202, 0.0], [31.533300766509512, 30.26644126960605, 0.0], [31.533300700239526, 30.266442804652602, 0.0], [31.5333007574907, 30.266444339972253, 0.0], [31.53330093798484, 30.26644586808514, 0.0], [31.533301240841872, 30.266447381546595, 0.0], [31.533301664586542, 30.266448872982647, 0.0], [31.53330220715452, 30.266450335127175, 0.0], [31.533302865902147, 30.266451760856643, 0.0], [31.533303637620005, 30.266453143224616, 0.0], [31.53330451854853, 30.266454475496587, 0.0], [31.53330550439584, 30.266455751181308, 0.0], [31.533306590358706, 30.26645696406415, 0.0], [31.533307771146507, 30.266458108235398, 0.0], [31.533309041006213, 30.266459178121092, 0.0], [31.533310393750952, 30.266460168508505, 0.0], [31.533311822790584, 30.26646107457255, 0.0], [31.533313321162424, 30.26646189189858, 0.0], [31.533314881566685, 30.26646261650505, 0.0], [31.533316496401, 30.26646324486136, 0.0], [31.533318157797567, 30.266463773906366, 0.0], [31.5333198576627, 30.266464201062327, 0.0], [31.533321587713974, 30.266464524248324, 0.0], [31.533323339523026, 30.266464741889653, 0.0], [31.533325104554656, 30.266464852926074, 0.0], [31.53332687421016, 30.266464856816434, 0.0], [31.533328639866752, 30.266464753541893, 0.0], [31.53333039292356, 30.266464543605636, 0.0], [31.533332124838495, 30.266464228030646, 0.0]]]]}}, {"type": "Feature", "properties": {"ID": "1-1", "Telecom_Type": "كابينة", "Number_OF_Boxs": 36.0, "Sectors": "القطاع السادس عشر", "Implementing_company": "المصرية للأتصالات", "Easting": "031° 31' 48.17\" E", "Northing": "30° 15' 59.78\" N", "Google_Map": "https://www.google.com/maps/search/?api=1&query=031° 31' 48.17\" E,30° 15' 59.78\" N", "Shape_Length": 26.72559525599695, "Shape_Area": 49.15220716377406}, "geometry": {"type": "MultiPolygon", "coordinates": [[[[31.530084449663224, 30.266608223560823, 0.0], [31.530068668811776, 30.266565252472233, 0.0], [31.53000425377859, 30.26658307741619, 0.0], [31.530020034605084, 30.266626048512737, 0.0], [31.530020829287455, 30.26662797698855, 0.0], [31.530021777009075, 30.266629852648492, 0.0], [31.53002287315352, 30.26663166635396, 0.0], [31.53002411237974, 30.26663340926921, 0.0], [31.530025488650416, 30.266635072902744, 0.0], [31.530026995260997, 30.26663664914952, 0.0], [31.530028624871257, 30.26663813033045, 0.0], [31.530030369542015, 30.26663950922915, 0.0], [31.53003222077337, 30.26664077912822, 0.0], [31.530034169546166, 30.26664193384015, 0.0], [31.530036206366347, 30.26664296773987, 0.0], [31.53003832131099, 30.266643875790276, 0.0], [31.53004050407581, 30.266644653567486, 0.0], [31.530042744026982, 30.266645297282004, 0.0], [31.530045030252086, 30.266645803797644, 0.0], [31.530047351612108, 30.266646170647185, 0.0], [31.530049696798006, 30.266646396043193, 0.0], [31.53005205438452, 30.26664647888738, 0.0], [31.53005441288575, 30.266646418776443, 0.0], [31.53005676081085, 30.26664621600278, 0.0], [31.53005908672158, 30.266645871554864, 0.0], [31.530061379285986, 30.26664538711027, 0.0], [31.53006362733523, 30.26664476502964, 0.0], [31.530065819916846, 30.26664400834307, 0.0], [31.53006794634882, 30.266643120737744, 0.0], [31.530069996271916, 30.2666421065375, 0.0], [31.530071959698418, 30.266640970683472, 0.0], [31.53007382706342, 30.266639718709488, 0.0], [31.5300755892687, 30.266638356715244, 0.0], [31.530077237729596, 30.266636891335807, 0.0], [31.530078764414487, 30.26663532971046, 0.0], [31.530080161885817, 30.26663367944728, 0.0], [31.530081423335474, 30.266631948586376, 0.0], [31.530082542617443, 30.266630145559905, 0.0], [31.530083514278857, 30.266628279152272, 0.0], [31.530084333586046, 30.266626358456406, 0.0], [31.530084996547615, 30.26662439282954, 0.0], [31.530085499933016, 30.266622391848117, 0.0], [31.530085841290298, 30.266620365260433, 0.0], [31.530086018956656, 30.266618322940136, 0.0], [31.53008603206597, 30.266616274837173, 0.0], [31.530085880554715, 30.266614230929218, 0.0], [31.530085565160743, 30.266612201174162, 0.0], [31.53008508742141, 30.266610195460757, 0.0], [31.530084449663224, 30.266608223560823, 0.0]]]]}}, {"type": "Feature", "properties": {"ID": "1-2", "Telecom_Type": "كابينة", "Number_OF_Boxs": 37.0, "Sectors": "القطاع السادس عشر", "Implementing_company": "المصرية للأتصالات", "Easting": "031° 31' 43.0\" E", "Northing": "30° 15' 59.81\" N", "Google_Map": "https://www.google.com/maps/search/?api=1&query=031° 31' 43.0\" E,30° 15' 59.81\" N", "Shape_Length": 26.72556798920212, "Shape_Area": 49.152298656271256}, "geometry": {"type": "MultiPolygon", "coordinates": [[[[31.528648222628437, 30.266614838687445, 0.0], [31.52863253577868, 30.266571839980667, 0.0], [31.528568082491482, 30.26658955793277, 0.0], [31.52858376722824, 30.266632554851792, 0.0], [31.528584557619716, 30.26663448464609, 0.0], [31.528585501164855, 30.266636361881623, 0.0], [31.528586593267978, 30.266638177413007, 0.0], [31.528587828607897, 30.26663992239491, 0.0], [31.528589201166575, 30.266641588326557, 0.0], [31.528590704256853, 30.26664316709144, 0.0], [31.52859233055654, 30.26664465099907, 0.0], [31.52859407214255, 30.26664603281912, 0.0], [31.528595920530222, 30.2666473058207, 0.0], [31.52859786671462, 30.266648463801296, 0.0], [31.528599901214392, 30.26664950111982, 0.0], [31.52860201411777, 30.266650412722633, 0.0], [31.528604195131553, 30.266651194168748, 0.0], [31.52860643363027, 30.266651841651047, 0.0], [31.528608718708227, 30.26665235201493, 0.0], [31.528611039233173, 30.26665272277445, 0.0], [31.528613383900016, 30.266652952122953, 0.0], [31.52861574128621, 30.266653038943502, 0.0], [31.528618099906964, 30.26665298281271, 0.0], [31.52862044827164, 30.266652784004055, 0.0], [31.528622774939432, 30.266652443486564, 0.0], [31.528625068575725, 30.266651962918598, 0.0], [31.528627318006304, 30.26665134464183, 0.0], [31.52862951227237, 30.26665059166807, 0.0], [31.528631640684036, 30.266649707665803, 0.0], [31.52863369287195, 30.266648696941356, 0.0], [31.528635658838642, 30.26664756441908, 0.0], [31.528637529006357, 30.2666463156164, 0.0], [31.528639294263684, 30.26664495661711, 0.0], [31.528640946011215, 30.266643494041674, 0.0], [31.528642476201682, 30.266641935015663, 0.0], [31.52864387738062, 30.26664028713454, 0.0], [31.52864514272146, 30.266638558425985, 0.0], [31.52864626606004, 30.266636757311748, 0.0], [31.52864724192378, 30.266634892567062, 0.0], [31.528648065558453, 30.266632973275765, 0.0], [31.528648732951375, 30.266631008788966, 0.0], [31.528649240851102, 30.26662900867667, 0.0], [31.528649586783516, 30.266626982682958, 0.0], [31.528649769063364, 30.266624940678344, 0.0], [31.528649786802387, 30.266622892610677, 0.0], [31.528649639914274, 30.266620848457723, 0.0], [31.52864932911415, 30.266618818177996, 0.0], [31.528648855917595, 30.266616811662878, 0.0], [31.528648222628437, 30.266614838687445, 0.0]]]]}}, {"type": "Feature", "properties": {"ID": "38", "Telecom_Type": "كابينة", "Number_OF_Boxs": null, "Sectors": "القطاع السادس عشر", "Implementing_company": "المصرية للأتصالات", "Easting": "031° 31' 46.76\" E", "Northing": "30° 16' 0.2\" N", "Google_Map": "https://www.google.com/maps/search/?api=1&query=031° 31' 46.76\" E,30° 16' 0.2\" N", "Shape_Length": 26.725712599711017, "Shape_Area": 49.15262074584457}, "geometry": {"type": "MultiPolygon", "coordinates": [[[[31.529653330444035, 30.26675249028654, 0.0], [31.5297029485657, 30.266739109216623, 0.0], [31.5296828890847, 30.26668306485245, 0.0], [31.52963327098825, 30.26669644591456, 0.0], [31.529631043428314, 30.26669712142908, 0.0], [31.52962887558142, 30.266697930181408, 0.0], [31.529626778009966, 30.266698868231682, 0.0], [31.529624760933498, 30.266699931008883, 0.0], [31.52962283417899, 30.266701113335845, 0.0], [31.529621007134526, 30.266702409451504, 0.0], [31.529619288701173, 30.266703813041158, 0.0], [31.52961768725164, 30.26670531726629, 0.0], [31.529616210588316, 30.26670691479859, 0.0], [31.52961486590568, 30.266708597854283, 0.0], [31.529613659754915, 30.26671035823336, 0.0], [31.529612598013106, 30.26671218735903, 0.0], [31.52961168585284, 30.266714076319587, 0.0], [31.52961092771861, 30.266716015911708, 0.0], [31.52961032730344, 30.26671799668555, 0.0], [31.529609887533432, 30.26672000899067, 0.0], [31.529609610550914, 30.266722043022483, 0.0], [31.529609497705135, 30.26672408887126, 0.0], [31.529609549546286, 30.266726136569492, 0.0], [31.529609765821785, 30.266728176139992, 0.0], [31.52961014547744, 30.266730197646197, 0.0], [31.52961068666422, 30.266732191238876, 0.0], [31.529611386744673, 30.266734147205057, 0.0], [31.529612242308716, 30.266736056015027, 0.0], [31.5296132491872, 30.266737908368686, 0.0], [31.529614402474984, 30.26673969524108, 0.0], [31.529615696552977, 30.266741407926737, 0.0], [31.529617125116136, 30.266743038080783, 0.0], [31.529618681204397, 30.266744577761287, 0.0], [31.529620357236293, 30.2667460194662, 0.0], [31.52962214504639, 30.26674735617196, 0.0], [31.52962403592346, 30.26674858136553, 0.0], [31.52962602065563, 30.266749689077898, 0.0], [31.529628089572636, 30.266750673912064, 0.0], [31.5296302325946, 30.26675153106951, 0.0], [31.529632439280096, 30.266752256374406, 0.0], [31.529634698878397, 30.26675284629256, 0.0], [31.52963700038028, 30.266753297950288, 0.0], [31.529639332572323, 30.266753609147045, 0.0], [31.52964168409177, 30.266753778366237, 0.0], [31.52964404348202, 30.266753804783676, 0.0], [31.52964639924778, 30.26675368827048, 0.0], [31.529648739910787, 30.266753429394395, 0.0], [31.529651054068047, 30.26675302941679, 0.0], [31.529653330444035, 30.26675249028654, 0.0]]]]}}, {"type": "Feature", "properties": {"ID": "2-2", "Telecom_Type": "كابينة", "Number_OF_Boxs": 37.0, "Sectors": "القطاع السابع عشر", "Implementing_company": "المصرية للأتصالات", "Easting": "031° 31' 31.38\" E", "Northing": "30° 16' 0.45\" N", "Google_Map": "https://www.google.com/maps/search/?api=1&query=031° 31' 31.38\" E,30° 16' 0.45\" N", "Shape_Length": 26.726094573697537, "Shape_Area": 49.15395040422625}, "geometry": {"type": "MultiPolygon", "coordinates": [[[[31.525380906662484, 30.266823816375553, 0.0], [31.525430597123883, 30.266810631472378, 0.0], [31.52541083267675, 30.266754507677636, 0.0], [31.525361142240747, 30.26676769257311, 0.0], [31.5253589112054, 30.266768359303242, 0.0], [31.525356739183636, 30.266769159500058, 0.0], [31.52535463675899, 30.266770089265474, 0.0], [31.525352614173134, 30.266771144069043, 0.0], [31.525350681280102, 30.266772318772503, 0.0], [31.525348847496623, 30.266773607652404, 0.0], [31.5253471217571, 30.266775004429604, 0.0], [31.52534551246905, 30.26677650229914, 0.0], [31.525344027472553, 30.266778093963637, 0.0], [31.52534267400282, 30.266779771668727, 0.0], [31.525341458653354, 30.266781527240276, 0.0], [31.525340387345423, 30.26678335212589, 0.0], [31.525339465298583, 30.266785237434632, 0.0], [31.525338697004564, 30.26678717398134, 0.0], [31.525338086206776, 30.266789152331743, 0.0], [31.525337635880717, 30.26679116284708, 0.0], [31.52533734822029, 30.266793195732593, 0.0], [31.525337224627236, 30.266795241084, 0.0], [31.525337265703623, 30.26679728893657, 0.0], [31.52533747124933, 30.26679932931373, 0.0], [31.525337840262893, 30.2668013522746, 0.0], [31.52533837094677, 30.266803347963513, 0.0], [31.525339060714998, 30.266805306657773, 0.0], [31.525339906207694, 30.266807218814733, 0.0], [31.525340903305253, 30.266809075118395, 0.0], [31.525342047149888, 30.26681086652537, 0.0], [31.525343332169548, 30.266812584307818, 0.0], [31.525344752103067, 30.26681422009708, 0.0], [31.525346300032993, 30.26681576592337, 0.0], [31.525347968417723, 30.266817214256086, 0.0], [31.525349749129344, 30.266818558038345, 0.0], [31.52535163349207, 30.266819790723982, 0.0], [31.52535361232565, 30.266820906307473, 0.0], [31.525355675989292, 30.266821899353232, 0.0], [31.525357814429082, 30.26682276502384, 0.0], [31.5253600172268, 30.266823499101655, 0.0], [31.525362273650515, 30.266824098009852, 0.0], [31.525364572707005, 30.266824558831313, 0.0], [31.52536690319567, 30.26682487932068, 0.0], [31.52536925376258, 30.266825057916357, 0.0], [31.525371612956164, 30.266825093748327, 0.0], [31.525373969282114, 30.266824986642177, 0.0], [31.52537631126035, 30.266824737119283, 0.0], [31.525378627482286, 30.266824346396078, 0.0], [31.525380906662484, 30.266823816375553, 0.0]]]]}}, {"type": "Feature", "properties": {"ID": "39", "Telecom_Type": "كابينة", "Number_OF_Boxs": null, "Sectors": "القطاع الثاني و العشرون", "Implementing_company": "المصرية للأتصالات", "Easting": "031° 29' 45.66\" E", "Northing": "30° 16' 1.54\" N", "Google_Map": "https://www.google.com/maps/search/?api=1&query=031° 29' 45.66\" E,30° 16' 1.54\" N", "Shape_Length": 13.362485574238809, "Shape_Area": 12.287598286377447}, "geometry": {"type": "MultiPolygon", "coordinates": [[[[31.49602999358444, 30.267105743819826, 0.0], [31.49603103399511, 30.267105261023143, 0.0], [31.49603203307369, 30.26710471640563, 0.0], [31.49603298595198, 30.267104112620856, 0.0], [31.496033887988602, 30.267103452610364, 0.0], [31.496034734788832, 30.26710273958918, 0.0], [31.49603552222693, 30.267101977031444, 0.0], [31.496036246467252, 30.267101168652133, 0.0], [31.496036903980965, 30.267100318388977, 0.0], [31.496037491564845, 30.26709943038498, 0.0], [31.496038006356322, 30.267098508965947, 0.0], [31.49603844584795, 30.26709755862095, 0.0], [31.496038807897836, 30.267096583979534, 0.0], [31.49603909074279, 30.267095589790276, 0.0], [31.49603929300449, 30.267094580896593, 0.0], [31.496039413697673, 30.26709356221349, 0.0], [31.49603945223431, 30.267092538703913, 0.0], [31.49603940842699, 30.26709151535409, 0.0], [31.49603928248871, 30.26709049714971, 0.0], [31.49603907503313, 30.267089489050903, 0.0], [31.49603878707099, 30.267088495969105, 0.0], [31.496038420005064, 30.2670875227426, 0.0], [31.496037975623842, 30.26708657411237, 0.0], [31.496037456092125, 30.267085654699866, 0.0], [31.496036863940663, 30.267084768984716, 0.0], [31.496036202054984, 30.26708392128177, 0.0], [31.496035473659063, 30.267083115720727, 0.0], [31.496034682301666, 30.26708235622626, 0.0], [31.496033831838297, 30.26708164649799, 0.0], [31.496032926411882, 30.267080989994405, 0.0], [31.49603197043347, 30.267080389912913, 0.0], [31.496030968560813, 30.267079849177726, 0.0], [31.496029925674453, 30.267079370422724, 0.0], [31.496028846855324, 30.26707895598068, 0.0], [31.496027737358705, 30.267078607870282, 0.0], [31.49602660259033, 30.267078327787555, 0.0], [31.496025448078413, 30.26707811709718, 0.0], [31.49602427944773, 30.267077976825263, 0.0], [31.49602310239094, 30.267077907655672, 0.0], [31.49602192264299, 30.2670779099248, 0.0], [31.496020745950993, 30.267077983622247, 0.0], [31.496019578047644, 30.267078128388388, 0.0], [31.496018424622978, 30.267078343518058, 0.0], [31.496017291295658, 30.267078627963524, 0.0], [31.496016183587333, 30.26707898033882, 0.0], [31.496015106894745, 30.267079398927027, 0.0], [31.495991783172094, 30.267089332077646, 0.0], [31.496006669848093, 30.267115675169048, 0.0], [31.49602999358444, 30.267105743819826, 0.0]]]]}}, {"type": "Feature", "properties": {"ID": "40", "Telecom_Type": "كابينة", "Number_OF_Boxs": null, "Sectors": "القطاع السادس عشر", "Implementing_company": "المصرية للأتصالات", "Easting": "031° 31' 54.05\" E", "Northing": "30° 16' 2.25\" N", "Google_Map": "https://www.google.com/maps/search/?api=1&query=031° 31' 54.05\" E,30° 16' 2.25\" N", "Shape_Length": 26.725811082475975, "Shape_Area": 49.15291983342101}, "geometry": {"type": "MultiPolygon", "coordinates": [[[[31.531715683871194, 30.2672942869616, 0.0], [31.531699858611027, 30.26725132708511, 0.0], [31.531635460328022, 30.267269201473486, 0.0], [31.531651285553572, 30.2673121595539, 0.0], [31.531652082125163, 30.26731408746194, 0.0], [31.531653031687778, 30.26731596244093, 0.0], [31.53165412961547, 30.26731777535617, 0.0], [31.53165537055882, 30.267319517375128, 0.0], [31.53165674847198, 30.26732118001068, 0.0], [31.531658256641897, 30.26732275516305, 0.0], [31.53165988772136, 30.267324235157826, 0.0], [31.531661633763314, 30.267325612784926, 0.0], [31.531663486261536, 30.267326881332203, 0.0], [31.531665436190536, 30.26732803462011, 0.0], [31.53166747405088, 30.267329067029063, 0.0], [31.53166958991394, 30.267329973529908, 0.0], [31.531671773471327, 30.267330749706172, 0.0], [31.53167401408508, 30.267331391776025, 0.0], [31.53167630083927, 30.26733189661178, 0.0], [31.531678622592686, 30.267332261753644, 0.0], [31.53168096803433, 30.26733248542262, 0.0], [31.531683325737053, 30.267332566529213, 0.0], [31.53168568421429, 30.26733250467803, 0.0], [31.53168803197608, 30.267332300170775, 0.0], [31.531690357583887, 30.26733195400358, 0.0], [31.531692649707885, 30.267331467863027, 0.0], [31.53169489718083, 30.267330844117406, 0.0], [31.53169708905334, 30.26733008580556, 0.0], [31.531699214646867, 30.267329196622054, 0.0], [31.5317012636053, 30.267328180898897, 0.0], [31.531703225946867, 30.26732704358428, 0.0], [31.531705092110744, 30.2673257902197, 0.0], [31.531706853005282, 30.267324426911145, 0.0], [31.53170850005151, 30.26732296030045, 0.0], [31.53171002522501, 30.267321397532847, 0.0], [31.53171142109576, 30.26731974622219, 0.0], [31.531712680862885, 30.26731801441341, 0.0], [31.531713798388875, 30.267316210543882, 0.0], [31.531714768229328, 30.267314343401484, 0.0], [31.5317155856591, 30.26731242208324, 0.0], [31.531716246695897, 30.267310455949325, 0.0], [31.531716748119266, 30.267308454578888, 0.0], [31.53171708748636, 30.267306427722346, 0.0], [31.53171726314355, 30.267304385254132, 0.0], [31.531717274235383, 30.267302337125255, 0.0], [31.5317171207078, 30.267300293313895, 0.0], [31.531716803308104, 30.267298263777022, 0.0], [31.53171632358359, 30.267296258403007, 0.0], [31.531715683871194, 30.2672942869616, 0.0]]]]}}, {"type": "Feature", "properties": {"ID": "41", "Telecom_Type": "كابينة", "Number_OF_Boxs": null, "Sectors": "القطاع السادس عشر", "Implementing_company": "المصرية للأتصالات", "Easting": "031° 32' 2.43\" E", "Northing": "30° 16' 2.49\" N", "Google_Map": "https://www.google.com/maps/search/?api=1&query=031° 32' 2.43\" E,30° 16' 2.49\" N", "Shape_Length": 20.044345351446857, "Shape_Area": 27.648691595617475}, "geometry": {"type": "MultiPolygon", "coordinates": [[[[31.534024200125597, 30.267376399758103, 0.0], [31.53402588144988, 30.267375920591306, 0.0], [31.53402752017319, 30.267375340789986, 0.0], [31.534029108312442, 30.267374663179, 0.0], [31.534030638130076, 30.267373891059098, 0.0], [31.534032102174503, 30.26737302819187, 0.0], [31.534033493312705, 30.26737207878074, 0.0], [31.534034804767636, 30.26737104745114, 0.0], [31.534036030150936, 30.26736993922691, 0.0], [31.5340371634928, 30.267368759507093, 0.0], [31.53403819927224, 30.267367514038902, 0.0], [31.53403913244286, 30.267366208889452, 0.0], [31.53403995845882, 30.267364850416797, 0.0], [31.53404067329661, 30.26736344523957, 0.0], [31.534041273473083, 30.267362000202386, 0.0], [31.534041756065246, 30.267360522345452, 0.0], [31.53404211872138, 30.267359018868248, 0.0], [31.534042359675183, 30.26735749709475, 0.0], [31.534042477752372, 30.26735596443867, 0.0], [31.53404247237854, 30.267354428366183, 0.0], [31.53404234357927, 30.26735289636093, 0.0], [31.534042091982062, 30.26735137588576, 0.0], [31.534041718812524, 30.267349874348145, 0.0], [31.534041225889116, 30.26734839906259, 0.0], [31.534040615612795, 30.267346957216407, 0.0], [31.534039890956265, 30.267345555833398, 0.0], [31.534039055450517, 30.26734420174089, 0.0], [31.53403811316509, 30.267342901535272, 0.0], [31.53403706869087, 30.26734166155037, 0.0], [31.534035927115823, 30.267340487827283, 0.0], [31.534034694001225, 30.267339386083734, 0.0], [31.534033375354603, 30.26733836168667, 0.0], [31.53403197759985, 30.267337419627115, 0.0], [31.53403050754584, 30.26733656449398, 0.0], [31.534028972354353, 30.26733580045322, 0.0], [31.534027379504153, 30.26733513122724, 0.0], [31.5340257367551, 30.267334560075508, 0.0], [31.534024052109814, 30.26733408978114, 0.0], [31.534022333775436, 30.26733372263506, 0.0], [31.534020590122694, 30.267333460425558, 0.0], [31.534018829645948, 30.267333304430004, 0.0], [31.534017060921883, 30.267333255408897, 0.0], [31.53401529256653, 30.267333313600574, 0.0], [31.534013533194294, 30.267333478721426, 0.0], [31.53401179137727, 30.267333749967467, 0.0], [31.534010075600147, 30.2673341260171, 0.0], [31.533972646934405, 30.26734354962453, 0.0], [31.53398677143555, 30.267385821565643, 0.0], [31.534024200125597, 30.267376399758103, 0.0]]]]}}, {"type": "Feature", "properties": {"ID": "42", "Telecom_Type": "كابينة", "Number_OF_Boxs": null, "Sectors": "القطاع السادس عشر", "Implementing_company": "المصرية للأتصالات", "Easting": "031° 32' 9.38\" E", "Northing": "30° 16' 3.61\" N", "Google_Map": "https://www.google.com/maps/search/?api=1&query=031° 32' 9.38\" E,30° 16' 3.61\" N", "Shape_Length": 20.044002953128178, "Shape_Area": 27.647616073150708}, "geometry": {"type": "MultiPolygon", "coordinates": [[[[31.535947961502846, 30.26764624491096, 0.0], [31.535908996894307, 30.267645687888276, 0.0], [31.535908163081263, 30.267689696729473, 0.0], [31.535947125628827, 30.26769025376067, 0.0], [31.53594889496396, 30.267690225445655, 0.0], [31.535950657713716, 30.267690090067063, 0.0], [31.535952405290764, 30.267689848284636, 0.0], [31.535954129180155, 30.267689501275775, 0.0], [31.535955820984107, 30.267689050731217, 0.0], [31.535957472460574, 30.267688498845988, 0.0], [31.53595907556342, 30.267687848308782, 0.0], [31.535960622482662, 30.267687102288757, 0.0], [31.53596210568247, 30.26768626442067, 0.0], [31.535963517936615, 30.267685338786386, 0.0], [31.535964852364653, 30.267684329895435, 0.0], [31.535966102465935, 30.267683242662823, 0.0], [31.535967262149693, 30.26768208238543, 0.0], [31.53596832576663, 30.2676808547157, 0.0], [31.535969288134627, 30.267679565635056, 0.0], [31.535970144565724, 30.267678221423445, 0.0], [31.53597089088683, 30.267676828629437, 0.0], [31.53597152346256, 30.267675394038665, 0.0], [31.535972039211195, 30.2676739246404, 0.0], [31.535972435619577, 30.26767242759288, 0.0], [31.535972710756596, 30.267670910189832, 0.0], [31.535972863282332, 30.267669379823413, 0.0], [31.53597289245335, 30.267667843949432, 0.0], [31.535972798127492, 30.267666310050323, 0.0], [31.535972580764348, 30.2676647855993, 0.0], [31.535972241423107, 30.267663278022795, 0.0], [31.535971781756565, 30.26766179466579, 0.0], [31.535971204004365, 30.267660342754393, 0.0], [31.535970510981386, 30.267658929362725, 0.0], [31.535969706063586, 30.267657561376218, 0.0], [31.535968793172664, 30.267656245459314, 0.0], [31.535967776756074, 30.267654988023217, 0.0], [31.53596666176515, 30.267653795193937, 0.0], [31.53596545363267, 30.26765267278238, 0.0], [31.53596415824358, 30.26765162625696, 0.0], [31.535962781909426, 30.267650660716363, 0.0], [31.535961331335436, 30.267649780864065, 0.0], [31.53595981358817, 30.267648990986718, 0.0], [31.53595823606194, 30.267648294932812, 0.0], [31.5359566064422, 30.267647696092872, 0.0], [31.535954932668243, 30.267647197384623, 0.0], [31.535953222894488, 30.26764680123751, 0.0], [31.535951485450024, 30.267646509581414, 0.0], [31.535949728800425, 30.267646323837678, 0.0], [31.535947961502846, 30.26764624491096, 0.0]]]]}}, {"type": "Feature", "properties": {"ID": "2-1", "Telecom_Type": "كابينة", "Number_OF_Boxs": 36.0, "Sectors": "القطاع السابع عشر", "Implementing_company": "المصرية للأتصالات", "Easting": "031° 31' 27.59\" E", "Northing": "30° 16' 6.22\" N", "Google_Map": "https://www.google.com/maps/search/?api=1&query=031° 31' 27.59\" E,30° 16' 6.22\" N", "Shape_Length": 26.725162971779213, "Shape_Area": 49.15059566750992}, "geometry": {"type": "MultiPolygon", "coordinates": [[[[31.524365269679294, 30.268397924259975, 0.0], [31.524352355423666, 30.26835423742063, 0.0], [31.524286867229986, 30.268368823700747, 0.0], [31.524299781449162, 30.268412508742717, 0.0], [31.524300447282485, 30.268414473581572, 0.0], [31.524301269392538, 30.26841639331898, 0.0], [31.524302243773956, 30.26841825860242, 0.0], [31.524303365679597, 30.26842006034471, 0.0], [31.524304629643904, 30.268421789768155, 0.0], [31.5243060295092, 30.268423438447208, 0.0], [31.52430755845555, 30.268424998350405, 0.0], [31.524309209034726, 30.268426461878057, 0.0], [31.52431097320512, 30.268427821900094, 0.0], [31.52431284237223, 30.268429071791154, 0.0], [31.524314807430187, 30.268430205461755, 0.0], [31.52431685880546, 30.26843121738887, 0.0], [31.52431898650426, 30.268432102643086, 0.0], [31.524321180160996, 30.268432856911303, 0.0], [31.524323429088913, 30.26843347651887, 0.0], [31.52432572233155, 30.268433958447552, 0.0], [31.524328048716765, 30.268434300349163, 0.0], [31.52433039691123, 30.26843450055818, 0.0], [31.524332755475044, 30.268434558099276, 0.0], [31.524335112917797, 30.26843447269233, 0.0], [31.52433745775433, 30.268434244752864, 0.0], [31.524339778561675, 30.26843387539192, 0.0], [31.524342064033267, 30.268433366408296, 0.0], [31.524344303034948, 30.26843272028236, 0.0], [31.524346484658476, 30.268431940161395, 0.0], [31.524348598275633, 30.268431029846138, 0.0], [31.524350633589847, 30.268429993771246, 0.0], [31.524352580685076, 30.2684288369847, 0.0], [31.52435443007603, 30.268427565121485, 0.0], [31.524356172752434, 30.268426184377873, 0.0], [31.52435780022434, 30.26842470148088, 0.0], [31.52435930456379, 30.26842312365455, 0.0], [31.524360678441454, 30.2684214585858, 0.0], [31.524361915164537, 30.268419714386493, 0.0], [31.524363008707535, 30.268417899553477, 0.0], [31.524363953743332, 30.268416022928655, 0.0], [31.524364745668013, 30.268414093654258, 0.0], [31.524365380623557, 30.26841212112933, 0.0], [31.524365855516194, 30.268410114963462, 0.0], [31.52436616803284, 30.26840808493012, 0.0], [31.524366316650845, 30.26840604091923, 0.0], [31.524366300645948, 30.26840399288851, 0.0], [31.52436612009621, 30.268401950815683, 0.0], [31.524365775881755, 30.268399924649227, 0.0], [31.524365269679294, 30.268397924259975, 0.0]]]]}}, {"type": "Feature", "properties": {"ID": "1-4", "Telecom_Type": "كابينة", "Number_OF_Boxs": 32.0, "Sectors": "القطاع السادس عشر", "Implementing_company": "المصرية للأتصالات", "Easting": "031° 31' 59.72\" E", "Northing": "30° 16' 6.88\" N", "Google_Map": "https://www.google.com/maps/search/?api=1&query=031° 31' 59.72\" E,30° 16' 6.88\" N", "Shape_Length": 13.362563486344008, "Shape_Area": 12.287604480429316}, "geometry": {"type": "MultiPolygon", "coordinates": [[[[31.53326245937366, 30.268563828249267, 0.0], [31.533236480088128, 30.268563609129483, 0.0], [31.53323615205398, 30.268592950428456, 0.0], [31.533262131347215, 30.26859316954821, 0.0], [31.533263310682752, 30.268593143683926, 0.0], [31.53326448506736, 30.268593046476997, 0.0], [31.533265648779544, 30.268592878401165, 0.0], [31.533266796150784, 30.26859264027491, 0.0], [31.533267921591502, 30.2685923332585, 0.0], [31.533269019618665, 30.26859195884742, 0.0], [31.53327008488353, 30.26859151886569, 0.0], [31.533271112196744, 30.268591015456785, 0.0], [31.533272096553667, 30.268590451073194, 0.0], [31.533273033158707, 30.268589828463835, 0.0], [31.533273917449236, 30.2685891506622, 0.0], [31.53327474511768, 30.268588420970136, 0.0], [31.533275512131606, 30.268587642942347, 0.0], [31.53327621475504, 30.268586820369247, 0.0], [31.533276849564384, 30.26858595725739, 0.0], [31.53327741346794, 30.268585057812107, 0.0], [31.53327790371806, 30.268584126414606, 0.0], [31.533278317926626, 30.26858316760256, 0.0], [31.53327865407599, 30.268582186046753, 0.0], [31.533278910528526, 30.2685811865291, 0.0], [31.533279086034824, 30.26858017391808, 0.0], [31.53327917973976, 30.268579153147293, 0.0], [31.533279191187017, 30.268578129189507, 0.0], [31.53327912032084, 30.268577107032577, 0.0], [31.533278967486797, 30.26857609165601, 0.0], [31.53327873342885, 30.26857508800649, 0.0], [31.533278419287406, 30.26857410097316, 0.0], [31.533278026592658, 30.2685731353643, 0.0], [31.533277557258284, 30.2685721958842, 0.0], [31.533277013569865, 30.268571287109275, 0.0], [31.53327639817668, 30.268570413466886, 0.0], [31.53327571407612, 30.268569579213068, 0.0], [31.53327496460089, 30.268568788411365, 0.0], [31.533274153402182, 30.268568044914865, 0.0], [31.53327328443191, 30.268567352345322, 0.0], [31.533272361923395, 30.26856671407627, 0.0], [31.533271390370253, 30.26856613321732, 0.0], [31.533270374505506, 30.268565612598266, 0.0], [31.533269319278066, 30.268565154755034, 0.0], [31.5332682298287, 30.26856476191846, 0.0], [31.53326711146438, 30.268564436001743, 0.0], [31.53326596963336, 30.26856417859302, 0.0], [31.53326480989828, 30.268563990945694, 0.0], [31.53326363790821, 30.268563873974806, 0.0], [31.53326245937366, 30.268563828249267, 0.0]]]]}}, {"type": "Feature", "properties": {"ID": "43", "Telecom_Type": "كابينة", "Number_OF_Boxs": null, "Sectors": "القطاع السادس عشر", "Implementing_company": "المصرية للأتصالات", "Easting": "031° 31' 59.73\" E", "Northing": "30° 16' 7.27\" N", "Google_Map": "https://www.google.com/maps/search/?api=1&query=031° 31' 59.73\" E,30° 16' 7.27\" N", "Shape_Length": 20.043754040012892, "Shape_Area": 27.64710934055955}, "geometry": {"type": "MultiPolygon", "coordinates": [[[[31.533267540009938, 30.268707684013464, 0.0], [31.53326930779761, 30.268707613921467, 0.0], [31.533271065646204, 30.268707436963528, 0.0], [31.533272804992762, 30.268707154002104, 0.0], [31.533274517362802, 30.26870676641561, 0.0], [31.533276194414636, 30.268706276091947, 0.0], [31.533277827978328, 30.26870568541982, 0.0], [31.533279410095034, 30.268704997277148, 0.0], [31.53328093305777, 30.26870421501616, 0.0], [31.533282389447, 30.26870334244788, 0.0], [31.533283772167618, 30.26870238382335, 0.0], [31.533285074482965, 30.268701343812175, 0.0], [31.533286290049062, 30.268700227481528, 0.0], [31.533287412943896, 30.268699040269738, 0.0], [31.533288437697017, 30.268697787960363, 0.0], [31.533289359316047, 30.268696476654117, 0.0], [31.533290173311514, 30.26869511274, 0.0], [31.533290875717245, 30.26869370286192, 0.0], [31.533291463112114, 30.26869225388842, 0.0], [31.533291932633773, 30.26869077287906, 0.0], [31.533292281995273, 30.2686892670481, 0.0], [31.53329250949473, 30.26868774373211, 0.0], [31.53329261402345, 30.268686210351856, 0.0], [31.53329259507234, 30.26868467437778, 0.0], [31.53329245273383, 30.26868314329242, 0.0], [31.533292187701345, 30.268681624555168, 0.0], [31.53329180126633, 30.268680125564337, 0.0], [31.533291295310676, 30.26867865362294, 0.0], [31.53329067229994, 30.26867721590159, 0.0], [31.533289935268986, 30.2686758194045, 0.0], [31.533289087808104, 30.268674470935405, 0.0], [31.533288134046476, 30.26867317706307, 0.0], [31.533287078629982, 30.268671944090933, 0.0], [31.533285926700632, 30.268670778025868, 0.0], [31.533284683870285, 30.26866968454854, 0.0], [31.533283356193706, 30.26866866898594, 0.0], [31.533281950138594, 30.268667736285938, 0.0], [31.533280472555106, 30.26866689099191, 0.0], [31.533278930641448, 30.268666137222073, 0.0], [31.53327733190922, 30.268665478648526, 0.0], [31.533275684147263, 30.268664918479534, 0.0], [31.533273995383087, 30.268664459444434, 0.0], [31.53327227384342, 30.26866410377896, 0.0], [31.533270527915235, 30.268663853216196, 0.0], [31.533268766104666, 30.26866370897694, 0.0], [31.53326699699379, 30.26866367176363, 0.0], [31.53322802864634, 30.268664035853053, 0.0], [31.53322857371372, 30.268708046290765, 0.0], [31.533267540009938, 30.268707684013464, 0.0]]]]}}, {"type": "Feature", "properties": {"ID": "44", "Telecom_Type": "كابينة", "Number_OF_Boxs": null, "Sectors": "القطاع السادس عشر", "Implementing_company": "المصرية للأتصالات", "Easting": "031° 31' 58.15\" E", "Northing": "30° 16' 7.4\" N", "Google_Map": "https://www.google.com/maps/search/?api=1&query=031° 31' 58.15\" E,30° 16' 7.4\" N", "Shape_Length": 18.35763193251382, "Shape_Area": 23.191045344580388}, "geometry": {"type": "MultiPolygon", "coordinates": [[[[31.53285132446472, 30.268738531457537, 0.0], [31.532839133433157, 30.268709414209102, 0.0], [31.532838526998674, 30.268708109563473, 0.0], [31.532837817195404, 30.268706844815206, 0.0], [31.532837007481866, 30.26870562612608, 0.0], [31.532836101802474, 30.268704459433575, 0.0], [31.532835104569653, 30.268703350421536, 0.0], [31.53283402064212, 30.26870230449305, 0.0], [31.532832855300306, 30.268701326743614, 0.0], [31.532831614221763, 30.268700421937258, 0.0], [31.532830303453153, 30.268699594481568, 0.0], [31.5328289293801, 30.268698848408093, 0.0], [31.53282749869734, 30.268698187351397, 0.0], [31.532826018374582, 30.268697614532503, 0.0], [31.532824495624467, 30.26869713274192, 0.0], [31.53282293786508, 30.268696744326984, 0.0], [31.53282135268584, 30.268696451179846, 0.0], [31.532819747809853, 30.268696254728635, 0.0], [31.532818131055617, 30.26869615593085, 0.0], [31.532816510300368, 30.26869615526717, 0.0], [31.532814893439507, 30.268696252741552, 0.0], [31.532813288350685, 30.268696447878686, 0.0], [31.53281170285387, 30.26869673972794, 0.0], [31.53281014467295, 30.268697126867302, 0.0], [31.53280862139984, 30.268697607410974, 0.0], [31.532807140455542, 30.268698179017672, 0.0], [31.53280570905488, 30.26869883890259, 0.0], [31.53280433417187, 30.268699583850964, 0.0], [31.532803022504815, 30.268700410232942, 0.0], [31.53280178044359, 30.26870131402293, 0.0], [31.532800614039715, 30.268702290817664, 0.0], [31.53279952897606, 30.268703335858266, 0.0], [31.532798530538535, 30.268704444053444, 0.0], [31.532797623591748, 30.268705610004098, 0.0], [31.53279681255433, 30.268706828029675, 0.0], [31.532796101377144, 30.268708092196324, 0.0], [31.532795493525157, 30.268709396345017, 0.0], [31.532794991960234, 30.268710734122052, 0.0], [31.532794599125197, 30.268712099009893, 0.0], [31.532794316934478, 30.26871348435879, 0.0], [31.53279414676268, 30.268714883419758, 0.0], [31.53279408943902, 30.268716289376215, 0.0], [31.532794145242807, 30.268717695379095, 0.0], [31.532794313901718, 30.268719094577786, 0.0], [31.532794594594204, 30.268720480156123, 0.0], [31.53279498595351, 30.26872184536309, 0.0], [31.5327954860722, 30.268723183548133, 0.0], [31.532807677092716, 30.268752300800706, 0.0], [31.53285132446472, 30.268738531457537, 0.0]]]]}}, {"type": "Feature", "properties": {"ID": "45", "Telecom_Type": "كابينة", "Number_OF_Boxs": null, "Sectors": "القطاع الثاني و العشرون", "Implementing_company": "المصرية للأتصالات", "Easting": "031° 29' 50.35\" E", "Northing": "30° 16' 8.31\" N", "Google_Map": "https://www.google.com/maps/search/?api=1&query=031° 29' 50.35\" E,30° 16' 8.31\" N", "Shape_Length": 13.36297559309958, "Shape_Area": 12.288294699830798}, "geometry": {"type": "MultiPolygon", "coordinates": [[[[31.497332471951204, 30.268985496243562, 0.0], [31.49733351242332, 30.268985013459428, 0.0], [31.49733451156184, 30.268984468850473, 0.0], [31.49733546449964, 30.26898386507062, 0.0], [31.497336366593075, 30.268983205060742, 0.0], [31.49733721344744, 30.268982492036734, 0.0], [31.497338000936598, 30.268981729472497, 0.0], [31.497338725224605, 30.26898092108332, 0.0], [31.497339382781988, 30.268980070807793, 0.0], [31.49733997040552, 30.268979182788094, 0.0], [31.49734048523203, 30.268978261351194, 0.0], [31.497340924753757, 30.268977310985864, 0.0], [31.497341286828522, 30.26897633632279, 0.0], [31.49734156969289, 30.268975342110046, 0.0], [31.497341771968554, 30.268974333191785, 0.0], [31.497341892670285, 30.268973314483627, 0.0], [31.49734193120951, 30.26897229094852, 0.0], [31.497341887398893, 30.268971267573185, 0.0], [31.497341761451814, 30.26897024934337, 0.0], [31.49734155398167, 30.2689692412202, 0.0], [31.49734126599933, 30.26896824811516, 0.0], [31.49734089890794, 30.268967274866704, 0.0], [31.4973404544961, 30.26896632621674, 0.0], [31.49733993492904, 30.26896540678658, 0.0], [31.497339342737614, 30.268964521056382, 0.0], [31.49733868080776, 30.268963673340707, 0.0], [31.497337952363576, 30.26896286777029, 0.0], [31.49733716095459, 30.268962108269783, 0.0], [31.497336310436722, 30.26896139853903, 0.0], [31.49733540495301, 30.268960742036427, 0.0], [31.49733444891588, 30.268960141960182, 0.0], [31.497333446982307, 30.268959601233934, 0.0], [31.49733240403449, 30.26895912249202, 0.0], [31.497331325153176, 30.26895870806716, 0.0], [31.497330215595003, 30.268958359977994, 0.0], [31.49732908076584, 30.268958079921045, 0.0], [31.497327926194362, 30.268957869260085, 0.0], [31.497326757505423, 30.268957729022, 0.0], [31.497325580393674, 30.268957659889793, 0.0], [31.497324400593246, 30.268957662200343, 0.0], [31.497323223852597, 30.268957735942056, 0.0], [31.497322055904828, 30.268957880756098, 0.0], [31.497320902440098, 30.268958095937002, 0.0], [31.497319769078054, 30.268958380435862, 0.0], [31.497318661340756, 30.268958732867077, 0.0], [31.49731758462487, 30.268959151513425, 0.0], [31.497294258507754, 30.268969083100504, 0.0], [31.497309147907824, 30.268995427825445, 0.0], [31.497332471951204, 30.268985496243562, 0.0]]]]}}, {"type": "Feature", "properties": {"ID": "46", "Telecom_Type": "كابينة", "Number_OF_Boxs": null, "Sectors": "القطاع السادس عشر", "Implementing_company": "المصرية للأتصالات", "Easting": "031° 31' 54.74\" E", "Northing": "30° 16' 8.92\" N", "Google_Map": "https://www.google.com/maps/search/?api=1&query=031° 31' 54.74\" E,30° 16' 8.92\" N", "Shape_Length": 18.35769817444481, "Shape_Area": 23.191193359072063}, "geometry": {"type": "MultiPolygon", "coordinates": [[[[31.531871802133193, 30.269165052686517, 0.0], [31.53190534711566, 30.269154470959776, 0.0], [31.531889484335643, 30.2691165843833, 0.0], [31.531855939364203, 30.269127166105903, 0.0], [31.53185443630335, 30.269127692473567, 0.0], [31.531852979205453, 30.269128308569247, 0.0], [31.531851575169863, 30.269129011391325, 0.0], [31.531850231035975, 30.269129797515745, 0.0], [31.531848953353055, 30.26913066311209, 0.0], [31.53184774834587, 30.269131603963263, 0.0], [31.53184662188508, 30.269132615485844, 0.0], [31.53184557945948, 30.269133692751392, 0.0], [31.531844626147002, 30.26913483051138, 0.0], [31.53184376659226, 30.269136023223005, 0.0], [31.53184300498348, 30.269137265074974, 0.0], [31.531842345030935, 30.269138550017203, 0.0], [31.531841789950118, 30.269139871789307, 0.0], [31.531841342445112, 30.269141223951515, 0.0], [31.531841004696172, 30.269142599916425, 0.0], [31.53184077834891, 30.26914399298026, 0.0], [31.531840664506255, 30.269145396355672, 0.0], [31.53184066372295, 30.26914680320564, 0.0], [31.53184077600239, 30.26914820667607, 0.0], [31.531841000797666, 30.269149599929023, 0.0], [31.531841337013674, 30.269150976176675, 0.0], [31.53184178301253, 30.269152328714007, 0.0], [31.531842336621153, 30.26915365095142, 0.0], [31.531842995142277, 30.269154936446817, 0.0], [31.5318437553674, 30.26915617893734, 0.0], [31.53184461359355, 30.269157372369687, 0.0], [31.53184556563841, 30.269158510929067, 0.0], [31.53184660686428, 30.269159589068977, 0.0], [31.531847732198003, 30.26916060153628, 0.0], [31.53184893615721, 30.26916154339814, 0.0], [31.531850212876048, 30.269162410066283, 0.0], [31.531851556134225, 30.269163197317862, 0.0], [31.531852959387347, 30.269163901317643, 0.0], [31.531854415798996, 30.269164518635662, 0.0], [31.531855918273347, 30.269165046264234, 0.0], [31.531857459490485, 30.269165481632914, 0.0], [31.531859031941554, 30.269165822620153, 0.0], [31.531860627965287, 30.269166067565244, 0.0], [31.53186223978588, 30.26916621527469, 0.0], [31.531863859551102, 30.269166265028385, 0.0], [31.531865479368857, 30.269166216584424, 0.0], [31.53186709134744, 30.2691660701788, 0.0], [31.531868687633057, 30.269165826524212, 0.0], [31.53187026044945, 30.269165486808646, 0.0], [31.531871802133193, 30.269165052686517, 0.0]]]]}}, {"type": "Feature", "properties": {"ID": "1-7", "Telecom_Type": "كابينة", "Number_OF_Boxs": 32.0, "Sectors": "القطاع السادس عشر", "Implementing_company": "المصرية للأتصالات", "Easting": "031° 32' 10.9\" E", "Northing": "30° 16' 11.64\" N", "Google_Map": "https://www.google.com/maps/search/?api=1&query=031° 32' 10.9\" E,30° 16' 11.64\" N", "Shape_Length": 13.362657990221255, "Shape_Area": 12.287813504696917}, "geometry": {"type": "MultiPolygon", "coordinates": [[[[31.53637950613862, 30.269885151243717, 0.0], [31.536353528270514, 30.269885257476062, 0.0], [31.536352349384824, 30.269885297956122, 0.0], [31.53635117662467, 30.269885409718842, 0.0], [31.536350015702862, 30.269885592219246, 0.0], [31.536348872275745, 30.269885844568133, 0.0], [31.536347751913958, 30.269886165536096, 0.0], [31.536346660076372, 30.2698865535596, 0.0], [31.536345602081905, 30.269887006747705, 0.0], [31.5363445830852, 30.2698875228932, 0.0], [31.536343608051247, 30.26988809948106, 0.0], [31.536342681729696, 30.269888733701926, 0.0], [31.53634180863424, 30.269889422466203, 0.0], [31.536340993018545, 30.269890162417923, 0.0], [31.536340238855836, 30.269890949952448, 0.0], [31.536339549821086, 30.26989178123255, 0.0], [31.53633892927064, 30.269892652208252, 0.0], [31.53633838022783, 30.269893558636372, 0.0], [31.536337905368107, 30.269894496100616, 0.0], [31.536337507004706, 30.2698954600335, 0.0], [31.536337187078527, 30.269896445739228, 0.0], [31.536336947148268, 30.269897448414948, 0.0], [31.53633678838262, 30.2698984631758, 0.0], [31.53633671155566, 30.269899485077776, 0.0], [31.536336717040836, 30.269900509142488, 0.0], [31.536336804812297, 30.26990153038027, 0.0], [31.536336974441976, 30.269902543816023, 0.0], [31.53633722510339, 30.269903544511724, 0.0], [31.536337555575535, 30.269904527592576, 0.0], [31.53633796424794, 30.269905488268684, 0.0], [31.536338449130366, 30.269906421859496, 0.0], [31.536339007859493, 30.269907323816916, 0.0], [31.536339637713905, 30.269908189746225, 0.0], [31.536340335624672, 30.269909015428837, 0.0], [31.53634109819132, 30.26990979684217, 0.0], [31.536341921699247, 30.269910530178887, 0.0], [31.536342802135636, 30.269911211866248, 0.0], [31.53634373521152, 30.269911838582928, 0.0], [31.53634471638081, 30.269912407275843, 0.0], [31.536345740862917, 30.269912915174064, 0.0], [31.53634680366703, 30.26991335980329, 0.0], [31.536347899614757, 30.26991373899717, 0.0], [31.53634902336688, 30.269914050908383, 0.0], [31.536350169448408, 30.26991429401705, 0.0], [31.53635133227531, 30.269914467139067, 0.0], [31.536352506182713, 30.269914569430515, 0.0], [31.536353685451292, 30.269914600393694, 0.0], [31.53637966540551, 30.269914494152715, 0.0], [31.53637950613862, 30.269885151243717, 0.0]]]]}}, {"type": "Feature", "properties": {"ID": "47", "Telecom_Type": "كابينة", "Number_OF_Boxs": null, "Sectors": "القطاع الثاني و العشرون", "Implementing_company": "المصرية للأتصالات", "Easting": "031° 29' 32.98\" E", "Northing": "30° 16' 13.3\" N", "Google_Map": "https://www.google.com/maps/search/?api=1&query=031° 29' 32.98\" E,30° 16' 13.3\" N", "Shape_Length": 13.362668452158376, "Shape_Area": 12.287834133391717}, "geometry": {"type": "MultiPolygon", "coordinates": [[[[31.49251156741179, 30.270369513165555, 0.0], [31.492515598765305, 30.270347235457727, 0.0], [31.49248220226955, 30.27034268281338, 0.0], [31.49247817090864, 30.270364960520265, 0.0], [31.49247802868806, 30.27036597710199, 0.0], [31.49247796850986, 30.27036699981838, 0.0], [31.49247799066734, 30.27036802368768, 0.0], [31.49247809505164, 30.27036904372109, 0.0], [31.492478281154852, 30.270370054949687, 0.0], [31.492478548070373, 30.270371052447018, 0.0], [31.49247889449763, 30.270372031353464, 0.0], [31.492479318749098, 30.270372986900377, 0.0], [31.492479818757776, 30.27037391443265, 0.0], [31.492480392088154, 30.27037480943117, 0.0], [31.492481035946874, 30.270375667536115, 0.0], [31.492481747197072, 30.27037648456702, 0.0], [31.49248252237426, 30.270377256543455, 0.0], [31.492483357701634, 30.27037797970488, 0.0], [31.49248424910963, 30.27037865052772, 0.0], [31.492485192255895, 30.27037926574447, 0.0], [31.492486182545413, 30.270379822357715, 0.0], [31.492487215153876, 30.270380317655597, 0.0], [31.49248828505095, 30.27038074922564, 0.0], [31.4924893870242, 30.27038111496504, 0.0], [31.49249051570513, 30.270381413092192, 0.0], [31.492491665595278, 30.270381642154582, 0.0], [31.492492831092825, 30.270381801036333, 0.0], [31.49249400651933, 30.27038188896355, 0.0], [31.49249518614913, 30.270381905507726, 0.0], [31.492496364234764, 30.270381850588286, 0.0], [31.492497535037305, 30.27038172447275, 0.0], [31.49249869285299, 30.270381527775537, 0.0], [31.492499832041172, 30.27038126145477, 0.0], [31.49250094705198, 30.270380926808173, 0.0], [31.492502032453725, 30.27038052546596, 0.0], [31.492503082958184, 30.270380059383246, 0.0], [31.49250409344809, 30.270379530830755, 0.0], [31.492505059000358, 30.270378942383275, 0.0], [31.492505974911083, 30.27037829690752, 0.0], [31.49250683671839, 30.270377597548418, 0.0], [31.492507640224044, 30.27037684771273, 0.0], [31.492508381512867, 30.270376051053542, 0.0], [31.492509056974356, 30.270375211451817, 0.0], [31.492509663317094, 30.270374332997818, 0.0], [31.49251019758793, 30.27037341997143, 0.0], [31.492510657183278, 30.27037247682028, 0.0], [31.492511039864475, 30.270371508139153, 0.0], [31.492511343767713, 30.270370518647447, 0.0], [31.49251156741179, 30.270369513165555, 0.0]]]]}}, {"type": "Feature", "properties": {"ID": "1-5", "Telecom_Type": "كابينة", "Number_OF_Boxs": 17.0, "Sectors": "القطاع السادس عشر", "Implementing_company": "المصرية للأتصالات", "Easting": "031° 32' 1.49\" E", "Northing": "30° 16' 14.56\" N", "Google_Map": "https://www.google.com/maps/search/?api=1&query=031° 32' 1.49\" E,30° 16' 14.56\" N", "Shape_Length": 13.36297805510928, "Shape_Area": 12.28833406339983}, "geometry": {"type": "MultiPolygon", "coordinates": [[[[31.533763754944083, 30.270705038748833, 0.0], [31.533763708303262, 30.270704015449198, 0.0], [31.533763579535762, 30.27070299746705, 0.0], [31.533763369268833, 30.2707019897617, 0.0], [31.533763078527176, 30.270700997242788, 0.0], [31.53376270872691, 30.27070002474631, 0.0], [31.533762261670145, 30.270699077010367, 0.0], [31.533761739534977, 30.270698158652912, 0.0], [31.533761144865387, 30.27069727414797, 0.0], [31.533760480558836, 30.270696427805188, 0.0], [31.53375974985179, 30.270695623748452, 0.0], [31.533758956304535, 30.270694865894914, 0.0], [31.533758103783672, 30.270694157937072, 0.0], [31.533757196442195, 30.270693503324622, 0.0], [31.53375623870148, 30.270692905246428, 0.0], [31.533755235227652, 30.270692366617006, 0.0], [31.533754190910052, 30.27069189006037, 0.0], [31.533753110836564, 30.270691477898463, 0.0], [31.533752000269843, 30.270691132139486, 0.0], [31.533750864620714, 30.270690854468253, 0.0], [31.53374970942241, 30.270690646237295, 0.0], [31.53374854030297, 30.270690508461147, 0.0], [31.53374736295887, 30.270690441811556, 0.0], [31.53374618312655, 30.27069044661276, 0.0], [31.533745006554497, 30.27069052284139, 0.0], [31.533743838974736, 30.270690670126477, 0.0], [31.53374268607659, 30.270690887749986, 0.0], [31.533741553476858, 30.270691174651628, 0.0], [31.533740446693947, 30.27069152943389, 0.0], [31.533739371120216, 30.270691950367986, 0.0], [31.533738331996446, 30.270692435402957, 0.0], [31.533737334385144, 30.270692982175596, 0.0], [31.53373638314716, 30.270693588022187, 0.0], [31.533735482916896, 30.270694249990385, 0.0], [31.533734638081057, 30.27069496485543, 0.0], [31.53373385275524, 30.270695729134044, 0.0], [31.533733130765988, 30.27069653910238, 0.0], [31.533732475631073, 30.270697390814487, 0.0], [31.533731890542306, 30.270698280120335, 0.0], [31.533731378350463, 30.27069920268689, 0.0], [31.533730941551067, 30.27070015401959, 0.0], [31.533730582272252, 30.27070112948298, 0.0], [31.53373030226486, 30.270702124324515, 0.0], [31.533730102892715, 30.270703133696863, 0.0], [31.533729985126893, 30.270704152682256, 0.0], [31.533729949542334, 30.27070517631651, 0.0], [31.533730073419136, 30.270727726967436, 0.0], [31.533763878828623, 30.270727589399648, 0.0], [31.533763754944083, 30.270705038748833, 0.0]]]]}}, {"type": "Feature", "properties": {"ID": "48", "Telecom_Type": "كابينة", "Number_OF_Boxs": null, "Sectors": "القطاع السابع عشر", "Implementing_company": "المصرية للأتصالات", "Easting": "031° 31' 28.08\" E", "Northing": "30° 16' 15.24\" N", "Google_Map": "https://www.google.com/maps/search/?api=1&query=031° 31' 28.08\" E,30° 16' 15.24\" N", "Shape_Length": 18.35739541658275, "Shape_Area": 23.190339858535005}, "geometry": {"type": "MultiPolygon", "coordinates": [[[[31.52449039465358, 30.27090087326682, 0.0], [31.524479280736823, 30.270871433404768, 0.0], [31.52443514672389, 30.27088398595582, 0.0], [31.524446262707453, 30.270913425813408, 0.0], [31.524446820906686, 30.27091474651649, 0.0], [31.52444748388108, 30.270916030205388, 0.0], [31.524448248402315, 30.270917270627095, 0.0], [31.524449110744765, 30.27091846173839, 0.0], [31.52445006670791, 30.270919597736764, 0.0], [31.52445111163433, 30.270920673087677, 0.0], [31.52445224043389, 30.27092168255308, 0.0], [31.52445344760755, 30.270922621214954, 0.0], [31.524454727274286, 30.270923484500337, 0.0], [31.52445607320013, 30.27092426820409, 0.0], [31.524457478827987, 30.270924968507895, 0.0], [31.5244589373108, 30.270925582000217, 0.0], [31.524460441542704, 30.27092610569241, 0.0], [31.524461984196225, 30.270926537033233, 0.0], [31.524463557755823, 30.27092687392173, 0.0], [31.52446515455596, 30.27092711471615, 0.0], [31.524466766817483, 30.27092725824351, 0.0], [31.52446838668603, 30.27092730380507, 0.0], [31.524470006270377, 30.270927251178303, 0.0], [31.524471617680685, 30.270927100620085, 0.0], [31.52447321306643, 30.270926852863447, 0.0], [31.5244747846558, 30.270926509115583, 0.0], [31.52447632479224, 30.270926071051043, 0.0], [31.52447782597339, 30.27092554080418, 0.0], [31.524479280885668, 30.27092492095765, 0.0], [31.52448068244149, 30.27092421453133, 0.0], [31.52448202381315, 30.270923424966917, 0.0], [31.52448329846532, 30.270922556110396, 0.0], [31.52448450018931, 30.27092161219486, 0.0], [31.524485623130168, 30.27092059781843, 0.0], [31.524486661817935, 30.270919517922835, 0.0], [31.524487611191894, 30.27091837776921, 0.0], [31.524488466627126, 30.270917182911486, 0.0], [31.52448922395694, 30.270915939170717, 0.0], [31.524489879491362, 30.270914652606052, 0.0], [31.524490430037016, 30.270913329484806, 0.0], [31.524490872911944, 30.27091197625305, 0.0], [31.524491205958324, 30.27091059950307, 0.0], [31.52449142755417, 30.27090920594194, 0.0], [31.52449153661964, 30.270907802358234, 0.0], [31.524491532623564, 30.27090639558986, 0.0], [31.524491415585366, 30.27090499249037, 0.0], [31.52449118607491, 30.270903599894215, 0.0], [31.524490845210916, 30.270902224586553, 0.0], [31.52449039465358, 30.27090087326682, 0.0]]]]}}, {"type": "Feature", "properties": {"ID": "49", "Telecom_Type": "كابينة", "Number_OF_Boxs": null, "Sectors": "القطاع الثاني و العشرون", "Implementing_company": "المصرية للأتصالات", "Easting": "031° 29' 53.28\" E", "Northing": "30° 16' 15.66\" N", "Google_Map": "https://www.google.com/maps/search/?api=1&query=031° 29' 53.28\" E,30° 16' 15.66\" N", "Shape_Length": 13.362679953566268, "Shape_Area": 12.287944574196553}, "geometry": {"type": "MultiPolygon", "coordinates": [[[[31.49814349996906, 30.27102839372828, 0.0], [31.498144622193927, 30.271028077779363, 0.0], [31.49814571629468, 30.271027694653775, 0.0], [31.498146776941663, 30.271027246218107, 0.0], [31.498147798967505, 30.27102673465679, 0.0], [31.498148777393688, 30.271026162461848, 0.0], [31.49814970745348, 30.27102553242091, 0.0], [31.498150584616326, 30.271024847603442, 0.0], [31.49815140460884, 30.271024111345262, 0.0], [31.498152163436455, 30.271023327233188, 0.0], [31.498152857402395, 30.271022499087113, 0.0], [31.498153483126337, 30.271021630941355, 0.0], [31.498154037559384, 30.27102072702517, 0.0], [31.49815451800132, 30.271019791742045, 0.0], [31.49815492211105, 30.271018829648444, 0.0], [31.4981552479204, 30.271017845430848, 0.0], [31.498155493841786, 30.271016843884254, 0.0], [31.498155658677362, 30.27101582988765, 0.0], [31.498155741624146, 30.271014808380645, 0.0], [31.498155742277955, 30.271013784339782, 0.0], [31.498155660635742, 30.27101276275374, 0.0], [31.498155497094917, 30.27101174859927, 0.0], [31.498155252452776, 30.27101074681661, 0.0], [31.498154927900636, 30.271009762286145, 0.0], [31.498154525019622, 30.271008799804033, 0.0], [31.498154045772498, 30.271007864059293, 0.0], [31.49815349249398, 30.27100695961025, 0.0], [31.498152867879426, 30.27100609086301, 0.0], [31.498152174971455, 30.27100526204979, 0.0], [31.49815141714591, 30.27100447720827, 0.0], [31.498150598094327, 30.27100374016145, 0.0], [31.498149721806953, 30.27100305450031, 0.0], [31.49814879255239, 30.271002423564923, 0.0], [31.498147814858097, 30.271001850428924, 0.0], [31.498146793486402, 30.271001337884567, 0.0], [31.49814573341308, 30.27100088842842, 0.0], [31.498144639802558, 30.27100050425037, 0.0], [31.4981435179824, 30.271000187221713, 0.0], [31.498142373417267, 30.27099993888681, 0.0], [31.498141211683524, 30.27099976045575, 0.0], [31.49814003844034, 30.270999652797393, 0.0], [31.498138859403085, 30.27099961643658, 0.0], [31.498137680315722, 30.270999651550177, 0.0], [31.498136506921984, 30.270999757967267, 0.0], [31.49813534493842, 30.2709999351695, 0.0], [31.498134200025714, 30.27100018229319, 0.0], [31.498109221053262, 30.271006387624627, 0.0], [31.49811852098101, 30.27103459725746, 0.0], [31.49814349996906, 30.27102839372828, 0.0]]]]}}, {"type": "Feature", "properties": {"ID": "C2", "Telecom_Type": "كابينة", "Number_OF_Boxs": 82.0, "Sectors": "القطاع السادس عشر", "Implementing_company": "المصرية للأتصالات", "Easting": "031° 31' 48.38\" E", "Northing": "30° 16' 15.44\" N", "Google_Map": "https://www.google.com/maps/search/?api=1&query=031° 31' 48.38\" E,30° 16' 15.44\" N", "Shape_Length": 18.357239575097783, "Shape_Area": 23.19031166221867}, "geometry": {"type": "MultiPolygon", "coordinates": [[[[31.530123360219434, 30.27097056813671, 0.0], [31.530136203887842, 30.270941665172305, 0.0], [31.53009287528911, 30.270927158584747, 0.0], [31.530080029531337, 30.270956061553512, 0.0], [31.530079499356468, 30.27095739102568, 0.0], [31.530079077317374, 30.270958749360993, 0.0], [31.53007876547167, 30.270960129941102, 0.0], [31.530078565337185, 30.270961526040313, 0.0], [31.530078477889564, 30.270962930856335, 0.0], [31.53007850355515, 30.270964337544918, 0.0], [31.530078642208288, 30.27096573925299, 0.0], [31.530078893174014, 30.270967129150947, 0.0], [31.530079255229488, 30.27096850046756, 0.0], [31.530079726610374, 30.270969846521737, 0.0], [31.53008030502055, 30.270971160754957, 0.0], [31.530080987641973, 30.270972436764833, 0.0], [31.53008177114871, 30.27097366833438, 0.0], [31.530082651723514, 30.27097484946312, 0.0], [31.530083625076347, 30.27097597439689, 0.0], [31.530084686464853, 30.27097703765509, 0.0], [31.530085830717795, 30.270978034057023, 0.0], [31.530087052260882, 30.270978958748604, 0.0], [31.530088345142023, 30.270979807224375, 0.0], [31.53008970306293, 30.27098057535071, 0.0], [31.530091119407224, 30.270981259385334, 0.0], [31.53009258727483, 30.270981855995732, 0.0], [31.530094099513995, 30.270982362274914, 0.0], [31.53009564875698, 30.270982775756323, 0.0], [31.53009722745605, 30.27098309442543, 0.0], [31.530098827920067, 30.270983316729904, 0.0], [31.53010044235075, 30.27098344158645, 0.0], [31.530102062883046, 30.270983468387012, 0.0], [31.53010368162158, 30.27098339700087, 0.0], [31.530105290679753, 30.270983227775492, 0.0], [31.530106882218146, 30.270982961535918, 0.0], [31.530108448482846, 30.2709825995788, 0.0], [31.530109981842926, 30.27098214366794, 0.0], [31.530111474827894, 30.270981596024463, 0.0], [31.53011292016384, 30.270980959316635, 0.0], [31.53011431080898, 30.27098023664617, 0.0], [31.53011563998795, 30.27097943153391, 0.0], [31.530116901225206, 30.27097854790276, 0.0], [31.53011808837588, 30.27097759005785, 0.0], [31.530119195655942, 30.270976562665272, 0.0], [31.530120217671005, 30.270975470730967, 0.0], [31.53012114944153, 30.27097431957479, 0.0], [31.530121986427712, 30.270973114805034, 0.0], [31.53012272455295, 30.270971862291532, 0.0], [31.530123360219434, 30.27097056813671, 0.0]]]]}}, {"type": "Feature", "properties": {"ID": "C1", "Telecom_Type": "كابينة", "Number_OF_Boxs": 67.0, "Sectors": "القطاع السابع عشر", "Implementing_company": "المصرية للأتصالات", "Easting": "031° 31' 33.16\" E", "Northing": "30° 16' 16.12\" N", "Google_Map": "https://www.google.com/maps/search/?api=1&query=031° 31' 33.16\" E,30° 16' 16.12\" N", "Shape_Length": 18.357518818036457, "Shape_Area": 23.190946528540948}, "geometry": {"type": "MultiPolygon", "coordinates": [[[[31.525894548924747, 30.271127670471273, 0.0], [31.525861544484016, 30.271115874131485, 0.0], [31.525843861759782, 30.271153149038597, 0.0], [31.525876864132606, 30.271164945390957, 0.0], [31.5258783834578, 30.271165435294368, 0.0], [31.525879938451997, 30.271165832015605, 0.0], [31.525881521540686, 30.271166133622117, 0.0], [31.525883125010715, 30.271166338644285, 0.0], [31.525884741051595, 30.271166446083637, 0.0], [31.525886361789727, 30.271166455416367, 0.0], [31.52588797933051, 30.271166366597225, 0.0], [31.525889585793347, 30.271166180059183, 0.0], [31.525891173352804, 30.27116589671055, 0.0], [31.52589273427426, 30.271165517931838, 0.0], [31.525894260954075, 30.27116504556843, 0.0], [31.52589574595489, 30.271164481921243, 0.0], [31.525897182042108, 30.271163829736068, 0.0], [31.52589856222035, 30.271163092190598, 0.0], [31.52589987976526, 30.27116227287728, 0.0], [31.52590112825878, 30.271161375787653, 0.0], [31.52590230161874, 30.27116040529203, 0.0], [31.525903394128765, 30.27115936611813, 0.0], [31.52590440046701, 30.271158263328413, 0.0], [31.525905315730764, 30.271157102295234, 0.0], [31.525906135461394, 30.271155888674382, 0.0], [31.525906855665326, 30.27115462837843, 0.0], [31.525907472834536, 30.271153327546745, 0.0], [31.525907983961666, 30.271151992516696, 0.0], [31.525908386557436, 30.271150629791904, 0.0], [31.525908678660468, 30.27114924601064, 0.0], [31.525908858847536, 30.27114784791446, 0.0], [31.52590892624064, 30.271146442314226, 0.0], [31.525908880511977, 30.2711450360573, 0.0], [31.525908721884154, 30.271143635994168, 0.0], [31.525908451129688, 30.271142248945793, 0.0], [31.52590806956798, 30.271140881669023, 0.0], [31.52590757905782, 30.2711395408245, 0.0], [31.52590698198839, 30.271138232944363, 0.0], [31.525906281268416, 30.27113696440035, 0.0], [31.525905480311955, 30.27113574137181, 0.0], [31.525904583020314, 30.27113456981681, 0.0], [31.52590359376514, 30.271133455443078, 0.0], [31.52590251736543, 30.271132403678923, 0.0], [31.52590135906529, 30.271131419648174, 0.0], [31.525900124506936, 30.271130508144857, 0.0], [31.52589881970514, 30.27112967360904, 0.0], [31.525897451015556, 30.271128920106463, 0.0], [31.52589602510691, 30.27112825130782, 0.0], [31.525894548924747, 30.271127670471273, 0.0]]]]}}, {"type": "Feature", "properties": {"ID": "1-8", "Telecom_Type": "كابينة", "Number_OF_Boxs": 21.0, "Sectors": "القطاع السادس عشر", "Implementing_company": "المصرية للأتصالات", "Easting": "031° 32' 10.81\" E", "Northing": "30° 16' 21.51\" N", "Google_Map": "https://www.google.com/maps/search/?api=1&query=031° 32' 10.81\" E,30° 16' 21.51\" N", "Shape_Length": 13.362811064543056, "Shape_Area": 12.288062480081182}, "geometry": {"type": "MultiPolygon", "coordinates": [[[[31.536356067100694, 30.272626449233307, 0.0], [31.536330086432212, 30.27262655547816, 0.0], [31.536328907528482, 30.27262659603561, 0.0], [31.536327734755492, 30.272626707873513, 0.0], [31.53632657382817, 30.272626890447032, 0.0], [31.536325430401007, 30.272627142866845, 0.0], [31.536324310045696, 30.272627463902978, 0.0], [31.536323218219987, 30.272627851991366, 0.0], [31.536322160243326, 30.272628305241348, 0.0], [31.536321141270143, 30.272628821444915, 0.0], [31.536320166264947, 30.27262939808704, 0.0], [31.536319239977516, 30.27263003235805, 0.0], [31.536318366920764, 30.272630721168184, 0.0], [31.536317551348432, 30.27263146116166, 0.0], [31.53631679723357, 30.27263224873306, 0.0], [31.536316108250336, 30.272633080045424, 0.0], [31.536315487755466, 30.272633951048803, 0.0], [31.53631493877172, 30.272634857499717, 0.0], [31.536314463973728, 30.272635794981895, 0.0], [31.536314065675104, 30.27263675892811, 0.0], [31.536313745815853, 30.27263774464203, 0.0], [31.536313505954418, 30.272638747321643, 0.0], [31.53631334725952, 30.27263976208126, 0.0], [31.536313270504323, 30.27264078397769, 0.0], [31.536313276062597, 30.272641808032255, 0.0], [31.53631336390724, 30.272642829255606, 0.0], [31.536313533610514, 30.272643842672625, 0.0], [31.53631378434557, 30.27264484334583, 0.0], [31.53631411489077, 30.272645826400147, 0.0], [31.53631452363557, 30.272646787046238, 0.0], [31.536315008589096, 30.2726477206041, 0.0], [31.536315567388257, 30.272648622525097, 0.0], [31.536316197310626, 30.272649488415286, 0.0], [31.5363168952875, 30.27265031405612, 0.0], [31.536317657918318, 30.272651095425278, 0.0], [31.53631848148744, 30.27265182871572, 0.0], [31.536319361982862, 30.27265251035547, 0.0], [31.5363202951146, 30.27265313702296, 0.0], [31.536321276336405, 30.272653705665647, 0.0], [31.53632230086817, 30.27265421351263, 0.0], [31.536323363718356, 30.272654658090076, 0.0], [31.536324459708734, 30.27265503723222, 0.0], [31.53632558349962, 30.2726553490915, 0.0], [31.536326729616484, 30.272655592148517, 0.0], [31.53632789247453, 30.272655765219476, 0.0], [31.536329066409852, 30.27265586746114, 0.0], [31.53633024570186, 30.27265589837507, 0.0], [31.536356226378075, 30.27265579213011, 0.0], [31.536356067100694, 30.272626449233307, 0.0]]]]}}, {"type": "Feature", "properties": {"ID": "1-6", "Telecom_Type": "كابينة", "Number_OF_Boxs": 17.0, "Sectors": "القطاع السادس عشر", "Implementing_company": "المصرية للأتصالات", "Easting": "031° 31' 59.68\" E", "Northing": "30° 16' 21.68\" N", "Google_Map": "https://www.google.com/maps/search/?api=1&query=031° 31' 59.68\" E,30° 16' 21.68\" N", "Shape_Length": 13.36293450770182, "Shape_Area": 12.288486200773285}, "geometry": {"type": "MultiPolygon", "coordinates": [[[[31.533249782682233, 30.27267543364973, 0.0], [31.533223802235906, 30.2726752001081, 0.0], [31.533223451340703, 30.27270454148182, 0.0], [31.533249431804503, 30.272704776827485, 0.0], [31.533250611274887, 30.272704751629, 0.0], [31.53325178584765, 30.272704655082276, 0.0], [31.533252949800698, 30.272704487657762, 0.0], [31.53325409746403, 30.272704250170555, 0.0], [31.533255223246623, 30.272703943777984, 0.0], [31.53325632166516, 30.27270356997232, 0.0], [31.533257387367918, 30.272703130574875, 0.0], [31.533258415164028, 30.272702627725675, 0.0], [31.533259400046457, 30.27270206387477, 0.0], [31.533260337217612, 30.272701441768675, 0.0], [31.5332612221121, 30.272700764437694, 0.0], [31.533262050419097, 30.272700035181458, 0.0], [31.53326281810382, 30.272699257552894, 0.0], [31.533263521426726, 30.272698435339663, 0.0], [31.533264156961295, 30.272697572547344, 0.0], [31.533264721611634, 30.27269667337847, 0.0], [31.5332652126272, 30.27269574221384, 0.0], [31.533265627616064, 30.27269478358945, 0.0], [31.53326596455676, 30.272693802174782, 0.0], [31.533266221807875, 30.272692802750676, 0.0], [31.533266398116243, 30.272691790186183, 0.0], [31.53326649262299, 30.272690769413277, 0.0], [31.533266504867438, 30.27268974540503, 0.0], [31.53326643479043, 30.272688723149862, 0.0], [31.533266282733194, 30.272687707626968, 0.0], [31.533266049436353, 30.272686703783883, 0.0], [31.533265736036327, 30.27268571651032, 0.0], [31.53326534405997, 30.272684750616154, 0.0], [31.533264875416744, 30.272683810806235, 0.0], [31.5332643323895, 30.27268290165914, 0.0], [31.53326371762364, 30.272682027603036, 0.0], [31.533263034113897, 30.272681192896396, 0.0], [31.533262285189736, 30.272680401604916, 0.0], [31.533261474499724, 30.27267965758387, 0.0], [31.533260605992833, 30.27267896445711, 0.0], [31.53325968389981, 30.272678325601216, 0.0], [31.53325871271293, 30.272677744128693, 0.0], [31.533257697163258, 30.27267722287152, 0.0], [31.533256642197124, 30.27267676436968, 0.0], [31.53325555295463, 30.272676370856107, 0.0], [31.533254434741416, 30.272676044247795, 0.0], [31.533253293004755, 30.272675786136148, 0.0], [31.53325213330629, 30.272675597777994, 0.0], [31.53325096129561, 30.27267548009151, 0.0], [31.533249782682233, 30.27267543364973, 0.0]]]]}}, {"type": "Feature", "properties": {"ID": "C3", "Telecom_Type": "كابينة", "Number_OF_Boxs": 96.0, "Sectors": "القطاع السادس عشر", "Implementing_company": "المصرية للأتصالات", "Easting": "031° 31' 52.07\" E", "Northing": "30° 16' 31.94\" N", "Google_Map": "https://www.google.com/maps/search/?api=1&query=031° 31' 52.07\" E,30° 16' 31.94\" N", "Shape_Length": 18.357676760340496, "Shape_Area": 23.191225524221384}, "geometry": {"type": "MultiPolygon", "coordinates": [[[[31.531154053079067, 30.275539829433306, 0.0], [31.53115455490772, 30.27553849166007, 0.0], [31.531154947994747, 30.275537126761208, 0.0], [31.53115523042618, 30.27553574138736, 0.0], [31.531155400824534, 30.275534342287898, 0.0], [31.53115545836046, 30.275532936279852, 0.0], [31.531155402753292, 30.27553153021307, 0.0], [31.531155234274383, 30.275530130938694, 0.0], [31.531154953743936, 30.27552874527386, 0.0], [31.53115456252953, 30.275527379969827, 0.0], [31.53115406253643, 30.27552604167868, 0.0], [31.53115345620134, 30.27552473692093, 0.0], [31.53115274647827, 30.275523472053447, 0.0], [31.531151936824717, 30.275522253238663, 0.0], [31.531151031186052, 30.27552108641518, 0.0], [31.531150033974274, 30.275519977268093, 0.0], [31.531148950048365, 30.27551893120112, 0.0], [31.53114778468905, 30.275517953310843, 0.0], [31.531146543574497, 30.275517048361603, 0.0], [31.531145232751125, 30.275516220763063, 0.0], [31.53114385860585, 30.27551547454673, 0.0], [31.53114242783414, 30.275514813348614, 0.0], [31.53114094740613, 30.27551424039038, 0.0], [31.53113942453525, 30.275513758463102, 0.0], [31.531137866641295, 30.275513369915352, 0.0], [31.53113628131415, 30.27551307663988, 0.0], [31.531134676278114, 30.27551288006566, 0.0], [31.53113305935341, 30.275512781150333, 0.0], [31.53113143841752, 30.275512780376012, 0.0], [31.53112982136825, 30.275512877746195, 0.0], [31.53112821608381, 30.275513072787, 0.0], [31.531126630385657, 30.275513364547383, 0.0], [31.531125071999767, 30.275513751606436, 0.0], [31.53112354851866, 30.27551423207825, 0.0], [31.53112206736509, 30.275514803621874, 0.0], [31.531120635755368, 30.27551546345231, 0.0], [31.53111926066465, 30.2755162083554, 0.0], [31.5311179487924, 30.275517034701146, 0.0], [31.53111670653084, 30.27551793846372, 0.0], [31.531115539932, 30.27551891523994, 0.0], [31.53111445467982, 30.275519960270778, 0.0], [31.53111345606191, 30.275521068464414, 0.0], [31.531112548943902, 30.275522234421825, 0.0], [31.531111737744826, 30.275523452462078, 0.0], [31.531111026417964, 30.275524716650956, 0.0], [31.531110418428472, 30.27552602082851, 0.0], [31.5310981908082, 30.275555125238444, 0.0], [31.5311418254701, 30.275568933847133, 0.0], [31.531154053079067, 30.275539829433306, 0.0]]]]}}, {"type": "Feature", "properties": {"ID": "4015/8", "Telecom_Type": "غرفة اتصالات", "Number_OF_Boxs": null, "Sectors": "القطاع السابع عشر", "Implementing_company": "المصرية للأتصالات", "Easting": "031° 31' 24.06\" E", "Northing": "30° 16' 0.38\" N", "Google_Map": "https://www.google.com/maps/search/?api=1&query=031° 31' 24.06\" E,30° 16' 0.38\" N", "Shape_Length": 10.630066866815119, "Shape_Area": 7.062395080273202}, "geometry": {"type": "MultiPolygon", "coordinates": [[[[31.52336004660161, 30.266757508293605, 0.0], [31.523333467432984, 30.266764017068628, 0.0], [31.523340963681676, 30.26678708859774, 0.0], [31.523367542855972, 30.266780579821177, 0.0], [31.52336004660161, 30.266757508293605, 0.0]]]]}}, {"type": "Feature", "properties": {"ID": "4015/9", "Telecom_Type": "غرفة اتصالات", "Number_OF_Boxs": null, "Sectors": "القطاع السادس عشر", "Implementing_company": "المصرية للأتصالات", "Easting": "031° 31' 39.99\" E", "Northing": "30° 15' 55.61\" N", "Google_Map": "https://www.google.com/maps/search/?api=1&query=031° 31' 39.99\" E,30° 15' 55.61\" N", "Shape_Length": 10.630173688163037, "Shape_Area": 7.06253704003211}, "geometry": {"type": "MultiPolygon", "coordinates": [[[[31.52778342241696, 30.265433344894277, 0.0], [31.527756843909525, 30.265439854560725, 0.0], [31.527764343161355, 30.265462925821883, 0.0], [31.527790921674473, 30.265456416153853, 0.0], [31.52778342241696, 30.265433344894277, 0.0]]]]}}, {"type": "Feature", "properties": {"ID": "1", "Telecom_Type": "غرفة اتصالات", "Number_OF_Boxs": null, "Sectors": "القطاع السادس عشر", "Implementing_company": "المصرية للأتصالات", "Easting": "031° 31' 59.32\" E", "Northing": "30° 16' 7.12\" N", "Google_Map": "https://www.google.com/maps/search/?api=1&query=031° 31' 59.32\" E,30° 16' 7.12\" N", "Shape_Length": 9.0, "Shape_Area": 5.0625}, "geometry": {"type": "MultiPolygon", "coordinates": [[[[31.533155900528524, 30.26863383266484, 0.00010000000474974513], [31.533132518860924, 30.26863392770271, 0.00010000000474974513], [31.533132628347516, 30.26865422330456, 0.00010000000474974513], [31.533156010019894, 30.26865412826662, 0.00010000000474974513], [31.533155900528524, 30.26863383266484, 0.00010000000474974513]]]]}}, {"type": "Feature", "properties": {"ID": "2", "Telecom_Type": "غرفة اتصالات", "Number_OF_Boxs": null, "Sectors": "القطاع السادس عشر", "Implementing_company": "المصرية للأتصالات", "Easting": "031° 31' 59.36\" E", "Northing": "30° 16' 15.49\" N", "Google_Map": "https://www.google.com/maps/search/?api=1&query=031° 31' 59.36\" E,30° 16' 15.49\" N", "Shape_Length": 9.0, "Shape_Area": 5.0625}, "geometry": {"type": "MultiPolygon", "coordinates": [[[[31.533168445029546, 30.270959363650793, 0.00010000000474974513], [31.533145062810895, 30.270959458697472, 0.00010000000474974513], [31.533145172310242, 30.270979754292064, 0.00010000000474974513], [31.533168554533717, 30.270979659245317, 0.00010000000474974513], [31.533168445029546, 30.270959363650793, 0.00010000000474974513]]]]}}, {"type": "Feature", "properties": {"ID": "3", "Telecom_Type": "غرفة اتصالات", "Number_OF_Boxs": null, "Sectors": "القطاع السادس عشر", "Implementing_company": "المصرية للأتصالات", "Easting": "031° 31' 53.65\" E", "Northing": "30° 15' 51.32\" N", "Google_Map": "https://www.google.com/maps/search/?api=1&query=031° 31' 53.65\" E,30° 15' 51.32\" N", "Shape_Length": 13.49998992725357, "Shape_Area": 11.390608002246738}, "geometry": {"type": "MultiPolygon", "coordinates": [[[[31.5315586445203, 30.264276300316503, 109.73149999999441], [31.531591516425173, 30.26426568892887, 109.73149999999441], [31.531579292061807, 30.26423715439369, 109.73149999999441], [31.531546420165025, 30.264247765778194, 109.73149999999441], [31.5315586445203, 30.264276300316503, 109.73149999999441]]]]}}, {"type": "Feature", "properties": {"ID": "4", "Telecom_Type": "غرفة اتصالات", "Number_OF_Boxs": null, "Sectors": "القطاع السادس عشر", "Implementing_company": "المصرية للأتصالات", "Easting": "031° 31' 57.72\" E", "Northing": "30° 15' 50.96\" N", "Google_Map": "https://www.google.com/maps/search/?api=1&query=031° 31' 57.72\" E,30° 15' 50.96\" N", "Shape_Length": 9.000004479604181, "Shape_Area": 5.062505039555958}, "geometry": {"type": "MultiPolygon", "coordinates": [[[[31.5327086931157, 30.264143550379806, 100.9997000000003], [31.5326863100296, 30.264149416180473, 100.9997000000003], [31.5326930674472, 30.26416884589744, 100.9997000000003], [31.53271545053728, 30.264162980095584, 100.9997000000003], [31.5327086931157, 30.264143550379806, 100.9997000000003]]]]}}, {"type": "Feature", "properties": {"ID": "5", "Telecom_Type": "غرفة اتصالات", "Number_OF_Boxs": null, "Sectors": "القطاع السابع عشر", "Implementing_company": "المصرية للأتصالات", "Easting": "031° 31' 29.04\" E", "Northing": "30° 16' 24.64\" N", "Google_Map": "https://www.google.com/maps/search/?api=1&query=031° 31' 29.04\" E,30° 16' 24.64\" N", "Shape_Length": 8.000356512556028, "Shape_Area": 4.000356520499855}, "geometry": {"type": "MultiPolygon", "coordinates": [[[[31.524739314055964, 30.27352376717849, 0.0], [31.524746609322026, 30.27350687333051, 0.0], [31.52472714569016, 30.27350054125858, 0.0], [31.524719850421203, 30.273517435105525, 0.0], [31.524739314055964, 30.27352376717849, 0.0]]]]}}]}