{"type": "FeatureCollection", "features": [{"type": "Feature", "properties": {"ID": "1", "Sectors": "القطاع الثالث", "Easting": "031° 33' 43.5\" E", "Northing": "30° 16' 46.09\" N", "Google_Map": "https://www.google.com/maps/search/?api=1&query=031° 33' 43.5\" E,30° 16' 46.09\" N"}, "geometry": {"type": "Point", "coordinates": [31.562082562104745, 30.279468262440144, 173.7899999999936]}}, {"type": "Feature", "properties": {"ID": "2", "Sectors": "القطاع الثالث", "Easting": "031° 33' 48.1\" E", "Northing": "30° 16' 45.31\" N", "Google_Map": "https://www.google.com/maps/search/?api=1&query=031° 33' 48.1\" E,30° 16' 45.31\" N"}, "geometry": {"type": "Point", "coordinates": [31.563359955164803, 30.279251888557646, 171.71799999999348]}}, {"type": "Feature", "properties": {"ID": "3", "Sectors": "القطاع الثالث", "Easting": "031° 33' 55.0\" E", "Northing": "30° 16' 39.13\" N", "Google_Map": "https://www.google.com/maps/search/?api=1&query=031° 33' 55.0\" E,30° 16' 39.13\" N"}, "geometry": {"type": "Point", "coordinates": [31.56527881652741, 30.277535491766013, 169.5500000000029]}}, {"type": "Feature", "properties": {"ID": "4", "Sectors": "القطاع الثالث", "Easting": "031° 33' 52.5\" E", "Northing": "30° 16' 41.36\" N", "Google_Map": "https://www.google.com/maps/search/?api=1&query=031° 33' 52.5\" E,30° 16' 41.36\" N"}, "geometry": {"type": "Point", "coordinates": [31.56458363388107, 30.278156534003216, 170.1999999999971]}}, {"type": "Feature", "properties": {"ID": "5", "Sectors": "القطاع الثالث", "Easting": "031° 33' 46.14\" E", "Northing": "30° 16' 44.02\" N", "Google_Map": "https://www.google.com/maps/search/?api=1&query=031° 33' 46.14\" E,30° 16' 44.02\" N"}, "geometry": {"type": "Point", "coordinates": [31.562816470954566, 30.27889360361978, 172.60000000000582]}}, {"type": "Feature", "properties": {"ID": "6", "Sectors": "القطاع الثالث", "Easting": "031° 33' 50.39\" E", "Northing": "30° 16' 44.01\" N", "Google_Map": "https://www.google.com/maps/search/?api=1&query=031° 33' 50.39\" E,30° 16' 44.01\" N"}, "geometry": {"type": "Point", "coordinates": [31.563997917413708, 30.278892613787324, 170.75449999999546]}}, {"type": "Feature", "properties": {"ID": "7", "Sectors": "القطاع الثالث", "Easting": "031° 33' 41.09\" E", "Northing": "30° 16' 43.9\" N", "Google_Map": "https://www.google.com/maps/search/?api=1&query=031° 33' 41.09\" E,30° 16' 43.9\" N"}, "geometry": {"type": "Point", "coordinates": [31.561414308583156, 30.27886225416874, 176.13999999999942]}}, {"type": "Feature", "properties": {"ID": "8", "Sectors": "القطاع الثالث", "Easting": "031° 33' 37.21\" E", "Northing": "30° 16' 42.47\" N", "Google_Map": "https://www.google.com/maps/search/?api=1&query=031° 33' 37.21\" E,30° 16' 42.47\" N"}, "geometry": {"type": "Point", "coordinates": [31.56033543630382, 30.278463116812503, 178.67399999999907]}}, {"type": "Feature", "properties": {"ID": "9", "Sectors": "القطاع الثالث", "Easting": "031° 33' 34.28\" E", "Northing": "30° 16' 40.04\" N", "Google_Map": "https://www.google.com/maps/search/?api=1&query=031° 33' 34.28\" E,30° 16' 40.04\" N"}, "geometry": {"type": "Point", "coordinates": [31.559521436877255, 30.277788270526646, 178.0]}}, {"type": "Feature", "properties": {"ID": "10", "Sectors": "القطاع الثالث", "Easting": "031° 33' 31.23\" E", "Northing": "30° 16' 37.83\" N", "Google_Map": "https://www.google.com/maps/search/?api=1&query=031° 33' 31.23\" E,30° 16' 37.83\" N"}, "geometry": {"type": "Point", "coordinates": [31.558675034769244, 30.277175484131234, 177.69000000000233]}}, {"type": "Feature", "properties": {"ID": "11", "Sectors": "القطاع الثالث", "Easting": "031° 33' 28.44\" E", "Northing": "30° 16' 35.47\" N", "Google_Map": "https://www.google.com/maps/search/?api=1&query=031° 33' 28.44\" E,30° 16' 35.47\" N"}, "geometry": {"type": "Point", "coordinates": [31.55789985479008, 30.276518809635707, 176.91999999999825]}}, {"type": "Feature", "properties": {"ID": "12", "Sectors": "القطاع الثالث", "Easting": "031° 33' 31.32\" E", "Northing": "30° 16' 30.72\" N", "Google_Map": "https://www.google.com/maps/search/?api=1&query=031° 33' 31.32\" E,30° 16' 30.72\" N"}, "geometry": {"type": "Point", "coordinates": [31.558699408831593, 30.275198609785047, 172.994200000001]}}, {"type": "Feature", "properties": {"ID": "13", "Sectors": "القطاع الثالث", "Easting": "031° 33' 35.33\" E", "Northing": "30° 16' 33.92\" N", "Google_Map": "https://www.google.com/maps/search/?api=1&query=031° 33' 35.33\" E,30° 16' 33.92\" N"}, "geometry": {"type": "Point", "coordinates": [31.559814693668397, 30.276088007671117, 175.76499999999942]}}, {"type": "Feature", "properties": {"ID": "14", "Sectors": "القطاع الثالث", "Easting": "031° 33' 38.29\" E", "Northing": "30° 16' 36.16\" N", "Google_Map": "https://www.google.com/maps/search/?api=1&query=031° 33' 38.29\" E,30° 16' 36.16\" N"}, "geometry": {"type": "Point", "coordinates": [31.56063503938348, 30.276711971861157, 173.76720000000205]}}, {"type": "Feature", "properties": {"ID": "15", "Sectors": "القطاع الثالث", "Easting": "031° 33' 41.43\" E", "Northing": "30° 16' 38.27\" N", "Google_Map": "https://www.google.com/maps/search/?api=1&query=031° 33' 41.43\" E,30° 16' 38.27\" N"}, "geometry": {"type": "Point", "coordinates": [31.561509266164567, 30.277298589862234, 173.7798000000039]}}, {"type": "Feature", "properties": {"ID": "16", "Sectors": "القطاع الثالث", "Easting": "031° 33' 45.24\" E", "Northing": "30° 16' 39.19\" N", "Google_Map": "https://www.google.com/maps/search/?api=1&query=031° 33' 45.24\" E,30° 16' 39.19\" N"}, "geometry": {"type": "Point", "coordinates": [31.562567963792965, 30.277552117866964, 172.56549999999697]}}, {"type": "Feature", "properties": {"ID": "17", "Sectors": "القطاع الثالث", "Easting": "031° 33' 49.18\" E", "Northing": "30° 16' 38.36\" N", "Google_Map": "https://www.google.com/maps/search/?api=1&query=031° 33' 49.18\" E,30° 16' 38.36\" N"}, "geometry": {"type": "Point", "coordinates": [31.5636603914835, 30.277323590069816, 173.42849999999453]}}, {"type": "Feature", "properties": {"ID": "18", "Sectors": "القطاع الثالث", "Easting": "031° 33' 52.31\" E", "Northing": "30° 16' 36.22\" N", "Google_Map": "https://www.google.com/maps/search/?api=1&query=031° 33' 52.31\" E,30° 16' 36.22\" N"}, "geometry": {"type": "Point", "coordinates": [31.56453076092561, 30.27672815290216, 169.6140000000014]}}, {"type": "Feature", "properties": {"ID": "19", "Sectors": "القطاع الثالث", "Easting": "031° 33' 46.66\" E", "Northing": "30° 16' 36.84\" N", "Google_Map": "https://www.google.com/maps/search/?api=1&query=031° 33' 46.66\" E,30° 16' 36.84\" N"}, "geometry": {"type": "Point", "coordinates": [31.562960583510353, 30.276898772635843, 171.87799999999697]}}, {"type": "Feature", "properties": {"ID": "20", "Sectors": "القطاع الثالث", "Easting": "031° 33' 50.21\" E", "Northing": "30° 16' 34.91\" N", "Google_Map": "https://www.google.com/maps/search/?api=1&query=031° 33' 50.21\" E,30° 16' 34.91\" N"}, "geometry": {"type": "Point", "coordinates": [31.563948486652865, 30.276363091891778, 170.53200000000652]}}, {"type": "Feature", "properties": {"ID": "21", "Sectors": "القطاع الثالث", "Easting": "031° 33' 41.89\" E", "Northing": "30° 16' 35.76\" N", "Google_Map": "https://www.google.com/maps/search/?api=1&query=031° 33' 41.89\" E,30° 16' 35.76\" N"}, "geometry": {"type": "Point", "coordinates": [31.561635987824246, 30.276599595077283, 173.72000000000116]}}, {"type": "Feature", "properties": {"ID": "22", "Sectors": "القطاع الثالث", "Easting": "031° 33' 33.82\" E", "Northing": "30° 16' 28.24\" N", "Google_Map": "https://www.google.com/maps/search/?api=1&query=031° 33' 33.82\" E,30° 16' 28.24\" N"}, "geometry": {"type": "Point", "coordinates": [31.55939355156196, 30.274510416774604, 172.59450000000652]}}, {"type": "Feature", "properties": {"ID": "23", "Sectors": "القطاع الثالث", "Easting": "031° 33' 37.2\" E", "Northing": "30° 16' 30.38\" N", "Google_Map": "https://www.google.com/maps/search/?api=1&query=031° 33' 37.2\" E,30° 16' 30.38\" N"}, "geometry": {"type": "Point", "coordinates": [31.56033294032391, 30.27510519453129, 174.69199999999546]}}, {"type": "Feature", "properties": {"ID": "24", "Sectors": "القطاع الثالث", "Easting": "031° 33' 40.35\" E", "Northing": "30° 16' 32.96\" N", "Google_Map": "https://www.google.com/maps/search/?api=1&query=031° 33' 40.35\" E,30° 16' 32.96\" N"}, "geometry": {"type": "Point", "coordinates": [31.561209083439792, 30.27582179011477, 175.75780000000668]}}, {"type": "Feature", "properties": {"ID": "25", "Sectors": "القطاع الثالث", "Easting": "031° 33' 43.03\" E", "Northing": "30° 16' 29.21\" N", "Google_Map": "https://www.google.com/maps/search/?api=1&query=031° 33' 43.03\" E,30° 16' 29.21\" N"}, "geometry": {"type": "Point", "coordinates": [31.561952846245557, 30.27478166596315, 168.35000000000582]}}, {"type": "Feature", "properties": {"ID": "26", "Sectors": "القطاع الثالث", "Easting": "031° 33' 40.24\" E", "Northing": "30° 16' 27.08\" N", "Google_Map": "https://www.google.com/maps/search/?api=1&query=031° 33' 40.24\" E,30° 16' 27.08\" N"}, "geometry": {"type": "Point", "coordinates": [31.561177956206706, 30.274190202720593, 169.11000000000058]}}, {"type": "Feature", "properties": {"ID": "27", "Sectors": "القطاع الثالث", "Easting": "031° 33' 37.3\" E", "Northing": "30° 16' 24.8\" N", "Google_Map": "https://www.google.com/maps/search/?api=1&query=031° 33' 37.3\" E,30° 16' 24.8\" N"}, "geometry": {"type": "Point", "coordinates": [31.56036222512439, 30.273555638226124, 170.0]}}, {"type": "Feature", "properties": {"ID": "28", "Sectors": "القطاع الثالث", "Easting": "031° 33' 34.21\" E", "Northing": "30° 16' 22.37\" N", "Google_Map": "https://www.google.com/maps/search/?api=1&query=031° 33' 34.21\" E,30° 16' 22.37\" N"}, "geometry": {"type": "Point", "coordinates": [31.559501701383205, 30.272880327460307, 172.2899999999936]}}, {"type": "Feature", "properties": {"ID": "29", "Sectors": "القطاع الثالث", "Easting": "031° 33' 31.24\" E", "Northing": "30° 16' 20.04\" N", "Google_Map": "https://www.google.com/maps/search/?api=1&query=031° 33' 31.24\" E,30° 16' 20.04\" N"}, "geometry": {"type": "Point", "coordinates": [31.558676968582944, 30.27223315117159, 172.44000000000233]}}, {"type": "Feature", "properties": {"ID": "30", "Sectors": "القطاع الثالث", "Easting": "031° 33' 24.12\" E", "Northing": "30° 16' 32.18\" N", "Google_Map": "https://www.google.com/maps/search/?api=1&query=031° 33' 24.12\" E,30° 16' 32.18\" N"}, "geometry": {"type": "Point", "coordinates": [31.556700137975575, 30.275604410857593, 175.07700000000477]}}, {"type": "Feature", "properties": {"ID": "31", "Sectors": "القطاع الثالث", "Easting": "031° 33' 21.5\" E", "Northing": "30° 16' 30.15\" N", "Google_Map": "https://www.google.com/maps/search/?api=1&query=031° 33' 21.5\" E,30° 16' 30.15\" N"}, "geometry": {"type": "Point", "coordinates": [31.555973250721014, 30.275041226698402, 172.97999999999593]}}, {"type": "Feature", "properties": {"ID": "32", "Sectors": "القطاع الثالث", "Easting": "031° 33' 18.35\" E", "Northing": "30° 16' 27.59\" N", "Google_Map": "https://www.google.com/maps/search/?api=1&query=031° 33' 18.35\" E,30° 16' 27.59\" N"}, "geometry": {"type": "Point", "coordinates": [31.555097395866657, 30.274331359788906, 171.0500000000029]}}, {"type": "Feature", "properties": {"ID": "33", "Sectors": "القطاع الثالث", "Easting": "031° 33' 15.78\" E", "Northing": "30° 16' 24.64\" N", "Google_Map": "https://www.google.com/maps/search/?api=1&query=031° 33' 15.78\" E,30° 16' 24.64\" N"}, "geometry": {"type": "Point", "coordinates": [31.554382919759384, 30.273511912958867, 178.0899999999965]}}, {"type": "Feature", "properties": {"ID": "34", "Sectors": "القطاع الثالث", "Easting": "031° 33' 13.6\" E", "Northing": "30° 16' 19.62\" N", "Google_Map": "https://www.google.com/maps/search/?api=1&query=031° 33' 13.6\" E,30° 16' 19.62\" N"}, "geometry": {"type": "Point", "coordinates": [31.553778263437017, 30.272115395678075, 166.20500000000175]}}, {"type": "Feature", "properties": {"ID": "35", "Sectors": "القطاع الثالث", "Easting": "031° 33' 11.43\" E", "Northing": "30° 16' 19.27\" N", "Google_Map": "https://www.google.com/maps/search/?api=1&query=031° 33' 11.43\" E,30° 16' 19.27\" N"}, "geometry": {"type": "Point", "coordinates": [31.553174466015626, 30.272018616112163, 165.77599999999802]}}, {"type": "Feature", "properties": {"ID": "36", "Sectors": "القطاع الاول", "Easting": "031° 33' 30.67\" E", "Northing": "30° 16' 16.56\" N", "Google_Map": "https://www.google.com/maps/search/?api=1&query=031° 33' 30.67\" E,30° 16' 16.56\" N"}, "geometry": {"type": "Point", "coordinates": [31.558519707624626, 30.271266005073, 173.14049999999406]}}, {"type": "Feature", "properties": {"ID": "37", "Sectors": "القطاع الاول", "Easting": "031° 33' 32.44\" E", "Northing": "30° 16' 17.91\" N", "Google_Map": "https://www.google.com/maps/search/?api=1&query=031° 33' 32.44\" E,30° 16' 17.91\" N"}, "geometry": {"type": "Point", "coordinates": [31.559011418866856, 30.271641278573775, 172.44950000000244]}}, {"type": "Feature", "properties": {"ID": "38", "Sectors": "القطاع الاول", "Easting": "031° 33' 33.01\" E", "Northing": "30° 16' 13.68\" N", "Google_Map": "https://www.google.com/maps/search/?api=1&query=031° 33' 33.01\" E,30° 16' 13.68\" N"}, "geometry": {"type": "Point", "coordinates": [31.559168781673858, 30.27046733855738, 173.01200000000244]}}, {"type": "Feature", "properties": {"ID": "39", "Sectors": "القطاع الثاني", "Easting": "031° 33' 8.32\" E", "Northing": "30° 16' 19.98\" N", "Google_Map": "https://www.google.com/maps/search/?api=1&query=031° 33' 8.32\" E,30° 16' 19.98\" N"}, "geometry": {"type": "Point", "coordinates": [31.552310798218723, 30.27221801245552, 165.3469999999943]}}, {"type": "Feature", "properties": {"ID": "40", "Sectors": "القطاع الثاني", "Easting": "031° 33' 10.64\" E", "Northing": "30° 16' 15.78\" N", "Google_Map": "https://www.google.com/maps/search/?api=1&query=031° 33' 10.64\" E,30° 16' 15.78\" N"}, "geometry": {"type": "Point", "coordinates": [31.552955182556996, 30.271051226467453, 167.0384999999951]}}, {"type": "Feature", "properties": {"ID": "41", "Sectors": "القطاع الثاني", "Easting": "031° 33' 12.91\" E", "Northing": "30° 16' 11.52\" N", "Google_Map": "https://www.google.com/maps/search/?api=1&query=031° 33' 12.91\" E,30° 16' 11.52\" N"}, "geometry": {"type": "Point", "coordinates": [31.553586695240078, 30.269867484395306, 168.84320000000298]}}, {"type": "Feature", "properties": {"ID": "42", "Sectors": "القطاع الثاني", "Easting": "031° 33' 14.99\" E", "Northing": "30° 16' 7.09\" N", "Google_Map": "https://www.google.com/maps/search/?api=1&query=031° 33' 14.99\" E,30° 16' 7.09\" N"}, "geometry": {"type": "Point", "coordinates": [31.554164577514367, 30.26863728858612, 170.53599999999278]}}, {"type": "Feature", "properties": {"ID": "43", "Sectors": "القطاع الثالث", "Easting": "031° 33' 17.73\" E", "Northing": "30° 16' 8.72\" N", "Google_Map": "https://www.google.com/maps/search/?api=1&query=031° 33' 17.73\" E,30° 16' 8.72\" N"}, "geometry": {"type": "Point", "coordinates": [31.554925248790898, 30.269087790142002, 170.97999999999593]}}, {"type": "Feature", "properties": {"ID": "44", "Sectors": "القطاع الثالث", "Easting": "031° 33' 15.47\" E", "Northing": "30° 16' 11.66\" N", "Google_Map": "https://www.google.com/maps/search/?api=1&query=031° 33' 15.47\" E,30° 16' 11.66\" N"}, "geometry": {"type": "Point", "coordinates": [31.554296828715117, 30.269905212354168, 169.88000000000466]}}, {"type": "Feature", "properties": {"ID": "45", "Sectors": "القطاع الثالث", "Easting": "031° 33' 14.3\" E", "Northing": "30° 16' 15.51\" N", "Google_Map": "https://www.google.com/maps/search/?api=1&query=031° 33' 14.3\" E,30° 16' 15.51\" N"}, "geometry": {"type": "Point", "coordinates": [31.553971029607286, 30.27097449991432, 168.13999999999942]}}, {"type": "Feature", "properties": {"ID": "46", "Sectors": "القطاع الثالث", "Easting": "031° 33' 10.03\" E", "Northing": "30° 16' 23.05\" N", "Google_Map": "https://www.google.com/maps/search/?api=1&query=031° 33' 10.03\" E,30° 16' 23.05\" N"}, "geometry": {"type": "Point", "coordinates": [31.552785658249235, 30.27306956959995, 166.10450000000128]}}, {"type": "Feature", "properties": {"ID": "47", "Sectors": "القطاع الثاني", "Easting": "031° 33' 4.8\" E", "Northing": "30° 16' 18.95\" N", "Google_Map": "https://www.google.com/maps/search/?api=1&query=031° 33' 4.8\" E,30° 16' 18.95\" N"}, "geometry": {"type": "Point", "coordinates": [31.55133394601495, 30.271929311683532, 165.54150000000664]}}, {"type": "Feature", "properties": {"ID": "48", "Sectors": "القطاع الثاني", "Easting": "031° 33' 2.02\" E", "Northing": "30° 16' 16.76\" N", "Google_Map": "https://www.google.com/maps/search/?api=1&query=031° 33' 2.02\" E,30° 16' 16.76\" N"}, "geometry": {"type": "Point", "coordinates": [31.550562211577716, 30.27132311763776, 166.6374999999971]}}, {"type": "Feature", "properties": {"ID": "49", "Sectors": "القطاع الثاني", "Easting": "031° 32' 58.32\" E", "Northing": "30° 16' 13.85\" N", "Google_Map": "https://www.google.com/maps/search/?api=1&query=031° 32' 58.32\" E,30° 16' 13.85\" N"}, "geometry": {"type": "Point", "coordinates": [31.549532451713688, 30.27051423008173, 168.09189999999944]}}, {"type": "Feature", "properties": {"ID": "50", "Sectors": "القطاع الثاني", "Easting": "031° 33' 6.9\" E", "Northing": "30° 15' 47.03\" N", "Google_Map": "https://www.google.com/maps/search/?api=1&query=031° 33' 6.9\" E,30° 15' 47.03\" N"}, "geometry": {"type": "Point", "coordinates": [31.551916840063843, 30.2630635108879, 164.33000000000175]}}, {"type": "Feature", "properties": {"ID": "51", "Sectors": "القطاع الثاني", "Easting": "031° 33' 5.35\" E", "Northing": "30° 15' 51.57\" N", "Google_Map": "https://www.google.com/maps/search/?api=1&query=031° 33' 5.35\" E,30° 15' 51.57\" N"}, "geometry": {"type": "Point", "coordinates": [31.551485016125493, 30.26432516234781, 162.41749999999593]}}, {"type": "Feature", "properties": {"ID": "52", "Sectors": "القطاع الثاني", "Easting": "031° 33' 4.04\" E", "Northing": "30° 15' 56.15\" N", "Google_Map": "https://www.google.com/maps/search/?api=1&query=031° 33' 4.04\" E,30° 15' 56.15\" N"}, "geometry": {"type": "Point", "coordinates": [31.551122848248397, 30.265596611600365, 161.4499999999971]}}, {"type": "Feature", "properties": {"ID": "53", "Sectors": "القطاع الثاني", "Easting": "031° 33' 2.34\" E", "Northing": "30° 16' 0.69\" N", "Google_Map": "https://www.google.com/maps/search/?api=1&query=031° 33' 2.34\" E,30° 16' 0.69\" N"}, "geometry": {"type": "Point", "coordinates": [31.55065009891814, 30.266857116699374, 160.528999999995]}}, {"type": "Feature", "properties": {"ID": "54", "Sectors": "القطاع الثاني", "Easting": "031° 33' 0.41\" E", "Northing": "30° 16' 5.15\" N", "Google_Map": "https://www.google.com/maps/search/?api=1&query=031° 33' 0.41\" E,30° 16' 5.15\" N"}, "geometry": {"type": "Point", "coordinates": [31.550115120344067, 30.268096632180157, 162.60000000000582]}}, {"type": "Feature", "properties": {"ID": "55", "Sectors": "القطاع الثاني", "Easting": "031° 32' 58.06\" E", "Northing": "30° 16' 9.45\" N", "Google_Map": "https://www.google.com/maps/search/?api=1&query=031° 32' 58.06\" E,30° 16' 9.45\" N"}, "geometry": {"type": "Point", "coordinates": [31.54946083428278, 30.26929132899449, 167.29200000000128]}}, {"type": "Feature", "properties": {"ID": "56", "Sectors": "القطاع الثالث", "Easting": "031° 33' 30.71\" E", "Northing": "30° 16' 26.05\" N", "Google_Map": "https://www.google.com/maps/search/?api=1&query=031° 33' 30.71\" E,30° 16' 26.05\" N"}, "geometry": {"type": "Point", "coordinates": [31.55853040680616, 30.27390180361413, 173.72669999999925]}}, {"type": "Feature", "properties": {"ID": "57", "Sectors": "القطاع الثالث", "Easting": "031° 33' 28.53\" E", "Northing": "30° 16' 27.99\" N", "Google_Map": "https://www.google.com/maps/search/?api=1&query=031° 33' 28.53\" E,30° 16' 27.99\" N"}, "geometry": {"type": "Point", "coordinates": [31.557925507917215, 30.274441404104838, 172.04679999999644]}}, {"type": "Feature", "properties": {"ID": "58", "Sectors": "القطاع الثالث", "Easting": "031° 33' 25.63\" E", "Northing": "30° 16' 25.66\" N", "Google_Map": "https://www.google.com/maps/search/?api=1&query=031° 33' 25.63\" E,30° 16' 25.66\" N"}, "geometry": {"type": "Point", "coordinates": [31.557118194309766, 30.273795338427608, 171.37099999999919]}}, {"type": "Feature", "properties": {"ID": "59", "Sectors": "القطاع الثالث", "Easting": "031° 33' 28.06\" E", "Northing": "30° 16' 23.36\" N", "Google_Map": "https://www.google.com/maps/search/?api=1&query=031° 33' 28.06\" E,30° 16' 23.36\" N"}, "geometry": {"type": "Point", "coordinates": [31.55779369130761, 30.273154852697797, 171.88469999999506]}}, {"type": "Feature", "properties": {"ID": "60", "Sectors": "القطاع الثالث", "Easting": "031° 33' 22.8\" E", "Northing": "30° 16' 23.47\" N", "Google_Map": "https://www.google.com/maps/search/?api=1&query=031° 33' 22.8\" E,30° 16' 23.47\" N"}, "geometry": {"type": "Point", "coordinates": [31.55633348693971, 30.273185112748294, 171.07799999999406]}}, {"type": "Feature", "properties": {"ID": "61", "Sectors": "القطاع الثالث", "Easting": "031° 33' 28.04\" E", "Northing": "30° 16' 12.1\" N", "Google_Map": "https://www.google.com/maps/search/?api=1&query=031° 33' 28.04\" E,30° 16' 12.1\" N"}, "geometry": {"type": "Point", "coordinates": [31.55778952434445, 30.270027011837456, 173.75]}}, {"type": "Feature", "properties": {"ID": "62", "Sectors": "القطاع الثالث", "Easting": "031° 33' 19.42\" E", "Northing": "30° 16' 19.8\" N", "Google_Map": "https://www.google.com/maps/search/?api=1&query=031° 33' 19.42\" E,30° 16' 19.8\" N"}, "geometry": {"type": "Point", "coordinates": [31.555393563913935, 30.272167361867226, 170.59900000000198]}}, {"type": "Feature", "properties": {"ID": "63", "Sectors": "القطاع الثالث", "Easting": "031° 33' 20.37\" E", "Northing": "30° 16' 17.15\" N", "Google_Map": "https://www.google.com/maps/search/?api=1&query=031° 33' 20.37\" E,30° 16' 17.15\" N"}, "geometry": {"type": "Point", "coordinates": [31.555658267640315, 30.27142966900186, 170.91999999999825]}}, {"type": "Feature", "properties": {"ID": "64", "Sectors": "القطاع الثالث", "Easting": "031° 33' 22.07\" E", "Northing": "30° 16' 14.25\" N", "Google_Map": "https://www.google.com/maps/search/?api=1&query=031° 33' 22.07\" E,30° 16' 14.25\" N"}, "geometry": {"type": "Point", "coordinates": [31.556131853956302, 30.27062543181284, 173.4244999999937]}}, {"type": "Feature", "properties": {"ID": "65", "Sectors": "القطاع الثالث", "Easting": "031° 33' 23.94\" E", "Northing": "30° 16' 10.94\" N", "Google_Map": "https://www.google.com/maps/search/?api=1&query=031° 33' 23.94\" E,30° 16' 10.94\" N"}, "geometry": {"type": "Point", "coordinates": [31.556651289803813, 30.269705082163284, 172.7280000000028]}}, {"type": "Feature", "properties": {"ID": "66", "Sectors": "القطاع الثالث", "Easting": "031° 33' 26.45\" E", "Northing": "30° 16' 15.05\" N", "Google_Map": "https://www.google.com/maps/search/?api=1&query=031° 33' 26.45\" E,30° 16' 15.05\" N"}, "geometry": {"type": "Point", "coordinates": [31.557347497914687, 30.270847608228358, 173.94349999999395]}}, {"type": "Feature", "properties": {"ID": "67", "Sectors": "القطاع الثالث", "Easting": "031° 33' 25.25\" E", "Northing": "30° 16' 21.15\" N", "Google_Map": "https://www.google.com/maps/search/?api=1&query=031° 33' 25.25\" E,30° 16' 21.15\" N"}, "geometry": {"type": "Point", "coordinates": [31.557013041040495, 30.272540920733782, 172.55400000000373]}}, {"type": "Feature", "properties": {"ID": "68", "Sectors": "القطاع الثالث", "Easting": "031° 33' 24.87\" E", "Northing": "30° 16' 17.91\" N", "Google_Map": "https://www.google.com/maps/search/?api=1&query=031° 33' 24.87\" E,30° 16' 17.91\" N"}, "geometry": {"type": "Point", "coordinates": [31.556908286318148, 30.271642307126328, 171.86000000000058]}}, {"type": "Feature", "properties": {"ID": "69", "Sectors": "القطاع الاول", "Easting": "031° 33' 57.29\" E", "Northing": "30° 16' 34.47\" N", "Google_Map": "https://www.google.com/maps/search/?api=1&query=031° 33' 57.29\" E,30° 16' 34.47\" N"}, "geometry": {"type": "Point", "coordinates": [31.56591353494765, 30.27624105030102, 168.42200000000594]}}, {"type": "Feature", "properties": {"ID": "70", "Sectors": "القطاع الاول", "Easting": "031° 33' 52.4\" E", "Northing": "30° 16' 30.6\" N", "Google_Map": "https://www.google.com/maps/search/?api=1&query=031° 33' 52.4\" E,30° 16' 30.6\" N"}, "geometry": {"type": "Point", "coordinates": [31.564556275878136, 30.27516677957805, 168.31230000000505]}}, {"type": "Feature", "properties": {"ID": "71", "Sectors": "القطاع الاول", "Easting": "031° 34' 3.55\" E", "Northing": "30° 16' 33.0\" N", "Google_Map": "https://www.google.com/maps/search/?api=1&query=031° 34' 3.55\" E,30° 16' 33.0\" N"}, "geometry": {"type": "Point", "coordinates": [31.567652177256726, 30.27583340928016, 167.13000000000466]}}, {"type": "Feature", "properties": {"ID": "72", "Sectors": "القطاع الاول", "Easting": "031° 34' 7.53\" E", "Northing": "30° 16' 29.55\" N", "Google_Map": "https://www.google.com/maps/search/?api=1&query=031° 34' 7.53\" E,30° 16' 29.55\" N"}, "geometry": {"type": "Point", "coordinates": [31.568759067591444, 30.27487434623633, 169.48099999999977]}}, {"type": "Feature", "properties": {"ID": "73", "Sectors": "القطاع الاول", "Easting": "031° 33' 59.16\" E", "Northing": "30° 16' 21.57\" N", "Google_Map": "https://www.google.com/maps/search/?api=1&query=031° 33' 59.16\" E,30° 16' 21.57\" N"}, "geometry": {"type": "Point", "coordinates": [31.566432572210612, 30.272657199941687, 165.17200000000594]}}, {"type": "Feature", "properties": {"ID": "74", "Sectors": "القطاع الاول", "Easting": "031° 34' 5.64\" E", "Northing": "30° 16' 27.84\" N", "Google_Map": "https://www.google.com/maps/search/?api=1&query=031° 34' 5.64\" E,30° 16' 27.84\" N"}, "geometry": {"type": "Point", "coordinates": [31.56823447407177, 30.27439881463309, 167.78549999999814]}}, {"type": "Feature", "properties": {"ID": "75", "Sectors": "القطاع الاول", "Easting": "031° 33' 41.87\" E", "Northing": "30° 16' 18.12\" N", "Google_Map": "https://www.google.com/maps/search/?api=1&query=031° 33' 41.87\" E,30° 16' 18.12\" N"}, "geometry": {"type": "Point", "coordinates": [31.561630010437682, 30.271699824322347, 171.36000000000058]}}, {"type": "Feature", "properties": {"ID": "76", "Sectors": "القطاع الاول", "Easting": "031° 33' 39.25\" E", "Northing": "30° 16' 20.64\" N", "Google_Map": "https://www.google.com/maps/search/?api=1&query=031° 33' 39.25\" E,30° 16' 20.64\" N"}, "geometry": {"type": "Point", "coordinates": [31.560901750432308, 30.272401243039493, 171.5]}}, {"type": "Feature", "properties": {"ID": "77", "Sectors": "القطاع الاول", "Easting": "031° 33' 44.1\" E", "Northing": "30° 16' 12.04\" N", "Google_Map": "https://www.google.com/maps/search/?api=1&query=031° 33' 44.1\" E,30° 16' 12.04\" N"}, "geometry": {"type": "Point", "coordinates": [31.562251024865823, 30.27000995353921, 165.29700000000594]}}, {"type": "Feature", "properties": {"ID": "78", "Sectors": "القطاع الاول", "Easting": "031° 33' 54.88\" E", "Northing": "30° 16' 32.59\" N", "Google_Map": "https://www.google.com/maps/search/?api=1&query=031° 33' 54.88\" E,30° 16' 32.59\" N"}, "geometry": {"type": "Point", "coordinates": [31.56524507789453, 30.27571991212425, 168.50900000000547]}}, {"type": "Feature", "properties": {"ID": "79", "Sectors": "القطاع الاول", "Easting": "031° 33' 50.06\" E", "Northing": "30° 16' 28.81\" N", "Google_Map": "https://www.google.com/maps/search/?api=1&query=031° 33' 50.06\" E,30° 16' 28.81\" N"}, "geometry": {"type": "Point", "coordinates": [31.563905647404535, 30.27467040440648, 168.1377999999968]}}, {"type": "Feature", "properties": {"ID": "80", "Sectors": "القطاع الاول", "Easting": "031° 33' 47.57\" E", "Northing": "30° 16' 26.86\" N", "Google_Map": "https://www.google.com/maps/search/?api=1&query=031° 33' 47.57\" E,30° 16' 26.86\" N"}, "geometry": {"type": "Point", "coordinates": [31.563213111976296, 30.274127360125195, 167.13150000000314]}}, {"type": "Feature", "properties": {"ID": "81", "Sectors": "القطاع الاول", "Easting": "031° 33' 45.27\" E", "Northing": "30° 16' 25.11\" N", "Google_Map": "https://www.google.com/maps/search/?api=1&query=031° 33' 45.27\" E,30° 16' 25.11\" N"}, "geometry": {"type": "Point", "coordinates": [31.562574494123655, 30.27364098705341, 167.00800000000163]}}, {"type": "Feature", "properties": {"ID": "82", "Sectors": "القطاع الاول", "Easting": "031° 33' 59.72\" E", "Northing": "30° 16' 36.16\" N", "Google_Map": "https://www.google.com/maps/search/?api=1&query=031° 33' 59.72\" E,30° 16' 36.16\" N"}, "geometry": {"type": "Point", "coordinates": [31.566589491491623, 30.27671220740829, 167.43300000000454]}}, {"type": "Feature", "properties": {"ID": "83", "Sectors": "القطاع الاول", "Easting": "031° 33' 55.0\" E", "Northing": "30° 16' 17.46\" N", "Google_Map": "https://www.google.com/maps/search/?api=1&query=031° 33' 55.0\" E,30° 16' 17.46\" N"}, "geometry": {"type": "Point", "coordinates": [31.565277410229605, 30.271516303904306, 162.41999999999825]}}, {"type": "Feature", "properties": {"ID": "84", "Sectors": "القطاع الاول", "Easting": "031° 33' 56.99\" E", "Northing": "30° 16' 19.33\" N", "Google_Map": "https://www.google.com/maps/search/?api=1&query=031° 33' 56.99\" E,30° 16' 19.33\" N"}, "geometry": {"type": "Point", "coordinates": [31.565830306811744, 30.272035922295483, 163.1710000000021]}}, {"type": "Feature", "properties": {"ID": "85", "Sectors": "القطاع الاول", "Easting": "031° 34' 1.32\" E", "Northing": "30° 16' 23.65\" N", "Google_Map": "https://www.google.com/maps/search/?api=1&query=031° 34' 1.32\" E,30° 16' 23.65\" N"}, "geometry": {"type": "Point", "coordinates": [31.567033291448837, 30.273235546018192, 165.74800000000687]}}, {"type": "Feature", "properties": {"ID": "86", "Sectors": "القطاع الاول", "Easting": "031° 34' 3.51\" E", "Northing": "30° 16' 25.72\" N", "Google_Map": "https://www.google.com/maps/search/?api=1&query=031° 34' 3.51\" E,30° 16' 25.72\" N"}, "geometry": {"type": "Point", "coordinates": [31.567642382218125, 30.27381072289526, 166.42600000000675]}}, {"type": "Feature", "properties": {"ID": "87", "Sectors": "القطاع الاول", "Easting": "031° 34' 1.18\" E", "Northing": "30° 16' 30.85\" N", "Google_Map": "https://www.google.com/maps/search/?api=1&query=031° 34' 1.18\" E,30° 16' 30.85\" N"}, "geometry": {"type": "Point", "coordinates": [31.5669955650861, 30.275235547866675, 167.84500000000116]}}, {"type": "Feature", "properties": {"ID": "88", "Sectors": "القطاع الاول", "Easting": "031° 33' 59.03\" E", "Northing": "30° 16' 29.05\" N", "Google_Map": "https://www.google.com/maps/search/?api=1&query=031° 33' 59.03\" E,30° 16' 29.05\" N"}, "geometry": {"type": "Point", "coordinates": [31.566398562593758, 30.274736601778564, 166.4875000000029]}}, {"type": "Feature", "properties": {"ID": "89", "Sectors": "القطاع الاول", "Easting": "031° 33' 49.26\" E", "Northing": "30° 16' 23.98\" N", "Google_Map": "https://www.google.com/maps/search/?api=1&query=031° 33' 49.26\" E,30° 16' 23.98\" N"}, "geometry": {"type": "Point", "coordinates": [31.563683732051942, 30.27332845394785, 166.01859999999579]}}, {"type": "Feature", "properties": {"ID": "90", "Sectors": "القطاع الاول", "Easting": "031° 33' 51.43\" E", "Northing": "30° 16' 22.18\" N", "Google_Map": "https://www.google.com/maps/search/?api=1&query=031° 33' 51.43\" E,30° 16' 22.18\" N"}, "geometry": {"type": "Point", "coordinates": [31.564285034147527, 30.272828179037386, 165.3475000000035]}}, {"type": "Feature", "properties": {"ID": "91", "Sectors": "القطاع الاول", "Easting": "031° 33' 53.37\" E", "Northing": "30° 16' 20.33\" N", "Google_Map": "https://www.google.com/maps/search/?api=1&query=031° 33' 53.37\" E,30° 16' 20.33\" N"}, "geometry": {"type": "Point", "coordinates": [31.56482623657085, 30.27231512218204, 163.42359999999462]}}, {"type": "Feature", "properties": {"ID": "92", "Sectors": "القطاع الاول", "Easting": "031° 33' 53.38\" E", "Northing": "30° 16' 28.35\" N", "Google_Map": "https://www.google.com/maps/search/?api=1&query=031° 33' 53.38\" E,30° 16' 28.35\" N"}, "geometry": {"type": "Point", "coordinates": [31.564827398473604, 30.274540900309614, 166.58000000000175]}}, {"type": "Feature", "properties": {"ID": "93", "Sectors": "القطاع الاول", "Easting": "031° 33' 57.3\" E", "Northing": "30° 16' 31.45\" N", "Google_Map": "https://www.google.com/maps/search/?api=1&query=031° 33' 57.3\" E,30° 16' 31.45\" N"}, "geometry": {"type": "Point", "coordinates": [31.565917242497616, 30.27540150647109, 167.29300000000512]}}, {"type": "Feature", "properties": {"ID": "94", "Sectors": "القطاع الاول", "Easting": "031° 33' 55.36\" E", "Northing": "30° 16' 22.62\" N", "Google_Map": "https://www.google.com/maps/search/?api=1&query=031° 33' 55.36\" E,30° 16' 22.62\" N"}, "geometry": {"type": "Point", "coordinates": [31.56537643695246, 30.272948886965843, 163.0]}}, {"type": "Feature", "properties": {"ID": "95", "Sectors": "القطاع الاول", "Easting": "031° 33' 58.21\" E", "Northing": "30° 16' 24.52\" N", "Google_Map": "https://www.google.com/maps/search/?api=1&query=031° 33' 58.21\" E,30° 16' 24.52\" N"}, "geometry": {"type": "Point", "coordinates": [31.566170126878678, 30.27347910254746, 165.55680000000575]}}, {"type": "Feature", "properties": {"ID": "96", "Sectors": "القطاع الاول", "Easting": "031° 33' 42.23\" E", "Northing": "30° 16' 22.48\" N", "Google_Map": "https://www.google.com/maps/search/?api=1&query=031° 33' 42.23\" E,30° 16' 22.48\" N"}, "geometry": {"type": "Point", "coordinates": [31.561731752188635, 30.27291090405621, 169.1137000000017]}}, {"type": "Feature", "properties": {"ID": "97", "Sectors": "القطاع الاول", "Easting": "031° 33' 44.74\" E", "Northing": "30° 16' 19.25\" N", "Google_Map": "https://www.google.com/maps/search/?api=1&query=031° 33' 44.74\" E,30° 16' 19.25\" N"}, "geometry": {"type": "Point", "coordinates": [31.562428984180208, 30.27201483486953, 165.44899999999325]}}, {"type": "Feature", "properties": {"ID": "98", "Sectors": "القطاع الاول", "Easting": "031° 33' 48.1\" E", "Northing": "30° 16' 16.91\" N", "Google_Map": "https://www.google.com/maps/search/?api=1&query=031° 33' 48.1\" E,30° 16' 16.91\" N"}, "geometry": {"type": "Point", "coordinates": [31.563361687400903, 30.271363034369507, 163.06600000000617]}}, {"type": "Feature", "properties": {"ID": "99", "Sectors": "القطاع الاول", "Easting": "031° 33' 51.12\" E", "Northing": "30° 16' 15.26\" N", "Google_Map": "https://www.google.com/maps/search/?api=1&query=031° 33' 51.12\" E,30° 16' 15.26\" N"}, "geometry": {"type": "Point", "coordinates": [31.564199625224866, 30.27090679927284, 162.45699999999488]}}, {"type": "Feature", "properties": {"ID": "100", "Sectors": "القطاع الاول", "Easting": "031° 33' 47.91\" E", "Northing": "30° 16' 12.47\" N", "Google_Map": "https://www.google.com/maps/search/?api=1&query=031° 33' 47.91\" E,30° 16' 12.47\" N"}, "geometry": {"type": "Point", "coordinates": [31.563307820899574, 30.270131133030155, 165.33000000000175]}}, {"type": "Feature", "properties": {"ID": "101", "Sectors": "القطاع الاول", "Easting": "031° 33' 44.98\" E", "Northing": "30° 16' 15.13\" N", "Google_Map": "https://www.google.com/maps/search/?api=1&query=031° 33' 44.98\" E,30° 16' 15.13\" N"}, "geometry": {"type": "Point", "coordinates": [31.562494025142847, 30.270870429303255, 168.5789999999979]}}, {"type": "Feature", "properties": {"ID": "102", "Sectors": "القطاع الاول", "Easting": "031° 33' 40.33\" E", "Northing": "30° 16' 15.26\" N", "Google_Map": "https://www.google.com/maps/search/?api=1&query=031° 33' 40.33\" E,30° 16' 15.26\" N"}, "geometry": {"type": "Point", "coordinates": [31.561203168217006, 30.270905323524136, 169.94160000000556]}}, {"type": "Feature", "properties": {"ID": "103", "Sectors": "القطاع الاول", "Easting": "031° 33' 36.59\" E", "Northing": "30° 16' 18.69\" N", "Google_Map": "https://www.google.com/maps/search/?api=1&query=031° 33' 36.59\" E,30° 16' 18.69\" N"}, "geometry": {"type": "Point", "coordinates": [31.560163946045574, 30.271857287883595, 170.86599999999453]}}, {"type": "Feature", "properties": {"ID": "104", "Sectors": "القطاع الثاني", "Easting": "031° 33' 24.14\" E", "Northing": "30° 16' 5.97\" N", "Google_Map": "https://www.google.com/maps/search/?api=1&query=031° 33' 24.14\" E,30° 16' 5.97\" N"}, "geometry": {"type": "Point", "coordinates": [31.55670680725782, 30.268325349597944, 171.4499999999971]}}, {"type": "Feature", "properties": {"ID": "105", "Sectors": "القطاع الثاني", "Easting": "031° 33' 27.48\" E", "Northing": "30° 16' 3.43\" N", "Google_Map": "https://www.google.com/maps/search/?api=1&query=031° 33' 27.48\" E,30° 16' 3.43\" N"}, "geometry": {"type": "Point", "coordinates": [31.557633866449965, 30.267618704968573, 170.9100000000035]}}, {"type": "Feature", "properties": {"ID": "106", "Sectors": "القطاع الثاني", "Easting": "031° 33' 29.86\" E", "Northing": "30° 16' 2.33\" N", "Google_Map": "https://www.google.com/maps/search/?api=1&query=031° 33' 29.86\" E,30° 16' 2.33\" N"}, "geometry": {"type": "Point", "coordinates": [31.5582953961499, 30.267313510072526, 169.8000000000029]}}, {"type": "Feature", "properties": {"ID": "107", "Sectors": "القطاع الثاني", "Easting": "031° 33' 38.55\" E", "Northing": "30° 15' 57.62\" N", "Google_Map": "https://www.google.com/maps/search/?api=1&query=031° 33' 38.55\" E,30° 15' 57.62\" N"}, "geometry": {"type": "Point", "coordinates": [31.56070889085568, 30.26600514715111, 166.10000000000582]}}, {"type": "Feature", "properties": {"ID": "108", "Sectors": "القطاع الثاني", "Easting": "031° 33' 42.3\" E", "Northing": "30° 15' 58.98\" N", "Google_Map": "https://www.google.com/maps/search/?api=1&query=031° 33' 42.3\" E,30° 15' 58.98\" N"}, "geometry": {"type": "Point", "coordinates": [31.56174985776412, 30.266383323311544, 164.50999999999476]}}, {"type": "Feature", "properties": {"ID": "109", "Sectors": "القطاع الثاني", "Easting": "031° 33' 45.95\" E", "Northing": "30° 16' 0.5\" N", "Google_Map": "https://www.google.com/maps/search/?api=1&query=031° 33' 45.95\" E,30° 16' 0.5\" N"}, "geometry": {"type": "Point", "coordinates": [31.56276339827785, 30.266804418926647, 162.86000000000058]}}, {"type": "Feature", "properties": {"ID": "110", "Sectors": "القطاع الثاني", "Easting": "031° 33' 49.49\" E", "Northing": "30° 16' 1.83\" N", "Google_Map": "https://www.google.com/maps/search/?api=1&query=031° 33' 49.49\" E,30° 16' 1.83\" N"}, "geometry": {"type": "Point", "coordinates": [31.56374619018908, 30.267173730622986, 161.13000000000466]}}, {"type": "Feature", "properties": {"ID": "111", "Sectors": "القطاع الثاني", "Easting": "031° 33' 53.59\" E", "Northing": "30° 16' 3.86\" N", "Google_Map": "https://www.google.com/maps/search/?api=1&query=031° 33' 53.59\" E,30° 16' 3.86\" N"}, "geometry": {"type": "Point", "coordinates": [31.56488600684338, 30.267739826962554, 159.63999999999942]}}, {"type": "Feature", "properties": {"ID": "112", "Sectors": "القطاع الثاني", "Easting": "031° 33' 57.31\" E", "Northing": "30° 16' 6.07\" N", "Google_Map": "https://www.google.com/maps/search/?api=1&query=031° 33' 57.31\" E,30° 16' 6.07\" N"}, "geometry": {"type": "Point", "coordinates": [31.565919016430495, 30.2683524631179, 158.9100000000035]}}, {"type": "Feature", "properties": {"ID": "113", "Sectors": "القطاع الثاني", "Easting": "031° 34' 0.26\" E", "Northing": "30° 16' 7.94\" N", "Google_Map": "https://www.google.com/maps/search/?api=1&query=031° 34' 0.26\" E,30° 16' 7.94\" N"}, "geometry": {"type": "Point", "coordinates": [31.566740041070013, 30.268871559302017, 161.83000000000175]}}, {"type": "Feature", "properties": {"ID": "114", "Sectors": "القطاع الثاني", "Easting": "031° 34' 3.05\" E", "Northing": "30° 16' 9.89\" N", "Google_Map": "https://www.google.com/maps/search/?api=1&query=031° 34' 3.05\" E,30° 16' 9.89\" N"}, "geometry": {"type": "Point", "coordinates": [31.56751350121264, 30.269412905553157, 165.61999999999534]}}, {"type": "Feature", "properties": {"ID": "115", "Sectors": "القطاع الثاني", "Easting": "031° 34' 5.96\" E", "Northing": "30° 16' 12.3\" N", "Google_Map": "https://www.google.com/maps/search/?api=1&query=031° 34' 5.96\" E,30° 16' 12.3\" N"}, "geometry": {"type": "Point", "coordinates": [31.568323094365983, 30.27008330115179, 168.52000000000407]}}, {"type": "Feature", "properties": {"ID": "116", "Sectors": "القطاع الثاني", "Easting": "031° 34' 8.57\" E", "Northing": "30° 16' 14.53\" N", "Google_Map": "https://www.google.com/maps/search/?api=1&query=031° 34' 8.57\" E,30° 16' 14.53\" N"}, "geometry": {"type": "Point", "coordinates": [31.569046647706934, 30.270703763350706, 171.86500000000524]}}, {"type": "Feature", "properties": {"ID": "117", "Sectors": "القطاع الثاني", "Easting": "031° 34' 10.71\" E", "Northing": "30° 16' 17.36\" N", "Google_Map": "https://www.google.com/maps/search/?api=1&query=031° 34' 10.71\" E,30° 16' 17.36\" N"}, "geometry": {"type": "Point", "coordinates": [31.569642777086795, 30.27148930245901, 172.36000000000058]}}, {"type": "Feature", "properties": {"ID": "118", "Sectors": "القطاع الثاني", "Easting": "031° 34' 16.17\" E", "Northing": "30° 16' 20.29\" N", "Google_Map": "https://www.google.com/maps/search/?api=1&query=031° 34' 16.17\" E,30° 16' 20.29\" N"}, "geometry": {"type": "Point", "coordinates": [31.571157095859693, 30.27230274096339, 173.57399999999325]}}, {"type": "Feature", "properties": {"ID": "119", "Sectors": "القطاع الثاني", "Easting": "031° 34' 14.64\" E", "Northing": "30° 16' 24.07\" N", "Google_Map": "https://www.google.com/maps/search/?api=1&query=031° 34' 14.64\" E,30° 16' 24.07\" N"}, "geometry": {"type": "Point", "coordinates": [31.570734341238033, 30.27335414129303, 171.45699999999488]}}, {"type": "Feature", "properties": {"ID": "120", "Sectors": "القطاع الثاني", "Easting": "031° 34' 11.13\" E", "Northing": "30° 16' 27.15\" N", "Google_Map": "https://www.google.com/maps/search/?api=1&query=031° 34' 11.13\" E,30° 16' 27.15\" N"}, "geometry": {"type": "Point", "coordinates": [31.569759221031813, 30.274208660117257, 168.70799999999872]}}, {"type": "Feature", "properties": {"ID": "121", "Sectors": "القطاع الثاني", "Easting": "031° 34' 8.76\" E", "Northing": "30° 16' 24.56\" N", "Google_Map": "https://www.google.com/maps/search/?api=1&query=031° 34' 8.76\" E,30° 16' 24.56\" N"}, "geometry": {"type": "Point", "coordinates": [31.56910088904402, 30.27348753089013, 167.47000000000116]}}, {"type": "Feature", "properties": {"ID": "122", "Sectors": "القطاع الثاني", "Easting": "031° 34' 10.23\" E", "Northing": "30° 16' 20.92\" N", "Google_Map": "https://www.google.com/maps/search/?api=1&query=031° 34' 10.23\" E,30° 16' 20.92\" N"}, "geometry": {"type": "Point", "coordinates": [31.56950730283813, 30.272479023866673, 170.8929999999964]}}, {"type": "Feature", "properties": {"ID": "123", "Sectors": "القطاع الثاني", "Easting": "031° 34' 8.98\" E", "Northing": "30° 16' 17.75\" N", "Google_Map": "https://www.google.com/maps/search/?api=1&query=031° 34' 8.98\" E,30° 16' 17.75\" N"}, "geometry": {"type": "Point", "coordinates": [31.569160832567178, 30.2715958651509, 171.7899999999936]}}, {"type": "Feature", "properties": {"ID": "124", "Sectors": "القطاع الثاني", "Easting": "031° 34' 6.78\" E", "Northing": "30° 16' 14.97\" N", "Google_Map": "https://www.google.com/maps/search/?api=1&query=031° 34' 6.78\" E,30° 16' 14.97\" N"}, "geometry": {"type": "Point", "coordinates": [31.568549108608007, 30.270825683745308, 171.88000000000466]}}, {"type": "Feature", "properties": {"ID": "125", "Sectors": "القطاع الثاني", "Easting": "031° 34' 2.7\" E", "Northing": "30° 16' 14.42\" N", "Google_Map": "https://www.google.com/maps/search/?api=1&query=031° 34' 2.7\" E,30° 16' 14.42\" N"}, "geometry": {"type": "Point", "coordinates": [31.567416269249538, 30.270672463699324, 168.65600000000268]}}, {"type": "Feature", "properties": {"ID": "126", "Sectors": "القطاع الثاني", "Easting": "031° 33' 59.62\" E", "Northing": "30° 16' 16.05\" N", "Google_Map": "https://www.google.com/maps/search/?api=1&query=031° 33' 59.62\" E,30° 16' 16.05\" N"}, "geometry": {"type": "Point", "coordinates": [31.56656207288333, 30.271123951202473, 165.3399999999965]}}, {"type": "Feature", "properties": {"ID": "127", "Sectors": "القطاع الثاني", "Easting": "031° 33' 56.88\" E", "Northing": "30° 16' 14.16\" N", "Google_Map": "https://www.google.com/maps/search/?api=1&query=031° 33' 56.88\" E,30° 16' 14.16\" N"}, "geometry": {"type": "Point", "coordinates": [31.565799353516063, 30.270600292759173, 162.10000000000582]}}, {"type": "Feature", "properties": {"ID": "128", "Sectors": "القطاع الثاني", "Easting": "031° 33' 54.76\" E", "Northing": "30° 16' 11.8\" N", "Google_Map": "https://www.google.com/maps/search/?api=1&query=031° 33' 54.76\" E,30° 16' 11.8\" N"}, "geometry": {"type": "Point", "coordinates": [31.56521161008504, 30.269943916493013, 161.6999999999971]}}, {"type": "Feature", "properties": {"ID": "129", "Sectors": "القطاع الثاني", "Easting": "031° 33' 51.51\" E", "Northing": "30° 16' 9.71\" N", "Google_Map": "https://www.google.com/maps/search/?api=1&query=031° 33' 51.51\" E,30° 16' 9.71\" N"}, "geometry": {"type": "Point", "coordinates": [31.56430926318359, 30.26936301870677, 162.02000000000407]}}, {"type": "Feature", "properties": {"ID": "130", "Sectors": "القطاع الثاني", "Easting": "031° 33' 48.21\" E", "Northing": "30° 16' 7.94\" N", "Google_Map": "https://www.google.com/maps/search/?api=1&query=031° 33' 48.21\" E,30° 16' 7.94\" N"}, "geometry": {"type": "Point", "coordinates": [31.563392276946278, 30.268873577922143, 163.24000000000524]}}, {"type": "Feature", "properties": {"ID": "131", "Sectors": "القطاع الاول", "Easting": "031° 33' 44.06\" E", "Northing": "30° 16' 8.61\" N", "Google_Map": "https://www.google.com/maps/search/?api=1&query=031° 33' 44.06\" E,30° 16' 8.61\" N"}, "geometry": {"type": "Point", "coordinates": [31.56223840064099, 30.26905768361965, 163.11000000000058]}}, {"type": "Feature", "properties": {"ID": "132", "Sectors": "القطاع الاول", "Easting": "031° 33' 39.15\" E", "Northing": "30° 16' 6.7\" N", "Google_Map": "https://www.google.com/maps/search/?api=1&query=031° 33' 39.15\" E,30° 16' 6.7\" N"}, "geometry": {"type": "Point", "coordinates": [31.560875186420745, 30.26852647363043, 166.0500000000029]}}, {"type": "Feature", "properties": {"ID": "133", "Sectors": "القطاع الاول", "Easting": "031° 33' 35.01\" E", "Northing": "30° 16' 9.54\" N", "Google_Map": "https://www.google.com/maps/search/?api=1&query=031° 33' 35.01\" E,30° 16' 9.54\" N"}, "geometry": {"type": "Point", "coordinates": [31.559724849639533, 30.26931544648861, 170.27000000000407]}}, {"type": "Feature", "properties": {"ID": "134", "Sectors": "القطاع الثاني", "Easting": "031° 33' 32.58\" E", "Northing": "30° 16' 8.63\" N", "Google_Map": "https://www.google.com/maps/search/?api=1&query=031° 33' 32.58\" E,30° 16' 8.63\" N"}, "geometry": {"type": "Point", "coordinates": [31.559051262494794, 30.269064439809387, 171.3000000000029]}}, {"type": "Feature", "properties": {"ID": "135", "Sectors": "القطاع الثاني", "Easting": "031° 33' 29.23\" E", "Northing": "30° 16' 8.16\" N", "Google_Map": "https://www.google.com/maps/search/?api=1&query=031° 33' 29.23\" E,30° 16' 8.16\" N"}, "geometry": {"type": "Point", "coordinates": [31.558120737121058, 30.268933288182133, 173.36999999999534]}}, {"type": "Feature", "properties": {"ID": "136", "Sectors": "القطاع الثاني", "Easting": "031° 33' 19.99\" E", "Northing": "30° 16' 3.87\" N", "Google_Map": "https://www.google.com/maps/search/?api=1&query=031° 33' 19.99\" E,30° 16' 3.87\" N"}, "geometry": {"type": "Point", "coordinates": [31.555552932971192, 30.267741832848788, 171.5500000000029]}}, {"type": "Feature", "properties": {"ID": "137", "Sectors": "القطاع الثاني", "Easting": "031° 33' 16.89\" E", "Northing": "30° 16' 2.58\" N", "Google_Map": "https://www.google.com/maps/search/?api=1&query=031° 33' 16.89\" E,30° 16' 2.58\" N"}, "geometry": {"type": "Point", "coordinates": [31.554691862290703, 30.267382736103425, 170.80999999999767]}}, {"type": "Feature", "properties": {"ID": "138", "Sectors": "القطاع الثاني", "Easting": "031° 33' 18.58\" E", "Northing": "30° 15' 58.04\" N", "Google_Map": "https://www.google.com/maps/search/?api=1&query=031° 33' 18.58\" E,30° 15' 58.04\" N"}, "geometry": {"type": "Point", "coordinates": [31.555161381616422, 30.266121362940808, 169.9609999999957]}}, {"type": "Feature", "properties": {"ID": "139", "Sectors": "القطاع الثاني", "Easting": "031° 33' 21.27\" E", "Northing": "30° 16' 0.57\" N", "Google_Map": "https://www.google.com/maps/search/?api=1&query=031° 33' 21.27\" E,30° 16' 0.57\" N"}, "geometry": {"type": "Point", "coordinates": [31.555908982889, 30.26682465930233, 170.61999999999534]}}, {"type": "Feature", "properties": {"ID": "140", "Sectors": "القطاع الثاني", "Easting": "031° 33' 27.57\" E", "Northing": "30° 15' 59.82\" N", "Google_Map": "https://www.google.com/maps/search/?api=1&query=031° 33' 27.57\" E,30° 15' 59.82\" N"}, "geometry": {"type": "Point", "coordinates": [31.557657546907276, 30.26661784790132, 167.8000000000029]}}, {"type": "Feature", "properties": {"ID": "141", "Sectors": "القطاع الثاني", "Easting": "031° 33' 22.84\" E", "Northing": "30° 15' 57.08\" N", "Google_Map": "https://www.google.com/maps/search/?api=1&query=031° 33' 22.84\" E,30° 15' 57.08\" N"}, "geometry": {"type": "Point", "coordinates": [31.556345491358933, 30.265856625437262, 168.10499999999593]}}, {"type": "Feature", "properties": {"ID": "142", "Sectors": "القطاع الثاني", "Easting": "031° 33' 26.2\" E", "Northing": "30° 15' 53.82\" N", "Google_Map": "https://www.google.com/maps/search/?api=1&query=031° 33' 26.2\" E,30° 15' 53.82\" N"}, "geometry": {"type": "Point", "coordinates": [31.557277292726972, 30.264950009624403, 165.22000000000116]}}, {"type": "Feature", "properties": {"ID": "143", "Sectors": "القطاع الثاني", "Easting": "031° 33' 31.06\" E", "Northing": "30° 15' 58.04\" N", "Google_Map": "https://www.google.com/maps/search/?api=1&query=031° 33' 31.06\" E,30° 15' 58.04\" N"}, "geometry": {"type": "Point", "coordinates": [31.558628236415625, 30.26612084529336, 167.9600000000064]}}, {"type": "Feature", "properties": {"ID": "144", "Sectors": "القطاع الثاني", "Easting": "031° 33' 34.74\" E", "Northing": "30° 15' 56.96\" N", "Google_Map": "https://www.google.com/maps/search/?api=1&query=031° 33' 34.74\" E,30° 15' 56.96\" N"}, "geometry": {"type": "Point", "coordinates": [31.55964876968122, 30.26582317961984, 167.39999999999418]}}, {"type": "Feature", "properties": {"ID": "145", "Sectors": "القطاع الثاني", "Easting": "031° 33' 44.96\" E", "Northing": "30° 15' 53.43\" N", "Google_Map": "https://www.google.com/maps/search/?api=1&query=031° 33' 44.96\" E,30° 15' 53.43\" N"}, "geometry": {"type": "Point", "coordinates": [31.56248919489333, 30.264842818790576, 164.28019999999378]}}, {"type": "Feature", "properties": {"ID": "146", "Sectors": "القطاع الثاني", "Easting": "031° 33' 49.67\" E", "Northing": "30° 15' 55.15\" N", "Google_Map": "https://www.google.com/maps/search/?api=1&query=031° 33' 49.67\" E,30° 15' 55.15\" N"}, "geometry": {"type": "Point", "coordinates": [31.563796829431997, 30.265320015243045, 160.77000000000407]}}, {"type": "Feature", "properties": {"ID": "147", "Sectors": "القطاع الثاني", "Easting": "031° 33' 51.67\" E", "Northing": "30° 15' 58.28\" N", "Google_Map": "https://www.google.com/maps/search/?api=1&query=031° 33' 51.67\" E,30° 15' 58.28\" N"}, "geometry": {"type": "Point", "coordinates": [31.564352080935787, 30.26618949509824, 158.57000000000698]}}, {"type": "Feature", "properties": {"ID": "148", "Sectors": "القطاع الثاني", "Easting": "031° 33' 56.25\" E", "Northing": "30° 16' 0.1\" N", "Google_Map": "https://www.google.com/maps/search/?api=1&query=031° 33' 56.25\" E,30° 16' 0.1\" N"}, "geometry": {"type": "Point", "coordinates": [31.565625184649207, 30.266694193065685, 156.71510000000126]}}, {"type": "Feature", "properties": {"ID": "149", "Sectors": "القطاع الثاني", "Easting": "031° 34' 0.49\" E", "Northing": "30° 16' 2.06\" N", "Google_Map": "https://www.google.com/maps/search/?api=1&query=031° 34' 0.49\" E,30° 16' 2.06\" N"}, "geometry": {"type": "Point", "coordinates": [31.5668035807565, 30.267237946490496, 158.4250999999931]}}, {"type": "Feature", "properties": {"ID": "150", "Sectors": "القطاع الثاني", "Easting": "031° 34' 3.12\" E", "Northing": "30° 16' 3.38\" N", "Google_Map": "https://www.google.com/maps/search/?api=1&query=031° 34' 3.12\" E,30° 16' 3.38\" N"}, "geometry": {"type": "Point", "coordinates": [31.567534687785, 30.267604948521104, 160.3304999999964]}}, {"type": "Feature", "properties": {"ID": "151", "Sectors": "القطاع الثاني", "Easting": "031° 34' 5.75\" E", "Northing": "30° 16' 5.82\" N", "Google_Map": "https://www.google.com/maps/search/?api=1&query=031° 34' 5.75\" E,30° 16' 5.82\" N"}, "geometry": {"type": "Point", "coordinates": [31.568263546283, 30.268284415116916, 162.8298000000068]}}, {"type": "Feature", "properties": {"ID": "152", "Sectors": "القطاع الثاني", "Easting": "031° 34' 9.47\" E", "Northing": "30° 16' 7.29\" N", "Google_Map": "https://www.google.com/maps/search/?api=1&query=031° 34' 9.47\" E,30° 16' 7.29\" N"}, "geometry": {"type": "Point", "coordinates": [31.569298602959282, 30.26869058979563, 164.4499999999971]}}, {"type": "Feature", "properties": {"ID": "153", "Sectors": "القطاع الثاني", "Easting": "031° 34' 12.12\" E", "Northing": "30° 16' 9.71\" N", "Google_Map": "https://www.google.com/maps/search/?api=1&query=031° 34' 12.12\" E,30° 16' 9.71\" N"}, "geometry": {"type": "Point", "coordinates": [31.570032916770565, 30.26936483938198, 167.74830000000657]}}, {"type": "Feature", "properties": {"ID": "154", "Sectors": "القطاع الثاني", "Easting": "031° 34' 14.75\" E", "Northing": "30° 16' 12.93\" N", "Google_Map": "https://www.google.com/maps/search/?api=1&query=031° 34' 14.75\" E,30° 16' 12.93\" N"}, "geometry": {"type": "Point", "coordinates": [31.57076448279041, 30.27025915748142, 169.62799999999697]}}, {"type": "Feature", "properties": {"ID": "155", "Sectors": "القطاع الثاني", "Easting": "031° 34' 16.79\" E", "Northing": "30° 16' 16.5\" N", "Google_Map": "https://www.google.com/maps/search/?api=1&query=031° 34' 16.79\" E,30° 16' 16.5\" N"}, "geometry": {"type": "Point", "coordinates": [31.571329800279734, 30.271250264050966, 172.75599999999395]}}, {"type": "Feature", "properties": {"ID": "156", "Sectors": "القطاع الثاني", "Easting": "031° 33' 49.59\" E", "Northing": "30° 16' 6.14\" N", "Google_Map": "https://www.google.com/maps/search/?api=1&query=031° 33' 49.59\" E,30° 16' 6.14\" N"}, "geometry": {"type": "Point", "coordinates": [31.563773861540444, 30.26837355798564, 161.41999999999825]}}, {"type": "Feature", "properties": {"ID": "157", "Sectors": "القطاع الثاني", "Easting": "031° 33' 52.98\" E", "Northing": "30° 16' 7.94\" N", "Google_Map": "https://www.google.com/maps/search/?api=1&query=031° 33' 52.98\" E,30° 16' 7.94\" N"}, "geometry": {"type": "Point", "coordinates": [31.56471577521085, 30.268871123611135, 159.88999999999942]}}, {"type": "Feature", "properties": {"ID": "158", "Sectors": "القطاع الثاني", "Easting": "031° 33' 56.39\" E", "Northing": "30° 16' 9.96\" N", "Google_Map": "https://www.google.com/maps/search/?api=1&query=031° 33' 56.39\" E,30° 16' 9.96\" N"}, "geometry": {"type": "Point", "coordinates": [31.56566446183144, 30.269434453430314, 161.32000000000698]}}, {"type": "Feature", "properties": {"ID": "159", "Sectors": "القطاع الثاني", "Easting": "031° 33' 59.65\" E", "Northing": "30° 16' 12.14\" N", "Google_Map": "https://www.google.com/maps/search/?api=1&query=031° 33' 59.65\" E,30° 16' 12.14\" N"}, "geometry": {"type": "Point", "coordinates": [31.566570237094048, 30.27003995429039, 165.35000000000582]}}, {"type": "Feature", "properties": {"ID": "160", "Sectors": "القطاع الخامس", "Easting": "031° 33' 14.44\" E", "Northing": "30° 16' 31.2\" N", "Google_Map": "https://www.google.com/maps/search/?api=1&query=031° 33' 14.44\" E,30° 16' 31.2\" N"}, "geometry": {"type": "Point", "coordinates": [31.554010714765145, 30.27533430044306, 170.54869999999937]}}, {"type": "Feature", "properties": {"ID": "161", "Sectors": "القطاع الخامس", "Easting": "031° 33' 36.34\" E", "Northing": "30° 16' 51.82\" N", "Google_Map": "https://www.google.com/maps/search/?api=1&query=031° 33' 36.34\" E,30° 16' 51.82\" N"}, "geometry": {"type": "Point", "coordinates": [31.560095045969017, 30.281062484037996, 179.6203999999998]}}, {"type": "Feature", "properties": {"ID": "162", "Sectors": "القطاع الخامس", "Easting": "031° 33' 10.92\" E", "Northing": "30° 16' 33.7\" N", "Google_Map": "https://www.google.com/maps/search/?api=1&query=031° 33' 10.92\" E,30° 16' 33.7\" N"}, "geometry": {"type": "Point", "coordinates": [31.553032783955402, 30.276027474398557, 169.534799999994]}}, {"type": "Feature", "properties": {"ID": "163", "Sectors": "القطاع الخامس", "Easting": "031° 33' 32.18\" E", "Northing": "30° 16' 53.38\" N", "Google_Map": "https://www.google.com/maps/search/?api=1&query=031° 33' 32.18\" E,30° 16' 53.38\" N"}, "geometry": {"type": "Point", "coordinates": [31.558939463975207, 30.28149543792172, 180.08900000000722]}}, {"type": "Feature", "properties": {"ID": "164", "Sectors": "القطاع الخامس", "Easting": "031° 33' 7.2\" E", "Northing": "30° 16' 29.83\" N", "Google_Map": "https://www.google.com/maps/search/?api=1&query=031° 33' 7.2\" E,30° 16' 29.83\" N"}, "geometry": {"type": "Point", "coordinates": [31.552001069730036, 30.274953465284575, 168.98549999999523]}}, {"type": "Feature", "properties": {"ID": "165", "Sectors": "القطاع الخامس", "Easting": "031° 33' 32.85\" E", "Northing": "30° 16' 49.55\" N", "Google_Map": "https://www.google.com/maps/search/?api=1&query=031° 33' 32.85\" E,30° 16' 49.55\" N"}, "geometry": {"type": "Point", "coordinates": [31.559125435145912, 30.280430695443396, 178.75160000000324]}}, {"type": "Feature", "properties": {"ID": "166", "Sectors": "القطاع الخامس", "Easting": "031° 33' 18.58\" E", "Northing": "30° 16' 51.74\" N", "Google_Map": "https://www.google.com/maps/search/?api=1&query=031° 33' 18.58\" E,30° 16' 51.74\" N"}, "geometry": {"type": "Point", "coordinates": [31.555160021083157, 30.281040158848562, 173.49229999999807]}}, {"type": "Feature", "properties": {"ID": "167", "Sectors": "القطاع الخامس", "Easting": "031° 33' 14.08\" E", "Northing": "30° 16' 27.93\" N", "Google_Map": "https://www.google.com/maps/search/?api=1&query=031° 33' 14.08\" E,30° 16' 27.93\" N"}, "geometry": {"type": "Point", "coordinates": [31.553911854769442, 30.274425300636718, 169.90069999999832]}}, {"type": "Feature", "properties": {"ID": "168", "Sectors": "القطاع الخامس", "Easting": "031° 33' 36.22\" E", "Northing": "30° 16' 45.52\" N", "Google_Map": "https://www.google.com/maps/search/?api=1&query=031° 33' 36.22\" E,30° 16' 45.52\" N"}, "geometry": {"type": "Point", "coordinates": [31.560059770765818, 30.279310869123595, 179.2856000000029]}}, {"type": "Feature", "properties": {"ID": "169", "Sectors": "القطاع الخامس", "Easting": "031° 33' 21.23\" E", "Northing": "30° 16' 41.77\" N", "Google_Map": "https://www.google.com/maps/search/?api=1&query=031° 33' 21.23\" E,30° 16' 41.77\" N"}, "geometry": {"type": "Point", "coordinates": [31.55589663434434, 30.2782683423513, 173.6371999999974]}}, {"type": "Feature", "properties": {"ID": "170", "Sectors": "القطاع الخامس", "Easting": "031° 33' 24.15\" E", "Northing": "30° 16' 44.05\" N", "Google_Map": "https://www.google.com/maps/search/?api=1&query=031° 33' 24.15\" E,30° 16' 44.05\" N"}, "geometry": {"type": "Point", "coordinates": [31.55670696151958, 30.27890269625428, 174.63409999999567]}}, {"type": "Feature", "properties": {"ID": "171", "Sectors": "القطاع الخامس", "Easting": "031° 33' 27.06\" E", "Northing": "30° 16' 46.33\" N", "Google_Map": "https://www.google.com/maps/search/?api=1&query=031° 33' 27.06\" E,30° 16' 46.33\" N"}, "geometry": {"type": "Point", "coordinates": [31.55751730949639, 30.27953704491397, 175.51360000000568]}}, {"type": "Feature", "properties": {"ID": "172", "Sectors": "القطاع الخامس", "Easting": "031° 33' 30.0\" E", "Northing": "30° 16' 48.63\" N", "Google_Map": "https://www.google.com/maps/search/?api=1&query=031° 33' 30.0\" E,30° 16' 48.63\" N"}, "geometry": {"type": "Point", "coordinates": [31.55833246100807, 30.280174285123934, 176.98470000000088]}}, {"type": "Feature", "properties": {"ID": "173", "Sectors": "القطاع الخامس", "Easting": "031° 33' 33.69\" E", "Northing": "30° 16' 45.41\" N", "Google_Map": "https://www.google.com/maps/search/?api=1&query=031° 33' 33.69\" E,30° 16' 45.41\" N"}, "geometry": {"type": "Point", "coordinates": [31.559357574691028, 30.279281241335337, 178.42759999999544]}}, {"type": "Feature", "properties": {"ID": "174", "Sectors": "القطاع الخامس", "Easting": "031° 33' 30.57\" E", "Northing": "30° 16' 42.96\" N", "Google_Map": "https://www.google.com/maps/search/?api=1&query=031° 33' 30.57\" E,30° 16' 42.96\" N"}, "geometry": {"type": "Point", "coordinates": [31.55849162072675, 30.27860121253541, 177.4274000000005]}}, {"type": "Feature", "properties": {"ID": "175", "Sectors": "القطاع الخامس", "Easting": "031° 33' 27.59\" E", "Northing": "30° 16' 40.74\" N", "Google_Map": "https://www.google.com/maps/search/?api=1&query=031° 33' 27.59\" E,30° 16' 40.74\" N"}, "geometry": {"type": "Point", "coordinates": [31.557664793972187, 30.277982675124207, 176.63999999999942]}}, {"type": "Feature", "properties": {"ID": "176", "Sectors": "القطاع الخامس", "Easting": "031° 33' 24.74\" E", "Northing": "30° 16' 38.39\" N", "Google_Map": "https://www.google.com/maps/search/?api=1&query=031° 33' 24.74\" E,30° 16' 38.39\" N"}, "geometry": {"type": "Point", "coordinates": [31.55687330049436, 30.2773302639251, 175.74229999999807]}}, {"type": "Feature", "properties": {"ID": "177", "Sectors": "القطاع الخامس", "Easting": "031° 33' 20.76\" E", "Northing": "30° 16' 35.36\" N", "Google_Map": "https://www.google.com/maps/search/?api=1&query=031° 33' 20.76\" E,30° 16' 35.36\" N"}, "geometry": {"type": "Point", "coordinates": [31.555766414826056, 30.276489837781046, 173.88830000000598]}}, {"type": "Feature", "properties": {"ID": "178", "Sectors": "القطاع الخامس", "Easting": "031° 33' 17.89\" E", "Northing": "30° 16' 33.0\" N", "Google_Map": "https://www.google.com/maps/search/?api=1&query=031° 33' 17.89\" E,30° 16' 33.0\" N"}, "geometry": {"type": "Point", "coordinates": [31.554968199149762, 30.275833955036735, 172.43480000000272]}}, {"type": "Feature", "properties": {"ID": "179", "Sectors": "القطاع الخامس", "Easting": "031° 33' 16.79\" E", "Northing": "30° 16' 38.29\" N", "Google_Map": "https://www.google.com/maps/search/?api=1&query=031° 33' 16.79\" E,30° 16' 38.29\" N"}, "geometry": {"type": "Point", "coordinates": [31.55466326028175, 30.277303126704865, 172.12769999999728]}}, {"type": "Feature", "properties": {"ID": "180", "Sectors": "القطاع الخامس", "Easting": "031° 33' 13.85\" E", "Northing": "30° 16' 35.99\" N", "Google_Map": "https://www.google.com/maps/search/?api=1&query=031° 33' 13.85\" E,30° 16' 35.99\" N"}, "geometry": {"type": "Point", "coordinates": [31.55384678431263, 30.276664757240606, 170.86719999999332]}}, {"type": "Feature", "properties": {"ID": "181", "Sectors": "القطاع الخامس", "Easting": "031° 33' 10.75\" E", "Northing": "30° 16' 29.5\" N", "Google_Map": "https://www.google.com/maps/search/?api=1&query=031° 33' 10.75\" E,30° 16' 29.5\" N"}, "geometry": {"type": "Point", "coordinates": [31.55298671684927, 30.274861857818426, 169.28019999999378]}}, {"type": "Feature", "properties": {"ID": "182", "Sectors": "القطاع الخامس", "Easting": "031° 33' 24.39\" E", "Northing": "30° 16' 35.87\" N", "Google_Map": "https://www.google.com/maps/search/?api=1&query=031° 33' 24.39\" E,30° 16' 35.87\" N"}, "geometry": {"type": "Point", "coordinates": [31.55677552218783, 30.276631920012584, 175.93739999999525]}}, {"type": "Feature", "properties": {"ID": "183", "Sectors": "القطاع الخامس", "Easting": "031° 33' 33.19\" E", "Northing": "30° 16' 42.78\" N", "Google_Map": "https://www.google.com/maps/search/?api=1&query=031° 33' 33.19\" E,30° 16' 42.78\" N"}, "geometry": {"type": "Point", "coordinates": [31.55921835197916, 30.278551168432312, 178.4533999999985]}}, {"type": "Feature", "properties": {"ID": "184", "Sectors": "القطاع الخامس", "Easting": "031° 33' 21.45\" E", "Northing": "30° 16' 53.99\" N", "Google_Map": "https://www.google.com/maps/search/?api=1&query=031° 33' 21.45\" E,30° 16' 53.99\" N"}, "geometry": {"type": "Point", "coordinates": [31.555959529301195, 30.281665260860265, 175.07240000000456]}}, {"type": "Feature", "properties": {"ID": "185", "Sectors": "القطاع الخامس", "Easting": "031° 33' 27.19\" E", "Northing": "30° 16' 58.48\" N", "Google_Map": "https://www.google.com/maps/search/?api=1&query=031° 33' 27.19\" E,30° 16' 58.48\" N"}, "geometry": {"type": "Point", "coordinates": [31.557552578403065, 30.282910926570448, 172.5271999999968]}}, {"type": "Feature", "properties": {"ID": "186", "Sectors": "القطاع الخامس", "Easting": "031° 33' 23.68\" E", "Northing": "30° 16' 59.26\" N", "Google_Map": "https://www.google.com/maps/search/?api=1&query=031° 33' 23.68\" E,30° 16' 59.26\" N"}, "geometry": {"type": "Point", "coordinates": [31.556578860324972, 30.283127240150076, 172.16809999999532]}}, {"type": "Feature", "properties": {"ID": "187", "Sectors": "القطاع الخامس", "Easting": "031° 33' 20.89\" E", "Northing": "30° 16' 57.08\" N", "Google_Map": "https://www.google.com/maps/search/?api=1&query=031° 33' 20.89\" E,30° 16' 57.08\" N"}, "geometry": {"type": "Point", "coordinates": [31.55580350415251, 30.282521138587263, 173.26440000000002]}}, {"type": "Feature", "properties": {"ID": "188", "Sectors": "القطاع الخامس", "Easting": "031° 33' 18.23\" E", "Northing": "30° 16' 55.0\" N", "Google_Map": "https://www.google.com/maps/search/?api=1&query=031° 33' 18.23\" E,30° 16' 55.0\" N"}, "geometry": {"type": "Point", "coordinates": [31.555064804734037, 30.281943679404524, 173.79529999999795]}}, {"type": "Feature", "properties": {"ID": "189", "Sectors": "القطاع الخامس", "Easting": "031° 33' 27.2\" E", "Northing": "30° 17' 2.47\" N", "Google_Map": "https://www.google.com/maps/search/?api=1&query=031° 33' 27.2\" E,30° 17' 2.47\" N"}, "geometry": {"type": "Point", "coordinates": [31.55755641820503, 30.284018756815577, 170.6067000000039]}}, {"type": "Feature", "properties": {"ID": "190", "Sectors": "القطاع الخامس", "Easting": "031° 33' 8.7\" E", "Northing": "30° 16' 47.54\" N", "Google_Map": "https://www.google.com/maps/search/?api=1&query=031° 33' 8.7\" E,30° 16' 47.54\" N"}, "geometry": {"type": "Point", "coordinates": [31.552416426490794, 30.279872992575363, 171.7453999999998]}}, {"type": "Feature", "properties": {"ID": "191", "Sectors": "القطاع الخامس", "Easting": "031° 33' 5.74\" E", "Northing": "30° 16' 45.23\" N", "Google_Map": "https://www.google.com/maps/search/?api=1&query=031° 33' 5.74\" E,30° 16' 45.23\" N"}, "geometry": {"type": "Point", "coordinates": [31.551593314791067, 30.279229446868662, 171.7436000000016]}}, {"type": "Feature", "properties": {"ID": "192", "Sectors": "القطاع الخامس", "Easting": "031° 33' 2.44\" E", "Northing": "30° 16' 42.65\" N", "Google_Map": "https://www.google.com/maps/search/?api=1&query=031° 33' 2.44\" E,30° 16' 42.65\" N"}, "geometry": {"type": "Point", "coordinates": [31.55067734253721, 30.278513283367218, 172.38229999999749]}}, {"type": "Feature", "properties": {"ID": "193", "Sectors": "القطاع الخامس", "Easting": "031° 33' 6.38\" E", "Northing": "30° 16' 38.19\" N", "Google_Map": "https://www.google.com/maps/search/?api=1&query=031° 33' 6.38\" E,30° 16' 38.19\" N"}, "geometry": {"type": "Point", "coordinates": [31.551772617293782, 30.27727488999918, 170.61699999999837]}}, {"type": "Feature", "properties": {"ID": "194", "Sectors": "القطاع الخامس", "Easting": "031° 33' 15.35\" E", "Northing": "30° 16' 52.74\" N", "Google_Map": "https://www.google.com/maps/search/?api=1&query=031° 33' 15.35\" E,30° 16' 52.74\" N"}, "geometry": {"type": "Point", "coordinates": [31.554264077967265, 30.28131772007094, 173.16620000000694]}}, {"type": "Feature", "properties": {"ID": "195", "Sectors": "القطاع الخامس", "Easting": "031° 33' 19.59\" E", "Northing": "30° 16' 48.53\" N", "Google_Map": "https://www.google.com/maps/search/?api=1&query=031° 33' 19.59\" E,30° 16' 48.53\" N"}, "geometry": {"type": "Point", "coordinates": [31.555442895895474, 30.280145909228985, 173.5179999999964]}}, {"type": "Feature", "properties": {"ID": "196", "Sectors": "القطاع الخامس", "Easting": "031° 33' 22.92\" E", "Northing": "30° 16' 51.12\" N", "Google_Map": "https://www.google.com/maps/search/?api=1&query=031° 33' 22.92\" E,30° 16' 51.12\" N"}, "geometry": {"type": "Point", "coordinates": [31.556366509317122, 30.280867837072385, 174.53310000000056]}}, {"type": "Feature", "properties": {"ID": "197", "Sectors": "القطاع الخامس", "Easting": "031° 33' 28.07\" E", "Northing": "30° 16' 55.15\" N", "Google_Map": "https://www.google.com/maps/search/?api=1&query=031° 33' 28.07\" E,30° 16' 55.15\" N"}, "geometry": {"type": "Point", "coordinates": [31.557798323030884, 30.281986953186728, 178.0633999999991]}}, {"type": "Feature", "properties": {"ID": "198", "Sectors": "القطاع الخامس", "Easting": "031° 33' 25.36\" E", "Northing": "30° 16' 53.03\" N", "Google_Map": "https://www.google.com/maps/search/?api=1&query=031° 33' 25.36\" E,30° 16' 53.03\" N"}, "geometry": {"type": "Point", "coordinates": [31.557045505611605, 30.2813985505754, 176.1475000000064]}}, {"type": "Feature", "properties": {"ID": "199", "Sectors": "القطاع الخامس", "Easting": "031° 33' 35.89\" E", "Northing": "30° 16' 56.29\" N", "Google_Map": "https://www.google.com/maps/search/?api=1&query=031° 33' 35.89\" E,30° 16' 56.29\" N"}, "geometry": {"type": "Point", "coordinates": [31.55997057147291, 30.282301462613773, 180.03889999999956]}}, {"type": "Feature", "properties": {"ID": "200", "Sectors": "القطاع الخامس", "Easting": "031° 33' 30.38\" E", "Northing": "30° 16' 56.79\" N", "Google_Map": "https://www.google.com/maps/search/?api=1&query=031° 33' 30.38\" E,30° 16' 56.79\" N"}, "geometry": {"type": "Point", "coordinates": [31.558440034227978, 30.28244262361096, 178.96980000000622]}}, {"type": "Feature", "properties": {"ID": "201", "Sectors": "القطاع الخامس", "Easting": "031° 33' 28.29\" E", "Northing": "30° 16' 51.76\" N", "Google_Map": "https://www.google.com/maps/search/?api=1&query=031° 33' 28.29\" E,30° 16' 51.76\" N"}, "geometry": {"type": "Point", "coordinates": [31.557859540891794, 30.281045779964096, 176.841499999995]}}, {"type": "Feature", "properties": {"ID": "202", "Sectors": "القطاع الخامس", "Easting": "031° 33' 26.57\" E", "Northing": "30° 16' 49.0\" N", "Google_Map": "https://www.google.com/maps/search/?api=1&query=031° 33' 26.57\" E,30° 16' 49.0\" N"}, "geometry": {"type": "Point", "coordinates": [31.55738145174619, 30.280277489146474, 175.1027999999933]}}, {"type": "Feature", "properties": {"ID": "203", "Sectors": "القطاع الخامس", "Easting": "031° 33' 20.7\" E", "Northing": "30° 16' 44.41\" N", "Google_Map": "https://www.google.com/maps/search/?api=1&query=031° 33' 20.7\" E,30° 16' 44.41\" N"}, "geometry": {"type": "Point", "coordinates": [31.555750405469404, 30.279002393920734, 173.02599999999802]}}, {"type": "Feature", "properties": {"ID": "204", "Sectors": "القطاع الخامس", "Easting": "031° 33' 16.32\" E", "Northing": "30° 16' 40.98\" N", "Google_Map": "https://www.google.com/maps/search/?api=1&query=031° 33' 16.32\" E,30° 16' 40.98\" N"}, "geometry": {"type": "Point", "coordinates": [31.554533589176014, 30.27805109322148, 171.74340000000666]}}, {"type": "Feature", "properties": {"ID": "205", "Sectors": "القطاع الخامس", "Easting": "031° 33' 10.92\" E", "Northing": "30° 16' 36.76\" N", "Google_Map": "https://www.google.com/maps/search/?api=1&query=031° 33' 10.92\" E,30° 16' 36.76\" N"}, "geometry": {"type": "Point", "coordinates": [31.553032291094357, 30.27687734532341, 169.8359000000055]}}, {"type": "Feature", "properties": {"ID": "206", "Sectors": "القطاع الخامس", "Easting": "031° 33' 4.62\" E", "Northing": "30° 16' 31.84\" N", "Google_Map": "https://www.google.com/maps/search/?api=1&query=031° 33' 4.62\" E,30° 16' 31.84\" N"}, "geometry": {"type": "Point", "coordinates": [31.551283587578478, 30.275510112967737, 169.44650000000547]}}, {"type": "Feature", "properties": {"ID": "207", "Sectors": "القطاع الخامس", "Easting": "031° 33' 22.78\" E", "Northing": "30° 16' 47.45\" N", "Google_Map": "https://www.google.com/maps/search/?api=1&query=031° 33' 22.78\" E,30° 16' 47.45\" N"}, "geometry": {"type": "Point", "coordinates": [31.55632777017829, 30.279848315599878, 173.85229999999865]}}, {"type": "Feature", "properties": {"ID": "208", "Sectors": "القطاع الخامس", "Easting": "031° 33' 12.98\" E", "Northing": "30° 16' 39.79\" N", "Google_Map": "https://www.google.com/maps/search/?api=1&query=031° 33' 12.98\" E,30° 16' 39.79\" N"}, "geometry": {"type": "Point", "coordinates": [31.55360626598151, 30.277720658986794, 170.81969999999274]}}, {"type": "Feature", "properties": {"ID": "209", "Sectors": "القطاع الخامس", "Easting": "031° 33' 6.45\" E", "Northing": "30° 16' 34.69\" N", "Google_Map": "https://www.google.com/maps/search/?api=1&query=031° 33' 6.45\" E,30° 16' 34.69\" N"}, "geometry": {"type": "Point", "coordinates": [31.551791241678103, 30.276301599111516, 169.3469000000041]}}, {"type": "Feature", "properties": {"ID": "210", "Sectors": "القطاع الخامس", "Easting": "031° 33' 9.08\" E", "Northing": "30° 16' 40.3\" N", "Google_Map": "https://www.google.com/maps/search/?api=1&query=031° 33' 9.08\" E,30° 16' 40.3\" N"}, "geometry": {"type": "Point", "coordinates": [31.55252292790298, 30.277861923675353, 171.20560000000114]}}, {"type": "Feature", "properties": {"ID": "211", "Sectors": "القطاع الخامس", "Easting": "031° 33' 11.79\" E", "Northing": "30° 16' 42.42\" N", "Google_Map": "https://www.google.com/maps/search/?api=1&query=031° 33' 11.79\" E,30° 16' 42.42\" N"}, "geometry": {"type": "Point", "coordinates": [31.553275923953947, 30.278451047887607, 171.5014999999985]}}, {"type": "Feature", "properties": {"ID": "212", "Sectors": "القطاع الخامس", "Easting": "031° 33' 15.53\" E", "Northing": "30° 16' 44.98\" N", "Google_Map": "https://www.google.com/maps/search/?api=1&query=031° 33' 15.53\" E,30° 16' 44.98\" N"}, "geometry": {"type": "Point", "coordinates": [31.5543129598874, 30.279161183349917, 171.71630000000005]}}, {"type": "Feature", "properties": {"ID": "213", "Sectors": "القطاع الخامس", "Easting": "031° 33' 12.42\" E", "Northing": "30° 16' 46.94\" N", "Google_Map": "https://www.google.com/maps/search/?api=1&query=031° 33' 12.42\" E,30° 16' 46.94\" N"}, "geometry": {"type": "Point", "coordinates": [31.553451238897654, 30.27970445086069, 171.74289999999746]}}, {"type": "Feature", "properties": {"ID": "214", "Sectors": "القطاع الخامس", "Easting": "031° 33' 10.03\" E", "Northing": "30° 16' 45.06\" N", "Google_Map": "https://www.google.com/maps/search/?api=1&query=031° 33' 10.03\" E,30° 16' 45.06\" N"}, "geometry": {"type": "Point", "coordinates": [31.552784915115364, 30.27918382541371, 171.71659999999974]}}, {"type": "Feature", "properties": {"ID": "215", "Sectors": "القطاع الخامس", "Easting": "031° 33' 7.15\" E", "Northing": "30° 16' 42.82\" N", "Google_Map": "https://www.google.com/maps/search/?api=1&query=031° 33' 7.15\" E,30° 16' 42.82\" N"}, "geometry": {"type": "Point", "coordinates": [31.551987048848392, 30.278560410279447, 172.17630000000645]}}, {"type": "Feature", "properties": {"ID": "216", "Sectors": "القطاع الخامس", "Easting": "031° 33' 3.89\" E", "Northing": "30° 16' 40.27\" N", "Google_Map": "https://www.google.com/maps/search/?api=1&query=031° 33' 3.89\" E,30° 16' 40.27\" N"}, "geometry": {"type": "Point", "coordinates": [31.551081202748595, 30.277852607620787, 172.7259999999951]}}, {"type": "Feature", "properties": {"ID": "217", "Sectors": "القطاع الخامس", "Easting": "031° 33' 4.42\" E", "Northing": "30° 16' 35.41\" N", "Google_Map": "https://www.google.com/maps/search/?api=1&query=031° 33' 4.42\" E,30° 16' 35.41\" N"}, "geometry": {"type": "Point", "coordinates": [31.55122694580365, 30.276501959202857, 169.68829999999434]}}, {"type": "Feature", "properties": {"ID": "218", "Sectors": "القطاع الخامس", "Easting": "031° 33' 0.62\" E", "Northing": "30° 16' 39.05\" N", "Google_Map": "https://www.google.com/maps/search/?api=1&query=031° 33' 0.62\" E,30° 16' 39.05\" N"}, "geometry": {"type": "Point", "coordinates": [31.550172800341812, 30.277512960538967, 172.56570000000647]}}, {"type": "Feature", "properties": {"ID": "219", "Sectors": "القطاع الخامس", "Easting": "031° 33' 17.9\" E", "Northing": "30° 16' 47.1\" N", "Google_Map": "https://www.google.com/maps/search/?api=1&query=031° 33' 17.9\" E,30° 16' 47.1\" N"}, "geometry": {"type": "Point", "coordinates": [31.554973559213995, 30.27975091712204, 172.84709999999905]}}, {"type": "Feature", "properties": {"ID": "220", "Sectors": "القطاع الخامس", "Easting": "031° 33' 15.06\" E", "Northing": "30° 16' 49.84\" N", "Google_Map": "https://www.google.com/maps/search/?api=1&query=031° 33' 15.06\" E,30° 16' 49.84\" N"}, "geometry": {"type": "Point", "coordinates": [31.554183341079895, 30.280512306673785, 172.5743999999977]}}, {"type": "Feature", "properties": {"ID": "221", "Sectors": "القطاع الثالث عشر", "Easting": "031° 31' 0.5\" E", "Northing": "30° 16' 39.99\" N", "Google_Map": "https://www.google.com/maps/search/?api=1&query=031° 31' 0.5\" E,30° 16' 39.99\" N"}, "geometry": {"type": "Point", "coordinates": [31.516804266527743, 30.27777527655926, 154.15559999999823]}}, {"type": "Feature", "properties": {"ID": "222", "Sectors": "القطاع الثالث عشر", "Easting": "031° 31' 4.19\" E", "Northing": "30° 16' 40.43\" N", "Google_Map": "https://www.google.com/maps/search/?api=1&query=031° 31' 4.19\" E,30° 16' 40.43\" N"}, "geometry": {"type": "Point", "coordinates": [31.517830618028654, 30.27789837167347, 152.79850000000442]}}, {"type": "Feature", "properties": {"ID": "223", "Sectors": "القطاع الثالث عشر", "Easting": "031° 31' 7.77\" E", "Northing": "30° 16' 40.87\" N", "Google_Map": "https://www.google.com/maps/search/?api=1&query=031° 31' 7.77\" E,30° 16' 40.87\" N"}, "geometry": {"type": "Point", "coordinates": [31.51882483553174, 30.27801829334372, 151.9207000000024]}}, {"type": "Feature", "properties": {"ID": "224", "Sectors": "القطاع الثالث عشر", "Easting": "031° 31' 11.8\" E", "Northing": "30° 16' 41.34\" N", "Google_Map": "https://www.google.com/maps/search/?api=1&query=031° 31' 11.8\" E,30° 16' 41.34\" N"}, "geometry": {"type": "Point", "coordinates": [31.519943396548907, 30.278151304844968, 149.84130000000005]}}, {"type": "Feature", "properties": {"ID": "225", "Sectors": "القطاع الثالث عشر", "Easting": "031° 31' 14.73\" E", "Northing": "30° 16' 41.7\" N", "Google_Map": "https://www.google.com/maps/search/?api=1&query=031° 31' 14.73\" E,30° 16' 41.7\" N"}, "geometry": {"type": "Point", "coordinates": [31.520759262403423, 30.278250228188643, 148.33580000000075]}}, {"type": "Feature", "properties": {"ID": "226", "Sectors": "القطاع الثالث عشر", "Easting": "031° 31' 18.24\" E", "Northing": "30° 16' 42.08\" N", "Google_Map": "https://www.google.com/maps/search/?api=1&query=031° 31' 18.24\" E,30° 16' 42.08\" N"}, "geometry": {"type": "Point", "coordinates": [31.521733100182143, 30.278355095786555, 146.99469999999565]}}, {"type": "Feature", "properties": {"ID": "227", "Sectors": "القطاع الثالث عشر", "Easting": "031° 31' 22.64\" E", "Northing": "30° 16' 42.51\" N", "Google_Map": "https://www.google.com/maps/search/?api=1&query=031° 31' 22.64\" E,30° 16' 42.51\" N"}, "geometry": {"type": "Point", "coordinates": [31.522956222383183, 30.27847453422592, 147.22060000000056]}}, {"type": "Feature", "properties": {"ID": "228", "Sectors": "القطاع الثالث عشر", "Easting": "031° 31' 26.01\" E", "Northing": "30° 16' 42.82\" N", "Google_Map": "https://www.google.com/maps/search/?api=1&query=031° 31' 26.01\" E,30° 16' 42.82\" N"}, "geometry": {"type": "Point", "coordinates": [31.523891760194235, 30.278561284527576, 147.62459999999555]}}, {"type": "Feature", "properties": {"ID": "229", "Sectors": "القطاع الثاني عشر", "Easting": "031° 31' 30.35\" E", "Northing": "30° 16' 43.26\" N", "Google_Map": "https://www.google.com/maps/search/?api=1&query=031° 31' 30.35\" E,30° 16' 43.26\" N"}, "geometry": {"type": "Point", "coordinates": [31.525097280854236, 30.278683557834185, 148.0396000000037]}}, {"type": "Feature", "properties": {"ID": "230", "Sectors": "القطاع الثاني عشر", "Easting": "031° 31' 33.59\" E", "Northing": "30° 16' 43.69\" N", "Google_Map": "https://www.google.com/maps/search/?api=1&query=031° 31' 33.59\" E,30° 16' 43.69\" N"}, "geometry": {"type": "Point", "coordinates": [31.525997813722274, 30.27880381418813, 150.1935999999987]}}, {"type": "Feature", "properties": {"ID": "231", "Sectors": "القطاع الثاني عشر", "Easting": "031° 31' 37.8\" E", "Northing": "30° 16' 44.26\" N", "Google_Map": "https://www.google.com/maps/search/?api=1&query=031° 31' 37.8\" E,30° 16' 44.26\" N"}, "geometry": {"type": "Point", "coordinates": [31.527166540092235, 30.278961230553765, 152.238400000002]}}, {"type": "Feature", "properties": {"ID": "232", "Sectors": "القطاع الثاني عشر", "Easting": "031° 31' 41.44\" E", "Northing": "30° 16' 44.79\" N", "Google_Map": "https://www.google.com/maps/search/?api=1&query=031° 31' 41.44\" E,30° 16' 44.79\" N"}, "geometry": {"type": "Point", "coordinates": [31.528178840457592, 30.279107046606697, 153.42799999999988]}}, {"type": "Feature", "properties": {"ID": "233", "Sectors": "القطاع الثاني عشر", "Easting": "031° 31' 44.43\" E", "Northing": "30° 16' 45.14\" N", "Google_Map": "https://www.google.com/maps/search/?api=1&query=031° 31' 44.43\" E,30° 16' 45.14\" N"}, "geometry": {"type": "Point", "coordinates": [31.529009342584132, 30.27920645101136, 154.49249999999302]}}, {"type": "Feature", "properties": {"ID": "234", "Sectors": "القطاع الثاني عشر", "Easting": "031° 31' 48.7\" E", "Northing": "30° 16' 45.63\" N", "Google_Map": "https://www.google.com/maps/search/?api=1&query=031° 31' 48.7\" E,30° 16' 45.63\" N"}, "geometry": {"type": "Point", "coordinates": [31.530193270320748, 30.279341072689046, 156.19800000000396]}}, {"type": "Feature", "properties": {"ID": "235", "Sectors": "القطاع الثاني عشر", "Easting": "031° 31' 52.4\" E", "Northing": "30° 16' 46.1\" N", "Google_Map": "https://www.google.com/maps/search/?api=1&query=031° 31' 52.4\" E,30° 16' 46.1\" N"}, "geometry": {"type": "Point", "coordinates": [31.531221164856987, 30.279471105594588, 157.56669999999576]}}, {"type": "Feature", "properties": {"ID": "236", "Sectors": "القطاع الثاني عشر", "Easting": "031° 31' 56.12\" E", "Northing": "30° 16' 46.53\" N", "Google_Map": "https://www.google.com/maps/search/?api=1&query=031° 31' 56.12\" E,30° 16' 46.53\" N"}, "geometry": {"type": "Point", "coordinates": [31.532254198820638, 30.279590422132415, 158.69280000000435]}}, {"type": "Feature", "properties": {"ID": "237", "Sectors": "القطاع الثاني عشر", "Easting": "031° 31' 59.89\" E", "Northing": "30° 16' 47.34\" N", "Google_Map": "https://www.google.com/maps/search/?api=1&query=031° 31' 59.89\" E,30° 16' 47.34\" N"}, "geometry": {"type": "Point", "coordinates": [31.53330365174476, 30.279816081585224, 159.7740000000049]}}, {"type": "Feature", "properties": {"ID": "238", "Sectors": "القطاع الثاني عشر", "Easting": "031° 32' 4.9\" E", "Northing": "30° 16' 47.93\" N", "Google_Map": "https://www.google.com/maps/search/?api=1&query=031° 32' 4.9\" E,30° 16' 47.93\" N"}, "geometry": {"type": "Point", "coordinates": [31.534693334712586, 30.279980916393338, 160.30490000000282]}}, {"type": "Feature", "properties": {"ID": "239", "Sectors": "القطاع الثاني عشر", "Easting": "031° 32' 10.45\" E", "Northing": "30° 16' 46.35\" N", "Google_Map": "https://www.google.com/maps/search/?api=1&query=031° 32' 10.45\" E,30° 16' 46.35\" N"}, "geometry": {"type": "Point", "coordinates": [31.53623553617072, 30.279542609084096, 161.93030000000726]}}, {"type": "Feature", "properties": {"ID": "240", "Sectors": "القطاع الثاني عشر", "Easting": "031° 32' 10.75\" E", "Northing": "30° 16' 43.09\" N", "Google_Map": "https://www.google.com/maps/search/?api=1&query=031° 32' 10.75\" E,30° 16' 43.09\" N"}, "geometry": {"type": "Point", "coordinates": [31.536318265782523, 30.27863474665851, 165.14990000000398]}}, {"type": "Feature", "properties": {"ID": "241", "Sectors": "القطاع الثاني عشر", "Easting": "031° 32' 7.38\" E", "Northing": "30° 16' 41.82\" N", "Google_Map": "https://www.google.com/maps/search/?api=1&query=031° 32' 7.38\" E,30° 16' 41.82\" N"}, "geometry": {"type": "Point", "coordinates": [31.53538323675705, 30.278282362351714, 164.84769999999844]}}, {"type": "Feature", "properties": {"ID": "242", "Sectors": "القطاع الثاني عشر", "Easting": "031° 32' 3.89\" E", "Northing": "30° 16' 40.6\" N", "Google_Map": "https://www.google.com/maps/search/?api=1&query=031° 32' 3.89\" E,30° 16' 40.6\" N"}, "geometry": {"type": "Point", "coordinates": [31.534412645062524, 30.277944560596463, 165.59960000000137]}}, {"type": "Feature", "properties": {"ID": "243", "Sectors": "القطاع الثاني عشر", "Easting": "031° 32' 0.4\" E", "Northing": "30° 16' 39.39\" N", "Google_Map": "https://www.google.com/maps/search/?api=1&query=031° 32' 0.4\" E,30° 16' 39.39\" N"}, "geometry": {"type": "Point", "coordinates": [31.53344500426982, 30.2776073314647, 164.15350000000035]}}, {"type": "Feature", "properties": {"ID": "244", "Sectors": "القطاع الثاني عشر", "Easting": "031° 31' 53.49\" E", "Northing": "30° 16' 36.95\" N", "Google_Map": "https://www.google.com/maps/search/?api=1&query=031° 31' 53.49\" E,30° 16' 36.95\" N"}, "geometry": {"type": "Point", "coordinates": [31.531525407738254, 30.27693172818853, 159.43480000000272]}}, {"type": "Feature", "properties": {"ID": "245", "Sectors": "القطاع الثاني عشر", "Easting": "031° 31' 50.11\" E", "Northing": "30° 16' 35.51\" N", "Google_Map": "https://www.google.com/maps/search/?api=1&query=031° 31' 50.11\" E,30° 16' 35.51\" N"}, "geometry": {"type": "Point", "coordinates": [31.530585550916555, 30.276529409695996, 158.06639999999607]}}, {"type": "Feature", "properties": {"ID": "246", "Sectors": "القطاع الثاني عشر", "Easting": "031° 31' 46.68\" E", "Northing": "30° 16' 34.29\" N", "Google_Map": "https://www.google.com/maps/search/?api=1&query=031° 31' 46.68\" E,30° 16' 34.29\" N"}, "geometry": {"type": "Point", "coordinates": [31.529633249207137, 30.276190528523603, 157.82429999999295]}}, {"type": "Feature", "properties": {"ID": "247", "Sectors": "القطاع الثاني عشر", "Easting": "031° 31' 43.22\" E", "Northing": "30° 16' 33.04\" N", "Google_Map": "https://www.google.com/maps/search/?api=1&query=031° 31' 43.22\" E,30° 16' 33.04\" N"}, "geometry": {"type": "Point", "coordinates": [31.528673055137084, 30.275843630473396, 156.96920000000682]}}, {"type": "Feature", "properties": {"ID": "248", "Sectors": "القطاع الثاني عشر", "Easting": "031° 31' 39.78\" E", "Northing": "30° 16' 31.74\" N", "Google_Map": "https://www.google.com/maps/search/?api=1&query=031° 31' 39.78\" E,30° 16' 31.74\" N"}, "geometry": {"type": "Point", "coordinates": [31.52771684431857, 30.27548432871692, 155.8853999999992]}}, {"type": "Feature", "properties": {"ID": "249", "Sectors": "القطاع الثاني عشر", "Easting": "031° 31' 36.27\" E", "Northing": "30° 16' 30.49\" N", "Google_Map": "https://www.google.com/maps/search/?api=1&query=031° 31' 36.27\" E,30° 16' 30.49\" N"}, "geometry": {"type": "Point", "coordinates": [31.52674267316381, 30.27513589936969, 155.99099999999453]}}, {"type": "Feature", "properties": {"ID": "250", "Sectors": "القطاع الثالث عشر", "Easting": "031° 31' 32.93\" E", "Northing": "30° 16' 29.26\" N", "Google_Map": "https://www.google.com/maps/search/?api=1&query=031° 31' 32.93\" E,30° 16' 29.26\" N"}, "geometry": {"type": "Point", "coordinates": [31.525813980740892, 30.274793631683842, 156.13640000000305]}}, {"type": "Feature", "properties": {"ID": "251", "Sectors": "القطاع الثالث عشر", "Easting": "031° 31' 29.39\" E", "Northing": "30° 16' 28.01\" N", "Google_Map": "https://www.google.com/maps/search/?api=1&query=031° 31' 29.39\" E,30° 16' 28.01\" N"}, "geometry": {"type": "Point", "coordinates": [31.524830472059428, 30.274448014520154, 156.35890000000654]}}, {"type": "Feature", "properties": {"ID": "252", "Sectors": "القطاع الثالث عشر", "Easting": "031° 31' 25.94\" E", "Northing": "30° 16' 26.8\" N", "Google_Map": "https://www.google.com/maps/search/?api=1&query=031° 31' 25.94\" E,30° 16' 26.8\" N"}, "geometry": {"type": "Point", "coordinates": [31.523872474064078, 30.274111854223207, 156.32270000000426]}}, {"type": "Feature", "properties": {"ID": "253", "Sectors": "القطاع الثالث عشر", "Easting": "031° 31' 22.46\" E", "Northing": "30° 16' 25.58\" N", "Google_Map": "https://www.google.com/maps/search/?api=1&query=031° 31' 22.46\" E,30° 16' 25.58\" N"}, "geometry": {"type": "Point", "coordinates": [31.522905094175567, 30.273771044509928, 155.20119999999588]}}, {"type": "Feature", "properties": {"ID": "254", "Sectors": "القطاع الثالث عشر", "Easting": "031° 31' 18.07\" E", "Northing": "30° 16' 24.58\" N", "Google_Map": "https://www.google.com/maps/search/?api=1&query=031° 31' 18.07\" E,30° 16' 24.58\" N"}, "geometry": {"type": "Point", "coordinates": [31.52168573748062, 30.273494719787298, 153.00190000000293]}}, {"type": "Feature", "properties": {"ID": "255", "Sectors": "القطاع الثالث عشر", "Easting": "031° 31' 16.09\" E", "Northing": "30° 16' 23.87\" N", "Google_Map": "https://www.google.com/maps/search/?api=1&query=031° 31' 16.09\" E,30° 16' 23.87\" N"}, "geometry": {"type": "Point", "coordinates": [31.521135772672594, 30.273297320150863, 153.14770000000135]}}, {"type": "Feature", "properties": {"ID": "256", "Sectors": "القطاع الثالث عشر", "Easting": "031° 31' 10.36\" E", "Northing": "30° 16' 21.96\" N", "Google_Map": "https://www.google.com/maps/search/?api=1&query=031° 31' 10.36\" E,30° 16' 21.96\" N"}, "geometry": {"type": "Point", "coordinates": [31.519545007250812, 30.272766420618, 153.40679999999702]}}, {"type": "Feature", "properties": {"ID": "257", "Sectors": "القطاع الثالث عشر", "Easting": "031° 31' 8.41\" E", "Northing": "30° 16' 20.62\" N", "Google_Map": "https://www.google.com/maps/search/?api=1&query=031° 31' 8.41\" E,30° 16' 20.62\" N"}, "geometry": {"type": "Point", "coordinates": [31.519001474411205, 30.27239550476472, 153.6521000000066]}}, {"type": "Feature", "properties": {"ID": "258", "Sectors": "القطاع الثالث عشر", "Easting": "031° 31' 4.94\" E", "Northing": "30° 16' 22.22\" N", "Google_Map": "https://www.google.com/maps/search/?api=1&query=031° 31' 4.94\" E,30° 16' 22.22\" N"}, "geometry": {"type": "Point", "coordinates": [31.51803874486203, 30.27284003725744, 154.69640000000072]}}, {"type": "Feature", "properties": {"ID": "259", "Sectors": "القطاع الثالث عشر", "Easting": "031° 31' 2.54\" E", "Northing": "30° 16' 26.57\" N", "Google_Map": "https://www.google.com/maps/search/?api=1&query=031° 31' 2.54\" E,30° 16' 26.57\" N"}, "geometry": {"type": "Point", "coordinates": [31.51737318025749, 30.274046132014977, 155.62660000000324]}}, {"type": "Feature", "properties": {"ID": "260", "Sectors": "القطاع الثالث عشر", "Easting": "031° 31' 1.35\" E", "Northing": "30° 16' 30.77\" N", "Google_Map": "https://www.google.com/maps/search/?api=1&query=031° 31' 1.35\" E,30° 16' 30.77\" N"}, "geometry": {"type": "Point", "coordinates": [31.517041761819335, 30.275213846004668, 154.54739999999583]}}, {"type": "Feature", "properties": {"ID": "261", "Sectors": "القطاع الثالث عشر", "Easting": "031° 31' 6.35\" E", "Northing": "30° 16' 31.94\" N", "Google_Map": "https://www.google.com/maps/search/?api=1&query=031° 31' 6.35\" E,30° 16' 31.94\" N"}, "geometry": {"type": "Point", "coordinates": [31.518430004770025, 30.27553780529953, 151.98420000000624]}}, {"type": "Feature", "properties": {"ID": "262", "Sectors": "القطاع الثالث عشر", "Easting": "031° 31' 6.01\" E", "Northing": "30° 16' 34.27\" N", "Google_Map": "https://www.google.com/maps/search/?api=1&query=031° 31' 6.01\" E,30° 16' 34.27\" N"}, "geometry": {"type": "Point", "coordinates": [31.51833647583641, 30.276186835811032, 151.3969999999972]}}, {"type": "Feature", "properties": {"ID": "263", "Sectors": "القطاع الثالث عشر", "Easting": "031° 31' 0.91\" E", "Northing": "30° 16' 33.54\" N", "Google_Map": "https://www.google.com/maps/search/?api=1&query=031° 31' 0.91\" E,30° 16' 33.54\" N"}, "geometry": {"type": "Point", "coordinates": [31.51692075068238, 30.27598468273197, 153.0408000000025]}}, {"type": "Feature", "properties": {"ID": "264", "Sectors": "القطاع الثالث عشر", "Easting": "031° 31' 3.15\" E", "Northing": "30° 16' 38.2\" N", "Google_Map": "https://www.google.com/maps/search/?api=1&query=031° 31' 3.15\" E,30° 16' 38.2\" N"}, "geometry": {"type": "Point", "coordinates": [31.51754082356043, 30.27727869922435, 153.49090000000433]}}, {"type": "Feature", "properties": {"ID": "265", "Sectors": "القطاع الثالث عشر", "Easting": "031° 31' 5.17\" E", "Northing": "30° 16' 38.82\" N", "Google_Map": "https://www.google.com/maps/search/?api=1&query=031° 31' 5.17\" E,30° 16' 38.82\" N"}, "geometry": {"type": "Point", "coordinates": [31.518101759513566, 30.27745024665157, 152.63390000000072]}}, {"type": "Feature", "properties": {"ID": "266", "Sectors": "القطاع الثالث عشر", "Easting": "031° 31' 7.53\" E", "Northing": "30° 16' 38.8\" N", "Google_Map": "https://www.google.com/maps/search/?api=1&query=031° 31' 7.53\" E,30° 16' 38.8\" N"}, "geometry": {"type": "Point", "coordinates": [31.518757372410874, 30.277444571917975, 151.76889999999548]}}, {"type": "Feature", "properties": {"ID": "267", "Sectors": "القطاع الثالث عشر", "Easting": "031° 31' 9.56\" E", "Northing": "30° 16' 39.07\" N", "Google_Map": "https://www.google.com/maps/search/?api=1&query=031° 31' 9.56\" E,30° 16' 39.07\" N"}, "geometry": {"type": "Point", "coordinates": [31.519323454463866, 30.277519354677914, 150.8703999999998]}}, {"type": "Feature", "properties": {"ID": "268", "Sectors": "القطاع الثالث عشر", "Easting": "031° 31' 11.67\" E", "Northing": "30° 16' 39.21\" N", "Google_Map": "https://www.google.com/maps/search/?api=1&query=031° 31' 11.67\" E,30° 16' 39.21\" N"}, "geometry": {"type": "Point", "coordinates": [31.519907573720236, 30.277558051974495, 150.1941999999981]}}, {"type": "Feature", "properties": {"ID": "269", "Sectors": "القطاع الثالث عشر", "Easting": "031° 31' 14.11\" E", "Northing": "30° 16' 40.18\" N", "Google_Map": "https://www.google.com/maps/search/?api=1&query=031° 31' 14.11\" E,30° 16' 40.18\" N"}, "geometry": {"type": "Point", "coordinates": [31.520585066808742, 30.2778285592151, 148.33719999999448]}}, {"type": "Feature", "properties": {"ID": "270", "Sectors": "القطاع الثالث عشر", "Easting": "031° 31' 15.72\" E", "Northing": "30° 16' 39.59\" N", "Google_Map": "https://www.google.com/maps/search/?api=1&query=031° 31' 15.72\" E,30° 16' 39.59\" N"}, "geometry": {"type": "Point", "coordinates": [31.521033691932125, 30.277664875676166, 148.8353000000061]}}, {"type": "Feature", "properties": {"ID": "271", "Sectors": "القطاع الثالث عشر", "Easting": "031° 31' 18.92\" E", "Northing": "30° 16' 40.0\" N", "Google_Map": "https://www.google.com/maps/search/?api=1&query=031° 31' 18.92\" E,30° 16' 40.0\" N"}, "geometry": {"type": "Point", "coordinates": [31.52192151098411, 30.277777750086006, 148.07120000000577]}}, {"type": "Feature", "properties": {"ID": "272", "Sectors": "القطاع الثالث عشر", "Easting": "031° 31' 20.98\" E", "Northing": "30° 16' 40.33\" N", "Google_Map": "https://www.google.com/maps/search/?api=1&query=031° 31' 20.98\" E,30° 16' 40.33\" N"}, "geometry": {"type": "Point", "coordinates": [31.52249460767466, 30.27786851411707, 148.7378000000026]}}, {"type": "Feature", "properties": {"ID": "273", "Sectors": "القطاع الثالث عشر", "Easting": "031° 31' 23.04\" E", "Northing": "30° 16' 40.46\" N", "Google_Map": "https://www.google.com/maps/search/?api=1&query=031° 31' 23.04\" E,30° 16' 40.46\" N"}, "geometry": {"type": "Point", "coordinates": [31.523065749614354, 30.277905923005427, 147.81650000000081]}}, {"type": "Feature", "properties": {"ID": "274", "Sectors": "القطاع الثالث عشر", "Easting": "031° 31' 25.36\" E", "Northing": "30° 16' 40.6\" N", "Google_Map": "https://www.google.com/maps/search/?api=1&query=031° 31' 25.36\" E,30° 16' 40.6\" N"}, "geometry": {"type": "Point", "coordinates": [31.523712006101665, 30.277945350304986, 148.67789999999513]}}, {"type": "Feature", "properties": {"ID": "275", "Sectors": "القطاع الثالث عشر", "Easting": "031° 31' 27.42\" E", "Northing": "30° 16' 40.9\" N", "Google_Map": "https://www.google.com/maps/search/?api=1&query=031° 31' 27.42\" E,30° 16' 40.9\" N"}, "geometry": {"type": "Point", "coordinates": [31.52428234924337, 30.27802693824828, 149.57880000000296]}}, {"type": "Feature", "properties": {"ID": "276", "Sectors": "القطاع الثاني عشر", "Easting": "031° 31' 29.56\" E", "Northing": "30° 16' 41.04\" N", "Google_Map": "https://www.google.com/maps/search/?api=1&query=031° 31' 29.56\" E,30° 16' 41.04\" N"}, "geometry": {"type": "Point", "coordinates": [31.52487766104032, 30.278065375483035, 149.8119000000006]}}, {"type": "Feature", "properties": {"ID": "277", "Sectors": "القطاع الثاني عشر", "Easting": "031° 31' 32.78\" E", "Northing": "30° 16' 41.41\" N", "Google_Map": "https://www.google.com/maps/search/?api=1&query=031° 31' 32.78\" E,30° 16' 41.41\" N"}, "geometry": {"type": "Point", "coordinates": [31.525772844536156, 30.278169159297004, 149.68640000000596]}}, {"type": "Feature", "properties": {"ID": "278", "Sectors": "القطاع الثاني عشر", "Easting": "031° 31' 34.86\" E", "Northing": "30° 16' 41.55\" N", "Google_Map": "https://www.google.com/maps/search/?api=1&query=031° 31' 34.86\" E,30° 16' 41.55\" N"}, "geometry": {"type": "Point", "coordinates": [31.526351046300974, 30.278209506624187, 151.11089999999967]}}, {"type": "Feature", "properties": {"ID": "279", "Sectors": "القطاع الثاني عشر", "Easting": "031° 31' 36.93\" E", "Northing": "30° 16' 41.93\" N", "Google_Map": "https://www.google.com/maps/search/?api=1&query=031° 31' 36.93\" E,30° 16' 41.93\" N"}, "geometry": {"type": "Point", "coordinates": [31.526925377028647, 30.27831434163479, 151.47999999999593]}}, {"type": "Feature", "properties": {"ID": "280", "Sectors": "القطاع الثاني عشر", "Easting": "031° 31' 39.2\" E", "Northing": "30° 16' 42.28\" N", "Google_Map": "https://www.google.com/maps/search/?api=1&query=031° 31' 39.2\" E,30° 16' 42.28\" N"}, "geometry": {"type": "Point", "coordinates": [31.527556322102757, 30.278410180243124, 152.73089999999502]}}, {"type": "Feature", "properties": {"ID": "281", "Sectors": "القطاع الثاني عشر", "Easting": "031° 31' 41.52\" E", "Northing": "30° 16' 42.68\" N", "Google_Map": "https://www.google.com/maps/search/?api=1&query=031° 31' 41.52\" E,30° 16' 42.68\" N"}, "geometry": {"type": "Point", "coordinates": [31.528200131609353, 30.278523255168356, 155.86539999999513]}}, {"type": "Feature", "properties": {"ID": "282", "Sectors": "القطاع الثاني عشر", "Easting": "031° 31' 54.79\" E", "Northing": "30° 16' 39.62\" N", "Google_Map": "https://www.google.com/maps/search/?api=1&query=031° 31' 54.79\" E,30° 16' 39.62\" N"}, "geometry": {"type": "Point", "coordinates": [31.531887115829832, 30.277671647334866, 160.98559999999998]}}, {"type": "Feature", "properties": {"ID": "283", "Sectors": "القطاع الثاني عشر", "Easting": "031° 31' 54.86\" E", "Northing": "30° 16' 42.17\" N", "Google_Map": "https://www.google.com/maps/search/?api=1&query=031° 31' 54.86\" E,30° 16' 42.17\" N"}, "geometry": {"type": "Point", "coordinates": [31.531906639483218, 30.278380127468157, 160.9380999999994]}}, {"type": "Feature", "properties": {"ID": "284", "Sectors": "القطاع الثاني عشر", "Easting": "031° 31' 59.05\" E", "Northing": "30° 16' 42.77\" N", "Google_Map": "https://www.google.com/maps/search/?api=1&query=031° 31' 59.05\" E,30° 16' 42.77\" N"}, "geometry": {"type": "Point", "coordinates": [31.533068413539546, 30.27854639548623, 162.35319999999774]}}, {"type": "Feature", "properties": {"ID": "285", "Sectors": "القطاع الثاني عشر", "Easting": "031° 32' 1.16\" E", "Northing": "30° 16' 42.84\" N", "Google_Map": "https://www.google.com/maps/search/?api=1&query=031° 32' 1.16\" E,30° 16' 42.84\" N"}, "geometry": {"type": "Point", "coordinates": [31.533656750806117, 30.27856681993767, 161.7829000000056]}}, {"type": "Feature", "properties": {"ID": "286", "Sectors": "القطاع الثاني عشر", "Easting": "031° 32' 4.79\" E", "Northing": "30° 16' 43.26\" N", "Google_Map": "https://www.google.com/maps/search/?api=1&query=031° 32' 4.79\" E,30° 16' 43.26\" N"}, "geometry": {"type": "Point", "coordinates": [31.534664413284542, 30.27868377891224, 163.18499999999767]}}, {"type": "Feature", "properties": {"ID": "287", "Sectors": "القطاع الثاني عشر", "Easting": "031° 32' 8.48\" E", "Northing": "30° 16' 43.7\" N", "Google_Map": "https://www.google.com/maps/search/?api=1&query=031° 32' 8.48\" E,30° 16' 43.7\" N"}, "geometry": {"type": "Point", "coordinates": [31.535688668403733, 30.278806058460184, 163.19539999999688]}}, {"type": "Feature", "properties": {"ID": "288", "Sectors": "القطاع الثالث عشر", "Easting": "031° 31' 19.55\" E", "Northing": "30° 16' 29.86\" N", "Google_Map": "https://www.google.com/maps/search/?api=1&query=031° 31' 19.55\" E,30° 16' 29.86\" N"}, "geometry": {"type": "Point", "coordinates": [31.522098444734453, 30.274962259675046, 154.17660000000615]}}, {"type": "Feature", "properties": {"ID": "289", "Sectors": "القطاع الثالث عشر", "Easting": "031° 31' 22.75\" E", "Northing": "30° 16' 30.99\" N", "Google_Map": "https://www.google.com/maps/search/?api=1&query=031° 31' 22.75\" E,30° 16' 30.99\" N"}, "geometry": {"type": "Point", "coordinates": [31.5229848008045, 30.27527396466097, 153.80710000000545]}}, {"type": "Feature", "properties": {"ID": "290", "Sectors": "القطاع الثالث عشر", "Easting": "031° 31' 31.04\" E", "Northing": "30° 16' 33.89\" N", "Google_Map": "https://www.google.com/maps/search/?api=1&query=031° 31' 31.04\" E,30° 16' 33.89\" N"}, "geometry": {"type": "Point", "coordinates": [31.525288436084775, 30.276081336732428, 152.78830000000016]}}, {"type": "Feature", "properties": {"ID": "291", "Sectors": "القطاع الثاني عشر", "Easting": "031° 31' 35.0\" E", "Northing": "30° 16' 34.61\" N", "Google_Map": "https://www.google.com/maps/search/?api=1&query=031° 31' 35.0\" E,30° 16' 34.61\" N"}, "geometry": {"type": "Point", "coordinates": [31.526388021835444, 30.276279381460697, 152.28179999999702]}}, {"type": "Feature", "properties": {"ID": "292", "Sectors": "القطاع الثالث عشر", "Easting": "031° 30' 58.3\" E", "Northing": "30° 16' 26.59\" N", "Google_Map": "https://www.google.com/maps/search/?api=1&query=031° 30' 58.3\" E,30° 16' 26.59\" N"}, "geometry": {"type": "Point", "coordinates": [31.516194083556268, 30.274054059386344, 156.23679999999877]}}, {"type": "Feature", "properties": {"ID": "293", "Sectors": "القطاع الثالث عشر", "Easting": "031° 30' 57.25\" E", "Northing": "30° 16' 31.57\" N", "Google_Map": "https://www.google.com/maps/search/?api=1&query=031° 30' 57.25\" E,30° 16' 31.57\" N"}, "geometry": {"type": "Point", "coordinates": [31.515901728099614, 30.275435768242026, 154.2786999999953]}}, {"type": "Feature", "properties": {"ID": "294", "Sectors": "القطاع الثالث عشر", "Easting": "031° 30' 56.7\" E", "Northing": "30° 16' 36.57\" N", "Google_Map": "https://www.google.com/maps/search/?api=1&query=031° 30' 56.7\" E,30° 16' 36.57\" N"}, "geometry": {"type": "Point", "coordinates": [31.515749149256067, 30.276824499253703, 153.19770000000426]}}, {"type": "Feature", "properties": {"ID": "295", "Sectors": "القطاع الثالث عشر", "Easting": "031° 31' 27.08\" E", "Northing": "30° 16' 32.51\" N", "Google_Map": "https://www.google.com/maps/search/?api=1&query=031° 31' 27.08\" E,30° 16' 32.51\" N"}, "geometry": {"type": "Point", "coordinates": [31.52418964374347, 30.275696659731356, 153.29290000000037]}}, {"type": "Feature", "properties": {"ID": "296", "Sectors": "القطاع الثاني عشر", "Easting": "031° 31' 35.79\" E", "Northing": "30° 16' 32.75\" N", "Google_Map": "https://www.google.com/maps/search/?api=1&query=031° 31' 35.79\" E,30° 16' 32.75\" N"}, "geometry": {"type": "Point", "coordinates": [31.52660721377486, 30.275764545343815, 154.33789999999863]}}, {"type": "Feature", "properties": {"ID": "297", "Sectors": "القطاع الخامس عشر", "Easting": "031° 29' 55.28\" E", "Northing": "30° 16' 34.56\" N", "Google_Map": "https://www.google.com/maps/search/?api=1&query=031° 29' 55.28\" E,30° 16' 34.56\" N"}, "geometry": {"type": "Point", "coordinates": [31.498689829166153, 30.276267464675243, 155.18499999999767]}}, {"type": "Feature", "properties": {"ID": "298", "Sectors": "القطاع الخامس عشر", "Easting": "031° 29' 58.65\" E", "Northing": "30° 16' 34.11\" N", "Google_Map": "https://www.google.com/maps/search/?api=1&query=031° 29' 58.65\" E,30° 16' 34.11\" N"}, "geometry": {"type": "Point", "coordinates": [31.4996261756089, 30.27614130030293, 155.64999999999418]}}, {"type": "Feature", "properties": {"ID": "299", "Sectors": "القطاع الخامس عشر", "Easting": "031° 30' 2.33\" E", "Northing": "30° 16' 33.61\" N", "Google_Map": "https://www.google.com/maps/search/?api=1&query=031° 30' 2.33\" E,30° 16' 33.61\" N"}, "geometry": {"type": "Point", "coordinates": [31.500647415110357, 30.276003690238305, 155.64500000000407]}}, {"type": "Feature", "properties": {"ID": "300", "Sectors": "القطاع الخامس عشر", "Easting": "031° 30' 6.0\" E", "Northing": "30° 16' 33.67\" N", "Google_Map": "https://www.google.com/maps/search/?api=1&query=031° 30' 6.0\" E,30° 16' 33.67\" N"}, "geometry": {"type": "Point", "coordinates": [31.50166772164534, 30.27602003632014, 156.8000000000029]}}, {"type": "Feature", "properties": {"ID": "301", "Sectors": "القطاع الخامس عشر", "Easting": "031° 30' 9.58\" E", "Northing": "30° 16' 34.1\" N", "Google_Map": "https://www.google.com/maps/search/?api=1&query=031° 30' 9.58\" E,30° 16' 34.1\" N"}, "geometry": {"type": "Point", "coordinates": [31.502660182832134, 30.27614017342548, 156.8000000000029]}}, {"type": "Feature", "properties": {"ID": "302", "Sectors": "القطاع الخامس عشر", "Easting": "031° 30' 13.73\" E", "Northing": "30° 16' 34.6\" N", "Google_Map": "https://www.google.com/maps/search/?api=1&query=031° 30' 13.73\" E,30° 16' 34.6\" N"}, "geometry": {"type": "Point", "coordinates": [31.503812669187678, 30.27627745432817, 155.25]}}, {"type": "Feature", "properties": {"ID": "303", "Sectors": "القطاع الخامس عشر", "Easting": "031° 30' 16.6\" E", "Northing": "30° 16' 34.91\" N", "Google_Map": "https://www.google.com/maps/search/?api=1&query=031° 30' 16.6\" E,30° 16' 34.91\" N"}, "geometry": {"type": "Point", "coordinates": [31.504610775270404, 30.276364613468782, 155.77499999999418]}}, {"type": "Feature", "properties": {"ID": "304", "Sectors": "القطاع الخامس عشر", "Easting": "031° 30' 22.14\" E", "Northing": "30° 16' 35.54\" N", "Google_Map": "https://www.google.com/maps/search/?api=1&query=031° 30' 22.14\" E,30° 16' 35.54\" N"}, "geometry": {"type": "Point", "coordinates": [31.506150662094583, 30.276538379742554, 153.02000000000407]}}, {"type": "Feature", "properties": {"ID": "305", "Sectors": "القطاع الرابع عشر", "Easting": "031° 30' 25.03\" E", "Northing": "30° 16' 35.87\" N", "Google_Map": "https://www.google.com/maps/search/?api=1&query=031° 30' 25.03\" E,30° 16' 35.87\" N"}, "geometry": {"type": "Point", "coordinates": [31.506952807274242, 30.27662928488577, 154.5350000000035]}}, {"type": "Feature", "properties": {"ID": "306", "Sectors": "القطاع الرابع عشر", "Easting": "031° 30' 28.82\" E", "Northing": "30° 16' 36.32\" N", "Google_Map": "https://www.google.com/maps/search/?api=1&query=031° 30' 28.82\" E,30° 16' 36.32\" N"}, "geometry": {"type": "Point", "coordinates": [31.50800425518697, 30.276756441922483, 154.28669999999693]}}, {"type": "Feature", "properties": {"ID": "307", "Sectors": "القطاع الرابع عشر", "Easting": "031° 30' 32.39\" E", "Northing": "30° 16' 36.76\" N", "Google_Map": "https://www.google.com/maps/search/?api=1&query=031° 30' 32.39\" E,30° 16' 36.76\" N"}, "geometry": {"type": "Point", "coordinates": [31.508997556332957, 30.2768788160998, 154.28669999999693]}}, {"type": "Feature", "properties": {"ID": "308", "Sectors": "القطاع الرابع عشر", "Easting": "031° 30' 36.1\" E", "Northing": "30° 16' 37.22\" N", "Google_Map": "https://www.google.com/maps/search/?api=1&query=031° 30' 36.1\" E,30° 16' 37.22\" N"}, "geometry": {"type": "Point", "coordinates": [31.510026464936015, 30.27700556963408, 157.10000000000582]}}, {"type": "Feature", "properties": {"ID": "309", "Sectors": "القطاع الرابع عشر", "Easting": "031° 30' 40.13\" E", "Northing": "30° 16' 37.73\" N", "Google_Map": "https://www.google.com/maps/search/?api=1&query=031° 30' 40.13\" E,30° 16' 37.73\" N"}, "geometry": {"type": "Point", "coordinates": [31.511147958326454, 30.27714807334056, 154.0500000000029]}}, {"type": "Feature", "properties": {"ID": "310", "Sectors": "القطاع الرابع عشر", "Easting": "031° 30' 43.78\" E", "Northing": "30° 16' 38.14\" N", "Google_Map": "https://www.google.com/maps/search/?api=1&query=031° 30' 43.78\" E,30° 16' 38.14\" N"}, "geometry": {"type": "Point", "coordinates": [31.512160159454613, 30.277262018407423, 155.27000000000407]}}, {"type": "Feature", "properties": {"ID": "311", "Sectors": "القطاع الرابع عشر", "Easting": "031° 30' 46.84\" E", "Northing": "30° 16' 38.48\" N", "Google_Map": "https://www.google.com/maps/search/?api=1&query=031° 30' 46.84\" E,30° 16' 38.48\" N"}, "geometry": {"type": "Point", "coordinates": [31.513009996777402, 30.277356329276532, 153.14999999999418]}}, {"type": "Feature", "properties": {"ID": "312", "Sectors": "القطاع الرابع عشر", "Easting": "031° 30' 51.0\" E", "Northing": "30° 16' 39.01\" N", "Google_Map": "https://www.google.com/maps/search/?api=1&query=031° 30' 51.0\" E,30° 16' 39.01\" N"}, "geometry": {"type": "Point", "coordinates": [31.514166690674177, 30.27750234503779, 152.4600000000064]}}, {"type": "Feature", "properties": {"ID": "313", "Sectors": "القطاع الرابع عشر", "Easting": "031° 30' 51.61\" E", "Northing": "30° 16' 34.6\" N", "Google_Map": "https://www.google.com/maps/search/?api=1&query=031° 30' 51.61\" E,30° 16' 34.6\" N"}, "geometry": {"type": "Point", "coordinates": [31.51433590938353, 30.276277623900835, 153.22999999999593]}}, {"type": "Feature", "properties": {"ID": "314", "Sectors": "القطاع الرابع عشر", "Easting": "031° 30' 51.13\" E", "Northing": "30° 16' 32.5\" N", "Google_Map": "https://www.google.com/maps/search/?api=1&query=031° 30' 51.13\" E,30° 16' 32.5\" N"}, "geometry": {"type": "Point", "coordinates": [31.514201726303995, 30.275695233699256, 155.08000000000175]}}, {"type": "Feature", "properties": {"ID": "315", "Sectors": "القطاع الرابع عشر", "Easting": "031° 30' 47.36\" E", "Northing": "30° 16' 31.96\" N", "Google_Map": "https://www.google.com/maps/search/?api=1&query=031° 30' 47.36\" E,30° 16' 31.96\" N"}, "geometry": {"type": "Point", "coordinates": [31.513155190324106, 30.275545177969985, 156.3399999999965]}}, {"type": "Feature", "properties": {"ID": "316", "Sectors": "القطاع الرابع عشر", "Easting": "031° 30' 52.48\" E", "Northing": "30° 16' 31.2\" N", "Google_Map": "https://www.google.com/maps/search/?api=1&query=031° 30' 52.48\" E,30° 16' 31.2\" N"}, "geometry": {"type": "Point", "coordinates": [31.514577853058714, 30.275333542355863, 155.05999999999767]}}, {"type": "Feature", "properties": {"ID": "317", "Sectors": "القطاع الرابع عشر", "Easting": "031° 30' 47.51\" E", "Northing": "30° 16' 30.52\" N", "Google_Map": "https://www.google.com/maps/search/?api=1&query=031° 30' 47.51\" E,30° 16' 30.52\" N"}, "geometry": {"type": "Point", "coordinates": [31.5131974478733, 30.275143850755025, 155.0899999999965]}}, {"type": "Feature", "properties": {"ID": "318", "Sectors": "القطاع الرابع عشر", "Easting": "031° 30' 44.04\" E", "Northing": "30° 16' 30.11\" N", "Google_Map": "https://www.google.com/maps/search/?api=1&query=031° 30' 44.04\" E,30° 16' 30.11\" N"}, "geometry": {"type": "Point", "coordinates": [31.512233922443322, 30.275030350031884, 158.47000000000116]}}, {"type": "Feature", "properties": {"ID": "319", "Sectors": "القطاع الرابع عشر", "Easting": "031° 30' 41.47\" E", "Northing": "30° 16' 29.11\" N", "Google_Map": "https://www.google.com/maps/search/?api=1&query=031° 30' 41.47\" E,30° 16' 29.11\" N"}, "geometry": {"type": "Point", "coordinates": [31.511519917774653, 30.274752410482996, 158.30999999999767]}}, {"type": "Feature", "properties": {"ID": "320", "Sectors": "القطاع الرابع عشر", "Easting": "031° 30' 43.29\" E", "Northing": "30° 16' 25.26\" N", "Google_Map": "https://www.google.com/maps/search/?api=1&query=031° 30' 43.29\" E,30° 16' 25.26\" N"}, "geometry": {"type": "Point", "coordinates": [31.51202396429585, 30.273682735709794, 155.44000000000233]}}, {"type": "Feature", "properties": {"ID": "321", "Sectors": "القطاع الرابع عشر", "Easting": "031° 30' 48.05\" E", "Northing": "30° 16' 25.83\" N", "Google_Map": "https://www.google.com/maps/search/?api=1&query=031° 30' 48.05\" E,30° 16' 25.83\" N"}, "geometry": {"type": "Point", "coordinates": [31.513347810134395, 30.273840282314314, 155.05999999999767]}}, {"type": "Feature", "properties": {"ID": "322", "Sectors": "القطاع الرابع عشر", "Easting": "031° 30' 39.04\" E", "Northing": "30° 16' 24.75\" N", "Google_Map": "https://www.google.com/maps/search/?api=1&query=031° 30' 39.04\" E,30° 16' 24.75\" N"}, "geometry": {"type": "Point", "coordinates": [31.510844578007976, 30.27354211467792, 155.55999999999767]}}, {"type": "Feature", "properties": {"ID": "323", "Sectors": "القطاع الرابع عشر", "Easting": "031° 30' 40.19\" E", "Northing": "30° 16' 31.36\" N", "Google_Map": "https://www.google.com/maps/search/?api=1&query=031° 30' 40.19\" E,30° 16' 31.36\" N"}, "geometry": {"type": "Point", "coordinates": [31.51116406790485, 30.275377537269986, 158.47000000000116]}}, {"type": "Feature", "properties": {"ID": "324", "Sectors": "القطاع الرابع عشر", "Easting": "031° 30' 43.86\" E", "Northing": "30° 16' 31.8\" N", "Google_Map": "https://www.google.com/maps/search/?api=1&query=031° 30' 43.86\" E,30° 16' 31.8\" N"}, "geometry": {"type": "Point", "coordinates": [31.51218250936106, 30.275500698779567, 156.80999999999767]}}, {"type": "Feature", "properties": {"ID": "325", "Sectors": "القطاع الرابع عشر", "Easting": "031° 30' 46.71\" E", "Northing": "30° 16' 34.05\" N", "Google_Map": "https://www.google.com/maps/search/?api=1&query=031° 30' 46.71\" E,30° 16' 34.05\" N"}, "geometry": {"type": "Point", "coordinates": [31.512973819616487, 30.27612423396851, 156.4100000000035]}}, {"type": "Feature", "properties": {"ID": "326", "Sectors": "القطاع الرابع عشر", "Easting": "031° 30' 42.36\" E", "Northing": "30° 16' 33.58\" N", "Google_Map": "https://www.google.com/maps/search/?api=1&query=031° 30' 42.36\" E,30° 16' 33.58\" N"}, "geometry": {"type": "Point", "coordinates": [31.51176699802258, 30.275993677350385, 158.82000000000698]}}, {"type": "Feature", "properties": {"ID": "327", "Sectors": "القطاع الخامس عشر", "Easting": "031° 29' 54.03\" E", "Northing": "30° 16' 29.34\" N", "Google_Map": "https://www.google.com/maps/search/?api=1&query=031° 29' 54.03\" E,30° 16' 29.34\" N"}, "geometry": {"type": "Point", "coordinates": [31.498341114770767, 30.27481632290279, 158.92999999999302]}}, {"type": "Feature", "properties": {"ID": "328", "Sectors": "القطاع الخامس عشر", "Easting": "031° 29' 56.72\" E", "Northing": "30° 16' 28.97\" N", "Google_Map": "https://www.google.com/maps/search/?api=1&query=031° 29' 56.72\" E,30° 16' 28.97\" N"}, "geometry": {"type": "Point", "coordinates": [31.499087979233224, 30.274714518567528, 159.5399999999936]}}, {"type": "Feature", "properties": {"ID": "329", "Sectors": "القطاع الخامس عشر", "Easting": "031° 29' 59.95\" E", "Northing": "30° 16' 28.53\" N", "Google_Map": "https://www.google.com/maps/search/?api=1&query=031° 29' 59.95\" E,30° 16' 28.53\" N"}, "geometry": {"type": "Point", "coordinates": [31.49998482326732, 30.2745922645289, 158.94500000000698]}}, {"type": "Feature", "properties": {"ID": "330", "Sectors": "القطاع الخامس عشر", "Easting": "031° 30' 4.37\" E", "Northing": "30° 16' 27.84\" N", "Google_Map": "https://www.google.com/maps/search/?api=1&query=031° 30' 4.37\" E,30° 16' 27.84\" N"}, "geometry": {"type": "Point", "coordinates": [31.50121461920946, 30.274399422700416, 158.94500000000698]}}, {"type": "Feature", "properties": {"ID": "331", "Sectors": "القطاع الخامس عشر", "Easting": "031° 30' 8.2\" E", "Northing": "30° 16' 26.89\" N", "Google_Map": "https://www.google.com/maps/search/?api=1&query=031° 30' 8.2\" E,30° 16' 26.89\" N"}, "geometry": {"type": "Point", "coordinates": [31.502276951392584, 30.27413679060638, 158.17999999999302]}}, {"type": "Feature", "properties": {"ID": "332", "Sectors": "القطاع الخامس عشر", "Easting": "031° 30' 12.26\" E", "Northing": "30° 16' 26.36\" N", "Google_Map": "https://www.google.com/maps/search/?api=1&query=031° 30' 12.26\" E,30° 16' 26.36\" N"}, "geometry": {"type": "Point", "coordinates": [31.50340680038751, 30.273988277715908, 157.27499999999418]}}, {"type": "Feature", "properties": {"ID": "333", "Sectors": "القطاع الخامس عشر", "Easting": "031° 30' 16.12\" E", "Northing": "30° 16' 25.85\" N", "Google_Map": "https://www.google.com/maps/search/?api=1&query=031° 30' 16.12\" E,30° 16' 25.85\" N"}, "geometry": {"type": "Point", "coordinates": [31.504477593740553, 30.273847895910247, 156.36999999999534]}}, {"type": "Feature", "properties": {"ID": "334", "Sectors": "القطاع الخامس عشر", "Easting": "031° 30' 20.15\" E", "Northing": "30° 16' 25.34\" N", "Google_Map": "https://www.google.com/maps/search/?api=1&query=031° 30' 20.15\" E,30° 16' 25.34\" N"}, "geometry": {"type": "Point", "coordinates": [31.505596736705318, 30.273705881109056, 155.93499999999767]}}, {"type": "Feature", "properties": {"ID": "335", "Sectors": "القطاع الخامس عشر", "Easting": "031° 30' 23.94\" E", "Northing": "30° 16' 24.82\" N", "Google_Map": "https://www.google.com/maps/search/?api=1&query=031° 30' 23.94\" E,30° 16' 24.82\" N"}, "geometry": {"type": "Point", "coordinates": [31.5066493227119, 30.273562178989117, 155.2899999999936]}}, {"type": "Feature", "properties": {"ID": "336", "Sectors": "القطاع الرابع عشر", "Easting": "031° 30' 27.34\" E", "Northing": "30° 16' 23.36\" N", "Google_Map": "https://www.google.com/maps/search/?api=1&query=031° 30' 27.34\" E,30° 16' 23.36\" N"}, "geometry": {"type": "Point", "coordinates": [31.507594780092326, 30.2731545380119, 154.01499999999942]}}, {"type": "Feature", "properties": {"ID": "337", "Sectors": "القطاع الرابع عشر", "Easting": "031° 30' 31.17\" E", "Northing": "30° 16' 23.84\" N", "Google_Map": "https://www.google.com/maps/search/?api=1&query=031° 30' 31.17\" E,30° 16' 23.84\" N"}, "geometry": {"type": "Point", "coordinates": [31.508658040831655, 30.27328806330425, 155.0749999999971]}}, {"type": "Feature", "properties": {"ID": "338", "Sectors": "القطاع الرابع عشر", "Easting": "031° 30' 34.77\" E", "Northing": "30° 16' 24.27\" N", "Google_Map": "https://www.google.com/maps/search/?api=1&query=031° 30' 34.77\" E,30° 16' 24.27\" N"}, "geometry": {"type": "Point", "coordinates": [31.509659617902496, 30.27340846758925, 155.20500000000175]}}, {"type": "Feature", "properties": {"ID": "339", "Sectors": "القطاع الرابع عشر", "Easting": "031° 30' 39.96\" E", "Northing": "30° 16' 22.17\" N", "Google_Map": "https://www.google.com/maps/search/?api=1&query=031° 30' 39.96\" E,30° 16' 22.17\" N"}, "geometry": {"type": "Point", "coordinates": [31.511100100173373, 30.272825590851923, 155.375]}}, {"type": "Feature", "properties": {"ID": "340", "Sectors": "القطاع الرابع عشر", "Easting": "031° 30' 43.65\" E", "Northing": "30° 16' 21.0\" N", "Google_Map": "https://www.google.com/maps/search/?api=1&query=031° 30' 43.65\" E,30° 16' 21.0\" N"}, "geometry": {"type": "Point", "coordinates": [31.512124253270077, 30.272500839786037, 155.2100000000064]}}, {"type": "Feature", "properties": {"ID": "341", "Sectors": "القطاع الرابع عشر", "Easting": "031° 30' 48.5\" E", "Northing": "30° 16' 21.6\" N", "Google_Map": "https://www.google.com/maps/search/?api=1&query=031° 30' 48.5\" E,30° 16' 21.6\" N"}, "geometry": {"type": "Point", "coordinates": [31.513471043159793, 30.272667509223748, 154.75999999999476]}}, {"type": "Feature", "properties": {"ID": "342", "Sectors": "القطاع الرابع عشر", "Easting": "031° 30' 44.87\" E", "Northing": "30° 16' 20.22\" N", "Google_Map": "https://www.google.com/maps/search/?api=1&query=031° 30' 44.87\" E,30° 16' 20.22\" N"}, "geometry": {"type": "Point", "coordinates": [31.512463917541222, 30.27228377047915, 154.99000000000524]}}, {"type": "Feature", "properties": {"ID": "343", "Sectors": "القطاع الرابع عشر", "Easting": "031° 30' 39.76\" E", "Northing": "30° 16' 18.97\" N", "Google_Map": "https://www.google.com/maps/search/?api=1&query=031° 30' 39.76\" E,30° 16' 18.97\" N"}, "geometry": {"type": "Point", "coordinates": [31.511043266363956, 30.27193632752264, 155.55999999999767]}}, {"type": "Feature", "properties": {"ID": "344", "Sectors": "القطاع الرابع عشر", "Easting": "031° 30' 41.76\" E", "Northing": "30° 16' 18.43\" N", "Google_Map": "https://www.google.com/maps/search/?api=1&query=031° 30' 41.76\" E,30° 16' 18.43\" N"}, "geometry": {"type": "Point", "coordinates": [31.511600175590907, 30.271787353726232, 155.55999999999767]}}, {"type": "Feature", "properties": {"ID": "345", "Sectors": "القطاع الرابع عشر", "Easting": "031° 30' 43.93\" E", "Northing": "30° 16' 17.79\" N", "Google_Map": "https://www.google.com/maps/search/?api=1&query=031° 30' 43.93\" E,30° 16' 17.79\" N"}, "geometry": {"type": "Point", "coordinates": [31.512202190127432, 30.27160705924076, 154.2899999999936]}}, {"type": "Feature", "properties": {"ID": "346", "Sectors": "القطاع الرابع عشر", "Easting": "031° 30' 46.54\" E", "Northing": "30° 16' 17.98\" N", "Google_Map": "https://www.google.com/maps/search/?api=1&query=031° 30' 46.54\" E,30° 16' 17.98\" N"}, "geometry": {"type": "Point", "coordinates": [31.51292661661075, 30.271661849396754, 154.2899999999936]}}, {"type": "Feature", "properties": {"ID": "347", "Sectors": "القطاع الرابع عشر", "Easting": "031° 30' 45.52\" E", "Northing": "30° 16' 15.18\" N", "Google_Map": "https://www.google.com/maps/search/?api=1&query=031° 30' 45.52\" E,30° 16' 15.18\" N"}, "geometry": {"type": "Point", "coordinates": [31.512643451790044, 30.270882027636343, 153.94000000000233]}}, {"type": "Feature", "properties": {"ID": "348", "Sectors": "القطاع الرابع عشر", "Easting": "031° 30' 43.14\" E", "Northing": "30° 16' 15.57\" N", "Google_Map": "https://www.google.com/maps/search/?api=1&query=031° 30' 43.14\" E,30° 16' 15.57\" N"}, "geometry": {"type": "Point", "coordinates": [31.511983967475388, 30.270990891697885, 153.7167000000045]}}, {"type": "Feature", "properties": {"ID": "349", "Sectors": "القطاع الرابع عشر", "Easting": "031° 30' 40.92\" E", "Northing": "30° 16' 16.12\" N", "Google_Map": "https://www.google.com/maps/search/?api=1&query=031° 30' 40.92\" E,30° 16' 16.12\" N"}, "geometry": {"type": "Point", "coordinates": [31.511367712839792, 30.271145747115977, 153.50999999999476]}}, {"type": "Feature", "properties": {"ID": "350", "Sectors": "القطاع الرابع عشر", "Easting": "031° 30' 38.81\" E", "Northing": "30° 16' 16.45\" N", "Google_Map": "https://www.google.com/maps/search/?api=1&query=031° 30' 38.81\" E,30° 16' 16.45\" N"}, "geometry": {"type": "Point", "coordinates": [31.510781683884034, 30.27123512495541, 153.6600000000035]}}, {"type": "Feature", "properties": {"ID": "351", "Sectors": "القطاع الرابع عشر", "Easting": "031° 30' 38.41\" E", "Northing": "30° 16' 15.4\" N", "Google_Map": "https://www.google.com/maps/search/?api=1&query=031° 30' 38.41\" E,30° 16' 15.4\" N"}, "geometry": {"type": "Point", "coordinates": [31.510668254866346, 30.270945237095805, 153.91999999999825]}}, {"type": "Feature", "properties": {"ID": "352", "Sectors": "القطاع الرابع عشر", "Easting": "031° 30' 37.56\" E", "Northing": "30° 16' 13.46\" N", "Google_Map": "https://www.google.com/maps/search/?api=1&query=031° 30' 37.56\" E,30° 16' 13.46\" N"}, "geometry": {"type": "Point", "coordinates": [31.510433093147785, 30.27040465859163, 152.47000000000116]}}, {"type": "Feature", "properties": {"ID": "353", "Sectors": "القطاع الرابع عشر", "Easting": "031° 30' 33.05\" E", "Northing": "30° 16' 14.69\" N", "Google_Map": "https://www.google.com/maps/search/?api=1&query=031° 30' 33.05\" E,30° 16' 14.69\" N"}, "geometry": {"type": "Point", "coordinates": [31.509181557406258, 30.270746739831687, 152.61500000000524]}}, {"type": "Feature", "properties": {"ID": "354", "Sectors": "القطاع الرابع عشر", "Easting": "031° 30' 30.67\" E", "Northing": "30° 16' 15.35\" N", "Google_Map": "https://www.google.com/maps/search/?api=1&query=031° 30' 30.67\" E,30° 16' 15.35\" N"}, "geometry": {"type": "Point", "coordinates": [31.508519921411573, 30.27092942838761, 151.8399999999965]}}, {"type": "Feature", "properties": {"ID": "355", "Sectors": "القطاع الرابع عشر", "Easting": "031° 30' 27.32\" E", "Northing": "30° 16' 16.27\" N", "Google_Map": "https://www.google.com/maps/search/?api=1&query=031° 30' 27.32\" E,30° 16' 16.27\" N"}, "geometry": {"type": "Point", "coordinates": [31.507588384254024, 30.271186635472606, 152.0]}}, {"type": "Feature", "properties": {"ID": "356", "Sectors": "القطاع الخامس عشر", "Easting": "031° 30' 23.59\" E", "Northing": "30° 16' 17.33\" N", "Google_Map": "https://www.google.com/maps/search/?api=1&query=031° 30' 23.59\" E,30° 16' 17.33\" N"}, "geometry": {"type": "Point", "coordinates": [31.506552736013735, 30.27147986801957, 152.5399999999936]}}, {"type": "Feature", "properties": {"ID": "357", "Sectors": "القطاع الخامس عشر", "Easting": "031° 30' 20.17\" E", "Northing": "30° 16' 18.29\" N", "Google_Map": "https://www.google.com/maps/search/?api=1&query=031° 30' 20.17\" E,30° 16' 18.29\" N"}, "geometry": {"type": "Point", "coordinates": [31.505602891439498, 30.271747422245504, 153.4499999999971]}}, {"type": "Feature", "properties": {"ID": "358", "Sectors": "القطاع الخامس عشر", "Easting": "031° 30' 17.07\" E", "Northing": "30° 16' 19.06\" N", "Google_Map": "https://www.google.com/maps/search/?api=1&query=031° 30' 17.07\" E,30° 16' 19.06\" N"}, "geometry": {"type": "Point", "coordinates": [31.50474184524166, 30.271961060784065, 153.4499999999971]}}, {"type": "Feature", "properties": {"ID": "359", "Sectors": "القطاع الخامس عشر", "Easting": "031° 30' 11.41\" E", "Northing": "30° 16' 20.52\" N", "Google_Map": "https://www.google.com/maps/search/?api=1&query=031° 30' 11.41\" E,30° 16' 20.52\" N"}, "geometry": {"type": "Point", "coordinates": [31.5031691019835, 30.27236618819366, 154.50999999999476]}}, {"type": "Feature", "properties": {"ID": "360", "Sectors": "القطاع الخامس عشر", "Easting": "031° 30' 8.9\" E", "Northing": "30° 16' 21.16\" N", "Google_Map": "https://www.google.com/maps/search/?api=1&query=031° 30' 8.9\" E,30° 16' 21.16\" N"}, "geometry": {"type": "Point", "coordinates": [31.502472683412208, 30.272543469009864, 155.35499999999593]}}, {"type": "Feature", "properties": {"ID": "361", "Sectors": "القطاع الخامس عشر", "Easting": "031° 30' 5.7\" E", "Northing": "30° 16' 22.01\" N", "Google_Map": "https://www.google.com/maps/search/?api=1&query=031° 30' 5.7\" E,30° 16' 22.01\" N"}, "geometry": {"type": "Point", "coordinates": [31.501583757180377, 30.272780533192716, 156.1649999999936]}}, {"type": "Feature", "properties": {"ID": "362", "Sectors": "القطاع الخامس عشر", "Easting": "031° 30' 2.18\" E", "Northing": "30° 16' 23.0\" N", "Google_Map": "https://www.google.com/maps/search/?api=1&query=031° 30' 2.18\" E,30° 16' 23.0\" N"}, "geometry": {"type": "Point", "coordinates": [31.500605175143185, 30.273054935486947, 158.33000000000175]}}, {"type": "Feature", "properties": {"ID": "363", "Sectors": "القطاع الخامس عشر", "Easting": "031° 29' 58.72\" E", "Northing": "30° 16' 24.0\" N", "Google_Map": "https://www.google.com/maps/search/?api=1&query=031° 29' 58.72\" E,30° 16' 24.0\" N"}, "geometry": {"type": "Point", "coordinates": [31.499644219911705, 30.273334110128246, 159.49000000000524]}}, {"type": "Feature", "properties": {"ID": "364", "Sectors": "القطاع الخامس عشر", "Easting": "031° 29' 55.21\" E", "Northing": "30° 16' 24.99\" N", "Google_Map": "https://www.google.com/maps/search/?api=1&query=031° 29' 55.21\" E,30° 16' 24.99\" N"}, "geometry": {"type": "Point", "coordinates": [31.49866923067145, 30.273609265573196, 160.57000000000698]}}, {"type": "Feature", "properties": {"ID": "365", "Sectors": "القطاع الرابع عشر", "Easting": "031° 30' 39.79\" E", "Northing": "30° 16' 13.92\" N", "Google_Map": "https://www.google.com/maps/search/?api=1&query=031° 30' 39.79\" E,30° 16' 13.92\" N"}, "geometry": {"type": "Point", "coordinates": [31.511052370063737, 30.270533403222938, 153.16999999999825]}}, {"type": "Feature", "properties": {"ID": "366", "Sectors": "القطاع الرابع عشر", "Easting": "031° 30' 41.13\" E", "Northing": "30° 16' 13.58\" N", "Google_Map": "https://www.google.com/maps/search/?api=1&query=031° 30' 41.13\" E,30° 16' 13.58\" N"}, "geometry": {"type": "Point", "coordinates": [31.511424047232243, 30.27043997279327, 153.2899999999936]}}, {"type": "Feature", "properties": {"ID": "367", "Sectors": "القطاع الرابع عشر", "Easting": "031° 30' 43.53\" E", "Northing": "30° 16' 12.97\" N", "Google_Map": "https://www.google.com/maps/search/?api=1&query=031° 30' 43.53\" E,30° 16' 12.97\" N"}, "geometry": {"type": "Point", "coordinates": [31.512092449329987, 30.270270555644753, 153.72000000000116]}}, {"type": "Feature", "properties": {"ID": "368", "Sectors": "القطاع الرابع عشر", "Easting": "031° 30' 41.52\" E", "Northing": "30° 16' 12.39\" N", "Google_Map": "https://www.google.com/maps/search/?api=1&query=031° 30' 41.52\" E,30° 16' 12.39\" N"}, "geometry": {"type": "Point", "coordinates": [31.51153228426175, 30.27010935166783, 152.64500000000407]}}, {"type": "Feature", "properties": {"ID": "369", "Sectors": "القطاع الرابع عشر", "Easting": "031° 30' 45.16\" E", "Northing": "30° 16' 11.41\" N", "Google_Map": "https://www.google.com/maps/search/?api=1&query=031° 30' 45.16\" E,30° 16' 11.41\" N"}, "geometry": {"type": "Point", "coordinates": [31.512544233718767, 30.269835367081615, 153.42999999999302]}}, {"type": "Feature", "properties": {"ID": "370", "Sectors": "القطاع الرابع عشر", "Easting": "031° 30' 47.42\" E", "Northing": "30° 16' 11.35\" N", "Google_Map": "https://www.google.com/maps/search/?api=1&query=031° 30' 47.42\" E,30° 16' 11.35\" N"}, "geometry": {"type": "Point", "coordinates": [31.51317350547681, 30.26981951314435, 153.42999999999302]}}, {"type": "Feature", "properties": {"ID": "371", "Sectors": "القطاع الرابع عشر", "Easting": "031° 30' 51.02\" E", "Northing": "30° 16' 14.66\" N", "Google_Map": "https://www.google.com/maps/search/?api=1&query=031° 30' 51.02\" E,30° 16' 14.66\" N"}, "geometry": {"type": "Point", "coordinates": [31.514171126732652, 30.27073819367066, 154.0899999999965]}}, {"type": "Feature", "properties": {"ID": "372", "Sectors": "القطاع الرابع عشر", "Easting": "031° 30' 50.94\" E", "Northing": "30° 16' 17.33\" N", "Google_Map": "https://www.google.com/maps/search/?api=1&query=031° 30' 50.94\" E,30° 16' 17.33\" N"}, "geometry": {"type": "Point", "coordinates": [31.514149947174328, 30.27147945938509, 154.0899999999965]}}, {"type": "Feature", "properties": {"ID": "373", "Sectors": "القطاع الرابع عشر", "Easting": "031° 30' 52.99\" E", "Northing": "30° 16' 17.96\" N", "Google_Map": "https://www.google.com/maps/search/?api=1&query=031° 30' 52.99\" E,30° 16' 17.96\" N"}, "geometry": {"type": "Point", "coordinates": [31.51471873205526, 30.27165419319809, 154.0899999999965]}}, {"type": "Feature", "properties": {"ID": "374", "Sectors": "القطاع الرابع عشر", "Easting": "031° 30' 54.39\" E", "Northing": "30° 16' 16.2\" N", "Google_Map": "https://www.google.com/maps/search/?api=1&query=031° 30' 54.39\" E,30° 16' 16.2\" N"}, "geometry": {"type": "Point", "coordinates": [31.51510950419159, 30.27116766794339, 154.22999999999593]}}, {"type": "Feature", "properties": {"ID": "375", "Sectors": "القطاع الرابع عشر", "Easting": "031° 30' 57.27\" E", "Northing": "30° 16' 17.21\" N", "Google_Map": "https://www.google.com/maps/search/?api=1&query=031° 30' 57.27\" E,30° 16' 17.21\" N"}, "geometry": {"type": "Point", "coordinates": [31.51590966189248, 30.271445944007084, 153.32000000000698]}}, {"type": "Feature", "properties": {"ID": "376", "Sectors": "القطاع الرابع عشر", "Easting": "031° 30' 55.01\" E", "Northing": "30° 16' 18.77\" N", "Google_Map": "https://www.google.com/maps/search/?api=1&query=031° 30' 55.01\" E,30° 16' 18.77\" N"}, "geometry": {"type": "Point", "coordinates": [31.5152795215226, 30.271881262100912, 153.32000000000698]}}, {"type": "Feature", "properties": {"ID": "377", "Sectors": "القطاع الثالث عشر", "Easting": "031° 30' 57.45\" E", "Northing": "30° 16' 19.59\" N", "Google_Map": "https://www.google.com/maps/search/?api=1&query=031° 30' 57.45\" E,30° 16' 19.59\" N"}, "geometry": {"type": "Point", "coordinates": [31.51595903476483, 30.272107102032585, 153.32000000000698]}}, {"type": "Feature", "properties": {"ID": "378", "Sectors": "القطاع الرابع عشر", "Easting": "031° 30' 52.8\" E", "Northing": "30° 16' 20.63\" N", "Google_Map": "https://www.google.com/maps/search/?api=1&query=031° 30' 52.8\" E,30° 16' 20.63\" N"}, "geometry": {"type": "Point", "coordinates": [31.514665852032454, 30.272397831162216, 154.06329999999434]}}, {"type": "Feature", "properties": {"ID": "379", "Sectors": "القطاع الرابع عشر", "Easting": "031° 30' 55.71\" E", "Northing": "30° 16' 21.65\" N", "Google_Map": "https://www.google.com/maps/search/?api=1&query=031° 30' 55.71\" E,30° 16' 21.65\" N"}, "geometry": {"type": "Point", "coordinates": [31.515473674416373, 30.27268162810701, 154.35000000000582]}}, {"type": "Feature", "properties": {"ID": "380", "Sectors": "القطاع الرابع عشر", "Easting": "031° 30' 51.78\" E", "Northing": "30° 16' 22.02\" N", "Google_Map": "https://www.google.com/maps/search/?api=1&query=031° 30' 51.78\" E,30° 16' 22.02\" N"}, "geometry": {"type": "Point", "coordinates": [31.51438291368499, 30.27278462125172, 154.8399999999965]}}, {"type": "Feature", "properties": {"ID": "381", "Sectors": "القطاع الرابع عشر", "Easting": "031° 30' 52.07\" E", "Northing": "30° 16' 26.31\" N", "Google_Map": "https://www.google.com/maps/search/?api=1&query=031° 30' 52.07\" E,30° 16' 26.31\" N"}, "geometry": {"type": "Point", "coordinates": [31.51446506970759, 30.273974500695026, 155.08000000000175]}}, {"type": "Feature", "properties": {"ID": "382", "Sectors": "القطاع الثالث عشر", "Easting": "031° 31' 1.5\" E", "Northing": "30° 16' 18.26\" N", "Google_Map": "https://www.google.com/maps/search/?api=1&query=031° 31' 1.5\" E,30° 16' 18.26\" N"}, "geometry": {"type": "Point", "coordinates": [31.51708326385444, 30.271739442972738, 153.82889999999315]}}, {"type": "Feature", "properties": {"ID": "383", "Sectors": "القطاع الرابع عشر", "Easting": "031° 30' 49.19\" E", "Northing": "30° 16' 19.31\" N", "Google_Map": "https://www.google.com/maps/search/?api=1&query=031° 30' 49.19\" E,30° 16' 19.31\" N"}, "geometry": {"type": "Point", "coordinates": [31.513664182384968, 30.272030418155182, 153.8399999999965]}}, {"type": "Feature", "properties": {"ID": "384", "Sectors": "القطاع السابع عشر", "Easting": "031° 31' 20.61\" E", "Northing": "30° 16' 17.42\" N", "Google_Map": "https://www.google.com/maps/search/?api=1&query=031° 31' 20.61\" E,30° 16' 17.42\" N"}, "geometry": {"type": "Point", "coordinates": [31.522391977242595, 30.27150543101285, 0.0]}}, {"type": "Feature", "properties": {"ID": "385", "Sectors": "القطاع السابع عشر", "Easting": "031° 31' 21.44\" E", "Northing": "30° 16' 13.51\" N", "Google_Map": "https://www.google.com/maps/search/?api=1&query=031° 31' 21.44\" E,30° 16' 13.51\" N"}, "geometry": {"type": "Point", "coordinates": [31.522623227608012, 30.27041932745672, 0.0]}}, {"type": "Feature", "properties": {"ID": "386", "Sectors": "القطاع السابع عشر", "Easting": "031° 31' 17.69\" E", "Northing": "30° 16' 8.9\" N", "Google_Map": "https://www.google.com/maps/search/?api=1&query=031° 31' 17.69\" E,30° 16' 8.9\" N"}, "geometry": {"type": "Point", "coordinates": [31.521581441892657, 30.26913778004251, 0.0]}}, {"type": "Feature", "properties": {"ID": "387", "Sectors": "القطاع السابع عشر", "Easting": "031° 31' 18.83\" E", "Northing": "30° 16' 5.78\" N", "Google_Map": "https://www.google.com/maps/search/?api=1&query=031° 31' 18.83\" E,30° 16' 5.78\" N"}, "geometry": {"type": "Point", "coordinates": [31.521896913853908, 30.26827204366743, 0.0]}}, {"type": "Feature", "properties": {"ID": "388", "Sectors": "القطاع السابع عشر", "Easting": "031° 31' 17.05\" E", "Northing": "30° 16' 4.25\" N", "Google_Map": "https://www.google.com/maps/search/?api=1&query=031° 31' 17.05\" E,30° 16' 4.25\" N"}, "geometry": {"type": "Point", "coordinates": [31.52140400078648, 30.267848257348273, 0.0]}}, {"type": "Feature", "properties": {"ID": "389", "Sectors": "القطاع السابع عشر", "Easting": "031° 31' 14.28\" E", "Northing": "30° 16' 7.04\" N", "Google_Map": "https://www.google.com/maps/search/?api=1&query=031° 31' 14.28\" E,30° 16' 7.04\" N"}, "geometry": {"type": "Point", "coordinates": [31.520634685788835, 30.26862099949048, 0.0]}}, {"type": "Feature", "properties": {"ID": "390", "Sectors": "القطاع السابع عشر", "Easting": "031° 31' 9.99\" E", "Northing": "30° 16' 8.19\" N", "Google_Map": "https://www.google.com/maps/search/?api=1&query=031° 31' 9.99\" E,30° 16' 8.19\" N"}, "geometry": {"type": "Point", "coordinates": [31.519441889884853, 30.268940487929047, 0.0]}}, {"type": "Feature", "properties": {"ID": "391", "Sectors": "القطاع السابع عشر", "Easting": "031° 31' 8.31\" E", "Northing": "30° 16' 6.63\" N", "Google_Map": "https://www.google.com/maps/search/?api=1&query=031° 31' 8.31\" E,30° 16' 6.63\" N"}, "geometry": {"type": "Point", "coordinates": [31.5189751141789, 30.268509267027852, 0.0]}}, {"type": "Feature", "properties": {"ID": "392", "Sectors": "القطاع السابع عشر", "Easting": "031° 31' 9.69\" E", "Northing": "30° 16' 10.72\" N", "Google_Map": "https://www.google.com/maps/search/?api=1&query=031° 31' 9.69\" E,30° 16' 10.72\" N"}, "geometry": {"type": "Point", "coordinates": [31.519357765980967, 30.269645740424416, 0.0]}}, {"type": "Feature", "properties": {"ID": "393", "Sectors": "القطاع السابع عشر", "Easting": "031° 31' 11.94\" E", "Northing": "30° 16' 10.78\" N", "Google_Map": "https://www.google.com/maps/search/?api=1&query=031° 31' 11.94\" E,30° 16' 10.78\" N"}, "geometry": {"type": "Point", "coordinates": [31.519984389342326, 30.26966091362901, 0.0]}}, {"type": "Feature", "properties": {"ID": "394", "Sectors": "القطاع السابع عشر", "Easting": "031° 31' 14.24\" E", "Northing": "30° 16' 15.17\" N", "Google_Map": "https://www.google.com/maps/search/?api=1&query=031° 31' 14.24\" E,30° 16' 15.17\" N"}, "geometry": {"type": "Point", "coordinates": [31.520621463205945, 30.27088019147377, 0.0]}}, {"type": "Feature", "properties": {"ID": "395", "Sectors": "القطاع السابع عشر", "Easting": "031° 31' 21.29\" E", "Northing": "30° 16' 9.83\" N", "Google_Map": "https://www.google.com/maps/search/?api=1&query=031° 31' 21.29\" E,30° 16' 9.83\" N"}, "geometry": {"type": "Point", "coordinates": [31.522581844560357, 30.269397588424297, 0.0]}}, {"type": "Feature", "properties": {"ID": "396", "Sectors": "القطاع السابع عشر", "Easting": "031° 31' 15.07\" E", "Northing": "30° 16' 10.34\" N", "Google_Map": "https://www.google.com/maps/search/?api=1&query=031° 31' 15.07\" E,30° 16' 10.34\" N"}, "geometry": {"type": "Point", "coordinates": [31.520852455084288, 30.26954027196494, 0.0]}}, {"type": "Feature", "properties": {"ID": "397", "Sectors": "القطاع السابع عشر", "Easting": "031° 31' 17.65\" E", "Northing": "30° 16' 13.47\" N", "Google_Map": "https://www.google.com/maps/search/?api=1&query=031° 31' 17.65\" E,30° 16' 13.47\" N"}, "geometry": {"type": "Point", "coordinates": [31.521569874580912, 30.27040808259075, 0.0]}}, {"type": "Feature", "properties": {"ID": "398", "Sectors": "القطاع السابع عشر", "Easting": "031° 31' 17.67\" E", "Northing": "30° 16' 16.43\" N", "Google_Map": "https://www.google.com/maps/search/?api=1&query=031° 31' 17.67\" E,30° 16' 16.43\" N"}, "geometry": {"type": "Point", "coordinates": [31.521573795358705, 30.271230304541465, 0.0]}}, {"type": "Feature", "properties": {"ID": "399", "Sectors": "القطاع السابع عشر", "Easting": "031° 31' 12.35\" E", "Northing": "30° 16' 5.53\" N", "Google_Map": "https://www.google.com/maps/search/?api=1&query=031° 31' 12.35\" E,30° 16' 5.53\" N"}, "geometry": {"type": "Point", "coordinates": [31.520097692429243, 30.268203766988286, 0.0]}}, {"type": "Feature", "properties": {"ID": "400", "Sectors": "القطاع السابع عشر", "Easting": "031° 31' 9.97\" E", "Northing": "30° 16' 13.81\" N", "Google_Map": "https://www.google.com/maps/search/?api=1&query=031° 31' 9.97\" E,30° 16' 13.81\" N"}, "geometry": {"type": "Point", "coordinates": [31.519435324684466, 30.27050140224252, 0.0]}}, {"type": "Feature", "properties": {"ID": "401", "Sectors": "القطاع السابع عشر", "Easting": "031° 31' 18.06\" E", "Northing": "30° 16' 19.74\" N", "Google_Map": "https://www.google.com/maps/search/?api=1&query=031° 31' 18.06\" E,30° 16' 19.74\" N"}, "geometry": {"type": "Point", "coordinates": [31.521684693209455, 30.272150192226977, 0.0]}}, {"type": "Feature", "properties": {"ID": "402", "Sectors": "القطاع السابع عشر", "Easting": "031° 31' 8.13\" E", "Northing": "30° 16' 15.29\" N", "Google_Map": "https://www.google.com/maps/search/?api=1&query=031° 31' 8.13\" E,30° 16' 15.29\" N"}, "geometry": {"type": "Point", "coordinates": [31.518924971998178, 30.27091367247869, 0.0]}}, {"type": "Feature", "properties": {"ID": "403", "Sectors": "القطاع السابع عشر", "Easting": "031° 31' 7.89\" E", "Northing": "30° 16' 9.08\" N", "Google_Map": "https://www.google.com/maps/search/?api=1&query=031° 31' 7.89\" E,30° 16' 9.08\" N"}, "geometry": {"type": "Point", "coordinates": [31.518857285458555, 30.269188778288807, 0.0]}}, {"type": "Feature", "properties": {"ID": "404", "Sectors": "القطاع السابع عشر", "Easting": "031° 31' 18.52\" E", "Northing": "30° 16' 1.64\" N", "Google_Map": "https://www.google.com/maps/search/?api=1&query=031° 31' 18.52\" E,30° 16' 1.64\" N"}, "geometry": {"type": "Point", "coordinates": [31.521811302339575, 30.267122799635956, 0.0]}}, {"type": "Feature", "properties": {"ID": "405", "Sectors": "القطاع السابع عشر", "Easting": "031° 31' 21.82\" E", "Northing": "30° 16' 7.73\" N", "Google_Map": "https://www.google.com/maps/search/?api=1&query=031° 31' 21.82\" E,30° 16' 7.73\" N"}, "geometry": {"type": "Point", "coordinates": [31.52272783405112, 30.268815089747545, 0.0]}}, {"type": "Feature", "properties": {"ID": "406", "Sectors": "القطاع السابع عشر", "Easting": "031° 31' 17.26\" E", "Northing": "30° 16' 18.3\" N", "Google_Map": "https://www.google.com/maps/search/?api=1&query=031° 31' 17.26\" E,30° 16' 18.3\" N"}, "geometry": {"type": "Point", "coordinates": [31.52146032885352, 30.271750115547654, 0.0]}}, {"type": "Feature", "properties": {"ID": "407", "Sectors": "القطاع السابع عشر", "Easting": "031° 31' 11.29\" E", "Northing": "30° 16' 17.37\" N", "Google_Map": "https://www.google.com/maps/search/?api=1&query=031° 31' 11.29\" E,30° 16' 17.37\" N"}, "geometry": {"type": "Point", "coordinates": [31.519803040638998, 30.271492513129818, 0.0]}}, {"type": "Feature", "properties": {"ID": "408", "Sectors": "القطاع السابع عشر", "Easting": "031° 31' 12.49\" E", "Northing": "30° 16' 15.89\" N", "Google_Map": "https://www.google.com/maps/search/?api=1&query=031° 31' 12.49\" E,30° 16' 15.89\" N"}, "geometry": {"type": "Point", "coordinates": [31.520136366145774, 30.27108161545964, 0.0]}}, {"type": "Feature", "properties": {"ID": "409", "Sectors": "القطاع السابع عشر", "Easting": "031° 31' 23.75\" E", "Northing": "30° 16' 13.73\" N", "Google_Map": "https://www.google.com/maps/search/?api=1&query=031° 31' 23.75\" E,30° 16' 13.73\" N"}, "geometry": {"type": "Point", "coordinates": [31.52326292363937, 30.270480457983155, 0.0]}}, {"type": "Feature", "properties": {"ID": "410", "Sectors": "القطاع السابع عشر", "Easting": "031° 31' 19.58\" E", "Northing": "30° 16' 19.12\" N", "Google_Map": "https://www.google.com/maps/search/?api=1&query=031° 31' 19.58\" E,30° 16' 19.12\" N"}, "geometry": {"type": "Point", "coordinates": [31.52210437175621, 30.27197864435597, 0.0]}}, {"type": "Feature", "properties": {"ID": "411", "Sectors": "القطاع السادس عشر", "Easting": "031° 31' 56.14\" E", "Northing": "30° 16' 25.25\" N", "Google_Map": "https://www.google.com/maps/search/?api=1&query=031° 31' 56.14\" E,30° 16' 25.25\" N"}, "geometry": {"type": "Point", "coordinates": [31.532261211902878, 30.273679193071835, 0.0]}}, {"type": "Feature", "properties": {"ID": "412", "Sectors": "القطاع السابع عشر", "Easting": "031° 31' 24.06\" E", "Northing": "30° 16' 19.09\" N", "Google_Map": "https://www.google.com/maps/search/?api=1&query=031° 31' 24.06\" E,30° 16' 19.09\" N"}, "geometry": {"type": "Point", "coordinates": [31.523351069706873, 30.27196862437464, 0.0]}}, {"type": "Feature", "properties": {"ID": "413", "Sectors": "القطاع السادس عشر", "Easting": "031° 31' 56.12\" E", "Northing": "30° 16' 20.31\" N", "Google_Map": "https://www.google.com/maps/search/?api=1&query=031° 31' 56.12\" E,30° 16' 20.31\" N"}, "geometry": {"type": "Point", "coordinates": [31.53225640585417, 30.272307551512334, 0.0]}}, {"type": "Feature", "properties": {"ID": "414", "Sectors": "القطاع السادس عشر", "Easting": "031° 31' 56.11\" E", "Northing": "30° 16' 16.17\" N", "Google_Map": "https://www.google.com/maps/search/?api=1&query=031° 31' 56.11\" E,30° 16' 16.17\" N"}, "geometry": {"type": "Point", "coordinates": [31.532252185675844, 30.2711582454556, 0.0]}}, {"type": "Feature", "properties": {"ID": "415", "Sectors": "القطاع السادس عشر", "Easting": "031° 31' 55.92\" E", "Northing": "30° 16' 14.91\" N", "Google_Map": "https://www.google.com/maps/search/?api=1&query=031° 31' 55.92\" E,30° 16' 14.91\" N"}, "geometry": {"type": "Point", "coordinates": [31.532200121750755, 30.270809689549992, 0.0]}}, {"type": "Feature", "properties": {"ID": "416", "Sectors": "القطاع السادس عشر", "Easting": "031° 31' 55.83\" E", "Northing": "30° 16' 12.06\" N", "Google_Map": "https://www.google.com/maps/search/?api=1&query=031° 31' 55.83\" E,30° 16' 12.06\" N"}, "geometry": {"type": "Point", "coordinates": [31.532176211763744, 30.27001590819673, 0.0]}}, {"type": "Feature", "properties": {"ID": "417", "Sectors": "القطاع السادس عشر", "Easting": "031° 31' 55.12\" E", "Northing": "30° 16' 9.96\" N", "Google_Map": "https://www.google.com/maps/search/?api=1&query=031° 31' 55.12\" E,30° 16' 9.96\" N"}, "geometry": {"type": "Point", "coordinates": [31.531977472638907, 30.269432071927742, 0.0]}}, {"type": "Feature", "properties": {"ID": "418", "Sectors": "القطاع السادس عشر", "Easting": "031° 31' 56.13\" E", "Northing": "30° 16' 7.08\" N", "Google_Map": "https://www.google.com/maps/search/?api=1&query=031° 31' 56.13\" E,30° 16' 7.08\" N"}, "geometry": {"type": "Point", "coordinates": [31.532258166382945, 30.268633883970733, 0.0]}}, {"type": "Feature", "properties": {"ID": "419", "Sectors": "القطاع السادس عشر", "Easting": "031° 31' 53.47\" E", "Northing": "30° 16' 8.99\" N", "Google_Map": "https://www.google.com/maps/search/?api=1&query=031° 31' 53.47\" E,30° 16' 8.99\" N"}, "geometry": {"type": "Point", "coordinates": [31.53152073172621, 30.2691648394787, 0.0]}}, {"type": "Feature", "properties": {"ID": "420", "Sectors": "القطاع السادس عشر", "Easting": "031° 31' 52.75\" E", "Northing": "30° 16' 12.31\" N", "Google_Map": "https://www.google.com/maps/search/?api=1&query=031° 31' 52.75\" E,30° 16' 12.31\" N"}, "geometry": {"type": "Point", "coordinates": [31.53131951761386, 30.2700863591536, 0.0]}}, {"type": "Feature", "properties": {"ID": "421", "Sectors": "القطاع السادس عشر", "Easting": "031° 31' 52.76\" E", "Northing": "30° 16' 18.27\" N", "Google_Map": "https://www.google.com/maps/search/?api=1&query=031° 31' 52.76\" E,30° 16' 18.27\" N"}, "geometry": {"type": "Point", "coordinates": [31.53132162905891, 30.27174236246543, 0.0]}}, {"type": "Feature", "properties": {"ID": "422", "Sectors": "القطاع السادس عشر", "Easting": "031° 31' 52.95\" E", "Northing": "30° 16' 22.66\" N", "Google_Map": "https://www.google.com/maps/search/?api=1&query=031° 31' 52.95\" E,30° 16' 22.66\" N"}, "geometry": {"type": "Point", "coordinates": [31.531375531945038, 30.272960171596274, 0.0]}}, {"type": "Feature", "properties": {"ID": "423", "Sectors": "القطاع السادس عشر", "Easting": "031° 31' 55.96\" E", "Northing": "30° 16' 28.72\" N", "Google_Map": "https://www.google.com/maps/search/?api=1&query=031° 31' 55.96\" E,30° 16' 28.72\" N"}, "geometry": {"type": "Point", "coordinates": [31.532209826834016, 30.274645473748073, 0.0]}}, {"type": "Feature", "properties": {"ID": "424", "Sectors": "القطاع السادس عشر", "Easting": "031° 31' 52.12\" E", "Northing": "30° 16' 31.34\" N", "Google_Map": "https://www.google.com/maps/search/?api=1&query=031° 31' 52.12\" E,30° 16' 31.34\" N"}, "geometry": {"type": "Point", "coordinates": [31.531144896546838, 30.275372132915688, 0.0]}}, {"type": "Feature", "properties": {"ID": "425", "Sectors": "القطاع السادس عشر", "Easting": "031° 31' 50.4\" E", "Northing": "30° 16' 29.72\" N", "Google_Map": "https://www.google.com/maps/search/?api=1&query=031° 31' 50.4\" E,30° 16' 29.72\" N"}, "geometry": {"type": "Point", "coordinates": [31.530666139122168, 30.274923032716178, 0.0]}}, {"type": "Feature", "properties": {"ID": "426", "Sectors": "القطاع السادس عشر", "Easting": "031° 31' 48.28\" E", "Northing": "30° 16' 28.53\" N", "Google_Map": "https://www.google.com/maps/search/?api=1&query=031° 31' 48.28\" E,30° 16' 28.53\" N"}, "geometry": {"type": "Point", "coordinates": [31.53007865301636, 30.274591813868497, 0.0]}}, {"type": "Feature", "properties": {"ID": "427", "Sectors": "القطاع السادس عشر", "Easting": "031° 31' 45.09\" E", "Northing": "30° 16' 29.16\" N", "Google_Map": "https://www.google.com/maps/search/?api=1&query=031° 31' 45.09\" E,30° 16' 29.16\" N"}, "geometry": {"type": "Point", "coordinates": [31.5291911112511, 30.274767788038776, 0.0]}}, {"type": "Feature", "properties": {"ID": "428", "Sectors": "القطاع السادس عشر", "Easting": "031° 31' 43.39\" E", "Northing": "30° 16' 26.35\" N", "Google_Map": "https://www.google.com/maps/search/?api=1&query=031° 31' 43.39\" E,30° 16' 26.35\" N"}, "geometry": {"type": "Point", "coordinates": [31.52872019135635, 30.273985224766523, 0.0]}}, {"type": "Feature", "properties": {"ID": "429", "Sectors": "القطاع السادس عشر", "Easting": "031° 31' 39.97\" E", "Northing": "30° 16' 25.11\" N", "Google_Map": "https://www.google.com/maps/search/?api=1&query=031° 31' 39.97\" E,30° 16' 25.11\" N"}, "geometry": {"type": "Point", "coordinates": [31.52777010986341, 30.27364177889853, 0.0]}}, {"type": "Feature", "properties": {"ID": "430", "Sectors": "القطاع السادس عشر", "Easting": "031° 31' 46.45\" E", "Northing": "30° 16' 25.43\" N", "Google_Map": "https://www.google.com/maps/search/?api=1&query=031° 31' 46.45\" E,30° 16' 25.43\" N"}, "geometry": {"type": "Point", "coordinates": [31.529568590199002, 30.273730095860948, 0.0]}}, {"type": "Feature", "properties": {"ID": "431", "Sectors": "القطاع السادس عشر", "Easting": "031° 31' 45.86\" E", "Northing": "30° 16' 20.47\" N", "Google_Map": "https://www.google.com/maps/search/?api=1&query=031° 31' 45.86\" E,30° 16' 20.47\" N"}, "geometry": {"type": "Point", "coordinates": [31.52940661115875, 30.272353932326492, 0.0]}}, {"type": "Feature", "properties": {"ID": "432", "Sectors": "القطاع السادس عشر", "Easting": "031° 31' 42.02\" E", "Northing": "30° 16' 21.37\" N", "Google_Map": "https://www.google.com/maps/search/?api=1&query=031° 31' 42.02\" E,30° 16' 21.37\" N"}, "geometry": {"type": "Point", "coordinates": [31.528337981095746, 30.2726019715821, 0.0]}}, {"type": "Feature", "properties": {"ID": "433", "Sectors": "القطاع السادس عشر", "Easting": "031° 31' 46.16\" E", "Northing": "30° 16' 14.41\" N", "Google_Map": "https://www.google.com/maps/search/?api=1&query=031° 31' 46.16\" E,30° 16' 14.41\" N"}, "geometry": {"type": "Point", "coordinates": [31.529488759117957, 30.270668431917375, 0.0]}}, {"type": "Feature", "properties": {"ID": "434", "Sectors": "القطاع السادس عشر", "Easting": "031° 31' 43.14\" E", "Northing": "30° 16' 17.61\" N", "Google_Map": "https://www.google.com/maps/search/?api=1&query=031° 31' 43.14\" E,30° 16' 17.61\" N"}, "geometry": {"type": "Point", "coordinates": [31.52864902508003, 30.271557175975097, 0.0]}}, {"type": "Feature", "properties": {"ID": "435", "Sectors": "القطاع السادس عشر", "Easting": "031° 31' 42.21\" E", "Northing": "30° 16' 13.59\" N", "Google_Map": "https://www.google.com/maps/search/?api=1&query=031° 31' 42.21\" E,30° 16' 13.59\" N"}, "geometry": {"type": "Point", "coordinates": [31.528390730162197, 30.270442089337244, 0.0]}}, {"type": "Feature", "properties": {"ID": "436", "Sectors": "القطاع السادس عشر", "Easting": "031° 31' 39.29\" E", "Northing": "30° 16' 22.81\" N", "Google_Map": "https://www.google.com/maps/search/?api=1&query=031° 31' 39.29\" E,30° 16' 22.81\" N"}, "geometry": {"type": "Point", "coordinates": [31.527581594750277, 30.27300211064056, 0.0]}}, {"type": "Feature", "properties": {"ID": "437", "Sectors": "القطاع السابع عشر", "Easting": "031° 31' 32.77\" E", "Northing": "30° 16' 24.6\" N", "Google_Map": "https://www.google.com/maps/search/?api=1&query=031° 31' 32.77\" E,30° 16' 24.6\" N"}, "geometry": {"type": "Point", "coordinates": [31.525770786468225, 30.2734992420055, 0.0]}}, {"type": "Feature", "properties": {"ID": "438", "Sectors": "القطاع السابع عشر", "Easting": "031° 31' 33.6\" E", "Northing": "30° 16' 22.91\" N", "Google_Map": "https://www.google.com/maps/search/?api=1&query=031° 31' 33.6\" E,30° 16' 22.91\" N"}, "geometry": {"type": "Point", "coordinates": [31.526000072649474, 30.273030009035036, 0.0]}}, {"type": "Feature", "properties": {"ID": "439", "Sectors": "القطاع السابع عشر", "Easting": "031° 31' 35.34\" E", "Northing": "30° 16' 19.04\" N", "Google_Map": "https://www.google.com/maps/search/?api=1&query=031° 31' 35.34\" E,30° 16' 19.04\" N"}, "geometry": {"type": "Point", "coordinates": [31.52648381348816, 30.27195602739257, 0.0]}}, {"type": "Feature", "properties": {"ID": "440", "Sectors": "القطاع السابع عشر", "Easting": "031° 31' 26.82\" E", "Northing": "30° 16' 21.54\" N", "Google_Map": "https://www.google.com/maps/search/?api=1&query=031° 31' 26.82\" E,30° 16' 21.54\" N"}, "geometry": {"type": "Point", "coordinates": [31.524115523972863, 30.272650280340915, 0.0]}}, {"type": "Feature", "properties": {"ID": "441", "Sectors": "القطاع السابع عشر", "Easting": "031° 31' 26.78\" E", "Northing": "30° 16' 20.08\" N", "Google_Map": "https://www.google.com/maps/search/?api=1&query=031° 31' 26.78\" E,30° 16' 20.08\" N"}, "geometry": {"type": "Point", "coordinates": [31.524106212310446, 30.272245473599263, 0.0]}}, {"type": "Feature", "properties": {"ID": "442", "Sectors": "القطاع السابع عشر", "Easting": "031° 31' 27.28\" E", "Northing": "30° 16' 18.95\" N", "Google_Map": "https://www.google.com/maps/search/?api=1&query=031° 31' 27.28\" E,30° 16' 18.95\" N"}, "geometry": {"type": "Point", "coordinates": [31.52424545164474, 30.271931855520535, 0.0]}}, {"type": "Feature", "properties": {"ID": "443", "Sectors": "القطاع السابع عشر", "Easting": "031° 31' 29.67\" E", "Northing": "30° 16' 16.6\" N", "Google_Map": "https://www.google.com/maps/search/?api=1&query=031° 31' 29.67\" E,30° 16' 16.6\" N"}, "geometry": {"type": "Point", "coordinates": [31.52490791579978, 30.271278101487443, 0.0]}}, {"type": "Feature", "properties": {"ID": "444", "Sectors": "القطاع السابع عشر", "Easting": "031° 31' 31.78\" E", "Northing": "30° 16' 20.39\" N", "Google_Map": "https://www.google.com/maps/search/?api=1&query=031° 31' 31.78\" E,30° 16' 20.39\" N"}, "geometry": {"type": "Point", "coordinates": [31.525495350935614, 30.27232957249767, 0.0]}}, {"type": "Feature", "properties": {"ID": "445", "Sectors": "القطاع السابع عشر", "Easting": "031° 31' 33.8\" E", "Northing": "30° 16' 15.97\" N", "Google_Map": "https://www.google.com/maps/search/?api=1&query=031° 31' 33.8\" E,30° 16' 15.97\" N"}, "geometry": {"type": "Point", "coordinates": [31.52605662359805, 30.271101856141865, 0.0]}}, {"type": "Feature", "properties": {"ID": "446", "Sectors": "القطاع السادس عشر", "Easting": "031° 31' 42.07\" E", "Northing": "30° 16' 23.87\" N", "Google_Map": "https://www.google.com/maps/search/?api=1&query=031° 31' 42.07\" E,30° 16' 23.87\" N"}, "geometry": {"type": "Point", "coordinates": [31.528353191867478, 30.273296863001438, 0.0]}}, {"type": "Feature", "properties": {"ID": "447", "Sectors": "القطاع السادس عشر", "Easting": "031° 31' 51.51\" E", "Northing": "30° 16' 27.2\" N", "Google_Map": "https://www.google.com/maps/search/?api=1&query=031° 31' 51.51\" E,30° 16' 27.2\" N"}, "geometry": {"type": "Point", "coordinates": [31.53097541267132, 30.274222003546644, 0.0]}}, {"type": "Feature", "properties": {"ID": "448", "Sectors": "القطاع السادس عشر", "Easting": "031° 31' 53.47\" E", "Northing": "30° 16' 24.33\" N", "Google_Map": "https://www.google.com/maps/search/?api=1&query=031° 31' 53.47\" E,30° 16' 24.33\" N"}, "geometry": {"type": "Point", "coordinates": [31.5315202843161, 30.273425955478555, 0.0]}}, {"type": "Feature", "properties": {"ID": "449", "Sectors": "القطاع السادس عشر", "Easting": "031° 32' 4.94\" E", "Northing": "30° 16' 17.72\" N", "Google_Map": "https://www.google.com/maps/search/?api=1&query=031° 32' 4.94\" E,30° 16' 17.72\" N"}, "geometry": {"type": "Point", "coordinates": [31.53470593340257, 30.271589131090135, 0.0]}}, {"type": "Feature", "properties": {"ID": "450", "Sectors": "القطاع السادس عشر", "Easting": "031° 32' 4.99\" E", "Northing": "30° 16' 12.36\" N", "Google_Map": "https://www.google.com/maps/search/?api=1&query=031° 32' 4.99\" E,30° 16' 12.36\" N"}, "geometry": {"type": "Point", "coordinates": [31.534720437681617, 30.270099305821137, 0.0]}}, {"type": "Feature", "properties": {"ID": "451", "Sectors": "القطاع السادس عشر", "Easting": "031° 32' 5.14\" E", "Northing": "30° 16' 7.15\" N", "Google_Map": "https://www.google.com/maps/search/?api=1&query=031° 32' 5.14\" E,30° 16' 7.15\" N"}, "geometry": {"type": "Point", "coordinates": [31.53476084242536, 30.26865333675828, 0.0]}}, {"type": "Feature", "properties": {"ID": "452", "Sectors": "القطاع السادس عشر", "Easting": "031° 32' 8.91\" E", "Northing": "30° 15' 49.38\" N", "Google_Map": "https://www.google.com/maps/search/?api=1&query=031° 32' 8.91\" E,30° 15' 49.38\" N"}, "geometry": {"type": "Point", "coordinates": [31.535808381052473, 30.263715286841773, 0.0]}}, {"type": "Feature", "properties": {"ID": "453", "Sectors": "القطاع السادس عشر", "Easting": "031° 32' 10.37\" E", "Northing": "30° 15' 52.29\" N", "Google_Map": "https://www.google.com/maps/search/?api=1&query=031° 32' 10.37\" E,30° 15' 52.29\" N"}, "geometry": {"type": "Point", "coordinates": [31.536213699061776, 30.26452487934294, 0.0]}}, {"type": "Feature", "properties": {"ID": "454", "Sectors": "القطاع السادس عشر", "Easting": "031° 32' 1.04\" E", "Northing": "30° 15' 51.28\" N", "Google_Map": "https://www.google.com/maps/search/?api=1&query=031° 32' 1.04\" E,30° 15' 51.28\" N"}, "geometry": {"type": "Point", "coordinates": [31.53362201164959, 30.2642454812131, 0.0]}}, {"type": "Feature", "properties": {"ID": "455", "Sectors": "القطاع السادس عشر", "Easting": "031° 31' 56.64\" E", "Northing": "30° 15' 52.42\" N", "Google_Map": "https://www.google.com/maps/search/?api=1&query=031° 31' 56.64\" E,30° 15' 52.42\" N"}, "geometry": {"type": "Point", "coordinates": [31.53239899033858, 30.26456061417263, 0.0]}}, {"type": "Feature", "properties": {"ID": "456", "Sectors": "القطاع السادس عشر", "Easting": "031° 31' 57.65\" E", "Northing": "30° 15' 56.04\" N", "Google_Map": "https://www.google.com/maps/search/?api=1&query=031° 31' 57.65\" E,30° 15' 56.04\" N"}, "geometry": {"type": "Point", "coordinates": [31.53268113121509, 30.265566234459218, 0.0]}}, {"type": "Feature", "properties": {"ID": "457", "Sectors": "القطاع السادس عشر", "Easting": "031° 32' 6.02\" E", "Northing": "30° 15' 56.28\" N", "Google_Map": "https://www.google.com/maps/search/?api=1&query=031° 32' 6.02\" E,30° 15' 56.28\" N"}, "geometry": {"type": "Point", "coordinates": [31.535004843076063, 30.265632618082236, 0.0]}}, {"type": "Feature", "properties": {"ID": "458", "Sectors": "القطاع السادس عشر", "Easting": "031° 31' 58.47\" E", "Northing": "30° 15' 58.08\" N", "Google_Map": "https://www.google.com/maps/search/?api=1&query=031° 31' 58.47\" E,30° 15' 58.08\" N"}, "geometry": {"type": "Point", "coordinates": [31.532907357588318, 30.266134594701075, 0.0]}}, {"type": "Feature", "properties": {"ID": "459", "Sectors": "القطاع السادس عشر", "Easting": "031° 32' 1.74\" E", "Northing": "30° 16' 0.41\" N", "Google_Map": "https://www.google.com/maps/search/?api=1&query=031° 32' 1.74\" E,30° 16' 0.41\" N"}, "geometry": {"type": "Point", "coordinates": [31.53381658991486, 30.266779978062885, 0.0]}}, {"type": "Feature", "properties": {"ID": "460", "Sectors": "القطاع السادس عشر", "Easting": "031° 32' 0.0\" E", "Northing": "30° 16' 2.73\" N", "Google_Map": "https://www.google.com/maps/search/?api=1&query=031° 32' 0.0\" E,30° 16' 2.73\" N"}, "geometry": {"type": "Point", "coordinates": [31.533333818630307, 30.267424010607805, 0.0]}}, {"type": "Feature", "properties": {"ID": "461", "Sectors": "القطاع السادس عشر", "Easting": "031° 32' 8.54\" E", "Northing": "30° 16' 10.46\" N", "Google_Map": "https://www.google.com/maps/search/?api=1&query=031° 32' 8.54\" E,30° 16' 10.46\" N"}, "geometry": {"type": "Point", "coordinates": [31.535706506261786, 30.26957317508374, 0.0]}}, {"type": "Feature", "properties": {"ID": "462", "Sectors": "القطاع السادس عشر", "Easting": "031° 32' 1.73\" E", "Northing": "30° 16' 16.54\" N", "Google_Map": "https://www.google.com/maps/search/?api=1&query=031° 32' 1.73\" E,30° 16' 16.54\" N"}, "geometry": {"type": "Point", "coordinates": [31.533814949850065, 30.271261658080903, 0.0]}}, {"type": "Feature", "properties": {"ID": "463", "Sectors": "القطاع السادس عشر", "Easting": "031° 32' 8.21\" E", "Northing": "30° 16' 19.17\" N", "Google_Map": "https://www.google.com/maps/search/?api=1&query=031° 32' 8.21\" E,30° 16' 19.17\" N"}, "geometry": {"type": "Point", "coordinates": [31.535613731773967, 30.27199199717227, 0.0]}}, {"type": "Feature", "properties": {"ID": "464", "Sectors": "القطاع السادس عشر", "Easting": "031° 32' 1.6\" E", "Northing": "30° 16' 19.03\" N", "Google_Map": "https://www.google.com/maps/search/?api=1&query=031° 32' 1.6\" E,30° 16' 19.03\" N"}, "geometry": {"type": "Point", "coordinates": [31.53377763415312, 30.271953704546277, 0.0]}}, {"type": "Feature", "properties": {"ID": "465", "Sectors": "القطاع السادس عشر", "Easting": "031° 32' 1.53\" E", "Northing": "30° 16' 22.2\" N", "Google_Map": "https://www.google.com/maps/search/?api=1&query=031° 32' 1.53\" E,30° 16' 22.2\" N"}, "geometry": {"type": "Point", "coordinates": [31.533759655021, 30.272834617485785, 0.0]}}, {"type": "Feature", "properties": {"ID": "466", "Sectors": "القطاع السادس عشر", "Easting": "031° 32' 8.26\" E", "Northing": "30° 15' 58.62\" N", "Google_Map": "https://www.google.com/maps/search/?api=1&query=031° 32' 8.26\" E,30° 15' 58.62\" N"}, "geometry": {"type": "Point", "coordinates": [31.535628761297417, 30.266282463637687, 0.0]}}, {"type": "Feature", "properties": {"ID": "467", "Sectors": "القطاع السادس عشر", "Easting": "031° 31' 59.44\" E", "Northing": "30° 15' 59.79\" N", "Google_Map": "https://www.google.com/maps/search/?api=1&query=031° 31' 59.44\" E,30° 15' 59.79\" N"}, "geometry": {"type": "Point", "coordinates": [31.533177522651236, 30.2666082197375, 0.0]}}, {"type": "Feature", "properties": {"ID": "468", "Sectors": "القطاع السادس عشر", "Easting": "031° 32' 3.09\" E", "Northing": "30° 15' 58.79\" N", "Google_Map": "https://www.google.com/maps/search/?api=1&query=031° 32' 3.09\" E,30° 15' 58.79\" N"}, "geometry": {"type": "Point", "coordinates": [31.534192771976716, 30.266329497042012, 0.0]}}, {"type": "Feature", "properties": {"ID": "469", "Sectors": "القطاع السادس عشر", "Easting": "031° 31' 57.27\" E", "Northing": "30° 15' 51.15\" N", "Google_Map": "https://www.google.com/maps/search/?api=1&query=031° 31' 57.27\" E,30° 15' 51.15\" N"}, "geometry": {"type": "Point", "coordinates": [31.532575460346102, 30.264208252788812, 0.0]}}, {"type": "Feature", "properties": {"ID": "470", "Sectors": "القطاع السادس عشر", "Easting": "031° 32' 0.88\" E", "Northing": "30° 15' 50.32\" N", "Google_Map": "https://www.google.com/maps/search/?api=1&query=031° 32' 0.88\" E,30° 15' 50.32\" N"}, "geometry": {"type": "Point", "coordinates": [31.533576676773073, 30.26397840259481, 0.0]}}, {"type": "Feature", "properties": {"ID": "471", "Sectors": "القطاع السادس عشر", "Easting": "031° 32' 3.65\" E", "Northing": "30° 15' 49.67\" N", "Google_Map": "https://www.google.com/maps/search/?api=1&query=031° 32' 3.65\" E,30° 15' 49.67\" N"}, "geometry": {"type": "Point", "coordinates": [31.53434824573599, 30.263796501440034, 0.0]}}, {"type": "Feature", "properties": {"ID": "472", "Sectors": "القطاع السادس عشر", "Easting": "031° 32' 8.3\" E", "Northing": "30° 15' 48.59\" N", "Google_Map": "https://www.google.com/maps/search/?api=1&query=031° 32' 8.3\" E,30° 15' 48.59\" N"}, "geometry": {"type": "Point", "coordinates": [31.5356385520978, 30.263496923702135, 0.0]}}, {"type": "Feature", "properties": {"ID": "473", "Sectors": "القطاع السادس عشر", "Easting": "031° 32' 10.21\" E", "Northing": "30° 15' 55.15\" N", "Google_Map": "https://www.google.com/maps/search/?api=1&query=031° 32' 10.21\" E,30° 15' 55.15\" N"}, "geometry": {"type": "Point", "coordinates": [31.536168074943383, 30.26531957514006, 0.0]}}, {"type": "Feature", "properties": {"ID": "474", "Sectors": "القطاع السادس عشر", "Easting": "031° 32' 5.49\" E", "Northing": "30° 15' 53.12\" N", "Google_Map": "https://www.google.com/maps/search/?api=1&query=031° 32' 5.49\" E,30° 15' 53.12\" N"}, "geometry": {"type": "Point", "coordinates": [31.534859294301185, 30.26475680454277, 0.0]}}, {"type": "Feature", "properties": {"ID": "475", "Sectors": "القطاع السادس عشر", "Easting": "031° 32' 3.1\" E", "Northing": "30° 15' 53.48\" N", "Google_Map": "https://www.google.com/maps/search/?api=1&query=031° 32' 3.1\" E,30° 15' 53.48\" N"}, "geometry": {"type": "Point", "coordinates": [31.534194799563004, 30.264854791894965, 0.0]}}, {"type": "Feature", "properties": {"ID": "476", "Sectors": "القطاع السادس عشر", "Easting": "031° 32' 2.25\" E", "Northing": "30° 15' 54.18\" N", "Google_Map": "https://www.google.com/maps/search/?api=1&query=031° 32' 2.25\" E,30° 15' 54.18\" N"}, "geometry": {"type": "Point", "coordinates": [31.53395815927246, 30.265051214510354, 0.0]}}, {"type": "Feature", "properties": {"ID": "477", "Sectors": "القطاع السادس عشر", "Easting": "031° 31' 55.93\" E", "Northing": "30° 15' 54.1\" N", "Google_Map": "https://www.google.com/maps/search/?api=1&query=031° 31' 55.93\" E,30° 15' 54.1\" N"}, "geometry": {"type": "Point", "coordinates": [31.532203658079627, 30.26502798436497, 0.0]}}, {"type": "Feature", "properties": {"ID": "478", "Sectors": "القطاع السادس عشر", "Easting": "031° 32' 2.97\" E", "Northing": "30° 15' 56.98\" N", "Google_Map": "https://www.google.com/maps/search/?api=1&query=031° 32' 2.97\" E,30° 15' 56.98\" N"}, "geometry": {"type": "Point", "coordinates": [31.534159586771793, 30.265829001619064, 0.0]}}, {"type": "Feature", "properties": {"ID": "479", "Sectors": "القطاع السادس عشر", "Easting": "031° 32' 4.46\" E", "Northing": "30° 15' 57.83\" N", "Google_Map": "https://www.google.com/maps/search/?api=1&query=031° 32' 4.46\" E,30° 15' 57.83\" N"}, "geometry": {"type": "Point", "coordinates": [31.534572213850222, 30.266065039781896, 0.0]}}, {"type": "Feature", "properties": {"ID": "480", "Sectors": "القطاع السادس عشر", "Easting": "031° 32' 8.0\" E", "Northing": "30° 16' 0.27\" N", "Google_Map": "https://www.google.com/maps/search/?api=1&query=031° 32' 8.0\" E,30° 16' 0.27\" N"}, "geometry": {"type": "Point", "coordinates": [31.535556500958446, 30.266741057916924, 0.0]}}, {"type": "Feature", "properties": {"ID": "481", "Sectors": "القطاع السادس عشر", "Easting": "031° 32' 4.06\" E", "Northing": "30° 16' 1.34\" N", "Google_Map": "https://www.google.com/maps/search/?api=1&query=031° 32' 4.06\" E,30° 16' 1.34\" N"}, "geometry": {"type": "Point", "coordinates": [31.53446084524876, 30.267040192060804, 0.0]}}, {"type": "Feature", "properties": {"ID": "482", "Sectors": "القطاع السادس عشر", "Easting": "031° 32' 4.59\" E", "Northing": "30° 16' 4.73\" N", "Google_Map": "https://www.google.com/maps/search/?api=1&query=031° 32' 4.59\" E,30° 16' 4.73\" N"}, "geometry": {"type": "Point", "coordinates": [31.534609479454126, 30.267981685605296, 0.0]}}, {"type": "Feature", "properties": {"ID": "483", "Sectors": "القطاع السادس عشر", "Easting": "031° 32' 8.05\" E", "Northing": "30° 16' 4.64\" N", "Google_Map": "https://www.google.com/maps/search/?api=1&query=031° 32' 8.05\" E,30° 16' 4.64\" N"}, "geometry": {"type": "Point", "coordinates": [31.535570084325812, 30.267955550375916, 0.0]}}, {"type": "Feature", "properties": {"ID": "484", "Sectors": "القطاع السادس عشر", "Easting": "031° 32' 10.25\" E", "Northing": "30° 16' 3.14\" N", "Google_Map": "https://www.google.com/maps/search/?api=1&query=031° 32' 10.25\" E,30° 16' 3.14\" N"}, "geometry": {"type": "Point", "coordinates": [31.5361810314229, 30.267538936601387, 0.0]}}, {"type": "Feature", "properties": {"ID": "485", "Sectors": "القطاع السادس عشر", "Easting": "031° 32' 10.16\" E", "Northing": "30° 15' 59.98\" N", "Google_Map": "https://www.google.com/maps/search/?api=1&query=031° 32' 10.16\" E,30° 15' 59.98\" N"}, "geometry": {"type": "Point", "coordinates": [31.5361546141589, 30.266660469316236, 0.0]}}, {"type": "Feature", "properties": {"ID": "486", "Sectors": "القطاع السادس عشر", "Easting": "031° 32' 9.82\" E", "Northing": "30° 16' 7.32\" N", "Google_Map": "https://www.google.com/maps/search/?api=1&query=031° 32' 9.82\" E,30° 16' 7.32\" N"}, "geometry": {"type": "Point", "coordinates": [31.536059783091925, 30.268699364605148, 0.0]}}, {"type": "Feature", "properties": {"ID": "487", "Sectors": "القطاع السادس عشر", "Easting": "031° 32' 9.77\" E", "Northing": "30° 16' 13.02\" N", "Google_Map": "https://www.google.com/maps/search/?api=1&query=031° 32' 9.77\" E,30° 16' 13.02\" N"}, "geometry": {"type": "Point", "coordinates": [31.536048234319395, 30.27028452346818, 0.0]}}, {"type": "Feature", "properties": {"ID": "488", "Sectors": "القطاع السادس عشر", "Easting": "031° 32' 0.47\" E", "Northing": "30° 16' 7.34\" N", "Google_Map": "https://www.google.com/maps/search/?api=1&query=031° 32' 0.47\" E,30° 16' 7.34\" N"}, "geometry": {"type": "Point", "coordinates": [31.53346257943644, 30.26870512290882, 0.0]}}, {"type": "Feature", "properties": {"ID": "489", "Sectors": "القطاع السادس عشر", "Easting": "031° 32' 0.82\" E", "Northing": "30° 16' 10.19\" N", "Google_Map": "https://www.google.com/maps/search/?api=1&query=031° 32' 0.82\" E,30° 16' 10.19\" N"}, "geometry": {"type": "Point", "coordinates": [31.533560551738056, 30.26949792721732, 0.0]}}, {"type": "Feature", "properties": {"ID": "490", "Sectors": "القطاع السادس عشر", "Easting": "031° 32' 9.6\" E", "Northing": "30° 16' 16.29\" N", "Google_Map": "https://www.google.com/maps/search/?api=1&query=031° 32' 9.6\" E,30° 16' 16.29\" N"}, "geometry": {"type": "Point", "coordinates": [31.53600060670573, 30.27119211868917, 0.0]}}, {"type": "Feature", "properties": {"ID": "491", "Sectors": "القطاع السادس عشر", "Easting": "031° 32' 9.57\" E", "Northing": "30° 16' 21.95\" N", "Google_Map": "https://www.google.com/maps/search/?api=1&query=031° 32' 9.57\" E,30° 16' 21.95\" N"}, "geometry": {"type": "Point", "coordinates": [31.535990454833225, 30.27276496193253, 0.0]}}, {"type": "Feature", "properties": {"ID": "492", "Sectors": "القطاع السادس عشر", "Easting": "031° 32' 4.59\" E", "Northing": "30° 16' 21.86\" N", "Google_Map": "https://www.google.com/maps/search/?api=1&query=031° 32' 4.59\" E,30° 16' 21.86\" N"}, "geometry": {"type": "Point", "coordinates": [31.534609452913656, 30.27273787216441, 0.0]}}, {"type": "Feature", "properties": {"ID": "493", "Sectors": "القطاع العشرون", "Easting": "031° 30' 34.16\" E", "Northing": "30° 15' 50.81\" N", "Google_Map": "https://www.google.com/maps/search/?api=1&query=031° 30' 34.16\" E,30° 15' 50.81\" N"}, "geometry": {"type": "Point", "coordinates": [31.509487613940014, 30.26411323414868, 0.0]}}, {"type": "Feature", "properties": {"ID": "494", "Sectors": "القطاع العشرون", "Easting": "031° 30' 31.0\" E", "Northing": "30° 15' 47.95\" N", "Google_Map": "https://www.google.com/maps/search/?api=1&query=031° 30' 31.0\" E,30° 15' 47.95\" N"}, "geometry": {"type": "Point", "coordinates": [31.508610774991002, 30.263320088531685, 0.0]}}, {"type": "Feature", "properties": {"ID": "495", "Sectors": "القطاع العشرون", "Easting": "031° 30' 31.84\" E", "Northing": "30° 15' 42.34\" N", "Google_Map": "https://www.google.com/maps/search/?api=1&query=031° 30' 31.84\" E,30° 15' 42.34\" N"}, "geometry": {"type": "Point", "coordinates": [31.508845356294596, 30.26176022248108, 0.0]}}, {"type": "Feature", "properties": {"ID": "496", "Sectors": "القطاع العشرون", "Easting": "031° 30' 41.3\" E", "Northing": "30° 15' 44.98\" N", "Google_Map": "https://www.google.com/maps/search/?api=1&query=031° 30' 41.3\" E,30° 15' 44.98\" N"}, "geometry": {"type": "Point", "coordinates": [31.511471383627526, 30.262493149590124, 0.0]}}, {"type": "Feature", "properties": {"ID": "497", "Sectors": "القطاع العشرون", "Easting": "031° 30' 41.19\" E", "Northing": "30° 15' 48.37\" N", "Google_Map": "https://www.google.com/maps/search/?api=1&query=031° 30' 41.19\" E,30° 15' 48.37\" N"}, "geometry": {"type": "Point", "coordinates": [31.51144298139083, 30.263435911279398, 0.0]}}, {"type": "Feature", "properties": {"ID": "498", "Sectors": "القطاع العشرون", "Easting": "031° 30' 43.48\" E", "Northing": "30° 15' 48.99\" N", "Google_Map": "https://www.google.com/maps/search/?api=1&query=031° 30' 43.48\" E,30° 15' 48.99\" N"}, "geometry": {"type": "Point", "coordinates": [31.512079121653223, 30.263607570242943, 0.0]}}, {"type": "Feature", "properties": {"ID": "499", "Sectors": "القطاع العشرون", "Easting": "031° 30' 52.75\" E", "Northing": "30° 15' 49.38\" N", "Google_Map": "https://www.google.com/maps/search/?api=1&query=031° 30' 52.75\" E,30° 15' 49.38\" N"}, "geometry": {"type": "Point", "coordinates": [31.51465204477622, 30.263716599345383, 0.0]}}, {"type": "Feature", "properties": {"ID": "500", "Sectors": "القطاع العشرون", "Easting": "031° 30' 51.84\" E", "Northing": "30° 15' 55.0\" N", "Google_Map": "https://www.google.com/maps/search/?api=1&query=031° 30' 51.84\" E,30° 15' 55.0\" N"}, "geometry": {"type": "Point", "coordinates": [31.514401024882094, 30.26527740149182, 0.0]}}, {"type": "Feature", "properties": {"ID": "501", "Sectors": "القطاع العشرون", "Easting": "031° 30' 56.42\" E", "Northing": "30° 15' 53.96\" N", "Google_Map": "https://www.google.com/maps/search/?api=1&query=031° 30' 56.42\" E,30° 15' 53.96\" N"}, "geometry": {"type": "Point", "coordinates": [31.515673571998594, 30.264987659388797, 0.0]}}, {"type": "Feature", "properties": {"ID": "502", "Sectors": "القطاع العشرون", "Easting": "031° 30' 59.01\" E", "Northing": "30° 15' 54.89\" N", "Google_Map": "https://www.google.com/maps/search/?api=1&query=031° 30' 59.01\" E,30° 15' 54.89\" N"}, "geometry": {"type": "Point", "coordinates": [31.516390837701, 30.26524739346455, 0.0]}}, {"type": "Feature", "properties": {"ID": "503", "Sectors": "القطاع الثاني و العشرون", "Easting": "031° 29' 26.56\" E", "Northing": "30° 16' 12.73\" N", "Google_Map": "https://www.google.com/maps/search/?api=1&query=031° 29' 26.56\" E,30° 16' 12.73\" N"}, "geometry": {"type": "Point", "coordinates": [31.490710363880297, 30.27020345503664, 0.0]}}, {"type": "Feature", "properties": {"ID": "504", "Sectors": "القطاع التاسع عشر", "Easting": "031° 31' 9.75\" E", "Northing": "30° 15' 52.96\" N", "Google_Map": "https://www.google.com/maps/search/?api=1&query=031° 31' 9.75\" E,30° 15' 52.96\" N"}, "geometry": {"type": "Point", "coordinates": [31.519375238565182, 30.264711288053807, 0.0]}}, {"type": "Feature", "properties": {"ID": "505", "Sectors": "القطاع التاسع عشر", "Easting": "031° 31' 13.49\" E", "Northing": "30° 15' 55.27\" N", "Google_Map": "https://www.google.com/maps/search/?api=1&query=031° 31' 13.49\" E,30° 15' 55.27\" N"}, "geometry": {"type": "Point", "coordinates": [31.52041472893989, 30.265351660902088, 0.0]}}, {"type": "Feature", "properties": {"ID": "506", "Sectors": "القطاع التاسع عشر", "Easting": "031° 31' 12.51\" E", "Northing": "30° 15' 48.59\" N", "Google_Map": "https://www.google.com/maps/search/?api=1&query=031° 31' 12.51\" E,30° 15' 48.59\" N"}, "geometry": {"type": "Point", "coordinates": [31.52014285580896, 30.263495885035933, 0.0]}}, {"type": "Feature", "properties": {"ID": "507", "Sectors": "القطاع التاسع عشر", "Easting": "031° 31' 12.28\" E", "Northing": "30° 15' 57.16\" N", "Google_Map": "https://www.google.com/maps/search/?api=1&query=031° 31' 12.28\" E,30° 15' 57.16\" N"}, "geometry": {"type": "Point", "coordinates": [31.5200767826794, 30.265878108479413, 0.0]}}, {"type": "Feature", "properties": {"ID": "508", "Sectors": "القطاع التاسع عشر", "Easting": "031° 31' 3.36\" E", "Northing": "30° 15' 54.73\" N", "Google_Map": "https://www.google.com/maps/search/?api=1&query=031° 31' 3.36\" E,30° 15' 54.73\" N"}, "geometry": {"type": "Point", "coordinates": [31.517600126841476, 30.26520227357734, 0.0]}}, {"type": "Feature", "properties": {"ID": "509", "Sectors": "القطاع التاسع عشر", "Easting": "031° 31' 4.42\" E", "Northing": "30° 15' 52.4\" N", "Google_Map": "https://www.google.com/maps/search/?api=1&query=031° 31' 4.42\" E,30° 15' 52.4\" N"}, "geometry": {"type": "Point", "coordinates": [31.517894351213016, 30.26455611545168, 0.0]}}, {"type": "Feature", "properties": {"ID": "510", "Sectors": "القطاع التاسع عشر", "Easting": "031° 31' 1.35\" E", "Northing": "30° 15' 47.35\" N", "Google_Map": "https://www.google.com/maps/search/?api=1&query=031° 31' 1.35\" E,30° 15' 47.35\" N"}, "geometry": {"type": "Point", "coordinates": [31.517043003877838, 30.26315231166402, 0.0]}}, {"type": "Feature", "properties": {"ID": "511", "Sectors": "القطاع التاسع عشر", "Easting": "031° 31' 12.27\" E", "Northing": "30° 15' 46.05\" N", "Google_Map": "https://www.google.com/maps/search/?api=1&query=031° 31' 12.27\" E,30° 15' 46.05\" N"}, "geometry": {"type": "Point", "coordinates": [31.52007524606207, 30.262791099575374, 0.0]}}, {"type": "Feature", "properties": {"ID": "512", "Sectors": "القطاع التاسع عشر", "Easting": "031° 30' 57.68\" E", "Northing": "30° 15' 42.96\" N", "Google_Map": "https://www.google.com/maps/search/?api=1&query=031° 30' 57.68\" E,30° 15' 42.96\" N"}, "geometry": {"type": "Point", "coordinates": [31.5160221006669, 30.261931965444006, 0.0]}}, {"type": "Feature", "properties": {"ID": "513", "Sectors": "القطاع التاسع عشر", "Easting": "031° 30' 53.74\" E", "Northing": "30° 15' 39.0\" N", "Google_Map": "https://www.google.com/maps/search/?api=1&query=031° 30' 53.74\" E,30° 15' 39.0\" N"}, "geometry": {"type": "Point", "coordinates": [31.514927709511735, 30.26083364703569, 0.0]}}, {"type": "Feature", "properties": {"ID": "514", "Sectors": "القطاع التاسع عشر", "Easting": "031° 30' 57.94\" E", "Northing": "30° 15' 36.52\" N", "Google_Map": "https://www.google.com/maps/search/?api=1&query=031° 30' 57.94\" E,30° 15' 36.52\" N"}, "geometry": {"type": "Point", "coordinates": [31.516095232963504, 30.260145007788797, 0.0]}}, {"type": "Feature", "properties": {"ID": "515", "Sectors": "القطاع التاسع عشر", "Easting": "031° 31' 1.25\" E", "Northing": "30° 15' 40.99\" N", "Google_Map": "https://www.google.com/maps/search/?api=1&query=031° 31' 1.25\" E,30° 15' 40.99\" N"}, "geometry": {"type": "Point", "coordinates": [31.517014698110103, 30.26138646654178, 0.0]}}, {"type": "Feature", "properties": {"ID": "516", "Sectors": "القطاع التاسع عشر", "Easting": "031° 31' 7.3\" E", "Northing": "30° 15' 44.34\" N", "Google_Map": "https://www.google.com/maps/search/?api=1&query=031° 31' 7.3\" E,30° 15' 44.34\" N"}, "geometry": {"type": "Point", "coordinates": [31.518694898845215, 30.262317637253965, 0.0]}}, {"type": "Feature", "properties": {"ID": "517", "Sectors": "القطاع التاسع عشر", "Easting": "031° 31' 11.83\" E", "Northing": "30° 15' 43.07\" N", "Google_Map": "https://www.google.com/maps/search/?api=1&query=031° 31' 11.83\" E,30° 15' 43.07\" N"}, "geometry": {"type": "Point", "coordinates": [31.519953932674834, 30.26196444362966, 0.0]}}, {"type": "Feature", "properties": {"ID": "518", "Sectors": "القطاع التاسع عشر", "Easting": "031° 31' 7.77\" E", "Northing": "30° 15' 39.23\" N", "Google_Map": "https://www.google.com/maps/search/?api=1&query=031° 31' 7.77\" E,30° 15' 39.23\" N"}, "geometry": {"type": "Point", "coordinates": [31.518823821838193, 30.26089749974485, 0.0]}}, {"type": "Feature", "properties": {"ID": "519", "Sectors": "القطاع التاسع عشر", "Easting": "031° 31' 5.79\" E", "Northing": "30° 15' 37.12\" N", "Google_Map": "https://www.google.com/maps/search/?api=1&query=031° 31' 5.79\" E,30° 15' 37.12\" N"}, "geometry": {"type": "Point", "coordinates": [31.5182757982833, 30.260311158462763, 0.0]}}, {"type": "Feature", "properties": {"ID": "520", "Sectors": "القطاع التاسع عشر", "Easting": "031° 31' 3.25\" E", "Northing": "30° 15' 42.6\" N", "Google_Map": "https://www.google.com/maps/search/?api=1&query=031° 31' 3.25\" E,30° 15' 42.6\" N"}, "geometry": {"type": "Point", "coordinates": [31.517570367229276, 30.261832265337958, 0.0]}}, {"type": "Feature", "properties": {"ID": "521", "Sectors": "القطاع التاسع عشر", "Easting": "031° 31' 20.62\" E", "Northing": "30° 15' 41.21\" N", "Google_Map": "https://www.google.com/maps/search/?api=1&query=031° 31' 20.62\" E,30° 15' 41.21\" N"}, "geometry": {"type": "Point", "coordinates": [31.522393488623337, 30.261446676948896, 0.0]}}, {"type": "Feature", "properties": {"ID": "522", "Sectors": "القطاع التاسع عشر", "Easting": "031° 31' 17.43\" E", "Northing": "30° 15' 46.91\" N", "Google_Map": "https://www.google.com/maps/search/?api=1&query=031° 31' 17.43\" E,30° 15' 46.91\" N"}, "geometry": {"type": "Point", "coordinates": [31.52150875273194, 30.263029950418737, 0.0]}}, {"type": "Feature", "properties": {"ID": "523", "Sectors": "القطاع التاسع عشر", "Easting": "031° 31' 18.76\" E", "Northing": "30° 15' 53.17\" N", "Google_Map": "https://www.google.com/maps/search/?api=1&query=031° 31' 18.76\" E,30° 15' 53.17\" N"}, "geometry": {"type": "Point", "coordinates": [31.521878565199426, 30.264768297596586, 0.0]}}, {"type": "Feature", "properties": {"ID": "524", "Sectors": "القطاع التاسع عشر", "Easting": "031° 31' 19.76\" E", "Northing": "30° 15' 50.63\" N", "Google_Map": "https://www.google.com/maps/search/?api=1&query=031° 31' 19.76\" E,30° 15' 50.63\" N"}, "geometry": {"type": "Point", "coordinates": [31.522154492741624, 30.2640637041599, 0.0]}}, {"type": "Feature", "properties": {"ID": "525", "Sectors": "القطاع التاسع عشر", "Easting": "031° 31' 27.18\" E", "Northing": "30° 15' 49.36\" N", "Google_Map": "https://www.google.com/maps/search/?api=1&query=031° 31' 27.18\" E,30° 15' 49.36\" N"}, "geometry": {"type": "Point", "coordinates": [31.524215729705514, 30.26370989634828, 0.0]}}, {"type": "Feature", "properties": {"ID": "526", "Sectors": "القطاع التاسع عشر", "Easting": "031° 31' 21.98\" E", "Northing": "30° 15' 46.07\" N", "Google_Map": "https://www.google.com/maps/search/?api=1&query=031° 31' 21.98\" E,30° 15' 46.07\" N"}, "geometry": {"type": "Point", "coordinates": [31.522773124237755, 30.26279796632965, 0.0]}}, {"type": "Feature", "properties": {"ID": "527", "Sectors": "القطاع التاسع عشر", "Easting": "031° 31' 24.31\" E", "Northing": "30° 15' 52.34\" N", "Google_Map": "https://www.google.com/maps/search/?api=1&query=031° 31' 24.31\" E,30° 15' 52.34\" N"}, "geometry": {"type": "Point", "coordinates": [31.523419667631842, 30.264538583222045, 0.0]}}, {"type": "Feature", "properties": {"ID": "528", "Sectors": "القطاع التاسع عشر", "Easting": "031° 31' 22.42\" E", "Northing": "30° 15' 54.41\" N", "Google_Map": "https://www.google.com/maps/search/?api=1&query=031° 31' 22.42\" E,30° 15' 54.41\" N"}, "geometry": {"type": "Point", "coordinates": [31.522894117931017, 30.26511494530552, 0.0]}}, {"type": "Feature", "properties": {"ID": "529", "Sectors": "القطاع التاسع عشر", "Easting": "031° 31' 30.72\" E", "Northing": "30° 15' 52.17\" N", "Google_Map": "https://www.google.com/maps/search/?api=1&query=031° 31' 30.72\" E,30° 15' 52.17\" N"}, "geometry": {"type": "Point", "coordinates": [31.52520081648676, 30.264492091665364, 0.0]}}, {"type": "Feature", "properties": {"ID": "530", "Sectors": "القطاع التاسع عشر", "Easting": "031° 31' 28.45\" E", "Northing": "30° 15' 46.02\" N", "Google_Map": "https://www.google.com/maps/search/?api=1&query=031° 31' 28.45\" E,30° 15' 46.02\" N"}, "geometry": {"type": "Point", "coordinates": [31.524568453072064, 30.262784301331557, 0.0]}}, {"type": "Feature", "properties": {"ID": "531", "Sectors": "القطاع التاسع عشر", "Easting": "031° 31' 20.4\" E", "Northing": "30° 15' 43.42\" N", "Google_Map": "https://www.google.com/maps/search/?api=1&query=031° 31' 20.4\" E,30° 15' 43.42\" N"}, "geometry": {"type": "Point", "coordinates": [31.522334090608187, 30.26206104774574, 0.0]}}, {"type": "Feature", "properties": {"ID": "532", "Sectors": "القطاع التاسع عشر", "Easting": "031° 31' 29.84\" E", "Northing": "30° 15' 44.23\" N", "Google_Map": "https://www.google.com/maps/search/?api=1&query=031° 31' 29.84\" E,30° 15' 44.23\" N"}, "geometry": {"type": "Point", "coordinates": [31.524955059521268, 30.262285722815715, 0.0]}}, {"type": "Feature", "properties": {"ID": "533", "Sectors": "القطاع الثامن عشر", "Easting": "031° 31' 42.67\" E", "Northing": "30° 15' 48.88\" N", "Google_Map": "https://www.google.com/maps/search/?api=1&query=031° 31' 42.67\" E,30° 15' 48.88\" N"}, "geometry": {"type": "Point", "coordinates": [31.528519757877227, 30.263578136784716, 0.0]}}, {"type": "Feature", "properties": {"ID": "534", "Sectors": "القطاع الثامن عشر", "Easting": "031° 31' 43.48\" E", "Northing": "30° 15' 47.09\" N", "Google_Map": "https://www.google.com/maps/search/?api=1&query=031° 31' 43.48\" E,30° 15' 47.09\" N"}, "geometry": {"type": "Point", "coordinates": [31.528743838913766, 30.263080745904084, 0.0]}}, {"type": "Feature", "properties": {"ID": "535", "Sectors": "القطاع الثامن عشر", "Easting": "031° 31' 37.82\" E", "Northing": "30° 15' 45.83\" N", "Google_Map": "https://www.google.com/maps/search/?api=1&query=031° 31' 37.82\" E,30° 15' 45.83\" N"}, "geometry": {"type": "Point", "coordinates": [31.527171654488455, 30.262730123984326, 0.0]}}, {"type": "Feature", "properties": {"ID": "536", "Sectors": "القطاع الثامن عشر", "Easting": "031° 31' 43.83\" E", "Northing": "30° 15' 42.69\" N", "Google_Map": "https://www.google.com/maps/search/?api=1&query=031° 31' 43.83\" E,30° 15' 42.69\" N"}, "geometry": {"type": "Point", "coordinates": [31.52884220505217, 30.261858431094208, 0.0]}}, {"type": "Feature", "properties": {"ID": "537", "Sectors": "القطاع الثامن عشر", "Easting": "031° 31' 46.58\" E", "Northing": "30° 15' 42.09\" N", "Google_Map": "https://www.google.com/maps/search/?api=1&query=031° 31' 46.58\" E,30° 15' 42.09\" N"}, "geometry": {"type": "Point", "coordinates": [31.529604183973508, 30.261692113578967, 0.0]}}, {"type": "Feature", "properties": {"ID": "538", "Sectors": "القطاع الثامن عشر", "Easting": "031° 31' 36.13\" E", "Northing": "30° 15' 46.12\" N", "Google_Map": "https://www.google.com/maps/search/?api=1&query=031° 31' 36.13\" E,30° 15' 46.12\" N"}, "geometry": {"type": "Point", "coordinates": [31.526702584916432, 30.262811460496206, 0.0]}}, {"type": "Feature", "properties": {"ID": "539", "Sectors": "القطاع الحادي و العشرون", "Easting": "031° 30' 26.34\" E", "Northing": "30° 16' 9.67\" N", "Google_Map": "https://www.google.com/maps/search/?api=1&query=031° 30' 26.34\" E,30° 16' 9.67\" N"}, "geometry": {"type": "Point", "coordinates": [31.507317441181446, 30.269351657203316, 0.0]}}, {"type": "Feature", "properties": {"ID": "540", "Sectors": "القطاع الحادي و العشرون", "Easting": "031° 30' 37.18\" E", "Northing": "30° 16' 6.78\" N", "Google_Map": "https://www.google.com/maps/search/?api=1&query=031° 30' 37.18\" E,30° 16' 6.78\" N"}, "geometry": {"type": "Point", "coordinates": [31.510327328559125, 30.26855013877829, 0.0]}}, {"type": "Feature", "properties": {"ID": "541", "Sectors": "القطاع الحادي و العشرون", "Easting": "031° 30' 21.16\" E", "Northing": "30° 16' 7.5\" N", "Google_Map": "https://www.google.com/maps/search/?api=1&query=031° 30' 21.16\" E,30° 16' 7.5\" N"}, "geometry": {"type": "Point", "coordinates": [31.505878640554805, 30.268750365245733, 0.0]}}, {"type": "Feature", "properties": {"ID": "542", "Sectors": "القطاع الحادي و العشرون", "Easting": "031° 30' 30.39\" E", "Northing": "30° 15' 57.82\" N", "Google_Map": "https://www.google.com/maps/search/?api=1&query=031° 30' 30.39\" E,30° 15' 57.82\" N"}, "geometry": {"type": "Point", "coordinates": [31.508441445842166, 30.266062298547652, 0.0]}}, {"type": "Feature", "properties": {"ID": "543", "Sectors": "القطاع الحادي و العشرون", "Easting": "031° 30' 38.91\" E", "Northing": "30° 16' 0.74\" N", "Google_Map": "https://www.google.com/maps/search/?api=1&query=031° 30' 38.91\" E,30° 16' 0.74\" N"}, "geometry": {"type": "Point", "coordinates": [31.510807426027643, 30.26687124339704, 0.0]}}, {"type": "Feature", "properties": {"ID": "544", "Sectors": "القطاع الحادي و العشرون", "Easting": "031° 30' 33.2\" E", "Northing": "30° 16' 3.42\" N", "Google_Map": "https://www.google.com/maps/search/?api=1&query=031° 30' 33.2\" E,30° 16' 3.42\" N"}, "geometry": {"type": "Point", "coordinates": [31.50922132102789, 30.267618021461814, 0.0]}}, {"type": "Feature", "properties": {"ID": "545", "Sectors": "القطاع الحادي و العشرون", "Easting": "031° 30' 27.4\" E", "Northing": "30° 16' 5.78\" N", "Google_Map": "https://www.google.com/maps/search/?api=1&query=031° 30' 27.4\" E,30° 16' 5.78\" N"}, "geometry": {"type": "Point", "coordinates": [31.50761154028964, 30.26827166246871, 0.0]}}, {"type": "Feature", "properties": {"ID": "546", "Sectors": "القطاع الحادي و العشرون", "Easting": "031° 30' 27.38\" E", "Northing": "30° 15' 59.22\" N", "Google_Map": "https://www.google.com/maps/search/?api=1&query=031° 30' 27.38\" E,30° 15' 59.22\" N"}, "geometry": {"type": "Point", "coordinates": [31.50760643185555, 30.26645136819891, 0.0]}}, {"type": "Feature", "properties": {"ID": "547", "Sectors": "القطاع الثاني و العشرون", "Easting": "031° 29' 42.79\" E", "Northing": "30° 16' 21.49\" N", "Google_Map": "https://www.google.com/maps/search/?api=1&query=031° 29' 42.79\" E,30° 16' 21.49\" N"}, "geometry": {"type": "Point", "coordinates": [31.49521890487924, 30.272636420066064, 0.0]}}, {"type": "Feature", "properties": {"ID": "548", "Sectors": "القطاع الثاني و العشرون", "Easting": "031° 29' 28.29\" E", "Northing": "30° 16' 19.99\" N", "Google_Map": "https://www.google.com/maps/search/?api=1&query=031° 29' 28.29\" E,30° 16' 19.99\" N"}, "geometry": {"type": "Point", "coordinates": [31.491191861509808, 30.272220757303288, 0.0]}}, {"type": "Feature", "properties": {"ID": "549", "Sectors": "القطاع الثاني و العشرون", "Easting": "031° 29' 23.76\" E", "Northing": "30° 16' 15.73\" N", "Google_Map": "https://www.google.com/maps/search/?api=1&query=031° 29' 23.76\" E,30° 16' 15.73\" N"}, "geometry": {"type": "Point", "coordinates": [31.489931985904754, 30.27103692443853, 0.0]}}, {"type": "Feature", "properties": {"ID": "550", "Sectors": "القطاع الثاني و العشرون", "Easting": "031° 29' 33.19\" E", "Northing": "30° 16' 7.84\" N", "Google_Map": "https://www.google.com/maps/search/?api=1&query=031° 29' 33.19\" E,30° 16' 7.84\" N"}, "geometry": {"type": "Point", "coordinates": [31.492553419479172, 30.26884372018473, 0.0]}}, {"type": "Feature", "properties": {"ID": "551", "Sectors": "القطاع الثاني و العشرون", "Easting": "031° 29' 52.59\" E", "Northing": "30° 16' 16.59\" N", "Google_Map": "https://www.google.com/maps/search/?api=1&query=031° 29' 52.59\" E,30° 16' 16.59\" N"}, "geometry": {"type": "Point", "coordinates": [31.497942271060552, 30.271274141526877, 0.0]}}, {"type": "Feature", "properties": {"ID": "552", "Sectors": "القطاع الثاني و العشرون", "Easting": "031° 29' 46.11\" E", "Northing": "30° 16' 3.95\" N", "Google_Map": "https://www.google.com/maps/search/?api=1&query=031° 29' 46.11\" E,30° 16' 3.95\" N"}, "geometry": {"type": "Point", "coordinates": [31.496141003865382, 30.26776315519398, 0.0]}}, {"type": "Feature", "properties": {"ID": "553", "Sectors": "القطاع الثاني و العشرون", "Easting": "031° 29' 21.87\" E", "Northing": "30° 16' 20.73\" N", "Google_Map": "https://www.google.com/maps/search/?api=1&query=031° 29' 21.87\" E,30° 16' 20.73\" N"}, "geometry": {"type": "Point", "coordinates": [31.48940912105077, 30.27242560535002, 0.0]}}, {"type": "Feature", "properties": {"ID": "554", "Sectors": "القطاع الثاني و العشرون", "Easting": "031° 29' 27.77\" E", "Northing": "30° 16' 25.1\" N", "Google_Map": "https://www.google.com/maps/search/?api=1&query=031° 29' 27.77\" E,30° 16' 25.1\" N"}, "geometry": {"type": "Point", "coordinates": [31.491046800111775, 30.27363883952598, 0.0]}}, {"type": "Feature", "properties": {"ID": "555", "Sectors": "القطاع الثاني و العشرون", "Easting": "031° 29' 34.06\" E", "Northing": "30° 16' 23.79\" N", "Google_Map": "https://www.google.com/maps/search/?api=1&query=031° 29' 34.06\" E,30° 16' 23.79\" N"}, "geometry": {"type": "Point", "coordinates": [31.49279398963832, 30.273274256913737, 0.0]}}, {"type": "Feature", "properties": {"ID": "556", "Sectors": "القطاع الثاني و العشرون", "Easting": "031° 29' 36.82\" E", "Northing": "30° 16' 20.08\" N", "Google_Map": "https://www.google.com/maps/search/?api=1&query=031° 29' 36.82\" E,30° 16' 20.08\" N"}, "geometry": {"type": "Point", "coordinates": [31.493560691933798, 30.272245392207196, 0.0]}}, {"type": "Feature", "properties": {"ID": "557", "Sectors": "القطاع الثاني و العشرون", "Easting": "031° 29' 41.31\" E", "Northing": "30° 16' 15.39\" N", "Google_Map": "https://www.google.com/maps/search/?api=1&query=031° 29' 41.31\" E,30° 16' 15.39\" N"}, "geometry": {"type": "Point", "coordinates": [31.494809403142643, 30.27094275689466, 0.0]}}, {"type": "Feature", "properties": {"ID": "558", "Sectors": "القطاع الثاني و العشرون", "Easting": "031° 29' 45.85\" E", "Northing": "30° 16' 17.14\" N", "Google_Map": "https://www.google.com/maps/search/?api=1&query=031° 29' 45.85\" E,30° 16' 17.14\" N"}, "geometry": {"type": "Point", "coordinates": [31.496068297866973, 30.27142751162496, 0.0]}}, {"type": "Feature", "properties": {"ID": "559", "Sectors": "القطاع الثاني و العشرون", "Easting": "031° 29' 44.94\" E", "Northing": "30° 16' 8.27\" N", "Google_Map": "https://www.google.com/maps/search/?api=1&query=031° 29' 44.94\" E,30° 16' 8.27\" N"}, "geometry": {"type": "Point", "coordinates": [31.49581715933938, 30.26896406617473, 0.0]}}, {"type": "Feature", "properties": {"ID": "560", "Sectors": "القطاع الثاني و العشرون", "Easting": "031° 29' 46.42\" E", "Northing": "30° 16' 13.88\" N", "Google_Map": "https://www.google.com/maps/search/?api=1&query=031° 29' 46.42\" E,30° 16' 13.88\" N"}, "geometry": {"type": "Point", "coordinates": [31.49622736631652, 30.270523479256667, 0.0]}}, {"type": "Feature", "properties": {"ID": "561", "Sectors": "القطاع الثاني و العشرون", "Easting": "031° 29' 32.29\" E", "Northing": "30° 16' 18.4\" N", "Google_Map": "https://www.google.com/maps/search/?api=1&query=031° 29' 32.29\" E,30° 16' 18.4\" N"}, "geometry": {"type": "Point", "coordinates": [31.49230217663898, 30.271778489697162, 0.0]}}, {"type": "Feature", "properties": {"ID": "562", "Sectors": "القطاع السادس عشر", "Easting": "031° 31' 51.64\" E", "Northing": "30° 16' 0.86\" N", "Google_Map": "https://www.google.com/maps/search/?api=1&query=031° 31' 51.64\" E,30° 16' 0.86\" N"}, "geometry": {"type": "Point", "coordinates": [31.531011587095957, 30.266904898548532, 0.0]}}, {"type": "Feature", "properties": {"ID": "563", "Sectors": "القطاع السادس عشر", "Easting": "031° 31' 53.6\" E", "Northing": "30° 15' 55.79\" N", "Google_Map": "https://www.google.com/maps/search/?api=1&query=031° 31' 53.6\" E,30° 15' 55.79\" N"}, "geometry": {"type": "Point", "coordinates": [31.53155681998814, 30.26549726582912, 0.0]}}, {"type": "Feature", "properties": {"ID": "564", "Sectors": "القطاع السادس عشر", "Easting": "031° 31' 48.3\" E", "Northing": "30° 16' 1.43\" N", "Google_Map": "https://www.google.com/maps/search/?api=1&query=031° 31' 48.3\" E,30° 16' 1.43\" N"}, "geometry": {"type": "Point", "coordinates": [31.530083614432957, 30.26706457792302, 0.0]}}, {"type": "Feature", "properties": {"ID": "565", "Sectors": "القطاع السادس عشر", "Easting": "031° 31' 42.92\" E", "Northing": "30° 16' 2.04\" N", "Google_Map": "https://www.google.com/maps/search/?api=1&query=031° 31' 42.92\" E,30° 16' 2.04\" N"}, "geometry": {"type": "Point", "coordinates": [31.528587577091827, 30.267233393065307, 0.0]}}, {"type": "Feature", "properties": {"ID": "566", "Sectors": "القطاع السادس عشر", "Easting": "031° 31' 41.97\" E", "Northing": "30° 15' 59.34\" N", "Google_Map": "https://www.google.com/maps/search/?api=1&query=031° 31' 41.97\" E,30° 15' 59.34\" N"}, "geometry": {"type": "Point", "coordinates": [31.52832502090226, 30.266484589886296, 0.0]}}, {"type": "Feature", "properties": {"ID": "567", "Sectors": "القطاع السابع عشر", "Easting": "031° 31' 36.44\" E", "Northing": "30° 16' 5.08\" N", "Google_Map": "https://www.google.com/maps/search/?api=1&query=031° 31' 36.44\" E,30° 16' 5.08\" N"}, "geometry": {"type": "Point", "coordinates": [31.526788968057165, 30.26807651598432, 0.0]}}, {"type": "Feature", "properties": {"ID": "568", "Sectors": "القطاع السابع عشر", "Easting": "031° 31' 35.29\" E", "Northing": "30° 16' 1.38\" N", "Google_Map": "https://www.google.com/maps/search/?api=1&query=031° 31' 35.29\" E,30° 16' 1.38\" N"}, "geometry": {"type": "Point", "coordinates": [31.526470811290988, 30.267050616001367, 0.0]}}, {"type": "Feature", "properties": {"ID": "569", "Sectors": "القطاع السابع عشر", "Easting": "031° 31' 32.55\" E", "Northing": "30° 16' 2.47\" N", "Google_Map": "https://www.google.com/maps/search/?api=1&query=031° 31' 32.55\" E,30° 16' 2.47\" N"}, "geometry": {"type": "Point", "coordinates": [31.52570944167098, 30.26735316009243, 0.0]}}, {"type": "Feature", "properties": {"ID": "570", "Sectors": "القطاع السابع عشر", "Easting": "031° 31' 33.72\" E", "Northing": "30° 16' 5.76\" N", "Google_Map": "https://www.google.com/maps/search/?api=1&query=031° 31' 33.72\" E,30° 16' 5.76\" N"}, "geometry": {"type": "Point", "coordinates": [31.526033964966658, 30.268265613902845, 0.0]}}, {"type": "Feature", "properties": {"ID": "571", "Sectors": "القطاع السابع عشر", "Easting": "031° 31' 30.77\" E", "Northing": "30° 16' 7.7\" N", "Google_Map": "https://www.google.com/maps/search/?api=1&query=031° 31' 30.77\" E,30° 16' 7.7\" N"}, "geometry": {"type": "Point", "coordinates": [31.52521493658451, 30.2688069038516, 0.0]}}, {"type": "Feature", "properties": {"ID": "572", "Sectors": "القطاع السابع عشر", "Easting": "031° 31' 25.56\" E", "Northing": "30° 16' 2.84\" N", "Google_Map": "https://www.google.com/maps/search/?api=1&query=031° 31' 25.56\" E,30° 16' 2.84\" N"}, "geometry": {"type": "Point", "coordinates": [31.523767902553626, 30.267455661727766, 0.0]}}, {"type": "Feature", "properties": {"ID": "573", "Sectors": "القطاع السابع عشر", "Easting": "031° 31' 27.65\" E", "Northing": "30° 16' 7.33\" N", "Google_Map": "https://www.google.com/maps/search/?api=1&query=031° 31' 27.65\" E,30° 16' 7.33\" N"}, "geometry": {"type": "Point", "coordinates": [31.524347014896357, 30.268703077704924, 0.0]}}, {"type": "Feature", "properties": {"ID": "574", "Sectors": "القطاع السابع عشر", "Easting": "031° 31' 28.79\" E", "Northing": "30° 16' 0.55\" N", "Google_Map": "https://www.google.com/maps/search/?api=1&query=031° 31' 28.79\" E,30° 16' 0.55\" N"}, "geometry": {"type": "Point", "coordinates": [31.524664704740722, 30.266819368248722, 0.0]}}, {"type": "Feature", "properties": {"ID": "575", "Sectors": "القطاع السابع عشر", "Easting": "031° 31' 29.22\" E", "Northing": "30° 16' 4.33\" N", "Google_Map": "https://www.google.com/maps/search/?api=1&query=031° 31' 29.22\" E,30° 16' 4.33\" N"}, "geometry": {"type": "Point", "coordinates": [31.524783446016116, 30.267869063047723, 0.0]}}, {"type": "Feature", "properties": {"ID": "576", "Sectors": "القطاع السادس عشر", "Easting": "031° 31' 45.35\" E", "Northing": "30° 16' 0.3\" N", "Google_Map": "https://www.google.com/maps/search/?api=1&query=031° 31' 45.35\" E,30° 16' 0.3\" N"}, "geometry": {"type": "Point", "coordinates": [31.529264734932955, 30.266750683330034, 0.0]}}, {"type": "Feature", "properties": {"ID": "577", "Sectors": "القطاع السادس عشر", "Easting": "031° 31' 48.33\" E", "Northing": "30° 15' 59.08\" N", "Google_Map": "https://www.google.com/maps/search/?api=1&query=031° 31' 48.33\" E,30° 15' 59.08\" N"}, "geometry": {"type": "Point", "coordinates": [31.530090718401393, 30.266411045023098, 0.0]}}, {"type": "Feature", "properties": {"ID": "578", "Sectors": "القطاع السادس عشر", "Easting": "031° 31' 46.79\" E", "Northing": "30° 15' 55.68\" N", "Google_Map": "https://www.google.com/maps/search/?api=1&query=031° 31' 46.79\" E,30° 15' 55.68\" N"}, "geometry": {"type": "Point", "coordinates": [31.529663145854062, 30.265467644186938, 0.0]}}, {"type": "Feature", "properties": {"ID": "579", "Sectors": "القطاع السادس عشر", "Easting": "031° 31' 56.02\" E", "Northing": "30° 16' 2.27\" N", "Google_Map": "https://www.google.com/maps/search/?api=1&query=031° 31' 56.02\" E,30° 16' 2.27\" N"}, "geometry": {"type": "Point", "coordinates": [31.53222647855747, 30.26729808321418, 0.0]}}, {"type": "Feature", "properties": {"ID": "580", "Sectors": "القطاع السادس عشر", "Easting": "031° 31' 49.19\" E", "Northing": "30° 15' 55.0\" N", "Google_Map": "https://www.google.com/maps/search/?api=1&query=031° 31' 49.19\" E,30° 15' 55.0\" N"}, "geometry": {"type": "Point", "coordinates": [31.530331752343095, 30.265277510007994, 0.0]}}, {"type": "Feature", "properties": {"ID": "581", "Sectors": "القطاع السادس عشر", "Easting": "031° 31' 49.73\" E", "Northing": "30° 15' 55.04\" N", "Google_Map": "https://www.google.com/maps/search/?api=1&query=031° 31' 49.73\" E,30° 15' 55.04\" N"}, "geometry": {"type": "Point", "coordinates": [31.53048190503381, 30.265289611814104, 0.0]}}, {"type": "Feature", "properties": {"ID": "582", "Sectors": "القطاع الثامن", "Easting": "031° 34' 16.89\" E", "Northing": "30° 15' 14.78\" N", "Google_Map": "https://www.google.com/maps/search/?api=1&query=031° 34' 16.89\" E,30° 15' 14.78\" N"}, "geometry": {"type": "Point", "coordinates": [31.571359236571567, 30.254104742891617, 0.0]}}, {"type": "Feature", "properties": {"ID": "583", "Sectors": "القطاع الثامن", "Easting": "031° 34' 20.68\" E", "Northing": "30° 15' 14.96\" N", "Google_Map": "https://www.google.com/maps/search/?api=1&query=031° 34' 20.68\" E,30° 15' 14.96\" N"}, "geometry": {"type": "Point", "coordinates": [31.572410684396772, 30.254156477680763, 0.0]}}, {"type": "Feature", "properties": {"ID": "584", "Sectors": "القطاع الثامن", "Easting": "031° 34' 24.36\" E", "Northing": "30° 15' 15.15\" N", "Google_Map": "https://www.google.com/maps/search/?api=1&query=031° 34' 24.36\" E,30° 15' 15.15\" N"}, "geometry": {"type": "Point", "coordinates": [31.57343399289894, 30.254207553066536, 0.0]}}, {"type": "Feature", "properties": {"ID": "585", "Sectors": "القطاع الثامن", "Easting": "031° 34' 28.1\" E", "Northing": "30° 15' 15.33\" N", "Google_Map": "https://www.google.com/maps/search/?api=1&query=031° 34' 28.1\" E,30° 15' 15.33\" N"}, "geometry": {"type": "Point", "coordinates": [31.57447349858552, 30.25425942901501, 0.0]}}, {"type": "Feature", "properties": {"ID": "586", "Sectors": "القطاع الثامن", "Easting": "031° 34' 31.83\" E", "Northing": "30° 15' 15.52\" N", "Google_Map": "https://www.google.com/maps/search/?api=1&query=031° 34' 31.83\" E,30° 15' 15.52\" N"}, "geometry": {"type": "Point", "coordinates": [31.575509715948243, 30.25431153844452, 0.0]}}, {"type": "Feature", "properties": {"ID": "587", "Sectors": "القطاع الثامن", "Easting": "031° 34' 35.6\" E", "Northing": "30° 15' 15.71\" N", "Google_Map": "https://www.google.com/maps/search/?api=1&query=031° 34' 35.6\" E,30° 15' 15.71\" N"}, "geometry": {"type": "Point", "coordinates": [31.576554654085097, 30.254363118744973, 0.0]}}, {"type": "Feature", "properties": {"ID": "588", "Sectors": "القطاع الثامن", "Easting": "031° 34' 37.7\" E", "Northing": "30° 15' 19.96\" N", "Google_Map": "https://www.google.com/maps/search/?api=1&query=031° 34' 37.7\" E,30° 15' 19.96\" N"}, "geometry": {"type": "Point", "coordinates": [31.577137702812948, 30.255543475266265, 0.0]}}, {"type": "Feature", "properties": {"ID": "589", "Sectors": "القطاع الثامن", "Easting": "031° 34' 33.96\" E", "Northing": "30° 15' 19.77\" N", "Google_Map": "https://www.google.com/maps/search/?api=1&query=031° 34' 33.96\" E,30° 15' 19.77\" N"}, "geometry": {"type": "Point", "coordinates": [31.57610036024238, 30.25549176535127, 0.0]}}, {"type": "Feature", "properties": {"ID": "590", "Sectors": "القطاع الثامن", "Easting": "031° 34' 30.23\" E", "Northing": "30° 15' 19.58\" N", "Google_Map": "https://www.google.com/maps/search/?api=1&query=031° 34' 30.23\" E,30° 15' 19.58\" N"}, "geometry": {"type": "Point", "coordinates": [31.57506301551132, 30.255440049023886, 0.0]}}, {"type": "Feature", "properties": {"ID": "591", "Sectors": "القطاع الثامن", "Easting": "031° 34' 26.49\" E", "Northing": "30° 15' 19.4\" N", "Google_Map": "https://www.google.com/maps/search/?api=1&query=031° 34' 26.49\" E,30° 15' 19.4\" N"}, "geometry": {"type": "Point", "coordinates": [31.574024641704415, 30.25538827124252, 0.0]}}, {"type": "Feature", "properties": {"ID": "592", "Sectors": "القطاع الثامن", "Easting": "031° 34' 22.75\" E", "Northing": "30° 15' 19.21\" N", "Google_Map": "https://www.google.com/maps/search/?api=1&query=031° 34' 22.75\" E,30° 15' 19.21\" N"}, "geometry": {"type": "Point", "coordinates": [31.57298730198499, 30.255336538433145, 0.0]}}, {"type": "Feature", "properties": {"ID": "593", "Sectors": "القطاع الثامن", "Easting": "031° 34' 18.38\" E", "Northing": "30° 15' 18.99\" N", "Google_Map": "https://www.google.com/maps/search/?api=1&query=031° 34' 18.38\" E,30° 15' 18.99\" N"}, "geometry": {"type": "Point", "coordinates": [31.571771446219138, 30.255275892120945, 0.0]}}, {"type": "Feature", "properties": {"ID": "594", "Sectors": "القطاع الثامن", "Easting": "031° 34' 22.07\" E", "Northing": "30° 15' 10.51\" N", "Google_Map": "https://www.google.com/maps/search/?api=1&query=031° 34' 22.07\" E,30° 15' 10.51\" N"}, "geometry": {"type": "Point", "coordinates": [31.57279699139819, 30.25291942023387, 0.0]}}, {"type": "Feature", "properties": {"ID": "595", "Sectors": "القطاع الثامن", "Easting": "031° 34' 25.8\" E", "Northing": "30° 15' 10.7\" N", "Google_Map": "https://www.google.com/maps/search/?api=1&query=031° 34' 25.8\" E,30° 15' 10.7\" N"}, "geometry": {"type": "Point", "coordinates": [31.57383469222217, 30.252970989035, 0.0]}}, {"type": "Feature", "properties": {"ID": "596", "Sectors": "القطاع الثامن", "Easting": "031° 34' 29.54\" E", "Northing": "30° 15' 10.88\" N", "Google_Map": "https://www.google.com/maps/search/?api=1&query=031° 34' 29.54\" E,30° 15' 10.88\" N"}, "geometry": {"type": "Point", "coordinates": [31.57487198742955, 30.25302303487874, 0.0]}}, {"type": "Feature", "properties": {"ID": "597", "Sectors": "القطاع الثامن", "Easting": "031° 34' 33.28\" E", "Northing": "30° 15' 11.07\" N", "Google_Map": "https://www.google.com/maps/search/?api=1&query=031° 34' 33.28\" E,30° 15' 11.07\" N"}, "geometry": {"type": "Point", "coordinates": [31.575910507313342, 30.253075205134387, 0.0]}}, {"type": "Feature", "properties": {"ID": "598", "Sectors": "القطاع الثامن", "Easting": "031° 34' 37.0\" E", "Northing": "30° 15' 11.26\" N", "Google_Map": "https://www.google.com/maps/search/?api=1&query=031° 34' 37.0\" E,30° 15' 11.26\" N"}, "geometry": {"type": "Point", "coordinates": [31.576943791332443, 30.253126467379655, 0.0]}}, {"type": "Feature", "properties": {"ID": "599", "Sectors": "القطاع الثامن", "Easting": "031° 34' 23.73\" E", "Northing": "30° 15' 6.37\" N", "Google_Map": "https://www.google.com/maps/search/?api=1&query=031° 34' 23.73\" E,30° 15' 6.37\" N"}, "geometry": {"type": "Point", "coordinates": [31.573259462374335, 30.25176987986434, 0.0]}}, {"type": "Feature", "properties": {"ID": "600", "Sectors": "القطاع الثامن", "Easting": "031° 34' 27.43\" E", "Northing": "30° 15' 6.56\" N", "Google_Map": "https://www.google.com/maps/search/?api=1&query=031° 34' 27.43\" E,30° 15' 6.56\" N"}, "geometry": {"type": "Point", "coordinates": [31.57428668389544, 30.251820869474273, 0.0]}}, {"type": "Feature", "properties": {"ID": "601", "Sectors": "القطاع الثامن", "Easting": "031° 34' 31.24\" E", "Northing": "30° 15' 6.74\" N", "Google_Map": "https://www.google.com/maps/search/?api=1&query=031° 34' 31.24\" E,30° 15' 6.74\" N"}, "geometry": {"type": "Point", "coordinates": [31.575344639246072, 30.251873372395675, 0.0]}}, {"type": "Feature", "properties": {"ID": "602", "Sectors": "القطاع الثامن", "Easting": "031° 34' 35.01\" E", "Northing": "30° 15' 6.93\" N", "Google_Map": "https://www.google.com/maps/search/?api=1&query=031° 34' 35.01\" E,30° 15' 6.93\" N"}, "geometry": {"type": "Point", "coordinates": [31.576392098208892, 30.25192621235678, 0.0]}}, {"type": "Feature", "properties": {"ID": "603", "Sectors": "القطاع الثامن", "Easting": "031° 34' 38.74\" E", "Northing": "30° 15' 7.12\" N", "Google_Map": "https://www.google.com/maps/search/?api=1&query=031° 34' 38.74\" E,30° 15' 7.12\" N"}, "geometry": {"type": "Point", "coordinates": [31.57742876495981, 30.251977483987304, 0.0]}}, {"type": "Feature", "properties": {"ID": "604", "Sectors": "القطاع الثامن", "Easting": "031° 34' 35.67\" E", "Northing": "30° 15' 21.82\" N", "Google_Map": "https://www.google.com/maps/search/?api=1&query=031° 34' 35.67\" E,30° 15' 21.82\" N"}, "geometry": {"type": "Point", "coordinates": [31.576575356352762, 30.256061841162527, 0.0]}}, {"type": "Feature", "properties": {"ID": "605", "Sectors": "القطاع الثامن", "Easting": "031° 34' 32.88\" E", "Northing": "30° 15' 21.69\" N", "Google_Map": "https://www.google.com/maps/search/?api=1&query=031° 34' 32.88\" E,30° 15' 21.69\" N"}, "geometry": {"type": "Point", "coordinates": [31.57580000067348, 30.256024156777478, 0.0]}}, {"type": "Feature", "properties": {"ID": "606", "Sectors": "القطاع الثامن", "Easting": "031° 34' 29.75\" E", "Northing": "30° 15' 21.53\" N", "Google_Map": "https://www.google.com/maps/search/?api=1&query=031° 34' 29.75\" E,30° 15' 21.53\" N"}, "geometry": {"type": "Point", "coordinates": [31.574929629875747, 30.255981849034168, 0.0]}}, {"type": "Feature", "properties": {"ID": "607", "Sectors": "القطاع الثامن", "Easting": "031° 34' 26.19\" E", "Northing": "30° 15' 21.36\" N", "Google_Map": "https://www.google.com/maps/search/?api=1&query=031° 34' 26.19\" E,30° 15' 21.36\" N"}, "geometry": {"type": "Point", "coordinates": [31.57394279164366, 30.255933876450186, -19.375]}}, {"type": "Feature", "properties": {"ID": "608", "Sectors": "القطاع الثامن", "Easting": "031° 34' 22.86\" E", "Northing": "30° 15' 21.22\" N", "Google_Map": "https://www.google.com/maps/search/?api=1&query=031° 34' 22.86\" E,30° 15' 21.22\" N"}, "geometry": {"type": "Point", "coordinates": [31.573017100685906, 30.255894344050244, 0.0]}}, {"type": "Feature", "properties": {"ID": "609", "Sectors": "القطاع الثامن", "Easting": "031° 34' 36.88\" E", "Northing": "30° 15' 26.18\" N", "Google_Map": "https://www.google.com/maps/search/?api=1&query=031° 34' 36.88\" E,30° 15' 26.18\" N"}, "geometry": {"type": "Point", "coordinates": [31.576910095642432, 30.25727251572306, 0.0]}}, {"type": "Feature", "properties": {"ID": "610", "Sectors": "القطاع الثامن", "Easting": "031° 34' 34.04\" E", "Northing": "30° 15' 26.04\" N", "Google_Map": "https://www.google.com/maps/search/?api=1&query=031° 34' 34.04\" E,30° 15' 26.04\" N"}, "geometry": {"type": "Point", "coordinates": [31.576120857941742, 30.257232406538115, 0.0]}}, {"type": "Feature", "properties": {"ID": "611", "Sectors": "القطاع الثامن", "Easting": "031° 34' 29.79\" E", "Northing": "30° 15' 25.82\" N", "Google_Map": "https://www.google.com/maps/search/?api=1&query=031° 34' 29.79\" E,30° 15' 25.82\" N"}, "geometry": {"type": "Point", "coordinates": [31.574942389115282, 30.257170994261948, 0.0]}}, {"type": "Feature", "properties": {"ID": "612", "Sectors": "القطاع الثامن", "Easting": "031° 34' 26.73\" E", "Northing": "30° 15' 25.67\" N", "Google_Map": "https://www.google.com/maps/search/?api=1&query=031° 34' 26.73\" E,30° 15' 25.67\" N"}, "geometry": {"type": "Point", "coordinates": [31.574092315111344, 30.257131158403347, 0.0]}}, {"type": "Feature", "properties": {"ID": "613", "Sectors": "القطاع الثامن", "Easting": "031° 34' 36.87\" E", "Northing": "30° 15' 30.44\" N", "Google_Map": "https://www.google.com/maps/search/?api=1&query=031° 34' 36.87\" E,30° 15' 30.44\" N"}, "geometry": {"type": "Point", "coordinates": [31.576909115526792, 30.25845689300329, 0.0]}}, {"type": "Feature", "properties": {"ID": "614", "Sectors": "القطاع الثامن", "Easting": "031° 34' 32.6\" E", "Northing": "30° 15' 30.23\" N", "Google_Map": "https://www.google.com/maps/search/?api=1&query=031° 34' 32.6\" E,30° 15' 30.23\" N"}, "geometry": {"type": "Point", "coordinates": [31.575722302190876, 30.25839761011191, 0.0]}}, {"type": "Feature", "properties": {"ID": "615", "Sectors": "القطاع الثامن", "Easting": "031° 34' 29.31\" E", "Northing": "30° 15' 30.07\" N", "Google_Map": "https://www.google.com/maps/search/?api=1&query=031° 34' 29.31\" E,30° 15' 30.07\" N"}, "geometry": {"type": "Point", "coordinates": [31.57480844437154, 30.258351963811315, 0.0]}}, {"type": "Feature", "properties": {"ID": "616", "Sectors": "القطاع الثامن", "Easting": "031° 34' 25.58\" E", "Northing": "30° 15' 29.88\" N", "Google_Map": "https://www.google.com/maps/search/?api=1&query=031° 34' 25.58\" E,30° 15' 29.88\" N"}, "geometry": {"type": "Point", "coordinates": [31.573771974557438, 30.258299784479128, 0.0]}}, {"type": "Feature", "properties": {"ID": "617", "Sectors": "القطاع الثامن", "Easting": "031° 34' 22.21\" E", "Northing": "30° 15' 29.71\" N", "Google_Map": "https://www.google.com/maps/search/?api=1&query=031° 34' 22.21\" E,30° 15' 29.71\" N"}, "geometry": {"type": "Point", "coordinates": [31.572836819386616, 30.258252946576185, 0.0]}}, {"type": "Feature", "properties": {"ID": "618", "Sectors": "القطاع الثامن", "Easting": "031° 34' 17.12\" E", "Northing": "30° 15' 30.86\" N", "Google_Map": "https://www.google.com/maps/search/?api=1&query=031° 34' 17.12\" E,30° 15' 30.86\" N"}, "geometry": {"type": "Point", "coordinates": [31.571422292484307, 30.25857253245275, 0.0]}}, {"type": "Feature", "properties": {"ID": "619", "Sectors": "القطاع الثامن", "Easting": "031° 34' 17.29\" E", "Northing": "30° 15' 28.34\" N", "Google_Map": "https://www.google.com/maps/search/?api=1&query=031° 34' 17.29\" E,30° 15' 28.34\" N"}, "geometry": {"type": "Point", "coordinates": [31.571468994547125, 30.257871464334222, 0.0]}}, {"type": "Feature", "properties": {"ID": "620", "Sectors": "القطاع الثامن", "Easting": "031° 34' 17.6\" E", "Northing": "30° 15' 23.6\" N", "Google_Map": "https://www.google.com/maps/search/?api=1&query=031° 34' 17.6\" E,30° 15' 23.6\" N"}, "geometry": {"type": "Point", "coordinates": [31.571556744429245, 30.256554173600414, 0.0]}}, {"type": "Feature", "properties": {"ID": "621", "Sectors": "القطاع الثامن", "Easting": "031° 34' 17.8\" E", "Northing": "30° 15' 20.66\" N", "Google_Map": "https://www.google.com/maps/search/?api=1&query=031° 34' 17.8\" E,30° 15' 20.66\" N"}, "geometry": {"type": "Point", "coordinates": [31.571610591823124, 30.25573867129182, 0.0]}}, {"type": "Feature", "properties": {"ID": "622", "Sectors": "القطاع الثامن", "Easting": "031° 34' 21.96\" E", "Northing": "30° 15' 27.43\" N", "Google_Map": "https://www.google.com/maps/search/?api=1&query=031° 34' 21.96\" E,30° 15' 27.43\" N"}, "geometry": {"type": "Point", "coordinates": [31.57276747716808, 30.257618558765525, 0.0]}}, {"type": "Feature", "properties": {"ID": "623", "Sectors": "القطاع الثامن", "Easting": "031° 34' 22.24\" E", "Northing": "30° 15' 23.15\" N", "Google_Map": "https://www.google.com/maps/search/?api=1&query=031° 34' 22.24\" E,30° 15' 23.15\" N"}, "geometry": {"type": "Point", "coordinates": [31.57284455127712, 30.25643012226098, 1.0]}}, {"type": "Feature", "properties": {"ID": "624", "Sectors": "القطاع الثامن", "Easting": "031° 34' 13.89\" E", "Northing": "30° 15' 29.31\" N", "Google_Map": "https://www.google.com/maps/search/?api=1&query=031° 34' 13.89\" E,30° 15' 29.31\" N"}, "geometry": {"type": "Point", "coordinates": [31.570525778824432, 30.258140957063596, 0.0]}}, {"type": "Feature", "properties": {"ID": "625", "Sectors": "القطاع الثامن", "Easting": "031° 34' 14.81\" E", "Northing": "30° 15' 25.5\" N", "Google_Map": "https://www.google.com/maps/search/?api=1&query=031° 34' 14.81\" E,30° 15' 25.5\" N"}, "geometry": {"type": "Point", "coordinates": [31.570781683111186, 30.25708296074897, 0.0]}}, {"type": "Feature", "properties": {"ID": "626", "Sectors": "القطاع الثامن", "Easting": "031° 34' 38.1\" E", "Northing": "30° 15' 28.28\" N", "Google_Map": "https://www.google.com/maps/search/?api=1&query=031° 34' 38.1\" E,30° 15' 28.28\" N"}, "geometry": {"type": "Point", "coordinates": [31.577248772907875, 30.25785693002423, 0.0]}}, {"type": "Feature", "properties": {"ID": "627", "Sectors": "القطاع الثامن", "Easting": "031° 34' 38.31\" E", "Northing": "30° 15' 25.02\" N", "Google_Map": "https://www.google.com/maps/search/?api=1&query=031° 34' 38.31\" E,30° 15' 25.02\" N"}, "geometry": {"type": "Point", "coordinates": [31.577308044669024, 30.25694981294155, 0.0]}}, {"type": "Feature", "properties": {"ID": "628", "Sectors": "القطاع الثامن", "Easting": "031° 34' 38.99\" E", "Northing": "30° 15' 15.27\" N", "Google_Map": "https://www.google.com/maps/search/?api=1&query=031° 34' 38.99\" E,30° 15' 15.27\" N"}, "geometry": {"type": "Point", "coordinates": [31.577497318585657, 30.254242590549286, 0.0]}}, {"type": "Feature", "properties": {"ID": "629", "Sectors": "القطاع الثامن", "Easting": "031° 34' 39.22\" E", "Northing": "30° 15' 12.02\" N", "Google_Map": "https://www.google.com/maps/search/?api=1&query=031° 34' 39.22\" E,30° 15' 12.02\" N"}, "geometry": {"type": "Point", "coordinates": [31.57756202463102, 30.253340244244153, 0.0]}}, {"type": "Feature", "properties": {"ID": "630", "Sectors": "القطاع الثامن", "Easting": "031° 34' 39.46\" E", "Northing": "30° 15' 8.78\" N", "Google_Map": "https://www.google.com/maps/search/?api=1&query=031° 34' 39.46\" E,30° 15' 8.78\" N"}, "geometry": {"type": "Point", "coordinates": [31.577626619228504, 30.25243945250882, 0.0]}}, {"type": "Feature", "properties": {"ID": "631", "Sectors": "القطاع الثامن", "Easting": "031° 34' 39.63\" E", "Northing": "30° 15' 4.01\" N", "Google_Map": "https://www.google.com/maps/search/?api=1&query=031° 34' 39.63\" E,30° 15' 4.01\" N"}, "geometry": {"type": "Point", "coordinates": [31.577674821362084, 30.25111291680176, 0.0]}}, {"type": "Feature", "properties": {"ID": "632", "Sectors": "القطاع الثامن", "Easting": "031° 34' 15.58\" E", "Northing": "30° 15' 16.34\" N", "Google_Map": "https://www.google.com/maps/search/?api=1&query=031° 34' 15.58\" E,30° 15' 16.34\" N"}, "geometry": {"type": "Point", "coordinates": [31.570993864750125, 30.254538411724322, 0.0]}}, {"type": "Feature", "properties": {"ID": "633", "Sectors": "القطاع الثامن", "Easting": "031° 34' 14.25\" E", "Northing": "30° 15' 19.38\" N", "Google_Map": "https://www.google.com/maps/search/?api=1&query=031° 34' 14.25\" E,30° 15' 19.38\" N"}, "geometry": {"type": "Point", "coordinates": [31.570624945383273, 30.25538253652194, 0.0]}}, {"type": "Feature", "properties": {"ID": "634", "Sectors": "القطاع الثامن", "Easting": "031° 34' 9.01\" E", "Northing": "30° 15' 31.56\" N", "Google_Map": "https://www.google.com/maps/search/?api=1&query=031° 34' 9.01\" E,30° 15' 31.56\" N"}, "geometry": {"type": "Point", "coordinates": [31.569169596776895, 30.258767616953214, 0.0]}}, {"type": "Feature", "properties": {"ID": "635", "Sectors": "القطاع الثامن", "Easting": "031° 34' 11.06\" E", "Northing": "30° 15' 31.78\" N", "Google_Map": "https://www.google.com/maps/search/?api=1&query=031° 34' 11.06\" E,30° 15' 31.78\" N"}, "geometry": {"type": "Point", "coordinates": [31.569738033113204, 30.258828248281837, 0.0]}}, {"type": "Feature", "properties": {"ID": "636", "Sectors": "القطاع الثامن", "Easting": "031° 34' 14.38\" E", "Northing": "30° 15' 31.95\" N", "Google_Map": "https://www.google.com/maps/search/?api=1&query=031° 34' 14.38\" E,30° 15' 31.95\" N"}, "geometry": {"type": "Point", "coordinates": [31.570660503253688, 30.258874769265, 0.0]}}, {"type": "Feature", "properties": {"ID": "637", "Sectors": "القطاع الثامن", "Easting": "031° 34' 17.89\" E", "Northing": "30° 15' 32.13\" N", "Google_Map": "https://www.google.com/maps/search/?api=1&query=031° 34' 17.89\" E,30° 15' 32.13\" N"}, "geometry": {"type": "Point", "coordinates": [31.571635798818367, 30.25892394731321, 0.0]}}, {"type": "Feature", "properties": {"ID": "638", "Sectors": "القطاع الثامن", "Easting": "031° 34' 21.13\" E", "Northing": "30° 15' 32.29\" N", "Google_Map": "https://www.google.com/maps/search/?api=1&query=031° 34' 21.13\" E,30° 15' 32.29\" N"}, "geometry": {"type": "Point", "coordinates": [31.57253699282913, 30.258969381433353, 0.0]}}, {"type": "Feature", "properties": {"ID": "639", "Sectors": "القطاع الثامن", "Easting": "031° 34' 24.49\" E", "Northing": "30° 15' 32.46\" N", "Google_Map": "https://www.google.com/maps/search/?api=1&query=031° 34' 24.49\" E,30° 15' 32.46\" N"}, "geometry": {"type": "Point", "coordinates": [31.573470347489703, 30.25901636639783, 0.0]}}, {"type": "Feature", "properties": {"ID": "640", "Sectors": "القطاع الثامن", "Easting": "031° 34' 27.79\" E", "Northing": "30° 15' 32.62\" N", "Google_Map": "https://www.google.com/maps/search/?api=1&query=031° 34' 27.79\" E,30° 15' 32.62\" N"}, "geometry": {"type": "Point", "coordinates": [31.574385074613936, 30.259062398840374, 0.0]}}, {"type": "Feature", "properties": {"ID": "641", "Sectors": "القطاع الثامن", "Easting": "031° 34' 31.19\" E", "Northing": "30° 15' 32.8\" N", "Google_Map": "https://www.google.com/maps/search/?api=1&query=031° 34' 31.19\" E,30° 15' 32.8\" N"}, "geometry": {"type": "Point", "coordinates": [31.575331743498147, 30.25911003115207, 0.0]}}, {"type": "Feature", "properties": {"ID": "642", "Sectors": "القطاع الثامن", "Easting": "031° 34' 34.51\" E", "Northing": "30° 15' 32.96\" N", "Google_Map": "https://www.google.com/maps/search/?api=1&query=031° 34' 34.51\" E,30° 15' 32.96\" N"}, "geometry": {"type": "Point", "coordinates": [31.576252608807962, 30.2591563591732, 0.0]}}, {"type": "Feature", "properties": {"ID": "643", "Sectors": "القطاع الثامن", "Easting": "031° 34' 23.41\" E", "Northing": "30° 15' 25.51\" N", "Google_Map": "https://www.google.com/maps/search/?api=1&query=031° 34' 23.41\" E,30° 15' 25.51\" N"}, "geometry": {"type": "Point", "coordinates": [31.573170721958792, 30.257085103234374, 0.0]}}, {"type": "Feature", "properties": {"ID": "644", "Sectors": "القطاع الثامن", "Easting": "031° 34' 19.89\" E", "Northing": "30° 15' 25.76\" N", "Google_Map": "https://www.google.com/maps/search/?api=1&query=031° 34' 19.89\" E,30° 15' 25.76\" N"}, "geometry": {"type": "Point", "coordinates": [31.572190980308818, 30.257155178257513, 0.0]}}, {"type": "Feature", "properties": {"ID": "645", "Sectors": "القطاع الثامن", "Easting": "031° 34' 38.76\" E", "Northing": "30° 15' 18.52\" N", "Google_Map": "https://www.google.com/maps/search/?api=1&query=031° 34' 38.76\" E,30° 15' 18.52\" N"}, "geometry": {"type": "Point", "coordinates": [31.57743259704078, 30.25514512981521, 0.0]}}, {"type": "Feature", "properties": {"ID": "646", "Sectors": "القطاع الثامن", "Easting": "031° 34' 38.52\" E", "Northing": "30° 15' 21.77\" N", "Google_Map": "https://www.google.com/maps/search/?api=1&query=031° 34' 38.52\" E,30° 15' 21.77\" N"}, "geometry": {"type": "Point", "coordinates": [31.577367876363507, 30.256047640066708, 0.0]}}, {"type": "Feature", "properties": {"ID": "647", "Sectors": "القطاع الثامن", "Easting": "031° 34' 37.88\" E", "Northing": "30° 15' 31.51\" N", "Google_Map": "https://www.google.com/maps/search/?api=1&query=031° 34' 37.88\" E,30° 15' 31.51\" N"}, "geometry": {"type": "Point", "coordinates": [31.57718877784613, 30.25875209264477, 0.0]}}, {"type": "Feature", "properties": {"ID": "648", "Sectors": "القطاع الثامن", "Easting": "031° 34' 12.94\" E", "Northing": "30° 15' 22.42\" N", "Google_Map": "https://www.google.com/maps/search/?api=1&query=031° 34' 12.94\" E,30° 15' 22.42\" N"}, "geometry": {"type": "Point", "coordinates": [31.570261624975952, 30.256227629941307, 0.0]}}, {"type": "Feature", "properties": {"ID": "649", "Sectors": "القطاع الثامن", "Easting": "031° 34' 11.61\" E", "Northing": "30° 15' 25.51\" N", "Google_Map": "https://www.google.com/maps/search/?api=1&query=031° 34' 11.61\" E,30° 15' 25.51\" N"}, "geometry": {"type": "Point", "coordinates": [31.5698926283214, 30.257085905994387, 0.0]}}, {"type": "Feature", "properties": {"ID": "650", "Sectors": "القطاع الثامن", "Easting": "031° 34' 10.31\" E", "Northing": "30° 15' 28.55\" N", "Google_Map": "https://www.google.com/maps/search/?api=1&query=031° 34' 10.31\" E,30° 15' 28.55\" N"}, "geometry": {"type": "Point", "coordinates": [31.569529294548868, 30.257930997328447, 0.0]}}, {"type": "Feature", "properties": {"ID": "651", "Sectors": "القطاع الثامن", "Easting": "031° 34' 18.33\" E", "Northing": "30° 15' 10.32\" N", "Google_Map": "https://www.google.com/maps/search/?api=1&query=031° 34' 18.33\" E,30° 15' 10.32\" N"}, "geometry": {"type": "Point", "coordinates": [31.57175965313018, 30.25286802744294, 0.0]}}, {"type": "Feature", "properties": {"ID": "652", "Sectors": "القطاع الثامن", "Easting": "031° 34' 19.78\" E", "Northing": "30° 15' 6.18\" N", "Google_Map": "https://www.google.com/maps/search/?api=1&query=031° 34' 19.78\" E,30° 15' 6.18\" N"}, "geometry": {"type": "Point", "coordinates": [31.572161107238937, 30.25171534881521, 0.0]}}, {"type": "Feature", "properties": {"ID": "653", "Sectors": "القطاع الثامن", "Easting": "031° 34' 17.45\" E", "Northing": "30° 15' 25.92\" N", "Google_Map": "https://www.google.com/maps/search/?api=1&query=031° 34' 17.45\" E,30° 15' 25.92\" N"}, "geometry": {"type": "Point", "coordinates": [31.5715138734897, 30.257199696187378, 0.0]}}, {"type": "Feature", "properties": {"ID": "654", "Sectors": "القطاع السابع", "Easting": "031° 34' 41.81\" E", "Northing": "30° 15' 33.28\" N", "Google_Map": "https://www.google.com/maps/search/?api=1&query=031° 34' 41.81\" E,30° 15' 33.28\" N"}, "geometry": {"type": "Point", "coordinates": [31.57828091082984, 30.25924488814894, -0.00019999999494757503]}}, {"type": "Feature", "properties": {"ID": "655", "Sectors": "القطاع السابع", "Easting": "031° 34' 45.54\" E", "Northing": "30° 15' 33.48\" N", "Google_Map": "https://www.google.com/maps/search/?api=1&query=031° 34' 45.54\" E,30° 15' 33.48\" N"}, "geometry": {"type": "Point", "coordinates": [31.579315957452856, 30.25929988752643, 0.0]}}, {"type": "Feature", "properties": {"ID": "656", "Sectors": "القطاع السابع", "Easting": "031° 34' 49.28\" E", "Northing": "30° 15' 33.68\" N", "Google_Map": "https://www.google.com/maps/search/?api=1&query=031° 34' 49.28\" E,30° 15' 33.68\" N"}, "geometry": {"type": "Point", "coordinates": [31.580356506793535, 30.259355170984517, -0.00019999999494757503]}}, {"type": "Feature", "properties": {"ID": "657", "Sectors": "القطاع السابع", "Easting": "031° 34' 53.02\" E", "Northing": "30° 15' 33.88\" N", "Google_Map": "https://www.google.com/maps/search/?api=1&query=031° 34' 53.02\" E,30° 15' 33.88\" N"}, "geometry": {"type": "Point", "coordinates": [31.581394014742074, 30.25941028464814, 0.0]}}, {"type": "Feature", "properties": {"ID": "658", "Sectors": "القطاع السابع", "Easting": "031° 34' 56.75\" E", "Northing": "30° 15' 34.08\" N", "Google_Map": "https://www.google.com/maps/search/?api=1&query=031° 34' 56.75\" E,30° 15' 34.08\" N"}, "geometry": {"type": "Point", "coordinates": [31.58243185194222, 30.259465545575484, 0.0]}}, {"type": "Feature", "properties": {"ID": "659", "Sectors": "القطاع السابع", "Easting": "031° 35' 0.52\" E", "Northing": "30° 15' 34.28\" N", "Google_Map": "https://www.google.com/maps/search/?api=1&query=031° 35' 0.52\" E,30° 15' 34.28\" N"}, "geometry": {"type": "Point", "coordinates": [31.583476668053645, 30.259521198400993, 0.0]}}, {"type": "Feature", "properties": {"ID": "660", "Sectors": "القطاع السابع", "Easting": "031° 35' 7.86\" E", "Northing": "30° 15' 34.67\" N", "Google_Map": "https://www.google.com/maps/search/?api=1&query=031° 35' 7.86\" E,30° 15' 34.67\" N"}, "geometry": {"type": "Point", "coordinates": [31.585516705627175, 30.259629838218135, 0.0]}}, {"type": "Feature", "properties": {"ID": "661", "Sectors": "القطاع السابع", "Easting": "031° 35' 11.61\" E", "Northing": "30° 15' 34.87\" N", "Google_Map": "https://www.google.com/maps/search/?api=1&query=031° 35' 11.61\" E,30° 15' 34.87\" N"}, "geometry": {"type": "Point", "coordinates": [31.58655917981859, 30.259685341566428, 0.0]}}, {"type": "Feature", "properties": {"ID": "662", "Sectors": "القطاع السابع", "Easting": "031° 35' 15.37\" E", "Northing": "30° 15' 35.07\" N", "Google_Map": "https://www.google.com/maps/search/?api=1&query=031° 35' 15.37\" E,30° 15' 35.07\" N"}, "geometry": {"type": "Point", "coordinates": [31.5876017049298, 30.259740839083538, 0.0]}}, {"type": "Feature", "properties": {"ID": "663", "Sectors": "القطاع السابع", "Easting": "031° 34' 44.88\" E", "Northing": "30° 15' 30.82\" N", "Google_Map": "https://www.google.com/maps/search/?api=1&query=031° 34' 44.88\" E,30° 15' 30.82\" N"}, "geometry": {"type": "Point", "coordinates": [31.579132350658817, 30.258561351969785, 1.0]}}, {"type": "Feature", "properties": {"ID": "664", "Sectors": "القطاع السابع", "Easting": "031° 34' 45.1\" E", "Northing": "30° 15' 14.86\" N", "Google_Map": "https://www.google.com/maps/search/?api=1&query=031° 34' 45.1\" E,30° 15' 14.86\" N"}, "geometry": {"type": "Point", "coordinates": [31.579194452779237, 30.25412903794037, 1.0002999999996973]}}, {"type": "Feature", "properties": {"ID": "665", "Sectors": "القطاع السابع", "Easting": "031° 34' 45.32\" E", "Northing": "30° 15' 11.63\" N", "Google_Map": "https://www.google.com/maps/search/?api=1&query=031° 34' 45.32\" E,30° 15' 11.63\" N"}, "geometry": {"type": "Point", "coordinates": [31.579255061271645, 30.253231197584515, 1.0]}}, {"type": "Feature", "properties": {"ID": "666", "Sectors": "القطاع السابع", "Easting": "031° 34' 44.24\" E", "Northing": "30° 15' 8.71\" N", "Google_Map": "https://www.google.com/maps/search/?api=1&query=031° 34' 44.24\" E,30° 15' 8.71\" N"}, "geometry": {"type": "Point", "coordinates": [31.578955141998197, 30.25241920506333, 1.0]}}, {"type": "Feature", "properties": {"ID": "667", "Sectors": "القطاع السابع", "Easting": "031° 34' 42.65\" E", "Northing": "30° 15' 5.97\" N", "Google_Map": "https://www.google.com/maps/search/?api=1&query=031° 34' 42.65\" E,30° 15' 5.97\" N"}, "geometry": {"type": "Point", "coordinates": [31.57851351282492, 30.251658313406317, 0.0]}}, {"type": "Feature", "properties": {"ID": "668", "Sectors": "القطاع السابع", "Easting": "031° 34' 43.72\" E", "Northing": "30° 15' 2.84\" N", "Google_Map": "https://www.google.com/maps/search/?api=1&query=031° 34' 43.72\" E,30° 15' 2.84\" N"}, "geometry": {"type": "Point", "coordinates": [31.578812339889865, 30.25078929977345, -0.0008999999990919605]}}, {"type": "Feature", "properties": {"ID": "669", "Sectors": "القطاع السابع", "Easting": "031° 34' 47.38\" E", "Northing": "30° 15' 2.63\" N", "Google_Map": "https://www.google.com/maps/search/?api=1&query=031° 34' 47.38\" E,30° 15' 2.63\" N"}, "geometry": {"type": "Point", "coordinates": [31.57982843587644, 30.25073127747218, -0.0008999999990919605]}}, {"type": "Feature", "properties": {"ID": "670", "Sectors": "القطاع السابع", "Easting": "031° 34' 51.08\" E", "Northing": "30° 15' 2.42\" N", "Google_Map": "https://www.google.com/maps/search/?api=1&query=031° 34' 51.08\" E,30° 15' 2.42\" N"}, "geometry": {"type": "Point", "coordinates": [31.58085601477156, 30.25067324877736, 0.0]}}, {"type": "Feature", "properties": {"ID": "671", "Sectors": "القطاع السابع", "Easting": "031° 34' 58.09\" E", "Northing": "30° 15' 2.02\" N", "Google_Map": "https://www.google.com/maps/search/?api=1&query=031° 34' 58.09\" E,30° 15' 2.02\" N"}, "geometry": {"type": "Point", "coordinates": [31.582802092631752, 30.250559766237203, 0.0]}}, {"type": "Feature", "properties": {"ID": "672", "Sectors": "القطاع السابع", "Easting": "031° 35' 2.17\" E", "Northing": "30° 15' 1.78\" N", "Google_Map": "https://www.google.com/maps/search/?api=1&query=031° 35' 2.17\" E,30° 15' 1.78\" N"}, "geometry": {"type": "Point", "coordinates": [31.583935741610127, 30.25049312286541, 0.0]}}, {"type": "Feature", "properties": {"ID": "673", "Sectors": "القطاع السابع", "Easting": "031° 35' 5.86\" E", "Northing": "30° 15' 1.55\" N", "Google_Map": "https://www.google.com/maps/search/?api=1&query=031° 35' 5.86\" E,30° 15' 1.55\" N"}, "geometry": {"type": "Point", "coordinates": [31.58496068601932, 30.250430263128404, 0.0]}}, {"type": "Feature", "properties": {"ID": "674", "Sectors": "القطاع السابع", "Easting": "031° 35' 9.31\" E", "Northing": "30° 15' 1.33\" N", "Google_Map": "https://www.google.com/maps/search/?api=1&query=031° 35' 9.31\" E,30° 15' 1.33\" N"}, "geometry": {"type": "Point", "coordinates": [31.585920832504616, 30.250368691473128, 0.0]}}, {"type": "Feature", "properties": {"ID": "675", "Sectors": "القطاع السابع", "Easting": "031° 35' 13.25\" E", "Northing": "30° 15' 1.08\" N", "Google_Map": "https://www.google.com/maps/search/?api=1&query=031° 35' 13.25\" E,30° 15' 1.08\" N"}, "geometry": {"type": "Point", "coordinates": [31.587013972759095, 30.2502997091513, 0.0]}}, {"type": "Feature", "properties": {"ID": "676", "Sectors": "القطاع السابع", "Easting": "031° 35' 16.93\" E", "Northing": "30° 15' 0.88\" N", "Google_Map": "https://www.google.com/maps/search/?api=1&query=031° 35' 16.93\" E,30° 15' 0.88\" N"}, "geometry": {"type": "Point", "coordinates": [31.588035081638157, 30.250243761235467, 0.0]}}, {"type": "Feature", "properties": {"ID": "677", "Sectors": "القطاع السابع", "Easting": "031° 35' 20.73\" E", "Northing": "30° 15' 0.64\" N", "Google_Map": "https://www.google.com/maps/search/?api=1&query=031° 35' 20.73\" E,30° 15' 0.64\" N"}, "geometry": {"type": "Point", "coordinates": [31.589090347449666, 30.250178349211804, 0.0]}}, {"type": "Feature", "properties": {"ID": "678", "Sectors": "القطاع السابع", "Easting": "031° 35' 24.4\" E", "Northing": "30° 15' 0.42\" N", "Google_Map": "https://www.google.com/maps/search/?api=1&query=031° 35' 24.4\" E,30° 15' 0.42\" N"}, "geometry": {"type": "Point", "coordinates": [31.590110340012576, 30.25011563112947, 0.0]}}, {"type": "Feature", "properties": {"ID": "679", "Sectors": "القطاع السابع", "Easting": "031° 35' 28.1\" E", "Northing": "30° 15' 0.17\" N", "Google_Map": "https://www.google.com/maps/search/?api=1&query=031° 35' 28.1\" E,30° 15' 0.17\" N"}, "geometry": {"type": "Point", "coordinates": [31.591138236176555, 30.250047214584583, 0.0]}}, {"type": "Feature", "properties": {"ID": "680", "Sectors": "القطاع السابع", "Easting": "031° 35' 28.17\" E", "Northing": "30° 15' 3.61\" N", "Google_Map": "https://www.google.com/maps/search/?api=1&query=031° 35' 28.17\" E,30° 15' 3.61\" N"}, "geometry": {"type": "Point", "coordinates": [31.591157356012197, 30.251003611329008, 1.0]}}, {"type": "Feature", "properties": {"ID": "681", "Sectors": "القطاع السابع", "Easting": "031° 35' 27.75\" E", "Northing": "30° 15' 6.8\" N", "Google_Map": "https://www.google.com/maps/search/?api=1&query=031° 35' 27.75\" E,30° 15' 6.8\" N"}, "geometry": {"type": "Point", "coordinates": [31.591041158406643, 30.251888526327047, 1.0]}}, {"type": "Feature", "properties": {"ID": "682", "Sectors": "القطاع السابع", "Easting": "031° 35' 27.22\" E", "Northing": "30° 15' 9.93\" N", "Google_Map": "https://www.google.com/maps/search/?api=1&query=031° 35' 27.22\" E,30° 15' 9.93\" N"}, "geometry": {"type": "Point", "coordinates": [31.590894977858767, 30.25275716257853, 1.0]}}, {"type": "Feature", "properties": {"ID": "683", "Sectors": "القطاع السابع", "Easting": "031° 35' 26.56\" E", "Northing": "30° 15' 13.06\" N", "Google_Map": "https://www.google.com/maps/search/?api=1&query=031° 35' 26.56\" E,30° 15' 13.06\" N"}, "geometry": {"type": "Point", "coordinates": [31.5907106056779, 30.253626819379022, 1.0]}}, {"type": "Feature", "properties": {"ID": "684", "Sectors": "القطاع السابع", "Easting": "031° 35' 25.78\" E", "Northing": "30° 15' 16.24\" N", "Google_Map": "https://www.google.com/maps/search/?api=1&query=031° 35' 25.78\" E,30° 15' 16.24\" N"}, "geometry": {"type": "Point", "coordinates": [31.59049460897641, 30.254510937239157, 1.0]}}, {"type": "Feature", "properties": {"ID": "685", "Sectors": "القطاع السابع", "Easting": "031° 35' 24.88\" E", "Northing": "30° 15' 19.48\" N", "Google_Map": "https://www.google.com/maps/search/?api=1&query=031° 35' 24.88\" E,30° 15' 19.48\" N"}, "geometry": {"type": "Point", "coordinates": [31.590243571890195, 30.2554122068373, 1.0]}}, {"type": "Feature", "properties": {"ID": "686", "Sectors": "القطاع السابع", "Easting": "031° 35' 23.85\" E", "Northing": "30° 15' 22.55\" N", "Google_Map": "https://www.google.com/maps/search/?api=1&query=031° 35' 23.85\" E,30° 15' 22.55\" N"}, "geometry": {"type": "Point", "coordinates": [31.58995750747869, 30.256262654398775, 1.0]}}, {"type": "Feature", "properties": {"ID": "687", "Sectors": "القطاع السابع", "Easting": "031° 35' 22.72\" E", "Northing": "30° 15' 25.69\" N", "Google_Map": "https://www.google.com/maps/search/?api=1&query=031° 35' 22.72\" E,30° 15' 25.69\" N"}, "geometry": {"type": "Point", "coordinates": [31.589645038380272, 30.25713663160848, 1.0]}}, {"type": "Feature", "properties": {"ID": "688", "Sectors": "القطاع السابع", "Easting": "031° 35' 21.49\" E", "Northing": "30° 15' 28.74\" N", "Google_Map": "https://www.google.com/maps/search/?api=1&query=031° 35' 21.49\" E,30° 15' 28.74\" N"}, "geometry": {"type": "Point", "coordinates": [31.58930183291327, 30.25798396712291, 1.0]}}, {"type": "Feature", "properties": {"ID": "689", "Sectors": "القطاع السابع", "Easting": "031° 35' 20.13\" E", "Northing": "30° 15' 31.76\" N", "Google_Map": "https://www.google.com/maps/search/?api=1&query=031° 35' 20.13\" E,30° 15' 31.76\" N"}, "geometry": {"type": "Point", "coordinates": [31.58892393647213, 30.25882135364879, 1.0]}}, {"type": "Feature", "properties": {"ID": "690", "Sectors": "القطاع السابع", "Easting": "031° 35' 18.74\" E", "Northing": "30° 15' 34.63\" N", "Google_Map": "https://www.google.com/maps/search/?api=1&query=031° 35' 18.74\" E,30° 15' 34.63\" N"}, "geometry": {"type": "Point", "coordinates": [31.588539902909957, 30.259618586845473, 1.0]}}, {"type": "Feature", "properties": {"ID": "691", "Sectors": "القطاع السابع", "Easting": "031° 34' 48.62\" E", "Northing": "30° 15' 31.01\" N", "Google_Map": "https://www.google.com/maps/search/?api=1&query=031° 34' 48.62\" E,30° 15' 31.01\" N"}, "geometry": {"type": "Point", "coordinates": [31.580172779444123, 30.25861319439077, 1.0]}}, {"type": "Feature", "properties": {"ID": "692", "Sectors": "القطاع السابع", "Easting": "031° 34' 52.36\" E", "Northing": "30° 15' 31.19\" N", "Google_Map": "https://www.google.com/maps/search/?api=1&query=031° 34' 52.36\" E,30° 15' 31.19\" N"}, "geometry": {"type": "Point", "coordinates": [31.58121075708663, 30.258664882441128, 1.0]}}, {"type": "Feature", "properties": {"ID": "693", "Sectors": "القطاع السابع", "Easting": "031° 34' 56.05\" E", "Northing": "30° 15' 31.38\" N", "Google_Map": "https://www.google.com/maps/search/?api=1&query=031° 34' 56.05\" E,30° 15' 31.38\" N"}, "geometry": {"type": "Point", "coordinates": [31.58223634657128, 30.258716046248566, 1.0]}}, {"type": "Feature", "properties": {"ID": "694", "Sectors": "القطاع السابع", "Easting": "031° 34' 59.77\" E", "Northing": "30° 15' 31.56\" N", "Google_Map": "https://www.google.com/maps/search/?api=1&query=031° 34' 59.77\" E,30° 15' 31.56\" N"}, "geometry": {"type": "Point", "coordinates": [31.583270655131784, 30.25876774874012, 0.0]}}, {"type": "Feature", "properties": {"ID": "695", "Sectors": "القطاع السابع", "Easting": "031° 35' 3.52\" E", "Northing": "30° 15' 31.75\" N", "Google_Map": "https://www.google.com/maps/search/?api=1&query=031° 35' 3.52\" E,30° 15' 31.75\" N"}, "geometry": {"type": "Point", "coordinates": [31.584311650595886, 30.2588196837422, 1.0]}}, {"type": "Feature", "properties": {"ID": "696", "Sectors": "القطاع السابع", "Easting": "031° 35' 7.26\" E", "Northing": "30° 15' 31.94\" N", "Google_Map": "https://www.google.com/maps/search/?api=1&query=031° 35' 7.26\" E,30° 15' 31.94\" N"}, "geometry": {"type": "Point", "coordinates": [31.585351281238903, 30.25887154445512, 1.0]}}, {"type": "Feature", "properties": {"ID": "697", "Sectors": "القطاع السابع", "Easting": "031° 35' 10.99\" E", "Northing": "30° 15' 32.12\" N", "Google_Map": "https://www.google.com/maps/search/?api=1&query=031° 35' 10.99\" E,30° 15' 32.12\" N"}, "geometry": {"type": "Point", "coordinates": [31.58638598440301, 30.258922525909444, 1.0]}}, {"type": "Feature", "properties": {"ID": "698", "Sectors": "القطاع السابع", "Easting": "031° 35' 14.69\" E", "Northing": "30° 15' 32.29\" N", "Google_Map": "https://www.google.com/maps/search/?api=1&query=031° 35' 14.69\" E,30° 15' 32.29\" N"}, "geometry": {"type": "Point", "coordinates": [31.58741444923152, 30.258970443028403, 1.0]}}, {"type": "Feature", "properties": {"ID": "699", "Sectors": "القطاع السابع", "Easting": "031° 35' 17.81\" E", "Northing": "30° 15' 32.44\" N", "Google_Map": "https://www.google.com/maps/search/?api=1&query=031° 35' 17.81\" E,30° 15' 32.44\" N"}, "geometry": {"type": "Point", "coordinates": [31.588281368476746, 30.25901235103376, 1.0]}}, {"type": "Feature", "properties": {"ID": "700", "Sectors": "القطاع السابع", "Easting": "031° 34' 45.15\" E", "Northing": "30° 15' 27.24\" N", "Google_Map": "https://www.google.com/maps/search/?api=1&query=031° 34' 45.15\" E,30° 15' 27.24\" N"}, "geometry": {"type": "Point", "coordinates": [31.5792090340706, 30.257567162415615, 1.0]}}, {"type": "Feature", "properties": {"ID": "701", "Sectors": "القطاع السابع", "Easting": "031° 34' 48.57\" E", "Northing": "30° 15' 27.41\" N", "Google_Map": "https://www.google.com/maps/search/?api=1&query=031° 34' 48.57\" E,30° 15' 27.41\" N"}, "geometry": {"type": "Point", "coordinates": [31.580157372597036, 30.257614403495257, 1.0]}}, {"type": "Feature", "properties": {"ID": "702", "Sectors": "القطاع السابع", "Easting": "031° 34' 52.07\" E", "Northing": "30° 15' 27.59\" N", "Google_Map": "https://www.google.com/maps/search/?api=1&query=031° 34' 52.07\" E,30° 15' 27.59\" N"}, "geometry": {"type": "Point", "coordinates": [31.58113010645858, 30.257662852926142, 1.0]}}, {"type": "Feature", "properties": {"ID": "703", "Sectors": "القطاع السابع", "Easting": "031° 34' 55.7\" E", "Northing": "30° 15' 27.76\" N", "Google_Map": "https://www.google.com/maps/search/?api=1&query=031° 34' 55.7\" E,30° 15' 27.76\" N"}, "geometry": {"type": "Point", "coordinates": [31.582139090009594, 30.257712220387674, 0.0]}}, {"type": "Feature", "properties": {"ID": "704", "Sectors": "القطاع السابع", "Easting": "031° 34' 59.43\" E", "Northing": "30° 15' 27.61\" N", "Google_Map": "https://www.google.com/maps/search/?api=1&query=031° 34' 59.43\" E,30° 15' 27.61\" N"}, "geometry": {"type": "Point", "coordinates": [31.58317512514419, 30.25766947557938, 0.0]}}, {"type": "Feature", "properties": {"ID": "705", "Sectors": "القطاع السابع", "Easting": "031° 35' 3.02\" E", "Northing": "30° 15' 26.99\" N", "Google_Map": "https://www.google.com/maps/search/?api=1&query=031° 35' 3.02\" E,30° 15' 26.99\" N"}, "geometry": {"type": "Point", "coordinates": [31.584173160771666, 30.257496413830765, 0.0]}}, {"type": "Feature", "properties": {"ID": "706", "Sectors": "القطاع السابع", "Easting": "031° 35' 6.73\" E", "Northing": "30° 15' 26.72\" N", "Google_Map": "https://www.google.com/maps/search/?api=1&query=031° 35' 6.73\" E,30° 15' 26.72\" N"}, "geometry": {"type": "Point", "coordinates": [31.585203281990214, 30.257423432900403, -0.011899999997694977]}}, {"type": "Feature", "properties": {"ID": "707", "Sectors": "القطاع السابع", "Easting": "031° 35' 10.44\" E", "Northing": "30° 15' 26.89\" N", "Google_Map": "https://www.google.com/maps/search/?api=1&query=031° 35' 10.44\" E,30° 15' 26.89\" N"}, "geometry": {"type": "Point", "coordinates": [31.586232269959464, 30.257468539135584, -0.009200000000419095]}}, {"type": "Feature", "properties": {"ID": "708", "Sectors": "القطاع السابع", "Easting": "031° 35' 14.17\" E", "Northing": "30° 15' 27.06\" N", "Google_Map": "https://www.google.com/maps/search/?api=1&query=031° 35' 14.17\" E,30° 15' 27.06\" N"}, "geometry": {"type": "Point", "coordinates": [31.587270065191905, 30.257516645853528, 0.0]}}, {"type": "Feature", "properties": {"ID": "709", "Sectors": "القطاع السابع", "Easting": "031° 35' 17.92\" E", "Northing": "30° 15' 27.22\" N", "Google_Map": "https://www.google.com/maps/search/?api=1&query=031° 35' 17.92\" E,30° 15' 27.22\" N"}, "geometry": {"type": "Point", "coordinates": [31.588311571016714, 30.257561981875817, 0.0]}}, {"type": "Feature", "properties": {"ID": "710", "Sectors": "القطاع السابع", "Easting": "031° 34' 47.68\" E", "Northing": "30° 15' 23.95\" N", "Google_Map": "https://www.google.com/maps/search/?api=1&query=031° 34' 47.68\" E,30° 15' 23.95\" N"}, "geometry": {"type": "Point", "coordinates": [31.57991087616311, 30.256653113823003, 1.0]}}, {"type": "Feature", "properties": {"ID": "711", "Sectors": "القطاع السابع", "Easting": "031° 34' 51.49\" E", "Northing": "30° 15' 24.14\" N", "Google_Map": "https://www.google.com/maps/search/?api=1&query=031° 34' 51.49\" E,30° 15' 24.14\" N"}, "geometry": {"type": "Point", "coordinates": [31.580969514624474, 30.25670582035243, 1.0]}}, {"type": "Feature", "properties": {"ID": "712", "Sectors": "القطاع السابع", "Easting": "031° 34' 47.82\" E", "Northing": "30° 15' 19.76\" N", "Google_Map": "https://www.google.com/maps/search/?api=1&query=031° 34' 47.82\" E,30° 15' 19.76\" N"}, "geometry": {"type": "Point", "coordinates": [31.57994865879533, 30.255488609137565, 0.8479999999981374]}}, {"type": "Feature", "properties": {"ID": "713", "Sectors": "القطاع السابع", "Easting": "031° 34' 50.74\" E", "Northing": "30° 15' 21.49\" N", "Google_Map": "https://www.google.com/maps/search/?api=1&query=031° 34' 50.74\" E,30° 15' 21.49\" N"}, "geometry": {"type": "Point", "coordinates": [31.580760133510967, 30.255970778391262, -0.00019999999494757503]}}, {"type": "Feature", "properties": {"ID": "714", "Sectors": "القطاع السابع", "Easting": "031° 34' 53.98\" E", "Northing": "30° 15' 22.43\" N", "Google_Map": "https://www.google.com/maps/search/?api=1&query=031° 34' 53.98\" E,30° 15' 22.43\" N"}, "geometry": {"type": "Point", "coordinates": [31.58166224475084, 30.256229793324813, 0.003299999996670522]}}, {"type": "Feature", "properties": {"ID": "715", "Sectors": "القطاع السابع", "Easting": "031° 34' 48.22\" E", "Northing": "30° 15' 16.78\" N", "Google_Map": "https://www.google.com/maps/search/?api=1&query=031° 34' 48.22\" E,30° 15' 16.78\" N"}, "geometry": {"type": "Point", "coordinates": [31.580061868045433, 30.254662249623696, 0.0]}}, {"type": "Feature", "properties": {"ID": "716", "Sectors": "القطاع السابع", "Easting": "031° 34' 51.82\" E", "Northing": "30° 15' 17.7\" N", "Google_Map": "https://www.google.com/maps/search/?api=1&query=031° 34' 51.82\" E,30° 15' 17.7\" N"}, "geometry": {"type": "Point", "coordinates": [31.581060233258846, 30.254915421939053, 0.0]}}, {"type": "Feature", "properties": {"ID": "717", "Sectors": "القطاع السابع", "Easting": "031° 34' 54.08\" E", "Northing": "30° 15' 19.9\" N", "Google_Map": "https://www.google.com/maps/search/?api=1&query=031° 34' 54.08\" E,30° 15' 19.9\" N"}, "geometry": {"type": "Point", "coordinates": [31.58168869562203, 30.25552749294936, 0.0]}}, {"type": "Feature", "properties": {"ID": "718", "Sectors": "القطاع السابع", "Easting": "031° 34' 57.19\" E", "Northing": "30° 15' 20.91\" N", "Google_Map": "https://www.google.com/maps/search/?api=1&query=031° 34' 57.19\" E,30° 15' 20.91\" N"}, "geometry": {"type": "Point", "coordinates": [31.58255361919725, 30.255808588154967, 0.0016999999934341758]}}, {"type": "Feature", "properties": {"ID": "719", "Sectors": "القطاع السابع", "Easting": "031° 35' 0.97\" E", "Northing": "30° 15' 21.1\" N", "Google_Map": "https://www.google.com/maps/search/?api=1&query=031° 35' 0.97\" E,30° 15' 21.1\" N"}, "geometry": {"type": "Point", "coordinates": [31.58360329109161, 30.25586079821931, 0.0016999999934341758]}}, {"type": "Feature", "properties": {"ID": "720", "Sectors": "القطاع السابع", "Easting": "031° 35' 4.67\" E", "Northing": "30° 15' 21.28\" N", "Google_Map": "https://www.google.com/maps/search/?api=1&query=031° 35' 4.67\" E,30° 15' 21.28\" N"}, "geometry": {"type": "Point", "coordinates": [31.584630277501038, 30.255911870577016, 0.0016999999934341758]}}, {"type": "Feature", "properties": {"ID": "721", "Sectors": "القطاع السابع", "Easting": "031° 35' 8.51\" E", "Northing": "30° 15' 21.47\" N", "Google_Map": "https://www.google.com/maps/search/?api=1&query=031° 35' 8.51\" E,30° 15' 21.47\" N"}, "geometry": {"type": "Point", "coordinates": [31.585698542620015, 30.255964987643914, 0.0016999999934341758]}}, {"type": "Feature", "properties": {"ID": "722", "Sectors": "القطاع السابع", "Easting": "031° 35' 11.77\" E", "Northing": "30° 15' 22.55\" N", "Google_Map": "https://www.google.com/maps/search/?api=1&query=031° 35' 11.77\" E,30° 15' 22.55\" N"}, "geometry": {"type": "Point", "coordinates": [31.58660386694056, 30.256264666942922, 0.0]}}, {"type": "Feature", "properties": {"ID": "723", "Sectors": "القطاع السابع", "Easting": "031° 35' 13.5\" E", "Northing": "30° 15' 24.94\" N", "Google_Map": "https://www.google.com/maps/search/?api=1&query=031° 35' 13.5\" E,30° 15' 24.94\" N"}, "geometry": {"type": "Point", "coordinates": [31.58708361880641, 30.256928749708273, 0.0]}}, {"type": "Feature", "properties": {"ID": "724", "Sectors": "القطاع السابع", "Easting": "031° 34' 53.48\" E", "Northing": "30° 15' 14.78\" N", "Google_Map": "https://www.google.com/maps/search/?api=1&query=031° 34' 53.48\" E,30° 15' 14.78\" N"}, "geometry": {"type": "Point", "coordinates": [31.581521302909003, 30.254106776733458, 0.0]}}, {"type": "Feature", "properties": {"ID": "725", "Sectors": "القطاع السابع", "Easting": "031° 34' 57.05\" E", "Northing": "30° 15' 13.93\" N", "Google_Map": "https://www.google.com/maps/search/?api=1&query=031° 34' 57.05\" E,30° 15' 13.93\" N"}, "geometry": {"type": "Point", "coordinates": [31.582513571670233, 30.25386890177929, 0.0]}}, {"type": "Feature", "properties": {"ID": "726", "Sectors": "القطاع السابع", "Easting": "031° 35' 0.78\" E", "Northing": "30° 15' 14.11\" N", "Google_Map": "https://www.google.com/maps/search/?api=1&query=031° 35' 0.78\" E,30° 15' 14.11\" N"}, "geometry": {"type": "Point", "coordinates": [31.58354937826334, 30.253920523662202, 0.0]}}, {"type": "Feature", "properties": {"ID": "727", "Sectors": "القطاع السابع", "Easting": "031° 35' 4.61\" E", "Northing": "30° 15' 14.31\" N", "Google_Map": "https://www.google.com/maps/search/?api=1&query=031° 35' 4.61\" E,30° 15' 14.31\" N"}, "geometry": {"type": "Point", "coordinates": [31.584614940464625, 30.253973620305132, 0.0]}}, {"type": "Feature", "properties": {"ID": "728", "Sectors": "القطاع السابع", "Easting": "031° 35' 8.33\" E", "Northing": "30° 15' 14.49\" N", "Google_Map": "https://www.google.com/maps/search/?api=1&query=031° 35' 8.33\" E,30° 15' 14.49\" N"}, "geometry": {"type": "Point", "coordinates": [31.58564679317661, 30.254025028514157, 0.0]}}, {"type": "Feature", "properties": {"ID": "729", "Sectors": "القطاع السابع", "Easting": "031° 35' 11.68\" E", "Northing": "30° 15' 15.41\" N", "Google_Map": "https://www.google.com/maps/search/?api=1&query=031° 35' 11.68\" E,30° 15' 15.41\" N"}, "geometry": {"type": "Point", "coordinates": [31.586577827396464, 30.254280568276883, 0.0]}}, {"type": "Feature", "properties": {"ID": "730", "Sectors": "القطاع السابع", "Easting": "031° 35' 14.24\" E", "Northing": "30° 15' 17.71\" N", "Google_Map": "https://www.google.com/maps/search/?api=1&query=031° 35' 14.24\" E,30° 15' 17.71\" N"}, "geometry": {"type": "Point", "coordinates": [31.587288493597363, 30.254920466873244, 0.0]}}, {"type": "Feature", "properties": {"ID": "731", "Sectors": "القطاع السابع", "Easting": "031° 35' 12.73\" E", "Northing": "30° 15' 19.89\" N", "Google_Map": "https://www.google.com/maps/search/?api=1&query=031° 35' 12.73\" E,30° 15' 19.89\" N"}, "geometry": {"type": "Point", "coordinates": [31.586868749048765, 30.25552469806031, 0.0]}}, {"type": "Feature", "properties": {"ID": "732", "Sectors": "القطاع السابع", "Easting": "031° 35' 9.8\" E", "Northing": "30° 15' 29.66\" N", "Google_Map": "https://www.google.com/maps/search/?api=1&query=031° 35' 9.8\" E,30° 15' 29.66\" N"}, "geometry": {"type": "Point", "coordinates": [31.58605620359965, 30.258239641666066, 0.0]}}, {"type": "Feature", "properties": {"ID": "733", "Sectors": "القطاع السابع", "Easting": "031° 35' 13.46\" E", "Northing": "30° 15' 29.77\" N", "Google_Map": "https://www.google.com/maps/search/?api=1&query=031° 35' 13.46\" E,30° 15' 29.77\" N"}, "geometry": {"type": "Point", "coordinates": [31.58707343544123, 30.258270344758493, 0.5258000000030734]}}, {"type": "Feature", "properties": {"ID": "734", "Sectors": "القطاع السابع", "Easting": "031° 35' 17.94\" E", "Northing": "30° 15' 29.92\" N", "Google_Map": "https://www.google.com/maps/search/?api=1&query=031° 35' 17.94\" E,30° 15' 29.92\" N"}, "geometry": {"type": "Point", "coordinates": [31.588315993181343, 30.25831166867881, 0.0]}}, {"type": "Feature", "properties": {"ID": "735", "Sectors": "القطاع السابع", "Easting": "031° 35' 21.14\" E", "Northing": "30° 15' 21.96\" N", "Google_Map": "https://www.google.com/maps/search/?api=1&query=031° 35' 21.14\" E,30° 15' 21.96\" N"}, "geometry": {"type": "Point", "coordinates": [31.589205230789673, 30.256099742003283, 0.0]}}, {"type": "Feature", "properties": {"ID": "736", "Sectors": "القطاع السابع", "Easting": "031° 35' 21.39\" E", "Northing": "30° 15' 18.92\" N", "Google_Map": "https://www.google.com/maps/search/?api=1&query=031° 35' 21.39\" E,30° 15' 18.92\" N"}, "geometry": {"type": "Point", "coordinates": [31.589275676521254, 30.255256160535033, 0.0]}}, {"type": "Feature", "properties": {"ID": "737", "Sectors": "القطاع السابع", "Easting": "031° 35' 17.66\" E", "Northing": "30° 15' 18.75\" N", "Google_Map": "https://www.google.com/maps/search/?api=1&query=031° 35' 17.66\" E,30° 15' 18.75\" N"}, "geometry": {"type": "Point", "coordinates": [31.588239625512585, 30.255207970565756, 0.0]}}, {"type": "Feature", "properties": {"ID": "738", "Sectors": "القطاع السابع", "Easting": "031° 35' 17.73\" E", "Northing": "30° 15' 21.18\" N", "Google_Map": "https://www.google.com/maps/search/?api=1&query=031° 35' 17.73\" E,30° 15' 21.18\" N"}, "geometry": {"type": "Point", "coordinates": [31.58825769721663, 30.255883483591496, 0.0]}}, {"type": "Feature", "properties": {"ID": "739", "Sectors": "القطاع السابع", "Easting": "031° 35' 14.96\" E", "Northing": "30° 15' 22.28\" N", "Google_Map": "https://www.google.com/maps/search/?api=1&query=031° 35' 14.96\" E,30° 15' 22.28\" N"}, "geometry": {"type": "Point", "coordinates": [31.58748809175335, 30.256188719533704, 0.0]}}, {"type": "Feature", "properties": {"ID": "740", "Sectors": "القطاع السابع", "Easting": "031° 35' 22.52\" E", "Northing": "30° 15' 16.18\" N", "Google_Map": "https://www.google.com/maps/search/?api=1&query=031° 35' 22.52\" E,30° 15' 16.18\" N"}, "geometry": {"type": "Point", "coordinates": [31.589589714262264, 30.25449456171198, 0.0]}}, {"type": "Feature", "properties": {"ID": "741", "Sectors": "القطاع السابع", "Easting": "031° 35' 19.01\" E", "Northing": "30° 15' 16.01\" N", "Google_Map": "https://www.google.com/maps/search/?api=1&query=031° 35' 19.01\" E,30° 15' 16.01\" N"}, "geometry": {"type": "Point", "coordinates": [31.58861434756116, 30.254445997238875, 0.0]}}, {"type": "Feature", "properties": {"ID": "742", "Sectors": "القطاع السابع", "Easting": "031° 35' 15.76\" E", "Northing": "30° 15' 15.03\" N", "Google_Map": "https://www.google.com/maps/search/?api=1&query=031° 35' 15.76\" E,30° 15' 15.03\" N"}, "geometry": {"type": "Point", "coordinates": [31.587710118016027, 30.254173621718145, 0.0]}}, {"type": "Feature", "properties": {"ID": "743", "Sectors": "القطاع السابع", "Easting": "031° 35' 15.0\" E", "Northing": "30° 15' 12.07\" N", "Google_Map": "https://www.google.com/maps/search/?api=1&query=031° 35' 15.0\" E,30° 15' 12.07\" N"}, "geometry": {"type": "Point", "coordinates": [31.587499493925833, 30.253352971370628, 0.0]}}, {"type": "Feature", "properties": {"ID": "744", "Sectors": "القطاع السابع", "Easting": "031° 35' 15.2\" E", "Northing": "30° 15' 9.07\" N", "Google_Map": "https://www.google.com/maps/search/?api=1&query=031° 35' 15.2\" E,30° 15' 9.07\" N"}, "geometry": {"type": "Point", "coordinates": [31.587554559542834, 30.252518503142436, 0.0]}}, {"type": "Feature", "properties": {"ID": "745", "Sectors": "القطاع السابع", "Easting": "031° 35' 15.4\" E", "Northing": "30° 15' 5.94\" N", "Google_Map": "https://www.google.com/maps/search/?api=1&query=031° 35' 15.4\" E,30° 15' 5.94\" N"}, "geometry": {"type": "Point", "coordinates": [31.58761194352726, 30.251648904201115, 0.0]}}, {"type": "Feature", "properties": {"ID": "746", "Sectors": "القطاع السابع", "Easting": "031° 35' 23.82\" E", "Northing": "30° 15' 13.1\" N", "Google_Map": "https://www.google.com/maps/search/?api=1&query=031° 35' 23.82\" E,30° 15' 13.1\" N"}, "geometry": {"type": "Point", "coordinates": [31.589949594702844, 30.253639027226356, 0.005600000004051253]}}, {"type": "Feature", "properties": {"ID": "747", "Sectors": "القطاع السابع", "Easting": "031° 35' 18.56\" E", "Northing": "30° 15' 12.55\" N", "Google_Map": "https://www.google.com/maps/search/?api=1&query=031° 35' 18.56\" E,30° 15' 12.55\" N"}, "geometry": {"type": "Point", "coordinates": [31.58848861487842, 30.253487469934434, 0.005799999998998828]}}, {"type": "Feature", "properties": {"ID": "748", "Sectors": "القطاع السابع", "Easting": "031° 35' 22.3\" E", "Northing": "30° 15' 12.7\" N", "Google_Map": "https://www.google.com/maps/search/?api=1&query=031° 35' 22.3\" E,30° 15' 12.7\" N"}, "geometry": {"type": "Point", "coordinates": [31.589527256581746, 30.253528975843725, 0.005799999998998828]}}, {"type": "Feature", "properties": {"ID": "749", "Sectors": "القطاع السابع", "Easting": "031° 35' 17.8\" E", "Northing": "30° 15' 10.37\" N", "Google_Map": "https://www.google.com/maps/search/?api=1&query=031° 35' 17.8\" E,30° 15' 10.37\" N"}, "geometry": {"type": "Point", "coordinates": [31.58827845808398, 30.25288030196589, 0.0]}}, {"type": "Feature", "properties": {"ID": "750", "Sectors": "القطاع السابع", "Easting": "031° 35' 21.32\" E", "Northing": "30° 15' 10.51\" N", "Google_Map": "https://www.google.com/maps/search/?api=1&query=031° 35' 21.32\" E,30° 15' 10.51\" N"}, "geometry": {"type": "Point", "coordinates": [31.58925574532386, 30.252919524302573, 0.0]}}, {"type": "Feature", "properties": {"ID": "751", "Sectors": "القطاع السابع", "Easting": "031° 35' 18.73\" E", "Northing": "30° 15' 7.82\" N", "Google_Map": "https://www.google.com/maps/search/?api=1&query=031° 35' 18.73\" E,30° 15' 7.82\" N"}, "geometry": {"type": "Point", "coordinates": [31.588534773520802, 30.25217307246617, 0.0]}}, {"type": "Feature", "properties": {"ID": "752", "Sectors": "القطاع السابع", "Easting": "031° 35' 22.6\" E", "Northing": "30° 15' 7.98\" N", "Google_Map": "https://www.google.com/maps/search/?api=1&query=031° 35' 22.6\" E,30° 15' 7.98\" N"}, "geometry": {"type": "Point", "coordinates": [31.589612065649277, 30.252216122827516, 0.0]}}, {"type": "Feature", "properties": {"ID": "753", "Sectors": "القطاع السابع", "Easting": "031° 35' 17.76\" E", "Northing": "30° 15' 3.65\" N", "Google_Map": "https://www.google.com/maps/search/?api=1&query=031° 35' 17.76\" E,30° 15' 3.65\" N"}, "geometry": {"type": "Point", "coordinates": [31.588265940356006, 30.251013991710217, 0.016499999997904524]}}, {"type": "Feature", "properties": {"ID": "754", "Sectors": "القطاع السابع", "Easting": "031° 35' 14.04\" E", "Northing": "30° 15' 3.92\" N", "Google_Map": "https://www.google.com/maps/search/?api=1&query=031° 35' 14.04\" E,30° 15' 3.92\" N"}, "geometry": {"type": "Point", "coordinates": [31.587232845320823, 30.25108751826283, 0.016499999997904524]}}, {"type": "Feature", "properties": {"ID": "755", "Sectors": "القطاع السابع", "Easting": "031° 35' 21.45\" E", "Northing": "30° 15' 3.39\" N", "Google_Map": "https://www.google.com/maps/search/?api=1&query=031° 35' 21.45\" E,30° 15' 3.39\" N"}, "geometry": {"type": "Point", "coordinates": [31.58929193399316, 30.25094096068994, 0.016499999997904524]}}, {"type": "Feature", "properties": {"ID": "756", "Sectors": "القطاع السابع", "Easting": "031° 35' 25.24\" E", "Northing": "30° 15' 3.12\" N", "Google_Map": "https://www.google.com/maps/search/?api=1&query=031° 35' 25.24\" E,30° 15' 3.12\" N"}, "geometry": {"type": "Point", "coordinates": [31.590345463780263, 30.250865962077384, 0.016499999997904524]}}, {"type": "Feature", "properties": {"ID": "757", "Sectors": "القطاع السابع", "Easting": "031° 35' 24.56\" E", "Northing": "30° 15' 9.92\" N", "Google_Map": "https://www.google.com/maps/search/?api=1&query=031° 35' 24.56\" E,30° 15' 9.92\" N"}, "geometry": {"type": "Point", "coordinates": [31.59015454620565, 30.252755389184323, 0.0]}}, {"type": "Feature", "properties": {"ID": "758", "Sectors": "القطاع السابع", "Easting": "031° 35' 25.12\" E", "Northing": "30° 15' 6.66\" N", "Google_Map": "https://www.google.com/maps/search/?api=1&query=031° 35' 25.12\" E,30° 15' 6.66\" N"}, "geometry": {"type": "Point", "coordinates": [31.590309982061594, 30.251849055307705, 0.0]}}, {"type": "Feature", "properties": {"ID": "759", "Sectors": "القطاع السابع", "Easting": "031° 34' 48.63\" E", "Northing": "30° 15' 14.2\" N", "Google_Map": "https://www.google.com/maps/search/?api=1&query=031° 34' 48.63\" E,30° 15' 14.2\" N"}, "geometry": {"type": "Point", "coordinates": [31.580176099450796, 30.253943629208102, 0.0]}}, {"type": "Feature", "properties": {"ID": "760", "Sectors": "القطاع السابع", "Easting": "031° 34' 51.67\" E", "Northing": "30° 15' 12.47\" N", "Google_Map": "https://www.google.com/maps/search/?api=1&query=031° 34' 51.67\" E,30° 15' 12.47\" N"}, "geometry": {"type": "Point", "coordinates": [31.58101876561277, 30.25346257908208, 0.0]}}, {"type": "Feature", "properties": {"ID": "761", "Sectors": "القطاع السابع", "Easting": "031° 34' 51.93\" E", "Northing": "30° 15' 9.23\" N", "Google_Map": "https://www.google.com/maps/search/?api=1&query=031° 34' 51.93\" E,30° 15' 9.23\" N"}, "geometry": {"type": "Point", "coordinates": [31.581092087947997, 30.252562701634808, 0.0]}}, {"type": "Feature", "properties": {"ID": "762", "Sectors": "القطاع السابع", "Easting": "031° 34' 52.15\" E", "Northing": "30° 15' 5.91\" N", "Google_Map": "https://www.google.com/maps/search/?api=1&query=031° 34' 52.15\" E,30° 15' 5.91\" N"}, "geometry": {"type": "Point", "coordinates": [31.58115304262024, 30.251642318505642, 0.0]}}, {"type": "Feature", "properties": {"ID": "763", "Sectors": "القطاع السابع", "Easting": "031° 34' 48.63\" E", "Northing": "30° 15' 10.25\" N", "Google_Map": "https://www.google.com/maps/search/?api=1&query=031° 34' 48.63\" E,30° 15' 10.25\" N"}, "geometry": {"type": "Point", "coordinates": [31.580176034631055, 30.252848355561188, 0.0007999999943422154]}}, {"type": "Feature", "properties": {"ID": "764", "Sectors": "القطاع السابع", "Easting": "031° 34' 46.24\" E", "Northing": "30° 15' 5.21\" N", "Google_Map": "https://www.google.com/maps/search/?api=1&query=031° 34' 46.24\" E,30° 15' 5.21\" N"}, "geometry": {"type": "Point", "coordinates": [31.57951025168567, 30.25144713398003, 0.0]}}, {"type": "Feature", "properties": {"ID": "765", "Sectors": "القطاع السابع", "Easting": "031° 34' 49.96\" E", "Northing": "30° 15' 4.98\" N", "Google_Map": "https://www.google.com/maps/search/?api=1&query=031° 34' 49.96\" E,30° 15' 4.98\" N"}, "geometry": {"type": "Point", "coordinates": [31.580544230629673, 30.25138367434563, 0.0]}}, {"type": "Feature", "properties": {"ID": "766", "Sectors": "القطاع السابع", "Easting": "031° 34' 54.74\" E", "Northing": "30° 15' 4.69\" N", "Google_Map": "https://www.google.com/maps/search/?api=1&query=031° 34' 54.74\" E,30° 15' 4.69\" N"}, "geometry": {"type": "Point", "coordinates": [31.581871083503085, 30.2513022272981, 0.0]}}, {"type": "Feature", "properties": {"ID": "767", "Sectors": "القطاع السابع", "Easting": "031° 34' 54.84\" E", "Northing": "30° 15' 7.9\" N", "Google_Map": "https://www.google.com/maps/search/?api=1&query=031° 34' 54.84\" E,30° 15' 7.9\" N"}, "geometry": {"type": "Point", "coordinates": [31.581900629930217, 30.252195571064558, 0.0]}}, {"type": "Feature", "properties": {"ID": "768", "Sectors": "القطاع السابع", "Easting": "031° 34' 54.68\" E", "Northing": "30° 15' 10.96\" N", "Google_Map": "https://www.google.com/maps/search/?api=1&query=031° 34' 54.68\" E,30° 15' 10.96\" N"}, "geometry": {"type": "Point", "coordinates": [31.58185527710248, 30.253045003418034, 0.0]}}, {"type": "Feature", "properties": {"ID": "769", "Sectors": "القطاع السابع", "Easting": "031° 35' 12.14\" E", "Northing": "30° 15' 6.4\" N", "Google_Map": "https://www.google.com/maps/search/?api=1&query=031° 35' 12.14\" E,30° 15' 6.4\" N"}, "geometry": {"type": "Point", "coordinates": [31.586705426784174, 30.251778638836978, 0.0]}}, {"type": "Feature", "properties": {"ID": "770", "Sectors": "القطاع السابع", "Easting": "031° 35' 11.94\" E", "Northing": "30° 15' 9.41\" N", "Google_Map": "https://www.google.com/maps/search/?api=1&query=031° 35' 11.94\" E,30° 15' 9.41\" N"}, "geometry": {"type": "Point", "coordinates": [31.58664992419149, 30.25261434371387, 0.0]}}, {"type": "Feature", "properties": {"ID": "771", "Sectors": "القطاع السابع", "Easting": "031° 35' 11.75\" E", "Northing": "30° 15' 12.1\" N", "Google_Map": "https://www.google.com/maps/search/?api=1&query=031° 35' 11.75\" E,30° 15' 12.1\" N"}, "geometry": {"type": "Point", "coordinates": [31.586597518328258, 30.253361107463007, 0.0]}}, {"type": "Feature", "properties": {"ID": "772", "Sectors": "القطاع السابع", "Easting": "031° 35' 8.54\" E", "Northing": "30° 15' 12.47\" N", "Google_Map": "https://www.google.com/maps/search/?api=1&query=031° 35' 8.54\" E,30° 15' 12.47\" N"}, "geometry": {"type": "Point", "coordinates": [31.585704885514765, 30.253464299098702, 0.0]}}, {"type": "Feature", "properties": {"ID": "773", "Sectors": "القطاع السابع", "Easting": "031° 35' 4.8\" E", "Northing": "30° 15' 12.28\" N", "Google_Map": "https://www.google.com/maps/search/?api=1&query=031° 35' 4.8\" E,30° 15' 12.28\" N"}, "geometry": {"type": "Point", "coordinates": [31.58466591160788, 30.253412499068972, 0.0]}}, {"type": "Feature", "properties": {"ID": "774", "Sectors": "القطاع السابع", "Easting": "031° 35' 1.27\" E", "Northing": "30° 15' 12.11\" N", "Google_Map": "https://www.google.com/maps/search/?api=1&query=031° 35' 1.27\" E,30° 15' 12.11\" N"}, "geometry": {"type": "Point", "coordinates": [31.58368632911338, 30.253363652263793, 0.0]}}, {"type": "Feature", "properties": {"ID": "775", "Sectors": "القطاع السابع", "Easting": "031° 34' 57.93\" E", "Northing": "30° 15' 11.94\" N", "Google_Map": "https://www.google.com/maps/search/?api=1&query=031° 34' 57.93\" E,30° 15' 11.94\" N"}, "geometry": {"type": "Point", "coordinates": [31.582757550791538, 30.253317332708633, 0.0]}}, {"type": "Feature", "properties": {"ID": "776", "Sectors": "القطاع السابع", "Easting": "031° 34' 58.57\" E", "Northing": "30° 15' 4.01\" N", "Google_Map": "https://www.google.com/maps/search/?api=1&query=031° 34' 58.57\" E,30° 15' 4.01\" N"}, "geometry": {"type": "Point", "coordinates": [31.582935739600774, 30.251114019564067, 0.0]}}, {"type": "Feature", "properties": {"ID": "777", "Sectors": "القطاع السابع", "Easting": "031° 35' 2.33\" E", "Northing": "30° 15' 3.78\" N", "Google_Map": "https://www.google.com/maps/search/?api=1&query=031° 35' 2.33\" E,30° 15' 3.78\" N"}, "geometry": {"type": "Point", "coordinates": [31.583980111267305, 30.251049894029695, 0.0]}}, {"type": "Feature", "properties": {"ID": "778", "Sectors": "القطاع السابع", "Easting": "031° 35' 6.1\" E", "Northing": "30° 15' 3.55\" N", "Google_Map": "https://www.google.com/maps/search/?api=1&query=031° 35' 6.1\" E,30° 15' 3.55\" N"}, "geometry": {"type": "Point", "coordinates": [31.5850290659987, 30.25098547995288, 0.0]}}, {"type": "Feature", "properties": {"ID": "779", "Sectors": "القطاع السابع", "Easting": "031° 35' 9.68\" E", "Northing": "30° 15' 3.33\" N", "Google_Map": "https://www.google.com/maps/search/?api=1&query=031° 35' 9.68\" E,30° 15' 3.33\" N"}, "geometry": {"type": "Point", "coordinates": [31.58602116827358, 30.25092454799051, 0.0]}}, {"type": "Feature", "properties": {"ID": "780", "Sectors": "القطاع السابع", "Easting": "031° 35' 7.72\" E", "Northing": "30° 15' 9.42\" N", "Google_Map": "https://www.google.com/maps/search/?api=1&query=031° 35' 7.72\" E,30° 15' 9.42\" N"}, "geometry": {"type": "Point", "coordinates": [31.585477374224634, 30.252616040501813, 0.0]}}, {"type": "Feature", "properties": {"ID": "781", "Sectors": "القطاع السابع", "Easting": "031° 35' 7.94\" E", "Northing": "30° 15' 6.14\" N", "Google_Map": "https://www.google.com/maps/search/?api=1&query=031° 35' 7.94\" E,30° 15' 6.14\" N"}, "geometry": {"type": "Point", "coordinates": [31.585537644382228, 30.2517048767451, 0.0]}}, {"type": "Feature", "properties": {"ID": "782", "Sectors": "القطاع السابع", "Easting": "031° 35' 3.35\" E", "Northing": "30° 15' 9.86\" N", "Google_Map": "https://www.google.com/maps/search/?api=1&query=031° 35' 3.35\" E,30° 15' 9.86\" N"}, "geometry": {"type": "Point", "coordinates": [31.584263127196177, 30.25274004756895, 0.0]}}, {"type": "Feature", "properties": {"ID": "783", "Sectors": "القطاع السابع", "Easting": "031° 34' 59.16\" E", "Northing": "30° 15' 9.81\" N", "Google_Map": "https://www.google.com/maps/search/?api=1&query=031° 34' 59.16\" E,30° 15' 9.81\" N"}, "geometry": {"type": "Point", "coordinates": [31.583100010107575, 30.252723984758987, 0.0]}}, {"type": "Feature", "properties": {"ID": "784", "Sectors": "القطاع السابع", "Easting": "031° 35' 4.79\" E", "Northing": "30° 15' 7.82\" N", "Google_Map": "https://www.google.com/maps/search/?api=1&query=031° 35' 4.79\" E,30° 15' 7.82\" N"}, "geometry": {"type": "Point", "coordinates": [31.584665220347194, 30.25217207059845, 0.0]}}, {"type": "Feature", "properties": {"ID": "785", "Sectors": "القطاع السابع", "Easting": "031° 35' 1.05\" E", "Northing": "30° 15' 7.67\" N", "Google_Map": "https://www.google.com/maps/search/?api=1&query=031° 35' 1.05\" E,30° 15' 7.67\" N"}, "geometry": {"type": "Point", "coordinates": [31.583625425530197, 30.252130197355463, 0.0]}}, {"type": "Feature", "properties": {"ID": "786", "Sectors": "القطاع السابع", "Easting": "031° 34' 57.88\" E", "Northing": "30° 15' 7.54\" N", "Google_Map": "https://www.google.com/maps/search/?api=1&query=031° 34' 57.88\" E,30° 15' 7.54\" N"}, "geometry": {"type": "Point", "coordinates": [31.582745253878613, 30.25209474478493, 0.0]}}, {"type": "Feature", "properties": {"ID": "787", "Sectors": "القطاع السابع", "Easting": "031° 35' 4.19\" E", "Northing": "30° 15' 34.47\" N", "Google_Map": "https://www.google.com/maps/search/?api=1&query=031° 35' 4.19\" E,30° 15' 34.47\" N"}, "geometry": {"type": "Point", "coordinates": [31.584496621906336, 30.25957551941926, 0.0]}}, {"type": "Feature", "properties": {"ID": "788", "Sectors": "القطاع السابع", "Easting": "031° 34' 42.87\" E", "Northing": "30° 15' 27.13\" N", "Google_Map": "https://www.google.com/maps/search/?api=1&query=031° 34' 42.87\" E,30° 15' 27.13\" N"}, "geometry": {"type": "Point", "coordinates": [31.57857566896485, 30.25753560853016, 1.0]}}, {"type": "Feature", "properties": {"ID": "789", "Sectors": "القطاع السابع", "Easting": "031° 34' 45.09\" E", "Northing": "30° 15' 23.84\" N", "Google_Map": "https://www.google.com/maps/search/?api=1&query=031° 34' 45.09\" E,30° 15' 23.84\" N"}, "geometry": {"type": "Point", "coordinates": [31.579192371516992, 30.256622075428293, 1.0]}}, {"type": "Feature", "properties": {"ID": "790", "Sectors": "القطاع السابع", "Easting": "031° 34' 45.08\" E", "Northing": "30° 15' 19.62\" N", "Google_Map": "https://www.google.com/maps/search/?api=1&query=031° 34' 45.08\" E,30° 15' 19.62\" N"}, "geometry": {"type": "Point", "coordinates": [31.5791893674147, 30.255450751088972, 0.8479999999981374]}}, {"type": "Feature", "properties": {"ID": "791", "Sectors": "القطاع السابع", "Easting": "031° 34' 45.41\" E", "Northing": "30° 15' 16.64\" N", "Google_Map": "https://www.google.com/maps/search/?api=1&query=031° 34' 45.41\" E,30° 15' 16.64\" N"}, "geometry": {"type": "Point", "coordinates": [31.579281453722935, 30.254623318201816, 0.0]}}, {"type": "Feature", "properties": {"ID": "792", "Sectors": "القطاع السابع", "Easting": "031° 34' 54.53\" E", "Northing": "30° 15' 2.23\" N", "Google_Map": "https://www.google.com/maps/search/?api=1&query=031° 34' 54.53\" E,30° 15' 2.23\" N"}, "geometry": {"type": "Point", "coordinates": [31.581814980323674, 30.250618977480514, 0.0]}}, {"type": "Feature", "properties": {"ID": "793", "Sectors": "القطاع السابع", "Easting": "031° 35' 20.05\" E", "Northing": "30° 15' 24.94\" N", "Google_Map": "https://www.google.com/maps/search/?api=1&query=031° 35' 20.05\" E,30° 15' 24.94\" N"}, "geometry": {"type": "Point", "coordinates": [31.588903783604376, 30.256927902815548, 0.0]}}, {"type": "Feature", "properties": {"ID": "794", "Sectors": "القطاع السابع", "Easting": "031° 35' 7.85\" E", "Northing": "30° 15' 18.12\" N", "Google_Map": "https://www.google.com/maps/search/?api=1&query=031° 35' 7.85\" E,30° 15' 18.12\" N"}, "geometry": {"type": "Point", "coordinates": [31.585513394917015, 30.255032493243085, 0.0]}}, {"type": "Feature", "properties": {"ID": "795", "Sectors": "القطاع السابع", "Easting": "031° 35' 3.44\" E", "Northing": "30° 15' 17.9\" N", "Google_Map": "https://www.google.com/maps/search/?api=1&query=031° 35' 3.44\" E,30° 15' 17.9\" N"}, "geometry": {"type": "Point", "coordinates": [31.584288639060496, 30.254971495037918, 0.0]}}, {"type": "Feature", "properties": {"ID": "796", "Sectors": "القطاع السابع", "Easting": "031° 34' 56.09\" E", "Northing": "30° 15' 17.6\" N", "Google_Map": "https://www.google.com/maps/search/?api=1&query=031° 34' 56.09\" E,30° 15' 17.6\" N"}, "geometry": {"type": "Point", "coordinates": [31.582247579178976, 30.254888311643054, 0.0]}}, {"type": "Feature", "properties": {"ID": "797", "Sectors": "القطاع السابع", "Easting": "031° 35' 0.66\" E", "Northing": "30° 15' 17.76\" N", "Google_Map": "https://www.google.com/maps/search/?api=1&query=031° 35' 0.66\" E,30° 15' 17.76\" N"}, "geometry": {"type": "Point", "coordinates": [31.583516938921267, 30.254933142721143, 0.0]}}]}