{"type": "FeatureCollection", "features": [{"type": "Feature", "properties": {"Description": null, "Electric_Feature_Type": "كشك تحت الانشاء", "Easting": "031° 33' 24.13\" E", "Northing": "30° 16' 16.59\" N", "GlobalID": "{8F5D10AE-4D5A-424B-AA2A-CE286B2E23EE}", "ID": "TR5/1/3", "القطاع": "القطاع الثالث", "الشركةالمنفذة": "شركة الكتروالهانى"}, "geometry": {"type": "Point", "coordinates": [31.55838068736257, 30.271441576641745, 0.0]}}, {"type": "Feature", "properties": {"Description": null, "Electric_Feature_Type": "كشك تحت الانشاء", "Easting": "031° 33' 48.55\" E", "Northing": "30° 16' 26.78\" N", "GlobalID": "{3E196261-0484-47AB-B72E-B4BD8216965D}", "ID": "TR2/2/2", "القطاع": "القطاع الاول", "الشركةالمنفذة": "شركة الكتروالهانى"}, "geometry": {"type": "Point", "coordinates": [31.565163250233553, 30.27427231650712, 0.0]}}, {"type": "Feature", "properties": {"Description": null, "Electric_Feature_Type": "كشك تحت الانشاء", "Easting": "031° 33' 50.76\" E", "Northing": "30° 16' 28.18\" N", "GlobalID": "{EFEAB6E7-4D73-41A6-827C-5A6ECD98DC4B}", "ID": "TR3/2/2", "القطاع": "القطاع الاول", "الشركةالمنفذة": "شركة الكتروالهانى"}, "geometry": {"type": "Point", "coordinates": [31.56577678124051, 30.274660141165242, 0.0]}}, {"type": "Feature", "properties": {"Description": null, "Electric_Feature_Type": "كشك تحت الانشاء", "Easting": "031° 33' 31.64\" E", "Northing": "30° 16' 16.65\" N", "GlobalID": "{786BFB85-6A2C-470F-B072-852F2E3C7D10}", "ID": "TR3/1/3", "القطاع": "القطاع الاول", "الشركةالمنفذة": "شركة الكتروالهانى"}, "geometry": {"type": "Point", "coordinates": [31.560466096593693, 30.271458721420302, 0.0]}}, {"type": "Feature", "properties": {"Description": null, "Electric_Feature_Type": "كشك تحت الانشاء", "Easting": "031° 33' 38.54\" E", "Northing": "30° 16' 46.46\" N", "GlobalID": "{EDFC49C7-4366-4CEC-A531-F3D576C61CEB}", "ID": "TR8/2/3", "القطاع": "القطاع الثالث", "الشركةالمنفذة": "شركة الكتروالهانى"}, "geometry": {"type": "Point", "coordinates": [31.5623835162311, 30.279738860234357, -100.00040000000445]}}, {"type": "Feature", "properties": {"Description": null, "Electric_Feature_Type": "كشك تحت الانشاء", "Easting": "031° 33' 36.82\" E", "Northing": "30° 16' 34.97\" N", "GlobalID": "{0C2A5037-5631-4D02-9213-2893F79DFA46}", "ID": "TR3/2/3", "القطاع": "القطاع الثالث", "الشركةالمنفذة": "شركة الكتروالهانى"}, "geometry": {"type": "Point", "coordinates": [31.561906205497458, 30.27654611610839, -100.00040000000445]}}, {"type": "Feature", "properties": {"Description": null, "Electric_Feature_Type": "كشك تحت الانشاء", "Easting": "031° 33' 29.45\" E", "Northing": "30° 16' 18.93\" N", "GlobalID": "{E7DEB2B1-7FC0-4F7E-B3E3-C1FF2139035A}", "ID": "TR7/1/2", "القطاع": "القطاع الاول", "الشركةالمنفذة": "شركة الكتروالهانى"}, "geometry": {"type": "Point", "coordinates": [31.559858095894437, 30.272092194438613, 0.0]}}, {"type": "Feature", "properties": {"Description": null, "Electric_Feature_Type": "كشك تحت الانشاء", "Easting": "031° 33' 31.26\" E", "Northing": "30° 16' 17.07\" N", "GlobalID": "{E0BA0AAB-B0EB-4F8D-90E9-FC6589FEDD29}", "ID": "TR8/1/2", "القطاع": "القطاع الاول", "الشركةالمنفذة": "شركة الكتروالهانى"}, "geometry": {"type": "Point", "coordinates": [31.560359827444763, 30.271575257773854, 0.0]}}, {"type": "Feature", "properties": {"Description": null, "Electric_Feature_Type": "كشك تحت الانشاء", "Easting": "031° 33' 37.7\" E", "Northing": "30° 16' 10.82\" N", "GlobalID": "{7550F849-9444-48EA-A7C4-80CB52B81CA0}", "ID": "TR11/1/2", "القطاع": "القطاع الاول", "الشركةالمنفذة": "شركة الكتروالهانى"}, "geometry": {"type": "Point", "coordinates": [31.562149810132638, 30.269839250632238, 599.9894000000058]}}, {"type": "Feature", "properties": {"Description": null, "Electric_Feature_Type": "كشك تحت الانشاء", "Easting": "031° 33' 31.08\" E", "Northing": "30° 16' 7.09\" N", "GlobalID": "{A90D8516-F99F-4D7B-B3DF-F5CE8E4386D3}", "ID": "TR2/5/2", "القطاع": "القطاع الاول", "الشركةالمنفذة": "شركة الكتروالهانى"}, "geometry": {"type": "Point", "coordinates": [31.560310712490697, 30.268802262310423, 0.0]}}, {"type": "Feature", "properties": {"Description": null, "Electric_Feature_Type": "كشك تحت الانشاء", "Easting": "031° 33' 29.79\" E", "Northing": "30° 16' 11.41\" N", "GlobalID": "{92973642-0AA0-4E52-80E2-F19EEE2F0228}", "ID": "TR3/5/2", "القطاع": "القطاع الاول", "الشركةالمنفذة": "شركة الكتروالهانى"}, "geometry": {"type": "Point", "coordinates": [31.55995083710583, 30.270003318089664, 0.0]}}, {"type": "Feature", "properties": {"Description": null, "Electric_Feature_Type": "كشك تحت الانشاء", "Easting": "031° 33' 28.06\" E", "Northing": "30° 16' 13.19\" N", "GlobalID": "{D2277231-A0B3-4DA4-8C8D-628E1281F56C}", "ID": "TR4/5/2", "القطاع": "القطاع الاول", "الشركةالمنفذة": "شركة الكتروالهانى"}, "geometry": {"type": "Point", "coordinates": [31.559472664411622, 30.270496971128132, 0.0]}}, {"type": "Feature", "properties": {"Description": null, "Electric_Feature_Type": "كشك تحت الانشاء", "Easting": "031° 33' 30.44\" E", "Northing": "30° 16' 4.57\" N", "GlobalID": "{4BBD38F4-CE35-4687-AB3C-4412216BAE14}", "ID": "TR8/5/2", "القطاع": "القطاع الثاني", "الشركةالمنفذة": "شركة الكتروالهانى"}, "geometry": {"type": "Point", "coordinates": [31.5601320273739, 30.26810380752138, 0.0]}}, {"type": "Feature", "properties": {"Description": null, "Electric_Feature_Type": "كشك تحت الانشاء", "Easting": "031° 33' 16.44\" E", "Northing": "30° 15' 51.55\" N", "GlobalID": "{1AFCC78D-E5B6-4D0D-BC25-F9723B468567}", "ID": "TR3/2/1", "القطاع": "القطاع الثاني", "الشركةالمنفذة": "شركة الكتروالهانى"}, "geometry": {"type": "Point", "coordinates": [31.556244114728198, 30.264486198023246, 0.0]}}, {"type": "Feature", "properties": {"Description": null, "Electric_Feature_Type": "كشك تحت الانشاء", "Easting": "031° 33' 52.73\" E", "Northing": "30° 16' 25.84\" N", "GlobalID": "{9B0ECB5D-87A2-4AD9-B965-E80C873A9434}", "ID": "TR8/2/2", "القطاع": "القطاع الاول", "الشركةالمنفذة": "شركة الكتروالهانى"}, "geometry": {"type": "Point", "coordinates": [31.566324028840178, 30.27401125391851, 0.0]}}, {"type": "Feature", "properties": {"Description": null, "Electric_Feature_Type": "كشك تحت الانشاء", "Easting": "031° 33' 51.82\" E", "Northing": "30° 16' 24.92\" N", "GlobalID": "{BCA2659B-228A-4A85-A623-7375EB06F2A9}", "ID": "TR9/2/2", "القطاع": "القطاع الاول", "الشركةالمنفذة": "شركة الكتروالهانى"}, "geometry": {"type": "Point", "coordinates": [31.56607030659986, 30.27375387605895, 0.0]}}, {"type": "Feature", "properties": {"Description": null, "Electric_Feature_Type": "كشك تحت الانشاء", "Easting": "031° 34' 1.97\" E", "Northing": "30° 16' 17.73\" N", "GlobalID": "{6F6FD559-DE42-4028-82EB-33F1315FDB3C}", "ID": "TR2/3/2", "القطاع": "القطاع الثاني", "الشركةالمنفذة": "شركة الكتروالهانى"}, "geometry": {"type": "Point", "coordinates": [31.56889211679344, 30.271757975539394, 0.0]}}, {"type": "Feature", "properties": {"Description": null, "Electric_Feature_Type": "كشك تحت الانشاء", "Easting": "031° 34' 13.67\" E", "Northing": "30° 16' 18.17\" N", "GlobalID": "{0B0F8475-D315-4CF0-97F7-FB2642F42AE2}", "ID": "TR7/3/2", "القطاع": "القطاع الثاني", "الشركةالمنفذة": "شركة الكتروالهانى"}, "geometry": {"type": "Point", "coordinates": [31.57214220316982, 30.271881511896378, 0.0]}}, {"type": "Feature", "properties": {"Description": null, "Electric_Feature_Type": "كشك تحت الانشاء", "Easting": "031° 33' 7.9\" E", "Northing": "30° 16' 27.89\" N", "GlobalID": "{364C876B-5B81-464A-A46F-D766706B3A7B}", "ID": "TR4/4/3", "القطاع": "القطاع الثالث", "الشركةالمنفذة": "شركة الكتروالهانى"}, "geometry": {"type": "Point", "coordinates": [31.55387082502893, 30.27458067417144, 0.0]}}, {"type": "Feature", "properties": {"Description": null, "Electric_Feature_Type": "كوفرية", "Easting": null, "Northing": null, "GlobalID": "{63928998-23ED-4FC1-8EF0-0EBBCFFE927B}", "ID": null, "القطاع": null, "الشركةالمنفذة": null}, "geometry": {"type": "Point", "coordinates": [31.556548279883753, 30.270444428378255, 0.0]}}, {"type": "Feature", "properties": {"Description": null, "Electric_Feature_Type": "كوفرية", "Easting": null, "Northing": null, "GlobalID": "{575C9C2A-D462-443B-9293-33F4BC7A6419}", "ID": null, "القطاع": null, "الشركةالمنفذة": null}, "geometry": {"type": "Point", "coordinates": [31.565253932414798, 30.270382768160914, 0.0]}}, {"type": "Feature", "properties": {"Description": null, "Electric_Feature_Type": "كوفرية", "Easting": null, "Northing": null, "GlobalID": "{AF3193A1-A65D-48B4-A92A-F3226D8D9C95}", "ID": null, "القطاع": null, "الشركةالمنفذة": null}, "geometry": {"type": "Point", "coordinates": [31.557150734620162, 30.275491822176154, 0.0]}}, {"type": "Feature", "properties": {"Description": null, "Electric_Feature_Type": "كوفرية", "Easting": null, "Northing": null, "GlobalID": "{17998061-E990-4A28-A819-B41940BAADAF}", "ID": null, "القطاع": null, "الشركةالمنفذة": null}, "geometry": {"type": "Point", "coordinates": [31.556860261185335, 30.27572776142888, 0.0]}}, {"type": "Feature", "properties": {"Description": null, "Electric_Feature_Type": "كوفرية", "Easting": null, "Northing": null, "GlobalID": "{5CAACF24-448C-4748-B097-7D6571CC106F}", "ID": null, "القطاع": null, "الشركةالمنفذة": null}, "geometry": {"type": "Point", "coordinates": [31.556591782552104, 30.275845415498257, 0.0]}}, {"type": "Feature", "properties": {"Description": null, "Electric_Feature_Type": "كوفرية", "Easting": null, "Northing": null, "GlobalID": "{88753725-6C9F-497B-9C77-E13759585528}", "ID": null, "القطاع": null, "الشركةالمنفذة": null}, "geometry": {"type": "Point", "coordinates": [31.557166224794447, 30.27522549287029, 0.0]}}, {"type": "Feature", "properties": {"Description": null, "Electric_Feature_Type": "كوفرية", "Easting": null, "Northing": null, "GlobalID": "{F271B47C-9DD4-46B0-8978-83E12F1E7907}", "ID": null, "القطاع": null, "الشركةالمنفذة": null}, "geometry": {"type": "Point", "coordinates": [31.5563455459813, 30.275541740033272, 0.0]}}, {"type": "Feature", "properties": {"Description": null, "Electric_Feature_Type": "كوفرية", "Easting": null, "Northing": null, "GlobalID": "{79DBDB75-2042-402B-A376-D62DDF1E824D}", "ID": null, "القطاع": null, "الشركةالمنفذة": null}, "geometry": {"type": "Point", "coordinates": [31.55577428431251, 30.27520935155694, 0.0]}}, {"type": "Feature", "properties": {"Description": null, "Electric_Feature_Type": "كوفرية", "Easting": null, "Northing": null, "GlobalID": "{E1700DDB-5ED3-4849-9AF3-D43EDD30017C}", "ID": null, "القطاع": null, "الشركةالمنفذة": null}, "geometry": {"type": "Point", "coordinates": [31.55604471803676, 30.275086140592798, 0.0]}}, {"type": "Feature", "properties": {"Description": null, "Electric_Feature_Type": "كوفرية", "Easting": null, "Northing": null, "GlobalID": "{80B10B6C-9FB9-4AF6-8F8A-4FBFA96BEF7D}", "ID": null, "القطاع": null, "الشركةالمنفذة": null}, "geometry": {"type": "Point", "coordinates": [31.55633390057981, 30.274850161696072, 0.0]}}, {"type": "Feature", "properties": {"Description": null, "Electric_Feature_Type": "كوفرية", "Easting": null, "Northing": null, "GlobalID": "{A286AD5F-F500-4383-9AFC-4EB98B56E35E}", "ID": null, "القطاع": null, "الشركةالمنفذة": null}, "geometry": {"type": "Point", "coordinates": [31.55646317604736, 30.275298613695895, 0.0]}}, {"type": "Feature", "properties": {"Description": null, "Electric_Feature_Type": "كوفرية", "Easting": null, "Northing": null, "GlobalID": "{AFCB146E-992F-40C3-9A73-91FD18B82141}", "ID": null, "القطاع": null, "الشركةالمنفذة": null}, "geometry": {"type": "Point", "coordinates": [31.556703780765115, 30.275025802188704, 0.0]}}, {"type": "Feature", "properties": {"Description": null, "Electric_Feature_Type": "كوفرية", "Easting": null, "Northing": null, "GlobalID": "{E99E5788-04FE-41A9-8CCF-9E84DB1A4E18}", "ID": null, "القطاع": null, "الشركةالمنفذة": null}, "geometry": {"type": "Point", "coordinates": [31.555466721526894, 30.274966531773583, 0.0]}}, {"type": "Feature", "properties": {"Description": null, "Electric_Feature_Type": "كوفرية", "Easting": null, "Northing": null, "GlobalID": "{252B59A5-FAE1-4127-B597-58344B13AE50}", "ID": null, "القطاع": null, "الشركةالمنفذة": null}, "geometry": {"type": "Point", "coordinates": [31.555579934984483, 30.27471930707228, 0.0]}}, {"type": "Feature", "properties": {"Description": null, "Electric_Feature_Type": "كوفرية", "Easting": null, "Northing": null, "GlobalID": "{63E2691A-4931-4C07-9E39-90A1415F5461}", "ID": null, "القطاع": null, "الشركةالمنفذة": null}, "geometry": {"type": "Point", "coordinates": [31.555826048622507, 30.274448848889357, 0.0]}}, {"type": "Feature", "properties": {"Description": null, "Electric_Feature_Type": "كوفرية", "Easting": null, "Northing": null, "GlobalID": "{2674ED23-663B-4ADB-AC49-12F6AFC0FB63}", "ID": null, "القطاع": null, "الشركةالمنفذة": null}, "geometry": {"type": "Point", "coordinates": [31.55465534002387, 30.274328546754305, 0.0]}}, {"type": "Feature", "properties": {"Description": null, "Electric_Feature_Type": "كوفرية", "Easting": null, "Northing": null, "GlobalID": "{6C000DAD-B9F0-472F-B445-24A53CBA3415}", "ID": null, "القطاع": null, "الشركةالمنفذة": null}, "geometry": {"type": "Point", "coordinates": [31.554770525717366, 30.274079737603767, 0.0]}}, {"type": "Feature", "properties": {"Description": null, "Electric_Feature_Type": "كوفرية", "Easting": null, "Northing": null, "GlobalID": "{DC7A28D5-C231-4743-9D90-AB41B15E6197}", "ID": null, "القطاع": null, "الشركةالمنفذة": null}, "geometry": {"type": "Point", "coordinates": [31.55501349770136, 30.273809905792774, 0.0]}}, {"type": "Feature", "properties": {"Description": null, "Electric_Feature_Type": "كوفرية", "Easting": null, "Northing": null, "GlobalID": "{1E75012F-7B62-408C-A58D-B4ED0D4EE970}", "ID": null, "القطاع": null, "الشركةالمنفذة": null}, "geometry": {"type": "Point", "coordinates": [31.555565508795603, 30.273272356787434, 0.0]}}, {"type": "Feature", "properties": {"Description": null, "Electric_Feature_Type": "كوفرية", "Easting": null, "Northing": null, "GlobalID": "{62731BAF-B860-4D39-A404-99F1470DCF52}", "ID": null, "القطاع": null, "الشركةالمنفذة": null}, "geometry": {"type": "Point", "coordinates": [31.55585580074111, 30.27303978304176, 0.0]}}, {"type": "Feature", "properties": {"Description": null, "Electric_Feature_Type": "كوفرية", "Easting": null, "Northing": null, "GlobalID": "{FDE5B2CF-56DF-409F-8B7A-8B493FA2FFAE}", "ID": null, "القطاع": null, "الشركةالمنفذة": null}, "geometry": {"type": "Point", "coordinates": [31.55612692576322, 30.272916566280998, 0.0]}}, {"type": "Feature", "properties": {"Description": null, "Electric_Feature_Type": "كوفرية", "Easting": null, "Northing": null, "GlobalID": "{14CCF434-925E-4C09-A158-1844896AA75B}", "ID": null, "القطاع": null, "الشركةالمنفذة": null}, "geometry": {"type": "Point", "coordinates": [31.556941706019508, 30.273559091341486, 0.0]}}, {"type": "Feature", "properties": {"Description": null, "Electric_Feature_Type": "كوفرية", "Easting": null, "Northing": null, "GlobalID": "{A2F2D0AE-3DCB-413E-A466-E1ADF0D6D199}", "ID": null, "القطاع": null, "الشركةالمنفذة": null}, "geometry": {"type": "Point", "coordinates": [31.55666791066477, 30.273681613013864, 0.0]}}, {"type": "Feature", "properties": {"Description": null, "Electric_Feature_Type": "كوفرية", "Easting": null, "Northing": null, "GlobalID": "{748EF95F-006F-4673-A72C-F5D6E0E11349}", "ID": null, "القطاع": null, "الشركةالمنفذة": null}, "geometry": {"type": "Point", "coordinates": [31.556380438219662, 30.2739213685731, 0.0]}}, {"type": "Feature", "properties": {"Description": null, "Electric_Feature_Type": "كوفرية", "Easting": null, "Northing": null, "GlobalID": "{C5F66343-1CF4-41D3-BD4B-46E4E58C1050}", "ID": null, "القطاع": null, "الشركةالمنفذة": null}, "geometry": {"type": "Point", "coordinates": [31.55718931601031, 30.27455724002494, 0.0]}}, {"type": "Feature", "properties": {"Description": null, "Electric_Feature_Type": "كوفرية", "Easting": null, "Northing": null, "GlobalID": "{95846026-7258-4518-A81B-E0A8FA609DD8}", "ID": null, "القطاع": null, "الشركةالمنفذة": null}, "geometry": {"type": "Point", "coordinates": [31.5574819702962, 30.27432212786132, 0.0]}}, {"type": "Feature", "properties": {"Description": null, "Electric_Feature_Type": "كوفرية", "Easting": null, "Northing": null, "GlobalID": "{787FA835-00B1-4BE8-AEDB-520094531DBA}", "ID": null, "القطاع": null, "الشركةالمنفذة": null}, "geometry": {"type": "Point", "coordinates": [31.557748218634412, 30.274199313657977, 0.0]}}, {"type": "Feature", "properties": {"Description": null, "Electric_Feature_Type": "كوفرية", "Easting": null, "Northing": null, "GlobalID": "{EC359968-7BEC-45F4-995C-2DAD35F917A5}", "ID": null, "القطاع": null, "الشركةالمنفذة": null}, "geometry": {"type": "Point", "coordinates": [31.554964361661465, 30.274570177040637, 0.0]}}, {"type": "Feature", "properties": {"Description": null, "Electric_Feature_Type": "كوفرية", "Easting": null, "Northing": null, "GlobalID": "{7FE716AF-E496-4CC7-A2A1-718138478AF3}", "ID": null, "القطاع": null, "الشركةالمنفذة": null}, "geometry": {"type": "Point", "coordinates": [31.555237429672836, 30.274447786471075, 0.0]}}, {"type": "Feature", "properties": {"Description": null, "Electric_Feature_Type": "كوفرية", "Easting": null, "Northing": null, "GlobalID": "{58F929E4-6F4F-4D81-BD05-0DCCCE62E684}", "ID": null, "القطاع": null, "الشركةالمنفذة": null}, "geometry": {"type": "Point", "coordinates": [31.5555260208888, 30.274212715687245, 0.0]}}, {"type": "Feature", "properties": {"Description": null, "Electric_Feature_Type": "كوفرية", "Easting": null, "Northing": null, "GlobalID": "{47013958-B60D-49E5-989D-9EDF58278598}", "ID": null, "القطاع": null, "الشركةالمنفذة": null}, "geometry": {"type": "Point", "coordinates": [31.558056164105324, 30.274446035912977, 0.0]}}, {"type": "Feature", "properties": {"Description": null, "Electric_Feature_Type": "كوفرية", "Easting": null, "Northing": null, "GlobalID": "{A1642B01-4836-4332-86C8-C6A8AC9429F8}", "ID": null, "القطاع": null, "الشركةالمنفذة": null}, "geometry": {"type": "Point", "coordinates": [31.55794482262648, 30.274691964824893, 0.0]}}, {"type": "Feature", "properties": {"Description": null, "Electric_Feature_Type": "كوفرية", "Easting": null, "Northing": null, "GlobalID": "{0B6E48F3-0F6A-4232-97BB-0271E622AA2E}", "ID": null, "القطاع": null, "الشركةالمنفذة": null}, "geometry": {"type": "Point", "coordinates": [31.55777404268787, 30.274895029663874, 0.0]}}, {"type": "Feature", "properties": {"Description": null, "Electric_Feature_Type": "كوفرية", "Easting": null, "Northing": null, "GlobalID": "{98E764AA-5BEC-44E3-AF56-99B61CDCBD37}", "ID": null, "القطاع": null, "الشركةالمنفذة": null}, "geometry": {"type": "Point", "coordinates": [31.556436525592908, 30.27316562083715, 0.0]}}, {"type": "Feature", "properties": {"Description": null, "Electric_Feature_Type": "كوفرية", "Easting": null, "Northing": null, "GlobalID": "{AC98D614-0E00-4088-B69F-24CF16774659}", "ID": null, "القطاع": null, "الشركةالمنفذة": null}, "geometry": {"type": "Point", "coordinates": [31.556323170661603, 30.273410841660954, 0.0]}}, {"type": "Feature", "properties": {"Description": null, "Electric_Feature_Type": "كوفرية", "Easting": null, "Northing": null, "GlobalID": "{6A11AB3C-F03D-4A9A-9FF4-3E2C715AE544}", "ID": null, "القطاع": null, "الشركةالمنفذة": null}, "geometry": {"type": "Point", "coordinates": [31.556076742900544, 30.273680925967888, 0.0]}}, {"type": "Feature", "properties": {"Description": null, "Electric_Feature_Type": "كوفرية", "Easting": null, "Northing": null, "GlobalID": "{ADFCEBDB-C24B-43A1-88C1-D52AADAF88DE}", "ID": null, "القطاع": null, "الشركةالمنفذة": null}, "geometry": {"type": "Point", "coordinates": [31.556955453408193, 30.274253944239216, 0.0]}}, {"type": "Feature", "properties": {"Description": null, "Electric_Feature_Type": "كوفرية", "Easting": null, "Northing": null, "GlobalID": "{9761C1B7-DD4C-46D7-8D15-98CB42DB5774}", "ID": null, "القطاع": null, "الشركةالمنفذة": null}, "geometry": {"type": "Point", "coordinates": [31.55713244010557, 30.27404584502526, 0.0]}}, {"type": "Feature", "properties": {"Description": null, "Electric_Feature_Type": "كوفرية", "Easting": null, "Northing": null, "GlobalID": "{C149550F-FBF0-416E-ABDD-EBD78B35456F}", "ID": null, "القطاع": null, "الشركةالمنفذة": null}, "geometry": {"type": "Point", "coordinates": [31.557242950642753, 30.273806212057362, 0.0]}}, {"type": "Feature", "properties": {"Description": null, "Electric_Feature_Type": "كوفرية", "Easting": null, "Northing": null, "GlobalID": "{559FD07F-7F1C-4286-8A20-632064CC1347}", "ID": null, "القطاع": null, "الشركةالمنفذة": null}, "geometry": {"type": "Point", "coordinates": [31.555626454129722, 30.273484007723937, 0.0]}}, {"type": "Feature", "properties": {"Description": null, "Electric_Feature_Type": "كوفرية", "Easting": null, "Northing": null, "GlobalID": "{581B908D-B97A-447B-8D7A-7823561F3F46}", "ID": null, "القطاع": null, "الشركةالمنفذة": null}, "geometry": {"type": "Point", "coordinates": [31.555843199237408, 30.273651318689478, 0.0]}}, {"type": "Feature", "properties": {"Description": null, "Electric_Feature_Type": "كوفرية", "Easting": null, "Northing": null, "GlobalID": "{3943BDFF-C059-4D21-834A-F4F395C113C6}", "ID": null, "القطاع": null, "الشركةالمنفذة": null}, "geometry": {"type": "Point", "coordinates": [31.556440350929584, 30.274121819183936, 0.0]}}, {"type": "Feature", "properties": {"Description": null, "Electric_Feature_Type": "كوفرية", "Easting": null, "Northing": null, "GlobalID": "{510431B0-083A-41C2-B485-74176FACD4CB}", "ID": null, "القطاع": null, "الشركةالمنفذة": null}, "geometry": {"type": "Point", "coordinates": [31.55665463555384, 30.2742861417146, 0.0]}}, {"type": "Feature", "properties": {"Description": null, "Electric_Feature_Type": "كوفرية", "Easting": null, "Northing": null, "GlobalID": "{46A87F21-BCD6-4778-BC5D-6EDE783A0B28}", "ID": null, "القطاع": null, "الشركةالمنفذة": null}, "geometry": {"type": "Point", "coordinates": [31.557250985751953, 30.27476665810038, 0.0]}}, {"type": "Feature", "properties": {"Description": null, "Electric_Feature_Type": "كوفرية", "Easting": null, "Northing": null, "GlobalID": "{DE9C5ECC-019B-47F7-93EB-F2D265393101}", "ID": null, "القطاع": null, "الشركةالمنفذة": null}, "geometry": {"type": "Point", "coordinates": [31.557471400441266, 30.274934621819476, 0.0]}}, {"type": "Feature", "properties": {"Description": null, "Electric_Feature_Type": "كوفرية", "Easting": null, "Northing": null, "GlobalID": "{2F604660-DCC3-4ECF-BA1A-C92846A64BF9}", "ID": null, "القطاع": null, "الشركةالمنفذة": null}, "geometry": {"type": "Point", "coordinates": [31.556941091366344, 30.275060980060942, 0.0]}}, {"type": "Feature", "properties": {"Description": null, "Electric_Feature_Type": "كوفرية", "Easting": null, "Northing": null, "GlobalID": "{BB192285-4883-4908-A86C-228BE437407B}", "ID": null, "القطاع": null, "الشركةالمنفذة": null}, "geometry": {"type": "Point", "coordinates": [31.556349662223347, 30.274585891560402, 0.0]}}, {"type": "Feature", "properties": {"Description": null, "Electric_Feature_Type": "كوفرية", "Easting": null, "Northing": null, "GlobalID": "{EA48460E-59BE-4C64-AC13-B9C8F1759C25}", "ID": null, "القطاع": null, "الشركةالمنفذة": null}, "geometry": {"type": "Point", "coordinates": [31.55613130741324, 30.274408045216507, 0.0]}}, {"type": "Feature", "properties": {"Description": null, "Electric_Feature_Type": "كوفرية", "Easting": null, "Northing": null, "GlobalID": "{62D7C31F-C4F7-4A29-931A-D2B4B381192B}", "ID": null, "القطاع": null, "الشركةالمنفذة": null}, "geometry": {"type": "Point", "coordinates": [31.555534642540486, 30.273948766310205, 0.0]}}, {"type": "Feature", "properties": {"Description": null, "Electric_Feature_Type": "كوفرية", "Easting": null, "Northing": null, "GlobalID": "{2595270F-B65C-4A53-BBB8-A95A7B078C06}", "ID": null, "القطاع": null, "الشركةالمنفذة": null}, "geometry": {"type": "Point", "coordinates": [31.555317260613673, 30.273779860920797, 0.0]}}, {"type": "Feature", "properties": {"Description": null, "Electric_Feature_Type": "كوفرية", "Easting": null, "Northing": null, "GlobalID": "{D1E7E58F-146A-4B1D-B907-17E648A665B9}", "ID": null, "القطاع": null, "الشركةالمنفذة": null}, "geometry": {"type": "Point", "coordinates": [31.554545724667562, 30.269160290680343, 0.0]}}, {"type": "Feature", "properties": {"Description": null, "Electric_Feature_Type": "كوفرية", "Easting": null, "Northing": null, "GlobalID": "{348884D0-25A0-4A58-9984-3A9D8FA4AEE3}", "ID": null, "القطاع": null, "الشركةالمنفذة": null}, "geometry": {"type": "Point", "coordinates": [31.554852742009803, 30.269167862022613, 0.0]}}, {"type": "Feature", "properties": {"Description": null, "Electric_Feature_Type": "كوفرية", "Easting": null, "Northing": null, "GlobalID": "{CCCA3396-9BF3-4FDC-BE04-80F3BA988A6C}", "ID": null, "القطاع": null, "الشركةالمنفذة": null}, "geometry": {"type": "Point", "coordinates": [31.55507365055398, 30.269346056254577, 0.0]}}, {"type": "Feature", "properties": {"Description": null, "Electric_Feature_Type": "كوفرية", "Easting": null, "Northing": null, "GlobalID": "{B653F4A8-BC09-43AD-B075-077C09636C9C}", "ID": null, "القطاع": null, "الشركةالمنفذة": null}, "geometry": {"type": "Point", "coordinates": [31.555428609647173, 30.26949971425049, 0.0]}}, {"type": "Feature", "properties": {"Description": null, "Electric_Feature_Type": "كوفرية", "Easting": null, "Northing": null, "GlobalID": "{A0E00E30-EDCF-4643-937D-2C34128A16A1}", "ID": null, "القطاع": null, "الشركةالمنفذة": null}, "geometry": {"type": "Point", "coordinates": [31.554168956501282, 30.269970113539518, 0.0]}}, {"type": "Feature", "properties": {"Description": null, "Electric_Feature_Type": "كوفرية", "Easting": null, "Northing": null, "GlobalID": "{09F4F9CC-75B3-4564-A37E-23FC06E4E578}", "ID": null, "القطاع": null, "الشركةالمنفذة": null}, "geometry": {"type": "Point", "coordinates": [31.55439023236702, 30.270147545118366, 0.0]}}, {"type": "Feature", "properties": {"Description": null, "Electric_Feature_Type": "كوفرية", "Easting": null, "Northing": null, "GlobalID": "{A0E2F82B-5BB0-4927-9E27-2C101D2D5F1F}", "ID": null, "القطاع": null, "الشركةالمنفذة": null}, "geometry": {"type": "Point", "coordinates": [31.55474695591821, 30.270305658983307, 0.0]}}, {"type": "Feature", "properties": {"Description": null, "Electric_Feature_Type": "كوفرية", "Easting": null, "Northing": null, "GlobalID": "{C1D690C5-9412-4BEC-A77D-1991E6628298}", "ID": null, "القطاع": null, "الشركةالمنفذة": null}, "geometry": {"type": "Point", "coordinates": [31.553718377707455, 30.270908350789576, 0.0]}}, {"type": "Feature", "properties": {"Description": null, "Electric_Feature_Type": "كوفرية", "Easting": null, "Northing": null, "GlobalID": "{6E007F54-2D63-40A8-B7D8-6BC6B2FCA2B2}", "ID": null, "القطاع": null, "الشركةالمنفذة": null}, "geometry": {"type": "Point", "coordinates": [31.553953861074195, 30.271075563356817, 0.0]}}, {"type": "Feature", "properties": {"Description": null, "Electric_Feature_Type": "كوفرية", "Easting": null, "Northing": null, "GlobalID": "{D4ABFEC5-279D-41EA-9F9D-D319391B0195}", "ID": null, "القطاع": null, "الشركةالمنفذة": null}, "geometry": {"type": "Point", "coordinates": [31.554319426976832, 30.271215140961175, 0.0]}}, {"type": "Feature", "properties": {"Description": null, "Electric_Feature_Type": "كوفرية", "Easting": null, "Northing": null, "GlobalID": "{852628E2-D62E-4440-A107-C75335A648B0}", "ID": null, "القطاع": null, "الشركةالمنفذة": null}, "geometry": {"type": "Point", "coordinates": [31.556801556861416, 30.269857976033666, 0.0]}}, {"type": "Feature", "properties": {"Description": null, "Electric_Feature_Type": "كوفرية", "Easting": null, "Northing": null, "GlobalID": "{7241F61D-3B24-401A-B48F-689FC551E366}", "ID": null, "القطاع": null, "الشركةالمنفذة": null}, "geometry": {"type": "Point", "coordinates": [31.556498686791763, 30.269847253470264, 0.0]}}, {"type": "Feature", "properties": {"Description": null, "Electric_Feature_Type": "كوفرية", "Easting": null, "Northing": null, "GlobalID": "{F2634D4C-5F61-4DC0-B6C6-8FBF2C6A3649}", "ID": null, "القطاع": null, "الشركةالمنفذة": null}, "geometry": {"type": "Point", "coordinates": [31.55611723694138, 30.2697478325141, 0.0]}}, {"type": "Feature", "properties": {"Description": null, "Electric_Feature_Type": "كوفرية", "Easting": null, "Northing": null, "GlobalID": "{ADFF960F-6296-4D97-A74B-EEEE544BD2EA}", "ID": null, "القطاع": null, "الشركةالمنفذة": null}, "geometry": {"type": "Point", "coordinates": [31.5562863706075, 30.270773264043438, 0.0]}}, {"type": "Feature", "properties": {"Description": null, "Electric_Feature_Type": "كوفرية", "Easting": null, "Northing": null, "GlobalID": "{5E28BD21-1C9A-46E6-AF14-AAE1D8C3E469}", "ID": null, "القطاع": null, "الشركةالمنفذة": null}, "geometry": {"type": "Point", "coordinates": [31.555976245479357, 30.27074748256901, 0.0]}}, {"type": "Feature", "properties": {"Description": null, "Electric_Feature_Type": "كوفرية", "Easting": null, "Northing": null, "GlobalID": "{A1E30E61-22BE-4561-86D1-D5D8164846DA}", "ID": null, "القطاع": null, "الشركةالمنفذة": null}, "geometry": {"type": "Point", "coordinates": [31.555603494160646, 30.27063033057655, 0.0]}}, {"type": "Feature", "properties": {"Description": null, "Electric_Feature_Type": "كوفرية", "Easting": null, "Northing": null, "GlobalID": "{173FCADF-10DE-4007-AE48-D4B4DA48F1DA}", "ID": null, "القطاع": null, "الشركةالمنفذة": null}, "geometry": {"type": "Point", "coordinates": [31.555798746007888, 30.27159767217174, 0.0]}}, {"type": "Feature", "properties": {"Description": null, "Electric_Feature_Type": "كوفرية", "Easting": null, "Northing": null, "GlobalID": "{BFF8976A-AE6F-496C-9F8F-2FE29B9BA253}", "ID": null, "القطاع": null, "الشركةالمنفذة": null}, "geometry": {"type": "Point", "coordinates": [31.555504403106895, 30.27157997720106, 0.0]}}, {"type": "Feature", "properties": {"Description": null, "Electric_Feature_Type": "كوفرية", "Easting": null, "Northing": null, "GlobalID": "{F22B4EEE-513A-4C94-8A7D-454CC03C9CC7}", "ID": null, "القطاع": null, "الشركةالمنفذة": null}, "geometry": {"type": "Point", "coordinates": [31.555124844161053, 30.271471132583045, 0.0]}}, {"type": "Feature", "properties": {"Description": null, "Electric_Feature_Type": "كوفرية", "Easting": null, "Northing": null, "GlobalID": "{C7EAA09D-F599-4623-B4EB-D39C79C9AB5D}", "ID": null, "القطاع": null, "الشركةالمنفذة": null}, "geometry": {"type": "Point", "coordinates": [31.55470167754164, 30.268618482736922, 0.0]}}, {"type": "Feature", "properties": {"Description": null, "Electric_Feature_Type": "كوفرية", "Easting": null, "Northing": null, "GlobalID": "{A4ACBC4F-7170-4BB9-954A-C215291243DE}", "ID": null, "القطاع": null, "الشركةالمنفذة": null}, "geometry": {"type": "Point", "coordinates": [31.55491682073519, 30.268798643746475, 0.0]}}, {"type": "Feature", "properties": {"Description": null, "Electric_Feature_Type": "كوفرية", "Easting": null, "Northing": null, "GlobalID": "{49DBF502-3A7D-4B94-830D-862E3361CB5F}", "ID": null, "القطاع": null, "الشركةالمنفذة": null}, "geometry": {"type": "Point", "coordinates": [31.55522389500717, 30.26880674168329, 0.0]}}, {"type": "Feature", "properties": {"Description": null, "Electric_Feature_Type": "كوفرية", "Easting": null, "Northing": null, "GlobalID": "{EEFA22BA-66B6-4E1B-8316-C783AB3A386E}", "ID": null, "القطاع": null, "الشركةالمنفذة": null}, "geometry": {"type": "Point", "coordinates": [31.55559921235844, 30.268912305331778, 0.0]}}, {"type": "Feature", "properties": {"Description": null, "Electric_Feature_Type": "كوفرية", "Easting": null, "Northing": null, "GlobalID": "{3819BF04-7AD7-4A7E-81BB-E747BF854B6C}", "ID": null, "القطاع": null, "الشركةالمنفذة": null}, "geometry": {"type": "Point", "coordinates": [31.556872742485073, 30.269482738049312, 0.0]}}, {"type": "Feature", "properties": {"Description": null, "Electric_Feature_Type": "كوفرية", "Easting": null, "Northing": null, "GlobalID": "{1CDBB5AB-A11A-41D4-9B9F-47F2A14E2454}", "ID": null, "القطاع": null, "الشركةالمنفذة": null}, "geometry": {"type": "Point", "coordinates": [31.556642703246236, 30.269304955476343, 0.0]}}, {"type": "Feature", "properties": {"Description": null, "Electric_Feature_Type": "كوفرية", "Easting": null, "Northing": null, "GlobalID": "{4A342D3D-3B42-4FBE-9BAE-D1DBD2ACB1A1}", "ID": null, "القطاع": null, "الشركةالمنفذة": null}, "geometry": {"type": "Point", "coordinates": [31.556286862446342, 30.269153451383186, 0.0]}}, {"type": "Feature", "properties": {"Description": null, "Electric_Feature_Type": "كوفرية", "Easting": null, "Northing": null, "GlobalID": "{A4A0033B-6534-4E7F-8EE9-ED20F2646D08}", "ID": null, "القطاع": null, "الشركةالمنفذة": null}, "geometry": {"type": "Point", "coordinates": [31.55432991853644, 30.269630971682872, 0.0]}}, {"type": "Feature", "properties": {"Description": null, "Electric_Feature_Type": "كوفرية", "Easting": null, "Northing": null, "GlobalID": "{236B649A-E214-48DD-9DE6-7D658C370208}", "ID": null, "القطاع": null, "الشركةالمنفذة": null}, "geometry": {"type": "Point", "coordinates": [31.55464098317485, 30.269640610126704, 0.0]}}, {"type": "Feature", "properties": {"Description": null, "Electric_Feature_Type": "كوفرية", "Easting": null, "Northing": null, "GlobalID": "{A3990731-87F0-49D0-9A1F-75E60D9FC5DB}", "ID": null, "القطاع": null, "الشركةالمنفذة": null}, "geometry": {"type": "Point", "coordinates": [31.5550175388028, 30.269749700774838, 0.0]}}, {"type": "Feature", "properties": {"Description": null, "Electric_Feature_Type": "كوفرية", "Easting": null, "Northing": null, "GlobalID": "{9BEC3030-B203-47AC-97F2-B0E5BC96673F}", "ID": null, "القطاع": null, "الشركةالمنفذة": null}, "geometry": {"type": "Point", "coordinates": [31.556371767916918, 30.270404450880484, 0.0]}}, {"type": "Feature", "properties": {"Description": null, "Electric_Feature_Type": "كوفرية", "Easting": null, "Northing": null, "GlobalID": "{7136D18E-A4F2-4F0D-A857-01AC946C9F69}", "ID": null, "القطاع": null, "الشركةالمنفذة": null}, "geometry": {"type": "Point", "coordinates": [31.55616251204064, 30.270213592594935, 0.0]}}, {"type": "Feature", "properties": {"Description": null, "Electric_Feature_Type": "كوفرية", "Easting": null, "Northing": null, "GlobalID": "{E1009427-28A8-4D40-B85D-9D5718AF3515}", "ID": null, "القطاع": null, "الشركةالمنفذة": null}, "geometry": {"type": "Point", "coordinates": [31.555819051025548, 30.270043805354202, 0.0]}}, {"type": "Feature", "properties": {"Description": null, "Electric_Feature_Type": "كوفرية", "Easting": null, "Northing": null, "GlobalID": "{BEAD83BA-95DA-4598-AF8C-A1C71A2E0162}", "ID": null, "القطاع": null, "الشركةالمنفذة": null}, "geometry": {"type": "Point", "coordinates": [31.555876921998077, 30.27122237629609, 0.0]}}, {"type": "Feature", "properties": {"Description": null, "Electric_Feature_Type": "كوفرية", "Easting": null, "Northing": null, "GlobalID": "{4C17853E-BD79-43BA-9ACD-B5B229D2473B}", "ID": null, "القطاع": null, "الشركةالمنفذة": null}, "geometry": {"type": "Point", "coordinates": [31.555659949375002, 30.27103915868983, 0.0]}}, {"type": "Feature", "properties": {"Description": null, "Electric_Feature_Type": "كوفرية", "Easting": null, "Northing": null, "GlobalID": "{301F02BE-681E-47C8-BDAD-F3887D015C7F}", "ID": null, "القطاع": null, "الشركةالمنفذة": null}, "geometry": {"type": "Point", "coordinates": [31.55530086794509, 30.27088605287003, 0.0]}}, {"type": "Feature", "properties": {"Description": null, "Electric_Feature_Type": "كوفرية", "Easting": null, "Northing": null, "GlobalID": "{A33BDA71-778A-48A9-8AA9-65FD71CEFC5B}", "ID": null, "القطاع": null, "الشركةالمنفذة": null}, "geometry": {"type": "Point", "coordinates": [31.553777946533813, 30.270525643142197, 0.0]}}, {"type": "Feature", "properties": {"Description": null, "Electric_Feature_Type": "كوفرية", "Easting": null, "Northing": null, "GlobalID": "{4FF93EE4-5116-4330-B570-EF2999DB63BC}", "ID": null, "القطاع": null, "الشركةالمنفذة": null}, "geometry": {"type": "Point", "coordinates": [31.554088682846874, 30.270523121991392, 0.0]}}, {"type": "Feature", "properties": {"Description": null, "Electric_Feature_Type": "كوفرية", "Easting": null, "Northing": null, "GlobalID": "{32E53A9E-533E-4D04-95A0-6EF8C02570C5}", "ID": null, "القطاع": null, "الشركةالمنفذة": null}, "geometry": {"type": "Point", "coordinates": [31.55446406942896, 30.270618210378966, 0.0]}}, {"type": "Feature", "properties": {"Description": null, "Electric_Feature_Type": "كوفرية", "Easting": null, "Northing": null, "GlobalID": "{AE0160DD-EB4D-4E06-BDBE-A8E77DE4D3C2}", "ID": null, "القطاع": null, "الشركةالمنفذة": null}, "geometry": {"type": "Point", "coordinates": [31.555743161584985, 30.269149767638634, 0.0]}}, {"type": "Feature", "properties": {"Description": null, "Electric_Feature_Type": "كوفرية", "Easting": null, "Northing": null, "GlobalID": "{01ED4835-A011-4F4C-8385-94DF7E3CB0A7}", "ID": null, "القطاع": null, "الشركةالمنفذة": null}, "geometry": {"type": "Point", "coordinates": [31.555630995441874, 30.26938913228898, 0.0]}}, {"type": "Feature", "properties": {"Description": null, "Electric_Feature_Type": "كوفرية", "Easting": null, "Northing": null, "GlobalID": "{4440B5F3-85EB-49C3-8D67-0B3023D53AEF}", "ID": null, "القطاع": null, "الشركةالمنفذة": null}, "geometry": {"type": "Point", "coordinates": [31.555060010870328, 30.269954369083113, 0.0]}}, {"type": "Feature", "properties": {"Description": null, "Electric_Feature_Type": "كوفرية", "Easting": null, "Northing": null, "GlobalID": "{B9663414-78BF-44FB-BD03-215483DF5A8E}", "ID": null, "القطاع": null, "الشركةالمنفذة": null}, "geometry": {"type": "Point", "coordinates": [31.554946781967654, 30.270184444772504, 0.0]}}, {"type": "Feature", "properties": {"Description": null, "Electric_Feature_Type": "كوفرية", "Easting": null, "Northing": null, "GlobalID": "{73CE4B88-1648-4E94-9517-C931B5AFD5EB}", "ID": null, "القطاع": null, "الشركةالمنفذة": null}, "geometry": {"type": "Point", "coordinates": [31.55451116060108, 30.27108740916311, 0.0]}}, {"type": "Feature", "properties": {"Description": null, "Electric_Feature_Type": "كوفرية", "Easting": null, "Northing": null, "GlobalID": "{A1905CA1-A613-4CF0-904C-708C814EED6A}", "ID": null, "القطاع": null, "الشركةالمنفذة": null}, "geometry": {"type": "Point", "coordinates": [31.554615515859826, 30.27085388588961, 0.0]}}, {"type": "Feature", "properties": {"Description": null, "Electric_Feature_Type": "كوفرية", "Easting": null, "Northing": null, "GlobalID": "{7A5F4AB3-DC5D-4C15-8EEB-40AD0F01C927}", "ID": null, "القطاع": null, "الشركةالمنفذة": null}, "geometry": {"type": "Point", "coordinates": [31.556085414141563, 30.269269561715923, 0.0]}}, {"type": "Feature", "properties": {"Description": null, "Electric_Feature_Type": "كوفرية", "Easting": null, "Northing": null, "GlobalID": "{BFECC2AB-FA7D-4B8A-9303-94998C5FF590}", "ID": null, "القطاع": null, "الشركةالمنفذة": null}, "geometry": {"type": "Point", "coordinates": [31.555976558880513, 30.26950916067668, 0.0]}}, {"type": "Feature", "properties": {"Description": null, "Electric_Feature_Type": "كوفرية", "Easting": null, "Northing": null, "GlobalID": "{61E74CAD-4F0F-45E4-B04B-0A81BDE27663}", "ID": null, "القطاع": null, "الشركةالمنفذة": null}, "geometry": {"type": "Point", "coordinates": [31.55560638114882, 30.270151824262513, 0.0]}}, {"type": "Feature", "properties": {"Description": null, "Electric_Feature_Type": "كوفرية", "Easting": null, "Northing": null, "GlobalID": "{C2BC4448-11A9-479D-9587-B309865D6C77}", "ID": null, "القطاع": null, "الشركةالمنفذة": null}, "geometry": {"type": "Point", "coordinates": [31.555434593407124, 30.270456108862973, 0.0]}}, {"type": "Feature", "properties": {"Description": null, "Electric_Feature_Type": "كوفرية", "Easting": null, "Northing": null, "GlobalID": "{B954CE36-1119-4D53-A519-A8DDE0DE9523}", "ID": null, "القطاع": null, "الشركةالمنفذة": null}, "geometry": {"type": "Point", "coordinates": [31.554941742490666, 30.271309829013575, 0.0]}}, {"type": "Feature", "properties": {"Description": null, "Electric_Feature_Type": "كوفرية", "Easting": null, "Northing": null, "GlobalID": "{D78799C3-B970-45EB-8986-CC717C80E4C4}", "ID": null, "القطاع": null, "الشركةالمنفذة": null}, "geometry": {"type": "Point", "coordinates": [31.555099098652466, 30.2709946959275, 0.0]}}, {"type": "Feature", "properties": {"Description": null, "Electric_Feature_Type": "كوفرية", "Easting": null, "Northing": null, "GlobalID": "{9148A6B8-B3A9-4069-B4A5-5139C2E8C468}", "ID": null, "القطاع": null, "الشركةالمنفذة": null}, "geometry": {"type": "Point", "coordinates": [31.555860856895443, 30.272443521161115, 0.0]}}, {"type": "Feature", "properties": {"Description": null, "Electric_Feature_Type": "كوفرية", "Easting": null, "Northing": null, "GlobalID": "{0A751205-8884-433B-92C0-1028B981A781}", "ID": null, "القطاع": null, "الشركةالمنفذة": null}, "geometry": {"type": "Point", "coordinates": [31.555612564857924, 30.27258554658787, 0.0]}}, {"type": "Feature", "properties": {"Description": null, "Electric_Feature_Type": "كوفرية", "Easting": null, "Northing": null, "GlobalID": "{E831CF3C-45D2-44B9-9B89-1AFE2FBB88CC}", "ID": null, "القطاع": null, "الشركةالمنفذة": null}, "geometry": {"type": "Point", "coordinates": [31.5552331691792, 30.272692698869186, 0.0]}}, {"type": "Feature", "properties": {"Description": null, "Electric_Feature_Type": "كوفرية", "Easting": null, "Northing": null, "GlobalID": "{CACD48B3-ECAB-43D9-B985-0748847F9071}", "ID": null, "القطاع": null, "الشركةالمنفذة": null}, "geometry": {"type": "Point", "coordinates": [31.555667976735823, 30.27210124595332, 0.0]}}, {"type": "Feature", "properties": {"Description": null, "Electric_Feature_Type": "كوفرية", "Easting": null, "Northing": null, "GlobalID": "{8047ACA1-8C54-4AD7-8EE7-93DDCB8E70F8}", "ID": null, "القطاع": null, "الشركةالمنفذة": null}, "geometry": {"type": "Point", "coordinates": [31.555362029145435, 30.27207152146909, 0.0]}}, {"type": "Feature", "properties": {"Description": null, "Electric_Feature_Type": "كوفرية", "Easting": null, "Northing": null, "GlobalID": "{398EFB3C-418F-4E0A-820F-60DEB7CACC04}", "ID": null, "القطاع": null, "الشركةالمنفذة": null}, "geometry": {"type": "Point", "coordinates": [31.554970178791198, 30.272133158947927, 0.0]}}, {"type": "Feature", "properties": {"Description": null, "Electric_Feature_Type": "كوفرية", "Easting": null, "Northing": null, "GlobalID": "{8F495CD0-641E-4D09-8F44-570134E11AD8}", "ID": null, "القطاع": null, "الشركةالمنفذة": null}, "geometry": {"type": "Point", "coordinates": [31.55488187092231, 30.272327603853487, 0.0]}}, {"type": "Feature", "properties": {"Description": null, "Electric_Feature_Type": "كوفرية", "Easting": null, "Northing": null, "GlobalID": "{4FA683ED-DB97-41AE-A89D-0097E11D2BA6}", "ID": null, "القطاع": null, "الشركةالمنفذة": null}, "geometry": {"type": "Point", "coordinates": [31.554980684425065, 30.27265694159881, 0.0]}}, {"type": "Feature", "properties": {"Description": null, "Electric_Feature_Type": "كوفرية", "Easting": null, "Northing": null, "GlobalID": "{C48D6851-50F1-4FDD-9341-86E930FCF929}", "ID": null, "القطاع": null, "الشركةالمنفذة": null}, "geometry": {"type": "Point", "coordinates": [31.55384554826544, 30.273331743669626, 0.0]}}, {"type": "Feature", "properties": {"Description": null, "Electric_Feature_Type": "كوفرية", "Easting": null, "Northing": null, "GlobalID": "{4272B4CE-2165-40E1-A518-DD576BE675E5}", "ID": null, "القطاع": null, "الشركةالمنفذة": null}, "geometry": {"type": "Point", "coordinates": [31.554045681822966, 30.273135465909576, 0.0]}}, {"type": "Feature", "properties": {"Description": null, "Electric_Feature_Type": "كوفرية", "Easting": null, "Northing": null, "GlobalID": "{829BC75A-0F7C-4451-A929-B4F79841E90B}", "ID": null, "القطاع": null, "الشركةالمنفذة": null}, "geometry": {"type": "Point", "coordinates": [31.554378919507307, 30.272948943745842, 0.0]}}, {"type": "Feature", "properties": {"Description": null, "Electric_Feature_Type": "كوفرية", "Easting": null, "Northing": null, "GlobalID": "{3802E48A-BADE-49E6-9763-04D10DE2B0F7}", "ID": null, "القطاع": null, "الشركةالمنفذة": null}, "geometry": {"type": "Point", "coordinates": [31.55413222821705, 30.273627890681265, 0.0]}}, {"type": "Feature", "properties": {"Description": null, "Electric_Feature_Type": "كوفرية", "Easting": null, "Northing": null, "GlobalID": "{422DE688-204F-4A82-A152-A5519BA21BD6}", "ID": null, "القطاع": null, "الشركةالمنفذة": null}, "geometry": {"type": "Point", "coordinates": [31.554430108073735, 30.273591259840238, 0.0]}}, {"type": "Feature", "properties": {"Description": null, "Electric_Feature_Type": "كوفرية", "Easting": null, "Northing": null, "GlobalID": "{5BA1F1D9-3508-4FFD-9491-6AECBE602FAD}", "ID": null, "القطاع": null, "الشركةالمنفذة": null}, "geometry": {"type": "Point", "coordinates": [31.55479317548592, 30.27345215366281, 0.0]}}, {"type": "Feature", "properties": {"Description": null, "Electric_Feature_Type": "كوفرية", "Easting": null, "Northing": null, "GlobalID": "{124D2844-D444-46DA-9BAB-B27A65C88C38}", "ID": null, "القطاع": null, "الشركةالمنفذة": null}, "geometry": {"type": "Point", "coordinates": [31.55482053231333, 30.27323663065758, 0.0]}}, {"type": "Feature", "properties": {"Description": null, "Electric_Feature_Type": "كوفرية", "Easting": null, "Northing": null, "GlobalID": "{55B4B8B0-9C32-471B-B460-EC4CAD9E4ED7}", "ID": null, "القطاع": null, "الشركةالمنفذة": null}, "geometry": {"type": "Point", "coordinates": [31.554683325437022, 30.273012952904814, 0.0]}}, {"type": "Feature", "properties": {"Description": null, "Electric_Feature_Type": "كوفرية", "Easting": null, "Northing": null, "GlobalID": "{070BB26F-5981-41B6-B858-11A9233BD130}", "ID": null, "القطاع": null, "الشركةالمنفذة": null}, "geometry": {"type": "Point", "coordinates": [31.55437946797813, 30.271794220795144, 0.0]}}, {"type": "Feature", "properties": {"Description": null, "Electric_Feature_Type": "كوفرية", "Easting": null, "Northing": null, "GlobalID": "{CEC1A834-0441-4915-B846-3B2C905BA9AB}", "ID": null, "القطاع": null, "الشركةالمنفذة": null}, "geometry": {"type": "Point", "coordinates": [31.554387493255376, 30.272125631398875, 0.0]}}, {"type": "Feature", "properties": {"Description": null, "Electric_Feature_Type": "كوفرية", "Easting": null, "Northing": null, "GlobalID": "{941C67F9-1D5A-4EBF-8AF5-7277D1942276}", "ID": null, "القطاع": null, "الشركةالمنفذة": null}, "geometry": {"type": "Point", "coordinates": [31.553572283523426, 30.272111448024784, 0.0]}}, {"type": "Feature", "properties": {"Description": null, "Electric_Feature_Type": "كوفرية", "Easting": null, "Northing": null, "GlobalID": "{FFE85255-765A-4B9D-826C-51898DB85D11}", "ID": null, "القطاع": null, "الشركةالمنفذة": null}, "geometry": {"type": "Point", "coordinates": [31.5538585964903, 30.272199973692835, 0.0]}}, {"type": "Feature", "properties": {"Description": null, "Electric_Feature_Type": "كوفرية", "Easting": null, "Northing": null, "GlobalID": "{49F8E84E-79A1-43F7-A097-3E3FEB560904}", "ID": null, "القطاع": null, "الشركةالمنفذة": null}, "geometry": {"type": "Point", "coordinates": [31.55425374642866, 30.27222374920195, 0.0]}}, {"type": "Feature", "properties": {"Description": null, "Electric_Feature_Type": "كوفرية", "Easting": null, "Northing": null, "GlobalID": "{CF326FBF-C5B7-4D1E-89FB-6556C01815D5}", "ID": null, "القطاع": null, "الشركةالمنفذة": null}, "geometry": {"type": "Point", "coordinates": [31.553469105691136, 30.27174062358996, 0.0]}}, {"type": "Feature", "properties": {"Description": null, "Electric_Feature_Type": "كوفرية", "Easting": null, "Northing": null, "GlobalID": "{113F0998-11F4-4184-9FFD-232668981579}", "ID": null, "القطاع": null, "الشركةالمنفذة": null}, "geometry": {"type": "Point", "coordinates": [31.553752698846306, 30.271648165736174, 0.0]}}, {"type": "Feature", "properties": {"Description": null, "Electric_Feature_Type": "كوفرية", "Easting": null, "Northing": null, "GlobalID": "{3453D324-6D4A-4AC8-99CD-95E5B2905616}", "ID": null, "القطاع": null, "الشركةالمنفذة": null}, "geometry": {"type": "Point", "coordinates": [31.554148931681173, 30.27161304432396, 0.0]}}, {"type": "Feature", "properties": {"Description": null, "Electric_Feature_Type": "كوفرية", "Easting": null, "Northing": null, "GlobalID": "{B57EB19B-1227-4315-99B4-BC12F305DF13}", "ID": null, "القطاع": null, "الشركةالمنفذة": null}, "geometry": {"type": "Point", "coordinates": [31.55729930471789, 30.27013869260618, 0.0]}}, {"type": "Feature", "properties": {"Description": null, "Electric_Feature_Type": "كوفرية", "Easting": null, "Northing": null, "GlobalID": "{6A662EA4-8804-4EB4-BC8B-E501378F2783}", "ID": null, "القطاع": null, "الشركةالمنفذة": null}, "geometry": {"type": "Point", "coordinates": [31.55756009146717, 30.270262139412285, 0.0]}}, {"type": "Feature", "properties": {"Description": null, "Electric_Feature_Type": "كوفرية", "Easting": null, "Northing": null, "GlobalID": "{7041F58A-8D96-4B62-BA32-FC731AA79432}", "ID": null, "القطاع": null, "الشركةالمنفذة": null}, "geometry": {"type": "Point", "coordinates": [31.557117666202256, 30.27107998008394, 0.0]}}, {"type": "Feature", "properties": {"Description": null, "Electric_Feature_Type": "كوفرية", "Easting": null, "Northing": null, "GlobalID": "{1B807150-E55A-47CA-9824-8F9DB1E6688F}", "ID": null, "القطاع": null, "الشركةالمنفذة": null}, "geometry": {"type": "Point", "coordinates": [31.556785932761674, 30.270917450378274, 0.0]}}, {"type": "Feature", "properties": {"Description": null, "Electric_Feature_Type": "كوفرية", "Easting": null, "Northing": null, "GlobalID": "{B14CE59B-F174-4DDE-8E09-CCB86AD415B7}", "ID": null, "القطاع": null, "الشركةالمنفذة": null}, "geometry": {"type": "Point", "coordinates": [31.558522788714793, 30.270567248715416, 0.0]}}, {"type": "Feature", "properties": {"Description": null, "Electric_Feature_Type": "كوفرية", "Easting": null, "Northing": null, "GlobalID": "{E3C46624-2B86-44C7-AA9C-39EAF416B0C1}", "ID": null, "القطاع": null, "الشركةالمنفذة": null}, "geometry": {"type": "Point", "coordinates": [31.558850517904, 30.27014992808666, 0.0]}}, {"type": "Feature", "properties": {"Description": null, "Electric_Feature_Type": "كوفرية", "Easting": null, "Northing": null, "GlobalID": "{DA48B6C5-815A-4C92-BD81-51F84002BB2D}", "ID": null, "القطاع": null, "الشركةالمنفذة": null}, "geometry": {"type": "Point", "coordinates": [31.557476118131166, 30.269597718406416, 0.0]}}, {"type": "Feature", "properties": {"Description": null, "Electric_Feature_Type": "كوفرية", "Easting": null, "Northing": null, "GlobalID": "{240C888B-30B9-44C6-93F9-F280127DC7F1}", "ID": null, "القطاع": null, "الشركةالمنفذة": null}, "geometry": {"type": "Point", "coordinates": [31.557851479164384, 30.26971706491095, 0.0]}}, {"type": "Feature", "properties": {"Description": null, "Electric_Feature_Type": "كوفرية", "Easting": null, "Northing": null, "GlobalID": "{A908A642-8E89-49C4-BA3C-6F74F7FD1A39}", "ID": null, "القطاع": null, "الشركةالمنفذة": null}, "geometry": {"type": "Point", "coordinates": [31.557055782758002, 30.270425148483152, 0.0]}}, {"type": "Feature", "properties": {"Description": null, "Electric_Feature_Type": "كوفرية", "Easting": null, "Northing": null, "GlobalID": "{3BF525F8-14BE-4508-B77A-C7964EDE7115}", "ID": null, "القطاع": null, "الشركةالمنفذة": null}, "geometry": {"type": "Point", "coordinates": [31.557393265670772, 30.270534369325322, 0.0]}}, {"type": "Feature", "properties": {"Description": null, "Electric_Feature_Type": "كوفرية", "Easting": null, "Northing": null, "GlobalID": "{3A7A0B04-2DB9-4A79-9EF9-7BC8E49343D8}", "ID": null, "القطاع": null, "الشركةالمنفذة": null}, "geometry": {"type": "Point", "coordinates": [31.55786098620963, 30.270191300538286, 0.0]}}, {"type": "Feature", "properties": {"Description": null, "Electric_Feature_Type": "كوفرية", "Easting": null, "Northing": null, "GlobalID": "{F980658B-D936-4488-8EA6-19796233CACF}", "ID": null, "القطاع": null, "الشركةالمنفذة": null}, "geometry": {"type": "Point", "coordinates": [31.557976165884483, 30.26996282784333, 0.0]}}, {"type": "Feature", "properties": {"Description": null, "Electric_Feature_Type": "كوفرية", "Easting": null, "Northing": null, "GlobalID": "{AAC0B143-60FB-49FA-AFB1-DE2DB4E5DA88}", "ID": null, "القطاع": null, "الشركةالمنفذة": null}, "geometry": {"type": "Point", "coordinates": [31.557412588075877, 30.271003227635564, 0.0]}}, {"type": "Feature", "properties": {"Description": null, "Electric_Feature_Type": "كوفرية", "Easting": null, "Northing": null, "GlobalID": "{583487D3-F119-4BC1-B896-11B8F8AEE7EE}", "ID": null, "القطاع": null, "الشركةالمنفذة": null}, "geometry": {"type": "Point", "coordinates": [31.557533375442844, 30.270778462363936, 0.0]}}, {"type": "Feature", "properties": {"Description": null, "Electric_Feature_Type": "كوفرية", "Easting": null, "Northing": null, "GlobalID": "{252FB09D-A6CB-4891-9C1B-EC60414FC86C}", "ID": null, "القطاع": null, "الشركةالمنفذة": null}, "geometry": {"type": "Point", "coordinates": [31.558280696729067, 30.27026024392378, 0.0]}}, {"type": "Feature", "properties": {"Description": null, "Electric_Feature_Type": "كوفرية", "Easting": null, "Northing": null, "GlobalID": "{E1B3CDC3-874B-4AC2-9616-351445EE5B6D}", "ID": null, "القطاع": null, "الشركةالمنفذة": null}, "geometry": {"type": "Point", "coordinates": [31.558299926715502, 30.270450464574925, 0.0]}}, {"type": "Feature", "properties": {"Description": null, "Electric_Feature_Type": "كوفرية", "Easting": null, "Northing": null, "GlobalID": "{02B332BD-40D0-4DC7-9D6F-7DF9E65D1DB1}", "ID": null, "القطاع": null, "الشركةالمنفذة": null}, "geometry": {"type": "Point", "coordinates": [31.558499084596573, 30.27007533674711, 0.0]}}, {"type": "Feature", "properties": {"Description": null, "Electric_Feature_Type": "كوفرية", "Easting": null, "Northing": null, "GlobalID": "{029E75CF-CD81-438C-AF8C-920E361007C8}", "ID": null, "القطاع": null, "الشركةالمنفذة": null}, "geometry": {"type": "Point", "coordinates": [31.561081987564513, 30.275960596816944, 0.0]}}, {"type": "Feature", "properties": {"Description": null, "Electric_Feature_Type": "كوفرية", "Easting": null, "Northing": null, "GlobalID": "{6B9BB877-F22A-47DE-B118-370425B31EF6}", "ID": null, "القطاع": null, "الشركةالمنفذة": null}, "geometry": {"type": "Point", "coordinates": [31.5608175967524, 30.275527193572895, 0.0]}}, {"type": "Feature", "properties": {"Description": null, "Electric_Feature_Type": "كوفرية", "Easting": null, "Northing": null, "GlobalID": "{08B6E27A-096F-4A78-8147-19594962E797}", "ID": null, "القطاع": null, "الشركةالمنفذة": null}, "geometry": {"type": "Point", "coordinates": [31.561060074425377, 30.275257185942714, 0.0]}}, {"type": "Feature", "properties": {"Description": null, "Electric_Feature_Type": "كوفرية", "Easting": null, "Northing": null, "GlobalID": "{AB3A6910-0100-4F30-9C43-D3D15CAECCF4}", "ID": null, "القطاع": null, "الشركةالمنفذة": null}, "geometry": {"type": "Point", "coordinates": [31.561858153355317, 30.274497290056594, 0.0]}}, {"type": "Feature", "properties": {"Description": null, "Electric_Feature_Type": "كوفرية", "Easting": null, "Northing": null, "GlobalID": "{658216B9-829B-4648-A9D6-9485F45FF9AF}", "ID": null, "القطاع": null, "الشركةالمنفذة": null}, "geometry": {"type": "Point", "coordinates": [31.55987175137352, 30.275118195643657, 0.0]}}, {"type": "Feature", "properties": {"Description": null, "Electric_Feature_Type": "كوفرية", "Easting": null, "Northing": null, "GlobalID": "{F79A62F0-A97A-4DD2-97CA-B30A1365B519}", "ID": null, "القطاع": null, "الشركةالمنفذة": null}, "geometry": {"type": "Point", "coordinates": [31.559981563463406, 30.274869625981243, 0.0]}}, {"type": "Feature", "properties": {"Description": null, "Electric_Feature_Type": "كوفرية", "Easting": null, "Northing": null, "GlobalID": "{C1B01CC3-960B-4779-8D2D-07DEB922F4D6}", "ID": null, "القطاع": null, "الشركةالمنفذة": null}, "geometry": {"type": "Point", "coordinates": [31.56022532400515, 30.274602496416314, 0.0]}}, {"type": "Feature", "properties": {"Description": null, "Electric_Feature_Type": "كوفرية", "Easting": null, "Northing": null, "GlobalID": "{AF60D931-D1D8-492A-A371-57A567FBB7BD}", "ID": null, "القطاع": null, "الشركةالمنفذة": null}, "geometry": {"type": "Point", "coordinates": [31.559035930989083, 30.27446255225837, 0.0]}}, {"type": "Feature", "properties": {"Description": null, "Electric_Feature_Type": "كوفرية", "Easting": null, "Northing": null, "GlobalID": "{2D29390A-815B-4618-AFBD-75698B59A2B2}", "ID": null, "القطاع": null, "الشركةالمنفذة": null}, "geometry": {"type": "Point", "coordinates": [31.55915185216642, 30.274213968038183, 0.0]}}, {"type": "Feature", "properties": {"Description": null, "Electric_Feature_Type": "كوفرية", "Easting": null, "Northing": null, "GlobalID": "{BB2FF01F-86A8-4DFB-95AC-49518A981DFC}", "ID": null, "القطاع": null, "الشركةالمنفذة": null}, "geometry": {"type": "Point", "coordinates": [31.55939272456293, 30.273941940677002, 0.0]}}, {"type": "Feature", "properties": {"Description": null, "Electric_Feature_Type": "كوفرية", "Easting": null, "Northing": null, "GlobalID": "{DFEA7A03-318A-4D65-BEE1-DD29F69637AE}", "ID": null, "القطاع": null, "الشركةالمنفذة": null}, "geometry": {"type": "Point", "coordinates": [31.5602759734886, 30.273259685271043, 0.0]}}, {"type": "Feature", "properties": {"Description": null, "Electric_Feature_Type": "كوفرية", "Easting": null, "Northing": null, "GlobalID": "{1D8B179F-0502-44E0-81DC-EB031F7D65AD}", "ID": null, "القطاع": null, "الشركةالمنفذة": null}, "geometry": {"type": "Point", "coordinates": [31.561116323391524, 30.273913954743875, 0.0]}}, {"type": "Feature", "properties": {"Description": null, "Electric_Feature_Type": "كوفرية", "Easting": null, "Northing": null, "GlobalID": "{CAAFF247-3798-4E43-A1F0-004CBE5A09C1}", "ID": null, "القطاع": null, "الشركةالمنفذة": null}, "geometry": {"type": "Point", "coordinates": [31.558201165533706, 30.273801642679448, 0.0]}}, {"type": "Feature", "properties": {"Description": null, "Electric_Feature_Type": "كوفرية", "Easting": null, "Northing": null, "GlobalID": "{DA38A366-682D-4E20-98C8-1CE99FBF47E4}", "ID": null, "القطاع": null, "الشركةالمنفذة": null}, "geometry": {"type": "Point", "coordinates": [31.558314191115514, 30.273551674223665, 0.0]}}, {"type": "Feature", "properties": {"Description": null, "Electric_Feature_Type": "كوفرية", "Easting": null, "Northing": null, "GlobalID": "{A0A2BD6E-AA20-49A0-867A-C2EDB4D20E72}", "ID": null, "القطاع": null, "الشركةالمنفذة": null}, "geometry": {"type": "Point", "coordinates": [31.558558845603457, 30.273281948711304, 0.0]}}, {"type": "Feature", "properties": {"Description": null, "Electric_Feature_Type": "كوفرية", "Easting": null, "Northing": null, "GlobalID": "{8004A7B8-6A9F-4BDD-A786-8E814EBBB7A3}", "ID": null, "القطاع": null, "الشركةالمنفذة": null}, "geometry": {"type": "Point", "coordinates": [31.557367022679237, 30.27314207894145, 0.0]}}, {"type": "Feature", "properties": {"Description": null, "Electric_Feature_Type": "كوفرية", "Easting": null, "Northing": null, "GlobalID": "{BBCADCE0-F8FE-4AFB-8D3A-3FF2AD024F70}", "ID": null, "القطاع": null, "الشركةالمنفذة": null}, "geometry": {"type": "Point", "coordinates": [31.557480811069336, 30.272895178485246, 0.0]}}, {"type": "Feature", "properties": {"Description": null, "Electric_Feature_Type": "كوفرية", "Easting": null, "Northing": null, "GlobalID": "{F3E9D940-18FE-4793-9869-2664BD7F367E}", "ID": null, "القطاع": null, "الشركةالمنفذة": null}, "geometry": {"type": "Point", "coordinates": [31.55772417107192, 30.27262503514021, 0.0]}}, {"type": "Feature", "properties": {"Description": null, "Electric_Feature_Type": "كوفرية", "Easting": null, "Northing": null, "GlobalID": "{15C98559-53EF-466A-9259-CE6393E7E104}", "ID": null, "القطاع": null, "الشركةالمنفذة": null}, "geometry": {"type": "Point", "coordinates": [31.559441943593058, 30.272602036703777, 0.0]}}, {"type": "Feature", "properties": {"Description": null, "Electric_Feature_Type": "كوفرية", "Easting": null, "Northing": null, "GlobalID": "{952721B9-3042-4E8D-8CCB-D639CA2AB58E}", "ID": null, "القطاع": null, "الشركةالمنفذة": null}, "geometry": {"type": "Point", "coordinates": [31.558601524802118, 30.271945974022895, 0.0]}}, {"type": "Feature", "properties": {"Description": null, "Electric_Feature_Type": "كوفرية", "Easting": null, "Northing": null, "GlobalID": "{F558255F-03F4-4768-AABB-161C2C804559}", "ID": null, "القطاع": null, "الشركةالمنفذة": null}, "geometry": {"type": "Point", "coordinates": [31.556600910385693, 30.272534110215215, 0.0]}}, {"type": "Feature", "properties": {"Description": null, "Electric_Feature_Type": "كوفرية", "Easting": null, "Northing": null, "GlobalID": "{1FDAE547-AA22-4982-8EC4-7D761CF660BA}", "ID": null, "القطاع": null, "الشركةالمنفذة": null}, "geometry": {"type": "Point", "coordinates": [31.55671065705759, 30.272287524321403, 0.0]}}, {"type": "Feature", "properties": {"Description": null, "Electric_Feature_Type": "كوفرية", "Easting": null, "Northing": null, "GlobalID": "{565E65A3-28F6-4288-8E77-B3C14AC198DD}", "ID": null, "القطاع": null, "الشركةالمنفذة": null}, "geometry": {"type": "Point", "coordinates": [31.556957783074157, 30.272016861239788, 0.0]}}, {"type": "Feature", "properties": {"Description": null, "Electric_Feature_Type": "كوفرية", "Easting": null, "Northing": null, "GlobalID": "{F43D2EC5-977D-4C6A-9BE9-D176AF281AD7}", "ID": null, "القطاع": null, "الشركةالمنفذة": null}, "geometry": {"type": "Point", "coordinates": [31.560706065489384, 30.27577785948175, 0.0]}}, {"type": "Feature", "properties": {"Description": null, "Electric_Feature_Type": "كوفرية", "Easting": null, "Northing": null, "GlobalID": "{262F0854-13C6-4B60-BB47-68369EFB2D2B}", "ID": null, "القطاع": null, "الشركةالمنفذة": null}, "geometry": {"type": "Point", "coordinates": [31.56135223733031, 30.27584315151248, 0.0]}}, {"type": "Feature", "properties": {"Description": null, "Electric_Feature_Type": "كوفرية", "Easting": null, "Northing": null, "GlobalID": "{6E57C214-7ECC-4159-8DD3-750A258E2A05}", "ID": null, "القطاع": null, "الشركةالمنفذة": null}, "geometry": {"type": "Point", "coordinates": [31.561642562379078, 30.275603619200535, 0.0]}}, {"type": "Feature", "properties": {"Description": null, "Electric_Feature_Type": "كوفرية", "Easting": null, "Northing": null, "GlobalID": "{29A40AB1-A6A8-4A66-8837-4A01501FC55B}", "ID": null, "القطاع": null, "الشركةالمنفذة": null}, "geometry": {"type": "Point", "coordinates": [31.562342852852446, 30.27476327368954, 0.0]}}, {"type": "Feature", "properties": {"Description": null, "Electric_Feature_Type": "كوفرية", "Easting": null, "Northing": null, "GlobalID": "{6DACDB0B-EECB-4844-9D42-272ED38E9A0C}", "ID": null, "القطاع": null, "الشركةالمنفذة": null}, "geometry": {"type": "Point", "coordinates": [31.560248824873252, 30.27529595032469, 0.0]}}, {"type": "Feature", "properties": {"Description": null, "Electric_Feature_Type": "كوفرية", "Easting": null, "Northing": null, "GlobalID": "{D909CC3B-5D13-4F39-A53A-5B05703DD0BE}", "ID": null, "القطاع": null, "الشركةالمنفذة": null}, "geometry": {"type": "Point", "coordinates": [31.56051892063298, 30.275180626293803, 0.0]}}, {"type": "Feature", "properties": {"Description": null, "Electric_Feature_Type": "كوفرية", "Easting": null, "Northing": null, "GlobalID": "{76CAD65B-5E2B-46E6-9B1A-E36D3AA22C1D}", "ID": null, "القطاع": null, "الشركةالمنفذة": null}, "geometry": {"type": "Point", "coordinates": [31.560806138352714, 30.274941455478135, 0.0]}}, {"type": "Feature", "properties": {"Description": null, "Electric_Feature_Type": "كوفرية", "Easting": null, "Northing": null, "GlobalID": "{47F5B87E-6DC0-4D41-B7BD-03F82B37D1C7}", "ID": null, "القطاع": null, "الشركةالمنفذة": null}, "geometry": {"type": "Point", "coordinates": [31.55941326665017, 30.27464344739163, 0.0]}}, {"type": "Feature", "properties": {"Description": null, "Electric_Feature_Type": "كوفرية", "Easting": null, "Northing": null, "GlobalID": "{1869476C-D1C8-4B5F-B058-D935A8A662EA}", "ID": null, "القطاع": null, "الشركةالمنفذة": null}, "geometry": {"type": "Point", "coordinates": [31.55968006390795, 30.274523881510635, 0.0]}}, {"type": "Feature", "properties": {"Description": null, "Electric_Feature_Type": "كوفرية", "Easting": null, "Northing": null, "GlobalID": "{76B41F48-D258-4D3A-BD57-3FC662D1CD2B}", "ID": null, "القطاع": null, "الشركةالمنفذة": null}, "geometry": {"type": "Point", "coordinates": [31.55997096704037, 30.274284528993753, 0.0]}}, {"type": "Feature", "properties": {"Description": null, "Electric_Feature_Type": "كوفرية", "Easting": null, "Northing": null, "GlobalID": "{C2B19B2C-7D00-4A69-8FB9-04C5EACB7D56}", "ID": null, "القطاع": null, "الشركةالمنفذة": null}, "geometry": {"type": "Point", "coordinates": [31.558583508622732, 30.27398844807669, 0.0]}}, {"type": "Feature", "properties": {"Description": null, "Electric_Feature_Type": "كوفرية", "Easting": null, "Northing": null, "GlobalID": "{6103EE30-BCEA-4AA7-948C-F895B1805DEF}", "ID": null, "القطاع": null, "الشركةالمنفذة": null}, "geometry": {"type": "Point", "coordinates": [31.55885211611632, 30.273863104890033, 0.0]}}, {"type": "Feature", "properties": {"Description": null, "Electric_Feature_Type": "كوفرية", "Easting": null, "Northing": null, "GlobalID": "{6E6DBEDD-6600-4CAE-A6E8-5BACA5071787}", "ID": null, "القطاع": null, "الشركةالمنفذة": null}, "geometry": {"type": "Point", "coordinates": [31.559139877789086, 30.27362762833019, 0.0]}}, {"type": "Feature", "properties": {"Description": null, "Electric_Feature_Type": "كوفرية", "Easting": null, "Northing": null, "GlobalID": "{B4D31FC1-3D49-4C81-850B-910F933FB73C}", "ID": null, "القطاع": null, "الشركةالمنفذة": null}, "geometry": {"type": "Point", "coordinates": [31.557745790619997, 30.2733295966063, 0.0]}}, {"type": "Feature", "properties": {"Description": null, "Electric_Feature_Type": "كوفرية", "Easting": null, "Northing": null, "GlobalID": "{2F0A26E4-FAE9-45B0-B634-D3FE565B1A78}", "ID": null, "القطاع": null, "الشركةالمنفذة": null}, "geometry": {"type": "Point", "coordinates": [31.558018590613194, 30.273201643014225, 0.0]}}, {"type": "Feature", "properties": {"Description": null, "Electric_Feature_Type": "كوفرية", "Easting": null, "Northing": null, "GlobalID": "{EED45B6E-0E1B-4419-ABE5-B3F1B531B790}", "ID": null, "القطاع": null, "الشركةالمنفذة": null}, "geometry": {"type": "Point", "coordinates": [31.55829987605316, 30.2729687901112, 0.0]}}, {"type": "Feature", "properties": {"Description": null, "Electric_Feature_Type": "كوفرية", "Easting": null, "Northing": null, "GlobalID": "{69D8288E-4864-4CF5-BA14-7ADBEB979252}", "ID": null, "القطاع": null, "الشركةالمنفذة": null}, "geometry": {"type": "Point", "coordinates": [31.55697927406485, 30.2727191665751, 0.0]}}, {"type": "Feature", "properties": {"Description": null, "Electric_Feature_Type": "كوفرية", "Easting": null, "Northing": null, "GlobalID": "{C6EFACD2-84AD-4B9F-B633-1FE7C82DF318}", "ID": null, "القطاع": null, "الشركةالمنفذة": null}, "geometry": {"type": "Point", "coordinates": [31.557246859582417, 30.272593256407603, 0.0]}}, {"type": "Feature", "properties": {"Description": null, "Electric_Feature_Type": "كوفرية", "Easting": null, "Northing": null, "GlobalID": "{C26BEB82-C299-408B-81B0-8BEE515FA7DC}", "ID": null, "القطاع": null, "الشركةالمنفذة": null}, "geometry": {"type": "Point", "coordinates": [31.55753320565948, 30.272360294324358, 0.0]}}, {"type": "Feature", "properties": {"Description": null, "Electric_Feature_Type": "كوفرية", "Easting": null, "Northing": null, "GlobalID": "{728633CB-CEFD-4286-9BED-6FA27155FF8F}", "ID": null, "القطاع": null, "الشركةالمنفذة": null}, "geometry": {"type": "Point", "coordinates": [31.559091387466133, 30.272214472802915, 0.0]}}, {"type": "Feature", "properties": {"Description": null, "Electric_Feature_Type": "كوفرية", "Easting": null, "Northing": null, "GlobalID": "{11DE83FB-F5B4-4E0F-81F4-C2B1B6B6CB4D}", "ID": null, "القطاع": null, "الشركةالمنفذة": null}, "geometry": {"type": "Point", "coordinates": [31.559924808037447, 30.27287232473969, 0.0]}}, {"type": "Feature", "properties": {"Description": null, "Electric_Feature_Type": "كوفرية", "Easting": null, "Northing": null, "GlobalID": "{1870B311-1643-4F60-8F92-AE53236F5A6E}", "ID": null, "القطاع": null, "الشركةالمنفذة": null}, "geometry": {"type": "Point", "coordinates": [31.560763444704364, 30.273526395505364, 0.0]}}, {"type": "Feature", "properties": {"Description": null, "Electric_Feature_Type": "كوفرية", "Easting": null, "Northing": null, "GlobalID": "{7750BD46-DCA6-4045-9F61-CF7C027DF717}", "ID": null, "القطاع": null, "الشركةالمنفذة": null}, "geometry": {"type": "Point", "coordinates": [31.561597957948422, 30.274183875496398, 0.0]}}, {"type": "Feature", "properties": {"Description": null, "Electric_Feature_Type": "كوفرية", "Easting": null, "Northing": null, "GlobalID": "{11D397B5-4871-4E15-9287-EA8F0118A75F}", "ID": null, "القطاع": null, "الشركةالمنفذة": null}, "geometry": {"type": "Point", "coordinates": [31.561590655886764, 30.275395436079286, 0.0]}}, {"type": "Feature", "properties": {"Description": null, "Electric_Feature_Type": "كوفرية", "Easting": null, "Northing": null, "GlobalID": "{8C2760D1-A106-4699-B918-8AF90839AFF4}", "ID": null, "القطاع": null, "الشركةالمنفذة": null}, "geometry": {"type": "Point", "coordinates": [31.56136761408653, 30.27522616461569, 0.0]}}, {"type": "Feature", "properties": {"Description": null, "Electric_Feature_Type": "كوفرية", "Easting": null, "Northing": null, "GlobalID": "{BC9D344A-DF2C-485F-A12D-BF9FD030BA0E}", "ID": null, "القطاع": null, "الشركةالمنفذة": null}, "geometry": {"type": "Point", "coordinates": [31.560751426237882, 30.274741390649805, 0.0]}}, {"type": "Feature", "properties": {"Description": null, "Electric_Feature_Type": "كوفرية", "Easting": null, "Northing": null, "GlobalID": "{CB2577AB-124F-46D3-A525-F7474DB58550}", "ID": null, "القطاع": null, "الشركةالمنفذة": null}, "geometry": {"type": "Point", "coordinates": [31.56053007107894, 30.274569389942517, 0.0]}}, {"type": "Feature", "properties": {"Description": null, "Electric_Feature_Type": "كوفرية", "Easting": null, "Northing": null, "GlobalID": "{CA36EFE7-E3F8-4BD7-9DB9-AAB94388F544}", "ID": null, "القطاع": null, "الشركةالمنفذة": null}, "geometry": {"type": "Point", "coordinates": [31.55991582133026, 30.27408057421369, 0.0]}}, {"type": "Feature", "properties": {"Description": null, "Electric_Feature_Type": "كوفرية", "Easting": null, "Northing": null, "GlobalID": "{5F2BEBAE-3865-4F31-A08F-29DF380055FB}", "ID": null, "القطاع": null, "الشركةالمنفذة": null}, "geometry": {"type": "Point", "coordinates": [31.559696681437412, 30.273915314395698, 0.0]}}, {"type": "Feature", "properties": {"Description": null, "Electric_Feature_Type": "كوفرية", "Easting": null, "Northing": null, "GlobalID": "{E71296D2-5B0B-41E1-85F6-198B61B2D906}", "ID": null, "القطاع": null, "الشركةالمنفذة": null}, "geometry": {"type": "Point", "coordinates": [31.55908322291368, 30.273424007038177, 0.0]}}, {"type": "Feature", "properties": {"Description": null, "Electric_Feature_Type": "كوفرية", "Easting": null, "Northing": null, "GlobalID": "{6C1CC256-559E-49FF-B1F6-5D571558110F}", "ID": null, "القطاع": null, "الشركةالمنفذة": null}, "geometry": {"type": "Point", "coordinates": [31.558863811368493, 30.273253944461878, 0.0]}}, {"type": "Feature", "properties": {"Description": null, "Electric_Feature_Type": "كوفرية", "Easting": null, "Northing": null, "GlobalID": "{C65FD2A0-DB53-4611-AC8B-420B35854C4F}", "ID": null, "القطاع": null, "الشركةالمنفذة": null}, "geometry": {"type": "Point", "coordinates": [31.558249031513363, 30.27276587614496, 0.0]}}, {"type": "Feature", "properties": {"Description": null, "Electric_Feature_Type": "كوفرية", "Easting": null, "Northing": null, "GlobalID": "{B7AE8CB8-635F-4735-8864-798CC7501B71}", "ID": null, "القطاع": null, "الشركةالمنفذة": null}, "geometry": {"type": "Point", "coordinates": [31.558030202144522, 30.272591285901125, 0.0]}}, {"type": "Feature", "properties": {"Description": null, "Electric_Feature_Type": "كوفرية", "Easting": null, "Northing": null, "GlobalID": "{F48185B4-4204-4334-B829-F22AB6C41183}", "ID": null, "القطاع": null, "الشركةالمنفذة": null}, "geometry": {"type": "Point", "coordinates": [31.557480307216824, 30.27215863628393, 0.0]}}, {"type": "Feature", "properties": {"Description": null, "Electric_Feature_Type": "كوفرية", "Easting": null, "Northing": null, "GlobalID": "{FDD7D574-75D3-4B64-A914-6A4A45EF4C1D}", "ID": null, "القطاع": null, "الشركةالمنفذة": null}, "geometry": {"type": "Point", "coordinates": [31.557263747098105, 30.271986064674167, 0.0]}}, {"type": "Feature", "properties": {"Description": null, "Electric_Feature_Type": "كوفرية", "Easting": null, "Northing": null, "GlobalID": "{6A4DC99A-0AF5-4326-9F49-0DF2BFA07F8C}", "ID": null, "القطاع": null, "الشركةالمنفذة": null}, "geometry": {"type": "Point", "coordinates": [31.56206211271061, 30.274965304602482, 0.0]}}, {"type": "Feature", "properties": {"Description": null, "Electric_Feature_Type": "كوفرية", "Easting": null, "Northing": null, "GlobalID": "{DB27B251-664B-4B44-A851-F17DBE5BC4F6}", "ID": null, "القطاع": null, "الشركةالمنفذة": null}, "geometry": {"type": "Point", "coordinates": [31.561854057373523, 30.274921575678025, 0.0]}}, {"type": "Feature", "properties": {"Description": null, "Electric_Feature_Type": "كوفرية", "Easting": null, "Northing": null, "GlobalID": "{F1C914A9-4923-4EC4-B281-029E72FD1A98}", "ID": null, "القطاع": null, "الشركةالمنفذة": null}, "geometry": {"type": "Point", "coordinates": [31.561707671026223, 30.27468802144204, 0.0]}}, {"type": "Feature", "properties": {"Description": null, "Electric_Feature_Type": "كوفرية", "Easting": null, "Northing": null, "GlobalID": "{5D40930F-CF74-4DA6-97F4-F54DE62BE06C}", "ID": null, "القطاع": null, "الشركةالمنفذة": null}, "geometry": {"type": "Point", "coordinates": [31.561330647942103, 30.274391508569412, 0.0]}}, {"type": "Feature", "properties": {"Description": null, "Electric_Feature_Type": "كوفرية", "Easting": null, "Northing": null, "GlobalID": "{32FDA496-D6A2-4A69-9055-222EAB1C450A}", "ID": null, "القطاع": null, "الشركةالمنفذة": null}, "geometry": {"type": "Point", "coordinates": [31.561119252312277, 30.274345664837252, 0.0]}}, {"type": "Feature", "properties": {"Description": null, "Electric_Feature_Type": "كوفرية", "Easting": null, "Northing": null, "GlobalID": "{C0DC035E-AF0E-445B-B7C7-805143785BBB}", "ID": null, "القطاع": null, "الشركةالمنفذة": null}, "geometry": {"type": "Point", "coordinates": [31.56097410936864, 30.2741124616282, 0.0]}}, {"type": "Feature", "properties": {"Description": null, "Electric_Feature_Type": "كوفرية", "Easting": null, "Northing": null, "GlobalID": "{F30D6FBB-DA70-4E27-910A-64CE75F0F017}", "ID": null, "القطاع": null, "الشركةالمنفذة": null}, "geometry": {"type": "Point", "coordinates": [31.560484465639682, 30.273718781712613, 0.0]}}, {"type": "Feature", "properties": {"Description": null, "Electric_Feature_Type": "كوفرية", "Easting": null, "Northing": null, "GlobalID": "{B39CAE40-055E-4F34-B5EC-4B19563C8178}", "ID": null, "القطاع": null, "الشركةالمنفذة": null}, "geometry": {"type": "Point", "coordinates": [31.560269642951468, 30.27367928719121, 0.0]}}, {"type": "Feature", "properties": {"Description": null, "Electric_Feature_Type": "كوفرية", "Easting": null, "Northing": null, "GlobalID": "{D92C6E16-D532-4A30-9018-D98D4C0F03FE}", "ID": null, "القطاع": null, "الشركةالمنفذة": null}, "geometry": {"type": "Point", "coordinates": [31.560120919101923, 30.27344965233901, 0.0]}}, {"type": "Feature", "properties": {"Description": null, "Electric_Feature_Type": "كوفرية", "Easting": null, "Northing": null, "GlobalID": "{DB96DB1B-C601-431B-89FF-BF1542961429}", "ID": null, "القطاع": null, "الشركةالمنفذة": null}, "geometry": {"type": "Point", "coordinates": [31.559655001799648, 30.273076490416916, 0.0]}}, {"type": "Feature", "properties": {"Description": null, "Electric_Feature_Type": "كوفرية", "Easting": null, "Northing": null, "GlobalID": "{F5E6CB35-5C3B-4D88-B8A8-FAC6A2DEE9F0}", "ID": null, "القطاع": null, "الشركةالمنفذة": null}, "geometry": {"type": "Point", "coordinates": [31.559446299258347, 30.27303907648548, 0.0]}}, {"type": "Feature", "properties": {"Description": null, "Electric_Feature_Type": "كوفرية", "Easting": null, "Northing": null, "GlobalID": "{88CA517C-C113-4A4B-BA92-91E804475717}", "ID": null, "القطاع": null, "الشركةالمنفذة": null}, "geometry": {"type": "Point", "coordinates": [31.559312465703933, 30.272800655284538, 0.0]}}, {"type": "Feature", "properties": {"Description": null, "Electric_Feature_Type": "كوفرية", "Easting": null, "Northing": null, "GlobalID": "{36058266-6797-4F26-9021-4B0A3442155A}", "ID": null, "القطاع": null, "الشركةالمنفذة": null}, "geometry": {"type": "Point", "coordinates": [31.558817932265594, 30.272425217407747, 0.0]}}, {"type": "Feature", "properties": {"Description": null, "Electric_Feature_Type": "كوفرية", "Easting": null, "Northing": null, "GlobalID": "{1EF4E670-DBD7-4B0E-BB1E-610EEA64EBD2}", "ID": null, "القطاع": null, "الشركةالمنفذة": null}, "geometry": {"type": "Point", "coordinates": [31.55861083220567, 30.272379043666458, 0.0]}}, {"type": "Feature", "properties": {"Description": null, "Electric_Feature_Type": "كوفرية", "Easting": null, "Northing": null, "GlobalID": "{E78B5D50-CC12-4776-922F-D1C4CDB4F988}", "ID": null, "القطاع": null, "الشركةالمنفذة": null}, "geometry": {"type": "Point", "coordinates": [31.55848111139604, 30.27214735585038, 0.0]}}, {"type": "Feature", "properties": {"Description": null, "Electric_Feature_Type": "كوفرية", "Easting": null, "Northing": null, "GlobalID": "{EC4580A7-C565-4AD3-A0CE-F26507F040FC}", "ID": null, "القطاع": null, "الشركةالمنفذة": null}, "geometry": {"type": "Point", "coordinates": [31.55674178960875, 30.271261290550303, 0.0]}}, {"type": "Feature", "properties": {"Description": null, "Electric_Feature_Type": "كوفرية", "Easting": null, "Northing": null, "GlobalID": "{07DA9F10-F7FC-445F-AB83-B701F809E0D7}", "ID": null, "القطاع": null, "الشركةالمنفذة": null}, "geometry": {"type": "Point", "coordinates": [31.556991612846424, 30.27140597220795, 0.0]}}, {"type": "Feature", "properties": {"Description": null, "Electric_Feature_Type": "كوفرية", "Easting": null, "Northing": null, "GlobalID": "{BDFC219F-4E7A-466C-B69D-CD898DD88632}", "ID": null, "القطاع": null, "الشركةالمنفذة": null}, "geometry": {"type": "Point", "coordinates": [31.557077228609828, 30.271664296853487, 0.0]}}, {"type": "Feature", "properties": {"Description": null, "Electric_Feature_Type": "كوفرية", "Easting": null, "Northing": null, "GlobalID": "{A6980146-2787-47EA-8DF0-2D9BF75462FF}", "ID": null, "القطاع": null, "الشركةالمنفذة": null}, "geometry": {"type": "Point", "coordinates": [31.556705962116393, 30.27182351551451, 0.0]}}, {"type": "Feature", "properties": {"Description": null, "Electric_Feature_Type": "كوفرية", "Easting": null, "Northing": null, "GlobalID": "{E724819E-399C-4A63-A678-1AF2CE2FE5BA}", "ID": null, "القطاع": null, "الشركةالمنفذة": null}, "geometry": {"type": "Point", "coordinates": [31.55638105105118, 30.271664782328713, 0.0]}}, {"type": "Feature", "properties": {"Description": null, "Electric_Feature_Type": "كوفرية", "Easting": null, "Northing": null, "GlobalID": "{DFC7471B-288B-4090-B79C-B26A12FCB985}", "ID": null, "القطاع": null, "الشركةالمنفذة": null}, "geometry": {"type": "Point", "coordinates": [31.556470591115495, 30.27192706152306, 0.0]}}, {"type": "Feature", "properties": {"Description": null, "Electric_Feature_Type": "كوفرية", "Easting": null, "Northing": null, "GlobalID": "{8384EFD2-A1D9-4DAD-A907-7C30C785BD6D}", "ID": null, "القطاع": null, "الشركةالمنفذة": null}, "geometry": {"type": "Point", "coordinates": [31.56681485175861, 30.271559088669328, 0.0]}}, {"type": "Feature", "properties": {"Description": null, "Electric_Feature_Type": "كوفرية", "Easting": null, "Northing": null, "GlobalID": "{1F1F6C99-EEC4-404A-A91C-673FF516C0BC}", "ID": null, "القطاع": null, "الشركةالمنفذة": null}, "geometry": {"type": "Point", "coordinates": [31.5671092657657, 30.27134027903903, 0.0]}}, {"type": "Feature", "properties": {"Description": null, "Electric_Feature_Type": "كوفرية", "Easting": null, "Northing": null, "GlobalID": "{0F5EEB11-2F69-4466-92BB-9FFA5DA31DAF}", "ID": null, "القطاع": null, "الشركةالمنفذة": null}, "geometry": {"type": "Point", "coordinates": [31.566057094920392, 30.27090205108022, 0.0]}}, {"type": "Feature", "properties": {"Description": null, "Electric_Feature_Type": "كوفرية", "Easting": null, "Northing": null, "GlobalID": "{557A5C76-0E87-47EE-BE25-0EC5EA5A10BE}", "ID": null, "القطاع": null, "الشركةالمنفذة": null}, "geometry": {"type": "Point", "coordinates": [31.56527898275645, 30.270307537073553, 0.0]}}, {"type": "Feature", "properties": {"Description": null, "Electric_Feature_Type": "كوفرية", "Easting": null, "Northing": null, "GlobalID": "{6F63838D-FE37-40E4-8A41-4F40494D1E16}", "ID": null, "القطاع": null, "الشركةالمنفذة": null}, "geometry": {"type": "Point", "coordinates": [31.56440856240107, 30.269728704334547, 0.0]}}, {"type": "Feature", "properties": {"Description": null, "Electric_Feature_Type": "كوفرية", "Easting": null, "Northing": null, "GlobalID": "{1CA19FA7-6AE1-449E-8D61-07667008F21E}", "ID": null, "القطاع": null, "الشركةالمنفذة": null}, "geometry": {"type": "Point", "coordinates": [31.563519112374816, 30.269228508270807, 0.0]}}, {"type": "Feature", "properties": {"Description": null, "Electric_Feature_Type": "كوفرية", "Easting": null, "Northing": null, "GlobalID": "{51877D29-43E8-44A1-BAF9-069EE9E42E85}", "ID": null, "القطاع": null, "الشركةالمنفذة": null}, "geometry": {"type": "Point", "coordinates": [31.56790752840212, 30.27060732671601, 0.0]}}, {"type": "Feature", "properties": {"Description": null, "Electric_Feature_Type": "كوفرية", "Easting": null, "Northing": null, "GlobalID": "{CEE57C8A-2ABD-4DA6-9CC0-48C51C159768}", "ID": null, "القطاع": null, "الشركةالمنفذة": null}, "geometry": {"type": "Point", "coordinates": [31.567049797946453, 30.26995120753472, 0.0]}}, {"type": "Feature", "properties": {"Description": null, "Electric_Feature_Type": "كوفرية", "Easting": null, "Northing": null, "GlobalID": "{D3D21BF5-1CA5-4259-BD8B-8AA6C69ED848}", "ID": null, "القطاع": null, "الشركةالمنفذة": null}, "geometry": {"type": "Point", "coordinates": [31.56613950573233, 30.269319854994183, 0.0]}}, {"type": "Feature", "properties": {"Description": null, "Electric_Feature_Type": "كوفرية", "Easting": null, "Northing": null, "GlobalID": "{1EEB3662-3AAF-4CBA-853E-044E215DB4CF}", "ID": null, "القطاع": null, "الشركةالمنفذة": null}, "geometry": {"type": "Point", "coordinates": [31.565187982767686, 30.26873765825552, 0.0]}}, {"type": "Feature", "properties": {"Description": null, "Electric_Feature_Type": "كوفرية", "Easting": null, "Northing": null, "GlobalID": "{7BF245BA-8EFC-4930-A750-E016965216C1}", "ID": null, "القطاع": null, "الشركةالمنفذة": null}, "geometry": {"type": "Point", "coordinates": [31.56422062033986, 30.268207377514866, 0.0]}}, {"type": "Feature", "properties": {"Description": null, "Electric_Feature_Type": "كوفرية", "Easting": null, "Northing": null, "GlobalID": "{EBEB392D-86C4-43C7-B114-F40A447F28A0}", "ID": null, "القطاع": null, "الشركةالمنفذة": null}, "geometry": {"type": "Point", "coordinates": [31.56404864759261, 30.268518239131804, 0.0]}}, {"type": "Feature", "properties": {"Description": null, "Electric_Feature_Type": "كوفرية", "Easting": null, "Northing": null, "GlobalID": "{509C56F0-D132-4462-A0A6-78641FF30E63}", "ID": null, "القطاع": null, "الشركةالمنفذة": null}, "geometry": {"type": "Point", "coordinates": [31.56499631542007, 30.269041321938314, 0.0]}}, {"type": "Feature", "properties": {"Description": null, "Electric_Feature_Type": "كوفرية", "Easting": null, "Northing": null, "GlobalID": "{68F49EB2-6537-47AA-8F39-347F2908A8A5}", "ID": null, "القطاع": null, "الشركةالمنفذة": null}, "geometry": {"type": "Point", "coordinates": [31.565935061128606, 30.2696182801662, 0.0]}}, {"type": "Feature", "properties": {"Description": null, "Electric_Feature_Type": "كوفرية", "Easting": null, "Northing": null, "GlobalID": "{8E6DC52A-BA0B-4E4A-89E0-AD97FDE25D14}", "ID": null, "القطاع": null, "الشركةالمنفذة": null}, "geometry": {"type": "Point", "coordinates": [31.566821324346225, 30.270236129709183, 0.0]}}, {"type": "Feature", "properties": {"Description": null, "Electric_Feature_Type": "كوفرية", "Easting": null, "Northing": null, "GlobalID": "{9BD40B1F-8235-407F-96E1-CED303B1ABB2}", "ID": null, "القطاع": null, "الشركةالمنفذة": null}, "geometry": {"type": "Point", "coordinates": [31.56766102033643, 30.270880008300797, 0.0]}}, {"type": "Feature", "properties": {"Description": null, "Electric_Feature_Type": "كوفرية", "Easting": null, "Northing": null, "GlobalID": "{421D4A02-1ACF-4159-A280-2B63A8976E48}", "ID": null, "القطاع": null, "الشركةالمنفذة": null}, "geometry": {"type": "Point", "coordinates": [31.5637258152784, 30.267856343109354, 0.0]}}, {"type": "Feature", "properties": {"Description": null, "Electric_Feature_Type": "كوفرية", "Easting": null, "Northing": null, "GlobalID": "{91D30756-EC7B-41A1-9DBD-EFDB48E546CB}", "ID": null, "القطاع": null, "الشركةالمنفذة": null}, "geometry": {"type": "Point", "coordinates": [31.56349754456194, 30.26815018807916, 0.0]}}, {"type": "Feature", "properties": {"Description": null, "Electric_Feature_Type": "كوفرية", "Easting": null, "Northing": null, "GlobalID": "{D933CF1D-9A70-4BC7-A633-10F7194CB673}", "ID": null, "القطاع": null, "الشركةالمنفذة": null}, "geometry": {"type": "Point", "coordinates": [31.564718042717217, 30.26836750633513, 0.0]}}, {"type": "Feature", "properties": {"Description": null, "Electric_Feature_Type": "كوفرية", "Easting": null, "Northing": null, "GlobalID": "{C39937C3-E831-4145-AA65-A2CAA91F1394}", "ID": null, "القطاع": null, "الشركةالمنفذة": null}, "geometry": {"type": "Point", "coordinates": [31.56446653417785, 30.26864154128754, 0.0]}}, {"type": "Feature", "properties": {"Description": null, "Electric_Feature_Type": "كوفرية", "Easting": null, "Northing": null, "GlobalID": "{DC37016C-7535-4525-BD47-4CAFFAC06523}", "ID": null, "القطاع": null, "الشركةالمنفذة": null}, "geometry": {"type": "Point", "coordinates": [31.565692684001405, 30.268931039187294, 0.0]}}, {"type": "Feature", "properties": {"Description": null, "Electric_Feature_Type": "كوفرية", "Easting": null, "Northing": null, "GlobalID": "{D97892B4-C1D3-4EC4-B7B8-2ED762056BCE}", "ID": null, "القطاع": null, "الشركةالمنفذة": null}, "geometry": {"type": "Point", "coordinates": [31.565433699738527, 30.269194555194602, 0.0]}}, {"type": "Feature", "properties": {"Description": null, "Electric_Feature_Type": "كوفرية", "Easting": null, "Northing": null, "GlobalID": "{3799DC14-CCBA-4EF0-9644-85C6664F3766}", "ID": null, "القطاع": null, "الشركةالمنفذة": null}, "geometry": {"type": "Point", "coordinates": [31.56663233410611, 30.269535258188828, 0.0]}}, {"type": "Feature", "properties": {"Description": null, "Electric_Feature_Type": "كوفرية", "Easting": null, "Northing": null, "GlobalID": "{6C4CBCED-1C48-4353-91A8-ADC1B0B68AB4}", "ID": null, "القطاع": null, "الشركةالمنفذة": null}, "geometry": {"type": "Point", "coordinates": [31.566346041107803, 30.26978461189173, 0.0]}}, {"type": "Feature", "properties": {"Description": null, "Electric_Feature_Type": "كوفرية", "Easting": null, "Northing": null, "GlobalID": "{BD3282BE-5AC0-41C7-B5E2-6988A5A9219F}", "ID": null, "القطاع": null, "الشركةالمنفذة": null}, "geometry": {"type": "Point", "coordinates": [31.567511545990456, 30.270175067598185, 0.0]}}, {"type": "Feature", "properties": {"Description": null, "Electric_Feature_Type": "كوفرية", "Easting": null, "Northing": null, "GlobalID": "{60E32E40-3AE7-44E7-890F-F8CDE25F4037}", "ID": null, "القطاع": null, "الشركةالمنفذة": null}, "geometry": {"type": "Point", "coordinates": [31.56721770299766, 30.27041040381279, 0.0]}}, {"type": "Feature", "properties": {"Description": null, "Electric_Feature_Type": "كوفرية", "Easting": null, "Northing": null, "GlobalID": "{285D7D30-B86B-4849-AE57-54F1B1D6BC37}", "ID": null, "القطاع": null, "الشركةالمنفذة": null}, "geometry": {"type": "Point", "coordinates": [31.567428525831744, 30.270852624408707, 0.0]}}, {"type": "Feature", "properties": {"Description": null, "Electric_Feature_Type": "كوفرية", "Easting": null, "Northing": null, "GlobalID": "{185B92AE-400B-4E61-8686-EA09EF1EB640}", "ID": null, "القطاع": null, "الشركةالمنفذة": null}, "geometry": {"type": "Point", "coordinates": [31.567145965988427, 30.27062035443146, 0.0]}}, {"type": "Feature", "properties": {"Description": null, "Electric_Feature_Type": "كوفرية", "Easting": null, "Northing": null, "GlobalID": "{1C3EF86C-72E4-431D-A88D-0945E0C9B359}", "ID": null, "القطاع": null, "الشركةالمنفذة": null}, "geometry": {"type": "Point", "coordinates": [31.56659269074858, 30.27021427700237, 0.0]}}, {"type": "Feature", "properties": {"Description": null, "Electric_Feature_Type": "كوفرية", "Easting": null, "Northing": null, "GlobalID": "{4137F45D-26C2-44D9-B710-D8EDFFBD99A0}", "ID": null, "القطاع": null, "الشركةالمنفذة": null}, "geometry": {"type": "Point", "coordinates": [31.566292253340688, 30.27000784022428, 0.0]}}, {"type": "Feature", "properties": {"Description": null, "Electric_Feature_Type": "كوفرية", "Easting": null, "Northing": null, "GlobalID": "{D54912CC-ABD9-4CDF-861F-7D0C68C012FA}", "ID": null, "القطاع": null, "الشركةالمنفذة": null}, "geometry": {"type": "Point", "coordinates": [31.565698046222963, 30.269611205956306, 0.0]}}, {"type": "Feature", "properties": {"Description": null, "Electric_Feature_Type": "كوفرية", "Easting": null, "Northing": null, "GlobalID": "{A8B7EF54-0D2F-42AA-B048-F96FA4C571A2}", "ID": null, "القطاع": null, "الشركةالمنفذة": null}, "geometry": {"type": "Point", "coordinates": [31.565385549149042, 30.26941254687535, 0.0]}}, {"type": "Feature", "properties": {"Description": null, "Electric_Feature_Type": "كوفرية", "Easting": null, "Northing": null, "GlobalID": "{FE67C14A-F08F-4A19-AEAD-6F85D475C191}", "ID": null, "القطاع": null, "الشركةالمنفذة": null}, "geometry": {"type": "Point", "coordinates": [31.56476502650359, 30.269044714838678, 0.0]}}, {"type": "Feature", "properties": {"Description": null, "Electric_Feature_Type": "كوفرية", "Easting": null, "Northing": null, "GlobalID": "{1CAE9EDB-A8AA-41DF-9877-E5A399F237F0}", "ID": null, "القطاع": null, "الشركةالمنفذة": null}, "geometry": {"type": "Point", "coordinates": [31.564437945468843, 30.268863837807665, 0.0]}}, {"type": "Feature", "properties": {"Description": null, "Electric_Feature_Type": "كوفرية", "Easting": null, "Northing": null, "GlobalID": "{9AB033C0-014B-448B-873A-C169B74EC887}", "ID": null, "القطاع": null, "الشركةالمنفذة": null}, "geometry": {"type": "Point", "coordinates": [31.563814015968305, 30.268534248080694, 0.0]}}, {"type": "Feature", "properties": {"Description": null, "Electric_Feature_Type": "كوفرية", "Easting": null, "Northing": null, "GlobalID": "{C63E99E9-DC8A-403B-84BB-7B2B5F152E23}", "ID": null, "القطاع": null, "الشركةالمنفذة": null}, "geometry": {"type": "Point", "coordinates": [31.563476536321534, 30.26837220920404, 0.0]}}, {"type": "Feature", "properties": {"Description": null, "Electric_Feature_Type": "كوفرية", "Easting": null, "Northing": null, "GlobalID": "{963D7089-69C2-480E-B92C-C47A2AAD530B}", "ID": null, "القطاع": null, "الشركةالمنفذة": null}, "geometry": {"type": "Point", "coordinates": [31.566428288046005, 30.271111658348786, 0.0]}}, {"type": "Feature", "properties": {"Description": null, "Electric_Feature_Type": "كوفرية", "Easting": null, "Northing": null, "GlobalID": "{C0F68646-65C0-453B-8708-A10514940345}", "ID": null, "القطاع": null, "الشركةالمنفذة": null}, "geometry": {"type": "Point", "coordinates": [31.56669360010072, 30.27085443912097, 0.0]}}, {"type": "Feature", "properties": {"Description": null, "Electric_Feature_Type": "كوفرية", "Easting": null, "Northing": null, "GlobalID": "{20C203EC-81EF-42B0-86F0-4E2591580700}", "ID": null, "القطاع": null, "الشركةالمنفذة": null}, "geometry": {"type": "Point", "coordinates": [31.56571048916778, 30.270504897387685, 0.0]}}, {"type": "Feature", "properties": {"Description": null, "Electric_Feature_Type": "كوفرية", "Easting": null, "Northing": null, "GlobalID": "{C720EDA4-292F-4C46-8BED-1504CB96EFF7}", "ID": null, "القطاع": null, "الشركةالمنفذة": null}, "geometry": {"type": "Point", "coordinates": [31.564881665522762, 30.269944243206204, 0.0]}}, {"type": "Feature", "properties": {"Description": null, "Electric_Feature_Type": "كوفرية", "Easting": null, "Northing": null, "GlobalID": "{540F5B5D-BEF6-4649-87E5-D64DB43C7024}", "ID": null, "القطاع": null, "الشركةالمنفذة": null}, "geometry": {"type": "Point", "coordinates": [31.563989349945338, 30.269384824591835, 0.0]}}, {"type": "Feature", "properties": {"Description": null, "Electric_Feature_Type": "كوفرية", "Easting": null, "Northing": null, "GlobalID": "{552BBB28-BEB5-4C3A-9DDA-4624D07F71FD}", "ID": null, "القطاع": null, "الشركةالمنفذة": null}, "geometry": {"type": "Point", "coordinates": [31.563072195376996, 30.268911746348028, 0.0]}}, {"type": "Feature", "properties": {"Description": null, "Electric_Feature_Type": "كوفرية", "Easting": null, "Northing": null, "GlobalID": "{435E10E7-86EC-4594-9A2E-0FC36C2DF91E}", "ID": null, "القطاع": null, "الشركةالمنفذة": null}, "geometry": {"type": "Point", "coordinates": [31.5672088948868, 30.271132250956995, 0.0]}}, {"type": "Feature", "properties": {"Description": null, "Electric_Feature_Type": "كوفرية", "Easting": null, "Northing": null, "GlobalID": "{F672AF86-F1FF-4493-A424-C94C206C76BC}", "ID": null, "القطاع": null, "الشركةالمنفذة": null}, "geometry": {"type": "Point", "coordinates": [31.566935498830837, 30.270896206443435, 0.0]}}, {"type": "Feature", "properties": {"Description": null, "Electric_Feature_Type": "كوفرية", "Easting": null, "Northing": null, "GlobalID": "{1DBE5B42-451C-41FA-90C1-BD467A1612B7}", "ID": null, "القطاع": null, "الشركةالمنفذة": null}, "geometry": {"type": "Point", "coordinates": [31.566351438831912, 30.27070532095839, 0.0]}}, {"type": "Feature", "properties": {"Description": null, "Electric_Feature_Type": "كوفرية", "Easting": null, "Northing": null, "GlobalID": "{27AB84CD-E14A-43DC-8AED-F876111DE47F}", "ID": null, "القطاع": null, "الشركةالمنفذة": null}, "geometry": {"type": "Point", "coordinates": [31.566210326612435, 30.270471779537946, 0.0]}}, {"type": "Feature", "properties": {"Description": null, "Electric_Feature_Type": "كوفرية", "Easting": null, "Northing": null, "GlobalID": "{64ED0CBE-0101-4D16-9979-FB9A379C0908}", "ID": null, "القطاع": null, "الشركةالمنفذة": null}, "geometry": {"type": "Point", "coordinates": [31.565925630248827, 30.270374928221898, 0.0]}}, {"type": "Feature", "properties": {"Description": null, "Electric_Feature_Type": "كوفرية", "Easting": null, "Northing": null, "GlobalID": "{978C44C4-287B-4DA4-968B-5D528EAB3EC7}", "ID": null, "القطاع": null, "الشركةالمنفذة": null}, "geometry": {"type": "Point", "coordinates": [31.56536284157568, 30.26986104812551, 0.0]}}, {"type": "Feature", "properties": {"Description": null, "Electric_Feature_Type": "كوفرية", "Easting": null, "Northing": null, "GlobalID": "{D0ADBA61-0E6E-453A-8CA7-4485EE733E52}", "ID": null, "القطاع": null, "الشركةالمنفذة": null}, "geometry": {"type": "Point", "coordinates": [31.565526559279284, 30.270086078765328, 0.0]}}, {"type": "Feature", "properties": {"Description": null, "Electric_Feature_Type": "كوفرية", "Easting": null, "Northing": null, "GlobalID": "{43D073FB-E8D3-4B43-8FF8-12B1E0F9A46A}", "ID": null, "القطاع": null, "الشركةالمنفذة": null}, "geometry": {"type": "Point", "coordinates": [31.565076041485984, 30.269781856099026, 0.0]}}, {"type": "Feature", "properties": {"Description": null, "Electric_Feature_Type": "كوفرية", "Easting": null, "Northing": null, "GlobalID": "{71FDEE53-90C7-47C6-A56C-83BB3020844A}", "ID": null, "القطاع": null, "الشركةالمنفذة": null}, "geometry": {"type": "Point", "coordinates": [31.56464108132988, 30.269491801828302, 0.0]}}, {"type": "Feature", "properties": {"Description": null, "Electric_Feature_Type": "كوفرية", "Easting": null, "Northing": null, "GlobalID": "{389DB6F7-56A4-4589-B2BD-F9A36025A166}", "ID": null, "القطاع": null, "الشركةالمنفذة": null}, "geometry": {"type": "Point", "coordinates": [31.564464315084972, 30.26927566893418, 0.0]}}, {"type": "Feature", "properties": {"Description": null, "Electric_Feature_Type": "كوفرية", "Easting": null, "Northing": null, "GlobalID": "{2E29316A-1FBC-485E-A8FE-B0855CB5931F}", "ID": null, "القطاع": null, "الشركةالمنفذة": null}, "geometry": {"type": "Point", "coordinates": [31.56417210663128, 30.269212746698233, 0.0]}}, {"type": "Feature", "properties": {"Description": null, "Electric_Feature_Type": "كوفرية", "Easting": null, "Northing": null, "GlobalID": "{BBACB59B-9A5E-4D41-85CC-C0293EF6C6B3}", "ID": null, "القطاع": null, "الشركةالمنفذة": null}, "geometry": {"type": "Point", "coordinates": [31.563750361695938, 30.268980737730516, 0.0]}}, {"type": "Feature", "properties": {"Description": null, "Electric_Feature_Type": "كوفرية", "Easting": null, "Northing": null, "GlobalID": "{6D4903B0-1AEC-4C04-AED2-422B7EB8DB69}", "ID": null, "القطاع": null, "الشركةالمنفذة": null}, "geometry": {"type": "Point", "coordinates": [31.563549875911512, 30.26877965238773, 0.0]}}, {"type": "Feature", "properties": {"Description": null, "Electric_Feature_Type": "كوفرية", "Easting": null, "Northing": null, "GlobalID": "{EDE4CAD4-311A-45CE-9D91-6BEEEC0551C7}", "ID": null, "القطاع": null, "الشركةالمنفذة": null}, "geometry": {"type": "Point", "coordinates": [31.563251979173206, 30.26873685096651, 0.0]}}, {"type": "Feature", "properties": {"Description": null, "Electric_Feature_Type": "كوفرية", "Easting": null, "Northing": null, "GlobalID": "{5BA9582D-5CFC-418F-B0D1-E9BA9D476541}", "ID": null, "القطاع": null, "الشركةالمنفذة": null}, "geometry": {"type": "Point", "coordinates": [31.55505901311327, 30.267983762485642, 0.0]}}, {"type": "Feature", "properties": {"Description": null, "Electric_Feature_Type": "كوفرية", "Easting": null, "Northing": null, "GlobalID": "{E9679CF8-66D2-4E39-AC9C-EF07777DF179}", "ID": null, "القطاع": null, "الشركةالمنفذة": null}, "geometry": {"type": "Point", "coordinates": [31.555366524475335, 30.267986874461513, 0.0]}}, {"type": "Feature", "properties": {"Description": null, "Electric_Feature_Type": "كوفرية", "Easting": null, "Northing": null, "GlobalID": "{9DF695C6-3926-4486-B898-151C69AADDF4}", "ID": null, "القطاع": null, "الشركةالمنفذة": null}, "geometry": {"type": "Point", "coordinates": [31.555597889672278, 30.26816098331874, 0.0]}}, {"type": "Feature", "properties": {"Description": null, "Electric_Feature_Type": "كوفرية", "Easting": null, "Northing": null, "GlobalID": "{F2DEB7A4-3B49-400F-81B5-93BAD0820CDA}", "ID": null, "القطاع": null, "الشركةالمنفذة": null}, "geometry": {"type": "Point", "coordinates": [31.555855062291652, 30.268279310880487, 0.0]}}, {"type": "Feature", "properties": {"Description": null, "Electric_Feature_Type": "كوفرية", "Easting": null, "Northing": null, "GlobalID": "{0082CE7B-84E1-404F-82C6-94313A014C85}", "ID": null, "القطاع": null, "الشركةالمنفذة": null}, "geometry": {"type": "Point", "coordinates": [31.55670209713349, 30.268577554293376, 0.0]}}, {"type": "Feature", "properties": {"Description": null, "Electric_Feature_Type": "كوفرية", "Easting": null, "Northing": null, "GlobalID": "{F6C29101-F99A-4E3A-95B1-B76170123C5F}", "ID": null, "القطاع": null, "الشركةالمنفذة": null}, "geometry": {"type": "Point", "coordinates": [31.55737938107009, 30.26868303681213, 0.0]}}, {"type": "Feature", "properties": {"Description": null, "Electric_Feature_Type": "كوفرية", "Easting": null, "Northing": null, "GlobalID": "{DA74B8F2-45A9-4676-B627-B125D390A3DC}", "ID": null, "القطاع": null, "الشركةالمنفذة": null}, "geometry": {"type": "Point", "coordinates": [31.55707672530916, 30.268674304554583, 0.0]}}, {"type": "Feature", "properties": {"Description": null, "Electric_Feature_Type": "كوفرية", "Easting": null, "Northing": null, "GlobalID": "{E6A2A8B4-BE65-4786-8981-93EE9013CCF8}", "ID": null, "القطاع": null, "الشركةالمنفذة": null}, "geometry": {"type": "Point", "coordinates": [31.55520278246218, 30.26744258095084, 0.0]}}, {"type": "Feature", "properties": {"Description": null, "Electric_Feature_Type": "كوفرية", "Easting": null, "Northing": null, "GlobalID": "{70114E4D-EB10-4DCF-9F88-A3D38B55AE76}", "ID": null, "القطاع": null, "الشركةالمنفذة": null}, "geometry": {"type": "Point", "coordinates": [31.55542811278212, 30.267620990472185, 0.0]}}, {"type": "Feature", "properties": {"Description": null, "Electric_Feature_Type": "كوفرية", "Easting": null, "Northing": null, "GlobalID": "{0A4E51B7-9605-4011-9962-EA5A874751BF}", "ID": null, "القطاع": null, "الشركةالمنفذة": null}, "geometry": {"type": "Point", "coordinates": [31.55572955556859, 30.267626024304136, 0.0]}}, {"type": "Feature", "properties": {"Description": null, "Electric_Feature_Type": "كوفرية", "Easting": null, "Northing": null, "GlobalID": "{A106A554-CFDC-4190-8633-15C0DFB02140}", "ID": null, "القطاع": null, "الشركةالمنفذة": null}, "geometry": {"type": "Point", "coordinates": [31.55610488395733, 30.267729271860546, 0.0]}}, {"type": "Feature", "properties": {"Description": null, "Electric_Feature_Type": "كوفرية", "Easting": null, "Northing": null, "GlobalID": "{C23BFDA3-C857-4AB0-B14D-39A8D4889080}", "ID": null, "القطاع": null, "الشركةالمنفذة": null}, "geometry": {"type": "Point", "coordinates": [31.557529004624193, 30.268342027816594, 0.0]}}, {"type": "Feature", "properties": {"Description": null, "Electric_Feature_Type": "كوفرية", "Easting": null, "Northing": null, "GlobalID": "{190021AF-3836-4CF8-A3A0-48F2D6F6EEE7}", "ID": null, "القطاع": null, "الشركةالمنفذة": null}, "geometry": {"type": "Point", "coordinates": [31.557300789093663, 30.268164511924166, 0.0]}}, {"type": "Feature", "properties": {"Description": null, "Electric_Feature_Type": "كوفرية", "Easting": null, "Northing": null, "GlobalID": "{37A30504-DEA8-4C9A-A62E-4092EDBD0875}", "ID": null, "القطاع": null, "الشركةالمنفذة": null}, "geometry": {"type": "Point", "coordinates": [31.55694456712613, 30.2680087995388, 0.0]}}, {"type": "Feature", "properties": {"Description": null, "Electric_Feature_Type": "كوفرية", "Easting": null, "Northing": null, "GlobalID": "{0B72DB76-F164-4A0A-9CE3-856387FF93E6}", "ID": null, "القطاع": null, "الشركةالمنفذة": null}, "geometry": {"type": "Point", "coordinates": [31.556142396848056, 30.26819848556426, 0.0]}}, {"type": "Feature", "properties": {"Description": null, "Electric_Feature_Type": "كوفرية", "Easting": null, "Northing": null, "GlobalID": "{FCB010DF-CB2E-4BF6-B0D7-0B6AD15E5228}", "ID": null, "القطاع": null, "الشركةالمنفذة": null}, "geometry": {"type": "Point", "coordinates": [31.556247223969144, 30.267961938897862, 0.0]}}, {"type": "Feature", "properties": {"Description": null, "Electric_Feature_Type": "كوفرية", "Easting": null, "Northing": null, "GlobalID": "{5C45DBE7-8B82-4F38-A9F3-2776DA712744}", "ID": null, "القطاع": null, "الشركةالمنفذة": null}, "geometry": {"type": "Point", "coordinates": [31.55654424900775, 30.268342639850108, 0.0]}}, {"type": "Feature", "properties": {"Description": null, "Electric_Feature_Type": "كوفرية", "Easting": null, "Northing": null, "GlobalID": "{2ADCEB9E-2710-478A-99C7-1D9ED865F76B}", "ID": null, "القطاع": null, "الشركةالمنفذة": null}, "geometry": {"type": "Point", "coordinates": [31.55665181415813, 30.268101395130305, 0.0]}}, {"type": "Feature", "properties": {"Description": null, "Electric_Feature_Type": "كوفرية", "Easting": null, "Northing": null, "GlobalID": "{FE5AE1B0-44DA-42E3-945F-9284D0ACDE45}", "ID": null, "القطاع": null, "الشركةالمنفذة": null}, "geometry": {"type": "Point", "coordinates": [31.555326754318752, 30.267030030792487, 0.0]}}, {"type": "Feature", "properties": {"Description": null, "Electric_Feature_Type": "كوفرية", "Easting": null, "Northing": null, "GlobalID": "{C86136A8-0762-4CE8-9BD4-4D863A6AB63C}", "ID": null, "القطاع": null, "الشركةالمنفذة": null}, "geometry": {"type": "Point", "coordinates": [31.555635505321032, 30.267032172626813, 0.0]}}, {"type": "Feature", "properties": {"Description": null, "Electric_Feature_Type": "كوفرية", "Easting": null, "Northing": null, "GlobalID": "{B443F442-A656-4D1E-9EB5-BF0B4834A2E9}", "ID": null, "القطاع": null, "الشركةالمنفذة": null}, "geometry": {"type": "Point", "coordinates": [31.555859100444437, 30.267210658227118, 0.0]}}, {"type": "Feature", "properties": {"Description": null, "Electric_Feature_Type": "كوفرية", "Easting": null, "Northing": null, "GlobalID": "{6095ECF1-E351-48F6-9650-855E7889C5E3}", "ID": null, "القطاع": null, "الشركةالمنفذة": null}, "geometry": {"type": "Point", "coordinates": [31.55621286144475, 30.267359217311007, 0.0]}}, {"type": "Feature", "properties": {"Description": null, "Electric_Feature_Type": "كوفرية", "Easting": null, "Northing": null, "GlobalID": "{184D72FB-1458-42E0-A57F-D3D873FF4674}", "ID": null, "القطاع": null, "الشركةالمنفذة": null}, "geometry": {"type": "Point", "coordinates": [31.557770973185264, 30.26776381304093, 0.0]}}, {"type": "Feature", "properties": {"Description": null, "Electric_Feature_Type": "كوفرية", "Easting": null, "Northing": null, "GlobalID": "{B532ADD0-F3FC-44AD-98E7-14C685037FDA}", "ID": null, "القطاع": null, "الشركةالمنفذة": null}, "geometry": {"type": "Point", "coordinates": [31.55746485952696, 30.267757077251893, 0.0]}}, {"type": "Feature", "properties": {"Description": null, "Electric_Feature_Type": "كوفرية", "Easting": null, "Northing": null, "GlobalID": "{433F5E06-A317-48EF-83DD-6C5DBCBFC639}", "ID": null, "القطاع": null, "الشركةالمنفذة": null}, "geometry": {"type": "Point", "coordinates": [31.557086098884394, 30.267655605368475, 0.0]}}, {"type": "Feature", "properties": {"Description": null, "Electric_Feature_Type": "كوفرية", "Easting": null, "Northing": null, "GlobalID": "{8AD45F8C-2D28-479A-81AE-F248741F9E0F}", "ID": null, "القطاع": null, "الشركةالمنفذة": null}, "geometry": {"type": "Point", "coordinates": [31.555563051454047, 30.2665181676867, 0.0]}}, {"type": "Feature", "properties": {"Description": null, "Electric_Feature_Type": "كوفرية", "Easting": null, "Northing": null, "GlobalID": "{10973E96-3B77-4D79-94D3-FA12E6947963}", "ID": null, "القطاع": null, "الشركةالمنفذة": null}, "geometry": {"type": "Point", "coordinates": [31.55578796235486, 30.266693774846136, 0.0]}}, {"type": "Feature", "properties": {"Description": null, "Electric_Feature_Type": "كوفرية", "Easting": null, "Northing": null, "GlobalID": "{35038D62-FAEC-4434-85FA-C9E139F4531D}", "ID": null, "القطاع": null, "الشركةالمنفذة": null}, "geometry": {"type": "Point", "coordinates": [31.55609143299252, 30.266698458303047, 0.0]}}, {"type": "Feature", "properties": {"Description": null, "Electric_Feature_Type": "كوفرية", "Easting": null, "Northing": null, "GlobalID": "{2F41CEB7-3B19-4657-8A13-C470497CCC0C}", "ID": null, "القطاع": null, "الشركةالمنفذة": null}, "geometry": {"type": "Point", "coordinates": [31.556469901762394, 30.266799679076748, 0.0]}}, {"type": "Feature", "properties": {"Description": null, "Electric_Feature_Type": "كوفرية", "Easting": null, "Northing": null, "GlobalID": "{2B863DED-1D33-499B-90B6-561E56A9A7CC}", "ID": null, "القطاع": null, "الشركةالمنفذة": null}, "geometry": {"type": "Point", "coordinates": [31.557333924581627, 30.267099558565235, 0.0]}}, {"type": "Feature", "properties": {"Description": null, "Electric_Feature_Type": "كوفرية", "Easting": null, "Northing": null, "GlobalID": "{92C13EA5-8023-436E-A02F-E3A195F86B22}", "ID": null, "القطاع": null, "الشركةالمنفذة": null}, "geometry": {"type": "Point", "coordinates": [31.55760667030709, 30.26721503372793, 0.0]}}, {"type": "Feature", "properties": {"Description": null, "Electric_Feature_Type": "كوفرية", "Easting": null, "Northing": null, "GlobalID": "{C86AEF37-638D-4F24-B596-F24B95CC9772}", "ID": null, "القطاع": null, "الشركةالمنفذة": null}, "geometry": {"type": "Point", "coordinates": [31.55792126848291, 30.26742280522597, 0.0]}}, {"type": "Feature", "properties": {"Description": null, "Electric_Feature_Type": "كوفرية", "Easting": null, "Northing": null, "GlobalID": "{5B780335-0ABB-498B-A124-F12208DCDEEA}", "ID": null, "القطاع": null, "الشركةالمنفذة": null}, "geometry": {"type": "Point", "coordinates": [31.556502779036045, 30.26726980632574, 0.0]}}, {"type": "Feature", "properties": {"Description": null, "Electric_Feature_Type": "كوفرية", "Easting": null, "Northing": null, "GlobalID": "{9F1317E3-8313-4EBA-B79A-CB239FBA2B5E}", "ID": null, "القطاع": null, "الشركةالمنفذة": null}, "geometry": {"type": "Point", "coordinates": [31.556603937792506, 30.267039850828304, 0.0]}}, {"type": "Feature", "properties": {"Description": null, "Electric_Feature_Type": "كوفرية", "Easting": null, "Northing": null, "GlobalID": "{A08415FB-F92D-4321-877D-2638DC37CA60}", "ID": null, "القطاع": null, "الشركةالمنفذة": null}, "geometry": {"type": "Point", "coordinates": [31.556933834182086, 30.267422952522196, 0.0]}}, {"type": "Feature", "properties": {"Description": null, "Electric_Feature_Type": "كوفرية", "Easting": null, "Northing": null, "GlobalID": "{F73F56A3-DCDF-43C2-81B7-97E3DC5B9E1B}", "ID": null, "القطاع": null, "الشركةالمنفذة": null}, "geometry": {"type": "Point", "coordinates": [31.55703645493002, 30.267178188839313, 0.0]}}, {"type": "Feature", "properties": {"Description": null, "Electric_Feature_Type": "كوفرية", "Easting": null, "Northing": null, "GlobalID": "{6129E9AD-0519-45DE-A5EA-E29F8931C224}", "ID": null, "القطاع": null, "الشركةالمنفذة": null}, "geometry": {"type": "Point", "coordinates": [31.557706283233262, 30.26684475915258, 0.0]}}, {"type": "Feature", "properties": {"Description": null, "Electric_Feature_Type": "كوفرية", "Easting": null, "Northing": null, "GlobalID": "{8BD85F97-0A53-47A6-94B0-5FF2E36B622F}", "ID": null, "القطاع": null, "الشركةالمنفذة": null}, "geometry": {"type": "Point", "coordinates": [31.55583612606471, 30.266050139228696, 0.0]}}, {"type": "Feature", "properties": {"Description": null, "Electric_Feature_Type": "كوفرية", "Easting": null, "Northing": null, "GlobalID": "{65E13DB0-9C53-4F52-8D31-970335D5473D}", "ID": null, "القطاع": null, "الشركةالمنفذة": null}, "geometry": {"type": "Point", "coordinates": [31.556137743881482, 30.266076787128487, 0.0]}}, {"type": "Feature", "properties": {"Description": null, "Electric_Feature_Type": "كوفرية", "Easting": null, "Northing": null, "GlobalID": "{DB044282-3743-48DC-874A-5FE46C62C429}", "ID": null, "القطاع": null, "الشركةالمنفذة": null}, "geometry": {"type": "Point", "coordinates": [31.556353438138466, 30.266271567490293, 0.0]}}, {"type": "Feature", "properties": {"Description": null, "Electric_Feature_Type": "كوفرية", "Easting": null, "Northing": null, "GlobalID": "{F54DB16E-E249-49F0-BE15-1AD8386E700C}", "ID": null, "القطاع": null, "الشركةالمنفذة": null}, "geometry": {"type": "Point", "coordinates": [31.55659800770255, 30.266408911713754, 0.0]}}, {"type": "Feature", "properties": {"Description": null, "Electric_Feature_Type": "كوفرية", "Easting": null, "Northing": null, "GlobalID": "{6515846A-CDFB-435A-BD79-B4537C22100A}", "ID": null, "القطاع": null, "الشركةالمنفذة": null}, "geometry": {"type": "Point", "coordinates": [31.55732694952072, 30.26648279599784, 0.0]}}, {"type": "Feature", "properties": {"Description": null, "Electric_Feature_Type": "كوفرية", "Easting": null, "Northing": null, "GlobalID": "{02D5E9E1-601A-47CE-AA4E-C2BE12F4C820}", "ID": null, "القطاع": null, "الشركةالمنفذة": null}, "geometry": {"type": "Point", "coordinates": [31.557472625932984, 30.266257590254956, 0.0]}}, {"type": "Feature", "properties": {"Description": null, "Electric_Feature_Type": "كوفرية", "Easting": null, "Northing": null, "GlobalID": "{797C880F-B418-45A2-9436-51EBC878B662}", "ID": null, "القطاع": null, "الشركةالمنفذة": null}, "geometry": {"type": "Point", "coordinates": [31.556898337331468, 30.26634393177267, 0.0]}}, {"type": "Feature", "properties": {"Description": null, "Electric_Feature_Type": "كوفرية", "Easting": null, "Northing": null, "GlobalID": "{EB6893A6-AACC-4BC9-B669-B5B06C3118CA}", "ID": null, "القطاع": null, "الشركةالمنفذة": null}, "geometry": {"type": "Point", "coordinates": [31.55702113654892, 30.2661155131461, 0.0]}}, {"type": "Feature", "properties": {"Description": null, "Electric_Feature_Type": "كوفرية", "Easting": null, "Northing": null, "GlobalID": "{4A87B147-05AD-4014-B751-6845E08BAB3F}", "ID": null, "القطاع": null, "الشركةالمنفذة": null}, "geometry": {"type": "Point", "coordinates": [31.556031628057056, 30.26551655998418, 0.0]}}, {"type": "Feature", "properties": {"Description": null, "Electric_Feature_Type": "كوفرية", "Easting": null, "Northing": null, "GlobalID": "{C2FC3F19-F399-49EF-BC15-8A996D8C83A7}", "ID": null, "القطاع": null, "الشركةالمنفذة": null}, "geometry": {"type": "Point", "coordinates": [31.55623889989954, 30.26571567812057, 0.0]}}, {"type": "Feature", "properties": {"Description": null, "Electric_Feature_Type": "كوفرية", "Easting": null, "Northing": null, "GlobalID": "{7E00386E-0BDF-4CE9-84B5-9CC4FD99E02E}", "ID": null, "القطاع": null, "الشركةالمنفذة": null}, "geometry": {"type": "Point", "coordinates": [31.556621982822428, 30.265779204113002, 0.0]}}, {"type": "Feature", "properties": {"Description": null, "Electric_Feature_Type": "كوفرية", "Easting": null, "Northing": null, "GlobalID": "{E428FE34-5EC6-478B-BEA3-EC8E2B9743BC}", "ID": null, "القطاع": null, "الشركةالمنفذة": null}, "geometry": {"type": "Point", "coordinates": [31.556907969690258, 30.265868726882914, 0.0]}}, {"type": "Feature", "properties": {"Description": null, "Electric_Feature_Type": "كوفرية", "Easting": null, "Northing": null, "GlobalID": "{4FD2E67A-3047-49CC-9163-029F32335684}", "ID": null, "القطاع": null, "الشركةالمنفذة": null}, "geometry": {"type": "Point", "coordinates": [31.557124709713918, 30.26452924440332, 0.0]}}, {"type": "Feature", "properties": {"Description": null, "Electric_Feature_Type": "كوفرية", "Easting": null, "Northing": null, "GlobalID": "{534726F4-F440-4E97-98DC-A4CA5EF853C9}", "ID": null, "القطاع": null, "الشركةالمنفذة": null}, "geometry": {"type": "Point", "coordinates": [31.55722121210259, 30.26477780258967, 0.0]}}, {"type": "Feature", "properties": {"Description": null, "Electric_Feature_Type": "كوفرية", "Easting": null, "Northing": null, "GlobalID": "{1A696077-9F03-481F-80E6-9C2AC75B65E4}", "ID": null, "القطاع": null, "الشركةالمنفذة": null}, "geometry": {"type": "Point", "coordinates": [31.557484773862708, 30.264906823439382, 0.0]}}, {"type": "Feature", "properties": {"Description": null, "Electric_Feature_Type": "كوفرية", "Easting": null, "Northing": null, "GlobalID": "{554438B9-B2C7-4C11-9B8C-F50C2420AE41}", "ID": null, "القطاع": null, "الشركةالمنفذة": null}, "geometry": {"type": "Point", "coordinates": [31.557767091698683, 30.26515156765337, 0.0]}}, {"type": "Feature", "properties": {"Description": null, "Electric_Feature_Type": "كوفرية", "Easting": null, "Northing": null, "GlobalID": "{EDA21458-3F51-44B3-8ECC-7832ECBEE255}", "ID": null, "القطاع": null, "الشركةالمنفذة": null}, "geometry": {"type": "Point", "coordinates": [31.556636767075073, 30.264885976764695, 0.0]}}, {"type": "Feature", "properties": {"Description": null, "Electric_Feature_Type": "كوفرية", "Easting": null, "Northing": null, "GlobalID": "{F78A2F2D-BA60-4753-A0F0-8A791C01889E}", "ID": null, "القطاع": null, "الشركةالمنفذة": null}, "geometry": {"type": "Point", "coordinates": [31.55690206160352, 30.265014794789774, 0.0]}}, {"type": "Feature", "properties": {"Description": null, "Electric_Feature_Type": "كوفرية", "Easting": null, "Northing": null, "GlobalID": "{FD0A3072-4939-4D2C-909F-5BD9A9AC9882}", "ID": null, "القطاع": null, "الشركةالمنفذة": null}, "geometry": {"type": "Point", "coordinates": [31.55700286082115, 30.265262048559492, 0.0]}}, {"type": "Feature", "properties": {"Description": null, "Electric_Feature_Type": "كوفرية", "Easting": null, "Northing": null, "GlobalID": "{5BC57408-3A98-4B8C-BE0C-8FEBF833D2C3}", "ID": null, "القطاع": null, "الشركةالمنفذة": null}, "geometry": {"type": "Point", "coordinates": [31.557234816161095, 30.265543863529512, 0.0]}}, {"type": "Feature", "properties": {"Description": null, "Electric_Feature_Type": "كوفرية", "Easting": null, "Northing": null, "GlobalID": "{EAD14989-FA90-4530-A780-099C3775C566}", "ID": null, "القطاع": null, "الشركةالمنفذة": null}, "geometry": {"type": "Point", "coordinates": [31.55753989133878, 30.265581967537354, 0.0]}}, {"type": "Feature", "properties": {"Description": null, "Electric_Feature_Type": "كوفرية", "Easting": null, "Northing": null, "GlobalID": "{86367805-027C-44AD-9D05-5B4462A81E87}", "ID": null, "القطاع": null, "الشركةالمنفذة": null}, "geometry": {"type": "Point", "coordinates": [31.55776019997361, 30.26541820633036, 0.0]}}, {"type": "Feature", "properties": {"Description": null, "Electric_Feature_Type": "كوفرية", "Easting": null, "Northing": null, "GlobalID": "{7B9808F2-B796-4C85-828D-823D89BF5E06}", "ID": null, "القطاع": null, "الشركةالمنفذة": null}, "geometry": {"type": "Point", "coordinates": [31.568936754887165, 30.27475482230209, 0.0]}}, {"type": "Feature", "properties": {"Description": null, "Electric_Feature_Type": "كوفرية", "Easting": null, "Northing": null, "GlobalID": "{C78C15B8-AC32-415B-99F8-DA046B40B0DD}", "ID": null, "القطاع": null, "الشركةالمنفذة": null}, "geometry": {"type": "Point", "coordinates": [31.568543995631554, 30.275040581752375, 0.0]}}, {"type": "Feature", "properties": {"Description": null, "Electric_Feature_Type": "كوفرية", "Easting": null, "Northing": null, "GlobalID": "{6423A6D2-6DAF-489C-8158-E65294BED413}", "ID": null, "القطاع": null, "الشركةالمنفذة": null}, "geometry": {"type": "Point", "coordinates": [31.56834072450283, 30.274166612788505, 0.0]}}, {"type": "Feature", "properties": {"Description": null, "Electric_Feature_Type": "كوفرية", "Easting": null, "Northing": null, "GlobalID": "{D851237B-D539-4D55-8A8C-84A1F5DC4801}", "ID": null, "القطاع": null, "الشركةالمنفذة": null}, "geometry": {"type": "Point", "coordinates": [31.56800446366717, 30.274405954691062, 0.0]}}, {"type": "Feature", "properties": {"Description": null, "Electric_Feature_Type": "كوفرية", "Easting": null, "Northing": null, "GlobalID": "{884AFD7E-AB01-4875-8EE0-B2BEEE64106A}", "ID": null, "القطاع": null, "الشركةالمنفذة": null}, "geometry": {"type": "Point", "coordinates": [31.56739649538582, 30.273821492670585, 0.0]}}, {"type": "Feature", "properties": {"Description": null, "Electric_Feature_Type": "كوفرية", "Easting": null, "Northing": null, "GlobalID": "{1C75CD8E-30C6-468F-903D-9AD175E4163F}", "ID": null, "القطاع": null, "الشركةالمنفذة": null}, "geometry": {"type": "Point", "coordinates": [31.56776894779385, 30.273560616299637, 0.0]}}, {"type": "Feature", "properties": {"Description": null, "Electric_Feature_Type": "كوفرية", "Easting": null, "Northing": null, "GlobalID": "{CA5A93B6-A30A-4BA4-91AF-AD29B89D09B1}", "ID": null, "القطاع": null, "الشركةالمنفذة": null}, "geometry": {"type": "Point", "coordinates": [31.56680025171645, 30.27323989334693, 0.0]}}, {"type": "Feature", "properties": {"Description": null, "Electric_Feature_Type": "كوفرية", "Easting": null, "Northing": null, "GlobalID": "{334F8081-AE5E-4650-9585-15C94EF3447C}", "ID": null, "القطاع": null, "الشركةالمنفذة": null}, "geometry": {"type": "Point", "coordinates": [31.56717483534705, 30.272967843943977, 0.0]}}, {"type": "Feature", "properties": {"Description": null, "Electric_Feature_Type": "كوفرية", "Easting": null, "Northing": null, "GlobalID": "{DBDF7315-63AA-4D2D-9226-4952FEAADD12}", "ID": null, "القطاع": null, "الشركةالمنفذة": null}, "geometry": {"type": "Point", "coordinates": [31.56622495748436, 30.27265185306765, 0.0]}}, {"type": "Feature", "properties": {"Description": null, "Electric_Feature_Type": "كوفرية", "Easting": null, "Northing": null, "GlobalID": "{909E4A78-2130-46AD-8BE2-0FED2CB29754}", "ID": null, "القطاع": null, "الشركةالمنفذة": null}, "geometry": {"type": "Point", "coordinates": [31.566516188260177, 30.27242517826043, 0.0]}}, {"type": "Feature", "properties": {"Description": null, "Electric_Feature_Type": "كوفرية", "Easting": null, "Northing": null, "GlobalID": "{61F74BFB-B244-4247-BFF3-9EE766C3C7F5}", "ID": null, "القطاع": null, "الشركةالمنفذة": null}, "geometry": {"type": "Point", "coordinates": [31.56843226837277, 30.274363196975834, 0.0]}}, {"type": "Feature", "properties": {"Description": null, "Electric_Feature_Type": "كوفرية", "Easting": null, "Northing": null, "GlobalID": "{853D67AA-1716-40DF-9B1D-B286175B9D4A}", "ID": null, "القطاع": null, "الشركةالمنفذة": null}, "geometry": {"type": "Point", "coordinates": [31.568126150788892, 30.27458929822989, 0.0]}}, {"type": "Feature", "properties": {"Description": null, "Electric_Feature_Type": "كوفرية", "Easting": null, "Northing": null, "GlobalID": "{63E654B2-AE17-44B3-9136-3013F126603D}", "ID": null, "القطاع": null, "الشركةالمنفذة": null}, "geometry": {"type": "Point", "coordinates": [31.56756472359604, 30.273985594156525, 0.0]}}, {"type": "Feature", "properties": {"Description": null, "Electric_Feature_Type": "كوفرية", "Easting": null, "Northing": null, "GlobalID": "{CA5A2EA2-C3B2-48EF-BBB4-79E5944A2DE0}", "ID": null, "القطاع": null, "الشركةالمنفذة": null}, "geometry": {"type": "Point", "coordinates": [31.567847455747685, 30.273769167043362, 0.0]}}, {"type": "Feature", "properties": {"Description": null, "Electric_Feature_Type": "كوفرية", "Easting": null, "Northing": null, "GlobalID": "{5C9FDF20-8472-4D79-9F7D-C006596364A2}", "ID": null, "القطاع": null, "الشركةالمنفذة": null}, "geometry": {"type": "Point", "coordinates": [31.567304475335966, 30.273145343857475, 0.0]}}, {"type": "Feature", "properties": {"Description": null, "Electric_Feature_Type": "كوفرية", "Easting": null, "Northing": null, "GlobalID": "{4575AB91-73CA-4107-B112-4E021427A9B9}", "ID": null, "القطاع": null, "الشركةالمنفذة": null}, "geometry": {"type": "Point", "coordinates": [31.566918385859662, 30.273431710986294, 0.0]}}, {"type": "Feature", "properties": {"Description": null, "Electric_Feature_Type": "كوفرية", "Easting": null, "Northing": null, "GlobalID": "{6D86D0D9-C6D8-4DE5-A7F7-5C344D7BA9BC}", "ID": null, "القطاع": null, "الشركةالمنفذة": null}, "geometry": {"type": "Point", "coordinates": [31.56633328951594, 30.272844913306624, 0.0]}}, {"type": "Feature", "properties": {"Description": null, "Electric_Feature_Type": "كوفرية", "Easting": null, "Northing": null, "GlobalID": "{ABEE84E3-0B3A-4389-8D3F-845281AAE4B6}", "ID": null, "القطاع": null, "الشركةالمنفذة": null}, "geometry": {"type": "Point", "coordinates": [31.566713812645308, 30.272558798349824, 0.0]}}, {"type": "Feature", "properties": {"Description": null, "Electric_Feature_Type": "كوفرية", "Easting": null, "Northing": null, "GlobalID": "{BC3DB927-A3D4-4C27-8883-5603A0756C2F}", "ID": null, "القطاع": null, "الشركةالمنفذة": null}, "geometry": {"type": "Point", "coordinates": [31.565787990765102, 30.272230357620145, 0.0]}}, {"type": "Feature", "properties": {"Description": null, "Electric_Feature_Type": "كوفرية", "Easting": null, "Northing": null, "GlobalID": "{40C960C9-19C1-423A-9AF8-533EF72E1A7B}", "ID": null, "القطاع": null, "الشركةالمنفذة": null}, "geometry": {"type": "Point", "coordinates": [31.566080379770305, 30.272000907695055, 0.0]}}, {"type": "Feature", "properties": {"Description": null, "Electric_Feature_Type": "كوفرية", "Easting": null, "Northing": null, "GlobalID": "{33320262-DC04-4B6A-B2FB-DD296972AF09}", "ID": null, "القطاع": null, "الشركةالمنفذة": null}, "geometry": {"type": "Point", "coordinates": [31.565477633455014, 30.271431053960345, 0.0]}}, {"type": "Feature", "properties": {"Description": null, "Electric_Feature_Type": "كوفرية", "Easting": null, "Northing": null, "GlobalID": "{A514F963-6C01-47EA-A0E3-4EB3E46D9D73}", "ID": null, "القطاع": null, "الشركةالمنفذة": null}, "geometry": {"type": "Point", "coordinates": [31.565207985527888, 30.271637473696728, 0.0]}}, {"type": "Feature", "properties": {"Description": null, "Electric_Feature_Type": "كوفرية", "Easting": null, "Northing": null, "GlobalID": "{41FDACB1-DCA5-4951-9451-FDD1D786F827}", "ID": null, "القطاع": null, "الشركةالمنفذة": null}, "geometry": {"type": "Point", "coordinates": [31.565963905483194, 30.27182740167115, 0.0]}}, {"type": "Feature", "properties": {"Description": null, "Electric_Feature_Type": "كوفرية", "Easting": null, "Northing": null, "GlobalID": "{F15B2B0E-6BD2-4E3B-A2AB-9C212C49A186}", "ID": null, "القطاع": null, "الشركةالمنفذة": null}, "geometry": {"type": "Point", "coordinates": [31.56558340696723, 30.272117895594487, 0.0]}}, {"type": "Feature", "properties": {"Description": null, "Electric_Feature_Type": "كوفرية", "Easting": null, "Northing": null, "GlobalID": "{7FCAE63D-C7E2-4AAA-84B2-F949F874784C}", "ID": null, "القطاع": null, "الشركةالمنفذة": null}, "geometry": {"type": "Point", "coordinates": [31.568907076592673, 30.274374045341464, 0.0]}}, {"type": "Feature", "properties": {"Description": null, "Electric_Feature_Type": "كوفرية", "Easting": null, "Northing": null, "GlobalID": "{2C2BBF9E-3F70-4078-9559-815BAC9C435D}", "ID": null, "القطاع": null, "الشركةالمنفذة": null}, "geometry": {"type": "Point", "coordinates": [31.568312718974227, 30.273793271147152, 0.0]}}, {"type": "Feature", "properties": {"Description": null, "Electric_Feature_Type": "كوفرية", "Easting": null, "Northing": null, "GlobalID": "{260C8A53-FA8C-4F7B-8A2D-8417456603B8}", "ID": null, "القطاع": null, "الشركةالمنفذة": null}, "geometry": {"type": "Point", "coordinates": [31.56770686528073, 30.273181095072772, 0.0]}}, {"type": "Feature", "properties": {"Description": null, "Electric_Feature_Type": "كوفرية", "Easting": null, "Northing": null, "GlobalID": "{0C45BA30-D8A8-4991-B5A0-E22B982295C0}", "ID": null, "القطاع": null, "الشركةالمنفذة": null}, "geometry": {"type": "Point", "coordinates": [31.567106826940297, 30.272604310565526, 0.0]}}, {"type": "Feature", "properties": {"Description": null, "Electric_Feature_Type": "كوفرية", "Easting": null, "Northing": null, "GlobalID": "{2630751C-5771-4A68-AA9E-40471F383613}", "ID": null, "القطاع": null, "الشركةالمنفذة": null}, "geometry": {"type": "Point", "coordinates": [31.566511899502718, 30.272019395357617, 0.0]}}, {"type": "Feature", "properties": {"Description": null, "Electric_Feature_Type": "كوفرية", "Easting": null, "Northing": null, "GlobalID": "{A683A371-769A-4E6B-AF4B-027D82E507D0}", "ID": null, "القطاع": null, "الشركةالمنفذة": null}, "geometry": {"type": "Point", "coordinates": [31.56590948632605, 30.271428865549673, 0.0]}}, {"type": "Feature", "properties": {"Description": null, "Electric_Feature_Type": "كوفرية", "Easting": null, "Northing": null, "GlobalID": "{0D53848F-8B06-44D1-BC0A-D4D57FC5B39C}", "ID": null, "القطاع": null, "الشركةالمنفذة": null}, "geometry": {"type": "Point", "coordinates": [31.56811654768709, 30.274961903468572, 0.0]}}, {"type": "Feature", "properties": {"Description": null, "Electric_Feature_Type": "كوفرية", "Easting": null, "Northing": null, "GlobalID": "{9EF0B723-9EA3-454B-BB86-0C0CA3CE417F}", "ID": null, "القطاع": null, "الشركةالمنفذة": null}, "geometry": {"type": "Point", "coordinates": [31.567542912744276, 30.274408763950547, 0.0]}}, {"type": "Feature", "properties": {"Description": null, "Electric_Feature_Type": "كوفرية", "Easting": null, "Northing": null, "GlobalID": "{1017F228-686A-486A-ADB4-ED4BF0E74ECD}", "ID": null, "القطاع": null, "الشركةالمنفذة": null}, "geometry": {"type": "Point", "coordinates": [31.56696856742917, 30.27383629229802, 0.0]}}, {"type": "Feature", "properties": {"Description": null, "Electric_Feature_Type": "كوفرية", "Easting": null, "Northing": null, "GlobalID": "{2BE50238-382B-488F-994D-70C81D6EA616}", "ID": null, "القطاع": null, "الشركةالمنفذة": null}, "geometry": {"type": "Point", "coordinates": [31.56635950107137, 30.27323698424712, 0.0]}}, {"type": "Feature", "properties": {"Description": null, "Electric_Feature_Type": "كوفرية", "Easting": null, "Northing": null, "GlobalID": "{8667BCAE-614C-4FE5-8520-2154FAC244FA}", "ID": null, "القطاع": null, "الشركةالمنفذة": null}, "geometry": {"type": "Point", "coordinates": [31.56575354531847, 30.27263730983423, 0.0]}}, {"type": "Feature", "properties": {"Description": null, "Electric_Feature_Type": "كوفرية", "Easting": null, "Northing": null, "GlobalID": "{79AC1074-E9DB-4D6C-8F46-80B5D287DB0B}", "ID": null, "القطاع": null, "الشركةالمنفذة": null}, "geometry": {"type": "Point", "coordinates": [31.56518751008568, 30.272077427313, 0.0]}}, {"type": "Feature", "properties": {"Description": null, "Electric_Feature_Type": "كوفرية", "Easting": null, "Northing": null, "GlobalID": "{647B2E75-2FC2-4004-9F17-D1F4402A27A1}", "ID": null, "القطاع": null, "الشركةالمنفذة": null}, "geometry": {"type": "Point", "coordinates": [31.562813368980695, 30.273562887623527, 0.0]}}, {"type": "Feature", "properties": {"Description": null, "Electric_Feature_Type": "كوفرية", "Easting": null, "Northing": null, "GlobalID": "{164874D4-0F6C-44B2-A53F-562D6A7904E9}", "ID": null, "القطاع": null, "الشركةالمنفذة": null}, "geometry": {"type": "Point", "coordinates": [31.562505676690364, 30.273828955770494, 0.0]}}, {"type": "Feature", "properties": {"Description": null, "Electric_Feature_Type": "كوفرية", "Easting": null, "Northing": null, "GlobalID": "{6357C2A9-C029-4B5F-B968-518B41FF32B2}", "ID": null, "القطاع": null, "الشركةالمنفذة": null}, "geometry": {"type": "Point", "coordinates": [31.563589841477732, 30.272782161857794, 0.0]}}, {"type": "Feature", "properties": {"Description": null, "Electric_Feature_Type": "كوفرية", "Easting": null, "Northing": null, "GlobalID": "{5D285FE5-31F3-4EA2-B524-8EEA00806E02}", "ID": null, "القطاع": null, "الشركةالمنفذة": null}, "geometry": {"type": "Point", "coordinates": [31.564233895830945, 30.272237582623493, 0.0]}}, {"type": "Feature", "properties": {"Description": null, "Electric_Feature_Type": "كوفرية", "Easting": null, "Northing": null, "GlobalID": "{CCA16885-17AF-40A0-B291-2739D6D281C8}", "ID": null, "القطاع": null, "الشركةالمنفذة": null}, "geometry": {"type": "Point", "coordinates": [31.56319306525246, 30.274355473543075, 0.0]}}, {"type": "Feature", "properties": {"Description": null, "Electric_Feature_Type": "كوفرية", "Easting": null, "Northing": null, "GlobalID": "{B0AD93A5-FEBC-4D93-B7B6-697C283FD9BC}", "ID": null, "القطاع": null, "الشركةالمنفذة": null}, "geometry": {"type": "Point", "coordinates": [31.563506427596828, 30.27405808123549, 0.0]}}, {"type": "Feature", "properties": {"Description": null, "Electric_Feature_Type": "كوفرية", "Easting": null, "Northing": null, "GlobalID": "{133B62B3-175E-487D-8B28-660FCE134FD8}", "ID": null, "القطاع": null, "الشركةالمنفذة": null}, "geometry": {"type": "Point", "coordinates": [31.563848060162325, 30.274869125736927, 0.0]}}, {"type": "Feature", "properties": {"Description": null, "Electric_Feature_Type": "كوفرية", "Easting": null, "Northing": null, "GlobalID": "{56D5F8ED-1969-4E41-981E-B171C8DD2D81}", "ID": null, "القطاع": null, "الشركةالمنفذة": null}, "geometry": {"type": "Point", "coordinates": [31.564152522035606, 30.27458105130183, 0.0]}}, {"type": "Feature", "properties": {"Description": null, "Electric_Feature_Type": "كوفرية", "Easting": null, "Northing": null, "GlobalID": "{4550607E-A73E-4B2C-A450-532CF02609D9}", "ID": null, "القطاع": null, "الشركةالمنفذة": null}, "geometry": {"type": "Point", "coordinates": [31.564511637711103, 30.27538381645476, 0.0]}}, {"type": "Feature", "properties": {"Description": null, "Electric_Feature_Type": "كوفرية", "Easting": null, "Northing": null, "GlobalID": "{486B10CE-ED97-4306-863C-2D4F7FE3AC84}", "ID": null, "القطاع": null, "الشركةالمنفذة": null}, "geometry": {"type": "Point", "coordinates": [31.564825938238553, 30.275082696976014, 0.0]}}, {"type": "Feature", "properties": {"Description": null, "Electric_Feature_Type": "كوفرية", "Easting": null, "Northing": null, "GlobalID": "{D8774136-F27C-412B-939F-184AE66BA215}", "ID": null, "القطاع": null, "الشركةالمنفذة": null}, "geometry": {"type": "Point", "coordinates": [31.5651837832877, 30.275916402107665, 0.0]}}, {"type": "Feature", "properties": {"Description": null, "Electric_Feature_Type": "كوفرية", "Easting": null, "Northing": null, "GlobalID": "{EB7FF223-09C6-4BAE-A87C-C594B0961441}", "ID": null, "القطاع": null, "الشركةالمنفذة": null}, "geometry": {"type": "Point", "coordinates": [31.56547083789776, 30.275634384736918, 0.0]}}, {"type": "Feature", "properties": {"Description": null, "Electric_Feature_Type": "كوفرية", "Easting": null, "Northing": null, "GlobalID": "{5E5EA4CB-71FA-4194-B059-B019AD1E8C95}", "ID": null, "القطاع": null, "الشركةالمنفذة": null}, "geometry": {"type": "Point", "coordinates": [31.565862572858826, 30.27643752845519, 0.0]}}, {"type": "Feature", "properties": {"Description": null, "Electric_Feature_Type": "كوفرية", "Easting": null, "Northing": null, "GlobalID": "{DB8E22DA-70AA-4B52-A43E-8891778D00A0}", "ID": null, "القطاع": null, "الشركةالمنفذة": null}, "geometry": {"type": "Point", "coordinates": [31.566143671400024, 30.27615633003597, 0.0]}}, {"type": "Feature", "properties": {"Description": null, "Electric_Feature_Type": "كوفرية", "Easting": null, "Northing": null, "GlobalID": "{40135082-0BC1-40C4-9CAD-996EB7C94A4C}", "ID": null, "القطاع": null, "الشركةالمنفذة": null}, "geometry": {"type": "Point", "coordinates": [31.566310343443245, 30.274892677837986, 0.0]}}, {"type": "Feature", "properties": {"Description": null, "Electric_Feature_Type": "كوفرية", "Easting": null, "Northing": null, "GlobalID": "{FDD1A2FF-1C30-4063-807C-E46F349C054F}", "ID": null, "القطاع": null, "الشركةالمنفذة": null}, "geometry": {"type": "Point", "coordinates": [31.566643572337682, 30.274607863317637, 0.0]}}, {"type": "Feature", "properties": {"Description": null, "Electric_Feature_Type": "كوفرية", "Easting": null, "Northing": null, "GlobalID": "{67CF682E-9921-44D1-8CF5-4037616A235E}", "ID": null, "القطاع": null, "الشركةالمنفذة": null}, "geometry": {"type": "Point", "coordinates": [31.566938172396895, 30.275455184399604, 0.0]}}, {"type": "Feature", "properties": {"Description": null, "Electric_Feature_Type": "كوفرية", "Easting": null, "Northing": null, "GlobalID": "{2A9674B9-7396-4073-9B08-F04DC73A2EF2}", "ID": null, "القطاع": null, "الشركةالمنفذة": null}, "geometry": {"type": "Point", "coordinates": [31.567272079662352, 30.275168685766044, 0.0]}}, {"type": "Feature", "properties": {"Description": null, "Electric_Feature_Type": "كوفرية", "Easting": null, "Northing": null, "GlobalID": "{4D3C67E1-DA1F-4959-9254-45745620FC8B}", "ID": null, "القطاع": null, "الشركةالمنفذة": null}, "geometry": {"type": "Point", "coordinates": [31.562986263175898, 30.274206355278157, 0.0]}}, {"type": "Feature", "properties": {"Description": null, "Electric_Feature_Type": "كوفرية", "Easting": null, "Northing": null, "GlobalID": "{73913E7C-08CE-4974-A403-C1A00043785F}", "ID": null, "القطاع": null, "الشركةالمنفذة": null}, "geometry": {"type": "Point", "coordinates": [31.563282703397906, 30.273927555999666, 0.0]}}, {"type": "Feature", "properties": {"Description": null, "Electric_Feature_Type": "كوفرية", "Easting": null, "Northing": null, "GlobalID": "{CC82FAF6-0EFC-456F-A482-172595AD7059}", "ID": null, "القطاع": null, "الشركةالمنفذة": null}, "geometry": {"type": "Point", "coordinates": [31.563671091794028, 30.274706967553833, 0.0]}}, {"type": "Feature", "properties": {"Description": null, "Electric_Feature_Type": "كوفرية", "Easting": null, "Northing": null, "GlobalID": "{F2A64AFC-F819-48DF-A03B-C3F717E9EEB3}", "ID": null, "القطاع": null, "الشركةالمنفذة": null}, "geometry": {"type": "Point", "coordinates": [31.5639777421294, 30.27442212425146, 0.0]}}, {"type": "Feature", "properties": {"Description": null, "Electric_Feature_Type": "كوفرية", "Easting": null, "Northing": null, "GlobalID": "{2C10C0A8-77E9-4A10-9C54-1FA13DF615AC}", "ID": null, "القطاع": null, "الشركةالمنفذة": null}, "geometry": {"type": "Point", "coordinates": [31.564333590171575, 30.275235040242375, 0.0]}}, {"type": "Feature", "properties": {"Description": null, "Electric_Feature_Type": "كوفرية", "Easting": null, "Northing": null, "GlobalID": "{4184EAFB-F10C-4F59-A7D3-42BFCE1E6495}", "ID": null, "القطاع": null, "الشركةالمنفذة": null}, "geometry": {"type": "Point", "coordinates": [31.56464569465677, 30.274938805281423, 0.0]}}, {"type": "Feature", "properties": {"Description": null, "Electric_Feature_Type": "كوفرية", "Easting": null, "Northing": null, "GlobalID": "{ADB86610-61F8-45C2-9823-BA97D91D7F24}", "ID": null, "القطاع": null, "الشركةالمنفذة": null}, "geometry": {"type": "Point", "coordinates": [31.56500251923611, 30.275748175506624, 0.0]}}, {"type": "Feature", "properties": {"Description": null, "Electric_Feature_Type": "كوفرية", "Easting": null, "Northing": null, "GlobalID": "{27471FD5-0389-4E22-8502-5FE67BA2C91B}", "ID": null, "القطاع": null, "الشركةالمنفذة": null}, "geometry": {"type": "Point", "coordinates": [31.56532904332556, 30.275447048177885, 0.0]}}, {"type": "Feature", "properties": {"Description": null, "Electric_Feature_Type": "كوفرية", "Easting": null, "Northing": null, "GlobalID": "{CB423C2F-80F3-43A1-BBB2-7704B241469A}", "ID": null, "القطاع": null, "الشركةالمنفذة": null}, "geometry": {"type": "Point", "coordinates": [31.56566177069686, 30.27629207709732, 0.0]}}, {"type": "Feature", "properties": {"Description": null, "Electric_Feature_Type": "كوفرية", "Easting": null, "Northing": null, "GlobalID": "{3F59A46E-0CAE-498E-8A02-136E68958863}", "ID": null, "القطاع": null, "الشركةالمنفذة": null}, "geometry": {"type": "Point", "coordinates": [31.56595892473635, 30.27600860521624, 0.0]}}, {"type": "Feature", "properties": {"Description": null, "Electric_Feature_Type": "كوفرية", "Easting": null, "Northing": null, "GlobalID": "{554AB93D-2BAB-4143-8759-016B99E3AE69}", "ID": null, "القطاع": null, "الشركةالمنفذة": null}, "geometry": {"type": "Point", "coordinates": [31.56632913300966, 30.27680737253421, 0.0]}}, {"type": "Feature", "properties": {"Description": null, "Electric_Feature_Type": "كوفرية", "Easting": null, "Northing": null, "GlobalID": "{33603708-B5AB-499B-828C-C8F27DDE96D9}", "ID": null, "القطاع": null, "الشركةالمنفذة": null}, "geometry": {"type": "Point", "coordinates": [31.566613730619565, 30.276528001788023, 0.0]}}, {"type": "Feature", "properties": {"Description": null, "Electric_Feature_Type": "كوفرية", "Easting": null, "Northing": null, "GlobalID": "{5EA73B41-EABE-40B9-A6E5-A49AA00233FD}", "ID": null, "القطاع": null, "الشركةالمنفذة": null}, "geometry": {"type": "Point", "coordinates": [31.567406158671936, 30.275853421162463, 0.0]}}, {"type": "Feature", "properties": {"Description": null, "Electric_Feature_Type": "كوفرية", "Easting": null, "Northing": null, "GlobalID": "{C8F87AEF-5627-4FA4-980A-AECDA0902CCA}", "ID": null, "القطاع": null, "الشركةالمنفذة": null}, "geometry": {"type": "Point", "coordinates": [31.5677047350984, 30.275589254645375, 0.0]}}, {"type": "Feature", "properties": {"Description": null, "Electric_Feature_Type": "كوفرية", "Easting": null, "Northing": null, "GlobalID": "{C25A95D4-6A5D-4C07-9ED7-F7528523941B}", "ID": null, "القطاع": null, "الشركةالمنفذة": null}, "geometry": {"type": "Point", "coordinates": [31.567097051468306, 30.27500593935621, 0.0]}}, {"type": "Feature", "properties": {"Description": null, "Electric_Feature_Type": "كوفرية", "Easting": null, "Northing": null, "GlobalID": "{A93DE0FC-D6E8-4CF7-9B69-254BC82B0E28}", "ID": null, "القطاع": null, "الشركةالمنفذة": null}, "geometry": {"type": "Point", "coordinates": [31.56672773577065, 30.275315384305728, 0.0]}}, {"type": "Feature", "properties": {"Description": null, "Electric_Feature_Type": "كوفرية", "Easting": null, "Northing": null, "GlobalID": "{241B8B1C-AA70-490A-9220-C55378E118CA}", "ID": null, "القطاع": null, "الشركةالمنفذة": null}, "geometry": {"type": "Point", "coordinates": [31.564303337083874, 30.273415220231605, 0.0]}}, {"type": "Feature", "properties": {"Description": null, "Electric_Feature_Type": "كوفرية", "Easting": null, "Northing": null, "GlobalID": "{C9F1A0E3-8B44-4624-8E7C-F52CBAE1EAB3}", "ID": null, "القطاع": null, "الشركةالمنفذة": null}, "geometry": {"type": "Point", "coordinates": [31.56494266068042, 30.27286951773435, 0.0]}}, {"type": "Feature", "properties": {"Description": null, "Electric_Feature_Type": "كوفرية", "Easting": null, "Northing": null, "GlobalID": "{BD813C91-EE2C-4419-889C-3DD2CDA011C0}", "ID": null, "القطاع": null, "الشركةالمنفذة": null}, "geometry": {"type": "Point", "coordinates": [31.56256972329435, 30.274218092361984, 0.0]}}, {"type": "Feature", "properties": {"Description": null, "Electric_Feature_Type": "كوفرية", "Easting": null, "Northing": null, "GlobalID": "{68989260-95B3-448E-A68F-AE395FECEC4F}", "ID": null, "القطاع": null, "الشركةالمنفذة": null}, "geometry": {"type": "Point", "coordinates": [31.563221156549588, 30.27474849862886, 0.0]}}, {"type": "Feature", "properties": {"Description": null, "Electric_Feature_Type": "كوفرية", "Easting": null, "Northing": null, "GlobalID": "{EAB7E28D-CA66-4628-86F5-65FF67595982}", "ID": null, "القطاع": null, "الشركةالمنفذة": null}, "geometry": {"type": "Point", "coordinates": [31.56386684328353, 30.275266867747007, 0.0]}}, {"type": "Feature", "properties": {"Description": null, "Electric_Feature_Type": "كوفرية", "Easting": null, "Northing": null, "GlobalID": "{9BE60ECF-09C3-481A-8A12-B588961F1728}", "ID": null, "القطاع": null, "الشركةالمنفذة": null}, "geometry": {"type": "Point", "coordinates": [31.564543059396204, 30.27578195402628, 0.0]}}, {"type": "Feature", "properties": {"Description": null, "Electric_Feature_Type": "كوفرية", "Easting": null, "Northing": null, "GlobalID": "{F988357F-98E5-494C-A668-A231E6EA892E}", "ID": null, "القطاع": null, "الشركةالمنفذة": null}, "geometry": {"type": "Point", "coordinates": [31.565242137505344, 30.27629758313175, 0.0]}}, {"type": "Feature", "properties": {"Description": null, "Electric_Feature_Type": "كوفرية", "Easting": null, "Northing": null, "GlobalID": "{8257F13B-4D41-4298-BFFD-E10A164E08C4}", "ID": null, "القطاع": null, "الشركةالمنفذة": null}, "geometry": {"type": "Point", "coordinates": [31.565904921681728, 30.27681940872252, 0.0]}}, {"type": "Feature", "properties": {"Description": null, "Electric_Feature_Type": "كوفرية", "Easting": null, "Northing": null, "GlobalID": "{C756707B-C84D-43B1-8459-BB12878ED397}", "ID": null, "القطاع": null, "الشركةالمنفذة": null}, "geometry": {"type": "Point", "coordinates": [31.566932784479814, 30.27583633982402, 0.0]}}, {"type": "Feature", "properties": {"Description": null, "Electric_Feature_Type": "كوفرية", "Easting": null, "Northing": null, "GlobalID": "{FA3C9674-C26A-469A-BB17-FB1AAA35E3B3}", "ID": null, "القطاع": null, "الشركةالمنفذة": null}, "geometry": {"type": "Point", "coordinates": [31.56632807175828, 30.27531552872814, 0.0]}}, {"type": "Feature", "properties": {"Description": null, "Electric_Feature_Type": "كوفرية", "Easting": null, "Northing": null, "GlobalID": "{775E00EC-5073-449D-9E9D-315807DD2EAF}", "ID": null, "القطاع": null, "الشركةالمنفذة": null}, "geometry": {"type": "Point", "coordinates": [31.563571366613175, 30.2731776800585, 0.0]}}, {"type": "Feature", "properties": {"Description": null, "Electric_Feature_Type": "كوفرية", "Easting": null, "Northing": null, "GlobalID": "{8BEF1C9E-84CA-4231-9F87-10DD02446C93}", "ID": null, "القطاع": null, "الشركةالمنفذة": null}, "geometry": {"type": "Point", "coordinates": [31.563859561435425, 30.273447279849925, 0.0]}}, {"type": "Feature", "properties": {"Description": null, "Electric_Feature_Type": "كوفرية", "Easting": null, "Northing": null, "GlobalID": "{0C58F7CC-4749-4BBD-AFA3-D8FED27BF334}", "ID": null, "القطاع": null, "الشركةالمنفذة": null}, "geometry": {"type": "Point", "coordinates": [31.56419679942715, 30.272622938332685, 0.0]}}, {"type": "Feature", "properties": {"Description": null, "Electric_Feature_Type": "كوفرية", "Easting": null, "Northing": null, "GlobalID": "{9BB27408-781D-4963-94EB-38D03AEDFD77}", "ID": null, "القطاع": null, "الشركةالمنفذة": null}, "geometry": {"type": "Point", "coordinates": [31.564469413683973, 30.272848123159573, 0.0]}}, {"type": "Feature", "properties": {"Description": null, "Electric_Feature_Type": "كوفرية", "Easting": null, "Northing": null, "GlobalID": "{4308D154-3FD0-4D06-B594-0C00E7CF3A10}", "ID": null, "القطاع": null, "الشركةالمنفذة": null}, "geometry": {"type": "Point", "coordinates": [31.563237991755642, 30.273553386417838, 0.0]}}, {"type": "Feature", "properties": {"Description": null, "Electric_Feature_Type": "كوفرية", "Easting": null, "Northing": null, "GlobalID": "{5809D731-25D0-4F70-A3C3-747C4F7DF4AA}", "ID": null, "القطاع": null, "الشركةالمنفذة": null}, "geometry": {"type": "Point", "coordinates": [31.563942470803035, 30.274071159121984, 0.0]}}, {"type": "Feature", "properties": {"Description": null, "Electric_Feature_Type": "كوفرية", "Easting": null, "Northing": null, "GlobalID": "{67C97DA2-A744-4E5E-8E4C-F572ED581ED7}", "ID": null, "القطاع": null, "الشركةالمنفذة": null}, "geometry": {"type": "Point", "coordinates": [31.564593821380132, 30.27460035825288, 0.0]}}, {"type": "Feature", "properties": {"Description": null, "Electric_Feature_Type": "كوفرية", "Easting": null, "Northing": null, "GlobalID": "{524855EB-0B01-4A28-B9FB-3A7C698F7B09}", "ID": null, "القطاع": null, "الشركةالمنفذة": null}, "geometry": {"type": "Point", "coordinates": [31.565259071139106, 30.275123781491548, 0.0]}}, {"type": "Feature", "properties": {"Description": null, "Electric_Feature_Type": "كوفرية", "Easting": null, "Northing": null, "GlobalID": "{53EE5434-4329-4462-954A-6AE5E6B647B3}", "ID": null, "القطاع": null, "الشركةالمنفذة": null}, "geometry": {"type": "Point", "coordinates": [31.565921908279318, 30.275642081741694, 0.0]}}, {"type": "Feature", "properties": {"Description": null, "Electric_Feature_Type": "كوفرية", "Easting": null, "Northing": null, "GlobalID": "{E1E287EB-9543-409E-A905-B19C79970BC0}", "ID": null, "القطاع": null, "الشركةالمنفذة": null}, "geometry": {"type": "Point", "coordinates": [31.566589851162437, 30.276153684064393, 0.0]}}, {"type": "Feature", "properties": {"Description": null, "Electric_Feature_Type": "كوفرية", "Easting": null, "Northing": null, "GlobalID": "{818B61C5-DB15-49A8-B0DE-BF81606FD844}", "ID": null, "القطاع": null, "الشركةالمنفذة": null}, "geometry": {"type": "Point", "coordinates": [31.56464992202391, 30.27222329966366, 0.0]}}, {"type": "Feature", "properties": {"Description": null, "Electric_Feature_Type": "كوفرية", "Easting": null, "Northing": null, "GlobalID": "{6DD2B89B-524A-4F33-9ED1-75C1FE480372}", "ID": null, "القطاع": null, "الشركةالمنفذة": null}, "geometry": {"type": "Point", "coordinates": [31.564961922905642, 30.272501071717905, 0.0]}}, {"type": "Feature", "properties": {"Description": null, "Electric_Feature_Type": "كوفرية", "Easting": null, "Northing": null, "GlobalID": "{2F932497-67C9-4027-B47F-D73D9974A892}", "ID": null, "القطاع": null, "الشركةالمنفذة": null}, "geometry": {"type": "Point", "coordinates": [31.5670653051694, 30.274647684971924, 0.0]}}, {"type": "Feature", "properties": {"Description": null, "Electric_Feature_Type": "كوفرية", "Easting": null, "Northing": null, "GlobalID": "{7C51CA64-3E4B-48A2-AC52-2015E3851739}", "ID": null, "القطاع": null, "الشركةالمنفذة": null}, "geometry": {"type": "Point", "coordinates": [31.567698884484244, 30.275211543143115, 0.0]}}, {"type": "Feature", "properties": {"Description": null, "Electric_Feature_Type": "كوفرية", "Easting": null, "Northing": null, "GlobalID": "{CD3B7F00-A749-4A01-9285-24343A30F960}", "ID": null, "القطاع": null, "الشركةالمنفذة": null}, "geometry": {"type": "Point", "coordinates": [31.563993042626937, 30.272748215602558, 0.0]}}, {"type": "Feature", "properties": {"Description": null, "Electric_Feature_Type": "كوفرية", "Easting": null, "Northing": null, "GlobalID": "{DA5030AB-4023-479B-B030-9CEFC9BF4762}", "ID": null, "القطاع": null, "الشركةالمنفذة": null}, "geometry": {"type": "Point", "coordinates": [31.564331199739453, 30.273051910529986, 0.0]}}, {"type": "Feature", "properties": {"Description": null, "Electric_Feature_Type": "كوفرية", "Easting": null, "Northing": null, "GlobalID": "{B8CC5884-D225-4330-9C55-671E2EB2E313}", "ID": null, "القطاع": null, "الشركةالمنفذة": null}, "geometry": {"type": "Point", "coordinates": [31.558605355911467, 30.266234788730006, 0.0]}}, {"type": "Feature", "properties": {"Description": null, "Electric_Feature_Type": "كوفرية", "Easting": null, "Northing": null, "GlobalID": "{AA31F989-8796-483E-8270-E90D61CF9B19}", "ID": null, "القطاع": null, "الشركةالمنفذة": null}, "geometry": {"type": "Point", "coordinates": [31.55837120862651, 30.26606848794888, 0.0]}}, {"type": "Feature", "properties": {"Description": null, "Electric_Feature_Type": "كوفرية", "Easting": null, "Northing": null, "GlobalID": "{63117A01-D2E3-485F-BB0B-46B037332D73}", "ID": null, "القطاع": null, "الشركةالمنفذة": null}, "geometry": {"type": "Point", "coordinates": [31.558192768478374, 30.265853836398545, 0.0]}}, {"type": "Feature", "properties": {"Description": null, "Electric_Feature_Type": "كوفرية", "Easting": null, "Northing": null, "GlobalID": "{4AF11543-B19A-4CDC-B8D4-AA444CF189C3}", "ID": null, "القطاع": null, "الشركةالمنفذة": null}, "geometry": {"type": "Point", "coordinates": [31.55896927010819, 30.266036250683552, 0.0]}}, {"type": "Feature", "properties": {"Description": null, "Electric_Feature_Type": "كوفرية", "Easting": null, "Northing": null, "GlobalID": "{51DCC9D7-0C7D-4EFA-AACC-606A419A2683}", "ID": null, "القطاع": null, "الشركةالمنفذة": null}, "geometry": {"type": "Point", "coordinates": [31.558915876828692, 30.265780048473378, 0.0]}}, {"type": "Feature", "properties": {"Description": null, "Electric_Feature_Type": "كوفرية", "Easting": null, "Northing": null, "GlobalID": "{D6D3028E-3995-46E2-8C8F-A5C0EA8930D5}", "ID": null, "القطاع": null, "الشركةالمنفذة": null}, "geometry": {"type": "Point", "coordinates": [31.558792086760835, 30.26554160794358, 0.0]}}, {"type": "Feature", "properties": {"Description": null, "Electric_Feature_Type": "كوفرية", "Easting": null, "Northing": null, "GlobalID": "{D3AB8D38-99FD-4177-A158-2CC2F306C0E4}", "ID": null, "القطاع": null, "الشركةالمنفذة": null}, "geometry": {"type": "Point", "coordinates": [31.55849099857784, 30.265454038866018, 0.0]}}, {"type": "Feature", "properties": {"Description": null, "Electric_Feature_Type": "كوفرية", "Easting": null, "Northing": null, "GlobalID": "{7F24D3AB-FF47-4DA0-A0EA-CDB01F29537D}", "ID": null, "القطاع": null, "الشركةالمنفذة": null}, "geometry": {"type": "Point", "coordinates": [31.55824577287642, 30.26558599749875, 0.0]}}, {"type": "Feature", "properties": {"Description": null, "Electric_Feature_Type": "كوفرية", "Easting": null, "Northing": null, "GlobalID": "{22825542-BCD8-4B95-9F86-411984943730}", "ID": null, "القطاع": null, "الشركةالمنفذة": null}, "geometry": {"type": "Point", "coordinates": [31.559535482680307, 30.265901452351724, 0.0]}}, {"type": "Feature", "properties": {"Description": null, "Electric_Feature_Type": "كوفرية", "Easting": null, "Northing": null, "GlobalID": "{1B4977F7-60E5-40A1-AEEC-2662D17B7A05}", "ID": null, "القطاع": null, "الشركةالمنفذة": null}, "geometry": {"type": "Point", "coordinates": [31.559429094020178, 30.265656035759598, 0.0]}}, {"type": "Feature", "properties": {"Description": null, "Electric_Feature_Type": "كوفرية", "Easting": null, "Northing": null, "GlobalID": "{3E5A6C80-FE54-46E1-9572-365AC8BC83FD}", "ID": null, "القطاع": null, "الشركةالمنفذة": null}, "geometry": {"type": "Point", "coordinates": [31.559397386621665, 30.26539439211802, 0.0]}}, {"type": "Feature", "properties": {"Description": null, "Electric_Feature_Type": "كوفرية", "Easting": null, "Northing": null, "GlobalID": "{2209DA7E-4C84-49AB-823C-2B4CABD6B5AD}", "ID": null, "القطاع": null, "الشركةالمنفذة": null}, "geometry": {"type": "Point", "coordinates": [31.55959534575892, 30.265193067292987, 0.0]}}, {"type": "Feature", "properties": {"Description": null, "Electric_Feature_Type": "كوفرية", "Easting": null, "Northing": null, "GlobalID": "{DEF8AA00-11D1-412B-9B5F-266C5AE33887}", "ID": null, "القطاع": null, "الشركةالمنفذة": null}, "geometry": {"type": "Point", "coordinates": [31.559888765500066, 30.26518992083892, 0.0]}}, {"type": "Feature", "properties": {"Description": null, "Electric_Feature_Type": "كوفرية", "Easting": null, "Northing": null, "GlobalID": "{B8CEC30B-7CDC-43C9-B710-5752E0A3A5A1}", "ID": null, "القطاع": null, "الشركةالمنفذة": null}, "geometry": {"type": "Point", "coordinates": [31.559975366905874, 30.2659782243841, 0.0]}}, {"type": "Feature", "properties": {"Description": null, "Electric_Feature_Type": "كوفرية", "Easting": null, "Northing": null, "GlobalID": "{F8A4D6BC-DE70-4D9C-94B1-7E1B940BFD72}", "ID": null, "القطاع": null, "الشركةالمنفذة": null}, "geometry": {"type": "Point", "coordinates": [31.560061367219575, 30.26565017133605, 0.0]}}, {"type": "Feature", "properties": {"Description": null, "Electric_Feature_Type": "كوفرية", "Easting": null, "Northing": null, "GlobalID": "{4E3A2CE3-1026-4EAA-A268-01FB8B0BDCA7}", "ID": null, "القطاع": null, "الشركةالمنفذة": null}, "geometry": {"type": "Point", "coordinates": [31.5600953695597, 30.265384204319588, 0.0]}}, {"type": "Feature", "properties": {"Description": null, "Electric_Feature_Type": "كوفرية", "Easting": null, "Northing": null, "GlobalID": "{769EF4CE-75E4-4BFC-8009-59E168678D9B}", "ID": null, "القطاع": null, "الشركةالمنفذة": null}, "geometry": {"type": "Point", "coordinates": [31.560940991662928, 30.266261468093987, 0.0]}}, {"type": "Feature", "properties": {"Description": null, "Electric_Feature_Type": "كوفرية", "Easting": null, "Northing": null, "GlobalID": "{AE65E790-1D1D-4D53-97F2-205E6F8B354A}", "ID": null, "القطاع": null, "الشركةالمنفذة": null}, "geometry": {"type": "Point", "coordinates": [31.56117614053835, 30.265985299769348, 0.0]}}, {"type": "Feature", "properties": {"Description": null, "Electric_Feature_Type": "كوفرية", "Easting": null, "Northing": null, "GlobalID": "{A68F663F-9E7C-4BC0-B631-A55A0AFC3804}", "ID": null, "القطاع": null, "الشركةالمنفذة": null}, "geometry": {"type": "Point", "coordinates": [31.561314882124602, 30.265755848301925, 0.0]}}, {"type": "Feature", "properties": {"Description": null, "Electric_Feature_Type": "كوفرية", "Easting": null, "Northing": null, "GlobalID": "{2BCF6B51-FCB6-41C0-AE9A-E33395814804}", "ID": null, "القطاع": null, "الشركةالمنفذة": null}, "geometry": {"type": "Point", "coordinates": [31.560568560108734, 30.266042238870394, 0.0]}}, {"type": "Feature", "properties": {"Description": null, "Electric_Feature_Type": "كوفرية", "Easting": null, "Northing": null, "GlobalID": "{30E4A6DC-F095-4759-A63B-F20FF4A2E4CE}", "ID": null, "القطاع": null, "الشركةالمنفذة": null}, "geometry": {"type": "Point", "coordinates": [31.56054327951048, 30.265854901088932, 0.0]}}, {"type": "Feature", "properties": {"Description": null, "Electric_Feature_Type": "كوفرية", "Easting": null, "Northing": null, "GlobalID": "{EAC8ABFB-CFE8-42F9-9E4C-7E06BBDE9CC4}", "ID": null, "القطاع": null, "الشركةالمنفذة": null}, "geometry": {"type": "Point", "coordinates": [31.560673270588875, 30.26552930173202, 0.0]}}, {"type": "Feature", "properties": {"Description": null, "Electric_Feature_Type": "كوفرية", "Easting": null, "Northing": null, "GlobalID": "{D5317C56-02EF-4A49-932C-671115040285}", "ID": null, "القطاع": null, "الشركةالمنفذة": null}, "geometry": {"type": "Point", "coordinates": [31.560946816555287, 30.26539991367865, 0.0]}}, {"type": "Feature", "properties": {"Description": null, "Electric_Feature_Type": "كوفرية", "Easting": null, "Northing": null, "GlobalID": "{2B2128A2-87FD-4C65-BD17-D95673494993}", "ID": null, "القطاع": null, "الشركةالمنفذة": null}, "geometry": {"type": "Point", "coordinates": [31.561224184823356, 30.265499624495813, 0.0]}}, {"type": "Feature", "properties": {"Description": null, "Electric_Feature_Type": "كوفرية", "Easting": null, "Northing": null, "GlobalID": "{D0C1E7C1-818F-4E7D-9476-E73792EF49B6}", "ID": null, "القطاع": null, "الشركةالمنفذة": null}, "geometry": {"type": "Point", "coordinates": [31.561992768821536, 30.26664954278308, 0.0]}}, {"type": "Feature", "properties": {"Description": null, "Electric_Feature_Type": "كوفرية", "Easting": null, "Northing": null, "GlobalID": "{02EDA048-541D-4601-A7CF-4593BE4081D0}", "ID": null, "القطاع": null, "الشركةالمنفذة": null}, "geometry": {"type": "Point", "coordinates": [31.562238626621333, 30.266381252964457, 0.0]}}, {"type": "Feature", "properties": {"Description": null, "Electric_Feature_Type": "كوفرية", "Easting": null, "Northing": null, "GlobalID": "{1EC1FEB2-08E6-45F4-AF5D-A789917F2B9F}", "ID": null, "القطاع": null, "الشركةالمنفذة": null}, "geometry": {"type": "Point", "coordinates": [31.562380675790543, 30.26615540792858, 0.0]}}, {"type": "Feature", "properties": {"Description": null, "Electric_Feature_Type": "كوفرية", "Easting": null, "Northing": null, "GlobalID": "{CF7DF2D1-88C0-4AC8-828E-22E4D3BF4471}", "ID": null, "القطاع": null, "الشركةالمنفذة": null}, "geometry": {"type": "Point", "coordinates": [31.56298638307168, 30.267045929195724, 0.0]}}, {"type": "Feature", "properties": {"Description": null, "Electric_Feature_Type": "كوفرية", "Easting": null, "Northing": null, "GlobalID": "{A28BE12D-3526-40FB-88C7-1BDE0E7BDC56}", "ID": null, "القطاع": null, "الشركةالمنفذة": null}, "geometry": {"type": "Point", "coordinates": [31.563237271859435, 30.26678310307443, 0.0]}}, {"type": "Feature", "properties": {"Description": null, "Electric_Feature_Type": "كوفرية", "Easting": null, "Northing": null, "GlobalID": "{9F9D53B2-DD87-4354-BB5D-30932880924F}", "ID": null, "القطاع": null, "الشركةالمنفذة": null}, "geometry": {"type": "Point", "coordinates": [31.563395567232856, 30.26656022799114, 0.0]}}, {"type": "Feature", "properties": {"Description": null, "Electric_Feature_Type": "كوفرية", "Easting": null, "Northing": null, "GlobalID": "{2CCDFEC0-0416-46CB-AFA3-153867B34DD1}", "ID": null, "القطاع": null, "الشركةالمنفذة": null}, "geometry": {"type": "Point", "coordinates": [31.563930556110197, 30.26747378722987, 0.0]}}, {"type": "Feature", "properties": {"Description": null, "Electric_Feature_Type": "كوفرية", "Easting": null, "Northing": null, "GlobalID": "{F260B149-D741-4F9C-9023-10AD1EC989A5}", "ID": null, "القطاع": null, "الشركةالمنفذة": null}, "geometry": {"type": "Point", "coordinates": [31.56420373289747, 30.26721894757588, 0.0]}}, {"type": "Feature", "properties": {"Description": null, "Electric_Feature_Type": "كوفرية", "Easting": null, "Northing": null, "GlobalID": "{E1DF3421-A4C1-4AFA-B5BB-355494941AF9}", "ID": null, "القطاع": null, "الشركةالمنفذة": null}, "geometry": {"type": "Point", "coordinates": [31.564373606037186, 30.267007467574583, 0.0]}}, {"type": "Feature", "properties": {"Description": null, "Electric_Feature_Type": "كوفرية", "Easting": null, "Northing": null, "GlobalID": "{F4CA0EBE-1A88-4C83-AC6F-712E1087E8E6}", "ID": null, "القطاع": null, "الشركةالمنفذة": null}, "geometry": {"type": "Point", "coordinates": [31.564761271486617, 30.26628599267, 0.0]}}, {"type": "Feature", "properties": {"Description": null, "Electric_Feature_Type": "كوفرية", "Easting": null, "Northing": null, "GlobalID": "{81FFCAF1-8E40-48B4-84B4-867868DDADB7}", "ID": null, "القطاع": null, "الشركةالمنفذة": null}, "geometry": {"type": "Point", "coordinates": [31.564865807403827, 30.266046285126233, 0.0]}}, {"type": "Feature", "properties": {"Description": null, "Electric_Feature_Type": "كوفرية", "Easting": null, "Northing": null, "GlobalID": "{E4271EA9-8835-49E5-9217-6C26C1CD3D2D}", "ID": null, "القطاع": null, "الشركةالمنفذة": null}, "geometry": {"type": "Point", "coordinates": [31.564903777654635, 30.265788442651797, 0.0]}}, {"type": "Feature", "properties": {"Description": null, "Electric_Feature_Type": "كوفرية", "Easting": null, "Northing": null, "GlobalID": "{B98E6208-5721-43DC-B761-6272F5CFA707}", "ID": null, "القطاع": null, "الشركةالمنفذة": null}, "geometry": {"type": "Point", "coordinates": [31.565187118116327, 30.26553185951895, 0.0]}}, {"type": "Feature", "properties": {"Description": null, "Electric_Feature_Type": "كوفرية", "Easting": null, "Northing": null, "GlobalID": "{F772D460-F666-40A6-872E-3C92C4154FF5}", "ID": null, "القطاع": null, "الشركةالمنفذة": null}, "geometry": {"type": "Point", "coordinates": [31.56376408339125, 30.26583899785956, 0.0]}}, {"type": "Feature", "properties": {"Description": null, "Electric_Feature_Type": "كوفرية", "Easting": null, "Northing": null, "GlobalID": "{F70B9B54-86CE-4C33-86F0-34350E12453C}", "ID": null, "القطاع": null, "الشركةالمنفذة": null}, "geometry": {"type": "Point", "coordinates": [31.563861794537363, 30.26559375299929, 0.0]}}, {"type": "Feature", "properties": {"Description": null, "Electric_Feature_Type": "كوفرية", "Easting": null, "Northing": null, "GlobalID": "{6B09AE43-2256-400E-B37B-57182C2FDCBC}", "ID": null, "القطاع": null, "الشركةالمنفذة": null}, "geometry": {"type": "Point", "coordinates": [31.563883850989082, 30.26533148069705, 0.0]}}, {"type": "Feature", "properties": {"Description": null, "Electric_Feature_Type": "كوفرية", "Easting": null, "Northing": null, "GlobalID": "{D859102F-AFFF-4FD1-AB37-351095D7F096}", "ID": null, "القطاع": null, "الشركةالمنفذة": null}, "geometry": {"type": "Point", "coordinates": [31.564141767229337, 30.265064470507333, 0.0]}}, {"type": "Feature", "properties": {"Description": null, "Electric_Feature_Type": "كوفرية", "Easting": null, "Northing": null, "GlobalID": "{FBC14216-E5B7-46C4-AF95-0F60D75CA47E}", "ID": null, "القطاع": null, "الشركةالمنفذة": null}, "geometry": {"type": "Point", "coordinates": [31.563039703687966, 30.26463980190218, 0.0]}}, {"type": "Feature", "properties": {"Description": null, "Electric_Feature_Type": "كوفرية", "Easting": null, "Northing": null, "GlobalID": "{1D903C27-48B3-4128-8A3D-602B11322906}", "ID": null, "القطاع": null, "الشركةالمنفذة": null}, "geometry": {"type": "Point", "coordinates": [31.5627976267134, 30.264919791874878, 0.0]}}, {"type": "Feature", "properties": {"Description": null, "Electric_Feature_Type": "كوفرية", "Easting": null, "Northing": null, "GlobalID": "{44535CCE-6846-4115-A74B-DC39576DEBB4}", "ID": null, "القطاع": null, "الشركةالمنفذة": null}, "geometry": {"type": "Point", "coordinates": [31.56279237719877, 30.265183915981954, 0.0]}}, {"type": "Feature", "properties": {"Description": null, "Electric_Feature_Type": "كوفرية", "Easting": null, "Northing": null, "GlobalID": "{98A64E18-CADC-4E0D-B09D-119871876949}", "ID": null, "القطاع": null, "الشركةالمنفذة": null}, "geometry": {"type": "Point", "coordinates": [31.562714729737042, 30.265422512529163, 0.0]}}, {"type": "Feature", "properties": {"Description": null, "Electric_Feature_Type": "كوفرية", "Easting": null, "Northing": null, "GlobalID": "{5EC08608-1F0C-42DA-955B-E8298C358272}", "ID": null, "القطاع": null, "الشركةالمنفذة": null}, "geometry": {"type": "Point", "coordinates": [31.56162843945188, 30.265087419526136, 0.0]}}, {"type": "Feature", "properties": {"Description": null, "Electric_Feature_Type": "كوفرية", "Easting": null, "Northing": null, "GlobalID": "{F1040A81-19DA-491B-B138-352AFBD7FB72}", "ID": null, "القطاع": null, "الشركةالمنفذة": null}, "geometry": {"type": "Point", "coordinates": [31.561631194373934, 30.266423434411013, 0.0]}}, {"type": "Feature", "properties": {"Description": null, "Electric_Feature_Type": "كوفرية", "Easting": null, "Northing": null, "GlobalID": "{B3199C08-C19A-4636-B297-B03312BD27D0}", "ID": null, "القطاع": null, "الشركةالمنفذة": null}, "geometry": {"type": "Point", "coordinates": [31.561654526299655, 30.266161076722643, 0.0]}}, {"type": "Feature", "properties": {"Description": null, "Electric_Feature_Type": "كوفرية", "Easting": null, "Northing": null, "GlobalID": "{77A120B5-DD3C-4BE9-A005-9F5DD96176C4}", "ID": null, "القطاع": null, "الشركةالمنفذة": null}, "geometry": {"type": "Point", "coordinates": [31.56174597783466, 30.265913275852792, 0.0]}}, {"type": "Feature", "properties": {"Description": null, "Electric_Feature_Type": "كوفرية", "Easting": null, "Northing": null, "GlobalID": "{801EBB9F-A42D-426D-8EB6-A8727F56D534}", "ID": null, "القطاع": null, "الشركةالمنفذة": null}, "geometry": {"type": "Point", "coordinates": [31.560991302660767, 30.264871960376876, 0.0]}}, {"type": "Feature", "properties": {"Description": null, "Electric_Feature_Type": "كوفرية", "Easting": null, "Northing": null, "GlobalID": "{3A54CD05-FB76-43F1-A96E-4152A55DF243}", "ID": null, "القطاع": null, "الشركةالمنفذة": null}, "geometry": {"type": "Point", "coordinates": [31.56207148697269, 30.265208971957826, 0.0]}}, {"type": "Feature", "properties": {"Description": null, "Electric_Feature_Type": "كوفرية", "Easting": null, "Northing": null, "GlobalID": "{119A1DE4-9B00-4E02-9A6A-270BA8DB6DC3}", "ID": null, "القطاع": null, "الشركةالمنفذة": null}, "geometry": {"type": "Point", "coordinates": [31.56221419948807, 30.264979574684173, 0.0]}}, {"type": "Feature", "properties": {"Description": null, "Electric_Feature_Type": "كوفرية", "Easting": null, "Northing": null, "GlobalID": "{3EBC1FF5-4F90-4ED8-8E12-FA2DFB860E1B}", "ID": null, "القطاع": null, "الشركةالمنفذة": null}, "geometry": {"type": "Point", "coordinates": [31.562417979443836, 30.264783874701397, 0.0]}}, {"type": "Feature", "properties": {"Description": null, "Electric_Feature_Type": "كوفرية", "Easting": null, "Northing": null, "GlobalID": "{CFF27F0D-78C2-44FC-8775-4853C18B2F33}", "ID": null, "القطاع": null, "الشركةالمنفذة": null}, "geometry": {"type": "Point", "coordinates": [31.562469037861458, 30.264436773491717, 0.0]}}, {"type": "Feature", "properties": {"Description": null, "Electric_Feature_Type": "كوفرية", "Easting": null, "Northing": null, "GlobalID": "{F50B2C13-FC18-4F87-9423-358197809E5D}", "ID": null, "القطاع": null, "الشركةالمنفذة": null}, "geometry": {"type": "Point", "coordinates": [31.56357011111422, 30.26483712125527, 0.0]}}, {"type": "Feature", "properties": {"Description": null, "Electric_Feature_Type": "كوفرية", "Easting": null, "Northing": null, "GlobalID": "{7606207C-3672-422D-8460-5AEC76CF6D33}", "ID": null, "القطاع": null, "الشركةالمنفذة": null}, "geometry": {"type": "Point", "coordinates": [31.563547331243175, 30.265100043404644, 0.0]}}, {"type": "Feature", "properties": {"Description": null, "Electric_Feature_Type": "كوفرية", "Easting": null, "Northing": null, "GlobalID": "{B6BD2E87-CA5F-48D0-8E63-9F5798C1BB73}", "ID": null, "القطاع": null, "الشركةالمنفذة": null}, "geometry": {"type": "Point", "coordinates": [31.56328863155226, 30.265364269384726, 0.0]}}, {"type": "Feature", "properties": {"Description": null, "Electric_Feature_Type": "كوفرية", "Easting": null, "Northing": null, "GlobalID": "{0EB65CCC-0FD7-4360-9566-E9D0A6D1233E}", "ID": null, "القطاع": null, "الشركةالمنفذة": null}, "geometry": {"type": "Point", "coordinates": [31.563138321629133, 30.265586935985727, 0.0]}}, {"type": "Feature", "properties": {"Description": null, "Electric_Feature_Type": "كوفرية", "Easting": null, "Northing": null, "GlobalID": "{45D332DE-266E-43CA-83A4-1E2538868FFC}", "ID": null, "القطاع": null, "الشركةالمنفذة": null}, "geometry": {"type": "Point", "coordinates": [31.56463674654136, 30.265278706873666, 0.0]}}, {"type": "Feature", "properties": {"Description": null, "Electric_Feature_Type": "كوفرية", "Easting": null, "Northing": null, "GlobalID": "{A788EB3F-C0DD-46FA-BEE8-A7E20A9574D6}", "ID": null, "القطاع": null, "الشركةالمنفذة": null}, "geometry": {"type": "Point", "coordinates": [31.564543084619633, 30.265614627343805, 0.0]}}, {"type": "Feature", "properties": {"Description": null, "Electric_Feature_Type": "كوفرية", "Easting": null, "Northing": null, "GlobalID": "{8E357D2F-BFF9-46E2-B942-ECABD820F5BC}", "ID": null, "القطاع": null, "الشركةالمنفذة": null}, "geometry": {"type": "Point", "coordinates": [31.56436685656718, 30.26571583923198, 0.0]}}, {"type": "Feature", "properties": {"Description": null, "Electric_Feature_Type": "كوفرية", "Easting": null, "Northing": null, "GlobalID": "{1D0ACF83-F8AA-42BA-9250-A6805BECA62C}", "ID": null, "القطاع": null, "الشركةالمنفذة": null}, "geometry": {"type": "Point", "coordinates": [31.564154537586425, 30.26600492070197, 0.0]}}, {"type": "Feature", "properties": {"Description": null, "Electric_Feature_Type": "كوفرية", "Easting": null, "Northing": null, "GlobalID": "{CC584C78-54A8-4EFB-94F7-7ACBD23196B1}", "ID": null, "القطاع": null, "الشركةالمنفذة": null}, "geometry": {"type": "Point", "coordinates": [31.563612456696507, 30.267223558127977, 0.0]}}, {"type": "Feature", "properties": {"Description": null, "Electric_Feature_Type": "كوفرية", "Easting": null, "Northing": null, "GlobalID": "{6480561D-7C02-43CD-841B-536CDB99FE07}", "ID": null, "القطاع": null, "الشركةالمنفذة": null}, "geometry": {"type": "Point", "coordinates": [31.563654563838707, 30.266958855344072, 0.0]}}, {"type": "Feature", "properties": {"Description": null, "Electric_Feature_Type": "كوفرية", "Easting": null, "Northing": null, "GlobalID": "{5DB20346-5562-4F95-AFEE-7B717A6797AC}", "ID": null, "القطاع": null, "الشركةالمنفذة": null}, "geometry": {"type": "Point", "coordinates": [31.563768705671357, 30.266723236048296, 0.0]}}, {"type": "Feature", "properties": {"Description": null, "Electric_Feature_Type": "كوفرية", "Easting": null, "Northing": null, "GlobalID": "{B3277CA9-6312-4D9E-BD79-3007E87A8741}", "ID": null, "القطاع": null, "الشركةالمنفذة": null}, "geometry": {"type": "Point", "coordinates": [31.562600095791765, 30.266892952833427, 0.0]}}, {"type": "Feature", "properties": {"Description": null, "Electric_Feature_Type": "كوفرية", "Easting": null, "Northing": null, "GlobalID": "{ACA579D8-FB84-44FB-80BF-EF75F5883987}", "ID": null, "القطاع": null, "الشركةالمنفذة": null}, "geometry": {"type": "Point", "coordinates": [31.56267217217743, 30.266550442204892, 0.0]}}, {"type": "Feature", "properties": {"Description": null, "Electric_Feature_Type": "كوفرية", "Easting": null, "Northing": null, "GlobalID": "{9DBD1B99-95E5-464D-A14E-7B1ED3BF83F2}", "ID": null, "القطاع": null, "الشركةالمنفذة": null}, "geometry": {"type": "Point", "coordinates": [31.5627639070247, 30.26630332860375, 0.0]}}, {"type": "Feature", "properties": {"Description": null, "Electric_Feature_Type": "كوفرية", "Easting": null, "Northing": null, "GlobalID": "{3004E43D-F107-4093-8999-1E9D6D69E4D7}", "ID": null, "القطاع": null, "الشركةالمنفذة": null}, "geometry": {"type": "Point", "coordinates": [31.5610892977904, 30.265120664383343, 0.0]}}, {"type": "Feature", "properties": {"Description": null, "Electric_Feature_Type": "كوفرية", "Easting": null, "Northing": null, "GlobalID": "{F2FAB0BD-1457-4EA1-ABC1-FC3A36F58D82}", "ID": null, "القطاع": null, "الشركةالمنفذة": null}, "geometry": {"type": "Point", "coordinates": [31.561357359336274, 30.265215015098804, 0.0]}}, {"type": "Feature", "properties": {"Description": null, "Electric_Feature_Type": "كوفرية", "Easting": null, "Northing": null, "GlobalID": "{5704B3FB-7E28-4ADD-AFBF-F1124F43166C}", "ID": null, "القطاع": null, "الشركةالمنفذة": null}, "geometry": {"type": "Point", "coordinates": [31.562180740166106, 30.26546164727858, 0.0]}}, {"type": "Feature", "properties": {"Description": null, "Electric_Feature_Type": "كوفرية", "Easting": null, "Northing": null, "GlobalID": "{14BD1935-4AB4-4702-84CF-1F7482A3491D}", "ID": null, "القطاع": null, "الشركةالمنفذة": null}, "geometry": {"type": "Point", "coordinates": [31.562445350923518, 30.26554822228137, 0.0]}}, {"type": "Feature", "properties": {"Description": null, "Electric_Feature_Type": "كوفرية", "Easting": null, "Northing": null, "GlobalID": "{1DE82ED6-FBC7-46B7-8CFE-3F8A1ED3EFB6}", "ID": null, "القطاع": null, "الشركةالمنفذة": null}, "geometry": {"type": "Point", "coordinates": [31.56348127047953, 30.265946143862074, 0.0]}}, {"type": "Feature", "properties": {"Description": null, "Electric_Feature_Type": "كوفرية", "Easting": null, "Northing": null, "GlobalID": "{941C0C1A-FFCC-4B83-BB28-FCF027F43012}", "ID": null, "القطاع": null, "الشركةالمنفذة": null}, "geometry": {"type": "Point", "coordinates": [31.56322464527757, 30.265838852799348, 0.0]}}, {"type": "Feature", "properties": {"Description": null, "Electric_Feature_Type": "كوفرية", "Easting": null, "Northing": null, "GlobalID": "{8EDE1524-95D4-4E70-87B2-30C91160B33A}", "ID": null, "القطاع": null, "الشركةالمنفذة": null}, "geometry": {"type": "Point", "coordinates": [31.56422474005276, 30.266263531673008, 0.0]}}, {"type": "Feature", "properties": {"Description": null, "Electric_Feature_Type": "كوفرية", "Easting": null, "Northing": null, "GlobalID": "{606759E4-E51B-48E5-8C22-5DDB9DF2C8D6}", "ID": null, "القطاع": null, "الشركةالمنفذة": null}, "geometry": {"type": "Point", "coordinates": [31.56447371121283, 30.26637909206387, 0.0]}}, {"type": "Feature", "properties": {"Description": null, "Electric_Feature_Type": "كوفرية", "Easting": null, "Northing": null, "GlobalID": "{451B6D48-2CEA-4C2C-B725-408559D8807C}", "ID": null, "القطاع": null, "الشركةالمنفذة": null}, "geometry": {"type": "Point", "coordinates": [31.562024931822688, 30.265790924504373, 0.0]}}, {"type": "Feature", "properties": {"Description": null, "Electric_Feature_Type": "كوفرية", "Easting": null, "Northing": null, "GlobalID": "{A3A4C51E-F1BC-46BC-B080-50AE1E888494}", "ID": null, "القطاع": null, "الشركةالمنفذة": null}, "geometry": {"type": "Point", "coordinates": [31.56229443028414, 30.265899912710534, 0.0]}}, {"type": "Feature", "properties": {"Description": null, "Electric_Feature_Type": "كوفرية", "Easting": null, "Northing": null, "GlobalID": "{F6392797-FFFF-41FD-BF59-2071FE0CC559}", "ID": null, "القطاع": null, "الشركةالمنفذة": null}, "geometry": {"type": "Point", "coordinates": [31.56304798596894, 30.266199384573177, 0.0]}}, {"type": "Feature", "properties": {"Description": null, "Electric_Feature_Type": "كوفرية", "Easting": null, "Northing": null, "GlobalID": "{38FBF874-F401-4471-8C55-07AEF7091E72}", "ID": null, "القطاع": null, "الشركةالمنفذة": null}, "geometry": {"type": "Point", "coordinates": [31.56331681439564, 30.266303829927285, 0.0]}}, {"type": "Feature", "properties": {"Description": null, "Electric_Feature_Type": "كوفرية", "Easting": null, "Northing": null, "GlobalID": "{D7FF7D48-E8DC-4C45-9A77-BFF887195CA1}", "ID": null, "القطاع": null, "الشركةالمنفذة": null}, "geometry": {"type": "Point", "coordinates": [31.56405391349429, 30.266626064754885, 0.0]}}, {"type": "Feature", "properties": {"Description": null, "Electric_Feature_Type": "كوفرية", "Easting": null, "Northing": null, "GlobalID": "{009E5E78-59DE-45CF-ADB1-9EC4FDE2CCB9}", "ID": null, "القطاع": null, "الشركةالمنفذة": null}, "geometry": {"type": "Point", "coordinates": [31.564308569923384, 30.266746391755806, 0.0]}}, {"type": "Feature", "properties": {"Description": null, "Electric_Feature_Type": "كوفرية", "Easting": null, "Northing": null, "GlobalID": "{CEC50DC7-F6F4-4B87-A709-CC083D98A049}", "ID": null, "القطاع": null, "الشركةالمنفذة": null}, "geometry": {"type": "Point", "coordinates": [31.56510792072076, 30.26797251141235, 0.0]}}, {"type": "Feature", "properties": {"Description": null, "Electric_Feature_Type": "كوفرية", "Easting": null, "Northing": null, "GlobalID": "{DC4A36D5-4658-4820-9AF4-02072C1A9662}", "ID": null, "القطاع": null, "الشركةالمنفذة": null}, "geometry": {"type": "Point", "coordinates": [31.565345831535957, 30.267810459493173, 0.0]}}, {"type": "Feature", "properties": {"Description": null, "Electric_Feature_Type": "كوفرية", "Easting": null, "Northing": null, "GlobalID": "{368218BB-2B96-43A2-886E-23FD244BADDD}", "ID": null, "القطاع": null, "الشركةالمنفذة": null}, "geometry": {"type": "Point", "coordinates": [31.565523704346433, 30.267605038661248, 0.0]}}, {"type": "Feature", "properties": {"Description": null, "Electric_Feature_Type": "كوفرية", "Easting": null, "Northing": null, "GlobalID": "{E5E1FF2F-52A5-4F70-BC6D-139323A25761}", "ID": null, "القطاع": null, "الشركةالمنفذة": null}, "geometry": {"type": "Point", "coordinates": [31.566006733405935, 30.266927378002382, 0.0]}}, {"type": "Feature", "properties": {"Description": null, "Electric_Feature_Type": "كوفرية", "Easting": null, "Northing": null, "GlobalID": "{A765F6AA-43A6-44DE-AEE9-2E31EEA79F14}", "ID": null, "القطاع": null, "الشركةالمنفذة": null}, "geometry": {"type": "Point", "coordinates": [31.566190805901698, 30.2666185227531, 0.0]}}, {"type": "Feature", "properties": {"Description": null, "Electric_Feature_Type": "كوفرية", "Easting": null, "Northing": null, "GlobalID": "{1D4D14BD-DFA1-49BA-BF58-91D4E4E2AD36}", "ID": null, "القطاع": null, "الشركةالمنفذة": null}, "geometry": {"type": "Point", "coordinates": [31.565944637768126, 30.268447252189844, 0.0]}}, {"type": "Feature", "properties": {"Description": null, "Electric_Feature_Type": "كوفرية", "Easting": null, "Northing": null, "GlobalID": "{C1E1386D-8588-4246-93EA-3B219DEE60B9}", "ID": null, "القطاع": null, "الشركةالمنفذة": null}, "geometry": {"type": "Point", "coordinates": [31.566194530376134, 30.268299720463702, 0.0]}}, {"type": "Feature", "properties": {"Description": null, "Electric_Feature_Type": "كوفرية", "Easting": null, "Northing": null, "GlobalID": "{9B7F44BD-D7C1-4C01-8749-C75BDCEE78D4}", "ID": null, "القطاع": null, "الشركةالمنفذة": null}, "geometry": {"type": "Point", "coordinates": [31.56638167752035, 30.268104884531173, 0.0]}}, {"type": "Feature", "properties": {"Description": null, "Electric_Feature_Type": "كوفرية", "Easting": null, "Northing": null, "GlobalID": "{A00AB301-AFFF-435F-A92B-142DC84AC8EC}", "ID": null, "القطاع": null, "الشركةالمنفذة": null}, "geometry": {"type": "Point", "coordinates": [31.566898520406745, 30.267462361704137, 0.0]}}, {"type": "Feature", "properties": {"Description": null, "Electric_Feature_Type": "كوفرية", "Easting": null, "Northing": null, "GlobalID": "{4FBE4A4E-9563-493D-AE49-6C3092D9DBBC}", "ID": null, "القطاع": null, "الشركةالمنفذة": null}, "geometry": {"type": "Point", "coordinates": [31.56710420643987, 30.267170931291645, 0.0]}}, {"type": "Feature", "properties": {"Description": null, "Electric_Feature_Type": "كوفرية", "Easting": null, "Northing": null, "GlobalID": "{94944650-9472-4C5C-9D68-566B4DB5457F}", "ID": null, "القطاع": null, "الشركةالمنفذة": null}, "geometry": {"type": "Point", "coordinates": [31.56675833292486, 30.26896601654846, 0.0]}}, {"type": "Feature", "properties": {"Description": null, "Electric_Feature_Type": "كوفرية", "Easting": null, "Northing": null, "GlobalID": "{B4A2240E-812D-4D13-987A-160899A716F7}", "ID": null, "القطاع": null, "الشركةالمنفذة": null}, "geometry": {"type": "Point", "coordinates": [31.567013031105702, 30.26882323070876, 0.0]}}, {"type": "Feature", "properties": {"Description": null, "Electric_Feature_Type": "كوفرية", "Easting": null, "Northing": null, "GlobalID": "{E76B9319-9B2B-4863-AC89-CF551688B92F}", "ID": null, "القطاع": null, "الشركةالمنفذة": null}, "geometry": {"type": "Point", "coordinates": [31.567213300551845, 30.26863452850613, 0.0]}}, {"type": "Feature", "properties": {"Description": null, "Electric_Feature_Type": "كوفرية", "Easting": null, "Northing": null, "GlobalID": "{FCB9A0EC-62C7-4DD5-83CB-BE93910E958C}", "ID": null, "القطاع": null, "الشركةالمنفذة": null}, "geometry": {"type": "Point", "coordinates": [31.56772349957567, 30.268036571457525, 0.0]}}, {"type": "Feature", "properties": {"Description": null, "Electric_Feature_Type": "كوفرية", "Easting": null, "Northing": null, "GlobalID": "{242325DB-C827-4B9A-AA63-3DE3A5D84B1B}", "ID": null, "القطاع": null, "الشركةالمنفذة": null}, "geometry": {"type": "Point", "coordinates": [31.567878743324414, 30.267824437696397, 0.0]}}, {"type": "Feature", "properties": {"Description": null, "Electric_Feature_Type": "كوفرية", "Easting": null, "Northing": null, "GlobalID": "{813F2ED9-E113-45D4-B1DF-34F4497E28AE}", "ID": null, "القطاع": null, "الشركةالمنفذة": null}, "geometry": {"type": "Point", "coordinates": [31.56804191360222, 30.26750386988224, 0.0]}}, {"type": "Feature", "properties": {"Description": null, "Electric_Feature_Type": "كوفرية", "Easting": null, "Northing": null, "GlobalID": "{3E801A3D-AC18-4152-A392-EEB33E904D36}", "ID": null, "القطاع": null, "الشركةالمنفذة": null}, "geometry": {"type": "Point", "coordinates": [31.568300440381627, 30.267368605158662, 0.0]}}, {"type": "Feature", "properties": {"Description": null, "Electric_Feature_Type": "كوفرية", "Easting": null, "Northing": null, "GlobalID": "{55FC4569-B69E-40D2-8D16-5002D23AAE9A}", "ID": null, "القطاع": null, "الشركةالمنفذة": null}, "geometry": {"type": "Point", "coordinates": [31.567546940804117, 30.269516471172786, 0.0]}}, {"type": "Feature", "properties": {"Description": null, "Electric_Feature_Type": "كوفرية", "Easting": null, "Northing": null, "GlobalID": "{FCBC8593-E826-4196-9FB5-22F6F73A763B}", "ID": null, "القطاع": null, "الشركةالمنفذة": null}, "geometry": {"type": "Point", "coordinates": [31.56781260983707, 30.269391163925086, 0.0]}}, {"type": "Feature", "properties": {"Description": null, "Electric_Feature_Type": "كوفرية", "Easting": null, "Northing": null, "GlobalID": "{8BE1F13A-825E-4462-9C76-66802ED04ABF}", "ID": null, "القطاع": null, "الشركةالمنفذة": null}, "geometry": {"type": "Point", "coordinates": [31.568009702567245, 30.26920418635631, 0.0]}}, {"type": "Feature", "properties": {"Description": null, "Electric_Feature_Type": "كوفرية", "Easting": null, "Northing": null, "GlobalID": "{5744B391-3A60-44CA-B002-620BF527B11F}", "ID": null, "القطاع": null, "الشركةالمنفذة": null}, "geometry": {"type": "Point", "coordinates": [31.568506300412324, 30.268647022433463, 0.0]}}, {"type": "Feature", "properties": {"Description": null, "Electric_Feature_Type": "كوفرية", "Easting": null, "Northing": null, "GlobalID": "{3145202F-196A-4E6C-83C6-8331815B6405}", "ID": null, "القطاع": null, "الشركةالمنفذة": null}, "geometry": {"type": "Point", "coordinates": [31.568748523568573, 30.26837294431064, 0.0]}}, {"type": "Feature", "properties": {"Description": null, "Electric_Feature_Type": "كوفرية", "Easting": null, "Northing": null, "GlobalID": "{954A7EFB-E69D-4F0F-8128-26EB6DF7CDF3}", "ID": null, "القطاع": null, "الشركةالمنفذة": null}, "geometry": {"type": "Point", "coordinates": [31.568858429682038, 30.26813196200127, 0.0]}}, {"type": "Feature", "properties": {"Description": null, "Electric_Feature_Type": "كوفرية", "Easting": null, "Northing": null, "GlobalID": "{8BA28C54-0662-452C-A619-C6D5C116A94C}", "ID": null, "القطاع": null, "الشركةالمنفذة": null}, "geometry": {"type": "Point", "coordinates": [31.56912837538758, 30.268011445055993, 0.0]}}, {"type": "Feature", "properties": {"Description": null, "Electric_Feature_Type": "كوفرية", "Easting": null, "Northing": null, "GlobalID": "{60383948-4C58-4D6C-B887-B98FD16AD0B2}", "ID": null, "القطاع": null, "الشركةالمنفذة": null}, "geometry": {"type": "Point", "coordinates": [31.568348002974286, 30.270189929169003, 0.0]}}, {"type": "Feature", "properties": {"Description": null, "Electric_Feature_Type": "كوفرية", "Easting": null, "Northing": null, "GlobalID": "{33A8431A-5B0F-4F01-A77F-C3208DFB322D}", "ID": null, "القطاع": null, "الشركةالمنفذة": null}, "geometry": {"type": "Point", "coordinates": [31.568565375805093, 30.270022677185946, 0.0]}}, {"type": "Feature", "properties": {"Description": null, "Electric_Feature_Type": "كوفرية", "Easting": null, "Northing": null, "GlobalID": "{89EC4275-9036-4D9A-9B24-448FBC636471}", "ID": null, "القطاع": null, "الشركةالمنفذة": null}, "geometry": {"type": "Point", "coordinates": [31.56923317278346, 30.26929346114668, 0.0]}}, {"type": "Feature", "properties": {"Description": null, "Electric_Feature_Type": "كوفرية", "Easting": null, "Northing": null, "GlobalID": "{21E6F80F-1BA4-46D1-AE68-F884E6351EC2}", "ID": null, "القطاع": null, "الشركةالمنفذة": null}, "geometry": {"type": "Point", "coordinates": [31.56942761447201, 30.269101935846365, 0.0]}}, {"type": "Feature", "properties": {"Description": null, "Electric_Feature_Type": "كوفرية", "Easting": null, "Northing": null, "GlobalID": "{39B46262-4BA2-4E4B-BCC4-376CA70C2EF3}", "ID": null, "القطاع": null, "الشركةالمنفذة": null}, "geometry": {"type": "Point", "coordinates": [31.569636796356306, 30.268801849314798, 0.0]}}, {"type": "Feature", "properties": {"Description": null, "Electric_Feature_Type": "كوفرية", "Easting": null, "Northing": null, "GlobalID": "{3ADDEAD0-5FC9-453E-970E-933283F3C9CC}", "ID": null, "القطاع": null, "الشركةالمنفذة": null}, "geometry": {"type": "Point", "coordinates": [31.569912881932932, 30.268700327290375, 0.0]}}, {"type": "Feature", "properties": {"Description": null, "Electric_Feature_Type": "كوفرية", "Easting": null, "Northing": null, "GlobalID": "{0A732775-A6F6-4E0E-923C-D3CD6DB1AEFA}", "ID": null, "القطاع": null, "الشركةالمنفذة": null}, "geometry": {"type": "Point", "coordinates": [31.5690716807333, 30.270812163417713, 0.0]}}, {"type": "Feature", "properties": {"Description": null, "Electric_Feature_Type": "كوفرية", "Easting": null, "Northing": null, "GlobalID": "{C1DFF1AF-1DE9-4CB9-BF27-3C7ADC189ED4}", "ID": null, "القطاع": null, "الشركةالمنفذة": null}, "geometry": {"type": "Point", "coordinates": [31.569294607577973, 30.270646402473787, 0.0]}}, {"type": "Feature", "properties": {"Description": null, "Electric_Feature_Type": "كوفرية", "Easting": null, "Northing": null, "GlobalID": "{E16C73D0-0A66-431F-9DDE-A7B95FE26C25}", "ID": null, "القطاع": null, "الشركةالمنفذة": null}, "geometry": {"type": "Point", "coordinates": [31.5699338064711, 30.269971490128487, 0.0]}}, {"type": "Feature", "properties": {"Description": null, "Electric_Feature_Type": "كوفرية", "Easting": null, "Northing": null, "GlobalID": "{EFC45080-5A16-4250-902D-DB1F13C8E274}", "ID": null, "القطاع": null, "الشركةالمنفذة": null}, "geometry": {"type": "Point", "coordinates": [31.570218056484883, 30.269729233017287, 0.0]}}, {"type": "Feature", "properties": {"Description": null, "Electric_Feature_Type": "كوفرية", "Easting": null, "Northing": null, "GlobalID": "{050A85C2-B1CF-4CE2-89D3-2AA1F355DD11}", "ID": null, "القطاع": null, "الشركةالمنفذة": null}, "geometry": {"type": "Point", "coordinates": [31.570361703942616, 30.269496390783925, 0.0]}}, {"type": "Feature", "properties": {"Description": null, "Electric_Feature_Type": "كوفرية", "Easting": null, "Northing": null, "GlobalID": "{C3DC5C02-A4CC-4B06-83E7-277F7609E875}", "ID": null, "القطاع": null, "الشركةالمنفذة": null}, "geometry": {"type": "Point", "coordinates": [31.57064294522639, 30.269404053762084, 0.0]}}, {"type": "Feature", "properties": {"Description": null, "Electric_Feature_Type": "كوفرية", "Easting": null, "Northing": null, "GlobalID": "{DBD1993F-1A96-44AA-A7B1-B284E0BB2694}", "ID": null, "القطاع": null, "الشركةالمنفذة": null}, "geometry": {"type": "Point", "coordinates": [31.569589765678774, 30.27158964068297, 0.0]}}, {"type": "Feature", "properties": {"Description": null, "Electric_Feature_Type": "كوفرية", "Easting": null, "Northing": null, "GlobalID": "{7F3C147C-0465-48F5-B1EA-D6EDA3BE13AF}", "ID": null, "القطاع": null, "الشركةالمنفذة": null}, "geometry": {"type": "Point", "coordinates": [31.56987826619588, 30.271524105028337, 0.0]}}, {"type": "Feature", "properties": {"Description": null, "Electric_Feature_Type": "كوفرية", "Easting": null, "Northing": null, "GlobalID": "{55700C45-C3C1-425B-BCC0-F6EA7D586F26}", "ID": null, "القطاع": null, "الشركةالمنفذة": null}, "geometry": {"type": "Point", "coordinates": [31.5714934196811, 30.27152537716261, 0.0]}}, {"type": "Feature", "properties": {"Description": null, "Electric_Feature_Type": "كوفرية", "Easting": null, "Northing": null, "GlobalID": "{034F52D3-457D-4574-AC7C-0B496ECC4A3C}", "ID": null, "القطاع": null, "الشركةالمنفذة": null}, "geometry": {"type": "Point", "coordinates": [31.571120584367907, 30.271632652271084, 0.0]}}, {"type": "Feature", "properties": {"Description": null, "Electric_Feature_Type": "كوفرية", "Easting": null, "Northing": null, "GlobalID": "{AE4FA452-D303-409D-A9B3-1E404B23405E}", "ID": null, "القطاع": null, "الشركةالمنفذة": null}, "geometry": {"type": "Point", "coordinates": [31.570822710363576, 30.271671006889004, 0.0]}}, {"type": "Feature", "properties": {"Description": null, "Electric_Feature_Type": "كوفرية", "Easting": null, "Northing": null, "GlobalID": "{4C49C190-4116-4538-9059-8B55E8AD80E7}", "ID": null, "القطاع": null, "الشركةالمنفذة": null}, "geometry": {"type": "Point", "coordinates": [31.570439401466068, 30.270810414171425, 0.0]}}, {"type": "Feature", "properties": {"Description": null, "Electric_Feature_Type": "كوفرية", "Easting": null, "Northing": null, "GlobalID": "{DA71BCB1-6486-4AC0-AE0D-E93AA7B6D0D7}", "ID": null, "القطاع": null, "الشركةالمنفذة": null}, "geometry": {"type": "Point", "coordinates": [31.570698877874232, 30.27068517764132, 0.0]}}, {"type": "Feature", "properties": {"Description": null, "Electric_Feature_Type": "كوفرية", "Easting": null, "Northing": null, "GlobalID": "{94DBD1BA-E44B-4EAE-89BB-42975748859F}", "ID": null, "القطاع": null, "الشركةالمنفذة": null}, "geometry": {"type": "Point", "coordinates": [31.570919816501053, 30.27050714308715, 0.0]}}, {"type": "Feature", "properties": {"Description": null, "Electric_Feature_Type": "كوفرية", "Easting": null, "Northing": null, "GlobalID": "{080720FE-A0A7-4B84-BBCE-CB4D203404E4}", "ID": null, "القطاع": null, "الشركةالمنفذة": null}, "geometry": {"type": "Point", "coordinates": [31.57131693811435, 30.270461250559986, 0.0]}}, {"type": "Feature", "properties": {"Description": null, "Electric_Feature_Type": "كوفرية", "Easting": null, "Northing": null, "GlobalID": "{7BC99CD7-C312-4777-92E8-4C5A32DCB231}", "ID": null, "القطاع": null, "الشركةالمنفذة": null}, "geometry": {"type": "Point", "coordinates": [31.5694021133022, 30.27255465150039, 0.0]}}, {"type": "Feature", "properties": {"Description": null, "Electric_Feature_Type": "كوفرية", "Easting": null, "Northing": null, "GlobalID": "{F562B831-0503-4001-B26A-F5B775E811B6}", "ID": null, "القطاع": null, "الشركةالمنفذة": null}, "geometry": {"type": "Point", "coordinates": [31.56966762556853, 30.272660172244507, 0.0]}}, {"type": "Feature", "properties": {"Description": null, "Electric_Feature_Type": "كوفرية", "Easting": null, "Northing": null, "GlobalID": "{AB5F9D90-912B-4942-BD25-AF1488276125}", "ID": null, "القطاع": null, "الشركةالمنفذة": null}, "geometry": {"type": "Point", "coordinates": [31.570628732628695, 30.272603993681997, 0.0]}}, {"type": "Feature", "properties": {"Description": null, "Electric_Feature_Type": "كوفرية", "Easting": null, "Northing": null, "GlobalID": "{82A2A6F8-A807-4424-AAA0-AF0E45C89D77}", "ID": null, "القطاع": null, "الشركةالمنفذة": null}, "geometry": {"type": "Point", "coordinates": [31.571021367847337, 30.272662893826183, 0.0]}}, {"type": "Feature", "properties": {"Description": null, "Electric_Feature_Type": "كوفرية", "Easting": null, "Northing": null, "GlobalID": "{D2E32AEF-EF5D-4490-ADF2-89B68E43A0DD}", "ID": null, "القطاع": null, "الشركةالمنفذة": null}, "geometry": {"type": "Point", "coordinates": [31.571327426395396, 30.272627174030735, 0.0]}}, {"type": "Feature", "properties": {"Description": null, "Electric_Feature_Type": "كوفرية", "Easting": null, "Northing": null, "GlobalID": "{17BE99C3-0FDF-4A9B-ACF8-61050C4AC077}", "ID": null, "القطاع": null, "الشركةالمنفذة": null}, "geometry": {"type": "Point", "coordinates": [31.57071107478448, 30.27368498749452, 0.0]}}, {"type": "Feature", "properties": {"Description": null, "Electric_Feature_Type": "كوفرية", "Easting": null, "Northing": null, "GlobalID": "{E4770E60-C44C-4637-8D19-4708507868E5}", "ID": null, "القطاع": null, "الشركةالمنفذة": null}, "geometry": {"type": "Point", "coordinates": [31.57034240061966, 30.273564284312464, 0.0]}}, {"type": "Feature", "properties": {"Description": null, "Electric_Feature_Type": "كوفرية", "Easting": null, "Northing": null, "GlobalID": "{BC300EF4-CF69-41D4-9C48-58494C99AFAE}", "ID": null, "القطاع": null, "الشركةالمنفذة": null}, "geometry": {"type": "Point", "coordinates": [31.57007668303403, 30.273437776229386, 0.0]}}, {"type": "Feature", "properties": {"Description": null, "Electric_Feature_Type": "كوفرية", "Easting": null, "Northing": null, "GlobalID": "{B3CE6DAB-033C-4DCB-AA4F-D10DD5A8CCB4}", "ID": null, "القطاع": null, "الشركةالمنفذة": null}, "geometry": {"type": "Point", "coordinates": [31.568975714724242, 30.273695150444638, 0.0]}}, {"type": "Feature", "properties": {"Description": null, "Electric_Feature_Type": "كوفرية", "Easting": null, "Northing": null, "GlobalID": "{7B478E39-0EE2-4CBF-8A6A-D87F18EE8DB8}", "ID": null, "القطاع": null, "الشركةالمنفذة": null}, "geometry": {"type": "Point", "coordinates": [31.569295190940995, 30.273488269493118, 0.0]}}, {"type": "Feature", "properties": {"Description": null, "Electric_Feature_Type": "كوفرية", "Easting": null, "Northing": null, "GlobalID": "{36D1AC1B-B583-4F1E-9632-79137BF5C790}", "ID": null, "القطاع": null, "الشركةالمنفذة": null}, "geometry": {"type": "Point", "coordinates": [31.569672944622198, 30.274382897263944, 0.0]}}, {"type": "Feature", "properties": {"Description": null, "Electric_Feature_Type": "كوفرية", "Easting": null, "Northing": null, "GlobalID": "{A5F23642-82B2-451C-931C-329C06D3B214}", "ID": null, "القطاع": null, "الشركةالمنفذة": null}, "geometry": {"type": "Point", "coordinates": [31.569985895103038, 30.27417405488735, 0.0]}}, {"type": "Feature", "properties": {"Description": null, "Electric_Feature_Type": "كوفرية", "Easting": null, "Northing": null, "GlobalID": "{4945DDD9-69EA-481D-81EA-2865C96A2816}", "ID": null, "القطاع": null, "الشركةالمنفذة": null}, "geometry": {"type": "Point", "coordinates": [31.56855068118635, 30.27328018944479, 0.0]}}, {"type": "Feature", "properties": {"Description": null, "Electric_Feature_Type": "كوفرية", "Easting": null, "Northing": null, "GlobalID": "{48C0707B-1E76-4C03-A0F4-C96EC93E1968}", "ID": null, "القطاع": null, "الشركةالمنفذة": null}, "geometry": {"type": "Point", "coordinates": [31.568828480966456, 30.273036134885132, 0.0]}}, {"type": "Feature", "properties": {"Description": null, "Electric_Feature_Type": "كوفرية", "Easting": null, "Northing": null, "GlobalID": "{D6A84B7C-6A2E-4FED-970F-5E459B408662}", "ID": null, "القطاع": null, "الشركةالمنفذة": null}, "geometry": {"type": "Point", "coordinates": [31.56925387145103, 30.273967376032083, 0.0]}}, {"type": "Feature", "properties": {"Description": null, "Electric_Feature_Type": "كوفرية", "Easting": null, "Northing": null, "GlobalID": "{0CEBBDE8-FAA5-49EE-AC16-F7BCBC8D8F2B}", "ID": null, "القطاع": null, "الشركةالمنفذة": null}, "geometry": {"type": "Point", "coordinates": [31.56953110284767, 30.273722770422175, 0.0]}}, {"type": "Feature", "properties": {"Description": null, "Electric_Feature_Type": "كوفرية", "Easting": null, "Northing": null, "GlobalID": "{AF92EFA8-E473-4E2C-9DD7-C9B069A19844}", "ID": null, "القطاع": null, "الشركةالمنفذة": null}, "geometry": {"type": "Point", "coordinates": [31.570044697596646, 30.27390567331565, 0.0]}}, {"type": "Feature", "properties": {"Description": null, "Electric_Feature_Type": "كوفرية", "Easting": null, "Northing": null, "GlobalID": "{01883782-5F23-490F-BB40-169ABB508AF7}", "ID": null, "القطاع": null, "الشركةالمنفذة": null}, "geometry": {"type": "Point", "coordinates": [31.569838700536746, 30.27372115635117, 0.0]}}, {"type": "Feature", "properties": {"Description": null, "Electric_Feature_Type": "كوفرية", "Easting": null, "Northing": null, "GlobalID": "{4C326B12-E822-4BB6-B900-7986CEB1FB10}", "ID": null, "القطاع": null, "الشركةالمنفذة": null}, "geometry": {"type": "Point", "coordinates": [31.569328817780676, 30.273222015360947, 0.0]}}, {"type": "Feature", "properties": {"Description": null, "Electric_Feature_Type": "كوفرية", "Easting": null, "Northing": null, "GlobalID": "{A2AADF5B-7C1C-443C-AC23-3972D8F8C50B}", "ID": null, "القطاع": null, "الشركةالمنفذة": null}, "geometry": {"type": "Point", "coordinates": [31.569140262860376, 30.27304015021236, 0.0]}}, {"type": "Feature", "properties": {"Description": null, "Electric_Feature_Type": "كوفرية", "Easting": null, "Northing": null, "GlobalID": "{9137BEB2-30A1-41F3-8960-BD96D626B226}", "ID": null, "القطاع": null, "الشركةالمنفذة": null}, "geometry": {"type": "Point", "coordinates": [31.570956265682295, 30.273385716506855, 0.0]}}, {"type": "Feature", "properties": {"Description": null, "Electric_Feature_Type": "كوفرية", "Easting": null, "Northing": null, "GlobalID": "{77F25659-EE3C-4D3E-B3D1-139C32B3DF58}", "ID": null, "القطاع": null, "الشركةالمنفذة": null}, "geometry": {"type": "Point", "coordinates": [31.57070606305306, 30.273117298580154, 0.0]}}, {"type": "Feature", "properties": {"Description": null, "Electric_Feature_Type": "كوفرية", "Easting": null, "Northing": null, "GlobalID": "{C69F277A-B1CB-4348-B53C-EE86BBF57401}", "ID": null, "القطاع": null, "الشركةالمنفذة": null}, "geometry": {"type": "Point", "coordinates": [31.570476905267896, 30.2729483633468, 0.0]}}, {"type": "Feature", "properties": {"Description": null, "Electric_Feature_Type": "كوفرية", "Easting": null, "Northing": null, "GlobalID": "{0AE68E1F-B7A1-47CC-8503-901A0F194387}", "ID": null, "القطاع": null, "الشركةالمنفذة": null}, "geometry": {"type": "Point", "coordinates": [31.57000026132159, 30.273176752246176, 0.0]}}, {"type": "Feature", "properties": {"Description": null, "Electric_Feature_Type": "كوفرية", "Easting": null, "Northing": null, "GlobalID": "{42B593F7-5174-46D8-A65E-452AD7A894F3}", "ID": null, "القطاع": null, "الشركةالمنفذة": null}, "geometry": {"type": "Point", "coordinates": [31.570168357593527, 30.272968624651316, 0.0]}}, {"type": "Feature", "properties": {"Description": null, "Electric_Feature_Type": "كوفرية", "Easting": null, "Northing": null, "GlobalID": "{793ECD1C-2A9A-4385-83DE-F4E2C9C4FC03}", "ID": null, "القطاع": null, "الشركةالمنفذة": null}, "geometry": {"type": "Point", "coordinates": [31.56951410729135, 30.27200271003283, 0.0]}}, {"type": "Feature", "properties": {"Description": null, "Electric_Feature_Type": "كوفرية", "Easting": null, "Northing": null, "GlobalID": "{29470F02-8BB0-4357-A629-C571B2892A58}", "ID": null, "القطاع": null, "الشركةالمنفذة": null}, "geometry": {"type": "Point", "coordinates": [31.569897258849856, 30.272096266165168, 0.0]}}, {"type": "Feature", "properties": {"Description": null, "Electric_Feature_Type": "كوفرية", "Easting": null, "Northing": null, "GlobalID": "{9F5DF9E5-3652-416F-BD8B-B03B074B85A6}", "ID": null, "القطاع": null, "الشركةالمنفذة": null}, "geometry": {"type": "Point", "coordinates": [31.569958385056093, 30.272561617215068, 0.0]}}, {"type": "Feature", "properties": {"Description": null, "Electric_Feature_Type": "كوفرية", "Easting": null, "Northing": null, "GlobalID": "{92B4004E-1092-4D3B-B292-9E5635305FD3}", "ID": null, "القطاع": null, "الشركةالمنفذة": null}, "geometry": {"type": "Point", "coordinates": [31.57004824306839, 30.272326846048504, 0.0]}}, {"type": "Feature", "properties": {"Description": null, "Electric_Feature_Type": "كوفرية", "Easting": null, "Northing": null, "GlobalID": "{6BC2F454-15D1-4674-8D07-7EBA048A1E9E}", "ID": null, "القطاع": null, "الشركةالمنفذة": null}, "geometry": {"type": "Point", "coordinates": [31.571415493880046, 30.27226736943548, 0.0]}}, {"type": "Feature", "properties": {"Description": null, "Electric_Feature_Type": "كوفرية", "Easting": null, "Northing": null, "GlobalID": "{38F08D9E-B5B3-403D-A05F-6D4B14478DD1}", "ID": null, "القطاع": null, "الشركةالمنفذة": null}, "geometry": {"type": "Point", "coordinates": [31.571070631536443, 30.272106996359998, 0.0]}}, {"type": "Feature", "properties": {"Description": null, "Electric_Feature_Type": "كوفرية", "Easting": null, "Northing": null, "GlobalID": "{406D0F5F-45AD-4684-AF8F-8352A7BFDE17}", "ID": null, "القطاع": null, "الشركةالمنفذة": null}, "geometry": {"type": "Point", "coordinates": [31.57078932097533, 30.27202093933971, 0.0]}}, {"type": "Feature", "properties": {"Description": null, "Electric_Feature_Type": "كوفرية", "Easting": null, "Northing": null, "GlobalID": "{48F9F0A7-C906-4457-82B1-F7CCBA36CB89}", "ID": null, "القطاع": null, "الشركةالمنفذة": null}, "geometry": {"type": "Point", "coordinates": [31.570441974678147, 30.27238689238228, 0.0]}}, {"type": "Feature", "properties": {"Description": null, "Electric_Feature_Type": "كوفرية", "Easting": null, "Northing": null, "GlobalID": "{A17E80BB-332D-4F9C-8DB7-B6357676CCA1}", "ID": null, "القطاع": null, "الشركةالمنفذة": null}, "geometry": {"type": "Point", "coordinates": [31.570513088732202, 30.27214025577131, 0.0]}}, {"type": "Feature", "properties": {"Description": null, "Electric_Feature_Type": "كوفرية", "Easting": null, "Northing": null, "GlobalID": "{AA460A23-64F6-40F5-88D5-3814B7392756}", "ID": null, "القطاع": null, "الشركةالمنفذة": null}, "geometry": {"type": "Point", "coordinates": [31.570578832761882, 30.271505459868944, 0.0]}}, {"type": "Feature", "properties": {"Description": null, "Electric_Feature_Type": "كوفرية", "Easting": null, "Northing": null, "GlobalID": "{EAAA792E-1953-4443-A46E-369B1510159C}", "ID": null, "القطاع": null, "الشركةالمنفذة": null}, "geometry": {"type": "Point", "coordinates": [31.570564693658003, 30.27125363479852, 0.0]}}, {"type": "Feature", "properties": {"Description": null, "Electric_Feature_Type": "كوفرية", "Easting": null, "Northing": null, "GlobalID": "{5EB9649C-0F76-4DEA-8F90-1D9C1758AA5B}", "ID": null, "القطاع": null, "الشركةالمنفذة": null}, "geometry": {"type": "Point", "coordinates": [31.57147793059267, 30.271153568293972, 0.0]}}, {"type": "Feature", "properties": {"Description": null, "Electric_Feature_Type": "كوفرية", "Easting": null, "Northing": null, "GlobalID": "{804BD267-0875-48A8-8994-8A67F68D8A02}", "ID": null, "القطاع": null, "الشركةالمنفذة": null}, "geometry": {"type": "Point", "coordinates": [31.571090515661027, 30.271082562951865, 0.0]}}, {"type": "Feature", "properties": {"Description": null, "Electric_Feature_Type": "كوفرية", "Easting": null, "Northing": null, "GlobalID": "{9D7C6BBF-8A0F-4069-A4DF-1BAEF36A43FF}", "ID": null, "القطاع": null, "الشركةالمنفذة": null}, "geometry": {"type": "Point", "coordinates": [31.57078684251392, 30.271066263567235, 0.0]}}, {"type": "Feature", "properties": {"Description": null, "Electric_Feature_Type": "كوفرية", "Easting": null, "Northing": null, "GlobalID": "{439FB40F-552F-4E15-89B1-FAE801983332}", "ID": null, "القطاع": null, "الشركةالمنفذة": null}, "geometry": {"type": "Point", "coordinates": [31.56927259320728, 30.2711057455287, 0.0]}}, {"type": "Feature", "properties": {"Description": null, "Electric_Feature_Type": "كوفرية", "Easting": null, "Northing": null, "GlobalID": "{3399EF1E-C525-4A41-B80A-580513CF5373}", "ID": null, "القطاع": null, "الشركةالمنفذة": null}, "geometry": {"type": "Point", "coordinates": [31.56962860850305, 30.270959684188725, 0.0]}}, {"type": "Feature", "properties": {"Description": null, "Electric_Feature_Type": "كوفرية", "Easting": null, "Northing": null, "GlobalID": "{B8441C15-8FFE-4D77-B5B2-337D1BA4F369}", "ID": null, "القطاع": null, "الشركةالمنفذة": null}, "geometry": {"type": "Point", "coordinates": [31.570019707688857, 30.271286776103974, 0.0]}}, {"type": "Feature", "properties": {"Description": null, "Electric_Feature_Type": "كوفرية", "Easting": null, "Northing": null, "GlobalID": "{FB5357B2-938A-4F24-8789-65242E9A149D}", "ID": null, "القطاع": null, "الشركةالمنفذة": null}, "geometry": {"type": "Point", "coordinates": [31.56991799081708, 30.271049150871754, 0.0]}}, {"type": "Feature", "properties": {"Description": null, "Electric_Feature_Type": "كوفرية", "Easting": null, "Northing": null, "GlobalID": "{A4D4AC74-EC60-4257-A040-DB0721346C25}", "ID": null, "القطاع": null, "الشركةالمنفذة": null}, "geometry": {"type": "Point", "coordinates": [31.571074940887943, 30.269958429381834, 0.0]}}, {"type": "Feature", "properties": {"Description": null, "Electric_Feature_Type": "كوفرية", "Easting": null, "Northing": null, "GlobalID": "{DFD6AA3E-0387-44D1-8FDC-F12738ABFCB5}", "ID": null, "القطاع": null, "الشركةالمنفذة": null}, "geometry": {"type": "Point", "coordinates": [31.570857463493468, 30.270141530344908, 0.0]}}, {"type": "Feature", "properties": {"Description": null, "Electric_Feature_Type": "كوفرية", "Easting": null, "Northing": null, "GlobalID": "{082ADE42-FEDE-4ADC-A71A-16206727BC68}", "ID": null, "القطاع": null, "الشركةالمنفذة": null}, "geometry": {"type": "Point", "coordinates": [31.570462906622794, 30.270184710499347, 0.0]}}, {"type": "Feature", "properties": {"Description": null, "Electric_Feature_Type": "كوفرية", "Easting": null, "Northing": null, "GlobalID": "{65876216-B003-4E04-A0DC-F4DCAE50C77E}", "ID": null, "القطاع": null, "الشركةالمنفذة": null}, "geometry": {"type": "Point", "coordinates": [31.570182206448262, 30.270255793547673, 0.0]}}, {"type": "Feature", "properties": {"Description": null, "Electric_Feature_Type": "كوفرية", "Easting": null, "Northing": null, "GlobalID": "{2C5F2174-A10E-4EAE-A2B7-3F5DA3248476}", "ID": null, "القطاع": null, "الشركةالمنفذة": null}, "geometry": {"type": "Point", "coordinates": [31.570037265109978, 30.270496994117117, 0.0]}}, {"type": "Feature", "properties": {"Description": null, "Electric_Feature_Type": "كوفرية", "Easting": null, "Northing": null, "GlobalID": "{99152BF2-336A-4B3F-B49A-1CCDE6DF25D1}", "ID": null, "القطاع": null, "الشركةالمنفذة": null}, "geometry": {"type": "Point", "coordinates": [31.570154256778004, 30.270722286886247, 0.0]}}, {"type": "Feature", "properties": {"Description": null, "Electric_Feature_Type": "كوفرية", "Easting": null, "Northing": null, "GlobalID": "{0DDAAE80-7348-4CD1-AD6A-3817A4D8EFC5}", "ID": null, "القطاع": null, "الشركةالمنفذة": null}, "geometry": {"type": "Point", "coordinates": [31.568554450875354, 30.270480225758057, 0.0]}}, {"type": "Feature", "properties": {"Description": null, "Electric_Feature_Type": "كوفرية", "Easting": null, "Northing": null, "GlobalID": "{7128702F-AE06-47CC-9A1D-1736A44D3AFA}", "ID": null, "القطاع": null, "الشركةالمنفذة": null}, "geometry": {"type": "Point", "coordinates": [31.568812449703753, 30.27022404877624, 0.0]}}, {"type": "Feature", "properties": {"Description": null, "Electric_Feature_Type": "كوفرية", "Easting": null, "Northing": null, "GlobalID": "{6CBC2A6B-F6A1-46A0-856E-1F757279FD83}", "ID": null, "القطاع": null, "الشركةالمنفذة": null}, "geometry": {"type": "Point", "coordinates": [31.56911978579687, 30.2702003763391, 0.0]}}, {"type": "Feature", "properties": {"Description": null, "Electric_Feature_Type": "كوفرية", "Easting": null, "Northing": null, "GlobalID": "{8ED32A3E-0856-4FDC-8030-1ECA1A96E04E}", "ID": null, "القطاع": null, "الشركةالمنفذة": null}, "geometry": {"type": "Point", "coordinates": [31.569320296600672, 30.27038277877547, 0.0]}}, {"type": "Feature", "properties": {"Description": null, "Electric_Feature_Type": "كوفرية", "Easting": null, "Northing": null, "GlobalID": "{19D8C6EE-6540-4518-9BE5-C1ABBFE17F05}", "ID": null, "القطاع": null, "الشركةالمنفذة": null}, "geometry": {"type": "Point", "coordinates": [31.57024107557231, 30.268996571555064, 0.0]}}, {"type": "Feature", "properties": {"Description": null, "Electric_Feature_Type": "كوفرية", "Easting": null, "Northing": null, "GlobalID": "{0A4C0892-076D-46F3-A692-4D95D789A7AE}", "ID": null, "القطاع": null, "الشركةالمنفذة": null}, "geometry": {"type": "Point", "coordinates": [31.570095697459404, 30.269226394836373, 0.0]}}, {"type": "Feature", "properties": {"Description": null, "Electric_Feature_Type": "كوفرية", "Easting": null, "Northing": null, "GlobalID": "{71B5CB82-E54C-4C94-991B-B1FD70BB6587}", "ID": null, "القطاع": null, "الشركةالمنفذة": null}, "geometry": {"type": "Point", "coordinates": [31.56973197991909, 30.2693783550717, 0.0]}}, {"type": "Feature", "properties": {"Description": null, "Electric_Feature_Type": "كوفرية", "Easting": null, "Northing": null, "GlobalID": "{934F517F-FF28-4CF5-AC81-B52DAC490DE1}", "ID": null, "القطاع": null, "الشركةالمنفذة": null}, "geometry": {"type": "Point", "coordinates": [31.569493891221352, 30.269522989985656, 0.0]}}, {"type": "Feature", "properties": {"Description": null, "Electric_Feature_Type": "كوفرية", "Easting": null, "Northing": null, "GlobalID": "{1D89FF7B-A0BB-4218-A70A-F9540DF01C5B}", "ID": null, "القطاع": null, "الشركةالمنفذة": null}, "geometry": {"type": "Point", "coordinates": [31.569444277230954, 30.269782694515058, 0.0]}}, {"type": "Feature", "properties": {"Description": null, "Electric_Feature_Type": "كوفرية", "Easting": null, "Northing": null, "GlobalID": "{74EEF9C7-DB78-4E6B-B9C1-593A717CB0E0}", "ID": null, "القطاع": null, "الشركةالمنفذة": null}, "geometry": {"type": "Point", "coordinates": [31.569631554195, 30.269971198542855, 0.0]}}, {"type": "Feature", "properties": {"Description": null, "Electric_Feature_Type": "كوفرية", "Easting": null, "Northing": null, "GlobalID": "{C9C54A4A-3F80-4358-A6A4-E8EE750D0585}", "ID": null, "القطاع": null, "الشركةالمنفذة": null}, "geometry": {"type": "Point", "coordinates": [31.567812143045977, 30.269887922369826, 0.0]}}, {"type": "Feature", "properties": {"Description": null, "Electric_Feature_Type": "كوفرية", "Easting": null, "Northing": null, "GlobalID": "{B18CDD21-86A4-4FE3-9A61-C46D72B2A001}", "ID": null, "القطاع": null, "الشركةالمنفذة": null}, "geometry": {"type": "Point", "coordinates": [31.568055146367545, 30.269615467644453, 0.0]}}, {"type": "Feature", "properties": {"Description": null, "Electric_Feature_Type": "كوفرية", "Easting": null, "Northing": null, "GlobalID": "{EA3DF991-905D-4E5C-92E5-72CC2ADFB4D0}", "ID": null, "القطاع": null, "الشركةالمنفذة": null}, "geometry": {"type": "Point", "coordinates": [31.56836174947237, 30.269581731561207, 0.0]}}, {"type": "Feature", "properties": {"Description": null, "Electric_Feature_Type": "كوفرية", "Easting": null, "Northing": null, "GlobalID": "{11D382E0-1E6D-4359-A364-6336BDFCD21B}", "ID": null, "القطاع": null, "الشركةالمنفذة": null}, "geometry": {"type": "Point", "coordinates": [31.56856978651018, 30.269754883683042, 0.0]}}, {"type": "Feature", "properties": {"Description": null, "Electric_Feature_Type": "كوفرية", "Easting": null, "Northing": null, "GlobalID": "{774366A7-F165-4893-9A16-D1694D1366FF}", "ID": null, "القطاع": null, "الشركةالمنفذة": null}, "geometry": {"type": "Point", "coordinates": [31.569482326224655, 30.26831004300086, 0.0]}}, {"type": "Feature", "properties": {"Description": null, "Electric_Feature_Type": "كوفرية", "Easting": null, "Northing": null, "GlobalID": "{76F432DC-F4DB-4F5E-A237-F92FDA64E339}", "ID": null, "القطاع": null, "الشركةالمنفذة": null}, "geometry": {"type": "Point", "coordinates": [31.569353354050666, 30.26854559980455, 0.0]}}, {"type": "Feature", "properties": {"Description": null, "Electric_Feature_Type": "كوفرية", "Easting": null, "Northing": null, "GlobalID": "{8EBA2696-0C7D-45A8-AF4E-DCDA9170C9DA}", "ID": null, "القطاع": null, "الشركةالمنفذة": null}, "geometry": {"type": "Point", "coordinates": [31.56899714332694, 30.26870862957385, 0.0]}}, {"type": "Feature", "properties": {"Description": null, "Electric_Feature_Type": "كوفرية", "Easting": null, "Northing": null, "GlobalID": "{2B4E57A5-D562-46C5-A786-E723E0D5E3E0}", "ID": null, "القطاع": null, "الشركةالمنفذة": null}, "geometry": {"type": "Point", "coordinates": [31.56876851965977, 30.268864899974485, 0.0]}}, {"type": "Feature", "properties": {"Description": null, "Electric_Feature_Type": "كوفرية", "Easting": null, "Northing": null, "GlobalID": "{27148FC3-4107-4901-A1FE-12E1BDF91847}", "ID": null, "القطاع": null, "الشركةالمنفذة": null}, "geometry": {"type": "Point", "coordinates": [31.568732967866048, 30.269127885361122, 0.0]}}, {"type": "Feature", "properties": {"Description": null, "Electric_Feature_Type": "كوفرية", "Easting": null, "Northing": null, "GlobalID": "{0A9F3C97-6F09-45CF-BF2F-60AD71ED669A}", "ID": null, "القطاع": null, "الشركةالمنفذة": null}, "geometry": {"type": "Point", "coordinates": [31.568930396373517, 30.26930429871366, 0.0]}}, {"type": "Feature", "properties": {"Description": null, "Electric_Feature_Type": "كوفرية", "Easting": null, "Northing": null, "GlobalID": "{777232E3-D6C6-4A0E-A03F-0474A84AD392}", "ID": null, "القطاع": null, "الشركةالمنفذة": null}, "geometry": {"type": "Point", "coordinates": [31.56820193059146, 30.268679166072637, 0.0]}}, {"type": "Feature", "properties": {"Description": null, "Electric_Feature_Type": "كوفرية", "Easting": null, "Northing": null, "GlobalID": "{42CF0FED-9377-4B63-98F3-D9198C14574C}", "ID": null, "القطاع": null, "الشركةالمنفذة": null}, "geometry": {"type": "Point", "coordinates": [31.567992596186503, 30.268518262374563, 0.0]}}, {"type": "Feature", "properties": {"Description": null, "Electric_Feature_Type": "كوفرية", "Easting": null, "Northing": null, "GlobalID": "{FE8A94E8-5A45-4A38-B3E2-E198CEDC8F84}", "ID": null, "القطاع": null, "الشركةالمنفذة": null}, "geometry": {"type": "Point", "coordinates": [31.568666330966938, 30.26764608550334, 0.0]}}, {"type": "Feature", "properties": {"Description": null, "Electric_Feature_Type": "كوفرية", "Easting": null, "Northing": null, "GlobalID": "{C5B6E87D-7F1B-4A3B-AAEC-A7D51CBF4DAA}", "ID": null, "القطاع": null, "الشركةالمنفذة": null}, "geometry": {"type": "Point", "coordinates": [31.5685560462985, 30.267891344096064, 0.0]}}, {"type": "Feature", "properties": {"Description": null, "Electric_Feature_Type": "كوفرية", "Easting": null, "Northing": null, "GlobalID": "{78DFB2D1-1C43-4B2C-A797-C55F6D740635}", "ID": null, "القطاع": null, "الشركةالمنفذة": null}, "geometry": {"type": "Point", "coordinates": [31.56821497115965, 30.26807401940018, 0.0]}}, {"type": "Feature", "properties": {"Description": null, "Electric_Feature_Type": "كوفرية", "Easting": null, "Northing": null, "GlobalID": "{064A86C4-1DEA-48EC-AE54-044227C3C07E}", "ID": null, "القطاع": null, "الشركةالمنفذة": null}, "geometry": {"type": "Point", "coordinates": [31.568000599854084, 30.268247020979718, 0.0]}}, {"type": "Feature", "properties": {"Description": null, "Electric_Feature_Type": "كوفرية", "Easting": null, "Northing": null, "GlobalID": "{32E32AF6-CD8B-442F-AAFE-356968396BCC}", "ID": null, "القطاع": null, "الشركةالمنفذة": null}, "geometry": {"type": "Point", "coordinates": [31.567155650148045, 30.269353798849888, 0.0]}}, {"type": "Feature", "properties": {"Description": null, "Electric_Feature_Type": "كوفرية", "Easting": null, "Northing": null, "GlobalID": "{5A5077B2-3AE8-4FE1-A241-E9AF15DAAB03}", "ID": null, "القطاع": null, "الشركةالمنفذة": null}, "geometry": {"type": "Point", "coordinates": [31.56733015625343, 30.269040019525548, 0.0]}}, {"type": "Feature", "properties": {"Description": null, "Electric_Feature_Type": "كوفرية", "Easting": null, "Northing": null, "GlobalID": "{C37FC40D-331E-45DD-A8A9-B7F06F456291}", "ID": null, "القطاع": null, "الشركةالمنفذة": null}, "geometry": {"type": "Point", "coordinates": [31.567485414722615, 30.26882641314114, 0.0]}}, {"type": "Feature", "properties": {"Description": null, "Electric_Feature_Type": "كوفرية", "Easting": null, "Northing": null, "GlobalID": "{324BFF6E-F0EB-47EF-8929-B8E22EEF159A}", "ID": null, "القطاع": null, "الشركةالمنفذة": null}, "geometry": {"type": "Point", "coordinates": [31.567790990158983, 30.26877608434585, 0.0]}}, {"type": "Feature", "properties": {"Description": null, "Electric_Feature_Type": "كوفرية", "Easting": null, "Northing": null, "GlobalID": "{083E885B-05E6-4405-A882-9100A258F7E3}", "ID": null, "القطاع": null, "الشركةالمنفذة": null}, "geometry": {"type": "Point", "coordinates": [31.568013146546235, 30.268936265314935, 0.0]}}, {"type": "Feature", "properties": {"Description": null, "Electric_Feature_Type": "كوفرية", "Easting": null, "Northing": null, "GlobalID": "{EC4961E3-2165-4AA7-9A5F-6D0CC83221D1}", "ID": null, "القطاع": null, "الشركةالمنفذة": null}, "geometry": {"type": "Point", "coordinates": [31.56719135031737, 30.26836726931833, 0.0]}}, {"type": "Feature", "properties": {"Description": null, "Electric_Feature_Type": "كوفرية", "Easting": null, "Northing": null, "GlobalID": "{8A66BFC8-2EA1-4EB5-A7A0-4D3CFA50B6DC}", "ID": null, "القطاع": null, "الشركةالمنفذة": null}, "geometry": {"type": "Point", "coordinates": [31.566962063227873, 30.26821157384199, 0.0]}}, {"type": "Feature", "properties": {"Description": null, "Electric_Feature_Type": "كوفرية", "Easting": null, "Northing": null, "GlobalID": "{B70A8287-F915-4CAD-B03C-AEA4B028406D}", "ID": null, "القطاع": null, "الشركةالمنفذة": null}, "geometry": {"type": "Point", "coordinates": [31.566351402225745, 30.267839918026308, 0.0]}}, {"type": "Feature", "properties": {"Description": null, "Electric_Feature_Type": "كوفرية", "Easting": null, "Northing": null, "GlobalID": "{E81C4296-5C2D-4EC4-BACA-86E5DCAB3288}", "ID": null, "القطاع": null, "الشركةالمنفذة": null}, "geometry": {"type": "Point", "coordinates": [31.566109367334203, 30.26770064907348, 0.0]}}, {"type": "Feature", "properties": {"Description": null, "Electric_Feature_Type": "كوفرية", "Easting": null, "Northing": null, "GlobalID": "{DB5B368E-F9B6-489D-99B8-44D88B3C07A8}", "ID": null, "القطاع": null, "الشركةالمنفذة": null}, "geometry": {"type": "Point", "coordinates": [31.56547250170928, 30.267343798285882, 0.0]}}, {"type": "Feature", "properties": {"Description": null, "Electric_Feature_Type": "كوفرية", "Easting": null, "Northing": null, "GlobalID": "{18CDD725-12BF-4863-BBB2-C8D2562A4019}", "ID": null, "القطاع": null, "الشركةالمنفذة": null}, "geometry": {"type": "Point", "coordinates": [31.56523355499516, 30.267215313643394, 0.0]}}, {"type": "Feature", "properties": {"Description": null, "Electric_Feature_Type": "كوفرية", "Easting": null, "Northing": null, "GlobalID": "{3AB82748-BF26-4AF4-8911-47383F4ACB60}", "ID": null, "القطاع": null, "الشركةالمنفذة": null}, "geometry": {"type": "Point", "coordinates": [31.56635834342497, 30.26881567425058, 0.0]}}, {"type": "Feature", "properties": {"Description": null, "Electric_Feature_Type": "كوفرية", "Easting": null, "Northing": null, "GlobalID": "{0AE2325D-832C-4399-8C61-61B76EA8AF23}", "ID": null, "القطاع": null, "الشركةالمنفذة": null}, "geometry": {"type": "Point", "coordinates": [31.566507174566556, 30.268493747737757, 0.0]}}, {"type": "Feature", "properties": {"Description": null, "Electric_Feature_Type": "كوفرية", "Easting": null, "Northing": null, "GlobalID": "{12A6EEC2-1CD7-4990-A801-8E5DB8090843}", "ID": null, "القطاع": null, "الشركةالمنفذة": null}, "geometry": {"type": "Point", "coordinates": [31.56665825358621, 30.268272220569393, 0.0]}}, {"type": "Feature", "properties": {"Description": null, "Electric_Feature_Type": "كوفرية", "Easting": null, "Northing": null, "GlobalID": "{6C9AE7E6-DF71-4C60-95AD-DAD9E0FE69B2}", "ID": null, "القطاع": null, "الشركةالمنفذة": null}, "geometry": {"type": "Point", "coordinates": [31.565541294466264, 30.2683220608967, 0.0]}}, {"type": "Feature", "properties": {"Description": null, "Electric_Feature_Type": "كوفرية", "Easting": null, "Northing": null, "GlobalID": "{1F95CD80-6D7C-4A81-A8A5-63072EB4766D}", "ID": null, "القطاع": null, "الشركةالمنفذة": null}, "geometry": {"type": "Point", "coordinates": [31.565684773942465, 30.267991114459626, 0.0]}}, {"type": "Feature", "properties": {"Description": null, "Electric_Feature_Type": "كوفرية", "Easting": null, "Northing": null, "GlobalID": "{96BBF5A0-5129-48BB-AB3B-EC02EF2EAE65}", "ID": null, "القطاع": null, "الشركةالمنفذة": null}, "geometry": {"type": "Point", "coordinates": [31.565822744026992, 30.267769122484836, 0.0]}}, {"type": "Feature", "properties": {"Description": null, "Electric_Feature_Type": "كوفرية", "Easting": null, "Northing": null, "GlobalID": "{7823A61F-EB64-4F8F-83D2-6142CD74384B}", "ID": null, "القطاع": null, "الشركةالمنفذة": null}, "geometry": {"type": "Point", "coordinates": [31.56634562207823, 30.267123825422516, 0.0]}}, {"type": "Feature", "properties": {"Description": null, "Electric_Feature_Type": "كوفرية", "Easting": null, "Northing": null, "GlobalID": "{963A71E2-E44F-4854-8562-8BB71667B703}", "ID": null, "القطاع": null, "الشركةالمنفذة": null}, "geometry": {"type": "Point", "coordinates": [31.566597010527186, 30.26686178097347, 0.0]}}, {"type": "Feature", "properties": {"Description": null, "Electric_Feature_Type": "كوفرية", "Easting": null, "Northing": null, "GlobalID": "{1CEE54BF-5E38-47CA-A0BA-069109B92311}", "ID": null, "القطاع": null, "الشركةالمنفذة": null}, "geometry": {"type": "Point", "coordinates": [31.56566527964449, 30.266333028222604, 0.0]}}, {"type": "Feature", "properties": {"Description": null, "Electric_Feature_Type": "كوفرية", "Easting": null, "Northing": null, "GlobalID": "{174D274B-F4FB-4D5F-A89F-2E416DCF740B}", "ID": null, "القطاع": null, "الشركةالمنفذة": null}, "geometry": {"type": "Point", "coordinates": [31.565434030647438, 30.26660836682334, 0.0]}}, {"type": "Feature", "properties": {"Description": null, "Electric_Feature_Type": "كوفرية", "Easting": null, "Northing": null, "GlobalID": "{CB5F579C-881C-42BE-8A36-68F836378618}", "ID": null, "القطاع": null, "الشركةالمنفذة": null}, "geometry": {"type": "Point", "coordinates": [31.5646958231476, 30.26785533197719, 0.0]}}, {"type": "Feature", "properties": {"Description": null, "Electric_Feature_Type": "كوفرية", "Easting": null, "Northing": null, "GlobalID": "{746952D3-8F4B-415C-829B-25149D143160}", "ID": null, "القطاع": null, "الشركةالمنفذة": null}, "geometry": {"type": "Point", "coordinates": [31.56481729193696, 30.26752244800632, 0.0]}}, {"type": "Feature", "properties": {"Description": null, "Electric_Feature_Type": "كوفرية", "Easting": null, "Northing": null, "GlobalID": "{8D85CB42-9CFC-4B0D-A3FB-8668E81948BF}", "ID": null, "القطاع": null, "الشركةالمنفذة": null}, "geometry": {"type": "Point", "coordinates": [31.564940429865967, 30.267294627751287, 0.0]}}, {"type": "Feature", "properties": {"Description": null, "Electric_Feature_Type": "كوفرية", "Easting": null, "Northing": null, "GlobalID": "{5385794B-2DC8-4E1D-98C8-6477420A962C}", "ID": null, "القطاع": null, "الشركةالمنفذة": null}, "geometry": {"type": "Point", "coordinates": [31.567821270517403, 30.267029018684493, 0.0]}}, {"type": "Feature", "properties": {"Description": null, "Electric_Feature_Type": "كوفرية", "Easting": null, "Northing": null, "GlobalID": "{EA77E9BD-6933-4AE9-97DB-0FBB1425F9FF}", "ID": null, "القطاع": null, "الشركةالمنفذة": null}, "geometry": {"type": "Point", "coordinates": [31.567723536788474, 30.267282779063578, 0.0]}}, {"type": "Feature", "properties": {"Description": null, "Electric_Feature_Type": "كوفرية", "Easting": null, "Northing": null, "GlobalID": "{23D9CD0A-A3B5-4198-B7D0-E135AC397094}", "ID": null, "القطاع": null, "الشركةالمنفذة": null}, "geometry": {"type": "Point", "coordinates": [31.56739311280183, 30.267487164340324, 0.0]}}, {"type": "Feature", "properties": {"Description": null, "Electric_Feature_Type": "كوفرية", "Easting": null, "Northing": null, "GlobalID": "{24FF113D-FAF4-45F9-8572-CD1470142A00}", "ID": null, "القطاع": null, "الشركةالمنفذة": null}, "geometry": {"type": "Point", "coordinates": [31.567191792014484, 30.267664237711884, 0.0]}}, {"type": "Feature", "properties": {"Description": null, "Electric_Feature_Type": "كوفرية", "Easting": null, "Northing": null, "GlobalID": "{89DEA355-BFE5-421E-97B7-851888BAECD8}", "ID": null, "القطاع": null, "الشركةالمنفذة": null}, "geometry": {"type": "Point", "coordinates": [31.565475961755862, 30.26687189331093, 0.0]}}, {"type": "Feature", "properties": {"Description": null, "Electric_Feature_Type": "كوفرية", "Easting": null, "Northing": null, "GlobalID": "{644A714B-FBD7-49B7-AE89-5F3D1722B259}", "ID": null, "القطاع": null, "الشركةالمنفذة": null}, "geometry": {"type": "Point", "coordinates": [31.56570987432426, 30.26699823613312, 0.0]}}, {"type": "Feature", "properties": {"Description": null, "Electric_Feature_Type": "كوفرية", "Easting": null, "Northing": null, "GlobalID": "{2FD9B4AC-D9C5-41AF-854E-38E82A55A602}", "ID": null, "القطاع": null, "الشركةالمنفذة": null}, "geometry": {"type": "Point", "coordinates": [31.566381294192922, 30.267392516647888, 0.0]}}, {"type": "Feature", "properties": {"Description": null, "Electric_Feature_Type": "كوفرية", "Easting": null, "Northing": null, "GlobalID": "{44231859-CB60-4C6C-93CC-CB0CB2F97515}", "ID": null, "القطاع": null, "الشركةالمنفذة": null}, "geometry": {"type": "Point", "coordinates": [31.566601166378163, 30.267528076933154, 0.0]}}, {"type": "Feature", "properties": {"Description": null, "Electric_Feature_Type": "كوفرية", "Easting": null, "Northing": null, "GlobalID": "{D2DBED43-B0DA-44AD-8051-A33B19BC2E46}", "ID": null, "القطاع": null, "الشركةالمنفذة": null}, "geometry": {"type": "Point", "coordinates": [31.56741383318014, 30.268078428644234, 0.0]}}, {"type": "Feature", "properties": {"Description": null, "Electric_Feature_Type": "كوفرية", "Easting": null, "Northing": null, "GlobalID": "{C04A4339-E45B-4AD8-9703-DAC883A91EEF}", "ID": null, "القطاع": null, "الشركةالمنفذة": null}, "geometry": {"type": "Point", "coordinates": [31.5672001280459, 30.26792832739102, 0.0]}}, {"type": "Feature", "properties": {"Description": null, "Electric_Feature_Type": "كوفرية", "Easting": null, "Northing": null, "GlobalID": "{93520200-4AE0-4F8D-B7B4-BE2CB0B27C0F}", "ID": null, "القطاع": null, "الشركةالمنفذة": null}, "geometry": {"type": "Point", "coordinates": [31.559235292117794, 30.269371402194995, 0.0]}}, {"type": "Feature", "properties": {"Description": null, "Electric_Feature_Type": "كوفرية", "Easting": null, "Northing": null, "GlobalID": "{98527E19-D6C3-4E2D-8E6F-D88B84DBF318}", "ID": null, "القطاع": null, "الشركةالمنفذة": null}, "geometry": {"type": "Point", "coordinates": [31.55780500572087, 30.268911689829785, 0.0]}}, {"type": "Feature", "properties": {"Description": null, "Electric_Feature_Type": "كوفرية", "Easting": null, "Northing": null, "GlobalID": "{30F1FF24-4653-4B14-AA5F-CECCD69CCF7B}", "ID": null, "القطاع": null, "الشركةالمنفذة": null}, "geometry": {"type": "Point", "coordinates": [31.558166830501587, 30.269054334209574, 0.0]}}, {"type": "Feature", "properties": {"Description": null, "Electric_Feature_Type": "كوفرية", "Easting": null, "Northing": null, "GlobalID": "{0E278CFD-897C-4ABB-9636-847C9EA28D94}", "ID": null, "القطاع": null, "الشركةالمنفذة": null}, "geometry": {"type": "Point", "coordinates": [31.559436423832853, 30.268905562129117, 0.0]}}, {"type": "Feature", "properties": {"Description": null, "Electric_Feature_Type": "كوفرية", "Easting": null, "Northing": null, "GlobalID": "{599CC7C4-4197-4C9D-AF9C-E6CFE75BB93F}", "ID": null, "القطاع": null, "الشركةالمنفذة": null}, "geometry": {"type": "Point", "coordinates": [31.558411101540987, 30.268504185573804, 0.0]}}, {"type": "Feature", "properties": {"Description": null, "Electric_Feature_Type": "كوفرية", "Easting": null, "Northing": null, "GlobalID": "{C26852D0-2D45-43CC-80A8-5999484556BD}", "ID": null, "القطاع": null, "الشركةالمنفذة": null}, "geometry": {"type": "Point", "coordinates": [31.558455595238303, 30.26897202560033, 0.0]}}, {"type": "Feature", "properties": {"Description": null, "Electric_Feature_Type": "كوفرية", "Easting": null, "Northing": null, "GlobalID": "{33C2F93F-8F57-45EB-9AE6-48FD82A4754C}", "ID": null, "القطاع": null, "الشركةالمنفذة": null}, "geometry": {"type": "Point", "coordinates": [31.558553743102564, 30.268739768656808, 0.0]}}, {"type": "Feature", "properties": {"Description": null, "Electric_Feature_Type": "كوفرية", "Easting": null, "Northing": null, "GlobalID": "{16C15B3E-0AD9-4183-B2D8-F1A978B51951}", "ID": null, "القطاع": null, "الشركةالمنفذة": null}, "geometry": {"type": "Point", "coordinates": [31.558919026507176, 30.269211062479375, 0.0]}}, {"type": "Feature", "properties": {"Description": null, "Electric_Feature_Type": "كوفرية", "Easting": null, "Northing": null, "GlobalID": "{20D0A98F-A559-4AEA-B47C-801444F6BF44}", "ID": null, "القطاع": null, "الشركةالمنفذة": null}, "geometry": {"type": "Point", "coordinates": [31.55888948276406, 30.269028056193765, 0.0]}}, {"type": "Feature", "properties": {"Description": null, "Electric_Feature_Type": "كوفرية", "Easting": null, "Northing": null, "GlobalID": "{2F4172FD-A800-44E8-9BD3-57AE167FEADE}", "ID": null, "القطاع": null, "الشركةالمنفذة": null}, "geometry": {"type": "Point", "coordinates": [31.559121365339497, 30.26874952679938, 0.0]}}, {"type": "Feature", "properties": {"Description": null, "Electric_Feature_Type": "كوفرية", "Easting": null, "Northing": null, "GlobalID": "{5246DE90-10BC-4015-AC70-EB263ECD7458}", "ID": null, "القطاع": null, "الشركةالمنفذة": null}, "geometry": {"type": "Point", "coordinates": [31.560516630693446, 30.272533191698667, 0.0]}}, {"type": "Feature", "properties": {"Description": null, "Electric_Feature_Type": "كوفرية", "Easting": null, "Northing": null, "GlobalID": "{3BD558D6-B2F5-4370-89F3-83F3B1BFDBA9}", "ID": null, "القطاع": null, "الشركةالمنفذة": null}, "geometry": {"type": "Point", "coordinates": [31.56032382941158, 30.27225057442164, 0.0]}}, {"type": "Feature", "properties": {"Description": null, "Electric_Feature_Type": "كوفرية", "Easting": null, "Northing": null, "GlobalID": "{15C8BE93-86AD-4B01-8985-78887E33DC81}", "ID": null, "القطاع": null, "الشركةالمنفذة": null}, "geometry": {"type": "Point", "coordinates": [31.56139496145112, 30.273222357794264, 0.0]}}, {"type": "Feature", "properties": {"Description": null, "Electric_Feature_Type": "كوفرية", "Easting": null, "Northing": null, "GlobalID": "{1452AE99-A330-4060-B1F2-99541E045EE7}", "ID": null, "القطاع": null, "الشركةالمنفذة": null}, "geometry": {"type": "Point", "coordinates": [31.561735982178764, 30.273365653896782, 0.0]}}, {"type": "Feature", "properties": {"Description": null, "Electric_Feature_Type": "كوفرية", "Easting": null, "Northing": null, "GlobalID": "{69577D3B-7071-4362-A6E7-BD8CE7E589A1}", "ID": null, "القطاع": null, "الشركةالمنفذة": null}, "geometry": {"type": "Point", "coordinates": [31.56199576830652, 30.273574358952686, 0.0]}}, {"type": "Feature", "properties": {"Description": null, "Electric_Feature_Type": "كوفرية", "Easting": null, "Northing": null, "GlobalID": "{45903213-7390-491C-9928-0A94587CA2BA}", "ID": null, "القطاع": null, "الشركةالمنفذة": null}, "geometry": {"type": "Point", "coordinates": [31.562809074178393, 30.272813140861853, 0.0]}}, {"type": "Feature", "properties": {"Description": null, "Electric_Feature_Type": "كوفرية", "Easting": null, "Northing": null, "GlobalID": "{E8F7A5C7-1DA3-49E1-B8DF-ACCB5789F1CB}", "ID": null, "القطاع": null, "الشركةالمنفذة": null}, "geometry": {"type": "Point", "coordinates": [31.56254739523634, 30.272592270627364, 0.0]}}, {"type": "Feature", "properties": {"Description": null, "Electric_Feature_Type": "كوفرية", "Easting": null, "Northing": null, "GlobalID": "{3C192B9A-B9DE-49F5-943F-488B7D93C14B}", "ID": null, "القطاع": null, "الشركةالمنفذة": null}, "geometry": {"type": "Point", "coordinates": [31.562210251170026, 30.27244327350573, 0.0]}}, {"type": "Feature", "properties": {"Description": null, "Electric_Feature_Type": "كوفرية", "Easting": null, "Northing": null, "GlobalID": "{F60A9F0A-A131-4890-902E-04E1811146D6}", "ID": null, "القطاع": null, "الشركةالمنفذة": null}, "geometry": {"type": "Point", "coordinates": [31.56111746600264, 30.271493955511975, 0.0]}}, {"type": "Feature", "properties": {"Description": null, "Electric_Feature_Type": "كوفرية", "Easting": null, "Northing": null, "GlobalID": "{4F40D8A9-94C0-468A-928F-E4910E2469B3}", "ID": null, "القطاع": null, "الشركةالمنفذة": null}, "geometry": {"type": "Point", "coordinates": [31.561320480430048, 30.271771049820252, 0.0]}}, {"type": "Feature", "properties": {"Description": null, "Electric_Feature_Type": "كوفرية", "Easting": null, "Northing": null, "GlobalID": "{0FE73745-CFFD-43F4-AE11-B9DF844D9733}", "ID": null, "القطاع": null, "الشركةالمنفذة": null}, "geometry": {"type": "Point", "coordinates": [31.563615463061755, 30.27208913060966, 0.0]}}, {"type": "Feature", "properties": {"Description": null, "Electric_Feature_Type": "كوفرية", "Easting": null, "Northing": null, "GlobalID": "{052F808C-1950-4EDD-BAEB-B09FD5E831A3}", "ID": null, "القطاع": null, "الشركةالمنفذة": null}, "geometry": {"type": "Point", "coordinates": [31.56337560511114, 30.27186332515203, 0.0]}}, {"type": "Feature", "properties": {"Description": null, "Electric_Feature_Type": "كوفرية", "Easting": null, "Northing": null, "GlobalID": "{82EFBC45-BB51-480A-8250-65161F38F216}", "ID": null, "القطاع": null, "الشركةالمنفذة": null}, "geometry": {"type": "Point", "coordinates": [31.56305034985715, 30.271698042304898, 0.0]}}, {"type": "Feature", "properties": {"Description": null, "Electric_Feature_Type": "كوفرية", "Easting": null, "Northing": null, "GlobalID": "{B1849A6A-419C-4E98-A643-7B5BFB2577C7}", "ID": null, "القطاع": null, "الشركةالمنفذة": null}, "geometry": {"type": "Point", "coordinates": [31.564493060671957, 30.271381809748164, 0.0]}}, {"type": "Feature", "properties": {"Description": null, "Electric_Feature_Type": "كوفرية", "Easting": null, "Northing": null, "GlobalID": "{5B3513B9-0D3B-497D-A3E1-225331E8BB8A}", "ID": null, "القطاع": null, "الشركةالمنفذة": null}, "geometry": {"type": "Point", "coordinates": [31.56424934546046, 30.271149378016826, 0.0]}}, {"type": "Feature", "properties": {"Description": null, "Electric_Feature_Type": "كوفرية", "Easting": null, "Northing": null, "GlobalID": "{2B15CE46-858C-40BB-AFCB-899F25D1C871}", "ID": null, "القطاع": null, "الشركةالمنفذة": null}, "geometry": {"type": "Point", "coordinates": [31.563925119778617, 30.270976958622544, 0.0]}}, {"type": "Feature", "properties": {"Description": null, "Electric_Feature_Type": "كوفرية", "Easting": null, "Northing": null, "GlobalID": "{E5BF97E4-BBC3-4BDA-AE24-AE5FCE6211E6}", "ID": null, "القطاع": null, "الشركةالمنفذة": null}, "geometry": {"type": "Point", "coordinates": [31.563844413384043, 30.27065155320294, 0.0]}}, {"type": "Feature", "properties": {"Description": null, "Electric_Feature_Type": "كوفرية", "Easting": null, "Northing": null, "GlobalID": "{6DBF9144-DEF4-4A84-8A67-AFBA04239F3B}", "ID": null, "القطاع": null, "الشركةالمنفذة": null}, "geometry": {"type": "Point", "coordinates": [31.564113379577318, 30.270441088997543, 0.0]}}, {"type": "Feature", "properties": {"Description": null, "Electric_Feature_Type": "كوفرية", "Easting": null, "Northing": null, "GlobalID": "{560F8049-1266-420A-90A3-639CAF0A43C5}", "ID": null, "القطاع": null, "الشركةالمنفذة": null}, "geometry": {"type": "Point", "coordinates": [31.562960167753207, 30.271376259956398, 0.0]}}, {"type": "Feature", "properties": {"Description": null, "Electric_Feature_Type": "كوفرية", "Easting": null, "Northing": null, "GlobalID": "{C04ECB03-104F-486E-9BA7-A9833F5D0202}", "ID": null, "القطاع": null, "الشركةالمنفذة": null}, "geometry": {"type": "Point", "coordinates": [31.563219509931425, 30.27115715220603, 0.0]}}, {"type": "Feature", "properties": {"Description": null, "Electric_Feature_Type": "كوفرية", "Easting": null, "Northing": null, "GlobalID": "{A6B634A6-6094-4DD7-944A-621AE9517C8D}", "ID": null, "القطاع": null, "الشركةالمنفذة": null}, "geometry": {"type": "Point", "coordinates": [31.564477168178854, 30.270543834288624, 0.0]}}, {"type": "Feature", "properties": {"Description": null, "Electric_Feature_Type": "كوفرية", "Easting": null, "Northing": null, "GlobalID": "{1B1C18CE-D344-4073-A9B2-564888AEFF24}", "ID": null, "القطاع": null, "الشركةالمنفذة": null}, "geometry": {"type": "Point", "coordinates": [31.563059601963936, 30.270243783197547, 0.0]}}, {"type": "Feature", "properties": {"Description": null, "Electric_Feature_Type": "كوفرية", "Easting": null, "Northing": null, "GlobalID": "{6D1BD683-CA00-4570-932B-053F837F1F1A}", "ID": null, "القطاع": null, "الشركةالمنفذة": null}, "geometry": {"type": "Point", "coordinates": [31.563054419705516, 30.269678291434257, 0.0]}}, {"type": "Feature", "properties": {"Description": null, "Electric_Feature_Type": "كوفرية", "Easting": null, "Northing": null, "GlobalID": "{21B9951B-C675-47D4-BF23-BA81A03E7905}", "ID": null, "القطاع": null, "الشركةالمنفذة": null}, "geometry": {"type": "Point", "coordinates": [31.562118274629537, 30.2710021428993, 0.0]}}, {"type": "Feature", "properties": {"Description": null, "Electric_Feature_Type": "كوفرية", "Easting": null, "Northing": null, "GlobalID": "{F6F9ED0E-009F-4643-9034-94AEF5CB65C8}", "ID": null, "القطاع": null, "الشركةالمنفذة": null}, "geometry": {"type": "Point", "coordinates": [31.561474693613874, 30.271148797453016, 0.0]}}, {"type": "Feature", "properties": {"Description": null, "Electric_Feature_Type": "كوفرية", "Easting": null, "Northing": null, "GlobalID": "{0602D64A-5826-4854-895B-5449AB983347}", "ID": null, "القطاع": null, "الشركةالمنفذة": null}, "geometry": {"type": "Point", "coordinates": [31.561696444845225, 30.271841996032354, 0.0]}}, {"type": "Feature", "properties": {"Description": null, "Electric_Feature_Type": "كوفرية", "Easting": null, "Northing": null, "GlobalID": "{ED5CEA82-47FF-48C4-8E45-53130C8E4A35}", "ID": null, "القطاع": null, "الشركةالمنفذة": null}, "geometry": {"type": "Point", "coordinates": [31.561142408351518, 30.272379926613677, 0.0]}}, {"type": "Feature", "properties": {"Description": null, "Electric_Feature_Type": "كوفرية", "Easting": null, "Northing": null, "GlobalID": "{EA252C6E-BDC0-488C-B4B2-D4C016C1A32A}", "ID": null, "القطاع": null, "الشركةالمنفذة": null}, "geometry": {"type": "Point", "coordinates": [31.560893127038486, 30.272609367967206, 0.0]}}, {"type": "Feature", "properties": {"Description": null, "Electric_Feature_Type": "كوفرية", "Easting": null, "Northing": null, "GlobalID": "{6599B810-9DD0-4F4E-810B-98ADFFFBD085}", "ID": null, "القطاع": null, "الشركةالمنفذة": null}, "geometry": {"type": "Point", "coordinates": [31.56190131761644, 30.272738558272746, 0.0]}}, {"type": "Feature", "properties": {"Description": null, "Electric_Feature_Type": "كوفرية", "Easting": null, "Northing": null, "GlobalID": "{0613FF59-E9D7-4B81-A34E-33DEA4A64F61}", "ID": null, "القطاع": null, "الشركةالمنفذة": null}, "geometry": {"type": "Point", "coordinates": [31.56128001558618, 30.27290290928458, 0.0]}}, {"type": "Feature", "properties": {"Description": null, "Electric_Feature_Type": "كوفرية", "Easting": null, "Northing": null, "GlobalID": "{3EE1992A-CF94-41EA-9042-4055F43783E0}", "ID": null, "القطاع": null, "الشركةالمنفذة": null}, "geometry": {"type": "Point", "coordinates": [31.562098849525643, 30.272122182308664, 0.0]}}, {"type": "Feature", "properties": {"Description": null, "Electric_Feature_Type": "كوفرية", "Easting": null, "Northing": null, "GlobalID": "{D595E30A-91BA-4FF5-BCCB-E0864F6074C2}", "ID": null, "القطاع": null, "الشركةالمنفذة": null}, "geometry": {"type": "Point", "coordinates": [31.562726535629384, 30.271973356699885, 0.0]}}, {"type": "Feature", "properties": {"Description": null, "Electric_Feature_Type": "كوفرية", "Easting": null, "Northing": null, "GlobalID": "{37850FC1-F760-4404-A5E6-F991249964AE}", "ID": null, "القطاع": null, "الشركةالمنفذة": null}, "geometry": {"type": "Point", "coordinates": [31.5635901074982, 30.271251011721645, 0.0]}}, {"type": "Feature", "properties": {"Description": null, "Electric_Feature_Type": "كوفرية", "Easting": null, "Northing": null, "GlobalID": "{1B38549C-9E3F-4B03-9DF3-5A1863295B7D}", "ID": null, "القطاع": null, "الشركةالمنفذة": null}, "geometry": {"type": "Point", "coordinates": [31.561030296879245, 30.27205875632796, 0.0]}}, {"type": "Feature", "properties": {"Description": null, "Electric_Feature_Type": "كوفرية", "Easting": null, "Northing": null, "GlobalID": "{A7A10468-AB5B-4489-842C-0615FF1F0471}", "ID": null, "القطاع": null, "الشركةالمنفذة": null}, "geometry": {"type": "Point", "coordinates": [31.56069465328994, 30.271908457111394, 0.0]}}, {"type": "Feature", "properties": {"Description": null, "Electric_Feature_Type": "كوفرية", "Easting": null, "Northing": null, "GlobalID": "{CC1CCCA5-A4F6-4BCB-AFF6-C7250FE7AF6A}", "ID": null, "القطاع": null, "الشركةالمنفذة": null}, "geometry": {"type": "Point", "coordinates": [31.561524071685998, 30.27267114426483, 0.0]}}, {"type": "Feature", "properties": {"Description": null, "Electric_Feature_Type": "كوفرية", "Easting": null, "Northing": null, "GlobalID": "{F83B0B6B-0DB2-46CD-BBEF-6DAB0777388E}", "ID": null, "القطاع": null, "الشركةالمنفذة": null}, "geometry": {"type": "Point", "coordinates": [31.562100418504482, 30.273018875715326, 0.0]}}, {"type": "Feature", "properties": {"Description": null, "Electric_Feature_Type": "كوفرية", "Easting": null, "Northing": null, "GlobalID": "{CB53C02A-8814-4F2A-9AF2-EEB49298AD9E}", "ID": null, "القطاع": null, "الشركةالمنفذة": null}, "geometry": {"type": "Point", "coordinates": [31.56236655645427, 30.273234895458568, 0.0]}}, {"type": "Feature", "properties": {"Description": null, "Electric_Feature_Type": "كوفرية", "Easting": null, "Northing": null, "GlobalID": "{DB63A3A7-2B0A-42F2-8504-F02FD1C73E2B}", "ID": null, "القطاع": null, "الشركةالمنفذة": null}, "geometry": {"type": "Point", "coordinates": [31.561939880748945, 30.271608888840987, 0.0]}}, {"type": "Feature", "properties": {"Description": null, "Electric_Feature_Type": "كوفرية", "Easting": null, "Northing": null, "GlobalID": "{5832C6B4-FED3-483E-B6B5-04ACF9CD5CD5}", "ID": null, "القطاع": null, "الشركةالمنفذة": null}, "geometry": {"type": "Point", "coordinates": [31.562496848171747, 30.271072894347093, 0.0]}}, {"type": "Feature", "properties": {"Description": null, "Electric_Feature_Type": "كوفرية", "Easting": null, "Northing": null, "GlobalID": "{E79C8D96-EBF3-49BE-ABCE-BC5A33E33FDA}", "ID": null, "القطاع": null, "الشركةالمنفذة": null}, "geometry": {"type": "Point", "coordinates": [31.562741956175245, 30.27083935183041, 0.0]}}, {"type": "Feature", "properties": {"Description": null, "Electric_Feature_Type": "كوفرية", "Easting": null, "Northing": null, "GlobalID": "{04A49084-F64A-4198-9649-5AC7035BEF3D}", "ID": null, "القطاع": null, "الشركةالمنفذة": null}, "geometry": {"type": "Point", "coordinates": [31.56181742983764, 30.27128963885727, 0.0]}}, {"type": "Feature", "properties": {"Description": null, "Electric_Feature_Type": "كوفرية", "Easting": null, "Northing": null, "GlobalID": "{CCEC7DEE-1042-45DE-9C81-57AD2EC4F35B}", "ID": null, "القطاع": null, "الشركةالمنفذة": null}, "geometry": {"type": "Point", "coordinates": [31.56261837557915, 30.270520190407566, 0.0]}}, {"type": "Feature", "properties": {"Description": null, "Electric_Feature_Type": "كوفرية", "Easting": null, "Northing": null, "GlobalID": "{874993B4-1B75-4C33-8F4B-A27C0F48801C}", "ID": null, "القطاع": null, "الشركةالمنفذة": null}, "geometry": {"type": "Point", "coordinates": [31.56227791319353, 30.27037688415403, 0.0]}}, {"type": "Feature", "properties": {"Description": null, "Electric_Feature_Type": "كوفرية", "Easting": null, "Northing": null, "GlobalID": "{6ED8EEE1-FA53-48BE-A3C5-2ADAFF80CFE5}", "ID": null, "القطاع": null, "الشركةالمنفذة": null}, "geometry": {"type": "Point", "coordinates": [31.56191709272825, 30.270726864980873, 0.0]}}, {"type": "Feature", "properties": {"Description": null, "Electric_Feature_Type": "كوفرية", "Easting": null, "Northing": null, "GlobalID": "{96E47E05-1783-45DD-881B-FE996BA55B5E}", "ID": null, "القطاع": null, "الشركةالمنفذة": null}, "geometry": {"type": "Point", "coordinates": [31.562756534195287, 30.270071280830958, 0.0]}}, {"type": "Feature", "properties": {"Description": null, "Electric_Feature_Type": "كوفرية", "Easting": null, "Northing": null, "GlobalID": "{0E831C46-83E6-427F-AC02-9B638655D29D}", "ID": null, "القطاع": null, "الشركةالمنفذة": null}, "geometry": {"type": "Point", "coordinates": [31.563356057517982, 30.269854017763087, 0.0]}}, {"type": "Feature", "properties": {"Description": null, "Electric_Feature_Type": "كوفرية", "Easting": null, "Northing": null, "GlobalID": "{710AE993-1A35-4120-9F05-D251624A5579}", "ID": null, "القطاع": null, "الشركةالمنفذة": null}, "geometry": {"type": "Point", "coordinates": [31.56234734927171, 30.271893988652153, 0.0]}}, {"type": "Feature", "properties": {"Description": null, "Electric_Feature_Type": "كوفرية", "Easting": null, "Northing": null, "GlobalID": "{D71E78DD-59AA-4C5A-8D52-47229A2416D1}", "ID": null, "القطاع": null, "الشركةالمنفذة": null}, "geometry": {"type": "Point", "coordinates": [31.56291532890798, 30.2722574867982, 0.0]}}, {"type": "Feature", "properties": {"Description": null, "Electric_Feature_Type": "كوفرية", "Easting": null, "Northing": null, "GlobalID": "{8C468E5C-EC30-4129-9C3B-DD128DB5E5E5}", "ID": null, "القطاع": null, "الشركةالمنفذة": null}, "geometry": {"type": "Point", "coordinates": [31.563180594036396, 30.27247304049961, 0.0]}}, {"type": "Feature", "properties": {"Description": null, "Electric_Feature_Type": "كوفرية", "Easting": null, "Northing": null, "GlobalID": "{33F37289-2042-4CFC-A867-33D0E249862D}", "ID": null, "القطاع": null, "الشركةالمنفذة": null}, "geometry": {"type": "Point", "coordinates": [31.56376058064421, 30.271544707949737, 0.0]}}, {"type": "Feature", "properties": {"Description": null, "Electric_Feature_Type": "كوفرية", "Easting": null, "Northing": null, "GlobalID": "{CD84514D-BE2B-4C8D-BA7D-CDDE8F59E00C}", "ID": null, "القطاع": null, "الشركةالمنفذة": null}, "geometry": {"type": "Point", "coordinates": [31.564009265040884, 30.27177562993364, 0.0]}}, {"type": "Feature", "properties": {"Description": null, "Electric_Feature_Type": "كوفرية", "Easting": null, "Northing": null, "GlobalID": "{6E235DEA-8F05-43EB-A297-FED846DFC8AB}", "ID": null, "القطاع": null, "الشركةالمنفذة": null}, "geometry": {"type": "Point", "coordinates": [31.564642903342754, 30.270838539322312, 0.0]}}, {"type": "Feature", "properties": {"Description": null, "Electric_Feature_Type": "كوفرية", "Easting": null, "Northing": null, "GlobalID": "{B138C705-6425-4832-80DA-48168A93338D}", "ID": null, "القطاع": null, "الشركةالمنفذة": null}, "geometry": {"type": "Point", "coordinates": [31.56488748651061, 30.271070799714064, 0.0]}}, {"type": "Feature", "properties": {"Description": null, "Electric_Feature_Type": "كوفرية", "Easting": null, "Northing": null, "GlobalID": "{71AA701F-DC07-4680-B340-3162FB5E8B02}", "ID": null, "القطاع": null, "الشركةالمنفذة": null}, "geometry": {"type": "Point", "coordinates": [31.55775430862435, 30.27664502431313, 0.0]}}, {"type": "Feature", "properties": {"Description": null, "Electric_Feature_Type": "كوفرية", "Easting": null, "Northing": null, "GlobalID": "{E62D0F6C-7C77-4931-A442-C48F842C4AE3}", "ID": null, "القطاع": null, "الشركةالمنفذة": null}, "geometry": {"type": "Point", "coordinates": [31.557373585331185, 30.27645657344983, 0.0]}}, {"type": "Feature", "properties": {"Description": null, "Electric_Feature_Type": "كوفرية", "Easting": null, "Northing": null, "GlobalID": "{FCC8116A-5F66-4034-8579-6581AED4748B}", "ID": null, "القطاع": null, "الشركةالمنفذة": null}, "geometry": {"type": "Point", "coordinates": [31.557487973944195, 30.27621464620186, 0.0]}}, {"type": "Feature", "properties": {"Description": null, "Electric_Feature_Type": "كوفرية", "Easting": null, "Northing": null, "GlobalID": "{75D22AA2-444B-42C4-BD44-CE9557F3C002}", "ID": null, "القطاع": null, "الشركةالمنفذة": null}, "geometry": {"type": "Point", "coordinates": [31.558181801929777, 30.27709510123728, 0.0]}}, {"type": "Feature", "properties": {"Description": null, "Electric_Feature_Type": "كوفرية", "Easting": null, "Northing": null, "GlobalID": "{83958AC5-C530-4B24-AE34-1AB5FA309BF4}", "ID": null, "القطاع": null, "الشركةالمنفذة": null}, "geometry": {"type": "Point", "coordinates": [31.558295420539565, 30.276852684079216, 0.0]}}, {"type": "Feature", "properties": {"Description": null, "Electric_Feature_Type": "كوفرية", "Easting": null, "Northing": null, "GlobalID": "{DCBE356C-5A96-4585-A7BC-D65C333C449B}", "ID": null, "القطاع": null, "الشركةالمنفذة": null}, "geometry": {"type": "Point", "coordinates": [31.55853910402104, 30.27658349501012, 0.0]}}, {"type": "Feature", "properties": {"Description": null, "Electric_Feature_Type": "كوفرية", "Easting": null, "Northing": null, "GlobalID": "{6B63DC16-E6E7-4652-954B-3C79410FCD50}", "ID": null, "القطاع": null, "الشركةالمنفذة": null}, "geometry": {"type": "Point", "coordinates": [31.558023241382596, 30.276517478635032, 0.0]}}, {"type": "Feature", "properties": {"Description": null, "Electric_Feature_Type": "كوفرية", "Easting": null, "Northing": null, "GlobalID": "{40C04973-943E-4696-A532-303A1B0BA356}", "ID": null, "القطاع": null, "الشركةالمنفذة": null}, "geometry": {"type": "Point", "coordinates": [31.5583061151994, 30.27627807376996, 0.0]}}, {"type": "Feature", "properties": {"Description": null, "Electric_Feature_Type": "كوفرية", "Easting": null, "Northing": null, "GlobalID": "{D1EE3EE1-A173-423D-9D56-843114749512}", "ID": null, "القطاع": null, "الشركةالمنفذة": null}, "geometry": {"type": "Point", "coordinates": [31.557967945184764, 30.27584919764221, 0.0]}}, {"type": "Feature", "properties": {"Description": null, "Electric_Feature_Type": "كوفرية", "Easting": null, "Northing": null, "GlobalID": "{B537C622-3018-44D6-9CBC-B2BD9B307D48}", "ID": null, "القطاع": null, "الشركةالمنفذة": null}, "geometry": {"type": "Point", "coordinates": [31.558258313759858, 30.27607972754522, 0.0]}}, {"type": "Feature", "properties": {"Description": null, "Electric_Feature_Type": "كوفرية", "Easting": null, "Northing": null, "GlobalID": "{766D6029-FCB0-4DBC-881B-001A85B05A61}", "ID": null, "القطاع": null, "الشركةالمنفذة": null}, "geometry": {"type": "Point", "coordinates": [31.55833029253811, 30.27562644183536, 0.0]}}, {"type": "Feature", "properties": {"Description": null, "Electric_Feature_Type": "كوفرية", "Easting": null, "Northing": null, "GlobalID": "{2816B278-0BE4-41CE-8E6E-D280AE3396D0}", "ID": null, "القطاع": null, "الشركةالمنفذة": null}, "geometry": {"type": "Point", "coordinates": [31.55856558842277, 30.27728125899135, 0.0]}}, {"type": "Feature", "properties": {"Description": null, "Electric_Feature_Type": "كوفرية", "Easting": null, "Northing": null, "GlobalID": "{121E193D-94A8-45F0-9253-DA910C31B17C}", "ID": null, "القطاع": null, "الشركةالمنفذة": null}, "geometry": {"type": "Point", "coordinates": [31.558833922863368, 30.277159165251692, 0.0]}}, {"type": "Feature", "properties": {"Description": null, "Electric_Feature_Type": "كوفرية", "Easting": null, "Northing": null, "GlobalID": "{13ADA1D0-9835-4347-B2EB-D83AE3323C25}", "ID": null, "القطاع": null, "الشركةالمنفذة": null}, "geometry": {"type": "Point", "coordinates": [31.55911975717182, 30.27691622175286, 0.0]}}, {"type": "Feature", "properties": {"Description": null, "Electric_Feature_Type": "كوفرية", "Easting": null, "Northing": null, "GlobalID": "{CF61A988-4910-4264-8D92-137D0028503C}", "ID": null, "القطاع": null, "الشركةالمنفذة": null}, "geometry": {"type": "Point", "coordinates": [31.559063996440898, 30.2767146624366, 0.0]}}, {"type": "Feature", "properties": {"Description": null, "Electric_Feature_Type": "كوفرية", "Easting": null, "Northing": null, "GlobalID": "{B139C84A-93A5-49E8-8BAB-DC27F41D5538}", "ID": null, "القطاع": null, "الشركةالمنفذة": null}, "geometry": {"type": "Point", "coordinates": [31.558777346091475, 30.27648932873393, 0.0]}}, {"type": "Feature", "properties": {"Description": null, "Electric_Feature_Type": "كوفرية", "Easting": null, "Northing": null, "GlobalID": "{D42A6712-58FB-43EB-81AA-142C22BDDBD6}", "ID": null, "القطاع": null, "الشركةالمنفذة": null}, "geometry": {"type": "Point", "coordinates": [31.55899350265384, 30.277728906682515, 0.0]}}, {"type": "Feature", "properties": {"Description": null, "Electric_Feature_Type": "كوفرية", "Easting": null, "Northing": null, "GlobalID": "{9ACB6A6F-093A-4413-9225-889D22C83603}", "ID": null, "القطاع": null, "الشركةالمنفذة": null}, "geometry": {"type": "Point", "coordinates": [31.557732816810656, 30.275946730065442, 0.0]}}, {"type": "Feature", "properties": {"Description": null, "Electric_Feature_Type": "كوفرية", "Easting": null, "Northing": null, "GlobalID": "{B31FEFAD-74BA-4C01-AD35-11F6CC87A901}", "ID": null, "القطاع": null, "الشركةالمنفذة": null}, "geometry": {"type": "Point", "coordinates": [31.558282212289427, 30.27541953458544, 0.0]}}, {"type": "Feature", "properties": {"Description": null, "Electric_Feature_Type": "كوفرية", "Easting": null, "Northing": null, "GlobalID": "{1002D1D5-74D8-401A-A662-8C01E6DE8757}", "ID": null, "القطاع": null, "الشركةالمنفذة": null}, "geometry": {"type": "Point", "coordinates": [31.558563857817635, 30.275180263376136, 0.0]}}, {"type": "Feature", "properties": {"Description": null, "Electric_Feature_Type": "كوفرية", "Easting": null, "Northing": null, "GlobalID": "{60413251-674A-4EE5-A744-C6007099BE00}", "ID": null, "القطاع": null, "الشركةالمنفذة": null}, "geometry": {"type": "Point", "coordinates": [31.55883508689764, 30.27505719753883, 0.0]}}, {"type": "Feature", "properties": {"Description": null, "Electric_Feature_Type": "كوفرية", "Easting": null, "Northing": null, "GlobalID": "{082BC186-0D83-4F8D-89B7-AE5C6DE6834D}", "ID": null, "القطاع": null, "الشركةالمنفذة": null}, "geometry": {"type": "Point", "coordinates": [31.55964968027867, 30.275698282617448, 0.0]}}, {"type": "Feature", "properties": {"Description": null, "Electric_Feature_Type": "كوفرية", "Easting": null, "Northing": null, "GlobalID": "{66D5691F-BAE1-4104-A35F-48402DA01FB8}", "ID": null, "القطاع": null, "الشركةالمنفذة": null}, "geometry": {"type": "Point", "coordinates": [31.55937638598567, 30.275819977917166, 0.0]}}, {"type": "Feature", "properties": {"Description": null, "Electric_Feature_Type": "كوفرية", "Easting": null, "Northing": null, "GlobalID": "{78CF89C6-3EBB-45EE-A9F5-C8CE326F405C}", "ID": null, "القطاع": null, "الشركةالمنفذة": null}, "geometry": {"type": "Point", "coordinates": [31.559087081460653, 30.276053983095295, 0.0]}}, {"type": "Feature", "properties": {"Description": null, "Electric_Feature_Type": "كوفرية", "Easting": null, "Northing": null, "GlobalID": "{6D320984-E36A-406D-AA22-C6B5EF999FB6}", "ID": null, "القطاع": null, "الشركةالمنفذة": null}, "geometry": {"type": "Point", "coordinates": [31.559898445295428, 30.276698361850265, 0.0]}}, {"type": "Feature", "properties": {"Description": null, "Electric_Feature_Type": "كوفرية", "Easting": null, "Northing": null, "GlobalID": "{D60C6A5C-AD80-42C8-8B8D-5714D94BEB73}", "ID": null, "القطاع": null, "الشركةالمنفذة": null}, "geometry": {"type": "Point", "coordinates": [31.56018951672954, 30.276456877532556, 0.0]}}, {"type": "Feature", "properties": {"Description": null, "Electric_Feature_Type": "كوفرية", "Easting": null, "Northing": null, "GlobalID": "{730ABC23-2D99-4862-A0F9-773C7A42C6A6}", "ID": null, "القطاع": null, "الشركةالمنفذة": null}, "geometry": {"type": "Point", "coordinates": [31.560455223940515, 30.27634159763063, 0.0]}}, {"type": "Feature", "properties": {"Description": null, "Electric_Feature_Type": "كوفرية", "Easting": null, "Northing": null, "GlobalID": "{51DC50A6-FDB0-4D40-95D5-DB16E4D59B30}", "ID": null, "القطاع": null, "الشركةالمنفذة": null}, "geometry": {"type": "Point", "coordinates": [31.559105267835374, 30.277485921252463, 0.0]}}, {"type": "Feature", "properties": {"Description": null, "Electric_Feature_Type": "كوفرية", "Easting": null, "Northing": null, "GlobalID": "{86FA9323-D55E-41B9-B471-B9AA6B8E9CDE}", "ID": null, "القطاع": null, "الشركةالمنفذة": null}, "geometry": {"type": "Point", "coordinates": [31.559349538770263, 30.277216164424196, 0.0]}}, {"type": "Feature", "properties": {"Description": null, "Electric_Feature_Type": "كوفرية", "Easting": null, "Northing": null, "GlobalID": "{A629CE5A-CF5B-4490-B426-979B71C763D6}", "ID": null, "القطاع": null, "الشركةالمنفذة": null}, "geometry": {"type": "Point", "coordinates": [31.558861563561635, 30.275758288377613, 0.0]}}, {"type": "Feature", "properties": {"Description": null, "Electric_Feature_Type": "كوفرية", "Easting": null, "Northing": null, "GlobalID": "{82E5DB8E-4E66-4CB7-9CA0-6AEAC938A6E2}", "ID": null, "القطاع": null, "الشركةالمنفذة": null}, "geometry": {"type": "Point", "coordinates": [31.55910036219577, 30.275487964455664, 0.0]}}, {"type": "Feature", "properties": {"Description": null, "Electric_Feature_Type": "كوفرية", "Easting": null, "Northing": null, "GlobalID": "{452B3445-224B-4F30-BD5E-30E3E88280D1}", "ID": null, "القطاع": null, "الشركةالمنفذة": null}, "geometry": {"type": "Point", "coordinates": [31.559217186047835, 30.275241693709393, 0.0]}}, {"type": "Feature", "properties": {"Description": null, "Electric_Feature_Type": "كوفرية", "Easting": null, "Northing": null, "GlobalID": "{8F5271BB-A7EC-4258-BB79-988BE2C35126}", "ID": null, "القطاع": null, "الشركةالمنفذة": null}, "geometry": {"type": "Point", "coordinates": [31.560024800808286, 30.275885767570877, 0.0]}}, {"type": "Feature", "properties": {"Description": null, "Electric_Feature_Type": "كوفرية", "Easting": null, "Northing": null, "GlobalID": "{D8ED8649-832F-48C2-9ADD-1C81235B420C}", "ID": null, "القطاع": null, "الشركةالمنفذة": null}, "geometry": {"type": "Point", "coordinates": [31.559908561714558, 30.276124779566537, 0.0]}}, {"type": "Feature", "properties": {"Description": null, "Electric_Feature_Type": "كوفرية", "Easting": null, "Northing": null, "GlobalID": "{CB22DBE2-1303-4C45-B6DA-3CE50BA59659}", "ID": null, "القطاع": null, "الشركةالمنفذة": null}, "geometry": {"type": "Point", "coordinates": [31.559666503690753, 30.276393293105517, 0.0]}}, {"type": "Feature", "properties": {"Description": null, "Electric_Feature_Type": "كوفرية", "Easting": null, "Northing": null, "GlobalID": "{BA35CE75-63D0-468D-BAA2-35DA21E5C7AE}", "ID": null, "القطاع": null, "الشركةالمنفذة": null}, "geometry": {"type": "Point", "coordinates": [31.56083825373571, 30.276517081694976, 0.0]}}, {"type": "Feature", "properties": {"Description": null, "Electric_Feature_Type": "كوفرية", "Easting": null, "Northing": null, "GlobalID": "{7A37D099-184B-4F19-A910-F9B64E92BF53}", "ID": null, "القطاع": null, "الشركةالمنفذة": null}, "geometry": {"type": "Point", "coordinates": [31.56072418287411, 30.276767454463265, 0.0]}}, {"type": "Feature", "properties": {"Description": null, "Electric_Feature_Type": "كوفرية", "Easting": null, "Northing": null, "GlobalID": "{41531F4F-D1D1-44C2-99E0-C15A0D2267E0}", "ID": null, "القطاع": null, "الشركةالمنفذة": null}, "geometry": {"type": "Point", "coordinates": [31.560476831448476, 30.277039461361998, 0.0]}}, {"type": "Feature", "properties": {"Description": null, "Electric_Feature_Type": "كوفرية", "Easting": null, "Northing": null, "GlobalID": "{0354C200-FCBA-4781-A360-528F9F949156}", "ID": null, "القطاع": null, "الشركةالمنفذة": null}, "geometry": {"type": "Point", "coordinates": [31.559372820936055, 30.277908810061085, 0.0]}}, {"type": "Feature", "properties": {"Description": null, "Electric_Feature_Type": "كوفرية", "Easting": null, "Northing": null, "GlobalID": "{496983B9-41FB-4C55-9852-4595254509D8}", "ID": null, "القطاع": null, "الشركةالمنفذة": null}, "geometry": {"type": "Point", "coordinates": [31.559642833394935, 30.277784865538756, 0.0]}}, {"type": "Feature", "properties": {"Description": null, "Electric_Feature_Type": "كوفرية", "Easting": null, "Northing": null, "GlobalID": "{DB331A39-728C-4636-8005-282F167AE80B}", "ID": null, "القطاع": null, "الشركةالمنفذة": null}, "geometry": {"type": "Point", "coordinates": [31.559927669976464, 30.27755277974788, 0.0]}}, {"type": "Feature", "properties": {"Description": null, "Electric_Feature_Type": "كوفرية", "Easting": null, "Northing": null, "GlobalID": "{9E1423FB-9A20-4E1A-9826-5DE332338CB6}", "ID": null, "القطاع": null, "الشركةالمنفذة": null}, "geometry": {"type": "Point", "coordinates": [31.55958414996097, 30.277124878863848, 0.0]}}, {"type": "Feature", "properties": {"Description": null, "Electric_Feature_Type": "كوفرية", "Easting": null, "Northing": null, "GlobalID": "{CF589DAF-9425-4D4D-8C5D-979B8FA7A042}", "ID": null, "القطاع": null, "الشركةالمنفذة": null}, "geometry": {"type": "Point", "coordinates": [31.559873183490573, 30.277349389635752, 0.0]}}, {"type": "Feature", "properties": {"Description": null, "Electric_Feature_Type": "كوفرية", "Easting": null, "Northing": null, "GlobalID": "{0B2EE682-229D-4CE4-9205-F8F49DCEC8DB}", "ID": null, "القطاع": null, "الشركةالمنفذة": null}, "geometry": {"type": "Point", "coordinates": [31.558619623312815, 30.27585003503783, 0.0]}}, {"type": "Feature", "properties": {"Description": null, "Electric_Feature_Type": "كوفرية", "Easting": null, "Northing": null, "GlobalID": "{9C80DB30-C8E6-4661-91AE-F1810EECE08B}", "ID": null, "القطاع": null, "الشركةالمنفذة": null}, "geometry": {"type": "Point", "coordinates": [31.559143282749872, 30.27626605296177, 0.0]}}, {"type": "Feature", "properties": {"Description": null, "Electric_Feature_Type": "كوفرية", "Easting": null, "Northing": null, "GlobalID": "{5E5F0083-FECF-4A79-9B87-EE9C53A1A329}", "ID": null, "القطاع": null, "الشركةالمنفذة": null}, "geometry": {"type": "Point", "coordinates": [31.55942561274127, 30.276492451572484, 0.0]}}, {"type": "Feature", "properties": {"Description": null, "Electric_Feature_Type": "كوفرية", "Easting": null, "Northing": null, "GlobalID": "{507A40B4-7250-4CAA-8758-C669ADCC8DE6}", "ID": null, "القطاع": null, "الشركةالمنفذة": null}, "geometry": {"type": "Point", "coordinates": [31.559952544607807, 30.276907395909284, 0.0]}}, {"type": "Feature", "properties": {"Description": null, "Electric_Feature_Type": "كوفرية", "Easting": null, "Northing": null, "GlobalID": "{C453805E-B593-48D9-AA03-24880D46B9FE}", "ID": null, "القطاع": null, "الشركةالمنفذة": null}, "geometry": {"type": "Point", "coordinates": [31.56024436504102, 30.277128123425882, 0.0]}}, {"type": "Feature", "properties": {"Description": null, "Electric_Feature_Type": "كوفرية", "Easting": null, "Northing": null, "GlobalID": "{F312582A-9CC7-425D-B35F-87D97FE74D58}", "ID": null, "القطاع": null, "الشركةالمنفذة": null}, "geometry": {"type": "Point", "coordinates": [31.565669580928017, 30.2774881289395, 0.0]}}, {"type": "Feature", "properties": {"Description": null, "Electric_Feature_Type": "كوفرية", "Easting": null, "Northing": null, "GlobalID": "{A1FAA7B3-6B9D-40FB-82A5-3E666FD41788}", "ID": null, "القطاع": null, "الشركةالمنفذة": null}, "geometry": {"type": "Point", "coordinates": [31.56544144170918, 30.277354733743227, 0.0]}}, {"type": "Feature", "properties": {"Description": null, "Electric_Feature_Type": "كوفرية", "Easting": null, "Northing": null, "GlobalID": "{8874269C-4F26-49D7-8AFA-63E3CE1AFE97}", "ID": null, "القطاع": null, "الشركةالمنفذة": null}, "geometry": {"type": "Point", "coordinates": [31.565169961765275, 30.27746736863246, 0.0]}}, {"type": "Feature", "properties": {"Description": null, "Electric_Feature_Type": "كوفرية", "Easting": null, "Northing": null, "GlobalID": "{210D3306-8D85-4292-AD94-57E1B3D979DD}", "ID": null, "القطاع": null, "الشركةالمنفذة": null}, "geometry": {"type": "Point", "coordinates": [31.565044699915465, 30.277708764731642, 0.0]}}, {"type": "Feature", "properties": {"Description": null, "Electric_Feature_Type": "كوفرية", "Easting": null, "Northing": null, "GlobalID": "{2479B508-AD61-4669-AA47-6DD22D68EFEB}", "ID": null, "القطاع": null, "الشركةالمنفذة": null}, "geometry": {"type": "Point", "coordinates": [31.565322502781687, 30.277909403081473, 0.0]}}, {"type": "Feature", "properties": {"Description": null, "Electric_Feature_Type": "كوفرية", "Easting": null, "Northing": null, "GlobalID": "{C64A8497-9658-4AA0-B83B-42F3E72EE135}", "ID": null, "القطاع": null, "الشركةالمنفذة": null}, "geometry": {"type": "Point", "coordinates": [31.564965600714476, 30.277047474173035, 0.0]}}, {"type": "Feature", "properties": {"Description": null, "Electric_Feature_Type": "كوفرية", "Easting": null, "Northing": null, "GlobalID": "{79DFBD80-507C-494A-AD86-E335AE0E94A1}", "ID": null, "القطاع": null, "الشركةالمنفذة": null}, "geometry": {"type": "Point", "coordinates": [31.564934908949414, 30.278116330636067, 0.0]}}, {"type": "Feature", "properties": {"Description": null, "Electric_Feature_Type": "كوفرية", "Easting": null, "Northing": null, "GlobalID": "{C6434667-D806-45CE-8014-254FD3F0AEE1}", "ID": null, "القطاع": null, "الشركةالمنفذة": null}, "geometry": {"type": "Point", "coordinates": [31.564798081556, 30.277908067349845, 0.0]}}, {"type": "Feature", "properties": {"Description": null, "Electric_Feature_Type": "كوفرية", "Easting": null, "Northing": null, "GlobalID": "{630FCB86-73CB-4C48-B5E6-C510F24327CA}", "ID": null, "القطاع": null, "الشركةالمنفذة": null}, "geometry": {"type": "Point", "coordinates": [31.56443995407552, 30.278057345056325, 0.0]}}, {"type": "Feature", "properties": {"Description": null, "Electric_Feature_Type": "كوفرية", "Easting": null, "Northing": null, "GlobalID": "{09DDD12F-1983-4EE9-89AE-2A0223F941E3}", "ID": null, "القطاع": null, "الشركةالمنفذة": null}, "geometry": {"type": "Point", "coordinates": [31.56455835432449, 30.278504060094512, 0.0]}}, {"type": "Feature", "properties": {"Description": null, "Electric_Feature_Type": "كوفرية", "Easting": null, "Northing": null, "GlobalID": "{E95843CA-46A4-42E9-B814-354AC27725F2}", "ID": null, "القطاع": null, "الشركةالمنفذة": null}, "geometry": {"type": "Point", "coordinates": [31.564073808540268, 30.278685145830384, 0.0]}}, {"type": "Feature", "properties": {"Description": null, "Electric_Feature_Type": "كوفرية", "Easting": null, "Northing": null, "GlobalID": "{7C0E5405-E164-4936-8904-97801CE55FA6}", "ID": null, "القطاع": null, "الشركةالمنفذة": null}, "geometry": {"type": "Point", "coordinates": [31.564300155213772, 30.27829059262136, 0.0]}}, {"type": "Feature", "properties": {"Description": null, "Electric_Feature_Type": "كوفرية", "Easting": null, "Northing": null, "GlobalID": "{A88E2661-9844-462C-8B28-79C541628DA3}", "ID": null, "القطاع": null, "الشركةالمنفذة": null}, "geometry": {"type": "Point", "coordinates": [31.563946446110357, 30.278360560401957, 0.0]}}, {"type": "Feature", "properties": {"Description": null, "Electric_Feature_Type": "كوفرية", "Easting": null, "Northing": null, "GlobalID": "{48F37D6F-218F-437B-873B-3F89312134E7}", "ID": null, "القطاع": null, "الشركةالمنفذة": null}, "geometry": {"type": "Point", "coordinates": [31.563775477082235, 30.2782837559641, 0.0]}}, {"type": "Feature", "properties": {"Description": null, "Electric_Feature_Type": "كوفرية", "Easting": null, "Northing": null, "GlobalID": "{FAE4225A-8ED5-4E6D-AE97-EEF9E1339D79}", "ID": null, "القطاع": null, "الشركةالمنفذة": null}, "geometry": {"type": "Point", "coordinates": [31.563326073184694, 30.278688839200615, 0.0]}}, {"type": "Feature", "properties": {"Description": null, "Electric_Feature_Type": "كوفرية", "Easting": null, "Northing": null, "GlobalID": "{67F77E90-B08B-4EDC-91F0-AF591657A184}", "ID": null, "القطاع": null, "الشركةالمنفذة": null}, "geometry": {"type": "Point", "coordinates": [31.563337078394774, 30.278453194546962, 0.0]}}, {"type": "Feature", "properties": {"Description": null, "Electric_Feature_Type": "كوفرية", "Easting": null, "Northing": null, "GlobalID": "{93609E9E-EF50-4D13-B80E-507C2143DD8F}", "ID": null, "القطاع": null, "الشركةالمنفذة": null}, "geometry": {"type": "Point", "coordinates": [31.5635255121436, 30.278990940579863, 0.0]}}, {"type": "Feature", "properties": {"Description": null, "Electric_Feature_Type": "كوفرية", "Easting": null, "Northing": null, "GlobalID": "{C1F22533-E041-4FD1-85B9-3E88F8F2B288}", "ID": null, "القطاع": null, "الشركةالمنفذة": null}, "geometry": {"type": "Point", "coordinates": [31.562826048630757, 30.2791650198114, 0.0]}}, {"type": "Feature", "properties": {"Description": null, "Electric_Feature_Type": "كوفرية", "Easting": null, "Northing": null, "GlobalID": "{DF584C2A-F056-4811-91E8-6E799F95A363}", "ID": null, "القطاع": null, "الشركةالمنفذة": null}, "geometry": {"type": "Point", "coordinates": [31.562903613513, 30.27890853825464, 0.0]}}, {"type": "Feature", "properties": {"Description": null, "Electric_Feature_Type": "كوفرية", "Easting": null, "Northing": null, "GlobalID": "{EFD5047C-4575-4BA5-8A06-6DEC82FB1F22}", "ID": null, "القطاع": null, "الشركةالمنفذة": null}, "geometry": {"type": "Point", "coordinates": [31.562769057182784, 30.27836573685219, 0.0]}}, {"type": "Feature", "properties": {"Description": null, "Electric_Feature_Type": "كوفرية", "Easting": null, "Northing": null, "GlobalID": "{EF88C0F4-D7E5-4980-AE67-721E25EB6CB2}", "ID": null, "القطاع": null, "الشركةالمنفذة": null}, "geometry": {"type": "Point", "coordinates": [31.56218714569932, 30.278617960847555, 0.0]}}, {"type": "Feature", "properties": {"Description": null, "Electric_Feature_Type": "كوفرية", "Easting": null, "Northing": null, "GlobalID": "{8C5132AB-7F2F-4AE4-9290-6A642B73B022}", "ID": null, "القطاع": null, "الشركةالمنفذة": null}, "geometry": {"type": "Point", "coordinates": [31.56146231659202, 30.279041019726524, 0.0]}}, {"type": "Feature", "properties": {"Description": null, "Electric_Feature_Type": "كوفرية", "Easting": null, "Northing": null, "GlobalID": "{EA9D82F4-79BF-4921-8F3D-C80245177BF8}", "ID": null, "القطاع": null, "الشركةالمنفذة": null}, "geometry": {"type": "Point", "coordinates": [31.562881338371465, 30.27847946709983, 0.0]}}, {"type": "Feature", "properties": {"Description": null, "Electric_Feature_Type": "كوفرية", "Easting": null, "Northing": null, "GlobalID": "{80AF94BF-6B87-4844-B2E0-EBF19DCEC24D}", "ID": null, "القطاع": null, "الشركةالمنفذة": null}, "geometry": {"type": "Point", "coordinates": [31.562287040486712, 30.27840386470339, 0.0]}}, {"type": "Feature", "properties": {"Description": null, "Electric_Feature_Type": "كوفرية", "Easting": null, "Northing": null, "GlobalID": "{58DE559D-EB72-45B4-BE3F-BA3F7EF66CF2}", "ID": null, "القطاع": null, "الشركةالمنفذة": null}, "geometry": {"type": "Point", "coordinates": [31.562271181779266, 30.278966241047637, 0.0]}}, {"type": "Feature", "properties": {"Description": null, "Electric_Feature_Type": "كوفرية", "Easting": null, "Northing": null, "GlobalID": "{0C6F0490-2CA4-48FF-B2BA-66EC92D228B5}", "ID": null, "القطاع": null, "الشركةالمنفذة": null}, "geometry": {"type": "Point", "coordinates": [31.56240177515061, 30.279200692053838, 0.0]}}, {"type": "Feature", "properties": {"Description": null, "Electric_Feature_Type": "كوفرية", "Easting": null, "Northing": null, "GlobalID": "{21905A4F-1D02-433D-837A-1226AD4D4F67}", "ID": null, "القطاع": null, "الشركةالمنفذة": null}, "geometry": {"type": "Point", "coordinates": [31.561646350271946, 30.27882771749278, 0.0]}}, {"type": "Feature", "properties": {"Description": null, "Electric_Feature_Type": "كوفرية", "Easting": null, "Northing": null, "GlobalID": "{EAA36431-82B0-4AB4-A511-22EFAE7D048D}", "ID": null, "القطاع": null, "الشركةالمنفذة": null}, "geometry": {"type": "Point", "coordinates": [31.56178093155177, 30.27850053646722, 0.0]}}, {"type": "Feature", "properties": {"Description": null, "Electric_Feature_Type": "كوفرية", "Easting": null, "Northing": null, "GlobalID": "{898621D1-0452-4D83-B05F-8CBFAA040DE1}", "ID": null, "القطاع": null, "الشركةالمنفذة": null}, "geometry": {"type": "Point", "coordinates": [31.561638589079866, 30.278336263557335, 0.0]}}, {"type": "Feature", "properties": {"Description": null, "Electric_Feature_Type": "كوفرية", "Easting": null, "Northing": null, "GlobalID": "{717C52A1-C168-42F1-B68E-196CB4FFF2B6}", "ID": null, "القطاع": null, "الشركةالمنفذة": null}, "geometry": {"type": "Point", "coordinates": [31.561085167881544, 30.27841363038921, 0.0]}}, {"type": "Feature", "properties": {"Description": null, "Electric_Feature_Type": "كوفرية", "Easting": null, "Northing": null, "GlobalID": "{F0614FBA-F2F5-44CA-81D3-EE983E17D037}", "ID": null, "القطاع": null, "الشركةالمنفذة": null}, "geometry": {"type": "Point", "coordinates": [31.561258218925882, 30.278248991290454, 0.0]}}, {"type": "Feature", "properties": {"Description": null, "Electric_Feature_Type": "كوفرية", "Easting": null, "Northing": null, "GlobalID": "{1145E146-823E-47D3-A4DB-00E80F842E82}", "ID": null, "القطاع": null, "الشركةالمنفذة": null}, "geometry": {"type": "Point", "coordinates": [31.561005511445686, 30.27875223465805, 0.0]}}, {"type": "Feature", "properties": {"Description": null, "Electric_Feature_Type": "كوفرية", "Easting": null, "Northing": null, "GlobalID": "{80D8568D-2F42-4DFE-B17D-2681D4AB1095}", "ID": null, "القطاع": null, "الشركةالمنفذة": null}, "geometry": {"type": "Point", "coordinates": [31.56102562731458, 30.27901152656689, 0.0]}}, {"type": "Feature", "properties": {"Description": null, "Electric_Feature_Type": "كوفرية", "Easting": null, "Northing": null, "GlobalID": "{E3C3485C-2612-4FD7-8A0B-2EF1D6245976}", "ID": null, "القطاع": null, "الشركةالمنفذة": null}, "geometry": {"type": "Point", "coordinates": [31.56024142085183, 30.278573449248302, 0.0]}}, {"type": "Feature", "properties": {"Description": null, "Electric_Feature_Type": "كوفرية", "Easting": null, "Northing": null, "GlobalID": "{B8FFA921-F9DC-4172-B802-6FCA2C53ABC5}", "ID": null, "القطاع": null, "الشركةالمنفذة": null}, "geometry": {"type": "Point", "coordinates": [31.56049988775039, 30.278429256320244, 0.0]}}, {"type": "Feature", "properties": {"Description": null, "Electric_Feature_Type": "كوفرية", "Easting": null, "Northing": null, "GlobalID": "{CE18E5E6-59C2-4461-A59B-C8915707034E}", "ID": null, "القطاع": null, "الشركةالمنفذة": null}, "geometry": {"type": "Point", "coordinates": [31.56076181978, 30.27817371609518, 0.0]}}, {"type": "Feature", "properties": {"Description": null, "Electric_Feature_Type": "كوفرية", "Easting": null, "Northing": null, "GlobalID": "{BFD60824-DDDE-49FC-A600-A50F63109873}", "ID": null, "القطاع": null, "الشركةالمنفذة": null}, "geometry": {"type": "Point", "coordinates": [31.559897442961947, 30.278339955096587, 0.0]}}, {"type": "Feature", "properties": {"Description": null, "Electric_Feature_Type": "كوفرية", "Easting": null, "Northing": null, "GlobalID": "{CC28A3FF-C4B6-4C36-BA03-88450925BCFD}", "ID": null, "القطاع": null, "الشركةالمنفذة": null}, "geometry": {"type": "Point", "coordinates": [31.55999844416432, 30.278089932054495, 0.0]}}, {"type": "Feature", "properties": {"Description": null, "Electric_Feature_Type": "كوفرية", "Easting": null, "Northing": null, "GlobalID": "{8D4A4C30-19A7-460D-8427-ABABB923A217}", "ID": null, "القطاع": null, "الشركةالمنفذة": null}, "geometry": {"type": "Point", "coordinates": [31.560212353242626, 30.27780464744219, 0.0]}}, {"type": "Feature", "properties": {"Description": null, "Electric_Feature_Type": "كوفرية", "Easting": null, "Northing": null, "GlobalID": "{99843A81-9561-4E65-844E-37C105B6BFB2}", "ID": null, "القطاع": null, "الشركةالمنفذة": null}, "geometry": {"type": "Point", "coordinates": [31.560690522417463, 30.277973415581727, 0.0]}}, {"type": "Feature", "properties": {"Description": null, "Electric_Feature_Type": "كوفرية", "Easting": null, "Northing": null, "GlobalID": "{A456FD7F-0ABA-44C6-A028-176053E63652}", "ID": null, "القطاع": null, "الشركةالمنفذة": null}, "geometry": {"type": "Point", "coordinates": [31.5603887435942, 30.277767084084456, 0.0]}}, {"type": "Feature", "properties": {"Description": null, "Electric_Feature_Type": "كوفرية", "Easting": null, "Northing": null, "GlobalID": "{13B4E812-66CE-4C1E-BDA2-28E99C8F5425}", "ID": null, "القطاع": null, "الشركةالمنفذة": null}, "geometry": {"type": "Point", "coordinates": [31.56428668153445, 30.276508494146643, 0.0]}}, {"type": "Feature", "properties": {"Description": null, "Electric_Feature_Type": "كوفرية", "Easting": null, "Northing": null, "GlobalID": "{98188985-1EB2-4C36-B1F9-10244C4EDEF3}", "ID": null, "القطاع": null, "الشركةالمنفذة": null}, "geometry": {"type": "Point", "coordinates": [31.56455761539288, 30.276615374726983, 0.0]}}, {"type": "Feature", "properties": {"Description": null, "Electric_Feature_Type": "كوفرية", "Easting": null, "Northing": null, "GlobalID": "{2F8CB830-AA3A-40BE-B2D1-11EC96F54508}", "ID": null, "القطاع": null, "الشركةالمنفذة": null}, "geometry": {"type": "Point", "coordinates": [31.56486575460169, 30.27683244140735, 0.0]}}, {"type": "Feature", "properties": {"Description": null, "Electric_Feature_Type": "كوفرية", "Easting": null, "Northing": null, "GlobalID": "{A9BF8849-CF69-466A-A337-10F93D7A6E6E}", "ID": null, "القطاع": null, "الشركةالمنفذة": null}, "geometry": {"type": "Point", "coordinates": [31.564052499233426, 30.276840769775927, 0.0]}}, {"type": "Feature", "properties": {"Description": null, "Electric_Feature_Type": "كوفرية", "Easting": null, "Northing": null, "GlobalID": "{C642F6CE-384A-45F8-8DF4-77A217553B0C}", "ID": null, "القطاع": null, "الشركةالمنفذة": null}, "geometry": {"type": "Point", "coordinates": [31.564181048648635, 30.27708123637153, 0.0]}}, {"type": "Feature", "properties": {"Description": null, "Electric_Feature_Type": "كوفرية", "Easting": null, "Northing": null, "GlobalID": "{A4508D45-0F21-4CD6-BC60-8B9E4EB654AE}", "ID": null, "القطاع": null, "الشركةالمنفذة": null}, "geometry": {"type": "Point", "coordinates": [31.564454948552452, 30.277332802906415, 0.0]}}, {"type": "Feature", "properties": {"Description": null, "Electric_Feature_Type": "كوفرية", "Easting": null, "Northing": null, "GlobalID": "{15200799-DC78-4BF8-B253-4268A2A1F683}", "ID": null, "القطاع": null, "الشركةالمنفذة": null}, "geometry": {"type": "Point", "coordinates": [31.564693621637897, 30.277289822207624, 0.0]}}, {"type": "Feature", "properties": {"Description": null, "Electric_Feature_Type": "كوفرية", "Easting": null, "Northing": null, "GlobalID": "{1EF0BA23-D0F2-44E3-BDC7-FF85F30046AF}", "ID": null, "القطاع": null, "الشركةالمنفذة": null}, "geometry": {"type": "Point", "coordinates": [31.563160227329636, 30.2772512593039, 0.0]}}, {"type": "Feature", "properties": {"Description": null, "Electric_Feature_Type": "كوفرية", "Easting": null, "Northing": null, "GlobalID": "{9A8AC98F-6C47-4214-9423-507A62A7BA23}", "ID": null, "القطاع": null, "الشركةالمنفذة": null}, "geometry": {"type": "Point", "coordinates": [31.56316756140129, 30.277517010296005, 0.0]}}, {"type": "Feature", "properties": {"Description": null, "Electric_Feature_Type": "كوفرية", "Easting": null, "Northing": null, "GlobalID": "{93D61366-A7A5-4653-B609-C3CCBD4FCD18}", "ID": null, "القطاع": null, "الشركةالمنفذة": null}, "geometry": {"type": "Point", "coordinates": [31.56324884752139, 30.277767533781475, 0.0]}}, {"type": "Feature", "properties": {"Description": null, "Electric_Feature_Type": "كوفرية", "Easting": null, "Northing": null, "GlobalID": "{F5589A7E-D69E-4AAA-BE2C-F4D9E42BD7BC}", "ID": null, "القطاع": null, "الشركةالمنفذة": null}, "geometry": {"type": "Point", "coordinates": [31.563795380453424, 30.277807877006197, 0.0]}}, {"type": "Feature", "properties": {"Description": null, "Electric_Feature_Type": "كوفرية", "Easting": null, "Northing": null, "GlobalID": "{98B9557F-A23F-4DE3-AEFD-BB8D2B7BB4B7}", "ID": null, "القطاع": null, "الشركةالمنفذة": null}, "geometry": {"type": "Point", "coordinates": [31.56343505833025, 30.277924993655876, 0.0]}}, {"type": "Feature", "properties": {"Description": null, "Electric_Feature_Type": "كوفرية", "Easting": null, "Northing": null, "GlobalID": "{42BD5BFC-5131-415C-B7E1-A0FF9B85CB59}", "ID": null, "القطاع": null, "الشركةالمنفذة": null}, "geometry": {"type": "Point", "coordinates": [31.563567521864645, 30.27712019802356, 0.0]}}, {"type": "Feature", "properties": {"Description": null, "Electric_Feature_Type": "كوفرية", "Easting": null, "Northing": null, "GlobalID": "{8628C23D-2437-4307-A8D8-BB59DA545E62}", "ID": null, "القطاع": null, "الشركةالمنفذة": null}, "geometry": {"type": "Point", "coordinates": [31.563766139950083, 30.27732079124099, 0.0]}}, {"type": "Feature", "properties": {"Description": null, "Electric_Feature_Type": "كوفرية", "Easting": null, "Northing": null, "GlobalID": "{DB1892BF-9CB2-4A7A-B402-F974903CD82E}", "ID": null, "القطاع": null, "الشركةالمنفذة": null}, "geometry": {"type": "Point", "coordinates": [31.56393598541266, 30.277628898812033, 0.0]}}, {"type": "Feature", "properties": {"Description": null, "Electric_Feature_Type": "كوفرية", "Easting": null, "Northing": null, "GlobalID": "{0C4E9A9F-587D-44BD-95CA-6805076E924E}", "ID": null, "القطاع": null, "الشركةالمنفذة": null}, "geometry": {"type": "Point", "coordinates": [31.562585702140016, 30.277234446021808, 0.0]}}, {"type": "Feature", "properties": {"Description": null, "Electric_Feature_Type": "كوفرية", "Easting": null, "Northing": null, "GlobalID": "{757101AB-56FF-4493-91EF-86E3E2B1AC8F}", "ID": null, "القطاع": null, "الشركةالمنفذة": null}, "geometry": {"type": "Point", "coordinates": [31.56266468860578, 30.277488428271838, 0.0]}}, {"type": "Feature", "properties": {"Description": null, "Electric_Feature_Type": "كوفرية", "Easting": null, "Northing": null, "GlobalID": "{A575DD22-D643-45C3-B855-79AC69622E91}", "ID": null, "القطاع": null, "الشركةالمنفذة": null}, "geometry": {"type": "Point", "coordinates": [31.562657139803463, 30.277830665145228, 0.0]}}, {"type": "Feature", "properties": {"Description": null, "Electric_Feature_Type": "كوفرية", "Easting": null, "Northing": null, "GlobalID": "{A884F7BD-9681-4366-B9CD-55808FD941F5}", "ID": null, "القطاع": null, "الشركةالمنفذة": null}, "geometry": {"type": "Point", "coordinates": [31.562147390362274, 30.277288675807778, 0.0]}}, {"type": "Feature", "properties": {"Description": null, "Electric_Feature_Type": "كوفرية", "Easting": null, "Northing": null, "GlobalID": "{5FEFAC7B-D4D7-4E5A-92B7-11B8C15188EF}", "ID": null, "القطاع": null, "الشركةالمنفذة": null}, "geometry": {"type": "Point", "coordinates": [31.56202122389969, 30.27752889037981, 0.0]}}, {"type": "Feature", "properties": {"Description": null, "Electric_Feature_Type": "كوفرية", "Easting": null, "Northing": null, "GlobalID": "{AA7D457A-EA49-43D6-B2A6-DD794483FE35}", "ID": null, "القطاع": null, "الشركةالمنفذة": null}, "geometry": {"type": "Point", "coordinates": [31.561975583156514, 30.277782290399095, 0.0]}}, {"type": "Feature", "properties": {"Description": null, "Electric_Feature_Type": "كوفرية", "Easting": null, "Northing": null, "GlobalID": "{028E85CD-A305-4A60-BFB7-529A7DE387E3}", "ID": null, "القطاع": null, "الشركةالمنفذة": null}, "geometry": {"type": "Point", "coordinates": [31.56214280574771, 30.277999794111185, 0.0]}}, {"type": "Feature", "properties": {"Description": null, "Electric_Feature_Type": "كوفرية", "Easting": null, "Northing": null, "GlobalID": "{79042D00-326B-4C4F-AB90-91C8678DD44F}", "ID": null, "القطاع": null, "الشركةالمنفذة": null}, "geometry": {"type": "Point", "coordinates": [31.562540341385983, 30.27802583977443, 0.0]}}, {"type": "Feature", "properties": {"Description": null, "Electric_Feature_Type": "كوفرية", "Easting": null, "Northing": null, "GlobalID": "{AC72EA69-45A7-4048-908F-881305C2AD54}", "ID": null, "القطاع": null, "الشركةالمنفذة": null}, "geometry": {"type": "Point", "coordinates": [31.56165831749349, 30.277064465966163, 0.0]}}, {"type": "Feature", "properties": {"Description": null, "Electric_Feature_Type": "كوفرية", "Easting": null, "Northing": null, "GlobalID": "{D4161EF3-8940-4CA9-ABFF-A68CE32818A8}", "ID": null, "القطاع": null, "الشركةالمنفذة": null}, "geometry": {"type": "Point", "coordinates": [31.56160336166129, 30.277322589185225, 0.0]}}, {"type": "Feature", "properties": {"Description": null, "Electric_Feature_Type": "كوفرية", "Easting": null, "Northing": null, "GlobalID": "{DAD83FD2-7BF8-4E02-B3BB-4E6563BE0015}", "ID": null, "القطاع": null, "الشركةالمنفذة": null}, "geometry": {"type": "Point", "coordinates": [31.56142493370777, 30.277623519824957, 0.0]}}, {"type": "Feature", "properties": {"Description": null, "Electric_Feature_Type": "كوفرية", "Easting": null, "Northing": null, "GlobalID": "{A28D78E3-E6CF-4A1A-8643-186CA7D33E09}", "ID": null, "القطاع": null, "الشركةالمنفذة": null}, "geometry": {"type": "Point", "coordinates": [31.561240220259556, 30.2769458359754, 0.0]}}, {"type": "Feature", "properties": {"Description": null, "Electric_Feature_Type": "كوفرية", "Easting": null, "Northing": null, "GlobalID": "{A7161187-A4F7-468C-951B-4CDEA0DCD7DE}", "ID": null, "القطاع": null, "الشركةالمنفذة": null}, "geometry": {"type": "Point", "coordinates": [31.560999911270134, 30.277108441858267, 0.0]}}, {"type": "Feature", "properties": {"Description": null, "Electric_Feature_Type": "كوفرية", "Easting": null, "Northing": null, "GlobalID": "{9BBF68A3-1FF5-459C-8518-E2BED61237F7}", "ID": null, "القطاع": null, "الشركةالمنفذة": null}, "geometry": {"type": "Point", "coordinates": [31.560822063977128, 30.27732372110659, 0.0]}}, {"type": "Feature", "properties": {"Description": null, "Electric_Feature_Type": "كوفرية", "Easting": null, "Northing": null, "GlobalID": "{39CECBE8-F0C0-43B8-89D1-BE2270143BC2}", "ID": null, "القطاع": null, "الشركةالمنفذة": null}, "geometry": {"type": "Point", "coordinates": [31.560875781343857, 30.27759119525059, 0.0]}}, {"type": "Feature", "properties": {"Description": null, "Electric_Feature_Type": "كوفرية", "Easting": null, "Northing": null, "GlobalID": "{0EDFD854-FC82-42B1-9148-5C818FADC4C9}", "ID": null, "القطاع": null, "الشركةالمنفذة": null}, "geometry": {"type": "Point", "coordinates": [31.561134430652164, 30.27772013898644, 0.0]}}, {"type": "Feature", "properties": {"Description": null, "Electric_Feature_Type": null, "Easting": null, "Northing": null, "GlobalID": "{3B0C98E8-C480-44E3-AE9B-4E9549FB0959}", "ID": null, "القطاع": null, "الشركةالمنفذة": null}, "geometry": {"type": "Point", "coordinates": [31.56264136216621, 30.270974626378848, 0.0]}}]}