{"type": "FeatureCollection", "features": [{"type": "Feature", "properties": {"ID": "MH-A-5-11-a-9", "Easting": "031° 33' 59.86\" E", "Northing": "30° 16' 22.55\" N", "الشركة_المنفذة": "عوض خليفة", "Start": "1/3/2022", "End": "3/2/2025", "GlobalID": "{FB2D9EAF-5B5E-449D-ACDD-724BF8AE68C9}", "القطاع": "القطاع الثاني", "Depth": 1.3400000000000034, "GL": 167.06, "IL": 165.72, "نوع_المطبق": "مربع", "dimention": "2 X 2 m", "Fault_statement": null}, "geometry": {"type": "Point", "coordinates": [31.568305929700813, 30.27309808772294, 0.0]}}, {"type": "Feature", "properties": {"ID": "MH-A-5-36-7", "Easting": "031° 33' 44.89\" E", "Northing": "30° 16' 34.02\" N", "الشركة_المنفذة": "التوحيد", "Start": "1/3/2022", "End": "3/2/2025", "GlobalID": "{67A7C799-FBA8-477B-A834-DA6F9D4F3F8D}", "القطاع": "القطاع الثالث", "Depth": 2.259999999999991, "GL": 170.17, "IL": 167.91, "نوع_المطبق": "مربع", "dimention": "2 X 2 m", "Fault_statement": null}, "geometry": {"type": "Point", "coordinates": [31.56414761058745, 30.276283623216635, 0.0]}}, {"type": "Feature", "properties": {"ID": "O-2", "Easting": "031° 32' 56.54\" E", "Northing": "30° 16' 0.82\" N", "الشركة_المنفذة": "عوض خليفة", "Start": "1/3/2022", "End": "3/2/2025", "GlobalID": "{D86CE093-7703-4A16-8F0E-43202E5E4BD7}", "القطاع": "القطاع الثاني", "Depth": 3.390000000000015, "GL": 161.56, "IL": 158.17, "نوع_المطبق": "مربع", "dimention": "2 X 2 m", "Fault_statement": null}, "geometry": {"type": "Point", "coordinates": [31.55071568600041, 30.267061576979547, 0.0]}}, {"type": "Feature", "properties": {"ID": "MH-B-37", "Easting": "031° 33' 17.36\" E", "Northing": "30° 16' 33.81\" N", "الشركة_المنفذة": "التوحيد", "Start": "1/3/2022", "End": "3/2/2025", "GlobalID": "{2E5C3E4B-F699-4541-8FAE-3A64E2D26933}", "القطاع": "القطاع الثالث", "Depth": 1.5, "GL": 175.72, "IL": 174.22, "نوع_المطبق": "مربع", "dimention": "2 X 2 m", "Fault_statement": null}, "geometry": {"type": "Point", "coordinates": [31.556499928356082, 30.276223749042007, 0.0]}}, {"type": "Feature", "properties": {"ID": "MH-B-36-4", "Easting": "031° 33' 18.8\" E", "Northing": "30° 16' 30.42\" N", "الشركة_المنفذة": "التوحيد", "Start": "1/3/2022", "End": "3/2/2025", "GlobalID": "{6B4E0BBE-FAC3-41FD-9404-4E5536D5DE50}", "القطاع": "القطاع الثالث", "Depth": 1.5, "GL": 174.96, "IL": 173.46, "نوع_المطبق": "مربع", "dimention": "2 X 2 m", "Fault_statement": null}, "geometry": {"type": "Point", "coordinates": [31.55689841962051, 30.27528347540266, 0.0]}}, {"type": "Feature", "properties": {"ID": "MH-B-36-3", "Easting": "031° 33' 18.22\" E", "Northing": "30° 16' 30.98\" N", "الشركة_المنفذة": "التوحيد", "Start": "1/3/2022", "End": "3/2/2025", "GlobalID": "{C6764EF3-0001-4E94-B129-2261B0072B9A}", "القطاع": "القطاع الثالث", "Depth": 1.5699999999999932, "GL": 174.95, "IL": 173.38, "نوع_المطبق": "مربع", "dimention": "2 X 2 m", "Fault_statement": null}, "geometry": {"type": "Point", "coordinates": [31.556739042897433, 30.275438093115383, 0.0]}}, {"type": "Feature", "properties": {"ID": "MH-B-36-2", "Easting": "031° 33' 17.57\" E", "Northing": "30° 16' 31.61\" N", "الشركة_المنفذة": "التوحيد", "Start": "1/3/2022", "End": "3/2/2025", "GlobalID": "{E454226F-93EE-45F6-A7EA-7242FB0CCF61}", "القطاع": "القطاع الثالث", "Depth": 1.6499999999999773, "GL": 174.95, "IL": 173.3, "نوع_المطبق": "مربع", "dimention": "2 X 2 m", "Fault_statement": null}, "geometry": {"type": "Point", "coordinates": [31.556558877316913, 30.275612880164726, 0.0]}}, {"type": "Feature", "properties": {"ID": "MH-B-36-1", "Easting": "031° 33' 16.84\" E", "Northing": "30° 16' 32.3\" N", "الشركة_المنفذة": "التوحيد", "Start": "1/3/2022", "End": "3/2/2025", "GlobalID": "{98E89760-41E3-4514-AE2B-B0478FFE9D68}", "القطاع": "القطاع الثالث", "Depth": 1.740000000000009, "GL": 174.94, "IL": 173.2, "نوع_المطبق": "مربع", "dimention": "2 X 2 m", "Fault_statement": null}, "geometry": {"type": "Point", "coordinates": [31.556355532123018, 30.275805957728085, 0.0]}}, {"type": "Feature", "properties": {"ID": "MH-B-36", "Easting": "031° 33' 16.22\" E", "Northing": "30° 16' 32.92\" N", "الشركة_المنفذة": "التوحيد", "Start": "1/3/2022", "End": "3/2/2025", "GlobalID": "{E4F67571-19C7-4394-B6CA-E079B58F64A5}", "القطاع": "القطاع الثالث", "Depth": 1.8199999999999932, "GL": 174.94, "IL": 173.12, "نوع_المطبق": "مربع", "dimention": "2 X 2 m", "Fault_statement": null}, "geometry": {"type": "Point", "coordinates": [31.556183831201803, 30.27597705326953, 0.0]}}, {"type": "Feature", "properties": {"ID": "MH-B-35", "Easting": "031° 33' 15.39\" E", "Northing": "30° 16' 32.26\" N", "الشركة_المنفذة": "التوحيد", "Start": "1/3/2022", "End": "3/2/2025", "GlobalID": "{F9A94BEF-6775-4ED4-99D8-F142AB3850D5}", "القطاع": "القطاع الثالث", "Depth": 1.740000000000009, "GL": 174.38, "IL": 172.64, "نوع_المطبق": "مربع", "dimention": "2 X 2 m", "Fault_statement": null}, "geometry": {"type": "Point", "coordinates": [31.555953123133126, 30.275795028494947, 0.0]}}, {"type": "Feature", "properties": {"ID": "MH-B-34", "Easting": "031° 33' 14.74\" E", "Northing": "30° 16' 31.74\" N", "الشركة_المنفذة": "التوحيد", "Start": "1/3/2022", "End": "3/2/2025", "GlobalID": "{8789CF82-508D-481B-BFFC-2C6B3078CD31}", "القطاع": "القطاع الثالث", "Depth": 1.670000000000016, "GL": 173.93, "IL": 172.26, "نوع_المطبق": "مربع", "dimention": "2 X 2 m", "Fault_statement": null}, "geometry": {"type": "Point", "coordinates": [31.55577249434691, 30.275649159680324, 0.0]}}, {"type": "Feature", "properties": {"ID": "MH-B-33", "Easting": "031° 33' 13.9\" E", "Northing": "30° 16' 31.09\" N", "الشركة_المنفذة": "التوحيد", "Start": "1/3/2022", "End": "3/2/2025", "GlobalID": "{CC41AE93-D5D8-47B7-A3C5-3CD6F93C9607}", "القطاع": "القطاع الثالث", "Depth": 1.5800000000000125, "GL": 173.36, "IL": 171.78, "نوع_المطبق": "مربع", "dimention": "2 X 2 m", "Fault_statement": null}, "geometry": {"type": "Point", "coordinates": [31.555538418147382, 30.275470404806033, 0.0]}}, {"type": "Feature", "properties": {"ID": "MH-B-32-4", "Easting": "031° 33' 15.97\" E", "Northing": "30° 16' 28.02\" N", "الشركة_المنفذة": "التوحيد", "Start": "1/3/2022", "End": "3/2/2025", "GlobalID": "{688CFC6F-E3B6-4D09-9243-B0F9750D782E}", "القطاع": "القطاع الثالث", "Depth": 1.5, "GL": 172.89, "IL": 171.39, "نوع_المطبق": "مربع", "dimention": "2 X 2 m", "Fault_statement": null}, "geometry": {"type": "Point", "coordinates": [31.556112238254496, 30.274615819012187, 0.0]}}, {"type": "Feature", "properties": {"ID": "MH-B-32-3", "Easting": "031° 33' 15.34\" E", "Northing": "30° 16' 28.62\" N", "الشركة_المنفذة": "التوحيد", "Start": "1/3/2022", "End": "3/2/2025", "GlobalID": "{9418066E-D304-4F73-A8DF-665950BD2A4F}", "القطاع": "القطاع الثالث", "Depth": 1.6099999999999852, "GL": 172.92, "IL": 171.31, "نوع_المطبق": "مربع", "dimention": "2 X 2 m", "Fault_statement": null}, "geometry": {"type": "Point", "coordinates": [31.55593859119024, 30.274783561486014, 0.0]}}, {"type": "Feature", "properties": {"ID": "MH-B-32-2", "Easting": "031° 33' 14.64\" E", "Northing": "30° 16' 29.3\" N", "الشركة_المنفذة": "التوحيد", "Start": "1/3/2022", "End": "3/2/2025", "GlobalID": "{06C81CDC-668D-472B-91CF-4A7062BE08BF}", "القطاع": "القطاع الثالث", "Depth": 1.710000000000008, "GL": 172.93, "IL": 171.22, "نوع_المطبق": "مربع", "dimention": "2 X 2 m", "Fault_statement": null}, "geometry": {"type": "Point", "coordinates": [31.55574410295632, 30.274971433664852, 0.0]}}, {"type": "Feature", "properties": {"ID": "MH-B-32-1", "Easting": "031° 33' 13.84\" E", "Northing": "30° 16' 30.07\" N", "الشركة_المنفذة": "التوحيد", "Start": "1/3/2022", "End": "3/2/2025", "GlobalID": "{219FE2A6-7B66-4FE7-8029-C3345412D960}", "القطاع": "القطاع الثالث", "Depth": 1.8199999999999932, "GL": 172.93, "IL": 171.11, "نوع_المطبق": "مربع", "dimention": "2 X 2 m", "Fault_statement": null}, "geometry": {"type": "Point", "coordinates": [31.555520457513335, 30.27518506516036, 0.0]}}, {"type": "Feature", "properties": {"ID": "MH-B-32", "Easting": "031° 33' 13.28\" E", "Northing": "30° 16' 30.6\" N", "الشركة_المنفذة": "التوحيد", "Start": "1/3/2022", "End": "3/2/2025", "GlobalID": "{CD9C9DF0-BB20-42F0-B56F-257781A7A549}", "القطاع": "القطاع الثالث", "Depth": 1.9000000000000057, "GL": 172.94, "IL": 171.04, "نوع_المطبق": "مربع", "dimention": "2 X 2 m", "Fault_statement": null}, "geometry": {"type": "Point", "coordinates": [31.555366354023977, 30.275333007210705, 0.0]}}, {"type": "Feature", "properties": {"ID": "MH-B-31", "Easting": "031° 33' 12.45\" E", "Northing": "30° 16' 29.95\" N", "الشركة_المنفذة": "التوحيد", "Start": "1/3/2022", "End": "3/2/2025", "GlobalID": "{C50EEC8D-E585-4D86-89C5-8A550B5460DE}", "القطاع": "القطاع الثالث", "Depth": 1.9000000000000057, "GL": 172.37, "IL": 170.47, "نوع_المطبق": "مربع", "dimention": "2 X 2 m", "Fault_statement": null}, "geometry": {"type": "Point", "coordinates": [31.555135427762885, 30.275151194758937, 0.0]}}, {"type": "Feature", "properties": {"ID": "MH-B-30", "Easting": "031° 33' 11.81\" E", "Northing": "30° 16' 29.42\" N", "الشركة_المنفذة": "التوحيد", "Start": "1/3/2022", "End": "3/2/2025", "GlobalID": "{F487B5CD-B8CA-410B-9147-308AB3CA441A}", "القطاع": "القطاع الثالث", "Depth": 1.8999999999999773, "GL": 171.92, "IL": 170.02, "نوع_المطبق": "مربع", "dimention": "2 X 2 m", "Fault_statement": null}, "geometry": {"type": "Point", "coordinates": [31.554956772007216, 30.275006467441106, 0.0]}}, {"type": "Feature", "properties": {"ID": "MH-B-29", "Easting": "031° 33' 10.96\" E", "Northing": "30° 16' 28.78\" N", "الشركة_المنفذة": "التوحيد", "Start": "1/3/2022", "End": "3/2/2025", "GlobalID": "{31E23A67-CD10-4781-96A0-2CB864CF05F0}", "القطاع": "القطاع الثالث", "Depth": 1.910000000000025, "GL": 171.36, "IL": 169.45, "نوع_المطبق": "مربع", "dimention": "2 X 2 m", "Fault_statement": null}, "geometry": {"type": "Point", "coordinates": [31.554722678142987, 30.274827732790005, 0.0]}}, {"type": "Feature", "properties": {"ID": "MH-B-28-4", "Easting": "031° 33' 13.06\" E", "Northing": "30° 16' 25.7\" N", "الشركة_المنفذة": "التوحيد", "Start": "1/3/2022", "End": "3/2/2025", "GlobalID": "{F640E149-E82A-443D-B758-30EA3846A45E}", "القطاع": "القطاع الثالث", "Depth": 1.5, "GL": 170.98, "IL": 169.48, "نوع_المطبق": "مربع", "dimention": "2 X 2 m", "Fault_statement": null}, "geometry": {"type": "Point", "coordinates": [31.555305867308604, 30.273971256186787, 0.0]}}, {"type": "Feature", "properties": {"ID": "MH-B-28-3", "Easting": "031° 33' 12.41\" E", "Northing": "30° 16' 26.33\" N", "الشركة_المنفذة": "التوحيد", "Start": "1/3/2022", "End": "3/2/2025", "GlobalID": "{970AB3DE-8289-44A6-81D0-3AA384F9002D}", "القطاع": "القطاع الثالث", "Depth": 1.5800000000000125, "GL": 170.97, "IL": 169.39, "نوع_المطبق": "مربع", "dimention": "2 X 2 m", "Fault_statement": null}, "geometry": {"type": "Point", "coordinates": [31.55512527382854, 30.274145709356542, 0.0]}}, {"type": "Feature", "properties": {"ID": "MH-B-28-2", "Easting": "031° 33' 11.74\" E", "Northing": "30° 16' 26.98\" N", "الشركة_المنفذة": "التوحيد", "Start": "1/3/2022", "End": "3/2/2025", "GlobalID": "{E27E7B21-78CC-45C8-882A-E5B6B07DA94F}", "القطاع": "القطاع الثالث", "Depth": 1.6599999999999966, "GL": 170.96, "IL": 169.3, "نوع_المطبق": "مربع", "dimention": "2 X 2 m", "Fault_statement": null}, "geometry": {"type": "Point", "coordinates": [31.5549377356, 30.27432687039982, 0.0]}}, {"type": "Feature", "properties": {"ID": "MH-B-28-1", "Easting": "031° 33' 11.01\" E", "Northing": "30° 16' 27.68\" N", "الشركة_المنفذة": "التوحيد", "Start": "1/3/2022", "End": "3/2/2025", "GlobalID": "{0849D561-C52A-4D60-AADD-108A0EBEC135}", "القطاع": "القطاع الثالث", "Depth": 1.7399999999999807, "GL": 170.95, "IL": 169.21, "نوع_المطبق": "مربع", "dimention": "2 X 2 m", "Fault_statement": null}, "geometry": {"type": "Point", "coordinates": [31.554735433703684, 30.27452077095462, 0.0]}}, {"type": "Feature", "properties": {"ID": "MH-B-28", "Easting": "031° 33' 10.35\" E", "Northing": "30° 16' 28.31\" N", "الشركة_المنفذة": "التوحيد", "Start": "1/3/2022", "End": "3/2/2025", "GlobalID": "{5DC29E05-0E54-413B-ACF2-D532B6A86A51}", "القطاع": "القطاع الثالث", "Depth": 1.9099999999999966, "GL": 170.95, "IL": 169.04, "نوع_المطبق": "مربع", "dimention": "2 X 2 m", "Fault_statement": null}, "geometry": {"type": "Point", "coordinates": [31.554552347381758, 30.274697683832727, 0.0]}}, {"type": "Feature", "properties": {"ID": "MH-B-27", "Easting": "031° 33' 9.66\" E", "Northing": "30° 16' 27.76\" N", "الشركة_المنفذة": "التوحيد", "Start": "1/3/2022", "End": "3/2/2025", "GlobalID": "{1C38417B-E26B-4E1E-AF2C-A1DAA8D5E951}", "القطاع": "القطاع الثالث", "Depth": 1.9000000000000057, "GL": 170.47, "IL": 168.57, "نوع_المطبق": "مربع", "dimention": "2 X 2 m", "Fault_statement": null}, "geometry": {"type": "Point", "coordinates": [31.554361137968286, 30.274545004022468, 0.0]}}, {"type": "Feature", "properties": {"ID": "MH-B-26", "Easting": "031° 33' 9.07\" E", "Northing": "30° 16' 27.29\" N", "الشركة_المنفذة": "التوحيد", "Start": "1/3/2022", "End": "3/2/2025", "GlobalID": "{B560353C-1529-4852-81D4-7162A40AC3F7}", "القطاع": "القطاع الثالث", "Depth": 1.9099999999999966, "GL": 170.07, "IL": 168.16, "نوع_المطبق": "مربع", "dimention": "2 X 2 m", "Fault_statement": null}, "geometry": {"type": "Point", "coordinates": [31.554196408477015, 30.274414344582407, 0.0]}}, {"type": "Feature", "properties": {"ID": "MH-B-25", "Easting": "031° 33' 8.27\" E", "Northing": "30° 16' 26.66\" N", "الشركة_المنفذة": "التوحيد", "Start": "1/3/2022", "End": "3/2/2025", "GlobalID": "{0CFA7615-ECE2-49B4-90FF-8C660C303436}", "القطاع": "القطاع الثالث", "Depth": 1.9099999999999966, "GL": 169.52, "IL": 167.61, "نوع_المطبق": "مربع", "dimention": "2 X 2 m", "Fault_statement": null}, "geometry": {"type": "Point", "coordinates": [31.55397440498099, 30.274239111515833, 0.0]}}, {"type": "Feature", "properties": {"ID": "MH-B-24-9-2", "Easting": "031° 33' 8.01\" E", "Northing": "30° 16' 18.32\" N", "الشركة_المنفذة": "التوحيد", "Start": "1/3/2022", "End": "3/2/2025", "GlobalID": "{61415D5E-EEC3-409B-A65A-0478C75126DC}", "القطاع": "القطاع الثالث", "Depth": 1.589999999999975, "GL": 165.92, "IL": 164.33, "نوع_المطبق": "مربع", "dimention": "2 X 2 m", "Fault_statement": null}, "geometry": {"type": "Point", "coordinates": [31.553903155619537, 30.271923101388325, 0.0]}}, {"type": "Feature", "properties": {"ID": "MH-B-24-9", "Easting": "031° 33' 5.58\" E", "Northing": "30° 16' 18.36\" N", "الشركة_المنفذة": "التوحيد", "Start": "1/3/2022", "End": "3/2/2025", "GlobalID": "{70BD946A-31BA-4ED0-9150-58B0C3D990FB}", "القطاع": "القطاع الثالث", "Depth": 1.8199999999999932, "GL": 165.93, "IL": 164.11, "نوع_المطبق": "مربع", "dimention": "2 X 2 m", "Fault_statement": null}, "geometry": {"type": "Point", "coordinates": [31.553227811374633, 30.271933538115615, 0.0]}}, {"type": "Feature", "properties": {"ID": "MH-B-24-8", "Easting": "031° 33' 5.62\" E", "Northing": "30° 16' 19.12\" N", "الشركة_المنفذة": "التوحيد", "Start": "1/3/2022", "End": "3/2/2025", "GlobalID": "{716031B0-E657-42D7-8BFA-9B0CD150F20A}", "القطاع": "القطاع الثالث", "Depth": 1.6599999999999966, "GL": 165.7, "IL": 164.04, "نوع_المطبق": "مربع", "dimention": "2 X 2 m", "Fault_statement": null}, "geometry": {"type": "Point", "coordinates": [31.55323675318482, 30.272143306945626, 0.0]}}, {"type": "Feature", "properties": {"ID": "MH-B-24-7", "Easting": "031° 33' 5.72\" E", "Northing": "30° 16' 19.91\" N", "الشركة_المنفذة": "التوحيد", "Start": "1/3/2022", "End": "3/2/2025", "GlobalID": "{1BC6C4A6-8153-4297-8BA2-B8CDB8891BF2}", "القطاع": "القطاع الثالث", "Depth": 1.6699999999999875, "GL": 165.63, "IL": 163.96, "نوع_المطبق": "مربع", "dimention": "2 X 2 m", "Fault_statement": null}, "geometry": {"type": "Point", "coordinates": [31.5532658120822, 30.272362606698326, 0.0]}}, {"type": "Feature", "properties": {"ID": "MH-B-24-6", "Easting": "031° 33' 6.01\" E", "Northing": "30° 16' 21.18\" N", "الشركة_المنفذة": "التوحيد", "Start": "1/3/2022", "End": "3/2/2025", "GlobalID": "{841D2B3B-A5A3-4B7F-AAE8-477C2AE1284C}", "القطاع": "القطاع الثالث", "Depth": 2.119999999999976, "GL": 165.95, "IL": 163.83, "نوع_المطبق": "مربع", "dimention": "2 X 2 m", "Fault_statement": null}, "geometry": {"type": "Point", "coordinates": [31.553346569079856, 30.272716545775133, 0.0]}}, {"type": "Feature", "properties": {"ID": "MH-B-24-5", "Easting": "031° 33' 6.28\" E", "Northing": "30° 16' 21.96\" N", "الشركة_المنفذة": "التوحيد", "Start": "1/3/2022", "End": "3/2/2025", "GlobalID": "{5E03A784-041E-4F02-AAED-73D01DC7BD28}", "القطاع": "القطاع الثالث", "Depth": 2.6399999999999864, "GL": 166.39, "IL": 163.75, "نوع_المطبق": "مربع", "dimention": "2 X 2 m", "Fault_statement": null}, "geometry": {"type": "Point", "coordinates": [31.553422411901753, 30.272932231123914, 0.0]}}, {"type": "Feature", "properties": {"ID": "MH-B-24-4", "Easting": "031° 33' 6.63\" E", "Northing": "30° 16' 22.99\" N", "الشركة_المنفذة": "التوحيد", "Start": "1/3/2022", "End": "3/2/2025", "GlobalID": "{A0B2053B-5287-4C99-8940-0C489F0016ED}", "القطاع": "القطاع الثالث", "Depth": 3.380000000000024, "GL": 167.02, "IL": 163.64, "نوع_المطبق": "مربع", "dimention": "2 X 2 m", "Fault_statement": null}, "geometry": {"type": "Point", "coordinates": [31.553518799011492, 30.273220260268808, 0.0]}}, {"type": "Feature", "properties": {"ID": "MH-B-24-3", "Easting": "031° 33' 7.03\" E", "Northing": "30° 16' 23.73\" N", "الشركة_المنفذة": "التوحيد", "Start": "1/3/2022", "End": "3/2/2025", "GlobalID": "{BE251A63-2271-49C0-8861-525F2C88ACE3}", "القطاع": "القطاع الثالث", "Depth": 3.9399999999999977, "GL": 167.5, "IL": 163.56, "نوع_المطبق": "مربع", "dimention": "2 X 2 m", "Fault_statement": null}, "geometry": {"type": "Point", "coordinates": [31.553629817687444, 30.273424144396763, 0.0]}}, {"type": "Feature", "properties": {"ID": "MH-B-24-2-3", "Easting": "031° 33' 10.43\" E", "Northing": "30° 16' 22.94\" N", "الشركة_المنفذة": "التوحيد", "Start": "1/3/2022", "End": "3/2/2025", "GlobalID": "{98858354-9106-4723-8D5E-240E67C79856}", "القطاع": "القطاع الثالث", "Depth": 1.5, "GL": 167.82, "IL": 166.32, "نوع_المطبق": "مربع", "dimention": "2 X 2 m", "Fault_statement": null}, "geometry": {"type": "Point", "coordinates": [31.55457384824588, 30.273205463836376, 0.0]}}, {"type": "Feature", "properties": {"ID": "MH-B-24-2-2", "Easting": "031° 33' 9.61\" E", "Northing": "30° 16' 23.33\" N", "الشركة_المنفذة": "التوحيد", "Start": "1/3/2022", "End": "3/2/2025", "GlobalID": "{606208D7-97B5-4DC5-8C8E-72B7705B4499}", "القطاع": "القطاع الثالث", "Depth": 1.5900000000000034, "GL": 167.83, "IL": 166.24, "نوع_المطبق": "مربع", "dimention": "2 X 2 m", "Fault_statement": null}, "geometry": {"type": "Point", "coordinates": [31.554345967551352, 30.273313774152953, 0.0]}}, {"type": "Feature", "properties": {"ID": "MH-B-24-2", "Easting": "031° 33' 7.44\" E", "Northing": "30° 16' 24.45\" N", "الشركة_المنفذة": "التوحيد", "Start": "1/3/2022", "End": "3/2/2025", "GlobalID": "{DA4766EC-2B03-4200-8C0C-E1D0D1E206F6}", "القطاع": "القطاع الثالث", "Depth": 4.539999999999992, "GL": 167.97, "IL": 163.43, "نوع_المطبق": "مربع", "dimention": "2 X 2 m", "Fault_statement": null}, "geometry": {"type": "Point", "coordinates": [31.553744835501835, 30.273625732970782, 0.0]}}, {"type": "Feature", "properties": {"ID": "MH-B-24-11", "Easting": "031° 33' 5.75\" E", "Northing": "30° 16' 16.24\" N", "الشركة_المنفذة": "التوحيد", "Start": "1/3/2022", "End": "3/2/2025", "GlobalID": "{EE36D697-04A4-4210-B7F9-09D456C04E84}", "القطاع": "القطاع الثالث", "Depth": 1.5200000000000102, "GL": 166.78, "IL": 165.26, "نوع_المطبق": "مربع", "dimention": "2 X 2 m", "Fault_statement": null}, "geometry": {"type": "Point", "coordinates": [31.553274077111666, 30.27134533793459, 0.0]}}, {"type": "Feature", "properties": {"ID": "MH-B-24-10", "Easting": "031° 33' 5.6\" E", "Northing": "30° 16' 17.39\" N", "الشركة_المنفذة": "التوحيد", "Start": "1/3/2022", "End": "3/2/2025", "GlobalID": "{D914829C-E4A5-4691-A7C0-D9B46EC5A099}", "القطاع": "القطاع الثالث", "Depth": 1.5199999999999818, "GL": 166.32, "IL": 164.8, "نوع_المطبق": "مربع", "dimention": "2 X 2 m", "Fault_statement": null}, "geometry": {"type": "Point", "coordinates": [31.553233627278544, 30.271662974165434, 0.0]}}, {"type": "Feature", "properties": {"ID": "MH-B-24-1", "Easting": "031° 33' 8.23\" E", "Northing": "30° 16' 25.56\" N", "الشركة_المنفذة": "التوحيد", "Start": "1/3/2022", "End": "3/2/2025", "GlobalID": "{BC74ECE6-BBDC-4BE8-A1D5-C502D5284022}", "القطاع": "القطاع الثالث", "Depth": 5.430000000000007, "GL": 168.74, "IL": 163.31, "نوع_المطبق": "مربع", "dimention": "2 X 2 m", "Fault_statement": null}, "geometry": {"type": "Point", "coordinates": [31.55396229205352, 30.2739334129805, 0.0]}}, {"type": "Feature", "properties": {"ID": "MH-B-24", "Easting": "031° 33' 7.58\" E", "Northing": "30° 16' 26.13\" N", "الشركة_المنفذة": "التوحيد", "Start": "1/3/2022", "End": "3/2/2025", "GlobalID": "{12CDBBD4-1A63-40A8-BA60-EE14EC57C71F}", "القطاع": "القطاع الثالث", "Depth": 5.960000000000008, "GL": 169.06, "IL": 163.1, "نوع_المطبق": "مربع", "dimention": "2 X 2 m", "Fault_statement": null}, "geometry": {"type": "Point", "coordinates": [31.553783544994044, 30.274091717144167, 0.0]}}, {"type": "Feature", "properties": {"ID": "MH-B-23", "Easting": "031° 33' 6.85\" E", "Northing": "30° 16' 25.55\" N", "الشركة_المنفذة": "التوحيد", "Start": "1/3/2022", "End": "3/2/2025", "GlobalID": "{A0AC8A71-0FE1-4E4C-B16D-BEE5D337C009}", "القطاع": "القطاع الثالث", "Depth": 5.5, "GL": 168.56, "IL": 163.06, "نوع_المطبق": "مربع", "dimention": "2 X 2 m", "Fault_statement": null}, "geometry": {"type": "Point", "coordinates": [31.55357891008393, 30.273931140426544, 0.0]}}, {"type": "Feature", "properties": {"ID": "MH-B-22", "Easting": "031° 33' 5.74\" E", "Northing": "30° 16' 24.68\" N", "الشركة_المنفذة": "التوحيد", "Start": "1/3/2022", "End": "3/2/2025", "GlobalID": "{48FCB69A-4074-48DB-B849-33D5804CBC21}", "القطاع": "القطاع الثالث", "Depth": 4.800000000000011, "GL": 167.8, "IL": 163.0, "نوع_المطبق": "مربع", "dimention": "2 X 2 m", "Fault_statement": null}, "geometry": {"type": "Point", "coordinates": [31.553270695509852, 30.273689026216086, 0.0]}}, {"type": "Feature", "properties": {"ID": "MH-B-21", "Easting": "031° 33' 4.63\" E", "Northing": "30° 16' 23.81\" N", "الشركة_المنفذة": "التوحيد", "Start": "1/3/2022", "End": "3/2/2025", "GlobalID": "{AEC35DE2-FB73-4E9E-8168-B13DE5022242}", "القطاع": "القطاع الثالث", "Depth": 4.090000000000003, "GL": 167.04, "IL": 162.95, "نوع_المطبق": "مربع", "dimention": "2 X 2 m", "Fault_statement": null}, "geometry": {"type": "Point", "coordinates": [31.552962484525107, 30.273446911243603, 0.0]}}, {"type": "Feature", "properties": {"ID": "MH-B-20", "Easting": "031° 33' 3.52\" E", "Northing": "30° 16' 22.94\" N", "الشركة_المنفذة": "التوحيد", "Start": "1/3/2022", "End": "3/2/2025", "GlobalID": "{520F7775-6E19-4E2D-9470-4AEDA152ACE4}", "القطاع": "القطاع الثالث", "Depth": 3.4000000000000057, "GL": 166.29, "IL": 162.89, "نوع_المطبق": "مربع", "dimention": "2 X 2 m", "Fault_statement": null}, "geometry": {"type": "Point", "coordinates": [31.552654272962627, 30.27320479372265, 0.0]}}, {"type": "Feature", "properties": {"ID": "MH-B-19", "Easting": "031° 33' 2.41\" E", "Northing": "30° 16' 22.07\" N", "الشركة_المنفذة": "التوحيد", "Start": "1/3/2022", "End": "3/2/2025", "GlobalID": "{09D5D39C-4CB8-4133-93E5-5A7DE36FD842}", "القطاع": "القطاع الثالث", "Depth": 2.789999999999992, "GL": 165.62, "IL": 162.83, "نوع_المطبق": "مربع", "dimention": "2 X 2 m", "Fault_statement": null}, "geometry": {"type": "Point", "coordinates": [31.55234606292108, 30.2729626772525, 0.0]}}, {"type": "Feature", "properties": {"ID": "MH-B-18-9", "Easting": "031° 33' 7.02\" E", "Northing": "30° 16' 11.82\" N", "الشركة_المنفذة": "التوحيد", "Start": "1/3/2022", "End": "3/2/2025", "GlobalID": "{BB446302-B0F6-4944-9431-99AD2A47B8EE}", "القطاع": "القطاع الثالث", "Depth": 2.8300000000000125, "GL": 168.72, "IL": 165.89, "نوع_المطبق": "مربع", "dimention": "2 X 2 m", "Fault_statement": null}, "geometry": {"type": "Point", "coordinates": [31.5536261012672, 30.27011520254551, 0.0]}}, {"type": "Feature", "properties": {"ID": "MH-B-18-8", "Easting": "031° 33' 6.56\" E", "Northing": "30° 16' 12.71\" N", "الشركة_المنفذة": "التوحيد", "Start": "1/3/2022", "End": "3/2/2025", "GlobalID": "{F87F88A5-23C4-423D-BB9C-F7E1276CB23D}", "القطاع": "القطاع الثالث", "Depth": 2.8300000000000125, "GL": 168.36, "IL": 165.53, "نوع_المطبق": "مربع", "dimention": "2 X 2 m", "Fault_statement": null}, "geometry": {"type": "Point", "coordinates": [31.553499847897175, 30.270362630498134, 0.0]}}, {"type": "Feature", "properties": {"ID": "MH-B-18-7-4", "Easting": "031° 33' 9.82\" E", "Northing": "30° 16' 14.7\" N", "الشركة_المنفذة": "التوحيد", "Start": "1/3/2022", "End": "3/2/2025", "GlobalID": "{F2EAEF83-1F66-4550-891D-E9318B69F82C}", "القطاع": "القطاع الثالث", "Depth": 1.5, "GL": 168.0, "IL": 166.5, "نوع_المطبق": "مربع", "dimention": "2 X 2 m", "Fault_statement": null}, "geometry": {"type": "Point", "coordinates": [31.55440405664508, 30.270917620875952, 0.0]}}, {"type": "Feature", "properties": {"ID": "MH-B-18-7-3", "Easting": "031° 33' 8.9\" E", "Northing": "30° 16' 14.42\" N", "الشركة_المنفذة": "التوحيد", "Start": "1/3/2022", "End": "3/2/2025", "GlobalID": "{4C3EFE5B-8CA1-45FC-9AA6-E3229199A728}", "القطاع": "القطاع الثالث", "Depth": 1.5300000000000011, "GL": 167.95, "IL": 166.42, "نوع_المطبق": "مربع", "dimention": "2 X 2 m", "Fault_statement": null}, "geometry": {"type": "Point", "coordinates": [31.55414964246655, 30.270838641422557, 0.0]}}, {"type": "Feature", "properties": {"ID": "MH-B-18-7-2", "Easting": "031° 33' 7.99\" E", "Northing": "30° 16' 14.14\" N", "الشركة_المنفذة": "التوحيد", "Start": "1/3/2022", "End": "3/2/2025", "GlobalID": "{1CA862D5-AE9C-4957-A150-D9A453FA93A0}", "القطاع": "القطاع الثالث", "Depth": 1.6099999999999852, "GL": 167.95, "IL": 166.34, "نوع_المطبق": "مربع", "dimention": "2 X 2 m", "Fault_statement": null}, "geometry": {"type": "Point", "coordinates": [31.553895228688273, 30.270759661468862, 0.0]}}, {"type": "Feature", "properties": {"ID": "MH-B-18-7-1", "Easting": "031° 33' 6.83\" E", "Northing": "30° 16' 13.77\" N", "الشركة_المنفذة": "التوحيد", "Start": "1/3/2022", "End": "3/2/2025", "GlobalID": "{F6FD771F-EE07-406A-809A-19EA78DD28F5}", "القطاع": "القطاع الثالث", "Depth": 1.740000000000009, "GL": 167.97, "IL": 166.23, "نوع_المطبق": "مربع", "dimention": "2 X 2 m", "Fault_statement": null}, "geometry": {"type": "Point", "coordinates": [31.553573151802695, 30.270657417847257, 0.0]}}, {"type": "Feature", "properties": {"ID": "MH-B-18-7", "Easting": "031° 33' 6.13\" E", "Northing": "30° 16' 13.55\" N", "الشركة_المنفذة": "التوحيد", "Start": "1/3/2022", "End": "3/2/2025", "GlobalID": "{9F4A4435-6EFE-402C-98B1-CAAB29589C6D}", "القطاع": "القطاع الثالث", "Depth": 2.890000000000015, "GL": 168.02, "IL": 165.13, "نوع_المطبق": "مربع", "dimention": "2 X 2 m", "Fault_statement": null}, "geometry": {"type": "Point", "coordinates": [31.55337973072519, 30.270598029826743, 0.0]}}, {"type": "Feature", "properties": {"ID": "MH-B-18-6", "Easting": "031° 33' 5.66\" E", "Northing": "30° 16' 14.44\" N", "الشركة_المنفذة": "التوحيد", "Start": "1/3/2022", "End": "3/2/2025", "GlobalID": "{172C27C1-BA8C-4A7A-B0FA-D321277C12F3}", "القطاع": "القطاع الثالث", "Depth": 2.8899999999999864, "GL": 167.66, "IL": 164.77, "نوع_المطبق": "مربع", "dimention": "2 X 2 m", "Fault_statement": null}, "geometry": {"type": "Point", "coordinates": [31.55324950379938, 30.27084390112974, 0.0]}}, {"type": "Feature", "properties": {"ID": "MH-B-18-5", "Easting": "031° 33' 5.21\" E", "Northing": "30° 16' 15.33\" N", "الشركة_المنفذة": "التوحيد", "Start": "1/3/2022", "End": "3/2/2025", "GlobalID": "{2B2B8E17-8F06-47D4-A893-124D8219C349}", "القطاع": "القطاع الثالث", "Depth": 2.890000000000015, "GL": 167.3, "IL": 164.41, "نوع_المطبق": "مربع", "dimention": "2 X 2 m", "Fault_statement": null}, "geometry": {"type": "Point", "coordinates": [31.55312286947673, 30.271091182378616, 0.0]}}, {"type": "Feature", "properties": {"ID": "MH-B-18-4", "Easting": "031° 33' 4.55\" E", "Northing": "30° 16' 16.5\" N", "الشركة_المنفذة": "التوحيد", "Start": "1/3/2022", "End": "3/2/2025", "GlobalID": "{21E6F23A-D499-40F2-86F2-991A4446A8B3}", "القطاع": "القطاع الثالث", "Depth": 2.8899999999999864, "GL": 166.82, "IL": 163.93, "نوع_المطبق": "مربع", "dimention": "2 X 2 m", "Fault_statement": null}, "geometry": {"type": "Point", "coordinates": [31.55294100495282, 30.271415633561453, 0.0]}}, {"type": "Feature", "properties": {"ID": "MH-B-18-3", "Easting": "031° 33' 3.88\" E", "Northing": "30° 16' 17.65\" N", "الشركة_المنفذة": "التوحيد", "Start": "1/3/2022", "End": "3/2/2025", "GlobalID": "{E6F12D44-793A-48DD-A1FE-F67EF3251458}", "القطاع": "القطاع الثالث", "Depth": 2.8899999999999864, "GL": 166.35, "IL": 163.46, "نوع_المطبق": "مربع", "dimention": "2 X 2 m", "Fault_statement": null}, "geometry": {"type": "Point", "coordinates": [31.552755293944173, 30.271735976549014, 0.0]}}, {"type": "Feature", "properties": {"ID": "MH-B-18-20", "Easting": "031° 33' 14.08\" E", "Northing": "30° 16' 6.2\" N", "الشركة_المنفذة": "عوض خليفة", "Start": "1/3/2022", "End": "3/2/2025", "GlobalID": "{7693A81D-DBB2-49FA-A17C-7555A7680DDF}", "القطاع": "القطاع الثاني", "Depth": 1.7299999999999898, "GL": 170.41, "IL": 168.68, "نوع_المطبق": "مربع", "dimention": "2 X 2 m", "Fault_statement": null}, "geometry": {"type": "Point", "coordinates": [31.555588202764646, 30.268554603685246, 0.0]}}, {"type": "Feature", "properties": {"ID": "MH-B-18-2", "Easting": "031° 33' 3.22\" E", "Northing": "30° 16' 18.82\" N", "الشركة_المنفذة": "التوحيد", "Start": "1/3/2022", "End": "3/2/2025", "GlobalID": "{87E5AEA0-8062-4B7E-94BF-23AA04093213}", "القطاع": "القطاع الثالث", "Depth": 2.890000000000015, "GL": 165.87, "IL": 162.98, "نوع_المطبق": "مربع", "dimention": "2 X 2 m", "Fault_statement": null}, "geometry": {"type": "Point", "coordinates": [31.552571908227232, 30.27205978234225, 0.0]}}, {"type": "Feature", "properties": {"ID": "MH-B-18-19", "Easting": "031° 33' 12.83\" E", "Northing": "30° 16' 5.76\" N", "الشركة_المنفذة": "عوض خليفة", "Start": "1/3/2022", "End": "3/2/2025", "GlobalID": "{0AE758AF-D2D9-402D-8BAE-52F8A7C5B985}", "القطاع": "القطاع الثاني", "Depth": 1.740000000000009, "GL": 170.31, "IL": 168.57, "نوع_المطبق": "مربع", "dimention": "2 X 2 m", "Fault_statement": null}, "geometry": {"type": "Point", "coordinates": [31.55524205655324, 30.268431899421582, 0.0]}}, {"type": "Feature", "properties": {"ID": "MH-B-18-18", "Easting": "031° 33' 11.58\" E", "Northing": "30° 16' 5.33\" N", "الشركة_المنفذة": "عوض خليفة", "Start": "1/3/2022", "End": "3/2/2025", "GlobalID": "{4E33991F-C3E2-4110-9893-465A3F6C913C}", "القطاع": "القطاع الثاني", "Depth": 1.8500000000000227, "GL": 170.3, "IL": 168.45, "نوع_المطبق": "مربع", "dimention": "2 X 2 m", "Fault_statement": null}, "geometry": {"type": "Point", "coordinates": [31.55489362344983, 30.26831299971386, 0.0]}}, {"type": "Feature", "properties": {"ID": "MH-B-18-17", "Easting": "031° 33' 10.23\" E", "Northing": "30° 16' 4.87\" N", "الشركة_المنفذة": "عوض خليفة", "Start": "1/3/2022", "End": "3/2/2025", "GlobalID": "{888A5C94-D711-4385-B698-779B1968897B}", "القطاع": "القطاع الثاني", "Depth": 2.6299999999999955, "GL": 170.95, "IL": 168.32, "نوع_المطبق": "مربع", "dimention": "2 X 2 m", "Fault_statement": null}, "geometry": {"type": "Point", "coordinates": [31.554519955438806, 30.268186733220563, 0.0]}}, {"type": "Feature", "properties": {"ID": "MH-B-18-16", "Easting": "031° 33' 9.75\" E", "Northing": "30° 16' 6.02\" N", "الشركة_المنفذة": "التوحيد", "Start": "1/3/2022", "End": "3/2/2025", "GlobalID": "{ACEC6622-7E8D-40FD-A06E-D9689C2CA66E}", "القطاع": "القطاع الثالث", "Depth": 2.8300000000000125, "GL": 171.03, "IL": 168.2, "نوع_المطبق": "مربع", "dimention": "2 X 2 m", "Fault_statement": null}, "geometry": {"type": "Point", "coordinates": [31.554384491824656, 30.268504692206413, 0.0]}}, {"type": "Feature", "properties": {"ID": "MH-B-18-15-4", "Easting": "031° 33' 13.68\" E", "Northing": "30° 16' 8.46\" N", "الشركة_المنفذة": "التوحيد", "Start": "1/3/2022", "End": "3/2/2025", "GlobalID": "{16274270-5D1A-491C-BAD0-BB3DEA4C9248}", "القطاع": "القطاع الثالث", "Depth": 1.5, "GL": 170.62, "IL": 169.12, "نوع_المطبق": "مربع", "dimention": "2 X 2 m", "Fault_statement": null}, "geometry": {"type": "Point", "coordinates": [31.555476817700065, 30.269183008731094, 0.0]}}, {"type": "Feature", "properties": {"ID": "MH-B-18-15-3", "Easting": "031° 33' 12.91\" E", "Northing": "30° 16' 8.21\" N", "الشركة_المنفذة": "التوحيد", "Start": "1/3/2022", "End": "3/2/2025", "GlobalID": "{6D763AAA-E3CD-4BE0-9265-FDEFC5B1FC8B}", "القطاع": "القطاع الثالث", "Depth": 1.5699999999999932, "GL": 170.62, "IL": 169.05, "نوع_المطبق": "مربع", "dimention": "2 X 2 m", "Fault_statement": null}, "geometry": {"type": "Point", "coordinates": [31.555262093235296, 30.269114873647215, 0.0]}}, {"type": "Feature", "properties": {"ID": "MH-B-18-15-2", "Easting": "031° 33' 11.93\" E", "Northing": "30° 16' 7.88\" N", "الشركة_المنفذة": "التوحيد", "Start": "1/3/2022", "End": "3/2/2025", "GlobalID": "{532FE1B5-F6AF-4609-A762-17E7840E0BA1}", "القطاع": "القطاع الثالث", "Depth": 1.6699999999999875, "GL": 170.63, "IL": 168.96, "نوع_المطبق": "مربع", "dimention": "2 X 2 m", "Fault_statement": null}, "geometry": {"type": "Point", "coordinates": [31.554991618638073, 30.26902177640611, 0.0]}}, {"type": "Feature", "properties": {"ID": "MH-B-18-15-1", "Easting": "031° 33' 10.55\" E", "Northing": "30° 16' 7.38\" N", "الشركة_المنفذة": "التوحيد", "Start": "1/3/2022", "End": "3/2/2025", "GlobalID": "{1327B329-A334-4EE1-8546-C9F73F18FC35}", "القطاع": "القطاع الثالث", "Depth": 1.799999999999983, "GL": 170.63, "IL": 168.83, "نوع_المطبق": "مربع", "dimention": "2 X 2 m", "Fault_statement": null}, "geometry": {"type": "Point", "coordinates": [31.554607367252352, 30.268884149526244, 0.0]}}, {"type": "Feature", "properties": {"ID": "MH-B-18-15", "Easting": "031° 33' 9.34\" E", "Northing": "30° 16' 6.95\" N", "الشركة_المنفذة": "التوحيد", "Start": "1/3/2022", "End": "3/2/2025", "GlobalID": "{873EC207-A725-4576-8825-D0B7C0DF5943}", "القطاع": "القطاع الثالث", "Depth": 2.829999999999984, "GL": 170.66, "IL": 167.83, "نوع_المطبق": "مربع", "dimention": "2 X 2 m", "Fault_statement": null}, "geometry": {"type": "Point", "coordinates": [31.55427230437108, 30.268764251711932, 0.0]}}, {"type": "Feature", "properties": {"ID": "MH-B-18-13", "Easting": "031° 33' 8.65\" E", "Northing": "30° 16' 8.45\" N", "الشركة_المنفذة": "التوحيد", "Start": "1/3/2022", "End": "3/2/2025", "GlobalID": "{0F52A32A-2495-4A0B-BA9C-D36402983CA5}", "القطاع": "القطاع الثالث", "Depth": 2.8400000000000034, "GL": 170.07, "IL": 167.23, "نوع_المطبق": "مربع", "dimention": "2 X 2 m", "Fault_statement": null}, "geometry": {"type": "Point", "coordinates": [31.55407870509624, 30.269181069390658, 0.0]}}, {"type": "Feature", "properties": {"ID": "MH-B-18-12", "Easting": "031° 33' 8.21\" E", "Northing": "30° 16' 9.36\" N", "الشركة_المنفذة": "التوحيد", "Start": "1/3/2022", "End": "3/2/2025", "GlobalID": "{4F6AA293-A4AA-4096-9DD1-4CB2CC4DABDC}", "القطاع": "القطاع الثالث", "Depth": 2.829999999999984, "GL": 169.7, "IL": 166.87, "نوع_المطبق": "مربع", "dimention": "2 X 2 m", "Fault_statement": null}, "geometry": {"type": "Point", "coordinates": [31.553958505927923, 30.269432489932814, 0.0]}}, {"type": "Feature", "properties": {"ID": "MH-B-18-11-2", "Easting": "031° 33' 9.56\" E", "Northing": "30° 16' 10.78\" N", "الشركة_المنفذة": "التوحيد", "Start": "1/3/2022", "End": "3/2/2025", "GlobalID": "{36A0EC5F-C388-4DD0-94D5-C455AA32A3F9}", "القطاع": "القطاع الثالث", "Depth": 1.710000000000008, "GL": 169.35, "IL": 167.64, "نوع_المطبق": "مربع", "dimention": "2 X 2 m", "Fault_statement": null}, "geometry": {"type": "Point", "coordinates": [31.554331400206923, 30.269826924734296, 0.0]}}, {"type": "Feature", "properties": {"ID": "MH-B-18-11-1", "Easting": "031° 33' 8.45\" E", "Northing": "30° 16' 10.37\" N", "الشركة_المنفذة": "التوحيد", "Start": "1/3/2022", "End": "3/2/2025", "GlobalID": "{E328AA9C-8AF9-4526-8685-1D571E3D5D3D}", "القطاع": "القطاع الثالث", "Depth": 1.8499999999999943, "GL": 169.38, "IL": 167.53, "نوع_المطبق": "مربع", "dimention": "2 X 2 m", "Fault_statement": null}, "geometry": {"type": "Point", "coordinates": [31.554024660029356, 30.26971382169305, 0.0]}}, {"type": "Feature", "properties": {"ID": "MH-B-18-11", "Easting": "031° 33' 7.84\" E", "Northing": "30° 16' 10.16\" N", "الشركة_المنفذة": "التوحيد", "Start": "1/3/2022", "End": "3/2/2025", "GlobalID": "{5E12A06A-2282-4007-97A9-3828B77FCADA}", "القطاع": "القطاع الثالث", "Depth": 2.839999999999975, "GL": 169.39, "IL": 166.55, "نوع_المطبق": "مربع", "dimention": "2 X 2 m", "Fault_statement": null}, "geometry": {"type": "Point", "coordinates": [31.553855499765977, 30.26965475763486, 0.0]}}, {"type": "Feature", "properties": {"ID": "MH-B-18-10", "Easting": "031° 33' 7.41\" E", "Northing": "30° 16' 11.06\" N", "الشركة_المنفذة": "التوحيد", "Start": "1/3/2022", "End": "3/2/2025", "GlobalID": "{CE3CE1FA-D8FB-4E51-8DC2-988554C478E4}", "القطاع": "القطاع الثالث", "Depth": 2.8400000000000034, "GL": 169.03, "IL": 166.19, "نوع_المطبق": "مربع", "dimention": "2 X 2 m", "Fault_statement": null}, "geometry": {"type": "Point", "coordinates": [31.553735650032415, 30.269904570848343, 0.0]}}, {"type": "Feature", "properties": {"ID": "MH-B-18-1", "Easting": "031° 33' 2.42\" E", "Northing": "30° 16' 20.16\" N", "الشركة_المنفذة": "التوحيد", "Start": "1/3/2022", "End": "3/2/2025", "GlobalID": "{5FEF17C8-9F46-48F4-97BF-8113CF4F2ECC}", "القطاع": "القطاع الثالث", "Depth": 3.119999999999976, "GL": 165.39, "IL": 162.27, "نوع_المطبق": "مربع", "dimention": "2 X 2 m", "Fault_statement": null}, "geometry": {"type": "Point", "coordinates": [31.552349477448576, 30.272432029747833, 0.0]}}, {"type": "Feature", "properties": {"ID": "MH-B-18", "Easting": "031° 33' 1.48\" E", "Northing": "30° 16' 21.34\" N", "الشركة_المنفذة": "التوحيد", "Start": "1/3/2022", "End": "3/2/2025", "GlobalID": "{571E049B-F1FE-433C-8F67-00B6761F8778}", "القطاع": "القطاع الثالث", "Depth": 3.1799999999999784, "GL": 165.29, "IL": 162.11, "نوع_المطبق": "مربع", "dimention": "2 X 2 m", "Fault_statement": null}, "geometry": {"type": "Point", "coordinates": [31.552088283953736, 30.272760173016366, 0.0]}}, {"type": "Feature", "properties": {"ID": "MH-B-17", "Easting": "031° 33' 0.13\" E", "Northing": "30° 16' 20.27\" N", "الشركة_المنفذة": "عوض خليفة", "Start": "1/3/2022", "End": "3/2/2025", "GlobalID": "{B1A868B6-BD90-404F-90EC-3DB0C0C5B85C}", "القطاع": "القطاع الثاني", "Depth": 3.2099999999999795, "GL": 165.26, "IL": 162.05, "نوع_المطبق": "مربع", "dimention": "2 X 2 m", "Fault_statement": null}, "geometry": {"type": "Point", "coordinates": [31.55171208695275, 30.2724625749933, 0.0]}}, {"type": "Feature", "properties": {"ID": "MH-B-16", "Easting": "031° 32' 58.16\" E", "Northing": "30° 16' 18.72\" N", "الشركة_المنفذة": "عوض خليفة", "Start": "1/3/2022", "End": "3/2/2025", "GlobalID": "{50F1AEC9-1AEA-473F-A31A-F2A8F2DD065B}", "القطاع": "القطاع الثاني", "Depth": 3.8799999999999955, "GL": 165.84, "IL": 161.96, "نوع_المطبق": "مربع", "dimention": "2 X 2 m", "Fault_statement": null}, "geometry": {"type": "Point", "coordinates": [31.551164761532668, 30.27203335255322, 0.0]}}, {"type": "Feature", "properties": {"ID": "MH-B-15", "Easting": "031° 32' 56.49\" E", "Northing": "30° 16' 17.42\" N", "الشركة_المنفذة": "عوض خليفة", "Start": "1/3/2022", "End": "3/2/2025", "GlobalID": "{B8AE7963-127E-4F76-9FC8-9BD80F410D1F}", "القطاع": "القطاع الثاني", "Depth": 4.610000000000014, "GL": 166.5, "IL": 161.89, "نوع_المطبق": "مربع", "dimention": "2 X 2 m", "Fault_statement": null}, "geometry": {"type": "Point", "coordinates": [31.5507019202474, 30.27167120810707, 0.0]}}, {"type": "Feature", "properties": {"ID": "MH-B-14", "Easting": "031° 32' 54.83\" E", "Northing": "30° 16' 16.1\" N", "الشركة_المنفذة": "عوض خليفة", "Start": "1/3/2022", "End": "3/2/2025", "GlobalID": "{ECB1A437-8179-4194-A56D-B5324E3005D7}", "القطاع": "القطاع الثاني", "Depth": 5.340000000000003, "GL": 167.16, "IL": 161.82, "نوع_المطبق": "مربع", "dimention": "2 X 2 m", "Fault_statement": null}, "geometry": {"type": "Point", "coordinates": [31.55024132498386, 30.271306442036153, 0.0]}}, {"type": "Feature", "properties": {"ID": "MH-B-13", "Easting": "031° 32' 53.16\" E", "Northing": "30° 16' 14.8\" N", "الشركة_المنفذة": "عوض خليفة", "Start": "1/3/2022", "End": "3/2/2025", "GlobalID": "{7B78080E-924A-49A7-8A84-0FD9CE3A428B}", "القطاع": "القطاع الثاني", "Depth": 6.060000000000002, "GL": 167.81, "IL": 161.75, "نوع_المطبق": "مربع", "dimention": "2 X 2 m", "Fault_statement": null}, "geometry": {"type": "Point", "coordinates": [31.549777273372072, 30.27094444904318, 0.0]}}, {"type": "Feature", "properties": {"ID": "MH-B-12", "Easting": "031° 32' 51.5\" E", "Northing": "30° 16' 13.49\" N", "الشركة_المنفذة": "عوض خليفة", "Start": "1/3/2022", "End": "3/2/2025", "GlobalID": "{BB2EE266-75A4-4351-9AB0-61C0FFE08746}", "القطاع": "القطاع الثاني", "Depth": 6.789999999999992, "GL": 168.47, "IL": 161.68, "نوع_المطبق": "مربع", "dimention": "2 X 2 m", "Fault_statement": null}, "geometry": {"type": "Point", "coordinates": [31.549316404925825, 30.27058016245999, 0.0]}}, {"type": "Feature", "properties": {"ID": "MH-B-11", "Easting": "031° 32' 49.76\" E", "Northing": "30° 16' 12.11\" N", "الشركة_المنفذة": "عوض خليفة", "Start": "1/3/2022", "End": "3/2/2025", "GlobalID": "{241042F1-BBB9-400F-B76E-747B15CA94BE}", "القطاع": "القطاع الثاني", "Depth": 7.689999999999998, "GL": 169.29, "IL": 161.6, "نوع_المطبق": "مربع", "dimention": "2 X 2 m", "Fault_statement": null}, "geometry": {"type": "Point", "coordinates": [31.548832820211487, 30.270196010615336, 0.0]}}, {"type": "Feature", "properties": {"ID": "MH-B-10", "Easting": "031° 32' 50.24\" E", "Northing": "30° 16' 11.28\" N", "الشركة_المنفذة": "عوض خليفة", "Start": "1/3/2022", "End": "3/2/2025", "GlobalID": "{B78AC8BE-451A-4421-BEFA-C9B42F5B3572}", "القطاع": "القطاع الثاني", "Depth": 7.550000000000011, "GL": 169.12, "IL": 161.57, "نوع_المطبق": "مربع", "dimention": "2 X 2 m", "Fault_statement": null}, "geometry": {"type": "Point", "coordinates": [31.548964919757303, 30.26996699498464, 0.0]}}, {"type": "Feature", "properties": {"ID": "MH-B-9", "Easting": "031° 32' 50.86\" E", "Northing": "30° 16' 10.1\" N", "الشركة_المنفذة": "عوض خليفة", "Start": "1/3/2022", "End": "3/2/2025", "GlobalID": "{984CC577-1BA0-4456-8D5A-ABE839B3575C}", "القطاع": "القطاع الثاني", "Depth": 6.969999999999999, "GL": 168.49, "IL": 161.52, "نوع_المطبق": "مربع", "dimention": "2 X 2 m", "Fault_statement": null}, "geometry": {"type": "Point", "coordinates": [31.54913825172468, 30.2696390452677, 0.0]}}, {"type": "Feature", "properties": {"ID": "MH-B-8-14", "Easting": "031° 33' 8.99\" E", "Northing": "30° 16' 7.71\" N", "الشركة_المنفذة": "التوحيد", "Start": "1/3/2022", "End": "3/2/2025", "GlobalID": "{55AD37F8-9CBF-40AE-96DA-6602CBBA55D6}", "القطاع": "القطاع الثالث", "Depth": 2.8300000000000125, "GL": 170.36, "IL": 167.53, "نوع_المطبق": "مربع", "dimention": "2 X 2 m", "Fault_statement": null}, "geometry": {"type": "Point", "coordinates": [31.55417516825562, 30.268973406197432, 0.0]}}, {"type": "Feature", "properties": {"ID": "MH-B-8", "Easting": "031° 32' 51.47\" E", "Northing": "30° 16' 8.92\" N", "الشركة_المنفذة": "عوض خليفة", "Start": "1/3/2022", "End": "3/2/2025", "GlobalID": "{9978AD2A-2C5D-4002-9DFD-421E7CF74483}", "القطاع": "القطاع الثاني", "Depth": 5.9199999999999875, "GL": 167.39, "IL": 161.47, "نوع_المطبق": "مربع", "dimention": "2 X 2 m", "Fault_statement": null}, "geometry": {"type": "Point", "coordinates": [31.54930872469983, 30.269309970711234, 0.0]}}, {"type": "Feature", "properties": {"ID": "MH-B-7", "Easting": "031° 32' 52.07\" E", "Northing": "30° 16' 7.73\" N", "الشركة_المنفذة": "عوض خليفة", "Start": "1/3/2022", "End": "3/2/2025", "GlobalID": "{D6E4446F-E58D-436A-A410-C0C922D54B93}", "القطاع": "القطاع الثاني", "Depth": 4.780000000000001, "GL": 166.2, "IL": 161.42, "نوع_المطبق": "مربع", "dimention": "2 X 2 m", "Fault_statement": null}, "geometry": {"type": "Point", "coordinates": [31.549474422611176, 30.268979061325204, 0.0]}}, {"type": "Feature", "properties": {"ID": "MH-B-6", "Easting": "031° 32' 52.65\" E", "Northing": "30° 16' 6.53\" N", "الشركة_المنفذة": "عوض خليفة", "Start": "1/3/2022", "End": "3/2/2025", "GlobalID": "{4492C13C-F73D-49B9-96F6-21405F26641C}", "القطاع": "القطاع الثاني", "Depth": 3.6299999999999955, "GL": 165.0, "IL": 161.37, "نوع_المطبق": "مربع", "dimention": "2 X 2 m", "Fault_statement": null}, "geometry": {"type": "Point", "coordinates": [31.549636368443714, 30.26864675664651, 0.0]}}, {"type": "Feature", "properties": {"ID": "MH-B-5", "Easting": "031° 32' 53.24\" E", "Northing": "30° 16' 5.34\" N", "الشركة_المنفذة": "عوض خليفة", "Start": "1/3/2022", "End": "3/2/2025", "GlobalID": "{27DA9D39-BF7C-4EC0-AC96-0E03010D0BD8}", "القطاع": "القطاع الثاني", "Depth": 2.469999999999999, "GL": 163.8, "IL": 161.33, "نوع_المطبق": "مربع", "dimention": "2 X 2 m", "Fault_statement": null}, "geometry": {"type": "Point", "coordinates": [31.54980043755177, 30.268315238463327, 0.0]}}, {"type": "Feature", "properties": {"ID": "MH-B-4", "Easting": "031° 32' 53.79\" E", "Northing": "30° 16' 4.13\" N", "الشركة_المنفذة": "عوض خليفة", "Start": "1/3/2022", "End": "3/2/2025", "GlobalID": "{806ABD3D-6AF7-4134-A901-D8A119EDC95F}", "القطاع": "القطاع الثاني", "Depth": 2.049999999999983, "GL": 162.6, "IL": 160.55, "نوع_المطبق": "مربع", "dimention": "2 X 2 m", "Fault_statement": null}, "geometry": {"type": "Point", "coordinates": [31.54995250598906, 30.267979435155432, 0.0]}}, {"type": "Feature", "properties": {"ID": "MH-B-3", "Easting": "031° 32' 54.33\" E", "Northing": "30° 16' 2.92\" N", "الشركة_المنفذة": "عوض خليفة", "Start": "1/3/2022", "End": "3/2/2025", "GlobalID": "{B21EF40E-0680-49F4-ABF7-8C75572BB5DA}", "القطاع": "القطاع الثاني", "Depth": 1.8199999999999932, "GL": 161.59, "IL": 159.77, "نوع_المطبق": "مربع", "dimention": "2 X 2 m", "Fault_statement": null}, "geometry": {"type": "Point", "coordinates": [31.55010274096989, 30.267643011528328, 0.0]}}, {"type": "Feature", "properties": {"ID": "MH-B-2", "Easting": "031° 32' 54.86\" E", "Northing": "30° 16' 1.7\" N", "الشركة_المنفذة": "عوض خليفة", "Start": "1/3/2022", "End": "3/2/2025", "GlobalID": "{CE3B963B-187B-4DC8-B632-83389D1D1F80}", "القطاع": "القطاع الثاني", "Depth": 1.9799999999999898, "GL": 160.97, "IL": 158.99, "نوع_المطبق": "مربع", "dimention": "2 X 2 m", "Fault_statement": null}, "geometry": {"type": "Point", "coordinates": [31.550249818277678, 30.267305540161576, 0.0]}}, {"type": "Feature", "properties": {"ID": "MH-B-1-9", "Easting": "031° 32' 59.31\" E", "Northing": "30° 15' 49.31\" N", "الشركة_المنفذة": "عوض خليفة", "Start": "1/3/2022", "End": "3/2/2025", "GlobalID": "{2B69D1A4-BE83-43F4-BAD5-366D33C21B64}", "القطاع": "القطاع الثاني", "Depth": 1.759999999999991, "GL": 162.95, "IL": 161.19, "نوع_المطبق": "مربع", "dimention": "2 X 2 m", "Fault_statement": null}, "geometry": {"type": "Point", "coordinates": [31.551484955638557, 30.263862234817964, 0.0]}}, {"type": "Feature", "properties": {"ID": "MH-B-1-8", "Easting": "031° 32' 58.94\" E", "Northing": "30° 15' 50.56\" N", "الشركة_المنفذة": "عوض خليفة", "Start": "1/3/2022", "End": "3/2/2025", "GlobalID": "{20E58790-3B47-4BF9-828D-62F50ACFED98}", "القطاع": "القطاع الثاني", "Depth": 1.759999999999991, "GL": 162.69, "IL": 160.93, "نوع_المطبق": "مربع", "dimention": "2 X 2 m", "Fault_statement": null}, "geometry": {"type": "Point", "coordinates": [31.55138111228687, 30.264211607944514, 0.0]}}, {"type": "Feature", "properties": {"ID": "MH-B-1-7", "Easting": "031° 32' 58.56\" E", "Northing": "30° 15' 51.82\" N", "الشركة_المنفذة": "عوض خليفة", "Start": "1/3/2022", "End": "3/2/2025", "GlobalID": "{5A0BFE06-6EB2-46AB-AFBC-A5CD259F626B}", "القطاع": "القطاع الثاني", "Depth": 1.7700000000000102, "GL": 162.44, "IL": 160.67, "نوع_المطبق": "مربع", "dimention": "2 X 2 m", "Fault_statement": null}, "geometry": {"type": "Point", "coordinates": [31.551277266140556, 30.264560980987973, 0.0]}}, {"type": "Feature", "properties": {"ID": "MH-B-1-6", "Easting": "031° 32' 58.14\" E", "Northing": "30° 15' 53.07\" N", "الشركة_المنفذة": "عوض خليفة", "Start": "1/3/2022", "End": "3/2/2025", "GlobalID": "{51ED792B-4DD2-48BB-9B3B-9B0B0D3E41A8}", "القطاع": "القطاع الثاني", "Depth": 1.759999999999991, "GL": 162.17, "IL": 160.41, "نوع_المطبق": "مربع", "dimention": "2 X 2 m", "Fault_statement": null}, "geometry": {"type": "Point", "coordinates": [31.551159440367776, 30.264906993925155, 0.0]}}, {"type": "Feature", "properties": {"ID": "MH-B-1-5", "Easting": "031° 32' 57.71\" E", "Northing": "30° 15' 54.31\" N", "الشركة_المنفذة": "عوض خليفة", "Start": "1/3/2022", "End": "3/2/2025", "GlobalID": "{112C3C50-AFAD-418B-81D0-F22B40EE6144}", "القطاع": "القطاع الثاني", "Depth": 1.759999999999991, "GL": 161.91, "IL": 160.15, "نوع_المطبق": "مربع", "dimention": "2 X 2 m", "Fault_statement": null}, "geometry": {"type": "Point", "coordinates": [31.551041615875207, 30.265253008543645, 0.0]}}, {"type": "Feature", "properties": {"ID": "MH-B-1-4", "Easting": "031° 32' 57.27\" E", "Northing": "30° 15' 55.55\" N", "الشركة_المنفذة": "عوض خليفة", "Start": "1/3/2022", "End": "3/2/2025", "GlobalID": "{3697F563-7F15-4C3F-85B5-C398E1B1E15D}", "القطاع": "القطاع الثاني", "Depth": 1.7600000000000193, "GL": 161.65, "IL": 159.89, "نوع_المطبق": "مربع", "dimention": "2 X 2 m", "Fault_statement": null}, "geometry": {"type": "Point", "coordinates": [31.55091782317747, 30.265597449687164, 0.0]}}, {"type": "Feature", "properties": {"ID": "MH-B-1-3", "Easting": "031° 32' 56.81\" E", "Northing": "30° 15' 56.79\" N", "الشركة_المنفذة": "عوض خليفة", "Start": "1/3/2022", "End": "3/2/2025", "GlobalID": "{FA7DBD44-B12E-4A1C-AE91-DB46706240A8}", "القطاع": "القطاع الثاني", "Depth": 1.8099999999999739, "GL": 161.39, "IL": 159.58, "نوع_المطبق": "مربع", "dimention": "2 X 2 m", "Fault_statement": null}, "geometry": {"type": "Point", "coordinates": [31.550791325729193, 30.265941151558543, 0.0]}}, {"type": "Feature", "properties": {"ID": "MH-B-1-2", "Easting": "031° 32' 56.36\" E", "Northing": "30° 15' 58.03\" N", "الشركة_المنفذة": "عوض خليفة", "Start": "1/3/2022", "End": "3/2/2025", "GlobalID": "{D250C23B-893D-4913-AD76-677F7D7F0429}", "القطاع": "القطاع الثاني", "Depth": 1.7199999999999989, "GL": 161.14, "IL": 159.42, "نوع_المطبق": "مربع", "dimention": "2 X 2 m", "Fault_statement": null}, "geometry": {"type": "Point", "coordinates": [31.550664829485576, 30.266284851487896, 0.0]}}, {"type": "Feature", "properties": {"ID": "MH-B-1-17", "Easting": "031° 33' 6.59\" E", "Northing": "30° 15' 44.88\" N", "الشركة_المنفذة": "عوض خليفة", "Start": "1/3/2022", "End": "3/2/2025", "GlobalID": "{63F6A5B3-5F20-4880-B3CB-A0F2EB3ADB83}", "القطاع": "القطاع الثاني", "Depth": 1.5, "GL": 169.88, "IL": 168.38, "نوع_المطبق": "مربع", "dimention": "2 X 2 m", "Fault_statement": null}, "geometry": {"type": "Point", "coordinates": [31.553507196909294, 30.262633016439153, 0.0]}}, {"type": "Feature", "properties": {"ID": "MH-B-1-16", "Easting": "031° 33' 5.1\" E", "Northing": "30° 15' 44.72\" N", "الشركة_المنفذة": "عوض خليفة", "Start": "1/3/2022", "End": "3/2/2025", "GlobalID": "{121A0ABB-E1C5-4541-92E7-049BDC044206}", "القطاع": "القطاع الثاني", "Depth": 2.1399999999999864, "GL": 169.38, "IL": 167.24, "نوع_المطبق": "مربع", "dimention": "2 X 2 m", "Fault_statement": null}, "geometry": {"type": "Point", "coordinates": [31.55309468571538, 30.262588732255477, 0.0]}}, {"type": "Feature", "properties": {"ID": "MH-B-1-15", "Easting": "031° 33' 3.62\" E", "Northing": "30° 15' 44.56\" N", "الشركة_المنفذة": "عوض خليفة", "Start": "1/3/2022", "End": "3/2/2025", "GlobalID": "{7EFDD097-9298-4C9E-AAE5-16A4A84B7299}", "القطاع": "القطاع الثاني", "Depth": 2.1299999999999955, "GL": 168.23, "IL": 166.1, "نوع_المطبق": "مربع", "dimention": "2 X 2 m", "Fault_statement": null}, "geometry": {"type": "Point", "coordinates": [31.55268217695891, 30.262544448562835, 0.0]}}, {"type": "Feature", "properties": {"ID": "MH-B-1-14", "Easting": "031° 33' 2.13\" E", "Northing": "30° 15' 44.4\" N", "الشركة_المنفذة": "عوض خليفة", "Start": "1/3/2022", "End": "3/2/2025", "GlobalID": "{AE1F37C3-0831-448B-AF40-832D5A533F86}", "القطاع": "القطاع الثاني", "Depth": 1.5600000000000023, "GL": 166.47, "IL": 164.91, "نوع_المطبق": "مربع", "dimention": "2 X 2 m", "Fault_statement": null}, "geometry": {"type": "Point", "coordinates": [31.552269666473343, 30.262500163574707, 0.0]}}, {"type": "Feature", "properties": {"ID": "MH-B-1-13", "Easting": "031° 33' 0.65\" E", "Northing": "30° 15' 44.24\" N", "الشركة_المنفذة": "عوض خليفة", "Start": "1/3/2022", "End": "3/2/2025", "GlobalID": "{17A4F79F-99BD-48D2-82EA-1FA47857861A}", "القطاع": "القطاع الثاني", "Depth": 1.5, "GL": 165.7, "IL": 164.2, "نوع_المطبق": "مربع", "dimention": "2 X 2 m", "Fault_statement": null}, "geometry": {"type": "Point", "coordinates": [31.551857158415164, 30.26245587727362, 0.0]}}, {"type": "Feature", "properties": {"ID": "MH-B-1-12", "Easting": "031° 33' 0.34\" E", "Northing": "30° 15' 45.51\" N", "الشركة_المنفذة": "عوض خليفة", "Start": "1/3/2022", "End": "3/2/2025", "GlobalID": "{83E3718C-785B-4DCC-9562-300906A2E1E8}", "القطاع": "القطاع الثاني", "Depth": 1.6500000000000057, "GL": 165.07, "IL": 163.42, "نوع_المطبق": "مربع", "dimention": "2 X 2 m", "Fault_statement": null}, "geometry": {"type": "Point", "coordinates": [31.551771144830365, 30.262808879549596, 0.0]}}, {"type": "Feature", "properties": {"ID": "MH-B-1-11", "Easting": "031° 33' 0.02\" E", "Northing": "30° 15' 46.78\" N", "الشركة_المنفذة": "عوض خليفة", "Start": "1/3/2022", "End": "3/2/2025", "GlobalID": "{EC16ED6B-1911-4E37-8AE3-7C39A327F62F}", "القطاع": "القطاع الثاني", "Depth": 1.5999999999999943, "GL": 164.21, "IL": 162.61, "نوع_المطبق": "مربع", "dimention": "2 X 2 m", "Fault_statement": null}, "geometry": {"type": "Point", "coordinates": [31.551681077881565, 30.263161121239126, 0.0]}}, {"type": "Feature", "properties": {"ID": "MH-B-1-10", "Easting": "031° 32' 59.69\" E", "Northing": "30° 15' 48.05\" N", "الشركة_المنفذة": "عوض خليفة", "Start": "1/3/2022", "End": "3/2/2025", "GlobalID": "{B5B3490B-554B-493F-9457-9A55B9D20B10}", "القطاع": "القطاع الثاني", "Depth": 1.5, "GL": 163.4, "IL": 161.9, "نوع_المطبق": "مربع", "dimention": "2 X 2 m", "Fault_statement": null}, "geometry": {"type": "Point", "coordinates": [31.55159101030944, 30.26351336285578, 0.0]}}, {"type": "Feature", "properties": {"ID": "MH-B-1-1", "Easting": "031° 32' 55.88\" E", "Northing": "30° 15' 59.26\" N", "الشركة_المنفذة": "عوض خليفة", "Start": "1/3/2022", "End": "3/2/2025", "GlobalID": "{0E7A06C7-0342-4C86-AE51-2CE5FB82A804}", "القطاع": "القطاع الثاني", "Depth": 1.6200000000000045, "GL": 160.88, "IL": 159.26, "نوع_المطبق": "مربع", "dimention": "2 X 2 m", "Fault_statement": null}, "geometry": {"type": "Point", "coordinates": [31.550531185941228, 30.266626506578813, 0.0]}}, {"type": "Feature", "properties": {"ID": "MH-B-1", "Easting": "031° 32' 55.36\" E", "Northing": "30° 16' 0.48\" N", "الشركة_المنفذة": "عوض خليفة", "Start": "1/3/2022", "End": "3/2/2025", "GlobalID": "{FDC9B965-66BE-4F69-8982-DD71AF0B7B8A}", "القطاع": "القطاع الثاني", "Depth": 2.519999999999982, "GL": 160.73, "IL": 158.21, "نوع_المطبق": "مربع", "dimention": "2 X 2 m", "Fault_statement": null}, "geometry": {"type": "Point", "coordinates": [31.550388635033343, 30.266965440445357, 0.0]}}, {"type": "Feature", "properties": {"ID": "MH-A-64", "Easting": "031° 33' 31.64\" E", "Northing": "30° 16' 40.26\" N", "الشركة_المنفذة": "التوحيد", "Start": "1/3/2022", "End": "3/2/2025", "GlobalID": "{C3CA578E-2EF6-405D-842C-10430CC83778}", "القطاع": "القطاع الثالث", "Depth": 1.5, "GL": 178.73, "IL": 177.23, "نوع_المطبق": "مربع", "dimention": "2 X 2 m", "Fault_statement": null}, "geometry": {"type": "Point", "coordinates": [31.56046556443766, 30.278015621381712, 0.0]}}, {"type": "Feature", "properties": {"ID": "MH-A-63", "Easting": "031° 33' 31.11\" E", "Northing": "30° 16' 40.83\" N", "الشركة_المنفذة": "التوحيد", "Start": "1/3/2022", "End": "3/2/2025", "GlobalID": "{849D2F31-0492-458F-8B0C-8A3CDB74AB33}", "القطاع": "القطاع الثالث", "Depth": 1.759999999999991, "GL": 178.92, "IL": 177.16, "نوع_المطبق": "مربع", "dimention": "2 X 2 m", "Fault_statement": null}, "geometry": {"type": "Point", "coordinates": [31.56031903437753, 30.278175288622943, 0.0]}}, {"type": "Feature", "properties": {"ID": "MH-A-62", "Easting": "031° 33' 30.43\" E", "Northing": "30° 16' 41.61\" N", "الشركة_المنفذة": "التوحيد", "Start": "1/3/2022", "End": "3/2/2025", "GlobalID": "{65CD85E7-369B-463C-A6A2-5CD472D5562E}", "القطاع": "القطاع الثالث", "Depth": 1.8799999999999955, "GL": 178.94, "IL": 177.06, "نوع_المطبق": "مربع", "dimention": "2 X 2 m", "Fault_statement": null}, "geometry": {"type": "Point", "coordinates": [31.560129880325462, 30.27839040957165, 0.0]}}, {"type": "Feature", "properties": {"ID": "MH-A-61", "Easting": "031° 33' 29.62\" E", "Northing": "30° 16' 42.5\" N", "الشركة_المنفذة": "التوحيد", "Start": "1/3/2022", "End": "3/2/2025", "GlobalID": "{CBDFC867-16F1-489F-8768-C36CBEBA64E0}", "القطاع": "القطاع الثالث", "Depth": 2.0200000000000102, "GL": 178.96, "IL": 176.94, "نوع_المطبق": "مربع", "dimention": "2 X 2 m", "Fault_statement": null}, "geometry": {"type": "Point", "coordinates": [31.55990437431364, 30.278638131961724, 0.0]}}, {"type": "Feature", "properties": {"ID": "MH-A-60", "Easting": "031° 33' 29.09\" E", "Northing": "30° 16' 43.03\" N", "الشركة_المنفذة": "التوحيد", "Start": "1/3/2022", "End": "3/2/2025", "GlobalID": "{CE2ED749-1851-4C50-8118-A84FDA44DD97}", "القطاع": "القطاع الثالث", "Depth": 2.069999999999993, "GL": 178.94, "IL": 176.87, "نوع_المطبق": "مربع", "dimention": "2 X 2 m", "Fault_statement": null}, "geometry": {"type": "Point", "coordinates": [31.55975769107116, 30.278785028101726, 0.0]}}, {"type": "Feature", "properties": {"ID": "MH-A-58", "Easting": "031° 33' 27.43\" E", "Northing": "30° 16' 41.72\" N", "الشركة_المنفذة": "التوحيد", "Start": "1/3/2022", "End": "3/2/2025", "GlobalID": "{D8185868-57F1-43CA-AE17-25C82B075D2B}", "القطاع": "القطاع الثالث", "Depth": 1.7399999999999807, "GL": 178.42, "IL": 176.68, "نوع_المطبق": "مربع", "dimention": "2 X 2 m", "Fault_statement": null}, "geometry": {"type": "Point", "coordinates": [31.559296966332877, 30.278420941247607, 0.0]}}, {"type": "Feature", "properties": {"ID": "MH-A-57", "Easting": "031° 33' 26.61\" E", "Northing": "30° 16' 41.07\" N", "الشركة_المنفذة": "التوحيد", "Start": "1/3/2022", "End": "3/2/2025", "GlobalID": "{47805B8F-E2E1-4445-914A-4A764677E264}", "القطاع": "القطاع الثالث", "Depth": 1.6899999999999977, "GL": 178.27, "IL": 176.58, "نوع_المطبق": "مربع", "dimention": "2 X 2 m", "Fault_statement": null}, "geometry": {"type": "Point", "coordinates": [31.559069109850796, 30.278240162000007, 0.0]}}, {"type": "Feature", "properties": {"ID": "MH-A-56-3", "Easting": "031° 33' 28.1\" E", "Northing": "30° 16' 38.52\" N", "الشركة_المنفذة": "التوحيد", "Start": "1/3/2022", "End": "3/2/2025", "GlobalID": "{7E4A46C3-1D98-4B1E-B9F5-0702709E1C12}", "القطاع": "القطاع الثالث", "Depth": 1.7900000000000205, "GL": 178.27, "IL": 176.48, "نوع_المطبق": "مربع", "dimention": "2 X 2 m", "Fault_statement": null}, "geometry": {"type": "Point", "coordinates": [31.55948261976482, 30.27753236727722, 0.0]}}, {"type": "Feature", "properties": {"ID": "MH-A-56-1", "Easting": "031° 33' 26.47\" E", "Northing": "30° 16' 40.08\" N", "الشركة_المنفذة": "التوحيد", "Start": "1/3/2022", "End": "3/2/2025", "GlobalID": "{896DD517-43BE-4136-9FF3-8F54FD3EF0C8}", "القطاع": "القطاع الثالث", "Depth": 2.019999999999982, "GL": 178.29, "IL": 176.27, "نوع_المطبق": "مربع", "dimention": "2 X 2 m", "Fault_statement": null}, "geometry": {"type": "Point", "coordinates": [31.559029355530015, 30.277967115191416, 0.0]}}, {"type": "Feature", "properties": {"ID": "MH-A-56", "Easting": "031° 33' 25.97\" E", "Northing": "30° 16' 40.58\" N", "الشركة_المنفذة": "التوحيد", "Start": "1/3/2022", "End": "3/2/2025", "GlobalID": "{8BF6EC57-32C5-456E-B46D-2EFD0B7B9CCE}", "القطاع": "القطاع الثالث", "Depth": 2.009999999999991, "GL": 178.16, "IL": 176.15, "نوع_المطبق": "مربع", "dimention": "2 X 2 m", "Fault_statement": null}, "geometry": {"type": "Point", "coordinates": [31.55889169592018, 30.27810568754364, 0.0]}}, {"type": "Feature", "properties": {"ID": "MH-A-55", "Easting": "031° 33' 25.37\" E", "Northing": "30° 16' 40.11\" N", "الشركة_المنفذة": "التوحيد", "Start": "1/3/2022", "End": "3/2/2025", "GlobalID": "{FAE5CB62-5384-4975-91FA-1378117F3471}", "القطاع": "القطاع الثالث", "Depth": 1.8100000000000023, "GL": 177.9, "IL": 176.09, "نوع_المطبق": "مربع", "dimention": "2 X 2 m", "Fault_statement": null}, "geometry": {"type": "Point", "coordinates": [31.558725429102925, 30.277975455463505, 0.0]}}, {"type": "Feature", "properties": {"ID": "MH-A-54", "Easting": "031° 33' 24.27\" E", "Northing": "30° 16' 39.24\" N", "الشركة_المنفذة": "التوحيد", "Start": "1/3/2022", "End": "3/2/2025", "GlobalID": "{FD83EF9C-E255-40E8-9D1B-F3820DDD481E}", "القطاع": "القطاع الثالث", "Depth": 1.6599999999999966, "GL": 177.64, "IL": 175.98, "نوع_المطبق": "مربع", "dimention": "2 X 2 m", "Fault_statement": null}, "geometry": {"type": "Point", "coordinates": [31.558417823714183, 30.277731961984948, 0.0]}}, {"type": "Feature", "properties": {"ID": "MH-A-53-4", "Easting": "031° 33' 25.78\" E", "Northing": "30° 16' 35.67\" N", "الشركة_المنفذة": "التوحيد", "Start": "1/3/2022", "End": "3/2/2025", "GlobalID": "{23F6AD43-DCF7-49E4-B706-05DDD45B5C1E}", "القطاع": "القطاع الثالث", "Depth": 1.5, "GL": 177.42, "IL": 175.92, "نوع_المطبق": "مربع", "dimention": "2 X 2 m", "Fault_statement": null}, "geometry": {"type": "Point", "coordinates": [31.55883759602679, 30.276742546225538, 0.0]}}, {"type": "Feature", "properties": {"ID": "MH-A-53-3", "Easting": "031° 33' 25.17\" E", "Northing": "30° 16' 36.25\" N", "الشركة_المنفذة": "التوحيد", "Start": "1/3/2022", "End": "3/2/2025", "GlobalID": "{7142997C-B05A-47C6-9D20-E9EB305EC5CC}", "القطاع": "القطاع الثالث", "Depth": 1.75, "GL": 177.6, "IL": 175.85, "نوع_المطبق": "مربع", "dimention": "2 X 2 m", "Fault_statement": null}, "geometry": {"type": "Point", "coordinates": [31.558668728666472, 30.276902945492765, 0.0]}}, {"type": "Feature", "properties": {"ID": "MH-A-53-2", "Easting": "031° 33' 24.42\" E", "Northing": "30° 16' 36.97\" N", "الشركة_المنفذة": "التوحيد", "Start": "1/3/2022", "End": "3/2/2025", "GlobalID": "{1CEAF3D2-FEAD-484A-8283-B661BB5921F2}", "القطاع": "القطاع الثالث", "Depth": 1.8499999999999943, "GL": 177.6, "IL": 175.75, "نوع_المطبق": "مربع", "dimention": "2 X 2 m", "Fault_statement": null}, "geometry": {"type": "Point", "coordinates": [31.558459514182925, 30.277103585146072, 0.0]}}, {"type": "Feature", "properties": {"ID": "MH-A-53-1", "Easting": "031° 33' 23.41\" E", "Northing": "30° 16' 37.94\" N", "الشركة_المنفذة": "التوحيد", "Start": "1/3/2022", "End": "3/2/2025", "GlobalID": "{2FBCD53D-6354-41BA-A268-AC0200139ECC}", "القطاع": "القطاع الثالث", "Depth": 1.990000000000009, "GL": 177.61, "IL": 175.62, "نوع_المطبق": "مربع", "dimention": "2 X 2 m", "Fault_statement": null}, "geometry": {"type": "Point", "coordinates": [31.55818059919219, 30.277371135275764, 0.0]}}, {"type": "Feature", "properties": {"ID": "MH-A-53", "Easting": "031° 33' 23.03\" E", "Northing": "30° 16' 38.26\" N", "الشركة_المنفذة": "التوحيد", "Start": "1/3/2022", "End": "3/2/2025", "GlobalID": "{A6DD84AC-E126-4997-B78A-676468C32D90}", "القطاع": "القطاع الثالث", "Depth": 1.9699999999999989, "GL": 177.49, "IL": 175.52, "نوع_المطبق": "مربع", "dimention": "2 X 2 m", "Fault_statement": null}, "geometry": {"type": "Point", "coordinates": [31.558073863072728, 30.2774601359532, 0.0]}}, {"type": "Feature", "properties": {"ID": "MH-A-52", "Easting": "031° 33' 21.66\" E", "Northing": "30° 16' 37.18\" N", "الشركة_المنفذة": "التوحيد", "Start": "1/3/2022", "End": "3/2/2025", "GlobalID": "{76BC0136-42F8-4BF1-88C5-FCA84A12132E}", "القطاع": "القطاع الثالث", "Depth": 1.9599999999999795, "GL": 177.29, "IL": 175.33, "نوع_المطبق": "مربع", "dimention": "2 X 2 m", "Fault_statement": null}, "geometry": {"type": "Point", "coordinates": [31.55769298611103, 30.277159530241633, 0.0]}}, {"type": "Feature", "properties": {"ID": "MH-A-51", "Easting": "031° 33' 20.94\" E", "Northing": "30° 16' 36.61\" N", "الشركة_المنفذة": "التوحيد", "Start": "1/3/2022", "End": "3/2/2025", "GlobalID": "{D5D4B932-B89C-4D61-86F8-5CC7FDEF622C}", "القطاع": "القطاع الثالث", "Depth": 1.8300000000000125, "GL": 177.11, "IL": 175.28, "نوع_المطبق": "مربع", "dimention": "2 X 2 m", "Fault_statement": null}, "geometry": {"type": "Point", "coordinates": [31.557492388835364, 30.27700176063339, 0.0]}}, {"type": "Feature", "properties": {"ID": "MH-A-50-4", "Easting": "031° 33' 22.86\" E", "Northing": "30° 16' 33.39\" N", "الشركة_المنفذة": "التوحيد", "Start": "1/3/2022", "End": "3/2/2025", "GlobalID": "{CABD6103-FF9B-4A76-8097-469A6CB0A447}", "القطاع": "القطاع الثالث", "Depth": 1.5, "GL": 176.79, "IL": 175.29, "نوع_المطبق": "مربع", "dimention": "2 X 2 m", "Fault_statement": null}, "geometry": {"type": "Point", "coordinates": [31.558027912626546, 30.276109145999165, 0.0]}}, {"type": "Feature", "properties": {"ID": "MH-A-50-3", "Easting": "031° 33' 22.24\" E", "Northing": "30° 16' 33.98\" N", "الشركة_المنفذة": "التوحيد", "Start": "1/3/2022", "End": "3/2/2025", "GlobalID": "{9AEA121C-54F8-4921-B354-B73EF47EA6BB}", "القطاع": "القطاع الثالث", "Depth": 1.7199999999999989, "GL": 176.93, "IL": 175.21, "نوع_المطبق": "مربع", "dimention": "2 X 2 m", "Fault_statement": null}, "geometry": {"type": "Point", "coordinates": [31.5578550246862, 30.276271690165874, 0.0]}}, {"type": "Feature", "properties": {"ID": "MH-A-50-2", "Easting": "031° 33' 21.49\" E", "Northing": "30° 16' 34.7\" N", "الشركة_المنفذة": "التوحيد", "Start": "1/3/2022", "End": "3/2/2025", "GlobalID": "{78A7D365-A221-4D6F-9C07-20930545B6F6}", "القطاع": "القطاع الثالث", "Depth": 1.8199999999999932, "GL": 176.93, "IL": 175.11, "نوع_المطبق": "مربع", "dimention": "2 X 2 m", "Fault_statement": null}, "geometry": {"type": "Point", "coordinates": [31.55764568666038, 30.27647223164526, 0.0]}}, {"type": "Feature", "properties": {"ID": "MH-A-50-1", "Easting": "031° 33' 20.73\" E", "Northing": "30° 16' 35.42\" N", "الشركة_المنفذة": "التوحيد", "Start": "1/3/2022", "End": "3/2/2025", "GlobalID": "{DF94FD77-63B0-48DE-BBB6-C15A2764D6A2}", "القطاع": "القطاع الثالث", "Depth": 1.9099999999999966, "GL": 176.93, "IL": 175.02, "نوع_المطبق": "مربع", "dimention": "2 X 2 m", "Fault_statement": null}, "geometry": {"type": "Point", "coordinates": [31.55743570889337, 30.27667226856178, 0.0]}}, {"type": "Feature", "properties": {"ID": "MH-A-50", "Easting": "031° 33' 20.15\" E", "Northing": "30° 16' 35.99\" N", "الشركة_المنفذة": "التوحيد", "Start": "1/3/2022", "End": "3/2/2025", "GlobalID": "{9D4F0E06-A38B-4A62-8907-A28D06EE9B0C}", "القطاع": "القطاع الثالث", "Depth": 2.009999999999991, "GL": 176.85, "IL": 174.84, "نوع_المطبق": "مربع", "dimention": "2 X 2 m", "Fault_statement": null}, "geometry": {"type": "Point", "coordinates": [31.557273864058672, 30.276830664330276, 0.0]}}, {"type": "Feature", "properties": {"ID": "MH-A-49", "Easting": "031° 33' 18.72\" E", "Northing": "30° 16' 34.86\" N", "الشركة_المنفذة": "التوحيد", "Start": "1/3/2022", "End": "3/2/2025", "GlobalID": "{7E01A52C-9562-4F6C-82A6-3B5577848BAC}", "القطاع": "القطاع الثالث", "Depth": 2.3100000000000023, "GL": 176.53, "IL": 174.22, "نوع_المطبق": "مربع", "dimention": "2 X 2 m", "Fault_statement": null}, "geometry": {"type": "Point", "coordinates": [31.55687680563327, 30.276516704332348, 0.0]}}, {"type": "Feature", "properties": {"ID": "MH-A-48", "Easting": "031° 33' 18.16\" E", "Northing": "30° 16' 34.43\" N", "الشركة_المنفذة": "التوحيد", "Start": "1/3/2022", "End": "3/2/2025", "GlobalID": "{9ACF001F-5E32-412B-B279-72AA43FA13F1}", "القطاع": "القطاع الثالث", "Depth": 2.2700000000000102, "GL": 176.25, "IL": 173.98, "نوع_المطبق": "مربع", "dimention": "2 X 2 m", "Fault_statement": null}, "geometry": {"type": "Point", "coordinates": [31.556721655391588, 30.27639665160042, 0.0]}}, {"type": "Feature", "properties": {"ID": "MH-A-47", "Easting": "031° 33' 19.0\" E", "Northing": "30° 16' 33.56\" N", "الشركة_المنفذة": "التوحيد", "Start": "1/3/2022", "End": "3/2/2025", "GlobalID": "{B482A83B-ADC9-48B5-8961-A92E09E2188E}", "القطاع": "القطاع الثالث", "Depth": 2.0999999999999943, "GL": 175.66, "IL": 173.56, "نوع_المطبق": "مربع", "dimention": "2 X 2 m", "Fault_statement": null}, "geometry": {"type": "Point", "coordinates": [31.556955230241584, 30.276154630097757, 0.0]}}, {"type": "Feature", "properties": {"ID": "MH-A-46", "Easting": "031° 33' 20.01\" E", "Northing": "30° 16' 32.59\" N", "الشركة_المنفذة": "التوحيد", "Start": "1/3/2022", "End": "3/2/2025", "GlobalID": "{CFCD2535-D5AA-4AF0-A198-8D671BCF96F0}", "القطاع": "القطاع الثالث", "Depth": 2.030000000000001, "GL": 175.11, "IL": 173.08, "نوع_المطبق": "مربع", "dimention": "2 X 2 m", "Fault_statement": null}, "geometry": {"type": "Point", "coordinates": [31.55723434335776, 30.27588683452845, 0.0]}}, {"type": "Feature", "properties": {"ID": "MH-A-45", "Easting": "031° 33' 21.14\" E", "Northing": "30° 16' 31.51\" N", "الشركة_المنفذة": "التوحيد", "Start": "1/3/2022", "End": "3/2/2025", "GlobalID": "{5A6D497B-1F50-4586-93FD-5A7AF071C369}", "القطاع": "القطاع الثالث", "Depth": 1.950000000000017, "GL": 174.49, "IL": 172.54, "نوع_المطبق": "مربع", "dimention": "2 X 2 m", "Fault_statement": null}, "geometry": {"type": "Point", "coordinates": [31.557549173049726, 30.275586651082204, 0.0]}}, {"type": "Feature", "properties": {"ID": "MH-A-44", "Easting": "031° 33' 22.35\" E", "Northing": "30° 16' 30.36\" N", "الشركة_المنفذة": "التوحيد", "Start": "1/3/2022", "End": "3/2/2025", "GlobalID": "{EE9A1A78-E0CF-472B-A6B2-483A9CBC353B}", "القطاع": "القطاع الثالث", "Depth": 1.8599999999999852, "GL": 173.82, "IL": 171.96, "نوع_المطبق": "مربع", "dimention": "2 X 2 m", "Fault_statement": null}, "geometry": {"type": "Point", "coordinates": [31.55788432623917, 30.27526645788481, 0.0]}}, {"type": "Feature", "properties": {"ID": "MH-A-43", "Easting": "031° 33' 23.4\" E", "Northing": "30° 16' 29.35\" N", "الشركة_المنفذة": "التوحيد", "Start": "1/3/2022", "End": "3/2/2025", "GlobalID": "{1D6B0453-FBD9-464F-9CFE-0A784B8283B8}", "القطاع": "القطاع الثالث", "Depth": 1.7699999999999818, "GL": 173.23, "IL": 171.46, "نوع_المطبق": "مربع", "dimention": "2 X 2 m", "Fault_statement": null}, "geometry": {"type": "Point", "coordinates": [31.55817678995808, 30.27498522079448, 0.0]}}, {"type": "Feature", "properties": {"ID": "MH-A-42", "Easting": "031° 33' 24.45\" E", "Northing": "30° 16' 28.34\" N", "الشركة_المنفذة": "التوحيد", "Start": "1/3/2022", "End": "3/2/2025", "GlobalID": "{AC23E79F-0574-4D28-8991-2307D1EC6E51}", "القطاع": "القطاع الثالث", "Depth": 1.6899999999999977, "GL": 172.65, "IL": 170.96, "نوع_المطبق": "مربع", "dimention": "2 X 2 m", "Fault_statement": null}, "geometry": {"type": "Point", "coordinates": [31.558469711349545, 30.274704347333383, 0.0]}}, {"type": "Feature", "properties": {"ID": "MH-A-41-2-a-3", "Easting": "031° 33' 28.77\" E", "Northing": "30° 16' 26.28\" N", "الشركة_المنفذة": "التوحيد", "Start": "1/3/2022", "End": "3/2/2025", "GlobalID": "{FFE40183-7340-4FF0-A1F3-97E010493F81}", "القطاع": "القطاع الثالث", "Depth": 1.5, "GL": 172.68, "IL": 171.18, "نوع_المطبق": "مربع", "dimention": "2 X 2 m", "Fault_statement": null}, "geometry": {"type": "Point", "coordinates": [31.55966836725508, 30.27413261852108, 0.0]}}, {"type": "Feature", "properties": {"ID": "MH-A-41-2-a-2", "Easting": "031° 33' 28.16\" E", "Northing": "30° 16' 26.85\" N", "الشركة_المنفذة": "التوحيد", "Start": "1/3/2022", "End": "3/2/2025", "GlobalID": "{20A80FBE-A9A2-418A-AEB0-A1C84DFC5333}", "القطاع": "القطاع الثالث", "Depth": 1.5800000000000125, "GL": 172.68, "IL": 171.1, "نوع_المطبق": "مربع", "dimention": "2 X 2 m", "Fault_statement": null}, "geometry": {"type": "Point", "coordinates": [31.559499482862556, 30.27429192927883, 0.0]}}, {"type": "Feature", "properties": {"ID": "MH-A-41-2-a-1", "Easting": "031° 33' 27.5\" E", "Northing": "30° 16' 27.47\" N", "الشركة_المنفذة": "التوحيد", "Start": "1/3/2022", "End": "3/2/2025", "GlobalID": "{8133B1BF-211B-4A94-BD27-F2FF9043259A}", "القطاع": "القطاع الثالث", "Depth": 1.670000000000016, "GL": 172.68, "IL": 171.01, "نوع_المطبق": "مربع", "dimention": "2 X 2 m", "Fault_statement": null}, "geometry": {"type": "Point", "coordinates": [31.55931652449709, 30.2744645147871, 0.0]}}, {"type": "Feature", "properties": {"ID": "MH-A-41-2-a", "Easting": "031° 33' 26.75\" E", "Northing": "30° 16' 28.19\" N", "الشركة_المنفذة": "التوحيد", "Start": "1/3/2022", "End": "3/2/2025", "GlobalID": "{974013E1-6E0E-4F2F-AC84-A5D1F1779E19}", "القطاع": "القطاع الثالث", "Depth": 1.7600000000000193, "GL": 172.68, "IL": 170.92, "نوع_المطبق": "مربع", "dimention": "2 X 2 m", "Fault_statement": null}, "geometry": {"type": "Point", "coordinates": [31.5591080127394, 30.274664052006578, 0.0]}}, {"type": "Feature", "properties": {"ID": "MH-A-41-2-8", "Easting": "031° 33' 34.2\" E", "Northing": "30° 16' 34.71\" N", "الشركة_المنفذة": "التوحيد", "Start": "1/3/2022", "End": "3/2/2025", "GlobalID": "{FBC67CDE-D064-4796-9DE9-319684EE59CC}", "القطاع": "القطاع الثالث", "Depth": 1.539999999999992, "GL": 174.06, "IL": 172.52, "نوع_المطبق": "مربع", "dimention": "2 X 2 m", "Fault_statement": null}, "geometry": {"type": "Point", "coordinates": [31.5611778034814, 30.276474014203647, 0.0]}}, {"type": "Feature", "properties": {"ID": "MH-A-41-2-7-3", "Easting": "031° 33' 30.61\" E", "Northing": "30° 16' 36.16\" N", "الشركة_المنفذة": "التوحيد", "Start": "1/3/2022", "End": "3/2/2025", "GlobalID": "{E78066CF-66B2-4534-B433-AD1DEC2188EC}", "القطاع": "القطاع الثالث", "Depth": 1.6499999999999773, "GL": 176.48, "IL": 174.83, "نوع_المطبق": "مربع", "dimention": "2 X 2 m", "Fault_statement": null}, "geometry": {"type": "Point", "coordinates": [31.560180402203947, 30.276877138809812, 0.0]}}, {"type": "Feature", "properties": {"ID": "MH-A-41-2-7-2", "Easting": "031° 33' 31.34\" E", "Northing": "30° 16' 35.46\" N", "الشركة_المنفذة": "التوحيد", "Start": "1/3/2022", "End": "3/2/2025", "GlobalID": "{34B2B587-E5D8-489B-915B-4A7096389EF8}", "القطاع": "القطاع الثالث", "Depth": 1.5, "GL": 175.6, "IL": 174.1, "نوع_المطبق": "مربع", "dimention": "2 X 2 m", "Fault_statement": null}, "geometry": {"type": "Point", "coordinates": [31.56038357730436, 30.276682506396885, 0.0]}}, {"type": "Feature", "properties": {"ID": "MH-A-41-2-7-1", "Easting": "031° 33' 32.07\" E", "Northing": "30° 16' 34.78\" N", "الشركة_المنفذة": "التوحيد", "Start": "1/3/2022", "End": "3/2/2025", "GlobalID": "{DDB5B3E6-C0E9-4A41-915E-78CC7FE3F8C5}", "القطاع": "القطاع الثالث", "Depth": 1.5100000000000193, "GL": 174.9, "IL": 173.39, "نوع_المطبق": "مربع", "dimention": "2 X 2 m", "Fault_statement": null}, "geometry": {"type": "Point", "coordinates": [31.56058504241529, 30.27649326257054, 0.0]}}, {"type": "Feature", "properties": {"ID": "MH-A-41-2-7", "Easting": "031° 33' 33.08\" E", "Northing": "30° 16' 33.82\" N", "الشركة_المنفذة": "التوحيد", "Start": "1/3/2022", "End": "3/2/2025", "GlobalID": "{EAA643BD-549B-4900-9BFC-9C4D55FF08A6}", "القطاع": "القطاع الثالث", "Depth": 1.539999999999992, "GL": 173.89, "IL": 172.35, "نوع_المطبق": "مربع", "dimention": "2 X 2 m", "Fault_statement": null}, "geometry": {"type": "Point", "coordinates": [31.560865918344945, 30.27622708450914, 0.0]}}, {"type": "Feature", "properties": {"ID": "MH-A-41-2-6", "Easting": "031° 33' 32.4\" E", "Northing": "30° 16' 33.28\" N", "الشركة_المنفذة": "التوحيد", "Start": "1/3/2022", "End": "3/2/2025", "GlobalID": "{087D4B54-2FBA-44B1-A656-9C5AC02AFC23}", "القطاع": "القطاع الثالث", "Depth": 1.8000000000000114, "GL": 173.72, "IL": 171.92, "نوع_المطبق": "مربع", "dimention": "2 X 2 m", "Fault_statement": null}, "geometry": {"type": "Point", "coordinates": [31.56067747321717, 30.276078066342453, 0.0]}}, {"type": "Feature", "properties": {"ID": "MH-A-41-2-5", "Easting": "031° 33' 31.25\" E", "Northing": "30° 16' 32.38\" N", "الشركة_المنفذة": "التوحيد", "Start": "1/3/2022", "End": "3/2/2025", "GlobalID": "{4C42E62A-2FE2-4856-A88B-D995B74E745C}", "القطاع": "القطاع الثالث", "Depth": 1.8499999999999943, "GL": 173.56, "IL": 171.71, "نوع_المطبق": "مربع", "dimention": "2 X 2 m", "Fault_statement": null}, "geometry": {"type": "Point", "coordinates": [31.560358344195688, 30.275826647136103, 0.0]}}, {"type": "Feature", "properties": {"ID": "MH-A-41-2-4a-3", "Easting": "031° 33' 27.69\" E", "Northing": "30° 16' 33.86\" N", "الشركة_المنفذة": "التوحيد", "Start": "1/3/2022", "End": "3/2/2025", "GlobalID": "{0BD4C9E6-21C4-4142-9CA2-3383847E5500}", "القطاع": "القطاع الثالث", "Depth": 1.5, "GL": 175.73, "IL": 174.23, "نوع_المطبق": "مربع", "dimention": "2 X 2 m", "Fault_statement": null}, "geometry": {"type": "Point", "coordinates": [31.559369893410185, 30.27623953435112, 0.0]}}, {"type": "Feature", "properties": {"ID": "MH-A-41-2-4a", "Easting": "031° 33' 29.77\" E", "Northing": "30° 16' 31.86\" N", "الشركة_المنفذة": "التوحيد", "Start": "1/3/2022", "End": "3/2/2025", "GlobalID": "{95AC710C-5426-4F04-AEEE-FE784345D520}", "القطاع": "القطاع الثالث", "Depth": 1.5, "GL": 173.72, "IL": 172.22, "نوع_المطبق": "مربع", "dimention": "2 X 2 m", "Fault_statement": null}, "geometry": {"type": "Point", "coordinates": [31.55994668126195, 30.27568336957397, 0.0]}}, {"type": "Feature", "properties": {"ID": "MH-A-41-2-4", "Easting": "031° 33' 30.17\" E", "Northing": "30° 16' 31.51\" N", "الشركة_المنفذة": "التوحيد", "Start": "1/3/2022", "End": "3/2/2025", "GlobalID": "{F84A33E4-C300-41BF-B644-31B6576DD4B8}", "القطاع": "القطاع الثالث", "Depth": 1.8900000000000148, "GL": 173.36, "IL": 171.47, "نوع_المطبق": "مربع", "dimention": "2 X 2 m", "Fault_statement": null}, "geometry": {"type": "Point", "coordinates": [31.560056422923925, 30.275586928917, 0.0]}}, {"type": "Feature", "properties": {"ID": "MH-A-41-2-3-4", "Easting": "031° 33' 31.77\" E", "Northing": "30° 16' 28.65\" N", "الشركة_المنفذة": "التوحيد", "Start": "1/3/2022", "End": "3/2/2025", "GlobalID": "{A813003C-778F-4334-A1A9-CA067357345D}", "القطاع": "القطاع الثالث", "Depth": 1.5, "GL": 173.19, "IL": 171.69, "نوع_المطبق": "مربع", "dimention": "2 X 2 m", "Fault_statement": null}, "geometry": {"type": "Point", "coordinates": [31.560503002037837, 30.274790995247525, 0.0]}}, {"type": "Feature", "properties": {"ID": "MH-A-41-2-3-3", "Easting": "031° 33' 31.17\" E", "Northing": "30° 16' 29.22\" N", "الشركة_المنفذة": "التوحيد", "Start": "1/3/2022", "End": "3/2/2025", "GlobalID": "{931DB905-50E9-4D3E-BC66-6B79C5950497}", "القطاع": "القطاع الثالث", "Depth": 1.579999999999984, "GL": 173.2, "IL": 171.62, "نوع_المطبق": "مربع", "dimention": "2 X 2 m", "Fault_statement": null}, "geometry": {"type": "Point", "coordinates": [31.56033411790179, 30.274950307063083, 0.0]}}, {"type": "Feature", "properties": {"ID": "MH-A-41-2-3-2", "Easting": "031° 33' 30.51\" E", "Northing": "30° 16' 29.84\" N", "الشركة_المنفذة": "التوحيد", "Start": "1/3/2022", "End": "3/2/2025", "GlobalID": "{5D3BEDF3-5135-4DDE-8EF9-FFBD47F329F4}", "القطاع": "القطاع الثالث", "Depth": 1.6800000000000068, "GL": 173.21, "IL": 171.53, "نوع_المطبق": "مربع", "dimention": "2 X 2 m", "Fault_statement": null}, "geometry": {"type": "Point", "coordinates": [31.560151159814165, 30.27512289371734, 0.0]}}, {"type": "Feature", "properties": {"ID": "MH-A-41-2-3-1", "Easting": "031° 33' 29.75\" E", "Northing": "30° 16' 30.56\" N", "الشركة_المنفذة": "التوحيد", "Start": "1/3/2022", "End": "3/2/2025", "GlobalID": "{60BB93EA-46BA-4154-A6CA-9D356921222B}", "القطاع": "القطاع الثالث", "Depth": 1.789999999999992, "GL": 173.22, "IL": 171.43, "نوع_المطبق": "مربع", "dimention": "2 X 2 m", "Fault_statement": null}, "geometry": {"type": "Point", "coordinates": [31.5599416994776, 30.275323338337646, 0.0]}}, {"type": "Feature", "properties": {"ID": "MH-A-41-2-3", "Easting": "031° 33' 29.39\" E", "Northing": "30° 16' 30.9\" N", "الشركة_المنفذة": "التوحيد", "Start": "1/3/2022", "End": "3/2/2025", "GlobalID": "{C7D34B61-AC0F-45A7-A00A-6ACA6DDFB581}", "القطاع": "القطاع الثالث", "Depth": 1.8699999999999761, "GL": 173.2, "IL": 171.33, "نوع_المطبق": "مربع", "dimention": "2 X 2 m", "Fault_statement": null}, "geometry": {"type": "Point", "coordinates": [31.55984211968708, 30.275417148458178, 0.0]}}, {"type": "Feature", "properties": {"ID": "MH-A-41-2-2", "Easting": "031° 33' 28.33\" E", "Northing": "30° 16' 30.07\" N", "الشركة_المنفذة": "التوحيد", "Start": "1/3/2022", "End": "3/2/2025", "GlobalID": "{A646A645-B8E7-47C8-A2A9-94C94CE841A7}", "القطاع": "القطاع الثالث", "Depth": 1.8900000000000148, "GL": 173.03, "IL": 171.14, "نوع_المطبق": "مربع", "dimention": "2 X 2 m", "Fault_statement": null}, "geometry": {"type": "Point", "coordinates": [31.559546497081563, 30.2751862782476, 0.0]}}, {"type": "Feature", "properties": {"ID": "MH-A-41-2-1-a-1", "Easting": "031° 33' 25.47\" E", "Northing": "30° 16' 30.9\" N", "الشركة_المنفذة": "التوحيد", "Start": "1/3/2022", "End": "3/2/2025", "GlobalID": "{43058AF6-FCEB-466E-B6E1-C56C8DDAC18C}", "القطاع": "القطاع الثالث", "Depth": 1.5, "GL": 174.32, "IL": 172.82, "نوع_المطبق": "مربع", "dimention": "2 X 2 m", "Fault_statement": null}, "geometry": {"type": "Point", "coordinates": [31.558750939911434, 30.275415865000927, 0.0]}}, {"type": "Feature", "properties": {"ID": "MH-A-41-2-1-a", "Easting": "031° 33' 26.23\" E", "Northing": "30° 16' 30.16\" N", "الشركة_المنفذة": "التوحيد", "Start": "1/3/2022", "End": "3/2/2025", "GlobalID": "{76D4E73A-5449-40D3-B38C-731F0CFF6357}", "القطاع": "القطاع الثالث", "Depth": 1.7299999999999898, "GL": 174.0, "IL": 172.27, "نوع_المطبق": "مربع", "dimention": "2 X 2 m", "Fault_statement": null}, "geometry": {"type": "Point", "coordinates": [31.558963565325943, 30.275211917866976, 0.0]}}, {"type": "Feature", "properties": {"ID": "MH-A-41-2-1", "Easting": "031° 33' 27.24\" E", "Northing": "30° 16' 29.21\" N", "الشركة_المنفذة": "التوحيد", "Start": "1/3/2022", "End": "3/2/2025", "GlobalID": "{1070BD3F-60DA-4683-996D-9517CB166CFD}", "القطاع": "القطاع الثالث", "Depth": 1.9000000000000057, "GL": 172.84, "IL": 170.94, "نوع_المطبق": "مربع", "dimention": "2 X 2 m", "Fault_statement": null}, "geometry": {"type": "Point", "coordinates": [31.559244654480626, 30.27494801185937, 0.0]}}, {"type": "Feature", "properties": {"ID": "MH-A-41-2", "Easting": "031° 33' 26.4\" E", "Northing": "30° 16' 28.54\" N", "الشركة_المنفذة": "التوحيد", "Start": "1/3/2022", "End": "3/2/2025", "GlobalID": "{D63B0283-6BDE-45B0-A81F-A9FFD92548FD}", "القطاع": "القطاع الثالث", "Depth": 1.9299999999999784, "GL": 172.67, "IL": 170.74, "نوع_المطبق": "مربع", "dimention": "2 X 2 m", "Fault_statement": null}, "geometry": {"type": "Point", "coordinates": [31.55901027819833, 30.274761106407585, 0.0]}}, {"type": "Feature", "properties": {"ID": "MH-A-41", "Easting": "031° 33' 25.22\" E", "Northing": "30° 16' 27.61\" N", "الشركة_المنفذة": "التوحيد", "Start": "1/3/2022", "End": "3/2/2025", "GlobalID": "{5EDB1077-BCEF-48EB-978C-38B74B0BF119}", "القطاع": "القطاع الثالث", "Depth": 2.0500000000000114, "GL": 172.47, "IL": 170.42, "نوع_المطبق": "مربع", "dimention": "2 X 2 m", "Fault_statement": null}, "geometry": {"type": "Point", "coordinates": [31.55868244384658, 30.274502224118546, 0.0]}}, {"type": "Feature", "properties": {"ID": "MH-A-40", "Easting": "031° 33' 24.6\" E", "Northing": "30° 16' 27.12\" N", "الشركة_المنفذة": "التوحيد", "Start": "1/3/2022", "End": "3/2/2025", "GlobalID": "{FE21EE21-8AD2-4ABF-AFFA-B0B434BCDA22}", "القطاع": "القطاع الثالث", "Depth": 1.960000000000008, "GL": 172.27, "IL": 170.31, "نوع_المطبق": "مربع", "dimention": "2 X 2 m", "Fault_statement": null}, "geometry": {"type": "Point", "coordinates": [31.558511319500088, 30.274366443117593, 0.0]}}, {"type": "Feature", "properties": {"ID": "MH-A-39-b-3", "Easting": "031° 33' 20.91\" E", "Northing": "30° 16' 28.39\" N", "الشركة_المنفذة": "التوحيد", "Start": "1/3/2022", "End": "3/2/2025", "GlobalID": "{238D3CE3-CA44-4BEC-B83A-F03C625D3D2D}", "القطاع": "القطاع الثالث", "Depth": 1.3000000000000114, "GL": 173.47, "IL": 172.17, "نوع_المطبق": "مربع", "dimention": "2 X 2 m", "Fault_statement": null}, "geometry": {"type": "Point", "coordinates": [31.557486621369044, 30.27472038122854, 0.0]}}, {"type": "Feature", "properties": {"ID": "MH-A-39-b-2", "Easting": "031° 33' 21.58\" E", "Northing": "30° 16' 27.78\" N", "الشركة_المنفذة": "التوحيد", "Start": "1/3/2022", "End": "3/2/2025", "GlobalID": "{6A977BE6-5AB0-48CC-95C4-35E4D8ECAF03}", "القطاع": "القطاع الثالث", "Depth": 1.5100000000000193, "GL": 173.08, "IL": 171.57, "نوع_المطبق": "مربع", "dimention": "2 X 2 m", "Fault_statement": null}, "geometry": {"type": "Point", "coordinates": [31.557670445781454, 30.274548489144742, 0.0]}}, {"type": "Feature", "properties": {"ID": "MH-A-39-b-1", "Easting": "031° 33' 22.18\" E", "Northing": "30° 16' 27.2\" N", "الشركة_المنفذة": "التوحيد", "Start": "1/3/2022", "End": "3/2/2025", "GlobalID": "{1BB30719-503D-4B77-BAF2-C2A8BED10787}", "القطاع": "القطاع الثالث", "Depth": 1.5, "GL": 172.73, "IL": 171.23, "نوع_المطبق": "مربع", "dimention": "2 X 2 m", "Fault_statement": null}, "geometry": {"type": "Point", "coordinates": [31.557838736464372, 30.27438870697073, 0.0]}}, {"type": "Feature", "properties": {"ID": "MH-A-39-b", "Easting": "031° 33' 22.93\" E", "Northing": "30° 16' 26.48\" N", "الشركة_المنفذة": "التوحيد", "Start": "1/3/2022", "End": "3/2/2025", "GlobalID": "{BA9E3749-BA99-43B7-870B-4A6634E8BE48}", "القطاع": "القطاع الثالث", "Depth": 1.5100000000000193, "GL": 172.3, "IL": 170.79, "نوع_المطبق": "مربع", "dimention": "2 X 2 m", "Fault_statement": null}, "geometry": {"type": "Point", "coordinates": [31.558047815035543, 30.274187966009446, 0.0]}}, {"type": "Feature", "properties": {"ID": "MH-A-39-a-3", "Easting": "031° 33' 25.77\" E", "Northing": "30° 16' 23.91\" N", "الشركة_المنفذة": "التوحيد", "Start": "1/3/2022", "End": "3/2/2025", "GlobalID": "{0BC0EC91-7870-4B30-B3A0-A49689222867}", "القطاع": "القطاع الثالث", "Depth": 1.5, "GL": 172.14, "IL": 170.64, "نوع_المطبق": "مربع", "dimention": "2 X 2 m", "Fault_statement": null}, "geometry": {"type": "Point", "coordinates": [31.558834105339905, 30.273473882929682, 0.0]}}, {"type": "Feature", "properties": {"ID": "MH-A-39-a-2", "Easting": "031° 33' 25.16\" E", "Northing": "30° 16' 24.48\" N", "الشركة_المنفذة": "التوحيد", "Start": "1/3/2022", "End": "3/2/2025", "GlobalID": "{7BE80F35-AD38-4436-B5DB-9BDCAA3DB67D}", "القطاع": "القطاع الثالث", "Depth": 1.579999999999984, "GL": 172.14, "IL": 170.56, "نوع_المطبق": "مربع", "dimention": "2 X 2 m", "Fault_statement": null}, "geometry": {"type": "Point", "coordinates": [31.55866522069216, 30.273633192630072, 0.0]}}, {"type": "Feature", "properties": {"ID": "MH-A-39-a-1", "Easting": "031° 33' 24.5\" E", "Northing": "30° 16' 25.1\" N", "الشركة_المنفذة": "التوحيد", "Start": "1/3/2022", "End": "3/2/2025", "GlobalID": "{532F3D9E-F776-4308-8EC0-735621718D00}", "القطاع": "القطاع الثالث", "Depth": 1.6699999999999875, "GL": 172.14, "IL": 170.47, "نوع_المطبق": "مربع", "dimention": "2 X 2 m", "Fault_statement": null}, "geometry": {"type": "Point", "coordinates": [31.558482262050212, 30.273805776992887, 0.0]}}, {"type": "Feature", "properties": {"ID": "MH-A-39-a", "Easting": "031° 33' 23.74\" E", "Northing": "30° 16' 25.82\" N", "الشركة_المنفذة": "التوحيد", "Start": "1/3/2022", "End": "3/2/2025", "GlobalID": "{7EFCDE74-A602-449F-A541-DCAA9559732B}", "القطاع": "القطاع الثالث", "Depth": 1.759999999999991, "GL": 172.14, "IL": 170.38, "نوع_المطبق": "مربع", "dimention": "2 X 2 m", "Fault_statement": null}, "geometry": {"type": "Point", "coordinates": [31.55827280103009, 30.274006218990973, 0.0]}}, {"type": "Feature", "properties": {"ID": "MH-A-39", "Easting": "031° 33' 23.34\" E", "Northing": "30° 16' 26.13\" N", "الشركة_المنفذة": "التوحيد", "Start": "1/3/2022", "End": "3/2/2025", "GlobalID": "{05746065-65A4-48A6-BD0F-069762D70E75}", "القطاع": "القطاع الثالث", "Depth": 1.9899999999999807, "GL": 172.07, "IL": 170.08, "نوع_المطبق": "مربع", "dimention": "2 X 2 m", "Fault_statement": null}, "geometry": {"type": "Point", "coordinates": [31.55815908001489, 30.274090704989582, 0.0]}}, {"type": "Feature", "properties": {"ID": "MH-A-38", "Easting": "031° 33' 21.9\" E", "Northing": "30° 16' 24.99\" N", "الشركة_المنفذة": "التوحيد", "Start": "1/3/2022", "End": "3/2/2025", "GlobalID": "{1F8FC236-CEA0-42CC-B064-95D506CA2B24}", "القطاع": "القطاع الثالث", "Depth": 2.0500000000000114, "GL": 171.87, "IL": 169.82, "نوع_المطبق": "مربع", "dimention": "2 X 2 m", "Fault_statement": null}, "geometry": {"type": "Point", "coordinates": [31.557759578758095, 30.273773685505695, 0.0]}}, {"type": "Feature", "properties": {"ID": "MH-A-37", "Easting": "031° 33' 21.06\" E", "Northing": "30° 16' 24.33\" N", "الشركة_المنفذة": "التوحيد", "Start": "1/3/2022", "End": "3/2/2025", "GlobalID": "{7099BE2D-94D9-40EB-BD78-091B80BD086A}", "القطاع": "القطاع الثالث", "Depth": 2.0500000000000114, "GL": 171.72, "IL": 169.67, "نوع_المطبق": "مربع", "dimention": "2 X 2 m", "Fault_statement": null}, "geometry": {"type": "Point", "coordinates": [31.557528138399864, 30.273592234829454, 0.0]}}, {"type": "Feature", "properties": {"ID": "MH-A-36-b-3", "Easting": "031° 33' 17.92\" E", "Northing": "30° 16' 26.12\" N", "الشركة_المنفذة": "التوحيد", "Start": "1/3/2022", "End": "3/2/2025", "GlobalID": "{CC9F2387-DBA1-4017-8183-7108819A38A9}", "القطاع": "القطاع الثالث", "Depth": 1.5800000000000125, "GL": 172.33, "IL": 170.75, "نوع_المطبق": "مربع", "dimention": "2 X 2 m", "Fault_statement": null}, "geometry": {"type": "Point", "coordinates": [31.556656107810426, 30.27408926164947, 0.0]}}, {"type": "Feature", "properties": {"ID": "MH-A-36-b-2", "Easting": "031° 33' 18.59\" E", "Northing": "30° 16' 25.51\" N", "الشركة_المنفذة": "التوحيد", "Start": "1/3/2022", "End": "3/2/2025", "GlobalID": "{867080BB-74D7-4B4E-A4DE-CE79A3A82F89}", "القطاع": "القطاع الثالث", "Depth": 1.5, "GL": 172.14, "IL": 170.64, "نوع_المطبق": "مربع", "dimention": "2 X 2 m", "Fault_statement": null}, "geometry": {"type": "Point", "coordinates": [31.556841980970198, 30.273919039815958, 0.0]}}, {"type": "Feature", "properties": {"ID": "MH-A-36-b-1", "Easting": "031° 33' 19.29\" E", "Northing": "30° 16' 24.87\" N", "الشركة_المنفذة": "التوحيد", "Start": "1/3/2022", "End": "3/2/2025", "GlobalID": "{527FAA15-3F91-4713-8440-6DA0027BA714}", "القطاع": "القطاع الثالث", "Depth": 1.4099999999999966, "GL": 171.94, "IL": 170.53, "نوع_المطبق": "مربع", "dimention": "2 X 2 m", "Fault_statement": null}, "geometry": {"type": "Point", "coordinates": [31.5570348140637, 30.273742113031226, 0.0]}}, {"type": "Feature", "properties": {"ID": "MH-A-36-b", "Easting": "031° 33' 20.04\" E", "Northing": "30° 16' 24.15\" N", "الشركة_المنفذة": "التوحيد", "Start": "1/3/2022", "End": "3/2/2025", "GlobalID": "{4508086C-396E-4882-A97D-D6E998A3D313}", "القطاع": "القطاع الثالث", "Depth": 1.3000000000000114, "GL": 171.71, "IL": 170.41, "نوع_المطبق": "مربع", "dimention": "2 X 2 m", "Fault_statement": null}, "geometry": {"type": "Point", "coordinates": [31.55724234595289, 30.27354016575255, 0.0]}}, {"type": "Feature", "properties": {"ID": "MH-A-36-a-3", "Easting": "031° 33' 22.84\" E", "Northing": "30° 16' 21.46\" N", "الشركة_المنفذة": "التوحيد", "Start": "1/3/2022", "End": "3/2/2025", "GlobalID": "{1503DBE7-9338-4E70-8AA2-558DA5E86C9F}", "القطاع": "القطاع الثالث", "Depth": 1.5, "GL": 171.64, "IL": 170.14, "نوع_المطبق": "مربع", "dimention": "2 X 2 m", "Fault_statement": null}, "geometry": {"type": "Point", "coordinates": [31.558020817059905, 30.272795416927522, 0.0]}}, {"type": "Feature", "properties": {"ID": "MH-A-36-a-2", "Easting": "031° 33' 22.2\" E", "Northing": "30° 16' 22.06\" N", "الشركة_المنفذة": "التوحيد", "Start": "1/3/2022", "End": "3/2/2025", "GlobalID": "{BF1157ED-3BA5-4F67-854D-2893FA1B7EDA}", "القطاع": "القطاع الثالث", "Depth": 1.5500000000000114, "GL": 171.61, "IL": 170.06, "نوع_المطبق": "مربع", "dimention": "2 X 2 m", "Fault_statement": null}, "geometry": {"type": "Point", "coordinates": [31.557844936223344, 30.27296139440049, 0.0]}}, {"type": "Feature", "properties": {"ID": "MH-A-36-a-1", "Easting": "031° 33' 21.52\" E", "Northing": "30° 16' 22.71\" N", "الشركة_المنفذة": "التوحيد", "Start": "1/3/2022", "End": "3/2/2025", "GlobalID": "{712A0871-C69F-49DA-B322-2EC75D11D72A}", "القطاع": "القطاع الثالث", "Depth": 1.6299999999999955, "GL": 171.6, "IL": 169.97, "نوع_المطبق": "مربع", "dimention": "2 X 2 m", "Fault_statement": null}, "geometry": {"type": "Point", "coordinates": [31.55765498343593, 30.273140651833625, 0.0]}}, {"type": "Feature", "properties": {"ID": "MH-A-36-a", "Easting": "031° 33' 20.79\" E", "Northing": "30° 16' 23.4\" N", "الشركة_المنفذة": "التوحيد", "Start": "1/3/2022", "End": "3/2/2025", "GlobalID": "{908BA609-EB76-4D57-8843-577E4302A900}", "القطاع": "القطاع الثالث", "Depth": 1.7299999999999898, "GL": 171.6, "IL": 169.87, "نوع_المطبق": "مربع", "dimention": "2 X 2 m", "Fault_statement": null}, "geometry": {"type": "Point", "coordinates": [31.557452488906588, 30.273334396812803, 0.0]}}, {"type": "Feature", "properties": {"ID": "MH-A-36", "Easting": "031° 33' 20.39\" E", "Northing": "30° 16' 23.8\" N", "الشركة_المنفذة": "التوحيد", "Start": "1/3/2022", "End": "3/2/2025", "GlobalID": "{936011EF-933C-4981-9AFD-266B8C6F42BD}", "القطاع": "القطاع الثالث", "Depth": 2.049999999999983, "GL": 171.6, "IL": 169.55, "نوع_المطبق": "مربع", "dimention": "2 X 2 m", "Fault_statement": null}, "geometry": {"type": "Point", "coordinates": [31.557339952946773, 30.27344435079551, 0.0]}}, {"type": "Feature", "properties": {"ID": "MH-A-35", "Easting": "031° 33' 18.71\" E", "Northing": "30° 16' 22.47\" N", "الشركة_المنفذة": "التوحيد", "Start": "1/3/2022", "End": "3/2/2025", "GlobalID": "{7411161C-2B4F-4B78-B202-88ECF988C9F3}", "القطاع": "القطاع الثالث", "Depth": 2.0500000000000114, "GL": 171.3, "IL": 169.25, "نوع_المطبق": "مربع", "dimention": "2 X 2 m", "Fault_statement": null}, "geometry": {"type": "Point", "coordinates": [31.556874228182142, 30.27307510196384, 0.0]}}, {"type": "Feature", "properties": {"ID": "MH-A-34", "Easting": "031° 33' 17.46\" E", "Northing": "30° 16' 21.5\" N", "الشركة_المنفذة": "التوحيد", "Start": "1/3/2022", "End": "3/2/2025", "GlobalID": "{E1687433-DF11-4E5C-B74E-7C8B229575FB}", "القطاع": "القطاع الثالث", "Depth": 2.0600000000000023, "GL": 171.08, "IL": 169.02, "نوع_المطبق": "مربع", "dimention": "2 X 2 m", "Fault_statement": null}, "geometry": {"type": "Point", "coordinates": [31.55652818666699, 30.272804351974244, 0.0]}}, {"type": "Feature", "properties": {"ID": "MH-A-33", "Easting": "031° 33' 16.38\" E", "Northing": "30° 16' 20.42\" N", "الشركة_المنفذة": "التوحيد", "Start": "1/3/2022", "End": "3/2/2025", "GlobalID": "{3C173DE4-0AC2-401B-8FAB-A89D9425DD63}", "القطاع": "القطاع الثالث", "Depth": 2.0600000000000023, "GL": 170.86, "IL": 168.8, "نوع_المطبق": "مربع", "dimention": "2 X 2 m", "Fault_statement": null}, "geometry": {"type": "Point", "coordinates": [31.556227356752984, 30.27250634616508, 0.0]}}, {"type": "Feature", "properties": {"ID": "MH-A-32", "Easting": "031° 33' 15.82\" E", "Northing": "30° 16' 19.33\" N", "الشركة_المنفذة": "التوحيد", "Start": "1/3/2022", "End": "3/2/2025", "GlobalID": "{BB636D50-898A-4446-9A67-F9FCBDFDD74F}", "القطاع": "القطاع الثالث", "Depth": 2.7600000000000193, "GL": 170.46, "IL": 167.7, "نوع_المطبق": "مربع", "dimention": "2 X 2 m", "Fault_statement": null}, "geometry": {"type": "Point", "coordinates": [31.556071173240483, 30.272202160799097, 0.0]}}, {"type": "Feature", "properties": {"ID": "MH-A-31", "Easting": "031° 33' 15.7\" E", "Northing": "30° 16' 18.03\" N", "الشركة_المنفذة": "التوحيد", "Start": "1/3/2022", "End": "3/2/2025", "GlobalID": "{51483116-537F-4B08-95A3-6DE1780D90A4}", "القطاع": "القطاع الثالث", "Depth": 2.4000000000000057, "GL": 170.87, "IL": 168.47, "نوع_المطبق": "مربع", "dimention": "2 X 2 m", "Fault_statement": null}, "geometry": {"type": "Point", "coordinates": [31.556037400167117, 30.27184172979564, 0.0]}}, {"type": "Feature", "properties": {"ID": "MH-A-30", "Easting": "031° 33' 16.04\" E", "Northing": "30° 16' 16.85\" N", "الشركة_المنفذة": "التوحيد", "Start": "1/3/2022", "End": "3/2/2025", "GlobalID": "{14D19F7E-3D51-4709-8163-2CF1AB385CB8}", "القطاع": "القطاع الثالث", "Depth": 2.9399999999999977, "GL": 171.37, "IL": 168.43, "نوع_المطبق": "مربع", "dimention": "2 X 2 m", "Fault_statement": null}, "geometry": {"type": "Point", "coordinates": [31.55613287563708, 30.271513157604687, 0.0]}}, {"type": "Feature", "properties": {"ID": "MH-A-29", "Easting": "031° 33' 17.0\" E", "Northing": "30° 16' 15.31\" N", "الشركة_المنفذة": "التوحيد", "Start": "1/3/2022", "End": "3/2/2025", "GlobalID": "{80CE93BA-9104-4865-9C7D-F59AAC2205D8}", "القطاع": "القطاع الثالث", "Depth": 4.039999999999992, "GL": 172.4, "IL": 168.36, "نوع_المطبق": "مربع", "dimention": "2 X 2 m", "Fault_statement": null}, "geometry": {"type": "Point", "coordinates": [31.556400113052216, 30.271084965619938, 0.0]}}, {"type": "Feature", "properties": {"ID": "MH-A-28", "Easting": "031° 33' 17.95\" E", "Northing": "30° 16' 13.7\" N", "الشركة_المنفذة": "التوحيد", "Start": "1/3/2022", "End": "3/2/2025", "GlobalID": "{3B7EB1BE-0975-4211-A552-1A128BD66385}", "القطاع": "القطاع الثالث", "Depth": 5.110000000000014, "GL": 173.4, "IL": 168.29, "نوع_المطبق": "مربع", "dimention": "2 X 2 m", "Fault_statement": null}, "geometry": {"type": "Point", "coordinates": [31.556664435354794, 30.27063779741705, 0.0]}}, {"type": "Feature", "properties": {"ID": "MH-A-27", "Easting": "031° 33' 18.95\" E", "Northing": "30° 16' 11.95\" N", "الشركة_المنفذة": "التوحيد", "Start": "1/3/2022", "End": "3/2/2025", "GlobalID": "{E1C81B0E-4743-4C7F-9124-F7B6CA02F035}", "القطاع": "القطاع الثالث", "Depth": 5.47999999999999, "GL": 173.7, "IL": 168.22, "نوع_المطبق": "مربع", "dimention": "2 X 2 m", "Fault_statement": null}, "geometry": {"type": "Point", "coordinates": [31.556942195816678, 30.270153246805815, 0.0]}}, {"type": "Feature", "properties": {"ID": "MH-A-26-2", "Easting": "031° 33' 21.72\" E", "Northing": "30° 16' 11.43\" N", "الشركة_المنفذة": "التوحيد", "Start": "1/3/2022", "End": "3/2/2025", "GlobalID": "{4B141397-41BB-424C-8B74-65E83C6C4E15}", "القطاع": "القطاع الثالث", "Depth": 1.5, "GL": 173.46, "IL": 171.96, "نوع_المطبق": "مربع", "dimention": "2 X 2 m", "Fault_statement": null}, "geometry": {"type": "Point", "coordinates": [31.557711690416347, 30.27000900176125, 0.0]}}, {"type": "Feature", "properties": {"ID": "MH-A-26-1", "Easting": "031° 33' 20.95\" E", "Northing": "30° 16' 11.1\" N", "الشركة_المنفذة": "التوحيد", "Start": "1/3/2022", "End": "3/2/2025", "GlobalID": "{8EF44640-E2BD-4D9A-BE67-29B45696BA17}", "القطاع": "القطاع الثالث", "Depth": 1.5600000000000023, "GL": 173.45, "IL": 171.89, "نوع_المطبق": "مربع", "dimention": "2 X 2 m", "Fault_statement": null}, "geometry": {"type": "Point", "coordinates": [31.557497184058818, 30.269917484848524, 0.0]}}, {"type": "Feature", "properties": {"ID": "MH-A-26", "Easting": "031° 33' 19.66\" E", "Northing": "30° 16' 10.6\" N", "الشركة_المنفذة": "التوحيد", "Start": "1/3/2022", "End": "3/2/2025", "GlobalID": "{A611774D-7D6F-46FA-BE1A-244DAF953549}", "القطاع": "القطاع الثالث", "Depth": 5.25, "GL": 173.42, "IL": 168.17, "نوع_المطبق": "مربع", "dimention": "2 X 2 m", "Fault_statement": null}, "geometry": {"type": "Point", "coordinates": [31.55713682122849, 30.26977796163749, 0.0]}}, {"type": "Feature", "properties": {"ID": "MH-A-25-9", "Easting": "031° 33' 15.43\" E", "Northing": "30° 16' 17.55\" N", "الشركة_المنفذة": "التوحيد", "Start": "1/3/2022", "End": "3/2/2025", "GlobalID": "{7525207A-5D33-4012-8939-1D832D4F1EC1}", "القطاع": "القطاع الثالث", "Depth": 3.469999999999999, "GL": 170.99, "IL": 167.52, "نوع_المطبق": "مربع", "dimention": "2 X 2 m", "Fault_statement": null}, "geometry": {"type": "Point", "coordinates": [31.555963196493337, 30.27170877092431, 0.0]}}, {"type": "Feature", "properties": {"ID": "MH-A-25-8-3", "Easting": "031° 33' 12.82\" E", "Northing": "30° 16' 15.67\" N", "الشركة_المنفذة": "التوحيد", "Start": "1/3/2022", "End": "3/2/2025", "GlobalID": "{CCCD76F5-3704-4763-9414-32374598BAC8}", "القطاع": "القطاع الثالث", "Depth": 1.5, "GL": 171.44, "IL": 169.94, "نوع_المطبق": "مربع", "dimention": "2 X 2 m", "Fault_statement": null}, "geometry": {"type": "Point", "coordinates": [31.555237083716413, 30.27118484013598, 0.0]}}, {"type": "Feature", "properties": {"ID": "MH-A-25-8-2", "Easting": "031° 33' 13.61\" E", "Northing": "30° 16' 15.95\" N", "الشركة_المنفذة": "التوحيد", "Start": "1/3/2022", "End": "3/2/2025", "GlobalID": "{36204CA2-9FFA-4C7B-BF0D-B82DD540F92A}", "القطاع": "القطاع الثالث", "Depth": 1.5699999999999932, "GL": 171.43, "IL": 169.86, "نوع_المطبق": "مربع", "dimention": "2 X 2 m", "Fault_statement": null}, "geometry": {"type": "Point", "coordinates": [31.55545862455618, 30.27126271727982, 0.0]}}, {"type": "Feature", "properties": {"ID": "MH-A-25-8-1", "Easting": "031° 33' 14.47\" E", "Northing": "30° 16' 16.27\" N", "الشركة_المنفذة": "التوحيد", "Start": "1/3/2022", "End": "3/2/2025", "GlobalID": "{F7BDF4A6-E1FE-4CAA-8D9B-682D9E851842}", "القطاع": "القطاع الثالث", "Depth": 1.6299999999999955, "GL": 171.41, "IL": 169.78, "نوع_المطبق": "مربع", "dimention": "2 X 2 m", "Fault_statement": null}, "geometry": {"type": "Point", "coordinates": [31.55569709783073, 30.27135220738621, 0.0]}}, {"type": "Feature", "properties": {"ID": "MH-A-25-8", "Easting": "031° 33' 15.73\" E", "Northing": "30° 16' 16.74\" N", "الشركة_المنفذة": "التوحيد", "Start": "1/3/2022", "End": "3/2/2025", "GlobalID": "{1383BBC6-041B-4073-A1E8-F8230CE4C799}", "القطاع": "القطاع الثالث", "Depth": 4.0, "GL": 171.38, "IL": 167.38, "نوع_المطبق": "مربع", "dimention": "2 X 2 m", "Fault_statement": null}, "geometry": {"type": "Point", "coordinates": [31.556046979442893, 30.271482284014393, 0.0]}}, {"type": "Feature", "properties": {"ID": "MH-A-25-7", "Easting": "031° 33' 16.21\" E", "Northing": "30° 16' 15.94\" N", "الشركة_المنفذة": "التوحيد", "Start": "1/3/2022", "End": "3/2/2025", "GlobalID": "{F3AE2D63-5986-463E-B7F5-B73AEE79FC5D}", "القطاع": "القطاع الثالث", "Depth": 4.609999999999985, "GL": 171.91, "IL": 167.3, "نوع_المطبق": "مربع", "dimention": "2 X 2 m", "Fault_statement": null}, "geometry": {"type": "Point", "coordinates": [31.5561790336756, 30.271260465192274, 0.0]}}, {"type": "Feature", "properties": {"ID": "MH-A-25-6", "Easting": "031° 33' 16.66\" E", "Northing": "30° 16' 15.18\" N", "الشركة_المنفذة": "التوحيد", "Start": "1/3/2022", "End": "3/2/2025", "GlobalID": "{E68CC30A-365A-4DDC-AFB8-0752EB327DD3}", "القطاع": "القطاع الثالث", "Depth": 5.170000000000016, "GL": 172.4, "IL": 167.23, "نوع_المطبق": "مربع", "dimention": "2 X 2 m", "Fault_statement": null}, "geometry": {"type": "Point", "coordinates": [31.55630594425926, 30.271048446214643, 0.0]}}, {"type": "Feature", "properties": {"ID": "MH-A-25-5-3", "Easting": "031° 33' 14.62\" E", "Northing": "30° 16' 12.63\" N", "الشركة_المنفذة": "التوحيد", "Start": "1/3/2022", "End": "3/2/2025", "GlobalID": "{0B8ABC0B-4C22-4554-B3D4-14C99DBE7860}", "القطاع": "القطاع الثالث", "Depth": 1.5, "GL": 173.25, "IL": 171.75, "نوع_المطبق": "مربع", "dimention": "2 X 2 m", "Fault_statement": null}, "geometry": {"type": "Point", "coordinates": [31.5557374234809, 30.27034206774052, 0.0]}}, {"type": "Feature", "properties": {"ID": "MH-A-25-5-2", "Easting": "031° 33' 15.43\" E", "Northing": "30° 16' 12.97\" N", "الشركة_المنفذة": "التوحيد", "Start": "1/3/2022", "End": "3/2/2025", "GlobalID": "{0B36A52B-A319-4FEB-92D7-52D7F6E72EA2}", "القطاع": "القطاع الثالث", "Depth": 1.5900000000000034, "GL": 173.26, "IL": 171.67, "نوع_المطبق": "مربع", "dimention": "2 X 2 m", "Fault_statement": null}, "geometry": {"type": "Point", "coordinates": [31.555962244502606, 30.270435798923852, 0.0]}}, {"type": "Feature", "properties": {"ID": "MH-A-25-5-1", "Easting": "031° 33' 16.3\" E", "Northing": "30° 16' 13.34\" N", "الشركة_المنفذة": "التوحيد", "Start": "1/3/2022", "End": "3/2/2025", "GlobalID": "{9A857448-33EE-4307-8E8F-587250462C82}", "القطاع": "القطاع الثالث", "Depth": 1.6699999999999875, "GL": 173.26, "IL": 171.59, "نوع_المطبق": "مربع", "dimention": "2 X 2 m", "Fault_statement": null}, "geometry": {"type": "Point", "coordinates": [31.556205803504874, 30.270537339533366, 0.0]}}, {"type": "Feature", "properties": {"ID": "MH-A-25-5", "Easting": "031° 33' 17.49\" E", "Northing": "30° 16' 13.81\" N", "الشركة_المنفذة": "التوحيد", "Start": "1/3/2022", "End": "3/2/2025", "GlobalID": "{C2336023-798D-488E-A07B-0BA988E9B7C1}", "القطاع": "القطاع الثالث", "Depth": 6.170000000000016, "GL": 173.27, "IL": 167.1, "نوع_المطبق": "مربع", "dimention": "2 X 2 m", "Fault_statement": null}, "geometry": {"type": "Point", "coordinates": [31.556535767529404, 30.27067007379214, 0.0]}}, {"type": "Feature", "properties": {"ID": "MH-A-25-4", "Easting": "031° 33' 18.1\" E", "Northing": "30° 16' 12.77\" N", "الشركة_المنفذة": "التوحيد", "Start": "1/3/2022", "End": "3/2/2025", "GlobalID": "{99C4512C-F9F9-4413-984B-E7ECCA9F011D}", "القطاع": "القطاع الثالث", "Depth": 6.650000000000006, "GL": 173.65, "IL": 167.0, "نوع_المطبق": "مربع", "dimention": "2 X 2 m", "Fault_statement": null}, "geometry": {"type": "Point", "coordinates": [31.556704142554654, 30.270379259870378, 0.0]}}, {"type": "Feature", "properties": {"ID": "MH-A-25-3", "Easting": "031° 33' 18.58\" E", "Northing": "30° 16' 11.91\" N", "الشركة_المنفذة": "التوحيد", "Start": "1/3/2022", "End": "3/2/2025", "GlobalID": "{1EE76C24-4E55-406A-91AC-8BF0B49008BD}", "القطاع": "القطاع الثالث", "Depth": 6.789999999999992, "GL": 173.7, "IL": 166.91, "نوع_المطبق": "مربع", "dimention": "2 X 2 m", "Fault_statement": null}, "geometry": {"type": "Point", "coordinates": [31.556839217320366, 30.27014035364887, 0.0]}}, {"type": "Feature", "properties": {"ID": "MH-A-25-2-3", "Easting": "031° 33' 16.34\" E", "Northing": "30° 16' 9.45\" N", "الشركة_المنفذة": "التوحيد", "Start": "1/3/2022", "End": "3/2/2025", "GlobalID": "{DE1FA881-97FD-4812-ACDF-31DA51B2DAEB}", "القطاع": "القطاع الثالث", "Depth": 1.5, "GL": 173.46, "IL": 171.96, "نوع_المطبق": "مربع", "dimention": "2 X 2 m", "Fault_statement": null}, "geometry": {"type": "Point", "coordinates": [31.556216469071522, 30.26945710847691, 0.0]}}, {"type": "Feature", "properties": {"ID": "MH-A-25-2-2", "Easting": "031° 33' 17.18\" E", "Northing": "30° 16' 9.73\" N", "الشركة_المنفذة": "التوحيد", "Start": "1/3/2022", "End": "3/2/2025", "GlobalID": "{065F9B86-0A4D-4497-B3C6-1938275C1119}", "القطاع": "القطاع الثالث", "Depth": 1.5699999999999932, "GL": 173.45, "IL": 171.88, "نوع_المطبق": "مربع", "dimention": "2 X 2 m", "Fault_statement": null}, "geometry": {"type": "Point", "coordinates": [31.556448441454695, 30.269536633792285, 0.0]}}, {"type": "Feature", "properties": {"ID": "MH-A-25-2-1", "Easting": "031° 33' 18.05\" E", "Northing": "30° 16' 10.03\" N", "الشركة_المنفذة": "التوحيد", "Start": "1/3/2022", "End": "3/2/2025", "GlobalID": "{0E500F7D-BF8D-4F6D-87FC-FFC0D3449A66}", "القطاع": "القطاع الثالث", "Depth": 1.6399999999999864, "GL": 173.44, "IL": 171.8, "نوع_المطبق": "مربع", "dimention": "2 X 2 m", "Fault_statement": null}, "geometry": {"type": "Point", "coordinates": [31.55669007681712, 30.26961947508839, 0.0]}}, {"type": "Feature", "properties": {"ID": "MH-A-25-2", "Easting": "031° 33' 19.34\" E", "Northing": "30° 16' 10.49\" N", "الشركة_المنفذة": "التوحيد", "Start": "1/3/2022", "End": "3/2/2025", "GlobalID": "{790EF15B-AB77-4953-9CD0-7FFE843E256C}", "القطاع": "القطاع الثالث", "Depth": 6.650000000000006, "GL": 173.43, "IL": 166.78, "نوع_المطبق": "مربع", "dimention": "2 X 2 m", "Fault_statement": null}, "geometry": {"type": "Point", "coordinates": [31.557049712183463, 30.269745567579672, 0.0]}}, {"type": "Feature", "properties": {"ID": "MH-A-25-17", "Easting": "031° 33' 17.9\" E", "Northing": "30° 16' 22.25\" N", "الشركة_المنفذة": "التوحيد", "Start": "1/3/2022", "End": "3/2/2025", "GlobalID": "{F7DD9CAB-7318-403C-A560-5F32E05EE20D}", "القطاع": "القطاع الثالث", "Depth": 1.7699999999999818, "GL": 171.1, "IL": 169.33, "نوع_المطبق": "مربع", "dimention": "2 X 2 m", "Fault_statement": null}, "geometry": {"type": "Point", "coordinates": [31.556649777622493, 30.27301367307094, 0.0]}}, {"type": "Feature", "properties": {"ID": "MH-A-25-16-3", "Easting": "031° 33' 15.05\" E", "Northing": "30° 16' 23.81\" N", "الشركة_المنفذة": "التوحيد", "Start": "1/3/2022", "End": "3/2/2025", "GlobalID": "{0AC38D33-0A82-4FDD-BFAE-92A73E6B06CE}", "القطاع": "القطاع الثالث", "Depth": 1.5, "GL": 171.02, "IL": 169.52, "نوع_المطبق": "مربع", "dimention": "2 X 2 m", "Fault_statement": null}, "geometry": {"type": "Point", "coordinates": [31.55585659010605, 30.27344757223906, 0.0]}}, {"type": "Feature", "properties": {"ID": "MH-A-25-16-2", "Easting": "031° 33' 15.8\" E", "Northing": "30° 16' 23.09\" N", "الشركة_المنفذة": "التوحيد", "Start": "1/3/2022", "End": "3/2/2025", "GlobalID": "{68970D0D-0B83-43E8-8848-E1BC6F1A0765}", "القطاع": "القطاع الثالث", "Depth": 1.6200000000000045, "GL": 171.04, "IL": 169.42, "نوع_المطبق": "مربع", "dimention": "2 X 2 m", "Fault_statement": null}, "geometry": {"type": "Point", "coordinates": [31.556066303376113, 30.273247329634916, 0.0]}}, {"type": "Feature", "properties": {"ID": "MH-A-25-16-1", "Easting": "031° 33' 16.36\" E", "Northing": "30° 16' 22.56\" N", "الشركة_المنفذة": "التوحيد", "Start": "1/3/2022", "End": "3/2/2025", "GlobalID": "{C724704B-9578-4404-A5CF-9FD67414546C}", "القطاع": "القطاع الثالث", "Depth": 1.700000000000017, "GL": 171.05, "IL": 169.35, "نوع_المطبق": "مربع", "dimention": "2 X 2 m", "Fault_statement": null}, "geometry": {"type": "Point", "coordinates": [31.55622009285507, 30.273100486771064, 0.0]}}, {"type": "Feature", "properties": {"ID": "MH-A-25-16", "Easting": "031° 33' 17.23\" E", "Northing": "30° 16' 21.73\" N", "الشركة_المنفذة": "التوحيد", "Start": "1/3/2022", "End": "3/2/2025", "GlobalID": "{3B74393C-1F62-4A84-BE32-A368E3F2759A}", "القطاع": "القطاع الثالث", "Depth": 1.829999999999984, "GL": 171.07, "IL": 169.24, "نوع_المطبق": "مربع", "dimention": "2 X 2 m", "Fault_statement": null}, "geometry": {"type": "Point", "coordinates": [31.556461739457607, 30.27287010610432, 0.0]}}, {"type": "Feature", "properties": {"ID": "MH-A-25-15", "Easting": "031° 33' 16.59\" E", "Northing": "30° 16' 21.17\" N", "الشركة_المنفذة": "التوحيد", "Start": "1/3/2022", "End": "3/2/2025", "GlobalID": "{A53D3284-E7B5-4DF4-A1F2-8273E97D8A98}", "القطاع": "القطاع الثالث", "Depth": 1.7800000000000011, "GL": 170.93, "IL": 169.15, "نوع_المطبق": "مربع", "dimention": "2 X 2 m", "Fault_statement": null}, "geometry": {"type": "Point", "coordinates": [31.556286506723737, 30.272712378375648, 0.0]}}, {"type": "Feature", "properties": {"ID": "MH-A-25-14", "Easting": "031° 33' 16.13\" E", "Northing": "30° 16' 20.67\" N", "الشركة_المنفذة": "التوحيد", "Start": "1/3/2022", "End": "3/2/2025", "GlobalID": "{ADA6F842-5422-42DA-9689-1CC28C69E4C8}", "القطاع": "القطاع الثالث", "Depth": 1.6399999999999864, "GL": 170.72, "IL": 169.08, "نوع_المطبق": "مربع", "dimention": "2 X 2 m", "Fault_statement": null}, "geometry": {"type": "Point", "coordinates": [31.556158182529103, 30.27257357302171, 0.0]}}, {"type": "Feature", "properties": {"ID": "MH-A-25-13", "Easting": "031° 33' 15.77\" E", "Northing": "30° 16' 20.1\" N", "الشركة_المنفذة": "التوحيد", "Start": "1/3/2022", "End": "3/2/2025", "GlobalID": "{6A89F5CA-62CE-410D-970E-99598DD235E3}", "القطاع": "القطاع الثالث", "Depth": 1.579999999999984, "GL": 170.6, "IL": 169.02, "نوع_المطبق": "مربع", "dimention": "2 X 2 m", "Fault_statement": null}, "geometry": {"type": "Point", "coordinates": [31.556056999389813, 30.272416994043223, 0.0]}}, {"type": "Feature", "properties": {"ID": "MH-A-25-12-3", "Easting": "031° 33' 12.46\" E", "Northing": "30° 16' 20.07\" N", "الشركة_المنفذة": "التوحيد", "Start": "1/3/2022", "End": "3/2/2025", "GlobalID": "{A77CDE3D-7758-424F-9DAE-376DDCC1ABA7}", "القطاع": "القطاع الثالث", "Depth": 1.5300000000000011, "GL": 169.5, "IL": 167.97, "نوع_المطبق": "مربع", "dimention": "2 X 2 m", "Fault_statement": null}, "geometry": {"type": "Point", "coordinates": [31.555138984374423, 30.272407522060863, 0.0]}}, {"type": "Feature", "properties": {"ID": "MH-A-25-12-2", "Easting": "031° 33' 13.3\" E", "Northing": "30° 16' 19.88\" N", "الشركة_المنفذة": "التوحيد", "Start": "1/3/2022", "End": "3/2/2025", "GlobalID": "{8F256B95-CA3E-47FD-B132-6B2074BA02CD}", "القطاع": "القطاع الثالث", "Depth": 1.5, "GL": 169.4, "IL": 167.9, "نوع_المطبق": "مربع", "dimention": "2 X 2 m", "Fault_statement": null}, "geometry": {"type": "Point", "coordinates": [31.55537011050256, 30.272354629061628, 0.0]}}, {"type": "Feature", "properties": {"ID": "MH-A-25-12-1", "Easting": "031° 33' 14.24\" E", "Northing": "30° 16' 19.67\" N", "الشركة_المنفذة": "التوحيد", "Start": "1/3/2022", "End": "3/2/2025", "GlobalID": "{6F939D4B-AFA1-4C57-B689-4CABC134EC4F}", "القطاع": "القطاع الثالث", "Depth": 1.8199999999999932, "GL": 169.64, "IL": 167.82, "نوع_المطبق": "مربع", "dimention": "2 X 2 m", "Fault_statement": null}, "geometry": {"type": "Point", "coordinates": [31.555632275532496, 30.272297860673852, 0.0]}}, {"type": "Feature", "properties": {"ID": "MH-A-25-12", "Easting": "031° 33' 15.49\" E", "Northing": "30° 16' 19.4\" N", "الشركة_المنفذة": "التوحيد", "Start": "1/3/2022", "End": "3/2/2025", "GlobalID": "{9786FEB7-58B8-462C-BE67-99151605BDBE}", "القطاع": "القطاع الثالث", "Depth": 2.1799999999999784, "GL": 170.7, "IL": 168.52, "نوع_المطبق": "مربع", "dimention": "2 X 2 m", "Fault_statement": null}, "geometry": {"type": "Point", "coordinates": [31.555978464675015, 30.272222526918302, 0.0]}}, {"type": "Feature", "properties": {"ID": "MH-A-25-11", "Easting": "031° 33' 15.35\" E", "Northing": "30° 16' 18.66\" N", "الشركة_المنفذة": "التوحيد", "Start": "1/3/2022", "End": "3/2/2025", "GlobalID": "{1FDDDF2D-4584-4DD9-A230-822F9FCE54FA}", "القطاع": "القطاع الثالث", "Depth": 2.9399999999999977, "GL": 170.57, "IL": 167.63, "نوع_المطبق": "مربع", "dimention": "2 X 2 m", "Fault_statement": null}, "geometry": {"type": "Point", "coordinates": [31.55594077273997, 30.272015176806185, 0.0]}}, {"type": "Feature", "properties": {"ID": "MH-A-25-10", "Easting": "031° 33' 15.37\" E", "Northing": "30° 16' 18.03\" N", "الشركة_المنفذة": "التوحيد", "Start": "1/3/2022", "End": "3/2/2025", "GlobalID": "{7150DD15-C270-4B82-9DAC-74BC165E6A46}", "القطاع": "القطاع الثالث", "Depth": 3.280000000000001, "GL": 170.85, "IL": 167.57, "نوع_المطبق": "مربع", "dimention": "2 X 2 m", "Fault_statement": null}, "geometry": {"type": "Point", "coordinates": [31.55594631004985, 30.27184270589853, 0.0]}}, {"type": "Feature", "properties": {"ID": "MH-A-25-1", "Easting": "031° 33' 19.75\" E", "Northing": "30° 16' 9.7\" N", "الشركة_المنفذة": "التوحيد", "Start": "1/3/2022", "End": "3/2/2025", "GlobalID": "{7256BB9B-3D32-497F-9B2A-401DD6DC1F68}", "القطاع": "القطاع الثالث", "Depth": 6.6699999999999875, "GL": 173.32, "IL": 166.65, "نوع_المطبق": "مربع", "dimention": "2 X 2 m", "Fault_statement": null}, "geometry": {"type": "Point", "coordinates": [31.557162423789144, 30.269528841657042, 0.0]}}, {"type": "Feature", "properties": {"ID": "MH-A-25", "Easting": "031° 33' 20.31\" E", "Northing": "30° 16' 9.33\" N", "الشركة_المنفذة": "التوحيد", "Start": "1/3/2022", "End": "3/2/2025", "GlobalID": "{85B471DB-A048-477D-8916-56ACB62BAAD1}", "القطاع": "القطاع الثالث", "Depth": 6.819999999999993, "GL": 173.13, "IL": 166.31, "نوع_المطبق": "مربع", "dimention": "2 X 2 m", "Fault_statement": null}, "geometry": {"type": "Point", "coordinates": [31.557319483382614, 30.269423971962258, 0.0]}}, {"type": "Feature", "properties": {"ID": "MH-A-24", "Easting": "031° 33' 19.72\" E", "Northing": "30° 16' 8.16\" N", "الشركة_المنفذة": "عوض خليفة", "Start": "1/3/2022", "End": "3/2/2025", "GlobalID": "{D4D6AE85-8FF6-4AEA-9ADA-5E02EA98F485}", "القطاع": "القطاع الثاني", "Depth": 7.149999999999977, "GL": 173.42, "IL": 166.27, "نوع_المطبق": "دائري", "dimention": "1.2 m", "Fault_statement": null}, "geometry": {"type": "Point", "coordinates": [31.557154034427604, 30.26910071638594, 0.0]}}, {"type": "Feature", "properties": {"ID": "MH-A-23", "Easting": "031° 33' 21.12\" E", "Northing": "30° 16' 7.66\" N", "الشركة_المنفذة": "عوض خليفة", "Start": "1/3/2022", "End": "3/2/2025", "GlobalID": "{DCDFD195-5CB7-49C1-BEE1-141F5A76DAAE}", "القطاع": "القطاع الثاني", "Depth": 7.02000000000001, "GL": 173.25, "IL": 166.23, "نوع_المطبق": "دائري", "dimention": "1.2 m", "Fault_statement": null}, "geometry": {"type": "Point", "coordinates": [31.557543642229696, 30.268962088865695, 0.0]}}, {"type": "Feature", "properties": {"ID": "MH-A-22-3", "Easting": "031° 33' 23.82\" E", "Northing": "30° 16' 7.02\" N", "الشركة_المنفذة": "عوض خليفة", "Start": "1/3/2022", "End": "3/2/2025", "GlobalID": "{14C07BB1-F40F-47E4-A435-7D7A35EFD110}", "القطاع": "القطاع الثاني", "Depth": 1.5, "GL": 171.78, "IL": 170.28, "نوع_المطبق": "مربع", "dimention": "2 X 2 m", "Fault_statement": null}, "geometry": {"type": "Point", "coordinates": [31.558292393811392, 30.268782413341338, 0.0]}}, {"type": "Feature", "properties": {"ID": "MH-A-22-2", "Easting": "031° 33' 23.04\" E", "Northing": "30° 16' 6.77\" N", "الشركة_المنفذة": "عوض خليفة", "Start": "1/3/2022", "End": "3/2/2025", "GlobalID": "{936ABB92-98E6-4144-BCEB-B7D6AADDACAA}", "القطاع": "القطاع الثاني", "Depth": 1.8700000000000045, "GL": 172.07, "IL": 170.2, "نوع_المطبق": "مربع", "dimention": "2 X 2 m", "Fault_statement": null}, "geometry": {"type": "Point", "coordinates": [31.558078246782074, 30.26871292194321, 0.0]}}, {"type": "Feature", "properties": {"ID": "MH-A-22-1", "Easting": "031° 33' 22.07\" E", "Northing": "30° 16' 6.46\" N", "الشركة_المنفذة": "عوض خليفة", "Start": "1/3/2022", "End": "3/2/2025", "GlobalID": "{7164F969-B3DB-455C-858D-E587827988B9}", "القطاع": "القطاع الثاني", "Depth": 2.3499999999999943, "GL": 172.46, "IL": 170.11, "نوع_المطبق": "مربع", "dimention": "2 X 2 m", "Fault_statement": null}, "geometry": {"type": "Point", "coordinates": [31.557808468167675, 30.268626665065426, 0.0]}}, {"type": "Feature", "properties": {"ID": "MH-A-22", "Easting": "031° 33' 21.73\" E", "Northing": "30° 16' 6.35\" N", "الشركة_المنفذة": "عوض خليفة", "Start": "1/3/2022", "End": "3/2/2025", "GlobalID": "{806BA1E6-DF16-4A57-87D1-29E5E23B27E1}", "القطاع": "القطاع الثاني", "Depth": 6.430000000000007, "GL": 172.62, "IL": 166.19, "نوع_المطبق": "مربع", "dimention": "2 X 2 m", "Fault_statement": null}, "geometry": {"type": "Point", "coordinates": [31.557712385012564, 30.26859605235307, 0.0]}}, {"type": "Feature", "properties": {"ID": "MH-A-21", "Easting": "031° 33' 22.41\" E", "Northing": "30° 16' 4.77\" N", "الشركة_المنفذة": "عوض خليفة", "Start": "1/3/2022", "End": "3/2/2025", "GlobalID": "{E24037D9-E0FA-47D3-8E24-C3BBB8883B6D}", "القطاع": "القطاع الثاني", "Depth": 5.660000000000025, "GL": 171.8, "IL": 166.14, "نوع_المطبق": "دائري", "dimention": "1.2 m", "Fault_statement": null}, "geometry": {"type": "Point", "coordinates": [31.557901802343803, 30.26815672313184, 0.0]}}, {"type": "Feature", "properties": {"ID": "MH-A-20", "Easting": "031° 33' 23.11\" E", "Northing": "30° 16' 3.01\" N", "الشركة_المنفذة": "عوض خليفة", "Start": "1/3/2022", "End": "3/2/2025", "GlobalID": "{FF2AC3DC-0962-47B1-B56C-C2D0E03AF004}", "القطاع": "القطاع الثاني", "Depth": 4.9599999999999795, "GL": 171.04, "IL": 166.08, "نوع_المطبق": "دائري", "dimention": "1.2 m", "Fault_statement": null}, "geometry": {"type": "Point", "coordinates": [31.558096761376795, 30.26766812921877, 0.0]}}, {"type": "Feature", "properties": {"ID": "MH-A-19", "Easting": "031° 33' 23.67\" E", "Northing": "30° 16' 1.56\" N", "الشركة_المنفذة": "عوض خليفة", "Start": "1/3/2022", "End": "3/2/2025", "GlobalID": "{C5DD4699-5DED-41F8-80D2-5487B1F1A5B7}", "القطاع": "القطاع الثاني", "Depth": 4.340000000000003, "GL": 170.37, "IL": 166.03, "نوع_المطبق": "دائري", "dimention": "1.2 m", "Fault_statement": null}, "geometry": {"type": "Point", "coordinates": [31.55825084774281, 30.267266103214507, 0.0]}}, {"type": "Feature", "properties": {"ID": "MH-A-18", "Easting": "031° 33' 24.32\" E", "Northing": "30° 16' 0.17\" N", "الشركة_المنفذة": "عوض خليفة", "Start": "1/3/2022", "End": "3/2/2025", "GlobalID": "{544544E0-A07A-4DCF-B7F5-CA4FD2237B21}", "القطاع": "القطاع الثاني", "Depth": 3.7099999999999795, "GL": 169.7, "IL": 165.99, "نوع_المطبق": "دائري", "dimention": "1.2 m", "Fault_statement": null}, "geometry": {"type": "Point", "coordinates": [31.558433897040523, 30.26687951397942, 0.0]}}, {"type": "Feature", "properties": {"ID": "MH-A-17", "Easting": "031° 33' 25.15\" E", "Northing": "30° 15' 59.25\" N", "الشركة_المنفذة": "عوض خليفة", "Start": "1/3/2022", "End": "3/2/2025", "GlobalID": "{205D511D-2102-4E2A-BD32-936C683E26F7}", "القطاع": "القطاع الثاني", "Depth": 3.230000000000018, "GL": 169.18, "IL": 165.95, "نوع_المطبق": "دائري", "dimention": "1.2 m", "Fault_statement": null}, "geometry": {"type": "Point", "coordinates": [31.55866443195325, 30.266623534979022, 0.0]}}, {"type": "Feature", "properties": {"ID": "MH-A-16", "Easting": "031° 33' 26.28\" E", "Northing": "30° 15' 58.48\" N", "الشركة_المنفذة": "عوض خليفة", "Start": "1/3/2022", "End": "3/2/2025", "GlobalID": "{8DE114D3-F041-4DE9-9BE9-C149F52E91DD}", "القطاع": "القطاع الثاني", "Depth": 2.710000000000008, "GL": 168.62, "IL": 165.91, "نوع_المطبق": "دائري", "dimention": "1.2 m", "Fault_statement": null}, "geometry": {"type": "Point", "coordinates": [31.55897818055238, 30.266409683672258, 0.0]}}, {"type": "Feature", "properties": {"ID": "MH-A-15", "Easting": "031° 33' 27.67\" E", "Northing": "30° 15' 57.96\" N", "الشركة_المنفذة": "عوض خليفة", "Start": "1/3/2022", "End": "3/2/2025", "GlobalID": "{8C60C2DA-DC2A-403F-9F8C-60CEB0E78A17}", "القطاع": "القطاع الثاني", "Depth": 2.1699999999999875, "GL": 168.04, "IL": 165.87, "نوع_المطبق": "دائري", "dimention": "1.2 m", "Fault_statement": null}, "geometry": {"type": "Point", "coordinates": [31.559363312165893, 30.26626614830956, 0.0]}}, {"type": "Feature", "properties": {"ID": "MH-A-14", "Easting": "031° 33' 29.1\" E", "Northing": "30° 15' 57.79\" N", "الشركة_المنفذة": "عوض خليفة", "Start": "1/3/2022", "End": "3/2/2025", "GlobalID": "{49510DD8-BF08-4752-B1D2-DACEEE4C3CCD}", "القطاع": "القطاع الثاني", "Depth": 2.1699999999999875, "GL": 167.48, "IL": 165.31, "نوع_المطبق": "دائري", "dimention": "1.2 m", "Fault_statement": null}, "geometry": {"type": "Point", "coordinates": [31.55976064728548, 30.26621810974731, 0.0]}}, {"type": "Feature", "properties": {"ID": "MH-A-13", "Easting": "031° 33' 30.68\" E", "Northing": "30° 15' 57.97\" N", "الشركة_المنفذة": "عوض خليفة", "Start": "1/3/2022", "End": "3/2/2025", "GlobalID": "{51151297-3DE2-4796-BC51-E877565C9DD6}", "القطاع": "القطاع الثاني", "Depth": 2.170000000000016, "GL": 166.86, "IL": 164.69, "نوع_المطبق": "دائري", "dimention": "1.2 m", "Fault_statement": null}, "geometry": {"type": "Point", "coordinates": [31.560199627309128, 30.266269283031562, 0.0]}}, {"type": "Feature", "properties": {"ID": "MH-A-12", "Easting": "031° 33' 32.27\" E", "Northing": "30° 15' 58.49\" N", "الشركة_المنفذة": "عوض خليفة", "Start": "1/3/2022", "End": "3/2/2025", "GlobalID": "{8EC6D33B-56EF-499F-B9CE-D0ECDF7FE89C}", "القطاع": "القطاع الثاني", "Depth": 2.170000000000016, "GL": 166.21, "IL": 164.04, "نوع_المطبق": "دائري", "dimention": "1.2 m", "Fault_statement": null}, "geometry": {"type": "Point", "coordinates": [31.560641881912343, 30.26641364011162, 0.0]}}, {"type": "Feature", "properties": {"ID": "MH-A-11-9-3", "Easting": "031° 33' 24.52\" E", "Northing": "30° 15' 55.88\" N", "الشركة_المنفذة": "عوض خليفة", "Start": "1/3/2022", "End": "3/2/2025", "GlobalID": "{D6D1B062-A429-4039-8CB6-3DF0ABD6132C}", "القطاع": "القطاع الثاني", "Depth": 1.5, "GL": 168.54, "IL": 167.04, "نوع_المطبق": "مربع", "dimention": "2 X 2 m", "Fault_statement": null}, "geometry": {"type": "Point", "coordinates": [31.558489130878712, 30.265687347245315, 0.0]}}, {"type": "Feature", "properties": {"ID": "MH-A-11-9-2", "Easting": "031° 33' 24.96\" E", "Northing": "30° 15' 56.52\" N", "الشركة_المنفذة": "عوض خليفة", "Start": "1/3/2022", "End": "3/2/2025", "GlobalID": "{E1A386CB-9A6C-41E3-B8F3-A2DFC3127EDA}", "القطاع": "القطاع الثاني", "Depth": 1.5999999999999943, "GL": 168.56, "IL": 166.96, "نوع_المطبق": "مربع", "dimention": "2 X 2 m", "Fault_statement": null}, "geometry": {"type": "Point", "coordinates": [31.558608921209295, 30.265866876298418, 0.0]}}, {"type": "Feature", "properties": {"ID": "MH-A-11-9-1", "Easting": "031° 33' 25.43\" E", "Northing": "30° 15' 57.22\" N", "الشركة_المنفذة": "عوض خليفة", "Start": "1/3/2022", "End": "3/2/2025", "GlobalID": "{D15E396B-ECCE-4CC8-BB65-66490073AB5E}", "القطاع": "القطاع الثاني", "Depth": 1.700000000000017, "GL": 168.58, "IL": 166.88, "نوع_المطبق": "مربع", "dimention": "2 X 2 m", "Fault_statement": null}, "geometry": {"type": "Point", "coordinates": [31.55874130569659, 30.26606091059026, 0.0]}}, {"type": "Feature", "properties": {"ID": "MH-A-11-9", "Easting": "031° 33' 26.1\" E", "Northing": "30° 15' 58.22\" N", "الشركة_المنفذة": "عوض خليفة", "Start": "1/3/2022", "End": "3/2/2025", "GlobalID": "{E4CC9708-D3C4-422A-B568-BEAB05169A04}", "القطاع": "القطاع الثاني", "Depth": 1.8800000000000239, "GL": 168.61, "IL": 166.73, "نوع_المطبق": "مربع", "dimention": "2 X 2 m", "Fault_statement": null}, "geometry": {"type": "Point", "coordinates": [31.558928326967543, 30.26633768201694, 0.0]}}, {"type": "Feature", "properties": {"ID": "MH-A-11-8", "Easting": "031° 33' 26.91\" E", "Northing": "30° 15' 57.85\" N", "الشركة_المنفذة": "عوض خليفة", "Start": "1/3/2022", "End": "3/2/2025", "GlobalID": "{5EEB61B0-46BE-49CE-901D-B335EBC37A28}", "القطاع": "القطاع الثاني", "Depth": 1.8700000000000045, "GL": 168.26, "IL": 166.39, "نوع_المطبق": "مربع", "dimention": "2 X 2 m", "Fault_statement": null}, "geometry": {"type": "Point", "coordinates": [31.559151349275837, 30.26623618591565, 0.0]}}, {"type": "Feature", "properties": {"ID": "MH-A-11-7", "Easting": "031° 33' 27.57\" E", "Northing": "30° 15' 57.66\" N", "الشركة_المنفذة": "عوض خليفة", "Start": "1/3/2022", "End": "3/2/2025", "GlobalID": "{6421A787-FD3E-44E4-9964-5E026C94B117}", "القطاع": "القطاع الثاني", "Depth": 1.9399999999999977, "GL": 168.07, "IL": 166.13, "نوع_المطبق": "مربع", "dimention": "2 X 2 m", "Fault_statement": null}, "geometry": {"type": "Point", "coordinates": [31.55933558381887, 30.266184093875026, 0.0]}}, {"type": "Feature", "properties": {"ID": "MH-A-11-6-2", "Easting": "031° 33' 29.06\" E", "Northing": "30° 15' 55.51\" N", "الشركة_المنفذة": "عوض خليفة", "Start": "1/3/2022", "End": "3/2/2025", "GlobalID": "{7D43074C-A608-4320-A6CF-ABB58BCEBAD7}", "القطاع": "القطاع الثاني", "Depth": 1.5699999999999932, "GL": 167.51, "IL": 165.94, "نوع_المطبق": "مربع", "dimention": "2 X 2 m", "Fault_statement": null}, "geometry": {"type": "Point", "coordinates": [31.55974880227256, 30.265586499727632, 0.0]}}, {"type": "Feature", "properties": {"ID": "MH-A-11-6-1", "Easting": "031° 33' 29.07\" E", "Northing": "30° 15' 56.39\" N", "الشركة_المنفذة": "عوض خليفة", "Start": "1/3/2022", "End": "3/2/2025", "GlobalID": "{5EE54E7F-5F6C-453F-9CBF-13F2712C81D7}", "القطاع": "القطاع الثاني", "Depth": 1.6500000000000057, "GL": 167.5, "IL": 165.85, "نوع_المطبق": "مربع", "dimention": "2 X 2 m", "Fault_statement": null}, "geometry": {"type": "Point", "coordinates": [31.559751023351453, 30.265830040583026, 0.0]}}, {"type": "Feature", "properties": {"ID": "MH-A-11-6", "Easting": "031° 33' 29.09\" E", "Northing": "30° 15' 57.46\" N", "الشركة_المنفذة": "عوض خليفة", "Start": "1/3/2022", "End": "3/2/2025", "GlobalID": "{64634B2D-69A9-4CBC-8196-A0EF0652191F}", "القطاع": "القطاع الثاني", "Depth": 1.9300000000000068, "GL": 167.49, "IL": 165.56, "نوع_المطبق": "مربع", "dimention": "2 X 2 m", "Fault_statement": null}, "geometry": {"type": "Point", "coordinates": [31.55975644090195, 30.266127511877134, 0.0]}}, {"type": "Feature", "properties": {"ID": "MH-A-11-5", "Easting": "031° 33' 30.34\" E", "Northing": "30° 15' 57.59\" N", "الشركة_المنفذة": "عوض خليفة", "Start": "1/3/2022", "End": "3/2/2025", "GlobalID": "{565A2B25-4E84-4B49-A019-FD9842BD58D2}", "القطاع": "القطاع الثاني", "Depth": 1.8799999999999955, "GL": 166.91, "IL": 165.03, "نوع_المطبق": "مربع", "dimention": "2 X 2 m", "Fault_statement": null}, "geometry": {"type": "Point", "coordinates": [31.560105175925592, 30.26616399200411, 0.0]}}, {"type": "Feature", "properties": {"ID": "MH-A-11-3-3", "Easting": "031° 33' 33.57\" E", "Northing": "30° 15' 55.65\" N", "الشركة_المنفذة": "عوض خليفة", "Start": "1/3/2022", "End": "3/2/2025", "GlobalID": "{7901364F-A508-4F76-AEDB-AD371CBD28C1}", "القطاع": "القطاع الثاني", "Depth": 1.5, "GL": 166.27, "IL": 164.77, "نوع_المطبق": "مربع", "dimention": "2 X 2 m", "Fault_statement": null}, "geometry": {"type": "Point", "coordinates": [31.561002660576012, 30.26562563527958, 0.0]}}, {"type": "Feature", "properties": {"ID": "MH-A-11-3-1", "Easting": "031° 33' 32.88\" E", "Northing": "30° 15' 57.16\" N", "الشركة_المنفذة": "عوض خليفة", "Start": "1/3/2022", "End": "3/2/2025", "GlobalID": "{EA4297DB-5CC7-465B-9DB4-899B052402AF}", "القطاع": "القطاع الثاني", "Depth": 1.6299999999999955, "GL": 166.24, "IL": 164.61, "نوع_المطبق": "مربع", "dimention": "2 X 2 m", "Fault_statement": null}, "geometry": {"type": "Point", "coordinates": [31.56080987605081, 30.266044440228278, 0.0]}}, {"type": "Feature", "properties": {"ID": "MH-A-11-3", "Easting": "031° 33' 32.4\" E", "Northing": "30° 15' 58.2\" N", "الشركة_المنفذة": "عوض خليفة", "Start": "1/3/2022", "End": "3/2/2025", "GlobalID": "{64D00FC4-C132-4CB9-91C6-0DFE9B28B3C5}", "القطاع": "القطاع الثاني", "Depth": 1.990000000000009, "GL": 166.21, "IL": 164.22, "نوع_المطبق": "مربع", "dimention": "2 X 2 m", "Fault_statement": null}, "geometry": {"type": "Point", "coordinates": [31.560676883248004, 30.266333706437763, 0.0]}}, {"type": "Feature", "properties": {"ID": "MH-A-11-22", "Easting": "031° 33' 20.93\" E", "Northing": "30° 16' 7.28\" N", "الشركة_المنفذة": "عوض خليفة", "Start": "1/3/2022", "End": "3/2/2025", "GlobalID": "{948E74C8-FB8B-4F1F-9CD2-932CFDD62968}", "القطاع": "القطاع الثاني", "Depth": 1.5, "GL": 173.05, "IL": 171.55, "نوع_المطبق": "مربع", "dimention": "2 X 2 m", "Fault_statement": null}, "geometry": {"type": "Point", "coordinates": [31.557491135067565, 30.268855605588293, 0.0]}}, {"type": "Feature", "properties": {"ID": "MH-A-11-21-3", "Easting": "031° 33' 18.34\" E", "Northing": "30° 16' 5.2\" N", "الشركة_المنفذة": "عوض خليفة", "Start": "1/3/2022", "End": "3/2/2025", "GlobalID": "{892A2FE7-2A5C-4196-824C-63E9387545C2}", "القطاع": "القطاع الثاني", "Depth": 1.5, "GL": 172.63, "IL": 171.13, "نوع_المطبق": "مربع", "dimention": "2 X 2 m", "Fault_statement": null}, "geometry": {"type": "Point", "coordinates": [31.55677008334801, 30.268277336708582, 0.0]}}, {"type": "Feature", "properties": {"ID": "MH-A-11-21-2", "Easting": "031° 33' 19.2\" E", "Northing": "30° 16' 5.5\" N", "الشركة_المنفذة": "عوض خليفة", "Start": "1/3/2022", "End": "3/2/2025", "GlobalID": "{A93D27CF-B4EB-41C7-AF36-C640271956F9}", "القطاع": "القطاع الثاني", "Depth": 1.579999999999984, "GL": 172.63, "IL": 171.05, "نوع_المطبق": "مربع", "dimention": "2 X 2 m", "Fault_statement": null}, "geometry": {"type": "Point", "coordinates": [31.55701158244336, 30.268360473899552, 0.0]}}, {"type": "Feature", "properties": {"ID": "MH-A-11-21-1", "Easting": "031° 33' 20.25\" E", "Northing": "30° 16' 5.85\" N", "الشركة_المنفذة": "عوض خليفة", "Start": "1/3/2022", "End": "3/2/2025", "GlobalID": "{0C1FBF8A-CAD2-46AA-B64F-E38749C8C7D5}", "القطاع": "القطاع الثاني", "Depth": 1.6800000000000068, "GL": 172.63, "IL": 170.95, "نوع_المطبق": "مربع", "dimention": "2 X 2 m", "Fault_statement": null}, "geometry": {"type": "Point", "coordinates": [31.557301973501687, 30.26845892889725, 0.0]}}, {"type": "Feature", "properties": {"ID": "MH-A-11-21", "Easting": "031° 33' 21.4\" E", "Northing": "30° 16' 6.24\" N", "الشركة_المنفذة": "عوض خليفة", "Start": "1/3/2022", "End": "3/2/2025", "GlobalID": "{17ABFB41-0B53-4EB9-9C20-E6CD2398E0CB}", "القطاع": "القطاع الثاني", "Depth": 1.7700000000000102, "GL": 172.62, "IL": 170.85, "نوع_المطبق": "مربع", "dimention": "2 X 2 m", "Fault_statement": null}, "geometry": {"type": "Point", "coordinates": [31.557622745503974, 30.2685658992783, 0.0]}}, {"type": "Feature", "properties": {"ID": "MH-A-11-20", "Easting": "031° 33' 21.8\" E", "Northing": "30° 16' 5.34\" N", "الشركة_المنفذة": "عوض خليفة", "Start": "1/3/2022", "End": "3/2/2025", "GlobalID": "{B4CAE2C1-0972-4FC8-AB34-06BF105A0B98}", "القطاع": "القطاع الثاني", "Depth": 1.759999999999991, "GL": 172.19, "IL": 170.43, "نوع_المطبق": "مربع", "dimention": "2 X 2 m", "Fault_statement": null}, "geometry": {"type": "Point", "coordinates": [31.557733297902644, 30.268315057674126, 0.0]}}, {"type": "Feature", "properties": {"ID": "MH-A-11-2", "Easting": "031° 33' 33.56\" E", "Northing": "30° 15' 58.63\" N", "الشركة_المنفذة": "عوض خليفة", "Start": "1/3/2022", "End": "3/2/2025", "GlobalID": "{13CD6047-4A92-4046-AA7A-70E90475B03B}", "القطاع": "القطاع الثاني", "Depth": 1.8499999999999943, "GL": 165.73, "IL": 163.88, "نوع_المطبق": "مربع", "dimention": "2 X 2 m", "Fault_statement": null}, "geometry": {"type": "Point", "coordinates": [31.56099788521567, 30.266451760975347, 0.0]}}, {"type": "Feature", "properties": {"ID": "MH-A-11-19", "Easting": "031° 33' 22.13\" E", "Northing": "30° 16' 4.51\" N", "الشركة_المنفذة": "عوض خليفة", "Start": "1/3/2022", "End": "3/2/2025", "GlobalID": "{09859E75-2EE2-4BAE-A677-F381E8F97547}", "القطاع": "القطاع الثاني", "Depth": 1.7600000000000193, "GL": 171.8, "IL": 170.04, "نوع_المطبق": "مربع", "dimention": "2 X 2 m", "Fault_statement": null}, "geometry": {"type": "Point", "coordinates": [31.557824789920517, 30.268085780136616, 0.0]}}, {"type": "Feature", "properties": {"ID": "MH-A-11-18", "Easting": "031° 33' 22.46\" E", "Northing": "30° 16' 3.73\" N", "الشركة_المنفذة": "عوض خليفة", "Start": "1/3/2022", "End": "3/2/2025", "GlobalID": "{5138F05D-2BE2-4C3F-B38F-B65FF4F2224F}", "القطاع": "القطاع الثاني", "Depth": 1.740000000000009, "GL": 171.43, "IL": 169.69, "نوع_المطبق": "مربع", "dimention": "2 X 2 m", "Fault_statement": null}, "geometry": {"type": "Point", "coordinates": [31.557915545336762, 30.267869679126324, 0.0]}}, {"type": "Feature", "properties": {"ID": "MH-A-11-17-3", "Easting": "031° 33' 19.94\" E", "Northing": "30° 16' 1.96\" N", "الشركة_المنفذة": "عوض خليفة", "Start": "1/3/2022", "End": "3/2/2025", "GlobalID": "{487E487D-9FBC-4C51-9B7C-28562BD1EA26}", "القطاع": "القطاع الثاني", "Depth": 1.5, "GL": 171.06, "IL": 169.56, "نوع_المطبق": "مربع", "dimention": "2 X 2 m", "Fault_statement": null}, "geometry": {"type": "Point", "coordinates": [31.557214725492944, 30.267378070756173, 0.0]}}, {"type": "Feature", "properties": {"ID": "MH-A-11-17-2", "Easting": "031° 33' 20.77\" E", "Northing": "30° 16' 2.25\" N", "الشركة_المنفذة": "عوض خليفة", "Start": "1/3/2022", "End": "3/2/2025", "GlobalID": "{64B82A6A-59D3-4EC6-9794-EB7B9E790BE9}", "القطاع": "القطاع الثاني", "Depth": 1.5500000000000114, "GL": 171.03, "IL": 169.48, "نوع_المطبق": "مربع", "dimention": "2 X 2 m", "Fault_statement": null}, "geometry": {"type": "Point", "coordinates": [31.557447018072722, 30.267456876777274, 0.0]}}, {"type": "Feature", "properties": {"ID": "MH-A-11-17", "Easting": "031° 33' 22.8\" E", "Northing": "30° 16' 2.91\" N", "الشركة_المنفذة": "عوض خليفة", "Start": "1/3/2022", "End": "3/2/2025", "GlobalID": "{6C97243B-75E2-4392-BA5F-A495313A9BE2}", "القطاع": "القطاع الثاني", "Depth": 1.75, "GL": 171.04, "IL": 169.29, "نوع_المطبق": "مربع", "dimention": "2 X 2 m", "Fault_statement": null}, "geometry": {"type": "Point", "coordinates": [31.558010253509295, 30.267640703485696, 0.0]}}, {"type": "Feature", "properties": {"ID": "MH-A-11-16", "Easting": "031° 33' 23.11\" E", "Northing": "30° 16' 2.08\" N", "الشركة_المنفذة": "عوض خليفة", "Start": "1/3/2022", "End": "3/2/2025", "GlobalID": "{64108F07-FEF8-4972-99BD-E3A7300A1C17}", "القطاع": "القطاع الثاني", "Depth": 1.740000000000009, "GL": 170.66, "IL": 168.92, "نوع_المطبق": "مربع", "dimention": "2 X 2 m", "Fault_statement": null}, "geometry": {"type": "Point", "coordinates": [31.558097666453204, 30.267410683576905, 0.0]}}, {"type": "Feature", "properties": {"ID": "MH-A-11-15", "Easting": "031° 33' 23.36\" E", "Northing": "30° 16' 1.41\" N", "الشركة_المنفذة": "عوض خليفة", "Start": "1/3/2022", "End": "3/2/2025", "GlobalID": "{0D3A02F1-F207-418A-AFB9-9E48AA93630C}", "القطاع": "القطاع الثاني", "Depth": 1.7299999999999898, "GL": 170.35, "IL": 168.62, "نوع_المطبق": "مربع", "dimention": "2 X 2 m", "Fault_statement": null}, "geometry": {"type": "Point", "coordinates": [31.55816683704011, 30.267225556631967, 0.0]}}, {"type": "Feature", "properties": {"ID": "MH-A-11-14", "Easting": "031° 33' 23.61\" E", "Northing": "30° 16' 0.77\" N", "الشركة_المنفذة": "عوض خليفة", "Start": "1/3/2022", "End": "3/2/2025", "GlobalID": "{21239D1E-E9FB-4F7C-B87E-618BF6C41B56}", "القطاع": "القطاع الثاني", "Depth": 1.740000000000009, "GL": 170.06, "IL": 168.32, "نوع_المطبق": "مربع", "dimention": "2 X 2 m", "Fault_statement": null}, "geometry": {"type": "Point", "coordinates": [31.558235082941763, 30.26704566003111, 0.0]}}, {"type": "Feature", "properties": {"ID": "MH-A-11-13-3", "Easting": "031° 33' 21.33\" E", "Northing": "30° 15' 58.7\" N", "الشركة_المنفذة": "عوض خليفة", "Start": "1/3/2022", "End": "3/2/2025", "GlobalID": "{11D7FC2F-8E05-4DBF-AA9C-4499B35228DF}", "القطاع": "القطاع الثاني", "Depth": 1.5, "GL": 169.62, "IL": 168.12, "نوع_المطبق": "مربع", "dimention": "2 X 2 m", "Fault_statement": null}, "geometry": {"type": "Point", "coordinates": [31.557603314482716, 30.26647144813099, 0.0]}}, {"type": "Feature", "properties": {"ID": "MH-A-11-13-2", "Easting": "031° 33' 22.05\" E", "Northing": "30° 15' 59.06\" N", "الشركة_المنفذة": "عوض خليفة", "Start": "1/3/2022", "End": "3/2/2025", "GlobalID": "{D8F4096E-2D7A-4AC3-9FD6-D79E7973A6F3}", "القطاع": "القطاع الثاني", "Depth": 1.589999999999975, "GL": 169.64, "IL": 168.05, "نوع_المطبق": "مربع", "dimention": "2 X 2 m", "Fault_statement": null}, "geometry": {"type": "Point", "coordinates": [31.557801108974758, 30.266570965026922, 0.0]}}, {"type": "Feature", "properties": {"ID": "MH-A-11-13-1", "Easting": "031° 33' 22.92\" E", "Northing": "30° 15' 59.49\" N", "الشركة_المنفذة": "عوض خليفة", "Start": "1/3/2022", "End": "3/2/2025", "GlobalID": "{73958EBA-D683-4260-B4C6-C424DEF928BB}", "القطاع": "القطاع الثاني", "Depth": 1.7099999999999795, "GL": 169.67, "IL": 167.96, "نوع_المطبق": "مربع", "dimention": "2 X 2 m", "Fault_statement": null}, "geometry": {"type": "Point", "coordinates": [31.558044416338543, 30.26669225458549, 0.0]}}, {"type": "Feature", "properties": {"ID": "MH-A-11-13", "Easting": "031° 33' 24.01\" E", "Northing": "30° 16' 0.04\" N", "الشركة_المنفذة": "عوض خليفة", "Start": "1/3/2022", "End": "3/2/2025", "GlobalID": "{B9E2C88D-5650-4E2E-B561-12978D30E7C5}", "القطاع": "القطاع الثاني", "Depth": 1.8499999999999943, "GL": 169.7, "IL": 167.85, "نوع_المطبق": "مربع", "dimention": "2 X 2 m", "Fault_statement": null}, "geometry": {"type": "Point", "coordinates": [31.55834690061944, 30.266844599959697, 0.0]}}, {"type": "Feature", "properties": {"ID": "MH-A-11-11", "Easting": "031° 33' 24.92\" E", "Northing": "30° 15' 59.03\" N", "الشركة_المنفذة": "عوض خليفة", "Start": "1/3/2022", "End": "3/2/2025", "GlobalID": "{1BB8F1B1-EF72-4141-8977-5E642C30274B}", "القطاع": "القطاع الثاني", "Depth": 1.829999999999984, "GL": 169.13, "IL": 167.3, "نوع_المطبق": "مربع", "dimention": "2 X 2 m", "Fault_statement": null}, "geometry": {"type": "Point", "coordinates": [31.558599308419332, 30.266563247247166, 0.0]}}, {"type": "Feature", "properties": {"ID": "MH-A-11-10", "Easting": "031° 33' 25.41\" E", "Northing": "30° 15' 58.64\" N", "الشركة_المنفذة": "عوض خليفة", "Start": "1/3/2022", "End": "3/2/2025", "GlobalID": "{93BBF583-F27F-47E1-8E37-44DC34178783}", "القطاع": "القطاع الثاني", "Depth": 1.8899999999999864, "GL": 168.94, "IL": 167.05, "نوع_المطبق": "مربع", "dimention": "2 X 2 m", "Fault_statement": null}, "geometry": {"type": "Point", "coordinates": [31.558736295672453, 30.266454053949495, 0.0]}}, {"type": "Feature", "properties": {"ID": "MH-A-11", "Easting": "031° 33' 34.2\" E", "Northing": "30° 15' 59.18\" N", "الشركة_المنفذة": "عوض خليفة", "Start": "1/3/2022", "End": "3/2/2025", "GlobalID": "{C41B7A60-C280-488A-AEAC-A13EE5679464}", "القطاع": "القطاع الثاني", "Depth": 2.180000000000007, "GL": 165.4, "IL": 163.22, "نوع_المطبق": "مربع", "dimention": "2 X 2 m", "Fault_statement": null}, "geometry": {"type": "Point", "coordinates": [31.561177629506176, 30.266606033701184, 0.0]}}, {"type": "Feature", "properties": {"ID": "MH-A-5-b-9", "Easting": "031° 33' 51.08\" E", "Northing": "30° 16' 8.5\" N", "الشركة_المنفذة": "عوض خليفة", "Start": "1/3/2022", "End": "3/2/2025", "GlobalID": "{EFF0C501-A8CF-46E8-B191-C632E0FBE875}", "القطاع": "القطاع الثاني", "Depth": 1.5, "GL": 161.05, "IL": 159.55, "نوع_المطبق": "مربع", "dimention": "2 X 2 m", "Fault_statement": null}, "geometry": {"type": "Point", "coordinates": [31.5658672136739, 30.269194328103485, 0.0]}}, {"type": "Feature", "properties": {"ID": "MH-A-5-b-8", "Easting": "031° 33' 51.66\" E", "Northing": "30° 16' 7.82\" N", "الشركة_المنفذة": "عوض خليفة", "Start": "1/3/2022", "End": "3/2/2025", "GlobalID": "{890B35D8-A3D1-4D2A-9C92-FF3AABE99ED4}", "القطاع": "القطاع الثاني", "Depth": 2.009999999999991, "GL": 160.91, "IL": 158.9, "نوع_المطبق": "مربع", "dimention": "2 X 2 m", "Fault_statement": null}, "geometry": {"type": "Point", "coordinates": [31.566027527622786, 30.26900475010563, 0.0]}}, {"type": "Feature", "properties": {"ID": "MH-A-5-b-7", "Easting": "031° 33' 50.54\" E", "Northing": "30° 16' 7.12\" N", "الشركة_المنفذة": "عوض خليفة", "Start": "1/3/2022", "End": "3/2/2025", "GlobalID": "{7A677112-F6EC-438D-9B78-98C72188E0FE}", "القطاع": "القطاع الثاني", "Depth": 1.5, "GL": 159.73, "IL": 158.23, "نوع_المطبق": "مربع", "dimention": "2 X 2 m", "Fault_statement": null}, "geometry": {"type": "Point", "coordinates": [31.565715176850652, 30.26880982020135, 0.0]}}, {"type": "Feature", "properties": {"ID": "MH-A-5-b-6", "Easting": "031° 33' 49.64\" E", "Northing": "30° 16' 6.59\" N", "الشركة_المنفذة": "عوض خليفة", "Start": "1/3/2022", "End": "3/2/2025", "GlobalID": "{BC15AC6A-3112-49DD-B975-8A5D25C8F9B2}", "القطاع": "القطاع الثاني", "Depth": 1.6299999999999955, "GL": 159.34, "IL": 157.71, "نوع_المطبق": "مربع", "dimention": "2 X 2 m", "Fault_statement": null}, "geometry": {"type": "Point", "coordinates": [31.56546706703392, 30.268664326033765, 0.0]}}, {"type": "Feature", "properties": {"ID": "MH-A-5-b-5", "Easting": "031° 33' 48.86\" E", "Northing": "30° 16' 6.14\" N", "الشركة_المنفذة": "عوض خليفة", "Start": "1/3/2022", "End": "3/2/2025", "GlobalID": "{429EFF40-A45F-4495-968B-E38AF71931CB}", "القطاع": "القطاع الثاني", "Depth": 1.6299999999999955, "GL": 159.26, "IL": 157.63, "نوع_المطبق": "مربع", "dimention": "2 X 2 m", "Fault_statement": null}, "geometry": {"type": "Point", "coordinates": [31.56525056839614, 30.26853953237208, 0.0]}}, {"type": "Feature", "properties": {"ID": "MH-A-5-b-4-2", "Easting": "031° 33' 47.1\" E", "Northing": "30° 16' 7.09\" N", "الشركة_المنفذة": "عوض خليفة", "Start": "1/3/2022", "End": "3/2/2025", "GlobalID": "{75062DDB-5241-46F9-9101-4AAF0DA13284}", "القطاع": "القطاع الثاني", "Depth": 1.5, "GL": 160.55, "IL": 159.05, "نوع_المطبق": "مربع", "dimention": "2 X 2 m", "Fault_statement": null}, "geometry": {"type": "Point", "coordinates": [31.564761641787552, 30.268802150803122, 0.0]}}, {"type": "Feature", "properties": {"ID": "MH-A-5-b-4-1", "Easting": "031° 33' 47.72\" E", "Northing": "30° 16' 6.27\" N", "الشركة_المنفذة": "عوض خليفة", "Start": "1/3/2022", "End": "3/2/2025", "GlobalID": "{DE1EDF9D-785C-4E19-A7CC-6A2861024BA2}", "القطاع": "القطاع الثاني", "Depth": 1.509999999999991, "GL": 159.91, "IL": 158.4, "نوع_المطبق": "مربع", "dimention": "2 X 2 m", "Fault_statement": null}, "geometry": {"type": "Point", "coordinates": [31.56493186682075, 30.268575439388517, 0.0]}}, {"type": "Feature", "properties": {"ID": "MH-A-5-b-4", "Easting": "031° 33' 48.15\" E", "Northing": "30° 16' 5.74\" N", "الشركة_المنفذة": "عوض خليفة", "Start": "1/3/2022", "End": "3/2/2025", "GlobalID": "{DB210F40-690A-4058-9415-A0DB97ED5FCF}", "القطاع": "القطاع الثاني", "Depth": 1.9099999999999966, "GL": 159.47, "IL": 157.56, "نوع_المطبق": "مربع", "dimention": "2 X 2 m", "Fault_statement": null}, "geometry": {"type": "Point", "coordinates": [31.56505095205519, 30.268428351427158, 0.0]}}, {"type": "Feature", "properties": {"ID": "MH-A-5-b-3", "Easting": "031° 33' 46.99\" E", "Northing": "30° 16' 5.09\" N", "الشركة_المنفذة": "عوض خليفة", "Start": "1/3/2022", "End": "3/2/2025", "GlobalID": "{B426554E-9927-4A2F-BECA-0DEB75752B31}", "القطاع": "القطاع الثاني", "Depth": 2.539999999999992, "GL": 159.98, "IL": 157.44, "نوع_المطبق": "مربع", "dimention": "2 X 2 m", "Fault_statement": null}, "geometry": {"type": "Point", "coordinates": [31.564729201848717, 30.268246064783323, 0.0]}}, {"type": "Feature", "properties": {"ID": "MH-A-5-b-2", "Easting": "031° 33' 45.83\" E", "Northing": "30° 16' 4.49\" N", "الشركة_المنفذة": "عوض خليفة", "Start": "1/3/2022", "End": "3/2/2025", "GlobalID": "{183D13D5-9AED-40ED-9428-51E6246B06A5}", "القطاع": "القطاع الثاني", "Depth": 3.0100000000000193, "GL": 160.33, "IL": 157.32, "نوع_المطبق": "مربع", "dimention": "2 X 2 m", "Fault_statement": null}, "geometry": {"type": "Point", "coordinates": [31.564407596026093, 30.268079024869, 0.0]}}, {"type": "Feature", "properties": {"ID": "MH-A-5-b-10", "Easting": "031° 33' 50.53\" E", "Northing": "30° 16' 9.18\" N", "الشركة_المنفذة": "عوض خليفة", "Start": "1/3/2022", "End": "3/2/2025", "GlobalID": "{F864577A-4F72-4512-B50F-269CFE72F6A0}", "القطاع": "القطاع الثاني", "Depth": 1.509999999999991, "GL": 161.22, "IL": 159.71, "نوع_المطبق": "مربع", "dimention": "2 X 2 m", "Fault_statement": null}, "geometry": {"type": "Point", "coordinates": [31.56571336549621, 30.269383612814426, 0.0]}}, {"type": "Feature", "properties": {"ID": "MH-A-5-b-1-2", "Easting": "031° 33' 43.64\" E", "Northing": "30° 16' 5.27\" N", "الشركة_المنفذة": "عوض خليفة", "Start": "1/3/2022", "End": "3/2/2025", "GlobalID": "{EF007551-5C85-45BF-A163-6FF52A972144}", "القطاع": "القطاع الثاني", "Depth": 1.5, "GL": 161.67, "IL": 160.17, "نوع_المطبق": "مربع", "dimention": "2 X 2 m", "Fault_statement": null}, "geometry": {"type": "Point", "coordinates": [31.56379863146355, 30.26829762050317, 0.0]}}, {"type": "Feature", "properties": {"ID": "MH-A-5-b-1-1", "Easting": "031° 33' 44.2\" E", "Northing": "30° 16' 4.43\" N", "الشركة_المنفذة": "عوض خليفة", "Start": "1/3/2022", "End": "3/2/2025", "GlobalID": "{2570AA13-F23D-4D35-A849-10F2FC42B6A6}", "القطاع": "القطاع الثاني", "Depth": 1.6299999999999955, "GL": 161.28, "IL": 159.65, "نوع_المطبق": "مربع", "dimention": "2 X 2 m", "Fault_statement": null}, "geometry": {"type": "Point", "coordinates": [31.56395531111968, 30.26806366921363, 0.0]}}, {"type": "Feature", "properties": {"ID": "MH-A-5-b-1", "Easting": "031° 33' 44.59\" E", "Northing": "30° 16' 3.86\" N", "الشركة_المنفذة": "عوض خليفة", "Start": "1/3/2022", "End": "3/2/2025", "GlobalID": "{9462EF8C-2754-4640-A49D-200EB8DF9DB9}", "القطاع": "القطاع الثاني", "Depth": 3.6699999999999875, "GL": 160.82, "IL": 157.15, "نوع_المطبق": "مربع", "dimention": "2 X 2 m", "Fault_statement": null}, "geometry": {"type": "Point", "coordinates": [31.564061789813465, 30.267904954865365, 0.0]}}, {"type": "Feature", "properties": {"ID": "MH-A-5-a-8", "Easting": "031° 33' 35.79\" E", "Northing": "30° 16' 0.09\" N", "الشركة_المنفذة": "عوض خليفة", "Start": "1/3/2022", "End": "3/2/2025", "GlobalID": "{06FC21B2-8952-470D-9129-8746CE203C3C}", "القطاع": "القطاع الثاني", "Depth": 1.509999999999991, "GL": 164.78, "IL": 163.27, "نوع_المطبق": "مربع", "dimention": "2 X 2 m", "Fault_statement": null}, "geometry": {"type": "Point", "coordinates": [31.561619283170124, 30.266856618407193, 0.0]}}, {"type": "Feature", "properties": {"ID": "MH-A-5-a-7-2", "Easting": "031° 33' 36.37\" E", "Northing": "30° 16' 2.15\" N", "الشركة_المنفذة": "عوض خليفة", "Start": "1/3/2022", "End": "3/2/2025", "GlobalID": "{459B813D-3EFE-4F8E-AE5D-1542F9CEBDA3}", "القطاع": "القطاع الثاني", "Depth": 1.5, "GL": 164.69, "IL": 163.19, "نوع_المطبق": "مربع", "dimention": "2 X 2 m", "Fault_statement": null}, "geometry": {"type": "Point", "coordinates": [31.56178064124806, 30.26742979192274, 0.0]}}, {"type": "Feature", "properties": {"ID": "MH-A-5-a-7", "Easting": "031° 33' 37.15\" E", "Northing": "30° 16' 0.63\" N", "الشركة_المنفذة": "عوض خليفة", "Start": "1/3/2022", "End": "3/2/2025", "GlobalID": "{E0D40E44-CED1-4DB5-A4B2-65B40FE9A266}", "القطاع": "القطاع الثاني", "Depth": 1.509999999999991, "GL": 164.19, "IL": 162.68, "نوع_المطبق": "مربع", "dimention": "2 X 2 m", "Fault_statement": null}, "geometry": {"type": "Point", "coordinates": [31.561996645292517, 30.2670072166372, 0.0]}}, {"type": "Feature", "properties": {"ID": "MH-A-5-a-6", "Easting": "031° 33' 38.08\" E", "Northing": "30° 16' 0.98\" N", "الشركة_المنفذة": "عوض خليفة", "Start": "1/3/2022", "End": "3/2/2025", "GlobalID": "{8B5616A0-5FCF-4167-BC27-BE4DE23AD081}", "القطاع": "القطاع الثاني", "Depth": 2.1899999999999977, "GL": 163.84, "IL": 161.65, "نوع_المطبق": "مربع", "dimention": "2 X 2 m", "Fault_statement": null}, "geometry": {"type": "Point", "coordinates": [31.562253646663404, 30.26710506405411, 0.0]}}, {"type": "Feature", "properties": {"ID": "MH-A-5-a-5", "Easting": "031° 33' 38.83\" E", "Northing": "30° 16' 1.28\" N", "الشركة_المنفذة": "عوض خليفة", "Start": "1/3/2022", "End": "3/2/2025", "GlobalID": "{56E1FAA9-5E2F-4849-B5CD-0BA20F314227}", "القطاع": "القطاع الثاني", "Depth": 1.5, "GL": 163.79, "IL": 162.29, "نوع_المطبق": "مربع", "dimention": "2 X 2 m", "Fault_statement": null}, "geometry": {"type": "Point", "coordinates": [31.562463247019576, 30.267188324322447, 0.0]}}, {"type": "Feature", "properties": {"ID": "MH-A-5-a-4", "Easting": "031° 33' 40.19\" E", "Northing": "30° 16' 1.82\" N", "الشركة_المنفذة": "عوض خليفة", "Start": "1/3/2022", "End": "3/2/2025", "GlobalID": "{04929567-CDDA-4A06-8E22-ADB20619325F}", "القطاع": "القطاع الثاني", "Depth": 1.6999999999999886, "GL": 162.89, "IL": 161.19, "نوع_المطبق": "مربع", "dimention": "2 X 2 m", "Fault_statement": null}, "geometry": {"type": "Point", "coordinates": [31.562840927611347, 30.26733929036699, 0.0]}}, {"type": "Feature", "properties": {"ID": "MH-A-5-a-3-2", "Easting": "031° 33' 40.01\" E", "Northing": "30° 16' 3.64\" N", "الشركة_المنفذة": "عوض خليفة", "Start": "1/3/2022", "End": "3/2/2025", "GlobalID": "{125AFD07-EF21-47A6-A1C4-60CE1ACEFA4B}", "القطاع": "القطاع الثاني", "Depth": 1.5, "GL": 163.05, "IL": 161.55, "نوع_المطبق": "مربع", "dimention": "2 X 2 m", "Fault_statement": null}, "geometry": {"type": "Point", "coordinates": [31.562790364744686, 30.267844028025063, 0.0]}}, {"type": "Feature", "properties": {"ID": "MH-A-5-a-3-1", "Easting": "031° 33' 40.45\" E", "Northing": "30° 16' 2.88\" N", "الشركة_المنفذة": "عوض خليفة", "Start": "1/3/2022", "End": "3/2/2025", "GlobalID": "{E852FE80-A634-417A-B9E4-253773156D3C}", "القطاع": "القطاع الثاني", "Depth": 1.5999999999999943, "GL": 162.82, "IL": 161.22, "نوع_المطبق": "مربع", "dimention": "2 X 2 m", "Fault_statement": null}, "geometry": {"type": "Point", "coordinates": [31.562912490375346, 30.267634083490044, 0.0]}}, {"type": "Feature", "properties": {"ID": "MH-A-5-a-3", "Easting": "031° 33' 40.9\" E", "Northing": "30° 16' 2.14\" N", "الشركة_المنفذة": "عوض خليفة", "Start": "1/3/2022", "End": "3/2/2025", "GlobalID": "{4C1CBADF-7289-4C89-9599-5205F37A649D}", "القطاع": "القطاع الثاني", "Depth": 1.5199999999999818, "GL": 162.42, "IL": 160.9, "نوع_المطبق": "مربع", "dimention": "2 X 2 m", "Fault_statement": null}, "geometry": {"type": "Point", "coordinates": [31.563038167671774, 30.26742636607472, 0.0]}}, {"type": "Feature", "properties": {"ID": "MH-A-5-a-2", "Easting": "031° 33' 42.32\" E", "Northing": "30° 16' 2.77\" N", "الشركة_المنفذة": "عوض خليفة", "Start": "1/3/2022", "End": "3/2/2025", "GlobalID": "{BE20C47A-50F6-406C-9F28-203E310AB7D9}", "القطاع": "القطاع الثاني", "Depth": 1.6099999999999852, "GL": 161.89, "IL": 160.28, "نوع_المطبق": "مربع", "dimention": "2 X 2 m", "Fault_statement": null}, "geometry": {"type": "Point", "coordinates": [31.56343153525399, 30.267603146315196, 0.0]}}, {"type": "Feature", "properties": {"ID": "MH-A-5-a-1", "Easting": "031° 33' 43.63\" E", "Northing": "30° 16' 3.39\" N", "الشركة_المنفذة": "عوض خليفة", "Start": "1/3/2022", "End": "3/2/2025", "GlobalID": "{8AF2DA4F-03AE-4D77-90B9-D46DDE069970}", "القطاع": "القطاع الثاني", "Depth": 1.710000000000008, "GL": 161.41, "IL": 159.7, "نوع_المطبق": "مربع", "dimention": "2 X 2 m", "Fault_statement": null}, "geometry": {"type": "Point", "coordinates": [31.56379782849628, 30.267773278214865, 0.0]}}, {"type": "Feature", "properties": {"ID": "MH-A-5-9", "Easting": "031° 33' 50.41\" E", "Northing": "30° 16' 12.18\" N", "الشركة_المنفذة": "عوض خليفة", "Start": "1/3/2022", "End": "3/2/2025", "GlobalID": "{8B36C440-1807-43BD-BD19-586E6E6D1103}", "القطاع": "القطاع الثاني", "Depth": 2.6999999999999886, "GL": 161.97, "IL": 159.27, "نوع_المطبق": "دائري", "dimention": "1.2 m", "Fault_statement": null}, "geometry": {"type": "Point", "coordinates": [31.565680386637375, 30.270215665089342, 0.0]}}, {"type": "Feature", "properties": {"ID": "MH-A-5-8", "Easting": "031° 33' 51.79\" E", "Northing": "30° 16' 10.68\" N", "الشركة_المنفذة": "عوض خليفة", "Start": "1/3/2022", "End": "3/2/2025", "GlobalID": "{3634861B-0C70-4839-A557-E2B65EF3818B}", "القطاع": "القطاع الثاني", "Depth": 2.9899999999999807, "GL": 162.23, "IL": 159.24, "نوع_المطبق": "دائري", "dimention": "1.2 m", "Fault_statement": null}, "geometry": {"type": "Point", "coordinates": [31.56606219616682, 30.269799054055575, 0.0]}}, {"type": "Feature", "properties": {"ID": "MH-A-5-7", "Easting": "031° 33' 52.7\" E", "Northing": "30° 16' 9.68\" N", "الشركة_المنفذة": "عوض خليفة", "Start": "1/3/2022", "End": "3/2/2025", "GlobalID": "{BDD20C99-CC7C-4595-97B4-FD4BCF1C5D6A}", "القطاع": "القطاع الثاني", "Depth": 3.280000000000001, "GL": 162.5, "IL": 159.22, "نوع_المطبق": "دائري", "dimention": "1.2 m", "Fault_statement": null}, "geometry": {"type": "Point", "coordinates": [31.566315551087897, 30.269521976356245, 0.0]}}, {"type": "Feature", "properties": {"ID": "MH-A-5-6-9", "Easting": "031° 34' 0.99\" E", "Northing": "30° 16' 14.33\" N", "الشركة_المنفذة": "عوض خليفة", "Start": "1/3/2022", "End": "3/2/2025", "GlobalID": "{D5904D3B-9874-406F-B85F-F54030B1BCC0}", "القطاع": "القطاع الثاني", "Depth": 1.6799999999999784, "GL": 172.98, "IL": 171.3, "نوع_المطبق": "مربع", "dimention": "2 X 2 m", "Fault_statement": null}, "geometry": {"type": "Point", "coordinates": [31.568618777886797, 30.27081233370166, 0.0]}}, {"type": "Feature", "properties": {"ID": "MH-A-5-6-8", "Easting": "031° 34' 0.19\" E", "Northing": "30° 16' 13.64\" N", "الشركة_المنفذة": "عوض خليفة", "Start": "1/3/2022", "End": "3/2/2025", "GlobalID": "{3F65F4B7-9DCF-4DD0-B3C4-9566F3376267}", "القطاع": "القطاع الثاني", "Depth": 1.5, "GL": 171.67, "IL": 170.17, "نوع_المطبق": "مربع", "dimention": "2 X 2 m", "Fault_statement": null}, "geometry": {"type": "Point", "coordinates": [31.568396385815802, 30.270623114478706, 0.0]}}, {"type": "Feature", "properties": {"ID": "MH-A-5-6-7", "Easting": "031° 33' 59.11\" E", "Northing": "30° 16' 12.75\" N", "الشركة_المنفذة": "عوض خليفة", "Start": "1/3/2022", "End": "3/2/2025", "GlobalID": "{82FA59E0-8FFD-4599-A902-847EA3713785}", "القطاع": "القطاع الثاني", "Depth": 1.6999999999999886, "GL": 170.35, "IL": 168.65, "نوع_المطبق": "مربع", "dimention": "2 X 2 m", "Fault_statement": null}, "geometry": {"type": "Point", "coordinates": [31.56809532523398, 30.270373865482558, 0.0]}}, {"type": "Feature", "properties": {"ID": "MH-A-5-6-6-b-2", "Easting": "031° 33' 59.99\" E", "Northing": "30° 16' 10.67\" N", "الشركة_المنفذة": "عوض خليفة", "Start": "1/3/2022", "End": "3/2/2025", "GlobalID": "{BA6024D2-DC0C-4E93-A934-1C5C45E0B796}", "القطاع": "القطاع الثاني", "Depth": 1.5, "GL": 169.4, "IL": 167.9, "نوع_المطبق": "مربع", "dimention": "2 X 2 m", "Fault_statement": null}, "geometry": {"type": "Point", "coordinates": [31.56834193149996, 30.269797257064226, 0.0]}}, {"type": "Feature", "properties": {"ID": "MH-A-5-6-6-b-1", "Easting": "031° 33' 59.46\" E", "Northing": "30° 16' 11.16\" N", "الشركة_المنفذة": "عوض خليفة", "Start": "1/3/2022", "End": "3/2/2025", "GlobalID": "{C4B1A70E-DEB2-4D6F-ADAB-76637CA53F22}", "القطاع": "القطاع الثاني", "Depth": 1.5300000000000011, "GL": 169.36, "IL": 167.83, "نوع_المطبق": "مربع", "dimention": "2 X 2 m", "Fault_statement": null}, "geometry": {"type": "Point", "coordinates": [31.56819450442553, 30.26993287768659, 0.0]}}, {"type": "Feature", "properties": {"ID": "MH-A-5-6-6-b", "Easting": "031° 33' 58.71\" E", "Northing": "30° 16' 11.87\" N", "الشركة_المنفذة": "عوض خليفة", "Start": "1/3/2022", "End": "3/2/2025", "GlobalID": "{68D60ACB-BBF1-44CA-85EF-A34913BA5E03}", "القطاع": "القطاع الثاني", "Depth": 1.6200000000000045, "GL": 169.36, "IL": 167.74, "نوع_المطبق": "مربع", "dimention": "2 X 2 m", "Fault_statement": null}, "geometry": {"type": "Point", "coordinates": [31.56798541655741, 30.27012900368063, 0.0]}}, {"type": "Feature", "properties": {"ID": "MH-A-5-6-6-a-1", "Easting": "031° 33' 56.87\" E", "Northing": "30° 16' 13.62\" N", "الشركة_المنفذة": "عوض خليفة", "Start": "1/3/2022", "End": "3/2/2025", "GlobalID": "{2F78BE8C-E9B9-4B7E-9809-E2ED8E44A4B1}", "القطاع": "القطاع الثاني", "Depth": 1.5, "GL": 168.5, "IL": 167.0, "نوع_المطبق": "مربع", "dimention": "2 X 2 m", "Fault_statement": null}, "geometry": {"type": "Point", "coordinates": [31.567474851227722, 30.27061643400599, 0.0]}}, {"type": "Feature", "properties": {"ID": "MH-A-5-6-6-a", "Easting": "031° 33' 57.63\" E", "Northing": "30° 16' 12.9\" N", "الشركة_المنفذة": "عوض خليفة", "Start": "1/3/2022", "End": "3/2/2025", "GlobalID": "{C79BC4B3-7EC6-4A68-AE4A-B1827CE396D5}", "القطاع": "القطاع الثاني", "Depth": 1.579999999999984, "GL": 168.48, "IL": 166.9, "نوع_المطبق": "مربع", "dimention": "2 X 2 m", "Fault_statement": null}, "geometry": {"type": "Point", "coordinates": [31.567684499191383, 30.2704161461745, 0.0]}}, {"type": "Feature", "properties": {"ID": "MH-A-5-6-6", "Easting": "031° 33' 58.39\" E", "Northing": "30° 16' 12.18\" N", "الشركة_المنفذة": "عوض خليفة", "Start": "1/3/2022", "End": "3/2/2025", "GlobalID": "{A53C299E-39D1-4B45-B116-60FBB3B9FE81}", "القطاع": "القطاع الثاني", "Depth": 2.5600000000000023, "GL": 169.36, "IL": 166.8, "نوع_المطبق": "مربع", "dimention": "2 X 2 m", "Fault_statement": null}, "geometry": {"type": "Point", "coordinates": [31.567896434436967, 30.270215093995624, 0.0]}}, {"type": "Feature", "properties": {"ID": "MH-A-5-6-5", "Easting": "031° 33' 57.71\" E", "Northing": "30° 16' 11.66\" N", "الشركة_المنفذة": "عوض خليفة", "Start": "1/3/2022", "End": "3/2/2025", "GlobalID": "{774B99B1-20CB-4998-8464-AB6335E97444}", "القطاع": "القطاع الثاني", "Depth": 2.4399999999999977, "GL": 168.45, "IL": 166.01, "نوع_المطبق": "مربع", "dimention": "2 X 2 m", "Fault_statement": null}, "geometry": {"type": "Point", "coordinates": [31.567708535279323, 30.270072637691797, 0.0]}}, {"type": "Feature", "properties": {"ID": "MH-A-5-6-4", "Easting": "031° 33' 56.87\" E", "Northing": "30° 16' 11.02\" N", "الشركة_المنفذة": "عوض خليفة", "Start": "1/3/2022", "End": "3/2/2025", "GlobalID": "{B4F0106A-A975-4D6F-BC8C-ECC16669E47D}", "القطاع": "القطاع الثاني", "Depth": 2.289999999999992, "GL": 167.31, "IL": 165.02, "نوع_المطبق": "مربع", "dimention": "2 X 2 m", "Fault_statement": null}, "geometry": {"type": "Point", "coordinates": [31.567474244543174, 30.269894108866406, 0.0]}}, {"type": "Feature", "properties": {"ID": "MH-A-5-6-3", "Easting": "031° 33' 56.02\" E", "Northing": "30° 16' 10.38\" N", "الشركة_المنفذة": "عوض خليفة", "Start": "1/3/2022", "End": "3/2/2025", "GlobalID": "{683A2452-E7B9-4AEB-8496-DADC067A8885}", "القطاع": "القطاع الثاني", "Depth": 2.1500000000000057, "GL": 166.18, "IL": 164.03, "نوع_المطبق": "مربع", "dimention": "2 X 2 m", "Fault_statement": null}, "geometry": {"type": "Point", "coordinates": [31.56723809472521, 30.269717436840427, 0.0]}}, {"type": "Feature", "properties": {"ID": "MH-A-5-6-2-b-3", "Easting": "031° 33' 57.96\" E", "Northing": "30° 16' 7.77\" N", "الشركة_المنفذة": "عوض خليفة", "Start": "1/3/2022", "End": "3/2/2025", "GlobalID": "{474D101B-8E78-48C8-AFD3-2FBBDE2C83C1}", "القطاع": "القطاع الثاني", "Depth": 1.5, "GL": 165.58, "IL": 164.08, "نوع_المطبق": "مربع", "dimention": "2 X 2 m", "Fault_statement": null}, "geometry": {"type": "Point", "coordinates": [31.567778223486744, 30.268990765628327, 0.0]}}, {"type": "Feature", "properties": {"ID": "MH-A-5-6-2-b-2", "Easting": "031° 33' 57.36\" E", "Northing": "30° 16' 8.39\" N", "الشركة_المنفذة": "عوض خليفة", "Start": "1/3/2022", "End": "3/2/2025", "GlobalID": "{A328019E-3F9B-4714-8DCA-48B7CC85F3C5}", "القطاع": "القطاع الثاني", "Depth": 1.6200000000000045, "GL": 165.62, "IL": 164.0, "نوع_المطبق": "مربع", "dimention": "2 X 2 m", "Fault_statement": null}, "geometry": {"type": "Point", "coordinates": [31.567611442661256, 30.269163671485273, 0.0]}}, {"type": "Feature", "properties": {"ID": "MH-A-5-6-2-b-1", "Easting": "031° 33' 56.79\" E", "Northing": "30° 16' 8.99\" N", "الشركة_المنفذة": "عوض خليفة", "Start": "1/3/2022", "End": "3/2/2025", "GlobalID": "{4F4BFF86-5119-4B97-A41B-685AF23BD66A}", "القطاع": "القطاع الثاني", "Depth": 1.740000000000009, "GL": 165.66, "IL": 163.92, "نوع_المطبق": "مربع", "dimention": "2 X 2 m", "Fault_statement": null}, "geometry": {"type": "Point", "coordinates": [31.567451332776276, 30.269329662064344, 0.0]}}, {"type": "Feature", "properties": {"ID": "MH-A-5-6-2-b", "Easting": "031° 33' 55.95\" E", "Northing": "30° 16' 9.86\" N", "الشركة_المنفذة": "عوض خليفة", "Start": "1/3/2022", "End": "3/2/2025", "GlobalID": "{44A55C04-FFFB-425C-B210-EA85DFCC20E1}", "القطاع": "القطاع الثاني", "Depth": 2.009999999999991, "GL": 165.72, "IL": 163.71, "نوع_المطبق": "مربع", "dimention": "2 X 2 m", "Fault_statement": null}, "geometry": {"type": "Point", "coordinates": [31.567219093871717, 30.269572638149118, 0.0]}}, {"type": "Feature", "properties": {"ID": "MH-A-5-6-2-a-1", "Easting": "031° 33' 53.75\" E", "Northing": "30° 16' 11.37\" N", "الشركة_المنفذة": "عوض خليفة", "Start": "1/3/2022", "End": "3/2/2025", "GlobalID": "{976C0713-1FE2-483D-9657-7E2D2D452435}", "القطاع": "القطاع الثاني", "Depth": 1.5, "GL": 164.08, "IL": 162.58, "نوع_المطبق": "مربع", "dimention": "2 X 2 m", "Fault_statement": null}, "geometry": {"type": "Point", "coordinates": [31.566608598091303, 30.269992627525557, 0.0]}}, {"type": "Feature", "properties": {"ID": "MH-A-5-6-2-a", "Easting": "031° 33' 54.46\" E", "Northing": "30° 16' 10.62\" N", "الشركة_المنفذة": "عوض خليفة", "Start": "1/3/2022", "End": "3/2/2025", "GlobalID": "{AD9A0878-E034-455E-BB95-CA90A01A559E}", "القطاع": "القطاع الثاني", "Depth": 2.1100000000000136, "GL": 164.59, "IL": 162.48, "نوع_المطبق": "مربع", "dimention": "2 X 2 m", "Fault_statement": null}, "geometry": {"type": "Point", "coordinates": [31.566806239776394, 30.269783345447976, 0.0]}}, {"type": "Feature", "properties": {"ID": "MH-A-5-6-2", "Easting": "031° 33' 55.23\" E", "Northing": "30° 16' 9.82\" N", "الشركة_المنفذة": "عوض خليفة", "Start": "1/3/2022", "End": "3/2/2025", "GlobalID": "{E6B6EC15-5C08-4746-B23E-7FCA3AA86D4D}", "القطاع": "القطاع الثاني", "Depth": 2.7700000000000102, "GL": 165.15, "IL": 162.38, "نوع_المطبق": "مربع", "dimention": "2 X 2 m", "Fault_statement": null}, "geometry": {"type": "Point", "coordinates": [31.567018494361125, 30.269560712789534, 0.0]}}, {"type": "Feature", "properties": {"ID": "MH-A-5-6-11", "Easting": "031° 34' 2.57\" E", "Northing": "30° 16' 12.94\" N", "الشركة_المنفذة": "عوض خليفة", "Start": "1/3/2022", "End": "3/2/2025", "GlobalID": "{9AAE39FB-3E19-4F7C-B86D-D85DD4E51FAD}", "القطاع": "القطاع الثاني", "Depth": 1.5, "GL": 172.99, "IL": 171.49, "نوع_المطبق": "مربع", "dimention": "2 X 2 m", "Fault_statement": null}, "geometry": {"type": "Point", "coordinates": [31.56905801710994, 30.27042819840234, 0.0]}}, {"type": "Feature", "properties": {"ID": "MH-A-5-6-10", "Easting": "031° 34' 1.94\" E", "Northing": "30° 16' 13.49\" N", "الشركة_المنفذة": "عوض خليفة", "Start": "1/3/2022", "End": "3/2/2025", "GlobalID": "{E061DF2E-88CF-4085-A072-6611BC821A61}", "القطاع": "القطاع الثاني", "Depth": 1.5700000000000216, "GL": 172.99, "IL": 171.42, "نوع_المطبق": "مربع", "dimention": "2 X 2 m", "Fault_statement": null}, "geometry": {"type": "Point", "coordinates": [31.568881903236402, 30.270581492612184, 0.0]}}, {"type": "Feature", "properties": {"ID": "MH-A-5-6-1", "Easting": "031° 33' 54.27\" E", "Northing": "30° 16' 9.15\" N", "الشركة_المنفذة": "عوض خليفة", "Start": "1/3/2022", "End": "3/2/2025", "GlobalID": "{E0231289-0A27-4464-BAAF-DC0CCDB859EB}", "القطاع": "القطاع الثاني", "Depth": 2.759999999999991, "GL": 163.89, "IL": 161.13, "نوع_المطبق": "مربع", "dimention": "2 X 2 m", "Fault_statement": null}, "geometry": {"type": "Point", "coordinates": [31.56675085721777, 30.269373394761523, 0.0]}}, {"type": "Feature", "properties": {"ID": "MH-A-5-6", "Easting": "031° 33' 53.58\" E", "Northing": "30° 16' 8.68\" N", "الشركة_المنفذة": "عوض خليفة", "Start": "1/3/2022", "End": "3/2/2025", "GlobalID": "{AB044A74-3B90-45CA-8BF4-8367C29C4F7C}", "القطاع": "القطاع الثاني", "Depth": 3.8100000000000023, "GL": 163.01, "IL": 159.2, "نوع_المطبق": "مربع", "dimention": "2 X 2 m", "Fault_statement": null}, "geometry": {"type": "Point", "coordinates": [31.566559121249146, 30.26924413761711, 0.0]}}, {"type": "Feature", "properties": {"ID": "MH-A-5-54", "Easting": "031° 33' 32.9\" E", "Northing": "30° 16' 44.37\" N", "الشركة_المنفذة": "التوحيد", "Start": "1/3/2022", "End": "3/2/2025", "GlobalID": "{D2C816EF-831F-48CD-A4EA-552B48CBD03D}", "القطاع": "القطاع الثالث", "Depth": 1.6699999999999875, "GL": 176.94, "IL": 175.27, "نوع_المطبق": "مربع", "dimention": "2 X 2 m", "Fault_statement": null}, "geometry": {"type": "Point", "coordinates": [31.56081582546063, 30.27915769444522, 0.0]}}, {"type": "Feature", "properties": {"ID": "MH-A-5-53-3", "Easting": "031° 33' 35.15\" E", "Northing": "30° 16' 41.82\" N", "الشركة_المنفذة": "التوحيد", "Start": "1/3/2022", "End": "3/2/2025", "GlobalID": "{5ADAB5F2-EBDC-46F4-B11D-96967D3510C1}", "القطاع": "القطاع الثالث", "Depth": 1.5, "GL": 175.83, "IL": 174.33, "نوع_المطبق": "مربع", "dimention": "2 X 2 m", "Fault_statement": null}, "geometry": {"type": "Point", "coordinates": [31.561441206341296, 30.278451006182458, 0.0]}}, {"type": "Feature", "properties": {"ID": "MH-A-5-53-2", "Easting": "031° 33' 34.86\" E", "Northing": "30° 16' 42.7\" N", "الشركة_المنفذة": "التوحيد", "Start": "1/3/2022", "End": "3/2/2025", "GlobalID": "{7D2F7052-1C4C-47BA-9CBB-F8D874438143}", "القطاع": "القطاع الثالث", "Depth": 1.7199999999999989, "GL": 175.96, "IL": 174.24, "نوع_المطبق": "مربع", "dimention": "2 X 2 m", "Fault_statement": null}, "geometry": {"type": "Point", "coordinates": [31.561359746534045, 30.278693358656085, 0.0]}}, {"type": "Feature", "properties": {"ID": "MH-A-5-53-1", "Easting": "031° 33' 34.55\" E", "Northing": "30° 16' 43.63\" N", "الشركة_المنفذة": "التوحيد", "Start": "1/3/2022", "End": "3/2/2025", "GlobalID": "{D2C4B42A-14F1-4D59-8FE5-1CCA2AB57D2B}", "القطاع": "القطاع الثالث", "Depth": 1.8500000000000227, "GL": 175.99, "IL": 174.14, "نوع_المطبق": "مربع", "dimention": "2 X 2 m", "Fault_statement": null}, "geometry": {"type": "Point", "coordinates": [31.56127350836206, 30.27895340976575, 0.0]}}, {"type": "Feature", "properties": {"ID": "MH-A-5-53", "Easting": "031° 33' 34.14\" E", "Northing": "30° 16' 44.8\" N", "الشركة_المنفذة": "التوحيد", "Start": "1/3/2022", "End": "3/2/2025", "GlobalID": "{25ABFF5A-60CE-417E-BDAC-333E5EE17D0B}", "القطاع": "القطاع الثالث", "Depth": 2.030000000000001, "GL": 176.05, "IL": 174.02, "نوع_المطبق": "مربع", "dimention": "2 X 2 m", "Fault_statement": null}, "geometry": {"type": "Point", "coordinates": [31.561161507142884, 30.279276391145665, 0.0]}}, {"type": "Feature", "properties": {"ID": "MH-A-5-52", "Easting": "031° 33' 35.42\" E", "Northing": "30° 16' 45.04\" N", "الشركة_المنفذة": "التوحيد", "Start": "1/3/2022", "End": "3/2/2025", "GlobalID": "{CDD91E72-44B1-4854-87A0-59AD1F0C8846}", "القطاع": "القطاع الثالث", "Depth": 1.8199999999999932, "GL": 175.14, "IL": 173.32, "نوع_المطبق": "مربع", "dimention": "2 X 2 m", "Fault_statement": null}, "geometry": {"type": "Point", "coordinates": [31.561516672270916, 30.27934460587659, 0.0]}}, {"type": "Feature", "properties": {"ID": "MH-A-5-51", "Easting": "031° 33' 36.9\" E", "Northing": "30° 16' 45.25\" N", "الشركة_المنفذة": "التوحيد", "Start": "1/3/2022", "End": "3/2/2025", "GlobalID": "{8106063C-CAAC-426A-B203-3A24A3C499AA}", "القطاع": "القطاع الثالث", "Depth": 1.6599999999999966, "GL": 174.12, "IL": 172.46, "نوع_المطبق": "مربع", "dimention": "2 X 2 m", "Fault_statement": null}, "geometry": {"type": "Point", "coordinates": [31.561927198124195, 30.279401471046228, 0.0]}}, {"type": "Feature", "properties": {"ID": "MH-A-5-50", "Easting": "031° 33' 38.21\" E", "Northing": "30° 16' 45.28\" N", "الشركة_المنفذة": "التوحيد", "Start": "1/3/2022", "End": "3/2/2025", "GlobalID": "{A63A0E55-27A8-4A2D-A177-B18475B0026D}", "القطاع": "القطاع الثالث", "Depth": 1.5, "GL": 173.26, "IL": 171.76, "نوع_المطبق": "مربع", "dimention": "2 X 2 m", "Fault_statement": null}, "geometry": {"type": "Point", "coordinates": [31.56229082142365, 30.27941003140655, 0.0]}}, {"type": "Feature", "properties": {"ID": "MH-A-5-5", "Easting": "031° 33' 51.87\" E", "Northing": "30° 16' 7.57\" N", "الشركة_المنفذة": "عوض خليفة", "Start": "1/3/2022", "End": "3/2/2025", "GlobalID": "{7264B50D-234B-4718-89DC-CAA9F346AD18}", "القطاع": "القطاع الثاني", "Depth": 2.7399999999999807, "GL": 160.85, "IL": 158.11, "نوع_المطبق": "دائري", "dimention": "1.2 m", "Fault_statement": null}, "geometry": {"type": "Point", "coordinates": [31.56608494954665, 30.26893498354308, 0.0]}}, {"type": "Feature", "properties": {"ID": "N-6", "Easting": "031° 33' 39.23\" E", "Northing": "30° 16' 43.01\" N", "الشركة_المنفذة": "التوحيد", "Start": "1/3/2022", "End": "3/2/2025", "GlobalID": "{576A115C-B3D5-461D-AB8C-BD5331122AFC}", "القطاع": "القطاع الثالث", "Depth": 2.4099999999999966, "GL": 165.21, "IL": 162.8, "نوع_المطبق": "مربع", "dimention": "2 X 2 m", "Fault_statement": null}, "geometry": {"type": "Point", "coordinates": [31.562573287713892, 30.278780491036787, 0.0]}}, {"type": "Feature", "properties": {"ID": "MH-A-5-49-2", "Easting": "031° 33' 39.12\" E", "Northing": "30° 16' 42.24\" N", "الشركة_المنفذة": "التوحيد", "Start": "1/3/2022", "End": "3/2/2025", "GlobalID": "{6E3C3399-49C0-4F18-A2A5-1A45AC1276C5}", "القطاع": "القطاع الثالث", "Depth": 1.5, "GL": 172.58, "IL": 171.08, "نوع_المطبق": "مربع", "dimention": "2 X 2 m", "Fault_statement": null}, "geometry": {"type": "Point", "coordinates": [31.562542946592202, 30.27856561024106, 0.0]}}, {"type": "Feature", "properties": {"ID": "MH-A-5-49-1", "Easting": "031° 33' 39.32\" E", "Northing": "30° 16' 43.93\" N", "الشركة_المنفذة": "التوحيد", "Start": "1/3/2022", "End": "3/2/2025", "GlobalID": "{2B0A75F7-6779-4849-809D-4B5A6DAD4733}", "القطاع": "القطاع الثالث", "Depth": 1.670000000000016, "GL": 172.58, "IL": 170.91, "نوع_المطبق": "مربع", "dimention": "2 X 2 m", "Fault_statement": null}, "geometry": {"type": "Point", "coordinates": [31.56260038766403, 30.27903611837362, 0.0]}}, {"type": "Feature", "properties": {"ID": "MH-A-5-49", "Easting": "031° 33' 39.47\" E", "Northing": "30° 16' 45.22\" N", "الشركة_المنفذة": "التوحيد", "Start": "1/3/2022", "End": "3/2/2025", "GlobalID": "{028252CC-5666-4260-B747-020F6FFE2448}", "القطاع": "القطاع الثالث", "Depth": 1.8000000000000114, "GL": 172.58, "IL": 170.78, "نوع_المطبق": "مربع", "dimention": "2 X 2 m", "Fault_statement": null}, "geometry": {"type": "Point", "coordinates": [31.562640342558826, 30.27939510794779, 0.0]}}, {"type": "Feature", "properties": {"ID": "MH-A-5-48", "Easting": "031° 33' 40.77\" E", "Northing": "30° 16' 45.08\" N", "الشركة_المنفذة": "التوحيد", "Start": "1/3/2022", "End": "3/2/2025", "GlobalID": "{F5ECE446-86EA-4400-8EBE-09C16F23B7FA}", "القطاع": "القطاع الثالث", "Depth": 1.9799999999999898, "GL": 172.06, "IL": 170.08, "نوع_المطبق": "مربع", "dimention": "2 X 2 m", "Fault_statement": null}, "geometry": {"type": "Point", "coordinates": [31.563001325575527, 30.279355454452933, 0.0]}}, {"type": "Feature", "properties": {"ID": "MH-A-5-47", "Easting": "031° 33' 42.07\" E", "Northing": "30° 16' 44.79\" N", "الشركة_المنفذة": "التوحيد", "Start": "1/3/2022", "End": "3/2/2025", "GlobalID": "{3ED3B9CE-72F9-461F-9B5D-BDD94C962DA1}", "القطاع": "القطاع الثالث", "Depth": 1.9800000000000182, "GL": 171.65, "IL": 169.67, "نوع_المطبق": "مربع", "dimention": "2 X 2 m", "Fault_statement": null}, "geometry": {"type": "Point", "coordinates": [31.563363757611004, 30.279275800768787, 0.0]}}, {"type": "Feature", "properties": {"ID": "MH-A-5-46", "Easting": "031° 33' 43.27\" E", "Northing": "30° 16' 44.43\" N", "الشركة_المنفذة": "التوحيد", "Start": "1/3/2022", "End": "3/2/2025", "GlobalID": "{A2854136-66B8-45E3-A62A-4A998EAE9AB5}", "القطاع": "القطاع الثالث", "Depth": 1.9799999999999898, "GL": 171.25, "IL": 169.27, "نوع_المطبق": "مربع", "dimention": "2 X 2 m", "Fault_statement": null}, "geometry": {"type": "Point", "coordinates": [31.56369724541215, 30.279174890296517, 0.0]}}, {"type": "Feature", "properties": {"ID": "MH-A-5-45-2", "Easting": "031° 33' 43.02\" E", "Northing": "30° 16' 42.11\" N", "الشركة_المنفذة": "التوحيد", "Start": "1/3/2022", "End": "3/2/2025", "GlobalID": "{5043B64B-28B5-49C2-9096-2858F483EB38}", "القطاع": "القطاع الثالث", "Depth": 1.5, "GL": 171.05, "IL": 169.55, "نوع_المطبق": "مربع", "dimention": "2 X 2 m", "Fault_statement": null}, "geometry": {"type": "Point", "coordinates": [31.563625831030095, 30.278530314204605, 0.0]}}, {"type": "Feature", "properties": {"ID": "MH-A-5-45-1", "Easting": "031° 33' 43.46\" E", "Northing": "30° 16' 42.92\" N", "الشركة_المنفذة": "التوحيد", "Start": "1/3/2022", "End": "3/2/2025", "GlobalID": "{63A95DAB-A6B5-4DCE-9C79-6CDEAD0D01F2}", "القطاع": "القطاع الثالث", "Depth": 1.5300000000000011, "GL": 170.99, "IL": 169.46, "نوع_المطبق": "مربع", "dimention": "2 X 2 m", "Fault_statement": null}, "geometry": {"type": "Point", "coordinates": [31.563750599560677, 30.278756019234525, 0.0]}}, {"type": "Feature", "properties": {"ID": "MH-A-5-45", "Easting": "031° 33' 44.12\" E", "Northing": "30° 16' 44.09\" N", "الشركة_المنفذة": "التوحيد", "Start": "1/3/2022", "End": "3/2/2025", "GlobalID": "{A6974CC5-88B7-4D52-BC8A-D28646A52FE6}", "القطاع": "القطاع الثالث", "Depth": 1.9699999999999989, "GL": 170.96, "IL": 168.99, "نوع_المطبق": "مربع", "dimention": "2 X 2 m", "Fault_statement": null}, "geometry": {"type": "Point", "coordinates": [31.563932207780436, 30.279080581731034, 0.0]}}, {"type": "Feature", "properties": {"ID": "MH-A-5-41-9", "Easting": "031° 33' 38.89\" E", "Northing": "30° 16' 50.72\" N", "الشركة_المنفذة": "التوحيد", "Start": "1/3/2022", "End": "3/2/2025", "GlobalID": "{DAC9D231-EACC-4DB5-8EB6-90B8D48861B4}", "القطاع": "القطاع الثالث", "Depth": 1.700000000000017, "GL": 174.99, "IL": 173.29, "نوع_المطبق": "مربع", "dimention": "2 X 2 m", "Fault_statement": null}, "geometry": {"type": "Point", "coordinates": [31.562479936197875, 30.280923071799933, 0.0]}}, {"type": "Feature", "properties": {"ID": "MH-A-5-41-8", "Easting": "031° 33' 39.94\" E", "Northing": "30° 16' 49.8\" N", "الشركة_المنفذة": "التوحيد", "Start": "1/3/2022", "End": "3/2/2025", "GlobalID": "{E8191681-C773-4A40-B801-5FE6A49D48A0}", "القطاع": "القطاع الثالث", "Depth": 1.5999999999999943, "GL": 174.38, "IL": 172.78, "نوع_المطبق": "مربع", "dimention": "2 X 2 m", "Fault_statement": null}, "geometry": {"type": "Point", "coordinates": [31.562770915967747, 30.280665374336447, 0.0]}}, {"type": "Feature", "properties": {"ID": "MH-A-5-41-7", "Easting": "031° 33' 40.99\" E", "Northing": "30° 16' 48.87\" N", "الشركة_المنفذة": "التوحيد", "Start": "1/3/2022", "End": "3/2/2025", "GlobalID": "{8DB65590-05E9-4799-A966-A21BC873BB78}", "القطاع": "القطاع الثالث", "Depth": 1.5900000000000034, "GL": 173.78, "IL": 172.19, "نوع_المطبق": "مربع", "dimention": "2 X 2 m", "Fault_statement": null}, "geometry": {"type": "Point", "coordinates": [31.56306269214332, 30.280408356557338, 0.0]}}, {"type": "Feature", "properties": {"ID": "MH-A-5-41-6", "Easting": "031° 33' 42.04\" E", "Northing": "30° 16' 47.95\" N", "الشركة_المنفذة": "التوحيد", "Start": "1/3/2022", "End": "3/2/2025", "GlobalID": "{390F3097-1E7E-4765-973D-6269AC9CD008}", "القطاع": "القطاع الثالث", "Depth": 1.589999999999975, "GL": 173.17, "IL": 171.58, "نوع_المطبق": "مربع", "dimention": "2 X 2 m", "Fault_statement": null}, "geometry": {"type": "Point", "coordinates": [31.563354464709416, 30.28015133634195, 0.0]}}, {"type": "Feature", "properties": {"ID": "MH-A-5-41-5", "Easting": "031° 33' 43.08\" E", "Northing": "30° 16' 47.02\" N", "الشركة_المنفذة": "التوحيد", "Start": "1/3/2022", "End": "3/2/2025", "GlobalID": "{78A6E082-827C-4FDC-9AB4-DAF0305728ED}", "القطاع": "القطاع الثالث", "Depth": 1.5999999999999943, "GL": 172.57, "IL": 170.97, "نوع_المطبق": "مربع", "dimention": "2 X 2 m", "Fault_statement": null}, "geometry": {"type": "Point", "coordinates": [31.563645068126227, 30.27989332284533, 0.0]}}, {"type": "Feature", "properties": {"ID": "MH-A-5-41-4", "Easting": "031° 33' 44.13\" E", "Northing": "30° 16' 46.09\" N", "الشركة_المنفذة": "التوحيد", "Start": "1/3/2022", "End": "3/2/2025", "GlobalID": "{46346493-EF6F-47F3-B3D5-FF8F69722952}", "القطاع": "القطاع الثالث", "Depth": 1.5900000000000034, "GL": 171.96, "IL": 170.37, "نوع_المطبق": "مربع", "dimention": "2 X 2 m", "Fault_statement": null}, "geometry": {"type": "Point", "coordinates": [31.563935951992356, 30.27963554563934, 0.0]}}, {"type": "Feature", "properties": {"ID": "MH-A-5-41-3", "Easting": "031° 33' 45.18\" E", "Northing": "30° 16' 45.16\" N", "الشركة_المنفذة": "التوحيد", "Start": "1/3/2022", "End": "3/2/2025", "GlobalID": "{FB16C1AA-3E14-4812-A9B5-347899CD78E8}", "القطاع": "القطاع الثالث", "Depth": 1.5, "GL": 171.36, "IL": 169.86, "نوع_المطبق": "مربع", "dimention": "2 X 2 m", "Fault_statement": null}, "geometry": {"type": "Point", "coordinates": [31.56422683642713, 30.27937776959129, 0.0]}}, {"type": "Feature", "properties": {"ID": "MH-A-5-41-2", "Easting": "031° 33' 46.23\" E", "Northing": "30° 16' 44.23\" N", "الشركة_المنفذة": "التوحيد", "Start": "1/3/2022", "End": "3/2/2025", "GlobalID": "{55F5213E-A585-4E40-9D1D-A6E06081E8A5}", "القطاع": "القطاع الثالث", "Depth": 1.5, "GL": 170.85, "IL": 169.35, "نوع_المطبق": "مربع", "dimention": "2 X 2 m", "Fault_statement": null}, "geometry": {"type": "Point", "coordinates": [31.564517717263133, 30.279119992915003, 0.0]}}, {"type": "Feature", "properties": {"ID": "MH-A-5-41-13", "Easting": "031° 33' 34.46\" E", "Northing": "30° 16' 47.23\" N", "الشركة_المنفذة": "التوحيد", "Start": "1/3/2022", "End": "3/2/2025", "GlobalID": "{710B6CAB-931A-4835-B8E6-E8B8C01404D0}", "القطاع": "القطاع الثالث", "Depth": 1.5, "GL": 177.88, "IL": 176.38, "نوع_المطبق": "مربع", "dimention": "2 X 2 m", "Fault_statement": null}, "geometry": {"type": "Point", "coordinates": [31.561248692443613, 30.279952992215076, 0.0]}}, {"type": "Feature", "properties": {"ID": "MH-A-5-41-12", "Easting": "031° 33' 35.57\" E", "Northing": "30° 16' 48.1\" N", "الشركة_المنفذة": "التوحيد", "Start": "1/3/2022", "End": "3/2/2025", "GlobalID": "{BC5BDDB9-AD39-4069-A2D0-C53236C0DBE3}", "القطاع": "القطاع الثالث", "Depth": 1.5, "GL": 177.02, "IL": 175.52, "نوع_المطبق": "مربع", "dimention": "2 X 2 m", "Fault_statement": null}, "geometry": {"type": "Point", "coordinates": [31.561556427212, 30.280195585267844, 0.0]}}, {"type": "Feature", "properties": {"ID": "MH-A-5-41-11", "Easting": "031° 33' 36.67\" E", "Northing": "30° 16' 48.98\" N", "الشركة_المنفذة": "التوحيد", "Start": "1/3/2022", "End": "3/2/2025", "GlobalID": "{E9FCCDD9-A858-45A4-881A-ABF6256DE9CE}", "القطاع": "القطاع الثالث", "Depth": 1.5, "GL": 176.16, "IL": 174.66, "نوع_المطبق": "مربع", "dimention": "2 X 2 m", "Fault_statement": null}, "geometry": {"type": "Point", "coordinates": [31.561864262721674, 30.28043808152747, 0.0]}}, {"type": "Feature", "properties": {"ID": "MH-A-5-41-10", "Easting": "031° 33' 37.78\" E", "Northing": "30° 16' 49.85\" N", "الشركة_المنفذة": "التوحيد", "Start": "1/3/2022", "End": "3/2/2025", "GlobalID": "{F974CD4A-49E2-4DAE-A0D5-629B6C6C09A2}", "القطاع": "القطاع الثالث", "Depth": 1.5, "GL": 175.3, "IL": 173.8, "نوع_المطبق": "مربع", "dimention": "2 X 2 m", "Fault_statement": null}, "geometry": {"type": "Point", "coordinates": [31.562172097664543, 30.280680577044116, 0.0]}}, {"type": "Feature", "properties": {"ID": "MH-A-5-44", "Easting": "031° 33' 45.44\" E", "Northing": "30° 16' 43.48\" N", "الشركة_المنفذة": "التوحيد", "Start": "1/3/2022", "End": "3/2/2025", "GlobalID": "{26525882-7C01-44E1-A56A-CDBD8745BC14}", "القطاع": "القطاع الثالث", "Depth": 1.9799999999999898, "GL": 170.51, "IL": 168.53, "نوع_المطبق": "مربع", "dimention": "2 X 2 m", "Fault_statement": null}, "geometry": {"type": "Point", "coordinates": [31.564298749665408, 30.278910348110003, 0.0]}}, {"type": "Feature", "properties": {"ID": "MH-A-5-43", "Easting": "031° 33' 46.71\" E", "Northing": "30° 16' 42.81\" N", "الشركة_المنفذة": "التوحيد", "Start": "1/3/2022", "End": "3/2/2025", "GlobalID": "{A3D7DA5C-DDEB-4DEA-9BDF-214162A327BD}", "القطاع": "القطاع الثالث", "Depth": 2.1299999999999955, "GL": 170.1, "IL": 167.97, "نوع_المطبق": "مربع", "dimention": "2 X 2 m", "Fault_statement": null}, "geometry": {"type": "Point", "coordinates": [31.564652446580315, 30.278725589965557, 0.0]}}, {"type": "Feature", "properties": {"ID": "MH-A-5-42-1", "Easting": "031° 33' 46.75\" E", "Northing": "30° 16' 41.03\" N", "الشركة_المنفذة": "التوحيد", "Start": "1/3/2022", "End": "3/2/2025", "GlobalID": "{BD7F8AF6-CA70-4251-9D91-24A2333739F6}", "القطاع": "القطاع الثالث", "Depth": 1.5, "GL": 170.25, "IL": 168.75, "نوع_المطبق": "مربع", "dimention": "2 X 2 m", "Fault_statement": null}, "geometry": {"type": "Point", "coordinates": [31.564664482735324, 30.278230138014735, 0.0]}}, {"type": "Feature", "properties": {"ID": "MH-A-5-42", "Easting": "031° 33' 47.77\" E", "Northing": "30° 16' 41.99\" N", "الشركة_المنفذة": "التوحيد", "Start": "1/3/2022", "End": "3/2/2025", "GlobalID": "{39B0FA8D-EC9E-4B9B-808E-F23238273E32}", "القطاع": "القطاع الثالث", "Depth": 2.3300000000000125, "GL": 170.22, "IL": 167.89, "نوع_المطبق": "مربع", "dimention": "2 X 2 m", "Fault_statement": null}, "geometry": {"type": "Point", "coordinates": [31.564945628261043, 30.27849592992974, 0.0]}}, {"type": "Feature", "properties": {"ID": "MH-A-5-41-1", "Easting": "031° 33' 47.27\" E", "Northing": "30° 16' 43.3\" N", "الشركة_المنفذة": "التوحيد", "Start": "1/3/2022", "End": "3/2/2025", "GlobalID": "{EA95458A-0D39-4B2E-A29C-33800BA3D8F0}", "القطاع": "القطاع الثالث", "Depth": 1.6299999999999955, "GL": 170.47, "IL": 168.84, "نوع_المطبق": "مربع", "dimention": "2 X 2 m", "Fault_statement": null}, "geometry": {"type": "Point", "coordinates": [31.56480859657897, 30.27886221560159, 0.0]}}, {"type": "Feature", "properties": {"ID": "MH-A-5-41", "Easting": "031° 33' 48.32\" E", "Northing": "30° 16' 42.38\" N", "الشركة_المنفذة": "التوحيد", "Start": "1/3/2022", "End": "3/2/2025", "GlobalID": "{69D5EF2D-84E8-4EE2-B78C-76469B738867}", "القطاع": "القطاع الثالث", "Depth": 2.4499999999999886, "GL": 170.2, "IL": 167.75, "نوع_المطبق": "مربع", "dimention": "2 X 2 m", "Fault_statement": null}, "geometry": {"type": "Point", "coordinates": [31.56509940753016, 30.278604380208392, 0.0]}}, {"type": "Feature", "properties": {"ID": "MH-A-5-40", "Easting": "031° 33' 49.1\" E", "Northing": "30° 16' 41.68\" N", "الشركة_المنفذة": "التوحيد", "Start": "1/3/2022", "End": "3/2/2025", "GlobalID": "{91BBAC53-B59D-4D00-9BE7-3914134B919A}", "القطاع": "القطاع الثالث", "Depth": 2.3100000000000023, "GL": 170.01, "IL": 167.7, "نوع_المطبق": "مربع", "dimention": "2 X 2 m", "Fault_statement": null}, "geometry": {"type": "Point", "coordinates": [31.565317274333633, 30.278411217615155, 0.0]}}, {"type": "Feature", "properties": {"ID": "MH-A-5-4", "Easting": "031° 33' 51.01\" E", "Northing": "30° 16' 7.05\" N", "الشركة_المنفذة": "عوض خليفة", "Start": "1/3/2022", "End": "3/2/2025", "GlobalID": "{53E0A02C-9C46-4E5A-83CD-FBB183E9DDF3}", "القطاع": "القطاع الثاني", "Depth": 2.3200000000000216, "GL": 159.86, "IL": 157.54, "نوع_المطبق": "دائري", "dimention": "1.2 m", "Fault_statement": null}, "geometry": {"type": "Point", "coordinates": [31.56584604147056, 30.268790107074707, 0.0]}}, {"type": "Feature", "properties": {"ID": "MH-A-5-39", "Easting": "031° 33' 49.88\" E", "Northing": "30° 16' 40.98\" N", "الشركة_المنفذة": "التوحيد", "Start": "1/3/2022", "End": "3/2/2025", "GlobalID": "{691A1CF0-526E-4EF1-BFD6-DA8AE20007B4}", "القطاع": "القطاع الثالث", "Depth": 2.1500000000000057, "GL": 169.81, "IL": 167.66, "نوع_المطبق": "مربع", "dimention": "2 X 2 m", "Fault_statement": null}, "geometry": {"type": "Point", "coordinates": [31.565533497957002, 30.27821583731001, 0.0]}}, {"type": "Feature", "properties": {"ID": "MH-A-5-38-2", "Easting": "031° 33' 49.35\" E", "Northing": "30° 16' 38.8\" N", "الشركة_المنفذة": "التوحيد", "Start": "1/3/2022", "End": "3/2/2025", "GlobalID": "{797484F9-2C24-48C4-8615-99BCF0010484}", "القطاع": "القطاع الثالث", "Depth": 1.509999999999991, "GL": 169.72, "IL": 168.21, "نوع_المطبق": "مربع", "dimention": "2 X 2 m", "Fault_statement": null}, "geometry": {"type": "Point", "coordinates": [31.565386543198194, 30.277609906726152, 0.0]}}, {"type": "Feature", "properties": {"ID": "MH-A-5-38-1", "Easting": "031° 33' 50.18\" E", "Northing": "30° 16' 39.46\" N", "الشركة_المنفذة": "التوحيد", "Start": "1/3/2022", "End": "3/2/2025", "GlobalID": "{6CDF350C-2F4F-40EC-B1DD-216FB79F0E81}", "القطاع": "القطاع الثالث", "Depth": 1.5, "GL": 169.62, "IL": 168.12, "نوع_المطبق": "مربع", "dimention": "2 X 2 m", "Fault_statement": null}, "geometry": {"type": "Point", "coordinates": [31.565614800035448, 30.277794245273842, 0.0]}}, {"type": "Feature", "properties": {"ID": "MH-A-5-38", "Easting": "031° 33' 50.9\" E", "Northing": "30° 16' 40.06\" N", "الشركة_المنفذة": "التوحيد", "Start": "1/3/2022", "End": "3/2/2025", "GlobalID": "{882D1B6D-1DA4-4AF5-A11E-1A6109D76835}", "القطاع": "القطاع الثالث", "Depth": 1.9399999999999977, "GL": 169.55, "IL": 167.61, "نوع_المطبق": "مربع", "dimention": "2 X 2 m", "Fault_statement": null}, "geometry": {"type": "Point", "coordinates": [31.565816962733386, 30.27795968635811, 0.0]}}, {"type": "Feature", "properties": {"ID": "MH-A-5-37", "Easting": "031° 33' 51.82\" E", "Northing": "30° 16' 39.24\" N", "الشركة_المنفذة": "التوحيد", "Start": "1/3/2022", "End": "3/2/2025", "GlobalID": "{348CF90E-C47B-4BB2-A572-B7A38ECCC124}", "القطاع": "القطاع الثالث", "Depth": 1.759999999999991, "GL": 169.32, "IL": 167.56, "نوع_المطبق": "مربع", "dimention": "2 X 2 m", "Fault_statement": null}, "geometry": {"type": "Point", "coordinates": [31.566071770518583, 30.277734380281, 0.0]}}, {"type": "Feature", "properties": {"ID": "MH-A-5-36-9", "Easting": "031° 33' 43.59\" E", "Northing": "30° 16' 35.19\" N", "الشركة_المنفذة": "التوحيد", "Start": "1/3/2022", "End": "3/2/2025", "GlobalID": "{D5B08843-CD28-41B8-8A5B-23C1342D3660}", "القطاع": "القطاع الثالث", "Depth": 2.170000000000016, "GL": 170.84, "IL": 168.67, "نوع_المطبق": "مربع", "dimention": "2 X 2 m", "Fault_statement": null}, "geometry": {"type": "Point", "coordinates": [31.563785777906755, 30.276607210556676, 0.0]}}, {"type": "Feature", "properties": {"ID": "MH-A-5-36-8-3", "Easting": "031° 33' 46.72\" E", "Northing": "30° 16' 36.92\" N", "الشركة_المنفذة": "التوحيد", "Start": "1/3/2022", "End": "3/2/2025", "GlobalID": "{BC3163CB-4C34-413A-A1F8-54AE2C026832}", "القطاع": "القطاع الثالث", "Depth": 1.5, "GL": 170.3, "IL": 168.8, "نوع_المطبق": "مربع", "dimention": "2 X 2 m", "Fault_statement": null}, "geometry": {"type": "Point", "coordinates": [31.564655142389743, 30.27708739806495, 0.0]}}, {"type": "Feature", "properties": {"ID": "MH-A-5-36-8-2", "Easting": "031° 33' 46.01\" E", "Northing": "30° 16' 36.31\" N", "الشركة_المنفذة": "التوحيد", "Start": "1/3/2022", "End": "3/2/2025", "GlobalID": "{7D154B1B-6CFA-4160-9751-3732036D353B}", "القطاع": "القطاع الثالث", "Depth": 1.5600000000000023, "GL": 170.27, "IL": 168.71, "نوع_المطبق": "مربع", "dimention": "2 X 2 m", "Fault_statement": null}, "geometry": {"type": "Point", "coordinates": [31.56445819056174, 30.276919821922647, 0.0]}}, {"type": "Feature", "properties": {"ID": "MH-A-5-36-8-1", "Easting": "031° 33' 45.2\" E", "Northing": "30° 16' 35.64\" N", "الشركة_المنفذة": "التوحيد", "Start": "1/3/2022", "End": "3/2/2025", "GlobalID": "{25F9138B-FE29-4552-96A2-7BA1F83F8C59}", "القطاع": "القطاع الثالث", "Depth": 1.8700000000000045, "GL": 170.49, "IL": 168.62, "نوع_المطبق": "مربع", "dimention": "2 X 2 m", "Fault_statement": null}, "geometry": {"type": "Point", "coordinates": [31.564233025002782, 30.27673264099488, 0.0]}}, {"type": "Feature", "properties": {"ID": "MH-A-5-36-8", "Easting": "031° 33' 44.13\" E", "Northing": "30° 16' 34.73\" N", "الشركة_المنفذة": "التوحيد", "Start": "1/3/2022", "End": "3/2/2025", "GlobalID": "{3B7C8572-E49F-48F7-B5F0-4580EF8C5568}", "القطاع": "القطاع الثالث", "Depth": 2.1599999999999966, "GL": 170.57, "IL": 168.41, "نوع_المطبق": "مربع", "dimention": "2 X 2 m", "Fault_statement": null}, "geometry": {"type": "Point", "coordinates": [31.563934100907936, 30.276480824362203, 0.0]}}, {"type": "Feature", "properties": {"ID": "MH-A-5-36-23", "Easting": "031° 33' 33.91\" E", "Northing": "30° 16' 38.48\" N", "الشركة_المنفذة": "التوحيد", "Start": "1/3/2022", "End": "3/2/2025", "GlobalID": "{D119C69F-2C9A-497B-BC12-7C639020681B}", "القطاع": "القطاع الثالث", "Depth": 1.6299999999999955, "GL": 176.75, "IL": 175.12, "نوع_المطبق": "مربع", "dimention": "2 X 2 m", "Fault_statement": null}, "geometry": {"type": "Point", "coordinates": [31.561095993768756, 30.277521542743553, 0.0]}}, {"type": "Feature", "properties": {"ID": "MH-A-5-36-22", "Easting": "031° 33' 34.45\" E", "Northing": "30° 16' 37.68\" N", "الشركة_المنفذة": "التوحيد", "Start": "1/3/2022", "End": "3/2/2025", "GlobalID": "{EA0B9CBD-E085-4897-AAD9-4F5EE23B2BD0}", "القطاع": "القطاع الثالث", "Depth": 1.5, "GL": 175.79, "IL": 174.29, "نوع_المطبق": "مربع", "dimention": "2 X 2 m", "Fault_statement": null}, "geometry": {"type": "Point", "coordinates": [31.561245397094805, 30.277299819802938, 0.0]}}, {"type": "Feature", "properties": {"ID": "MH-A-5-36-21", "Easting": "031° 33' 35.0\" E", "Northing": "30° 16' 36.87\" N", "الشركة_المنفذة": "التوحيد", "Start": "1/3/2022", "End": "3/2/2025", "GlobalID": "{93352001-47C8-4FB0-8E2B-822BCC988672}", "القطاع": "القطاع الثالث", "Depth": 1.5, "GL": 174.95, "IL": 173.45, "نوع_المطبق": "مربع", "dimention": "2 X 2 m", "Fault_statement": null}, "geometry": {"type": "Point", "coordinates": [31.56139834087092, 30.27707576147766, 0.0]}}, {"type": "Feature", "properties": {"ID": "MH-A-5-36-20", "Easting": "031° 33' 35.75\" E", "Northing": "30° 16' 35.75\" N", "الشركة_المنفذة": "التوحيد", "Start": "1/3/2022", "End": "3/2/2025", "GlobalID": "{1A4283A3-466A-4153-921B-46BD173891D6}", "القطاع": "القطاع الثالث", "Depth": 1.5100000000000193, "GL": 173.8, "IL": 172.29, "نوع_المطبق": "مربع", "dimention": "2 X 2 m", "Fault_statement": null}, "geometry": {"type": "Point", "coordinates": [31.56160892661291, 30.27676493754038, 0.0]}}, {"type": "Feature", "properties": {"ID": "MH-A-5-36-19", "Easting": "031° 33' 36.59\" E", "Northing": "30° 16' 36.13\" N", "الشركة_المنفذة": "التوحيد", "Start": "1/3/2022", "End": "3/2/2025", "GlobalID": "{50B0F2D5-2307-4F7B-8887-985E0D2EDFE3}", "القطاع": "القطاع الثالث", "Depth": 1.5600000000000023, "GL": 173.52, "IL": 171.96, "نوع_المطبق": "مربع", "dimention": "2 X 2 m", "Fault_statement": null}, "geometry": {"type": "Point", "coordinates": [31.561839733141618, 30.276868493874968, 0.0]}}, {"type": "Feature", "properties": {"ID": "MH-A-5-36-18", "Easting": "031° 33' 37.08\" E", "Northing": "30° 16' 36.28\" N", "الشركة_المنفذة": "التوحيد", "Start": "1/3/2022", "End": "3/2/2025", "GlobalID": "{BE78849B-9160-4710-BBD1-C7FBB89DBA23}", "القطاع": "القطاع الثالث", "Depth": 1.5500000000000114, "GL": 173.33, "IL": 171.78, "نوع_المطبق": "مربع", "dimention": "2 X 2 m", "Fault_statement": null}, "geometry": {"type": "Point", "coordinates": [31.561978040584222, 30.276910600348003, 0.0]}}, {"type": "Feature", "properties": {"ID": "MH-A-5-36-17", "Easting": "031° 33' 37.81\" E", "Northing": "30° 16' 36.45\" N", "الشركة_المنفذة": "التوحيد", "Start": "1/3/2022", "End": "3/2/2025", "GlobalID": "{835C4741-62A5-4A0B-9DB0-AAA46E40653F}", "القطاع": "القطاع الثالث", "Depth": 1.5500000000000114, "GL": 173.06, "IL": 171.51, "نوع_المطبق": "مربع", "dimention": "2 X 2 m", "Fault_statement": null}, "geometry": {"type": "Point", "coordinates": [31.562178816998117, 30.276957282852354, 0.0]}}, {"type": "Feature", "properties": {"ID": "MH-A-5-36-16-4", "Easting": "031° 33' 38.28\" E", "Northing": "30° 16' 39.65\" N", "الشركة_المنفذة": "التوحيد", "Start": "1/3/2022", "End": "3/2/2025", "GlobalID": "{F36368F8-7E10-4801-979A-5AC499B0ADB7}", "القطاع": "القطاع الثالث", "Depth": 1.5, "GL": 172.95, "IL": 171.45, "نوع_المطبق": "مربع", "dimention": "2 X 2 m", "Fault_statement": null}, "geometry": {"type": "Point", "coordinates": [31.562310905449475, 30.277845799120662, 0.0]}}, {"type": "Feature", "properties": {"ID": "MH-A-5-36-16-3", "Easting": "031° 33' 38.36\" E", "Northing": "30° 16' 38.82\" N", "الشركة_المنفذة": "التوحيد", "Start": "1/3/2022", "End": "3/2/2025", "GlobalID": "{8051D55B-7DA1-477D-ABAB-F64167D5FA67}", "القطاع": "القطاع الثالث", "Depth": 1.5199999999999818, "GL": 172.89, "IL": 171.37, "نوع_المطبق": "مربع", "dimention": "2 X 2 m", "Fault_statement": null}, "geometry": {"type": "Point", "coordinates": [31.56233392273803, 30.27761774510131, 0.0]}}, {"type": "Feature", "properties": {"ID": "MH-A-5-36-16-2", "Easting": "031° 33' 38.46\" E", "Northing": "30° 16' 37.97\" N", "الشركة_المنفذة": "التوحيد", "Start": "1/3/2022", "End": "3/2/2025", "GlobalID": "{6EB788F4-E194-427A-A004-5B0FD596C209}", "القطاع": "القطاع الثالث", "Depth": 1.5600000000000023, "GL": 172.84, "IL": 171.28, "نوع_المطبق": "مربع", "dimention": "2 X 2 m", "Fault_statement": null}, "geometry": {"type": "Point", "coordinates": [31.56235916305004, 30.277378930987183, 0.0]}}, {"type": "Feature", "properties": {"ID": "MH-A-5-36-16-1", "Easting": "031° 33' 38.55\" E", "Northing": "30° 16' 36.99\" N", "الشركة_المنفذة": "التوحيد", "Start": "1/3/2022", "End": "3/2/2025", "GlobalID": "{70EA5518-3DFA-4EC4-AE10-24CED44AC3B8}", "القطاع": "القطاع الثالث", "Depth": 1.5999999999999943, "GL": 172.79, "IL": 171.19, "نوع_المطبق": "مربع", "dimention": "2 X 2 m", "Fault_statement": null}, "geometry": {"type": "Point", "coordinates": [31.56238648582049, 30.277107591076533, 0.0]}}, {"type": "Feature", "properties": {"ID": "MH-A-5-36-16", "Easting": "031° 33' 38.58\" E", "Northing": "30° 16' 36.56\" N", "الشركة_المنفذة": "التوحيد", "Start": "1/3/2022", "End": "3/2/2025", "GlobalID": "{C6291C64-946A-41D1-8944-7EA506452A7C}", "القطاع": "القطاع الثالث", "Depth": 1.6400000000000148, "GL": 172.78, "IL": 171.14, "نوع_المطبق": "مربع", "dimention": "2 X 2 m", "Fault_statement": null}, "geometry": {"type": "Point", "coordinates": [31.562394157371877, 30.276988109614457, 0.0]}}, {"type": "Feature", "properties": {"ID": "MH-A-5-36-15", "Easting": "031° 33' 39.33\" E", "Northing": "30° 16' 36.59\" N", "الشركة_المنفذة": "التوحيد", "Start": "1/3/2022", "End": "3/2/2025", "GlobalID": "{B48453E1-40B1-4C8C-8C27-D739C1DB454A}", "القطاع": "القطاع الثالث", "Depth": 1.6099999999999852, "GL": 172.51, "IL": 170.9, "نوع_المطبق": "مربع", "dimention": "2 X 2 m", "Fault_statement": null}, "geometry": {"type": "Point", "coordinates": [31.562601834251122, 30.276995600568977, 0.0]}}, {"type": "Feature", "properties": {"ID": "MH-A-5-36-14", "Easting": "031° 33' 40.11\" E", "Northing": "30° 16' 36.52\" N", "الشركة_المنفذة": "التوحيد", "Start": "1/3/2022", "End": "3/2/2025", "GlobalID": "{281A5D1B-D012-4021-8C43-D2D487541C98}", "القطاع": "القطاع الثالث", "Depth": 1.579999999999984, "GL": 172.23, "IL": 170.65, "نوع_المطبق": "مربع", "dimention": "2 X 2 m", "Fault_statement": null}, "geometry": {"type": "Point", "coordinates": [31.56281911766365, 30.276977790950216, 0.0]}}, {"type": "Feature", "properties": {"ID": "MH-A-5-36-13", "Easting": "031° 33' 40.85\" E", "Northing": "30° 16' 36.4\" N", "الشركة_المنفذة": "التوحيد", "Start": "1/3/2022", "End": "3/2/2025", "GlobalID": "{DCDBACA5-97A6-4E55-B489-D815406D2D3C}", "القطاع": "القطاع الثالث", "Depth": 1.5500000000000114, "GL": 171.96, "IL": 170.41, "نوع_المطبق": "مربع", "dimention": "2 X 2 m", "Fault_statement": null}, "geometry": {"type": "Point", "coordinates": [31.5630235670653, 30.276945264216128, 0.0]}}, {"type": "Feature", "properties": {"ID": "MH-A-5-36-12-4", "Easting": "031° 33' 42.88\" E", "Northing": "30° 16' 39.06\" N", "الشركة_المنفذة": "التوحيد", "Start": "1/3/2022", "End": "3/2/2025", "GlobalID": "{9D92FFFF-0DEF-453E-92EB-8E6DF3550E13}", "القطاع": "القطاع الثالث", "Depth": 1.5, "GL": 171.3, "IL": 169.8, "نوع_المطبق": "مربع", "dimention": "2 X 2 m", "Fault_statement": null}, "geometry": {"type": "Point", "coordinates": [31.563587088301453, 30.27768338480134, 0.0]}}, {"type": "Feature", "properties": {"ID": "MH-A-5-36-12-3", "Easting": "031° 33' 42.57\" E", "Northing": "30° 16' 38.36\" N", "الشركة_المنفذة": "التوحيد", "Start": "1/3/2022", "End": "3/2/2025", "GlobalID": "{A1B5169C-AEC6-4BE8-B1D2-B1AC663FEBF9}", "القطاع": "القطاع الثالث", "Depth": 1.5200000000000102, "GL": 171.25, "IL": 169.73, "نوع_المطبق": "مربع", "dimention": "2 X 2 m", "Fault_statement": null}, "geometry": {"type": "Point", "coordinates": [31.563501008897454, 30.277489835322033, 0.0]}}, {"type": "Feature", "properties": {"ID": "MH-A-5-36-12-2", "Easting": "031° 33' 42.2\" E", "Northing": "30° 16' 37.55\" N", "الشركة_المنفذة": "التوحيد", "Start": "1/3/2022", "End": "3/2/2025", "GlobalID": "{200CADC1-6132-486E-8BF1-E6DE1F1FFA77}", "القطاع": "القطاع الثالث", "Depth": 1.7700000000000102, "GL": 171.41, "IL": 169.64, "نوع_المطبق": "مربع", "dimention": "2 X 2 m", "Fault_statement": null}, "geometry": {"type": "Point", "coordinates": [31.563399959065727, 30.277262626314528, 0.0]}}, {"type": "Feature", "properties": {"ID": "MH-A-5-36-12-1", "Easting": "031° 33' 41.76\" E", "Northing": "30° 16' 36.54\" N", "الشركة_المنفذة": "التوحيد", "Start": "1/3/2022", "End": "3/2/2025", "GlobalID": "{F0D509CA-7D50-43D1-80B3-4B95759260CB}", "القطاع": "القطاع الثالث", "Depth": 2.069999999999993, "GL": 171.6, "IL": 169.53, "نوع_المطبق": "مربع", "dimention": "2 X 2 m", "Fault_statement": null}, "geometry": {"type": "Point", "coordinates": [31.563278418371137, 30.27698427459859, 0.0]}}, {"type": "Feature", "properties": {"ID": "MH-A-5-36-12", "Easting": "031° 33' 41.59\" E", "Northing": "30° 16' 36.19\" N", "الشركة_المنفذة": "التوحيد", "Start": "1/3/2022", "End": "3/2/2025", "GlobalID": "{69DD35BA-6744-47E1-A24A-8C892D20584B}", "القطاع": "القطاع الثالث", "Depth": 2.1799999999999784, "GL": 171.67, "IL": 169.49, "نوع_المطبق": "مربع", "dimention": "2 X 2 m", "Fault_statement": null}, "geometry": {"type": "Point", "coordinates": [31.56323056794207, 30.276885239145706, 0.0]}}, {"type": "Feature", "properties": {"ID": "MH-A-5-36-11", "Easting": "031° 33' 42.29\" E", "Northing": "30° 16' 35.94\" N", "الشركة_المنفذة": "التوحيد", "Start": "1/3/2022", "End": "3/2/2025", "GlobalID": "{DEFC6653-5725-480E-8E26-35A140B356F9}", "القطاع": "القطاع الثالث", "Depth": 2.170000000000016, "GL": 171.4, "IL": 169.23, "نوع_المطبق": "مربع", "dimention": "2 X 2 m", "Fault_statement": null}, "geometry": {"type": "Point", "coordinates": [31.5634233502798, 30.27681778968699, 0.0]}}, {"type": "Feature", "properties": {"ID": "MH-A-5-36-10", "Easting": "031° 33' 42.9\" E", "Northing": "30° 16' 35.62\" N", "الشركة_المنفذة": "التوحيد", "Start": "1/3/2022", "End": "3/2/2025", "GlobalID": "{C9C2E788-2E2C-4A76-9C5A-3CC085AF5A68}", "القطاع": "القطاع الثالث", "Depth": 2.1699999999999875, "GL": 171.14, "IL": 168.97, "نوع_المطبق": "مربع", "dimention": "2 X 2 m", "Fault_statement": null}, "geometry": {"type": "Point", "coordinates": [31.56359514826965, 30.276726883200926, 0.0]}}, {"type": "Feature", "properties": {"ID": "MH-A-5-32-9", "Easting": "031° 34' 6.91\" E", "Northing": "30° 16' 27.72\" N", "الشركة_المنفذة": "عوض خليفة", "Start": "1/3/2022", "End": "3/2/2025", "GlobalID": "{03327281-9BC7-41CD-945D-C70099616EA4}", "القطاع": "القطاع الثاني", "Depth": 2.0900000000000034, "GL": 170.86, "IL": 168.77, "نوع_المطبق": "مربع", "dimention": "2 X 2 m", "Fault_statement": null}, "geometry": {"type": "Point", "coordinates": [31.570263257631787, 30.27453357061968, 0.0]}}, {"type": "Feature", "properties": {"ID": "MH-A-5-32-18", "Easting": "031° 34' 12.03\" E", "Northing": "30° 16' 19.14\" N", "الشركة_المنفذة": "عوض خليفة", "Start": "1/3/2022", "End": "3/2/2025", "GlobalID": "{08180C35-0FBC-407C-8EC1-80DC59CD6B2C}", "القطاع": "القطاع الثاني", "Depth": 1.8000000000000114, "GL": 174.09, "IL": 172.29, "نوع_المطبق": "مربع", "dimention": "2 X 2 m", "Fault_statement": null}, "geometry": {"type": "Point", "coordinates": [31.571685016390205, 30.272148476355135, 0.0]}}, {"type": "Feature", "properties": {"ID": "MH-A-5-32-17-3", "Easting": "031° 34' 8.33\" E", "Northing": "30° 16' 19.68\" N", "الشركة_المنفذة": "عوض خليفة", "Start": "1/3/2022", "End": "3/2/2025", "GlobalID": "{53F27727-E6ED-4290-BA6B-4F1F8052765D}", "القطاع": "القطاع الثاني", "Depth": 1.5, "GL": 172.77, "IL": 171.27, "نوع_المطبق": "مربع", "dimention": "2 X 2 m", "Fault_statement": null}, "geometry": {"type": "Point", "coordinates": [31.570659078961317, 30.272298530836487, 0.0]}}, {"type": "Feature", "properties": {"ID": "MH-A-5-32-17-2", "Easting": "031° 34' 9.24\" E", "Northing": "30° 16' 19.87\" N", "الشركة_المنفذة": "عوض خليفة", "Start": "1/3/2022", "End": "3/2/2025", "GlobalID": "{1A84499B-7289-4B47-AAB0-770A2F713209}", "القطاع": "القطاع الثاني", "Depth": 1.8000000000000114, "GL": 172.99, "IL": 171.19, "نوع_المطبق": "مربع", "dimention": "2 X 2 m", "Fault_statement": null}, "geometry": {"type": "Point", "coordinates": [31.570911273509658, 30.272352721215512, 0.0]}}, {"type": "Feature", "properties": {"ID": "MH-A-5-32-17-1", "Easting": "031° 34' 10.19\" E", "Northing": "30° 16' 20.08\" N", "الشركة_المنفذة": "عوض خليفة", "Start": "1/3/2022", "End": "3/2/2025", "GlobalID": "{70343D86-BF44-42FB-9BD7-98D2D42C526F}", "القطاع": "القطاع الثاني", "Depth": 2.1100000000000136, "GL": 173.21, "IL": 171.1, "نوع_المطبق": "مربع", "dimention": "2 X 2 m", "Fault_statement": null}, "geometry": {"type": "Point", "coordinates": [31.5711733678343, 30.272409729270034, 0.0]}}, {"type": "Feature", "properties": {"ID": "MH-A-5-32-17", "Easting": "031° 34' 11.67\" E", "Northing": "30° 16' 20.4\" N", "الشركة_المنفذة": "عوض خليفة", "Start": "1/3/2022", "End": "3/2/2025", "GlobalID": "{C47C83AE-F997-4243-A222-71F297733A46}", "القطاع": "القطاع الثاني", "Depth": 2.5999999999999943, "GL": 173.57, "IL": 170.97, "نوع_المطبق": "مربع", "dimention": "2 X 2 m", "Fault_statement": null}, "geometry": {"type": "Point", "coordinates": [31.57158611266458, 30.272498927266167, 0.0]}}, {"type": "Feature", "properties": {"ID": "MH-A-5-32-16", "Easting": "031° 34' 11.21\" E", "Northing": "30° 16' 21.61\" N", "الشركة_المنفذة": "عوض خليفة", "Start": "1/3/2022", "End": "3/2/2025", "GlobalID": "{0164D3CA-DEBB-41D6-ABB7-49058241D5A0}", "القطاع": "القطاع الثاني", "Depth": 2.2900000000000205, "GL": 173.05, "IL": 170.76, "نوع_المطبق": "مربع", "dimention": "2 X 2 m", "Fault_statement": null}, "geometry": {"type": "Point", "coordinates": [31.5714581737215, 30.27283680204595, 0.0]}}, {"type": "Feature", "properties": {"ID": "MH-A-5-32-15", "Easting": "031° 34' 10.62\" E", "Northing": "30° 16' 22.81\" N", "الشركة_المنفذة": "عوض خليفة", "Start": "1/3/2022", "End": "3/2/2025", "GlobalID": "{F4AE2EA6-0F2A-45F2-8EB7-71416B26AF25}", "القطاع": "القطاع الثاني", "Depth": 2.0, "GL": 172.54, "IL": 170.54, "نوع_المطبق": "مربع", "dimention": "2 X 2 m", "Fault_statement": null}, "geometry": {"type": "Point", "coordinates": [31.571294205992025, 30.273168358785366, 0.0]}}, {"type": "Feature", "properties": {"ID": "MH-A-5-32-14", "Easting": "031° 34' 10.06\" E", "Northing": "30° 16' 23.65\" N", "الشركة_المنفذة": "عوض خليفة", "Start": "1/3/2022", "End": "3/2/2025", "GlobalID": "{CED0D300-7A7C-4988-A2BC-C41B82E3F1EC}", "القطاع": "القطاع الثاني", "Depth": 1.7699999999999818, "GL": 172.14, "IL": 170.37, "نوع_المطبق": "مربع", "dimention": "2 X 2 m", "Fault_statement": null}, "geometry": {"type": "Point", "coordinates": [31.57113759644954, 30.27340235076606, 0.0]}}, {"type": "Feature", "properties": {"ID": "MH-A-5-32-13-3", "Easting": "031° 34' 6.85\" E", "Northing": "30° 16' 22.81\" N", "الشركة_المنفذة": "عوض خليفة", "Start": "1/3/2022", "End": "3/2/2025", "GlobalID": "{5A4FAF27-BF1D-46FE-8950-D74B91B12C05}", "القطاع": "القطاع الثاني", "Depth": 1.5, "GL": 171.13, "IL": 169.63, "نوع_المطبق": "مربع", "dimention": "2 X 2 m", "Fault_statement": null}, "geometry": {"type": "Point", "coordinates": [31.570247346057915, 30.273168347158723, 0.0]}}, {"type": "Feature", "properties": {"ID": "MH-A-5-32-13-2", "Easting": "031° 34' 7.61\" E", "Northing": "30° 16' 23.28\" N", "الشركة_المنفذة": "عوض خليفة", "Start": "1/3/2022", "End": "3/2/2025", "GlobalID": "{AE360197-8CDE-40B9-914D-6A788FCD3131}", "القطاع": "القطاع الثاني", "Depth": 1.759999999999991, "GL": 171.31, "IL": 169.55, "نوع_المطبق": "مربع", "dimention": "2 X 2 m", "Fault_statement": null}, "geometry": {"type": "Point", "coordinates": [31.570457834678923, 30.273300542600158, 0.0]}}, {"type": "Feature", "properties": {"ID": "MH-A-5-32-13-1", "Easting": "031° 34' 8.37\" E", "Northing": "30° 16' 23.76\" N", "الشركة_المنفذة": "عوض خليفة", "Start": "1/3/2022", "End": "3/2/2025", "GlobalID": "{70418B2F-60B1-4E03-848D-C5089B1C2E7C}", "القطاع": "القطاع الثاني", "Depth": 2.039999999999992, "GL": 171.5, "IL": 169.46, "نوع_المطبق": "مربع", "dimention": "2 X 2 m", "Fault_statement": null}, "geometry": {"type": "Point", "coordinates": [31.570669238241134, 30.273431629613626, 0.0]}}, {"type": "Feature", "properties": {"ID": "MH-A-5-32-13", "Easting": "031° 34' 9.47\" E", "Northing": "30° 16' 24.45\" N", "الشركة_المنفذة": "عوض خليفة", "Start": "1/3/2022", "End": "3/2/2025", "GlobalID": "{6B1D87EA-3DDD-47D2-9C3C-3F4B4271840A}", "القطاع": "القطاع الثاني", "Depth": 2.420000000000016, "GL": 171.77, "IL": 169.35, "نوع_المطبق": "مربع", "dimention": "2 X 2 m", "Fault_statement": null}, "geometry": {"type": "Point", "coordinates": [31.570975580095755, 30.273623419977273, 0.0]}}, {"type": "Feature", "properties": {"ID": "MH-A-5-32-12", "Easting": "031° 34' 8.63\" E", "Northing": "30° 16' 25.5\" N", "الشركة_المنفذة": "عوض خليفة", "Start": "1/3/2022", "End": "3/2/2025", "GlobalID": "{CD84244A-AD96-4D78-8119-1AB401219550}", "القطاع": "القطاع الثاني", "Depth": 2.140000000000015, "GL": 171.27, "IL": 169.13, "نوع_المطبق": "مربع", "dimention": "2 X 2 m", "Fault_statement": null}, "geometry": {"type": "Point", "coordinates": [31.570741370468802, 30.27391620171354, 0.0]}}, {"type": "Feature", "properties": {"ID": "MH-A-5-32-11-8", "Easting": "031° 34' 18.81\" E", "Northing": "30° 16' 20.97\" N", "الشركة_المنفذة": "عوض خليفة", "Start": "1/3/2022", "End": "3/2/2025", "GlobalID": "{361D6B45-3F2F-4F73-B304-76B22D9B4424}", "القطاع": "القطاع الثاني", "Depth": 1.6500000000000057, "GL": 179.24, "IL": 177.59, "نوع_المطبق": "مربع", "dimention": "2 X 2 m", "Fault_statement": null}, "geometry": {"type": "Point", "coordinates": [31.57356886271684, 30.272658766574484, 0.0]}}, {"type": "Feature", "properties": {"ID": "MH-A-5-32-11-7", "Easting": "031° 34' 17.55\" E", "Northing": "30° 16' 21.68\" N", "الشركة_المنفذة": "عوض خليفة", "Start": "1/3/2022", "End": "3/2/2025", "GlobalID": "{5D15DAB8-83C7-4567-8F8A-16F9D443DDB0}", "القطاع": "القطاع الثاني", "Depth": 1.5, "GL": 178.89, "IL": 177.39, "نوع_المطبق": "مربع", "dimention": "2 X 2 m", "Fault_statement": null}, "geometry": {"type": "Point", "coordinates": [31.573219760502475, 30.272854647151316, 0.0]}}, {"type": "Feature", "properties": {"ID": "MH-A-5-32-11-6", "Easting": "031° 34' 16.3\" E", "Northing": "30° 16' 22.38\" N", "الشركة_المنفذة": "عوض خليفة", "Start": "1/3/2022", "End": "3/2/2025", "GlobalID": "{4F093766-0AA8-41EB-88F0-3720A036625D}", "القطاع": "القطاع الثاني", "Depth": 1.75, "GL": 177.86, "IL": 176.11, "نوع_المطبق": "مربع", "dimention": "2 X 2 m", "Fault_statement": null}, "geometry": {"type": "Point", "coordinates": [31.57287065897087, 30.273050526800304, 0.0]}}, {"type": "Feature", "properties": {"ID": "MH-A-5-32-11-5", "Easting": "031° 34' 15.04\" E", "Northing": "30° 16' 23.08\" N", "الشركة_المنفذة": "عوض خليفة", "Start": "1/3/2022", "End": "3/2/2025", "GlobalID": "{069DAA47-1ECA-4058-AD8D-E3B42C9E65CB}", "القطاع": "القطاع الثاني", "Depth": 1.6599999999999966, "GL": 176.49, "IL": 174.83, "نوع_المطبق": "مربع", "dimention": "2 X 2 m", "Fault_statement": null}, "geometry": {"type": "Point", "coordinates": [31.572520435289203, 30.27324489499125, 0.0]}}, {"type": "Feature", "properties": {"ID": "MH-A-5-32-11-4", "Easting": "031° 34' 13.78\" E", "Northing": "30° 16' 23.79\" N", "الشركة_المنفذة": "عوض خليفة", "Start": "1/3/2022", "End": "3/2/2025", "GlobalID": "{921E9A55-2EFD-4C47-AF70-8E625EB78B2B}", "القطاع": "القطاع الثاني", "Depth": 1.5999999999999943, "GL": 175.12, "IL": 173.52, "نوع_المطبق": "مربع", "dimention": "2 X 2 m", "Fault_statement": null}, "geometry": {"type": "Point", "coordinates": [31.572170945544812, 30.273440258512732, 0.0]}}, {"type": "Feature", "properties": {"ID": "MH-A-5-32-11-3", "Easting": "031° 34' 12.52\" E", "Northing": "30° 16' 24.49\" N", "الشركة_المنفذة": "عوض خليفة", "Start": "1/3/2022", "End": "3/2/2025", "GlobalID": "{A1016F03-C7CD-4AD4-8B71-586D0382034A}", "القطاع": "القطاع الثاني", "Depth": 1.8600000000000136, "GL": 173.74, "IL": 171.88, "نوع_المطبق": "مربع", "dimention": "2 X 2 m", "Fault_statement": null}, "geometry": {"type": "Point", "coordinates": [31.571821454396314, 30.273635619309257, 0.0]}}, {"type": "Feature", "properties": {"ID": "MH-A-5-32-11-2", "Easting": "031° 34' 11.26\" E", "Northing": "30° 16' 25.19\" N", "الشركة_المنفذة": "عوض خليفة", "Start": "1/3/2022", "End": "3/2/2025", "GlobalID": "{48EFE6FA-DF8C-42B6-863A-BBC35A0DE9B6}", "القطاع": "القطاع الثاني", "Depth": 1.5, "GL": 172.5, "IL": 171.0, "نوع_المطبق": "مربع", "dimention": "2 X 2 m", "Fault_statement": null}, "geometry": {"type": "Point", "coordinates": [31.571471100831914, 30.27382981208528, 0.0]}}, {"type": "Feature", "properties": {"ID": "MH-A-5-32-11-1", "Easting": "031° 34' 10.0\" E", "Northing": "30° 16' 25.89\" N", "الشركة_المنفذة": "عوض خليفة", "Start": "1/3/2022", "End": "3/2/2025", "GlobalID": "{F8F6B005-C8AA-4B52-A2E5-69B187898DE0}", "القطاع": "القطاع الثاني", "Depth": 1.5600000000000023, "GL": 171.68, "IL": 170.12, "نوع_المطبق": "مربع", "dimention": "2 X 2 m", "Fault_statement": null}, "geometry": {"type": "Point", "coordinates": [31.571120743800105, 30.274024003944806, 0.0]}}, {"type": "Feature", "properties": {"ID": "MH-A-5-32-11", "Easting": "031° 34' 9.07\" E", "Northing": "30° 16' 26.43\" N", "الشركة_المنفذة": "عوض خليفة", "Start": "1/3/2022", "End": "3/2/2025", "GlobalID": "{01B2CD79-D1A6-4FF9-8215-481D0FD28B3D}", "القطاع": "القطاع الثاني", "Depth": 2.4099999999999966, "GL": 171.34, "IL": 168.93, "نوع_المطبق": "مربع", "dimention": "2 X 2 m", "Fault_statement": null}, "geometry": {"type": "Point", "coordinates": [31.570862163675777, 30.27417519009345, 0.0]}}, {"type": "Feature", "properties": {"ID": "MH-A-5-32-10", "Easting": "031° 34' 8.14\" E", "Northing": "30° 16' 26.98\" N", "الشركة_المنفذة": "عوض خليفة", "Start": "1/3/2022", "End": "3/2/2025", "GlobalID": "{B17F003D-46FC-4620-9BC4-90C7CD314A12}", "القطاع": "القطاع الثاني", "Depth": 2.2799999999999727, "GL": 171.14, "IL": 168.86, "نوع_المطبق": "مربع", "dimention": "2 X 2 m", "Fault_statement": null}, "geometry": {"type": "Point", "coordinates": [31.570603584822102, 30.27432637392501, 0.0]}}, {"type": "Feature", "properties": {"ID": "MH-A-5-3", "Easting": "031° 33' 49.84\" E", "Northing": "30° 16' 6.33\" N", "الشركة_المنفذة": "عوض خليفة", "Start": "1/3/2022", "End": "3/2/2025", "GlobalID": "{E9268189-2B9B-4D59-B4C7-EC870205712D}", "القطاع": "القطاع الثاني", "Depth": 2.200000000000017, "GL": 159.12, "IL": 156.92, "نوع_المطبق": "دائري", "dimention": "1.2 m", "Fault_statement": null}, "geometry": {"type": "Point", "coordinates": [31.5655202063371, 30.268592516105127, 0.0]}}, {"type": "Feature", "properties": {"ID": "MH-A-5-2", "Easting": "031° 33' 48.35\" E", "Northing": "30° 16' 5.47\" N", "الشركة_المنفذة": "عوض خليفة", "Start": "1/3/2022", "End": "3/2/2025", "GlobalID": "{B7C89633-A7E5-48F1-B196-2A5757299E66}", "القطاع": "القطاع الثاني", "Depth": 2.380000000000024, "GL": 159.27, "IL": 156.89, "نوع_المطبق": "دائري", "dimention": "1.2 m", "Fault_statement": null}, "geometry": {"type": "Point", "coordinates": [31.565108453436583, 30.268352425783785, 0.0]}}, {"type": "Feature", "properties": {"ID": "MH-A-5-11-a-17", "Easting": "031° 34' 2.56\" E", "Northing": "30° 16' 15.8\" N", "الشركة_المنفذة": "عوض خليفة", "Start": "1/3/2022", "End": "3/2/2025", "GlobalID": "{3E07AE4B-4497-406B-B2D0-AD00AB5EB333}", "القطاع": "القطاع الثاني", "Depth": 1.5, "GL": 173.82, "IL": 172.32, "نوع_المطبق": "مربع", "dimention": "2 X 2 m", "Fault_statement": null}, "geometry": {"type": "Point", "coordinates": [31.569053542689915, 30.271221164606903, 0.0]}}, {"type": "Feature", "properties": {"ID": "MH-A-5-11-a-16-2", "Easting": "031° 34' 5.29\" E", "Northing": "30° 16' 15.81\" N", "الشركة_المنفذة": "عوض خليفة", "Start": "1/3/2022", "End": "3/2/2025", "GlobalID": "{350B6293-B5C4-4D57-A86E-E7506A42869D}", "القطاع": "القطاع الثاني", "Depth": 1.5, "GL": 173.32, "IL": 171.82, "نوع_المطبق": "مربع", "dimention": "2 X 2 m", "Fault_statement": null}, "geometry": {"type": "Point", "coordinates": [31.56981199033516, 30.27122538546181, 0.0]}}, {"type": "Feature", "properties": {"ID": "MH-A-5-11-a-16-1", "Easting": "031° 34' 4.31\" E", "Northing": "30° 16' 16.14\" N", "الشركة_المنفذة": "عوض خليفة", "Start": "1/3/2022", "End": "3/2/2025", "GlobalID": "{6E0FB7FF-5041-4E46-8205-6BA78313CF77}", "القطاع": "القطاع الثاني", "Depth": 1.6299999999999955, "GL": 173.35, "IL": 171.72, "نوع_المطبق": "مربع", "dimention": "2 X 2 m", "Fault_statement": null}, "geometry": {"type": "Point", "coordinates": [31.56953994755611, 30.27131501433636, 0.0]}}, {"type": "Feature", "properties": {"ID": "MH-A-5-11-a-16", "Easting": "031° 34' 3.02\" E", "Northing": "30° 16' 16.57\" N", "الشركة_المنفذة": "عوض خليفة", "Start": "1/3/2022", "End": "3/2/2025", "GlobalID": "{75948256-F944-4178-91CD-AADE8BF100E9}", "القطاع": "القطاع الثاني", "Depth": 1.7699999999999818, "GL": 173.38, "IL": 171.61, "نوع_المطبق": "مربع", "dimention": "2 X 2 m", "Fault_statement": null}, "geometry": {"type": "Point", "coordinates": [31.569183887329487, 30.27143656260357, 0.0]}}, {"type": "Feature", "properties": {"ID": "MH-A-5-11-a-15", "Easting": "031° 34' 3.31\" E", "Northing": "30° 16' 17.5\" N", "الشركة_المنفذة": "عوض خليفة", "Start": "1/3/2022", "End": "3/2/2025", "GlobalID": "{93AA3A52-3A7E-4DD6-A2FA-786482CD6727}", "القطاع": "القطاع الثاني", "Depth": 1.7099999999999795, "GL": 172.54, "IL": 170.83, "نوع_المطبق": "مربع", "dimention": "2 X 2 m", "Fault_statement": null}, "geometry": {"type": "Point", "coordinates": [31.56926381801543, 30.27169504981693, 0.0]}}, {"type": "Feature", "properties": {"ID": "MH-A-5-11-a-14", "Easting": "031° 34' 3.32\" E", "Northing": "30° 16' 18.41\" N", "الشركة_المنفذة": "عوض خليفة", "Start": "1/3/2022", "End": "3/2/2025", "GlobalID": "{704A3F9D-D30A-42A3-864A-3CAAD51CF5F8}", "القطاع": "القطاع الثاني", "Depth": 1.6199999999999761, "GL": 171.73, "IL": 170.11, "نوع_المطبق": "مربع", "dimention": "2 X 2 m", "Fault_statement": null}, "geometry": {"type": "Point", "coordinates": [31.569266303070787, 30.27194743437911, 0.0]}}, {"type": "Feature", "properties": {"ID": "MH-A-5-11-a-13-2", "Easting": "031° 34' 5.3\" E", "Northing": "30° 16' 20.0\" N", "الشركة_المنفذة": "عوض خليفة", "Start": "1/3/2022", "End": "3/2/2025", "GlobalID": "{65D8D09C-5CC8-4AA6-89C5-683FF8FB9C35}", "القطاع": "القطاع الثاني", "Depth": 1.5, "GL": 171.5, "IL": 170.0, "نوع_المطبق": "مربع", "dimention": "2 X 2 m", "Fault_statement": null}, "geometry": {"type": "Point", "coordinates": [31.569814902570293, 30.272389890929865, 0.0]}}, {"type": "Feature", "properties": {"ID": "MH-A-5-11-a-13-1", "Easting": "031° 34' 4.38\" E", "Northing": "30° 16' 19.72\" N", "الشركة_المنفذة": "عوض خليفة", "Start": "1/3/2022", "End": "3/2/2025", "GlobalID": "{8F548C49-2FF1-43A4-8317-DE81FAE4386E}", "القطاع": "القطاع الثاني", "Depth": 1.5200000000000102, "GL": 171.27, "IL": 169.75, "نوع_المطبق": "مربع", "dimention": "2 X 2 m", "Fault_statement": null}, "geometry": {"type": "Point", "coordinates": [31.56956059778864, 30.272310639816517, 0.0]}}, {"type": "Feature", "properties": {"ID": "MH-A-5-11-a-13", "Easting": "031° 34' 3.09\" E", "Northing": "30° 16' 19.34\" N", "الشركة_المنفذة": "عوض خليفة", "Start": "1/3/2022", "End": "3/2/2025", "GlobalID": "{1A2BCA20-1195-42E8-8B7A-0AAB046BF1B5}", "القطاع": "القطاع الثاني", "Depth": 1.670000000000016, "GL": 170.9, "IL": 169.23, "نوع_المطبق": "مربع", "dimention": "2 X 2 m", "Fault_statement": null}, "geometry": {"type": "Point", "coordinates": [31.569202780176273, 30.27220424401794, 0.0]}}, {"type": "Feature", "properties": {"ID": "MH-A-5-11-a-12", "Easting": "031° 34' 2.71\" E", "Northing": "30° 16' 20.06\" N", "الشركة_المنفذة": "عوض خليفة", "Start": "1/3/2022", "End": "3/2/2025", "GlobalID": "{3A46B70E-9E9E-4009-8B43-4528063C8F8E}", "القطاع": "القطاع الثاني", "Depth": 1.5, "GL": 170.09, "IL": 168.59, "نوع_المطبق": "مربع", "dimention": "2 X 2 m", "Fault_statement": null}, "geometry": {"type": "Point", "coordinates": [31.56909763452263, 30.27240536709751, 0.0]}}, {"type": "Feature", "properties": {"ID": "MH-A-5-11-a-11", "Easting": "031° 34' 2.06\" E", "Northing": "30° 16' 20.79\" N", "الشركة_المنفذة": "عوض خليفة", "Start": "1/3/2022", "End": "3/2/2025", "GlobalID": "{0F2BE153-3D65-4DB7-ABC0-52DD45AE6174}", "القطاع": "القطاع الثاني", "Depth": 1.5100000000000193, "GL": 169.36, "IL": 167.85, "نوع_المطبق": "مربع", "dimention": "2 X 2 m", "Fault_statement": null}, "geometry": {"type": "Point", "coordinates": [31.568917276236842, 30.272609044443435, 0.0]}}, {"type": "Feature", "properties": {"ID": "MH-A-5-11-a-10", "Easting": "031° 34' 0.97\" E", "Northing": "30° 16' 21.68\" N", "الشركة_المنفذة": "عوض خليفة", "Start": "1/3/2022", "End": "3/2/2025", "GlobalID": "{1181761B-B49D-4E55-B454-ECF0A72B09CF}", "القطاع": "القطاع الثاني", "Depth": 1.4000000000000057, "GL": 168.21, "IL": 166.81, "نوع_المطبق": "مربع", "dimention": "2 X 2 m", "Fault_statement": null}, "geometry": {"type": "Point", "coordinates": [31.56861256609549, 30.272854473325904, 0.0]}}, {"type": "Feature", "properties": {"ID": "MH-A-5-10", "Easting": "031° 33' 48.99\" E", "Northing": "30° 16' 13.69\" N", "الشركة_المنفذة": "اولاد حجازي", "Start": "1/3/2022", "End": "3/2/2025", "GlobalID": "{540EDDF9-CFE6-4C0F-895E-7CFB3521082F}", "القطاع": "القطاع الاول", "Depth": 2.4899999999999807, "GL": 161.79, "IL": 159.3, "نوع_المطبق": "مربع", "dimention": "2 X 2 m", "Fault_statement": null}, "geometry": {"type": "Point", "coordinates": [31.565284583045862, 30.270636316048712, 0.0]}}, {"type": "Feature", "properties": {"ID": "MH-A-5-1-9", "Easting": "031° 33' 53.08\" E", "Northing": "30° 16' 7.97\" N", "الشركة_المنفذة": "عوض خليفة", "Start": "1/3/2022", "End": "3/2/2025", "GlobalID": "{F8A96F00-970B-4CD0-990F-993FF0B00936}", "القطاع": "القطاع الثاني", "Depth": 1.8500000000000227, "GL": 162.11, "IL": 160.26, "نوع_المطبق": "مربع", "dimention": "2 X 2 m", "Fault_statement": null}, "geometry": {"type": "Point", "coordinates": [31.566422287221112, 30.26904779440981, 0.0]}}, {"type": "Feature", "properties": {"ID": "MH-A-5-1-8", "Easting": "031° 33' 52.32\" E", "Northing": "30° 16' 7.5\" N", "الشركة_المنفذة": "عوض خليفة", "Start": "1/3/2022", "End": "3/2/2025", "GlobalID": "{9291EFA3-8179-46DF-8B3E-3521785991BB}", "القطاع": "القطاع الثاني", "Depth": 1.6699999999999875, "GL": 161.16, "IL": 159.49, "نوع_المطبق": "مربع", "dimention": "2 X 2 m", "Fault_statement": null}, "geometry": {"type": "Point", "coordinates": [31.56621149381734, 30.268915373490447, 0.0]}}, {"type": "Feature", "properties": {"ID": "MH-A-5-1-7", "Easting": "031° 33' 51.68\" E", "Northing": "30° 16' 7.08\" N", "الشركة_المنفذة": "عوض خليفة", "Start": "1/3/2022", "End": "3/2/2025", "GlobalID": "{E9ED28D3-CDA4-4429-9685-1BDE5CF32DF0}", "القطاع": "القطاع الثاني", "Depth": 1.5199999999999818, "GL": 160.35, "IL": 158.83, "نوع_المطبق": "مربع", "dimention": "2 X 2 m", "Fault_statement": null}, "geometry": {"type": "Point", "coordinates": [31.566031458998157, 30.26880065830323, 0.0]}}, {"type": "Feature", "properties": {"ID": "MH-A-5-1-6", "Easting": "031° 33' 50.98\" E", "Northing": "30° 16' 6.65\" N", "الشركة_المنفذة": "عوض خليفة", "Start": "1/3/2022", "End": "3/2/2025", "GlobalID": "{9A572776-01D7-421C-B20C-4057F4252066}", "القطاع": "القطاع الثاني", "Depth": 1.539999999999992, "GL": 159.66, "IL": 158.12, "نوع_المطبق": "مربع", "dimention": "2 X 2 m", "Fault_statement": null}, "geometry": {"type": "Point", "coordinates": [31.565837247226053, 30.268679680698458, 0.0]}}, {"type": "Feature", "properties": {"ID": "MH-A-5-1-5-3", "Easting": "031° 33' 51.95\" E", "Northing": "30° 16' 3.92\" N", "الشركة_المنفذة": "عوض خليفة", "Start": "1/3/2022", "End": "3/2/2025", "GlobalID": "{04A673E5-5614-47FD-8123-F0AC08AA04A3}", "القطاع": "القطاع الثاني", "Depth": 1.5, "GL": 159.19, "IL": 157.69, "نوع_المطبق": "مربع", "dimention": "2 X 2 m", "Fault_statement": null}, "geometry": {"type": "Point", "coordinates": [31.566108331667888, 30.267922033227073, 0.0]}}, {"type": "Feature", "properties": {"ID": "MH-A-5-1-5-2", "Easting": "031° 33' 51.46\" E", "Northing": "30° 16' 4.57\" N", "الشركة_المنفذة": "عوض خليفة", "Start": "1/3/2022", "End": "3/2/2025", "GlobalID": "{6292980E-A4F1-447D-9DF6-EB6E06A04041}", "القطاع": "القطاع الثاني", "Depth": 1.579999999999984, "GL": 159.19, "IL": 157.61, "نوع_المطبق": "مربع", "dimention": "2 X 2 m", "Fault_statement": null}, "geometry": {"type": "Point", "coordinates": [31.565970851511047, 30.268102660145352, 0.0]}}, {"type": "Feature", "properties": {"ID": "MH-A-5-1-5-1", "Easting": "031° 33' 50.9\" E", "Northing": "30° 16' 5.26\" N", "الشركة_المنفذة": "عوض خليفة", "Start": "1/3/2022", "End": "3/2/2025", "GlobalID": "{F4BA8330-5EA7-48C9-A7F7-58F444967CD5}", "القطاع": "القطاع الثاني", "Depth": 1.6500000000000057, "GL": 159.18, "IL": 157.53, "نوع_المطبق": "مربع", "dimention": "2 X 2 m", "Fault_statement": null}, "geometry": {"type": "Point", "coordinates": [31.56581650395862, 30.268295151208566, 0.0]}}, {"type": "Feature", "properties": {"ID": "MH-A-5-1-5", "Easting": "031° 33' 50.18\" E", "Northing": "30° 16' 6.18\" N", "الشركة_المنفذة": "عوض خليفة", "Start": "1/3/2022", "End": "3/2/2025", "GlobalID": "{3AA8D5C7-E8D3-4BD7-8331-2FE977A2164A}", "القطاع": "القطاع الثاني", "Depth": 1.8499999999999943, "GL": 159.18, "IL": 157.33, "نوع_المطبق": "مربع", "dimention": "2 X 2 m", "Fault_statement": null}, "geometry": {"type": "Point", "coordinates": [31.56561726004743, 30.268550446600173, 0.0]}}, {"type": "Feature", "properties": {"ID": "MH-A-5-1-4", "Easting": "031° 33' 49.41\" E", "Northing": "30° 16' 5.73\" N", "الشركة_المنفذة": "عوض خليفة", "Start": "1/3/2022", "End": "3/2/2025", "GlobalID": "{44034C09-50AF-4AE4-8426-2B36225711E4}", "القطاع": "القطاع الثاني", "Depth": 1.799999999999983, "GL": 159.04, "IL": 157.24, "نوع_المطبق": "مربع", "dimention": "2 X 2 m", "Fault_statement": null}, "geometry": {"type": "Point", "coordinates": [31.565401872267838, 30.268424724702072, 0.0]}}, {"type": "Feature", "properties": {"ID": "MH-A-5-1-3", "Easting": "031° 33' 48.72\" E", "Northing": "30° 16' 5.34\" N", "الشركة_المنفذة": "عوض خليفة", "Start": "1/3/2022", "End": "3/2/2025", "GlobalID": "{4ED98212-D0A4-43FD-B246-2434BCED5B43}", "القطاع": "القطاع الثاني", "Depth": 2.030000000000001, "GL": 159.2, "IL": 157.17, "نوع_المطبق": "مربع", "dimention": "2 X 2 m", "Fault_statement": null}, "geometry": {"type": "Point", "coordinates": [31.56520934075164, 30.26831744997445, 0.0]}}, {"type": "Feature", "properties": {"ID": "MH-A-5-1-2", "Easting": "031° 33' 47.93\" E", "Northing": "30° 16' 4.9\" N", "الشركة_المنفذة": "عوض خليفة", "Start": "1/3/2022", "End": "3/2/2025", "GlobalID": "{2800F193-CD8B-45EE-99EA-C54CB1E4F23B}", "القطاع": "القطاع الثاني", "Depth": 2.5, "GL": 159.54, "IL": 157.04, "نوع_المطبق": "مربع", "dimention": "2 X 2 m", "Fault_statement": null}, "geometry": {"type": "Point", "coordinates": [31.564991685390087, 30.26819372165788, 0.0]}}, {"type": "Feature", "properties": {"ID": "MH-A-5-1-11", "Easting": "031° 33' 54.49\" E", "Northing": "30° 16' 6.37\" N", "الشركة_المنفذة": "عوض خليفة", "Start": "1/3/2022", "End": "3/2/2025", "GlobalID": "{30F14A47-ADAF-4CCE-A978-966980F22697}", "القطاع": "القطاع الثاني", "Depth": 1.5900000000000034, "GL": 162.06, "IL": 160.47, "نوع_المطبق": "مربع", "dimention": "2 X 2 m", "Fault_statement": null}, "geometry": {"type": "Point", "coordinates": [31.566813065071383, 30.268603153822824, 0.0]}}, {"type": "Feature", "properties": {"ID": "MH-A-5-1-12", "Easting": "031° 33' 55.03\" E", "Northing": "30° 16' 5.75\" N", "الشركة_المنفذة": "عوض خليفة", "Start": "1/3/2022", "End": "3/2/2025", "GlobalID": "{38C00F96-3260-4AA3-9B39-9B34E6B39852}", "القطاع": "القطاع الثاني", "Depth": 1.5, "GL": 162.04, "IL": 160.54, "نوع_المطبق": "مربع", "dimention": "2 X 2 m", "Fault_statement": null}, "geometry": {"type": "Point", "coordinates": [31.566963811921887, 30.268430688116506, 0.0]}}, {"type": "Feature", "properties": {"ID": "MH-A-5-1-10", "Easting": "031° 33' 53.89\" E", "Northing": "30° 16' 7.04\" N", "الشركة_المنفذة": "عوض خليفة", "Start": "1/3/2022", "End": "3/2/2025", "GlobalID": "{B1287E65-4BCF-43AC-8D44-929DED8F25A4}", "القطاع": "القطاع الثاني", "Depth": 1.6899999999999977, "GL": 162.07, "IL": 160.38, "نوع_المطبق": "مربع", "dimention": "2 X 2 m", "Fault_statement": null}, "geometry": {"type": "Point", "coordinates": [31.56664761443813, 30.26878856948484, 0.0]}}, {"type": "Feature", "properties": {"ID": "MH-A-5-1-1-3", "Easting": "031° 33' 48.83\" E", "Northing": "30° 16' 2.17\" N", "الشركة_المنفذة": "عوض خليفة", "Start": "1/3/2022", "End": "3/2/2025", "GlobalID": "{BBF090D5-E8BB-47AE-8207-54B9102B41B6}", "القطاع": "القطاع الثاني", "Depth": 1.5, "GL": 159.96, "IL": 158.46, "نوع_المطبق": "مربع", "dimention": "2 X 2 m", "Fault_statement": null}, "geometry": {"type": "Point", "coordinates": [31.565240310016936, 30.267435384247076, 0.0]}}, {"type": "Feature", "properties": {"ID": "MH-A-5-1-1-2", "Easting": "031° 33' 48.4\" E", "Northing": "30° 16' 2.78\" N", "الشركة_المنفذة": "عوض خليفة", "Start": "1/3/2022", "End": "3/2/2025", "GlobalID": "{3B063CC5-DB5B-4107-9E02-ACE94277E1FD}", "القطاع": "القطاع الثاني", "Depth": 1.5600000000000023, "GL": 159.94, "IL": 158.38, "نوع_المطبق": "مربع", "dimention": "2 X 2 m", "Fault_statement": null}, "geometry": {"type": "Point", "coordinates": [31.56512038482036, 30.267604336150832, 0.0]}}, {"type": "Feature", "properties": {"ID": "MH-A-5-1-1-1", "Easting": "031° 33' 47.89\" E", "Northing": "30° 16' 3.5\" N", "الشركة_المنفذة": "عوض خليفة", "Start": "1/3/2022", "End": "3/2/2025", "GlobalID": "{2DD788F3-3B81-4015-91DB-4943D8FAFAE3}", "القطاع": "القطاع الثاني", "Depth": 1.6199999999999761, "GL": 159.92, "IL": 158.3, "نوع_المطبق": "مربع", "dimention": "2 X 2 m", "Fault_statement": null}, "geometry": {"type": "Point", "coordinates": [31.564979174954747, 30.267804285473993, 0.0]}}, {"type": "Feature", "properties": {"ID": "MH-A-5-1-1", "Easting": "031° 33' 47.19\" E", "Northing": "30° 16' 4.48\" N", "الشركة_المنفذة": "عوض خليفة", "Start": "1/3/2022", "End": "3/2/2025", "GlobalID": "{BCE72827-00B8-4898-921D-6B793B331953}", "القطاع": "القطاع الثاني", "Depth": 2.9199999999999875, "GL": 159.89, "IL": 156.97, "نوع_المطبق": "مربع", "dimention": "2 X 2 m", "Fault_statement": null}, "geometry": {"type": "Point", "coordinates": [31.564784697168708, 30.268078765422604, 0.0]}}, {"type": "Feature", "properties": {"ID": "MH-A-5-1", "Easting": "031° 33' 46.3\" E", "Northing": "30° 16' 4.37\" N", "الشركة_المنفذة": "عوض خليفة", "Start": "1/3/2022", "End": "3/2/2025", "GlobalID": "{86540765-78B2-4E73-858B-F7C3BE613938}", "القطاع": "القطاع الثاني", "Depth": 3.9399999999999977, "GL": 160.2, "IL": 156.26, "نوع_المطبق": "مربع", "dimention": "2 X 2 m", "Fault_statement": null}, "geometry": {"type": "Point", "coordinates": [31.564537183319537, 30.26804721852916, 0.0]}}, {"type": "Feature", "properties": {"ID": "MH-A-4A-2-6-4", "Easting": "031° 33' 34.81\" E", "Northing": "30° 16' 30.98\" N", "الشركة_المنفذة": "التوحيد", "Start": "1/3/2022", "End": "3/2/2025", "GlobalID": "{F72004FF-0E2A-458C-AB74-3491582550E0}", "القطاع": "القطاع الثالث", "Depth": 1.5, "GL": 173.73, "IL": 172.23, "نوع_المطبق": "مربع", "dimention": "2 X 2 m", "Fault_statement": null}, "geometry": {"type": "Point", "coordinates": [31.561347360048075, 30.27543968202894, 0.0]}}, {"type": "Feature", "properties": {"ID": "MH-A-4A-2-6-3", "Easting": "031° 33' 34.18\" E", "Northing": "30° 16' 31.58\" N", "الشركة_المنفذة": "التوحيد", "Start": "1/3/2022", "End": "3/2/2025", "GlobalID": "{24E53242-0CAF-4713-AC32-7867594F5FE9}", "القطاع": "القطاع الثالث", "Depth": 1.5900000000000034, "GL": 173.74, "IL": 172.15, "نوع_المطبق": "مربع", "dimention": "2 X 2 m", "Fault_statement": null}, "geometry": {"type": "Point", "coordinates": [31.561171438498558, 30.275605633401682, 0.0]}}, {"type": "Feature", "properties": {"ID": "MH-A-4A-2-6-2", "Easting": "031° 33' 33.55\" E", "Northing": "30° 16' 32.18\" N", "الشركة_المنفذة": "التوحيد", "Start": "1/3/2022", "End": "3/2/2025", "GlobalID": "{E94B4067-70CF-49C3-BDCB-60C324B6069C}", "القطاع": "القطاع الثالث", "Depth": 1.6800000000000068, "GL": 173.75, "IL": 172.07, "نوع_المطبق": "مربع", "dimention": "2 X 2 m", "Fault_statement": null}, "geometry": {"type": "Point", "coordinates": [31.560995516347557, 30.275771582737274, 0.0]}}, {"type": "Feature", "properties": {"ID": "MH-A-4A-2-6-1", "Easting": "031° 33' 32.79\" E", "Northing": "30° 16' 32.9\" N", "الشركة_المنفذة": "التوحيد", "Start": "1/3/2022", "End": "3/2/2025", "GlobalID": "{49C925AE-0B9B-47D9-8FC5-1D0C1D571E70}", "القطاع": "القطاع الثالث", "Depth": 1.789999999999992, "GL": 173.76, "IL": 171.97, "نوع_المطبق": "مربع", "dimention": "2 X 2 m", "Fault_statement": null}, "geometry": {"type": "Point", "coordinates": [31.56078605847244, 30.275972028675444, 0.0]}}, {"type": "Feature", "properties": {"ID": "MH-A-4-9", "Easting": "031° 33' 38.06\" E", "Northing": "30° 16' 0.31\" N", "الشركة_المنفذة": "عوض خليفة", "Start": "1/3/2022", "End": "3/2/2025", "GlobalID": "{BD7380DB-D8B9-499A-B6CB-E43E2ADBE79F}", "القطاع": "القطاع الثاني", "Depth": 1.7800000000000011, "GL": 164.24, "IL": 162.46, "نوع_المطبق": "مربع", "dimention": "2 X 2 m", "Fault_statement": null}, "geometry": {"type": "Point", "coordinates": [31.56224989167158, 30.2669177723965, 0.0]}}, {"type": "Feature", "properties": {"ID": "MH-A-4-8", "Easting": "031° 33' 38.91\" E", "Northing": "30° 16' 0.65\" N", "الشركة_المنفذة": "عوض خليفة", "Start": "1/3/2022", "End": "3/2/2025", "GlobalID": "{32824D41-B01C-4D64-A401-0A551F016C9E}", "القطاع": "القطاع الثاني", "Depth": 1.799999999999983, "GL": 163.48, "IL": 161.68, "نوع_المطبق": "مربع", "dimention": "2 X 2 m", "Fault_statement": null}, "geometry": {"type": "Point", "coordinates": [31.562485343040983, 30.267013913061113, 0.0]}}, {"type": "Feature", "properties": {"ID": "MH-A-4-7-3", "Easting": "031° 33' 41.14\" E", "Northing": "30° 15' 58.42\" N", "الشركة_المنفذة": "عوض خليفة", "Start": "1/3/2022", "End": "3/2/2025", "GlobalID": "{0EB16602-DFEF-4E87-8957-CE7C4B65D0F6}", "القطاع": "القطاع الثاني", "Depth": 1.5, "GL": 163.1, "IL": 161.6, "نوع_المطبق": "مربع", "dimention": "2 X 2 m", "Fault_statement": null}, "geometry": {"type": "Point", "coordinates": [31.563105570335935, 30.266393854518157, 0.0]}}, {"type": "Feature", "properties": {"ID": "MH-A-4-7-2", "Easting": "031° 33' 40.74\" E", "Northing": "30° 15' 59.15\" N", "الشركة_المنفذة": "عوض خليفة", "Start": "1/3/2022", "End": "3/2/2025", "GlobalID": "{033A14D6-BD35-4DF5-87CB-12FE6190D1A6}", "القطاع": "القطاع الثاني", "Depth": 1.5900000000000034, "GL": 163.11, "IL": 161.52, "نوع_المطبق": "مربع", "dimention": "2 X 2 m", "Fault_statement": null}, "geometry": {"type": "Point", "coordinates": [31.562993768808557, 30.26659741176394, 0.0]}}, {"type": "Feature", "properties": {"ID": "MH-A-4-7-1", "Easting": "031° 33' 40.27\" E", "Northing": "30° 16' 0.0\" N", "الشركة_المنفذة": "عوض خليفة", "Start": "1/3/2022", "End": "3/2/2025", "GlobalID": "{6CEFDBB4-856D-4390-A9AD-032F8B8C441D}", "القطاع": "القطاع الثاني", "Depth": 1.6899999999999977, "GL": 163.12, "IL": 161.43, "نوع_المطبق": "مربع", "dimention": "2 X 2 m", "Fault_statement": null}, "geometry": {"type": "Point", "coordinates": [31.56286407881467, 30.266833540933927, 0.0]}}, {"type": "Feature", "properties": {"ID": "MH-A-4-7", "Easting": "031° 33' 39.76\" E", "Northing": "30° 16' 0.98\" N", "الشركة_المنفذة": "عوض خليفة", "Start": "1/3/2022", "End": "3/2/2025", "GlobalID": "{E146C967-B920-4F73-9AD4-01FECF4D7ECE}", "القطاع": "القطاع الثاني", "Depth": 1.8000000000000114, "GL": 163.12, "IL": 161.32, "نوع_المطبق": "مربع", "dimention": "2 X 2 m", "Fault_statement": null}, "geometry": {"type": "Point", "coordinates": [31.56272077761202, 30.26710519856551, 0.0]}}, {"type": "Feature", "properties": {"ID": "MH-A-4-6", "Easting": "031° 33' 40.63\" E", "Northing": "30° 16' 1.35\" N", "الشركة_المنفذة": "عوض خليفة", "Start": "1/3/2022", "End": "3/2/2025", "GlobalID": "{4961C8A2-871B-4F38-8D26-1BA47873E579}", "القطاع": "القطاع الثاني", "Depth": 1.8199999999999932, "GL": 162.75, "IL": 160.93, "نوع_المطبق": "مربع", "dimention": "2 X 2 m", "Fault_statement": null}, "geometry": {"type": "Point", "coordinates": [31.562963427072614, 30.267208958618912, 0.0]}}, {"type": "Feature", "properties": {"ID": "MH-A-4-5", "Easting": "031° 33' 41.45\" E", "Northing": "30° 16' 1.7\" N", "الشركة_المنفذة": "عوض خليفة", "Start": "1/3/2022", "End": "3/2/2025", "GlobalID": "{F8A70286-E909-4319-AF67-057E785D2764}", "القطاع": "القطاع الثاني", "Depth": 1.8199999999999932, "GL": 162.4, "IL": 160.58, "نوع_المطبق": "مربع", "dimention": "2 X 2 m", "Fault_statement": null}, "geometry": {"type": "Point", "coordinates": [31.56319143419888, 30.26730567839338, 0.0]}}, {"type": "Feature", "properties": {"ID": "MH-A-4-4", "Easting": "031° 33' 42.22\" E", "Northing": "30° 16' 2.05\" N", "الشركة_المنفذة": "عوض خليفة", "Start": "1/3/2022", "End": "3/2/2025", "GlobalID": "{C3A968AF-8914-40DF-A676-91FE83F90438}", "القطاع": "القطاع الثاني", "Depth": 1.829999999999984, "GL": 162.07, "IL": 160.24, "نوع_المطبق": "مربع", "dimention": "2 X 2 m", "Fault_statement": null}, "geometry": {"type": "Point", "coordinates": [31.56340349775696, 30.2674019069865, 0.0]}}, {"type": "Feature", "properties": {"ID": "MH-A-4-3-3", "Easting": "031° 33' 44.73\" E", "Northing": "30° 15' 59.95\" N", "الشركة_المنفذة": "عوض خليفة", "Start": "1/3/2022", "End": "3/2/2025", "GlobalID": "{78B9F032-C9A9-4AB3-BBE2-17DEBF133E29}", "القطاع": "القطاع الثاني", "Depth": 1.5, "GL": 161.68, "IL": 160.18, "نوع_المطبق": "مربع", "dimention": "2 X 2 m", "Fault_statement": null}, "geometry": {"type": "Point", "coordinates": [31.564101168763003, 30.266818393899314, 0.0]}}, {"type": "Feature", "properties": {"ID": "MH-A-4-3-2", "Easting": "031° 33' 44.28\" E", "Northing": "30° 16' 0.66\" N", "الشركة_المنفذة": "عوض خليفة", "Start": "1/3/2022", "End": "3/2/2025", "GlobalID": "{19D73D65-AB76-4750-8853-22E3DB20E96B}", "القطاع": "القطاع الثاني", "Depth": 1.5800000000000125, "GL": 161.68, "IL": 160.1, "نوع_المطبق": "مربع", "dimention": "2 X 2 m", "Fault_statement": null}, "geometry": {"type": "Point", "coordinates": [31.563976402244368, 30.26701619494401, 0.0]}}, {"type": "Feature", "properties": {"ID": "MH-A-4-3-1", "Easting": "031° 33' 43.75\" E", "Northing": "30° 16' 1.52\" N", "الشركة_المنفذة": "عوض خليفة", "Start": "1/3/2022", "End": "3/2/2025", "GlobalID": "{40D6A108-B610-4B68-AA7F-25144D65CF4E}", "القطاع": "القطاع الثاني", "Depth": 1.6699999999999875, "GL": 161.67, "IL": 160.0, "نوع_المطبق": "مربع", "dimention": "2 X 2 m", "Fault_statement": null}, "geometry": {"type": "Point", "coordinates": [31.563828996629454, 30.267254641893587, 0.0]}}, {"type": "Feature", "properties": {"ID": "MH-A-4-3", "Easting": "031° 33' 43.17\" E", "Northing": "30° 16' 2.47\" N", "الشركة_المنفذة": "عوض خليفة", "Start": "1/3/2022", "End": "3/2/2025", "GlobalID": "{A2E0DC35-F0E2-4738-9E7D-AF720E3F1E82}", "القطاع": "القطاع الثاني", "Depth": 1.8400000000000034, "GL": 161.66, "IL": 159.82, "نوع_المطبق": "مربع", "dimention": "2 X 2 m", "Fault_statement": null}, "geometry": {"type": "Point", "coordinates": [31.563667722495882, 30.267518088001097, 0.0]}}, {"type": "Feature", "properties": {"ID": "MH-A-4-2", "Easting": "031° 33' 44.26\" E", "Northing": "30° 16' 2.97\" N", "الشركة_المنفذة": "عوض خليفة", "Start": "1/3/2022", "End": "3/2/2025", "GlobalID": "{7EF0B6B2-907E-41BE-BB22-FC49EC61FB98}", "القطاع": "القطاع الثاني", "Depth": 1.6799999999999784, "GL": 161.01, "IL": 159.33, "نوع_المطبق": "مربع", "dimention": "2 X 2 m", "Fault_statement": null}, "geometry": {"type": "Point", "coordinates": [31.56397047284739, 30.267657570408492, 0.0]}}, {"type": "Feature", "properties": {"ID": "MH-A-4-14", "Easting": "031° 33' 37.5\" E", "Northing": "30° 15' 56.95\" N", "الشركة_المنفذة": "عوض خليفة", "Start": "1/3/2022", "End": "3/2/2025", "GlobalID": "{9435DF46-C402-42B3-AAF5-EC516B89FD24}", "القطاع": "القطاع الثاني", "Depth": 1.5, "GL": 164.64, "IL": 163.14, "نوع_المطبق": "مربع", "dimention": "2 X 2 m", "Fault_statement": null}, "geometry": {"type": "Point", "coordinates": [31.56209326282996, 30.265985881082354, 0.0]}}, {"type": "Feature", "properties": {"ID": "MH-A-4-13", "Easting": "031° 33' 37.1\" E", "Northing": "30° 15' 57.72\" N", "الشركة_المنفذة": "عوض خليفة", "Start": "1/3/2022", "End": "3/2/2025", "GlobalID": "{730FDC17-9AA5-4BFA-B193-C2CA50AA230F}", "القطاع": "القطاع الثاني", "Depth": 1.579999999999984, "GL": 164.64, "IL": 163.06, "نوع_المطبق": "مربع", "dimention": "2 X 2 m", "Fault_statement": null}, "geometry": {"type": "Point", "coordinates": [31.561983809705154, 30.266200302479, 0.0]}}, {"type": "Feature", "properties": {"ID": "MH-A-4-12", "Easting": "031° 33' 36.59\" E", "Northing": "30° 15' 58.73\" N", "الشركة_المنفذة": "عوض خليفة", "Start": "1/3/2022", "End": "3/2/2025", "GlobalID": "{2D07D410-20D1-4E26-9C45-D9B1D526BEE2}", "القطاع": "القطاع الثاني", "Depth": 1.6899999999999977, "GL": 164.64, "IL": 162.95, "نوع_المطبق": "مربع", "dimention": "2 X 2 m", "Fault_statement": null}, "geometry": {"type": "Point", "coordinates": [31.561840675118486, 30.266480701089275, 0.0]}}, {"type": "Feature", "properties": {"ID": "MH-A-4-11", "Easting": "031° 33' 36.19\" E", "Northing": "30° 15' 59.58\" N", "الشركة_المنفذة": "عوض خليفة", "Start": "1/3/2022", "End": "3/2/2025", "GlobalID": "{E88B2B2E-6670-40FC-B42F-F71C159527AC}", "القطاع": "القطاع الثاني", "Depth": 1.7699999999999818, "GL": 164.63, "IL": 162.86, "نوع_المطبق": "مربع", "dimention": "2 X 2 m", "Fault_statement": null}, "geometry": {"type": "Point", "coordinates": [31.56173012593277, 30.266715655694636, 0.0]}}, {"type": "Feature", "properties": {"ID": "MH-A-4-10", "Easting": "031° 33' 37.11\" E", "Northing": "30° 15' 59.94\" N", "الشركة_المنفذة": "عوض خليفة", "Start": "1/3/2022", "End": "3/2/2025", "GlobalID": "{71B8FD8D-4759-487A-A2B4-31A06746BA66}", "القطاع": "القطاع الثاني", "Depth": 1.7800000000000011, "GL": 164.24, "IL": 162.46, "نوع_المطبق": "مربع", "dimention": "2 X 2 m", "Fault_statement": null}, "geometry": {"type": "Point", "coordinates": [31.56198614101626, 30.266815310158663, 0.0]}}, {"type": "Feature", "properties": {"ID": "MH-A-4-1", "Easting": "031° 33' 45.32\" E", "Northing": "30° 16' 2.21\" N", "الشركة_المنفذة": "عوض خليفة", "Start": "1/3/2022", "End": "3/2/2025", "GlobalID": "{5BE938A9-1C40-44EF-BC53-930A502847D7}", "القطاع": "القطاع الثاني", "Depth": 1.5999999999999943, "GL": 160.39, "IL": 158.79, "نوع_المطبق": "مربع", "dimention": "2 X 2 m", "Fault_statement": null}, "geometry": {"type": "Point", "coordinates": [31.564266029062072, 30.267445868480955, 0.0]}}, {"type": "Feature", "properties": {"ID": "MH-A-1-c", "Easting": "031° 33' 50.97\" E", "Northing": "30° 15' 56.14\" N", "الشركة_المنفذة": "عوض خليفة", "Start": "1/3/2022", "End": "3/2/2025", "GlobalID": "{B7DAD87E-A30A-4AA9-AB74-17F4B8AE0359}", "القطاع": "القطاع الثاني", "Depth": 1.5, "GL": 156.35, "IL": 154.85, "نوع_المطبق": "مربع", "dimention": "2 X 2 m", "Fault_statement": null}, "geometry": {"type": "Point", "coordinates": [31.56583532005039, 30.265760801798187, 0.0]}}, {"type": "Feature", "properties": {"ID": "MH-A-1-b-9a", "Easting": "031° 33' 41.96\" E", "Northing": "30° 15' 51.88\" N", "الشركة_المنفذة": "عوض خليفة", "Start": "1/3/2022", "End": "3/2/2025", "GlobalID": "{9ADB7CE7-7206-4A54-A6EC-0D852F798976}", "القطاع": "القطاع الثاني", "Depth": 2.3400000000000034, "GL": 162.85, "IL": 160.51, "نوع_المطبق": "مربع", "dimention": "2 X 2 m", "Fault_statement": null}, "geometry": {"type": "Point", "coordinates": [31.56333291347587, 30.264576077237688, 0.0]}}, {"type": "Feature", "properties": {"ID": "MH-A-1-b-9", "Easting": "031° 33' 34.14\" E", "Northing": "30° 15' 48.75\" N", "الشركة_المنفذة": "عوض خليفة", "Start": "1/3/2022", "End": "3/2/2025", "GlobalID": "{CBAF169C-30D4-4BA2-96A1-D55F488CE5BC}", "القطاع": "القطاع الثاني", "Depth": 5.859999999999985, "GL": 166.35, "IL": 160.49, "نوع_المطبق": "مربع", "dimention": "2 X 2 m", "Fault_statement": null}, "geometry": {"type": "Point", "coordinates": [31.561159437554657, 30.263708452780566, 0.0]}}, {"type": "Feature", "properties": {"ID": "MH-A-1-b-8a", "Easting": "031° 33' 43.02\" E", "Northing": "30° 15' 52.28\" N", "الشركة_المنفذة": "عوض خليفة", "Start": "1/3/2022", "End": "3/2/2025", "GlobalID": "{CFE06628-D56A-4B62-B10F-8191AF2E948B}", "القطاع": "القطاع الثاني", "Depth": 2.359999999999985, "GL": 161.98, "IL": 159.62, "نوع_المطبق": "مربع", "dimention": "2 X 2 m", "Fault_statement": null}, "geometry": {"type": "Point", "coordinates": [31.56362769827055, 30.264689657393742, 0.0]}}, {"type": "Feature", "properties": {"ID": "MH-A-1-b-8", "Easting": "031° 33' 35.21\" E", "Northing": "30° 15' 49.04\" N", "الشركة_المنفذة": "عوض خليفة", "Start": "1/3/2022", "End": "3/2/2025", "GlobalID": "{45D0164B-9927-47F9-8DCB-2B019A5EC8E2}", "القطاع": "القطاع الثاني", "Depth": 6.079999999999984, "GL": 166.54, "IL": 160.46, "نوع_المطبق": "مربع", "dimention": "2 X 2 m", "Fault_statement": null}, "geometry": {"type": "Point", "coordinates": [31.561457456527794, 30.263787858183548, 0.0]}}, {"type": "Feature", "properties": {"ID": "MH-A-1-b-7a-4", "Easting": "031° 33' 42.36\" E", "Northing": "30° 15' 56.02\" N", "الشركة_المنفذة": "عوض خليفة", "Start": "1/3/2022", "End": "3/2/2025", "GlobalID": "{F8F40027-1EB3-40C8-BEDC-E2667FA920F8}", "القطاع": "القطاع الثاني", "Depth": 1.5, "GL": 162.26, "IL": 160.76, "نوع_المطبق": "مربع", "dimention": "2 X 2 m", "Fault_statement": null}, "geometry": {"type": "Point", "coordinates": [31.563442400893504, 30.265728290257996, 0.0]}}, {"type": "Feature", "properties": {"ID": "MH-A-1-b-7a-3", "Easting": "031° 33' 42.73\" E", "Northing": "30° 15' 55.32\" N", "الشركة_المنفذة": "عوض خليفة", "Start": "1/3/2022", "End": "3/2/2025", "GlobalID": "{7EB91A5E-605A-499F-BD35-36812895789E}", "القطاع": "القطاع الثاني", "Depth": 1.509999999999991, "GL": 162.0, "IL": 160.49, "نوع_المطبق": "مربع", "dimention": "2 X 2 m", "Fault_statement": null}, "geometry": {"type": "Point", "coordinates": [31.563547278799245, 30.26553187408655, 0.0]}}, {"type": "Feature", "properties": {"ID": "MH-A-1-b-7a-2", "Easting": "031° 33' 43.14\" E", "Northing": "30° 15' 54.55\" N", "الشركة_المنفذة": "عوض خليفة", "Start": "1/3/2022", "End": "3/2/2025", "GlobalID": "{23F6A72E-B0E0-4A76-86AF-C98BEB8CF2A7}", "القطاع": "القطاع الثاني", "Depth": 1.509999999999991, "GL": 161.72, "IL": 160.21, "نوع_المطبق": "مربع", "dimention": "2 X 2 m", "Fault_statement": null}, "geometry": {"type": "Point", "coordinates": [31.563660895891058, 30.26531908965582, 0.0]}}, {"type": "Feature", "properties": {"ID": "MH-A-1-b-7a-1", "Easting": "031° 33' 43.62\" E", "Northing": "30° 15' 53.67\" N", "الشركة_المنفذة": "عوض خليفة", "Start": "1/3/2022", "End": "3/2/2025", "GlobalID": "{F30A4631-8FB2-4842-9CBA-90EAF287EC63}", "القطاع": "القطاع الثاني", "Depth": 1.509999999999991, "GL": 161.39, "IL": 159.88, "نوع_المطبق": "مربع", "dimention": "2 X 2 m", "Fault_statement": null}, "geometry": {"type": "Point", "coordinates": [31.56379233949935, 30.265073709787018, 0.0]}}, {"type": "Feature", "properties": {"ID": "MH-A-1-b-7a", "Easting": "031° 33' 44.13\" E", "Northing": "30° 15' 52.72\" N", "الشركة_المنفذة": "عوض خليفة", "Start": "1/3/2022", "End": "3/2/2025", "GlobalID": "{9BE7F2C3-4AC8-48AF-8FB3-117AFC022430}", "القطاع": "القطاع الثاني", "Depth": 2.3400000000000034, "GL": 161.03, "IL": 158.69, "نوع_المطبق": "مربع", "dimention": "2 X 2 m", "Fault_statement": null}, "geometry": {"type": "Point", "coordinates": [31.56393399349406, 30.264811244454382, 0.0]}}, {"type": "Feature", "properties": {"ID": "MH-A-1-b-7", "Easting": "031° 33' 36.44\" E", "Northing": "30° 15' 49.37\" N", "الشركة_المنفذة": "عوض خليفة", "Start": "1/3/2022", "End": "3/2/2025", "GlobalID": "{982E89F5-2B73-47CA-B1C7-FE2F0EF25467}", "القطاع": "القطاع الثاني", "Depth": 6.110000000000014, "GL": 166.53, "IL": 160.42, "نوع_المطبق": "مربع", "dimention": "2 X 2 m", "Fault_statement": null}, "geometry": {"type": "Point", "coordinates": [31.56179987857367, 30.26388070263001, 0.0]}}, {"type": "Feature", "properties": {"ID": "MH-A-1-b-6a", "Easting": "031° 33' 45.11\" E", "Northing": "30° 15' 53.11\" N", "الشركة_المنفذة": "عوض خليفة", "Start": "1/3/2022", "End": "3/2/2025", "GlobalID": "{D558866B-D207-4AD4-989C-70AF8798BF10}", "القطاع": "القطاع الثاني", "Depth": 2.280000000000001, "GL": 160.15, "IL": 157.87, "نوع_المطبق": "مربع", "dimention": "2 X 2 m", "Fault_statement": null}, "geometry": {"type": "Point", "coordinates": [31.564208063436862, 30.264919465803178, 0.0]}}, {"type": "Feature", "properties": {"ID": "MH-A-1-b-6", "Easting": "031° 33' 38.46\" E", "Northing": "30° 15' 49.99\" N", "الشركة_المنفذة": "عوض خليفة", "Start": "1/3/2022", "End": "3/2/2025", "GlobalID": "{EBD76349-3716-4E06-8B91-B9E5945C38D0}", "القطاع": "القطاع الثاني", "Depth": 5.510000000000019, "GL": 165.86, "IL": 160.35, "نوع_المطبق": "مربع", "dimention": "2 X 2 m", "Fault_statement": null}, "geometry": {"type": "Point", "coordinates": [31.56235968783908, 30.26405340329181, 0.0]}}, {"type": "Feature", "properties": {"ID": "MH-A-1-b-5a", "Easting": "031° 33' 45.95\" E", "Northing": "30° 15' 53.48\" N", "الشركة_المنفذة": "عوض خليفة", "Start": "1/3/2022", "End": "3/2/2025", "GlobalID": "{B876DE27-164D-4FC1-8F68-9E4764D8BA2F}", "القطاع": "القطاع الثاني", "Depth": 2.2299999999999898, "GL": 159.38, "IL": 157.15, "نوع_المطبق": "مربع", "dimention": "2 X 2 m", "Fault_statement": null}, "geometry": {"type": "Point", "coordinates": [31.56443998899137, 30.265021046677575, 0.0]}}, {"type": "Feature", "properties": {"ID": "MH-A-1-b-5", "Easting": "031° 33' 40.37\" E", "Northing": "30° 15' 50.61\" N", "الشركة_المنفذة": "عوض خليفة", "Start": "1/3/2022", "End": "3/2/2025", "GlobalID": "{066A89F5-20C0-4780-9230-8D09F5E76023}", "القطاع": "القطاع الثاني", "Depth": 4.1699999999999875, "GL": 164.45, "IL": 160.28, "نوع_المطبق": "مربع", "dimention": "2 X 2 m", "Fault_statement": null}, "geometry": {"type": "Point", "coordinates": [31.56289092900745, 30.26422475019934, 0.0]}}, {"type": "Feature", "properties": {"ID": "MH-A-1-b-4a", "Easting": "031° 33' 46.95\" E", "Northing": "30° 15' 53.92\" N", "الشركة_المنفذة": "عوض خليفة", "Start": "1/3/2022", "End": "3/2/2025", "GlobalID": "{BA0D5B56-78D8-4DDF-9A7E-7EA8B3885681}", "القطاع": "القطاع الثاني", "Depth": 2.2900000000000205, "GL": 158.58, "IL": 156.29, "نوع_المطبق": "مربع", "dimention": "2 X 2 m", "Fault_statement": null}, "geometry": {"type": "Point", "coordinates": [31.564717423449792, 30.265143928735142, 0.0]}}, {"type": "Feature", "properties": {"ID": "MH-A-1-b-4", "Easting": "031° 33' 42.23\" E", "Northing": "30° 15' 51.28\" N", "الشركة_المنفذة": "عوض خليفة", "Start": "1/3/2022", "End": "3/2/2025", "GlobalID": "{35E9BD81-94C9-410E-8277-EA20F3EC0B77}", "القطاع": "القطاع الثاني", "Depth": 2.5800000000000125, "GL": 162.8, "IL": 160.22, "نوع_المطبق": "مربع", "dimention": "2 X 2 m", "Fault_statement": null}, "geometry": {"type": "Point", "coordinates": [31.56340695329275, 30.264410098692245, 0.0]}}, {"type": "Feature", "properties": {"ID": "MH-A-1-b-3a-4", "Easting": "031° 33' 45.95\" E", "Northing": "30° 15' 57.63\" N", "الشركة_المنفذة": "عوض خليفة", "Start": "1/3/2022", "End": "3/2/2025", "GlobalID": "{70836130-37D9-4DCE-A5E4-1E6F7D742375}", "القطاع": "القطاع الثاني", "Depth": 1.5, "GL": 159.91, "IL": 158.41, "نوع_المطبق": "مربع", "dimention": "2 X 2 m", "Fault_statement": null}, "geometry": {"type": "Point", "coordinates": [31.564440019611276, 30.26617380183083, 0.0]}}, {"type": "Feature", "properties": {"ID": "MH-A-1-b-3a-3", "Easting": "031° 33' 46.42\" E", "Northing": "30° 15' 56.85\" N", "الشركة_المنفذة": "عوض خليفة", "Start": "1/3/2022", "End": "3/2/2025", "GlobalID": "{8A18E2F9-840E-434C-97EE-EA908A99F81A}", "القطاع": "القطاع الثاني", "Depth": 1.5, "GL": 159.38, "IL": 157.88, "نوع_المطبق": "مربع", "dimention": "2 X 2 m", "Fault_statement": null}, "geometry": {"type": "Point", "coordinates": [31.564571064447343, 30.265958450194045, 0.0]}}, {"type": "Feature", "properties": {"ID": "MH-A-1-b-3a-2", "Easting": "031° 33' 46.84\" E", "Northing": "30° 15' 56.16\" N", "الشركة_المنفذة": "عوض خليفة", "Start": "1/3/2022", "End": "3/2/2025", "GlobalID": "{73609C1A-1D53-4001-AF06-85FB754DE2EE}", "القطاع": "القطاع الثاني", "Depth": 1.5199999999999818, "GL": 158.92, "IL": 157.4, "نوع_المطبق": "مربع", "dimention": "2 X 2 m", "Fault_statement": null}, "geometry": {"type": "Point", "coordinates": [31.56468754734238, 30.265767025609165, 0.0]}}, {"type": "Feature", "properties": {"ID": "MH-A-1-b-3a-1", "Easting": "031° 33' 47.46\" E", "Northing": "30° 15' 55.16\" N", "الشركة_المنفذة": "عوض خليفة", "Start": "1/3/2022", "End": "3/2/2025", "GlobalID": "{F509F74F-2DF3-4CD2-90EA-DEC2B218F125}", "القطاع": "القطاع الثاني", "Depth": 1.509999999999991, "GL": 158.22, "IL": 156.71, "نوع_المطبق": "مربع", "dimention": "2 X 2 m", "Fault_statement": null}, "geometry": {"type": "Point", "coordinates": [31.56486103746797, 30.26548954572669, 0.0]}}, {"type": "Feature", "properties": {"ID": "MH-A-1-b-3a", "Easting": "031° 33' 47.94\" E", "Northing": "30° 15' 54.39\" N", "الشركة_المنفذة": "عوض خليفة", "Start": "1/3/2022", "End": "3/2/2025", "GlobalID": "{B10C10A0-6994-41D7-91FE-4EA1127F0D11}", "القطاع": "القطاع الثاني", "Depth": 2.25, "GL": 157.68, "IL": 155.43, "نوع_المطبق": "مربع", "dimention": "2 X 2 m", "Fault_statement": null}, "geometry": {"type": "Point", "coordinates": [31.564993879405776, 30.265273303720782, 0.0]}}, {"type": "Feature", "properties": {"ID": "MH-A-1-b-37", "Easting": "031° 33' 10.77\" E", "Northing": "30° 16' 3.64\" N", "الشركة_المنفذة": "عوض خليفة", "Start": "1/3/2022", "End": "3/2/2025", "GlobalID": "{6A0C5EA8-0936-465A-9028-AF2973FD198D}", "القطاع": "القطاع الثاني", "Depth": 1.5500000000000114, "GL": 171.43, "IL": 169.88, "نوع_المطبق": "مربع", "dimention": "2 X 2 m", "Fault_statement": null}, "geometry": {"type": "Point", "coordinates": [31.55466815582054, 30.26784343950949, 0.0]}}, {"type": "Feature", "properties": {"ID": "MH-A-1-b-36-4", "Easting": "031° 33' 15.71\" E", "Northing": "30° 16' 4.28\" N", "الشركة_المنفذة": "عوض خليفة", "Start": "1/3/2022", "End": "3/2/2025", "GlobalID": "{161CB0AE-3EE8-4894-A4BB-BA947BE6B64B}", "القطاع": "القطاع الثاني", "Depth": 1.5, "GL": 171.36, "IL": 169.86, "نوع_المطبق": "مربع", "dimention": "2 X 2 m", "Fault_statement": null}, "geometry": {"type": "Point", "coordinates": [31.55603959170402, 30.268021539722362, 0.0]}}, {"type": "Feature", "properties": {"ID": "MH-A-1-b-36-3", "Easting": "031° 33' 14.8\" E", "Northing": "30° 16' 3.98\" N", "الشركة_المنفذة": "عوض خليفة", "Start": "1/3/2022", "End": "3/2/2025", "GlobalID": "{87EEB3A8-30B3-4235-94F1-7B49EA88DE04}", "القطاع": "القطاع الثاني", "Depth": 1.5699999999999932, "GL": 171.34, "IL": 169.77, "نوع_المطبق": "مربع", "dimention": "2 X 2 m", "Fault_statement": null}, "geometry": {"type": "Point", "coordinates": [31.555787319261487, 30.267937562369184, 0.0]}}, {"type": "Feature", "properties": {"ID": "MH-A-1-b-36-2", "Easting": "031° 33' 13.86\" E", "Northing": "30° 16' 3.65\" N", "الشركة_المنفذة": "عوض خليفة", "Start": "1/3/2022", "End": "3/2/2025", "GlobalID": "{09AFEDC3-4C61-47BF-9610-5EECF1561F16}", "القطاع": "القطاع الثاني", "Depth": 1.6500000000000057, "GL": 171.33, "IL": 169.68, "نوع_المطبق": "مربع", "dimention": "2 X 2 m", "Fault_statement": null}, "geometry": {"type": "Point", "coordinates": [31.555526347507975, 30.26784811528897, 0.0]}}, {"type": "Feature", "properties": {"ID": "MH-A-1-b-36-1", "Easting": "031° 33' 12.47\" E", "Northing": "30° 16' 3.18\" N", "الشركة_المنفذة": "عوض خليفة", "Start": "1/3/2022", "End": "3/2/2025", "GlobalID": "{62E78943-61FC-444E-9C9D-32D33DBB5EEA}", "القطاع": "القطاع الثاني", "Depth": 1.759999999999991, "GL": 171.31, "IL": 169.55, "نوع_المطبق": "مربع", "dimention": "2 X 2 m", "Fault_statement": null}, "geometry": {"type": "Point", "coordinates": [31.555139643913574, 30.26771577185257, 0.0]}}, {"type": "Feature", "properties": {"ID": "MH-A-1-b-35", "Easting": "031° 33' 11.59\" E", "Northing": "30° 16' 1.56\" N", "الشركة_المنفذة": "عوض خليفة", "Start": "1/3/2022", "End": "3/2/2025", "GlobalID": "{AF6053E2-BAEC-439B-9073-939A2159DF4A}", "القطاع": "القطاع الثاني", "Depth": 1.8600000000000136, "GL": 170.84, "IL": 168.98, "نوع_المطبق": "مربع", "dimention": "2 X 2 m", "Fault_statement": null}, "geometry": {"type": "Point", "coordinates": [31.5548970264665, 30.267267444757778, 0.0]}}, {"type": "Feature", "properties": {"ID": "MH-A-1-b-34", "Easting": "031° 33' 11.98\" E", "Northing": "30° 16' 0.57\" N", "الشركة_المنفذة": "عوض خليفة", "Start": "1/3/2022", "End": "3/2/2025", "GlobalID": "{16AD8AA0-A1DC-4C28-AEE8-9E0FB2D6DB92}", "القطاع": "القطاع الثاني", "Depth": 1.7800000000000011, "GL": 170.37, "IL": 168.59, "نوع_المطبق": "مربع", "dimention": "2 X 2 m", "Fault_statement": null}, "geometry": {"type": "Point", "coordinates": [31.555005847109438, 30.266990364978835, 0.0]}}, {"type": "Feature", "properties": {"ID": "MH-A-1-b-33-4", "Easting": "031° 33' 16.82\" E", "Northing": "30° 16' 0.91\" N", "الشركة_المنفذة": "عوض خليفة", "Start": "1/3/2022", "End": "3/2/2025", "GlobalID": "{4492F232-3E12-40A1-A755-5607E2289317}", "القطاع": "القطاع الثاني", "Depth": 1.5, "GL": 169.96, "IL": 168.46, "نوع_المطبق": "مربع", "dimention": "2 X 2 m", "Fault_statement": null}, "geometry": {"type": "Point", "coordinates": [31.556350347034716, 30.26708627524496, 0.0]}}, {"type": "Feature", "properties": {"ID": "MH-A-1-b-33-3", "Easting": "031° 33' 15.99\" E", "Northing": "30° 16' 0.63\" N", "الشركة_المنفذة": "عوض خليفة", "Start": "1/3/2022", "End": "3/2/2025", "GlobalID": "{1D30777C-0070-4E0A-86E0-C3B403FE12E7}", "القطاع": "القطاع الثاني", "Depth": 1.5400000000000205, "GL": 169.93, "IL": 168.39, "نوع_المطبق": "مربع", "dimention": "2 X 2 m", "Fault_statement": null}, "geometry": {"type": "Point", "coordinates": [31.556117280394773, 30.26700921690063, 0.0]}}, {"type": "Feature", "properties": {"ID": "MH-A-1-b-33-2", "Easting": "031° 33' 15.09\" E", "Northing": "30° 16' 0.31\" N", "الشركة_المنفذة": "عوض خليفة", "Start": "1/3/2022", "End": "3/2/2025", "GlobalID": "{D5E12568-0585-4737-A76A-14B274B5A637}", "القطاع": "القطاع الثاني", "Depth": 1.589999999999975, "GL": 169.89, "IL": 168.3, "نوع_المطبق": "مربع", "dimention": "2 X 2 m", "Fault_statement": null}, "geometry": {"type": "Point", "coordinates": [31.55586840702868, 30.26691793312564, 0.0]}}, {"type": "Feature", "properties": {"ID": "MH-A-1-b-33-1", "Easting": "031° 33' 13.8\" E", "Northing": "30° 15' 59.87\" N", "الشركة_المنفذة": "عوض خليفة", "Start": "1/3/2022", "End": "3/2/2025", "GlobalID": "{598E9B99-8CD2-4A57-953C-7B4CC62532D5}", "القطاع": "القطاع الثاني", "Depth": 1.6599999999999966, "GL": 169.84, "IL": 168.18, "نوع_المطبق": "مربع", "dimention": "2 X 2 m", "Fault_statement": null}, "geometry": {"type": "Point", "coordinates": [31.555510385665723, 30.26679623057857, 0.0]}}, {"type": "Feature", "properties": {"ID": "MH-A-1-b-33", "Easting": "031° 33' 12.41\" E", "Northing": "30° 15' 59.42\" N", "الشركة_المنفذة": "عوض خليفة", "Start": "1/3/2022", "End": "3/2/2025", "GlobalID": "{B18E8AC1-D9EC-409F-A60E-4E3268F649DE}", "القطاع": "القطاع الثاني", "Depth": 1.75, "GL": 169.8, "IL": 168.05, "نوع_المطبق": "مربع", "dimention": "2 X 2 m", "Fault_statement": null}, "geometry": {"type": "Point", "coordinates": [31.555124809805413, 30.266672989314934, 0.0]}}, {"type": "Feature", "properties": {"ID": "MH-A-1-b-32", "Easting": "031° 33' 12.8\" E", "Northing": "30° 15' 58.34\" N", "الشركة_المنفذة": "عوض خليفة", "Start": "1/3/2022", "End": "3/2/2025", "GlobalID": "{4C4144F1-0E45-457E-B6D4-380C40A8B59A}", "القطاع": "القطاع الثاني", "Depth": 1.740000000000009, "GL": 169.25, "IL": 167.51, "نوع_المطبق": "مربع", "dimention": "2 X 2 m", "Fault_statement": null}, "geometry": {"type": "Point", "coordinates": [31.555231909141398, 30.266371274547968, 0.0]}}, {"type": "Feature", "properties": {"ID": "MH-A-1-b-31", "Easting": "031° 33' 13.18\" E", "Northing": "30° 15' 57.25\" N", "الشركة_المنفذة": "عوض خليفة", "Start": "1/3/2022", "End": "3/2/2025", "GlobalID": "{267E5358-42F8-42C3-AAA5-D61BBEF63796}", "القطاع": "القطاع الثاني", "Depth": 1.740000000000009, "GL": 168.71, "IL": 166.97, "نوع_المطبق": "مربع", "dimention": "2 X 2 m", "Fault_statement": null}, "geometry": {"type": "Point", "coordinates": [31.55533745298777, 30.26606914772184, 0.0]}}, {"type": "Feature", "properties": {"ID": "MH-A-1-b-30", "Easting": "031° 33' 13.49\" E", "Northing": "30° 15' 56.32\" N", "الشركة_المنفذة": "عوض خليفة", "Start": "1/3/2022", "End": "3/2/2025", "GlobalID": "{96008746-F024-45DD-9B54-F2AA5FC0905D}", "القطاع": "القطاع الثاني", "Depth": 1.740000000000009, "GL": 168.24, "IL": 166.5, "نوع_المطبق": "مربع", "dimention": "2 X 2 m", "Fault_statement": null}, "geometry": {"type": "Point", "coordinates": [31.555425250897702, 30.265809490273114, 0.0]}}, {"type": "Feature", "properties": {"ID": "MH-A-1-b-3", "Easting": "031° 33' 44.42\" E", "Northing": "30° 15' 52.13\" N", "الشركة_المنفذة": "عوض خليفة", "Start": "1/3/2022", "End": "3/2/2025", "GlobalID": "{2CD233BA-6578-435B-A4E8-8254A5B716E9}", "القطاع": "القطاع الثاني", "Depth": 2.430000000000007, "GL": 160.82, "IL": 158.39, "نوع_المطبق": "مربع", "dimention": "2 X 2 m", "Fault_statement": null}, "geometry": {"type": "Point", "coordinates": [31.564017033742953, 30.264647822964694, 0.0]}}, {"type": "Feature", "properties": {"ID": "MH-A-1-b-2a", "Easting": "031° 33' 48.77\" E", "Northing": "30° 15' 54.76\" N", "الشركة_المنفذة": "عوض خليفة", "Start": "1/3/2022", "End": "3/2/2025", "GlobalID": "{47A1BE13-404E-455B-AC4C-45B5A8199195}", "القطاع": "القطاع الثاني", "Depth": 2.2700000000000102, "GL": 156.99, "IL": 154.72, "نوع_المطبق": "مربع", "dimention": "2 X 2 m", "Fault_statement": null}, "geometry": {"type": "Point", "coordinates": [31.565224695984742, 30.26537620314414, 0.0]}}, {"type": "Feature", "properties": {"ID": "MH-A-1-b-29-5", "Easting": "031° 33' 18.42\" E", "Northing": "30° 15' 57.56\" N", "الشركة_المنفذة": "عوض خليفة", "Start": "1/3/2022", "End": "3/2/2025", "GlobalID": "{5F5BCABF-BDD2-4FAC-9508-ABA791EE13A2}", "القطاع": "القطاع الثاني", "Depth": 1.5, "GL": 167.72, "IL": 166.22, "نوع_المطبق": "مربع", "dimention": "2 X 2 m", "Fault_statement": null}, "geometry": {"type": "Point", "coordinates": [31.556794546425703, 30.266154035482412, 0.0]}}, {"type": "Feature", "properties": {"ID": "MH-A-1-b-29-4", "Easting": "031° 33' 17.59\" E", "Northing": "30° 15' 57.2\" N", "الشركة_المنفذة": "عوض خليفة", "Start": "1/3/2022", "End": "3/2/2025", "GlobalID": "{1CFD91D5-DD18-4EEF-9583-1D40B45648FD}", "القطاع": "القطاع الثاني", "Depth": 1.5699999999999932, "GL": 167.7, "IL": 166.13, "نوع_المطبق": "مربع", "dimention": "2 X 2 m", "Fault_statement": null}, "geometry": {"type": "Point", "coordinates": [31.556561676846766, 30.266054063315487, 0.0]}}, {"type": "Feature", "properties": {"ID": "MH-A-1-b-29-3", "Easting": "031° 33' 16.67\" E", "Northing": "30° 15' 56.82\" N", "الشركة_المنفذة": "عوض خليفة", "Start": "1/3/2022", "End": "3/2/2025", "GlobalID": "{83A5C59C-0F2F-4FA5-BDCB-013AE271AFB6}", "القطاع": "القطاع الثاني", "Depth": 1.6399999999999864, "GL": 167.69, "IL": 166.05, "نوع_المطبق": "مربع", "dimention": "2 X 2 m", "Fault_statement": null}, "geometry": {"type": "Point", "coordinates": [31.556308538120327, 30.265949026020383, 0.0]}}, {"type": "Feature", "properties": {"ID": "MH-A-1-b-29-2", "Easting": "031° 33' 15.67\" E", "Northing": "30° 15' 56.38\" N", "الشركة_المنفذة": "عوض خليفة", "Start": "1/3/2022", "End": "3/2/2025", "GlobalID": "{D84FF48F-4C39-4FDC-9F28-2F019821670C}", "القطاع": "القطاع الثاني", "Depth": 1.7300000000000182, "GL": 167.68, "IL": 165.95, "نوع_المطبق": "مربع", "dimention": "2 X 2 m", "Fault_statement": null}, "geometry": {"type": "Point", "coordinates": [31.55602989813124, 30.26582766287675, 0.0]}}, {"type": "Feature", "properties": {"ID": "MH-A-1-b-29-1", "Easting": "031° 33' 14.67\" E", "Northing": "30° 15' 55.94\" N", "الشركة_المنفذة": "عوض خليفة", "Start": "1/3/2022", "End": "3/2/2025", "GlobalID": "{8F701713-DF89-4239-91F4-539B01A98E86}", "القطاع": "القطاع الثاني", "Depth": 1.8100000000000023, "GL": 167.66, "IL": 165.85, "نوع_المطبق": "مربع", "dimention": "2 X 2 m", "Fault_statement": null}, "geometry": {"type": "Point", "coordinates": [31.555751143551266, 30.26570649806779, 0.0]}}, {"type": "Feature", "properties": {"ID": "MH-A-1-b-29", "Easting": "031° 33' 13.75\" E", "Northing": "30° 15' 55.59\" N", "الشركة_المنفذة": "عوض خليفة", "Start": "1/3/2022", "End": "3/2/2025", "GlobalID": "{03396ECC-3161-46D4-8151-7642909804E2}", "القطاع": "القطاع الثاني", "Depth": 2.0100000000000193, "GL": 167.77, "IL": 165.76, "نوع_المطبق": "مربع", "dimention": "2 X 2 m", "Fault_statement": null}, "geometry": {"type": "Point", "coordinates": [31.555495614595323, 30.265607413787063, 0.0]}}, {"type": "Feature", "properties": {"ID": "MH-A-1-b-28", "Easting": "031° 33' 14.2\" E", "Northing": "30° 15' 54.13\" N", "الشركة_المنفذة": "عوض خليفة", "Start": "1/3/2022", "End": "3/2/2025", "GlobalID": "{E0B282B0-A824-4061-A34F-EEE1B6892AC7}", "القطاع": "القطاع الثاني", "Depth": 2.1100000000000136, "GL": 167.15, "IL": 165.04, "نوع_المطبق": "مربع", "dimention": "2 X 2 m", "Fault_statement": null}, "geometry": {"type": "Point", "coordinates": [31.555622696941544, 30.26520179944708, 0.0]}}, {"type": "Feature", "properties": {"ID": "MH-A-1-b-27", "Easting": "031° 33' 14.6\" E", "Northing": "30° 15' 52.87\" N", "الشركة_المنفذة": "عوض خليفة", "Start": "1/3/2022", "End": "3/2/2025", "GlobalID": "{C999284C-1FD7-4062-9109-02F2D14D95E3}", "القطاع": "القطاع الثاني", "Depth": 2.1100000000000136, "GL": 166.53, "IL": 164.42, "نوع_المطبق": "مربع", "dimention": "2 X 2 m", "Fault_statement": null}, "geometry": {"type": "Point", "coordinates": [31.555732346850814, 30.26485376602373, 0.0]}}, {"type": "Feature", "properties": {"ID": "MH-A-1-b-26", "Easting": "031° 33' 14.97\" E", "Northing": "30° 15' 51.62\" N", "الشركة_المنفذة": "عوض خليفة", "Start": "1/3/2022", "End": "3/2/2025", "GlobalID": "{8C0B0978-8C71-49AD-A446-8BA9394CCD9E}", "القطاع": "القطاع الثاني", "Depth": 2.109999999999985, "GL": 165.91, "IL": 163.8, "نوع_المطبق": "مربع", "dimention": "2 X 2 m", "Fault_statement": null}, "geometry": {"type": "Point", "coordinates": [31.55583558023026, 30.264504256879654, 0.0]}}, {"type": "Feature", "properties": {"ID": "MH-A-1-b-25", "Easting": "031° 33' 15.34\" E", "Northing": "30° 15' 50.36\" N", "الشركة_المنفذة": "عوض خليفة", "Start": "1/3/2022", "End": "3/2/2025", "GlobalID": "{705CDFDF-CC8E-4CCE-A522-05F92E8B6577}", "القطاع": "القطاع الثاني", "Depth": 2.0999999999999943, "GL": 165.28, "IL": 163.18, "نوع_المطبق": "مربع", "dimention": "2 X 2 m", "Fault_statement": null}, "geometry": {"type": "Point", "coordinates": [31.555938812907733, 30.26415474944878, 0.0]}}, {"type": "Feature", "properties": {"ID": "MH-A-1-b-24", "Easting": "031° 33' 15.68\" E", "Northing": "30° 15' 49.09\" N", "الشركة_المنفذة": "عوض خليفة", "Start": "1/3/2022", "End": "3/2/2025", "GlobalID": "{A84C9E43-265F-4AD0-9B5D-665BB04D4C0A}", "القطاع": "القطاع الثاني", "Depth": 2.0999999999999943, "GL": 164.66, "IL": 162.56, "نوع_المطبق": "مربع", "dimention": "2 X 2 m", "Fault_statement": null}, "geometry": {"type": "Point", "coordinates": [31.556033174418232, 30.2638033545644, 0.0]}}, {"type": "Feature", "properties": {"ID": "MH-A-1-b-23a", "Easting": "031° 33' 30.47\" E", "Northing": "30° 15' 52.49\" N", "الشركة_المنفذة": "عوض خليفة", "Start": "1/3/2022", "End": "3/2/2025", "GlobalID": "{A82135C2-603C-471E-95B3-AB40D3CAD2BF}", "القطاع": "القطاع الثاني", "Depth": 1.5, "GL": 165.44, "IL": 163.94, "نوع_المطبق": "مربع", "dimention": "2 X 2 m", "Fault_statement": null}, "geometry": {"type": "Point", "coordinates": [31.560141553023595, 30.264746604953825, 0.0]}}, {"type": "Feature", "properties": {"ID": "MH-A-1-b-23", "Easting": "031° 33' 16.04\" E", "Northing": "30° 15' 47.83\" N", "الشركة_المنفذة": "عوض خليفة", "Start": "1/3/2022", "End": "3/2/2025", "GlobalID": "{0389604A-A144-4FB8-BC41-92AEFCB7F94F}", "القطاع": "القطاع الثاني", "Depth": 2.1500000000000057, "GL": 164.04, "IL": 161.89, "نوع_المطبق": "مربع", "dimention": "2 X 2 m", "Fault_statement": null}, "geometry": {"type": "Point", "coordinates": [31.556132764189957, 30.263453050556585, 0.0]}}, {"type": "Feature", "properties": {"ID": "MH-A-1-b-22a", "Easting": "031° 33' 30.64\" E", "Northing": "30° 15' 51.53\" N", "الشركة_المنفذة": "عوض خليفة", "Start": "1/3/2022", "End": "3/2/2025", "GlobalID": "{A90A4764-410B-4917-B196-B0B6979199EC}", "القطاع": "القطاع الثاني", "Depth": 1.6299999999999955, "GL": 165.47, "IL": 163.84, "نوع_المطبق": "مربع", "dimention": "2 X 2 m", "Fault_statement": null}, "geometry": {"type": "Point", "coordinates": [31.56018871552379, 30.26447911134698, 0.0]}}, {"type": "Feature", "properties": {"ID": "MH-A-1-b-22", "Easting": "031° 33' 16.25\" E", "Northing": "30° 15' 46.88\" N", "الشركة_المنفذة": "عوض خليفة", "Start": "1/3/2022", "End": "3/2/2025", "GlobalID": "{A2CA9A74-812E-4045-9AC9-D47AC12A5FB0}", "القطاع": "القطاع الثاني", "Depth": 2.3400000000000034, "GL": 163.62, "IL": 161.28, "نوع_المطبق": "مربع", "dimention": "2 X 2 m", "Fault_statement": null}, "geometry": {"type": "Point", "coordinates": [31.55619190809568, 30.263188527501836, 0.0]}}, {"type": "Feature", "properties": {"ID": "MH-A-1-b-21a", "Easting": "031° 33' 30.78\" E", "Northing": "30° 15' 50.76\" N", "الشركة_المنفذة": "عوض خليفة", "Start": "1/3/2022", "End": "3/2/2025", "GlobalID": "{292D3699-13E6-4CAB-B454-7DF91143A45F}", "القطاع": "القطاع الثاني", "Depth": 1.740000000000009, "GL": 165.5, "IL": 163.76, "نوع_المطبق": "مربع", "dimention": "2 X 2 m", "Fault_statement": null}, "geometry": {"type": "Point", "coordinates": [31.560225919960388, 30.264265045080833, 0.0]}}, {"type": "Feature", "properties": {"ID": "MH-A-1-b-21-5", "Easting": "031° 33' 9.05\" E", "Northing": "30° 15' 45.14\" N", "الشركة_المنفذة": "عوض خليفة", "Start": "1/3/2022", "End": "3/2/2025", "GlobalID": "{4515A3E4-188C-465D-BED9-7E62F188B76E}", "القطاع": "القطاع الثاني", "Depth": 1.5, "GL": 169.3, "IL": 167.8, "نوع_المطبق": "مربع", "dimention": "2 X 2 m", "Fault_statement": null}, "geometry": {"type": "Point", "coordinates": [31.55419052499958, 30.262704573485287, 0.0]}}, {"type": "Feature", "properties": {"ID": "MH-A-1-b-21-4", "Easting": "031° 33' 10.53\" E", "Northing": "30° 15' 45.3\" N", "الشركة_المنفذة": "عوض خليفة", "Start": "1/3/2022", "End": "3/2/2025", "GlobalID": "{3EA1BF76-63BB-4336-AF80-C83F9AEC13A2}", "القطاع": "القطاع الثاني", "Depth": 1.6199999999999761, "GL": 168.14, "IL": 166.52, "نوع_المطبق": "مربع", "dimention": "2 X 2 m", "Fault_statement": null}, "geometry": {"type": "Point", "coordinates": [31.55460292301639, 30.26274963225013, 0.0]}}, {"type": "Feature", "properties": {"ID": "MH-A-1-b-21-3", "Easting": "031° 33' 12.02\" E", "Northing": "30° 15' 45.46\" N", "الشركة_المنفذة": "عوض خليفة", "Start": "1/3/2022", "End": "3/2/2025", "GlobalID": "{94E28669-D865-4A90-A12A-ACB8454A268F}", "القطاع": "القطاع الثاني", "Depth": 1.5999999999999943, "GL": 166.84, "IL": 165.24, "نوع_المطبق": "مربع", "dimention": "2 X 2 m", "Fault_statement": null}, "geometry": {"type": "Point", "coordinates": [31.55501532139879, 30.262794691515378, 0.0]}}, {"type": "Feature", "properties": {"ID": "MH-A-1-b-21-2", "Easting": "031° 33' 13.5\" E", "Northing": "30° 15' 45.62\" N", "الشركة_المنفذة": "عوض خليفة", "Start": "1/3/2022", "End": "3/2/2025", "GlobalID": "{10D77D1F-CF74-44E2-A421-DA69856E9FDC}", "القطاع": "القطاع الثاني", "Depth": 1.5900000000000034, "GL": 165.55, "IL": 163.96, "نوع_المطبق": "مربع", "dimention": "2 X 2 m", "Fault_statement": null}, "geometry": {"type": "Point", "coordinates": [31.55542785015355, 30.262838846880776, 0.0]}}, {"type": "Feature", "properties": {"ID": "MH-A-1-b-21-1", "Easting": "031° 33' 14.99\" E", "Northing": "30° 15' 45.78\" N", "الشركة_المنفذة": "عوض خليفة", "Start": "1/3/2022", "End": "3/2/2025", "GlobalID": "{9F067F30-9C99-4AB1-9C58-BEA745963D39}", "القطاع": "القطاع الثاني", "Depth": 1.75, "GL": 164.43, "IL": 162.68, "نوع_المطبق": "مربع", "dimention": "2 X 2 m", "Fault_statement": null}, "geometry": {"type": "Point", "coordinates": [31.55584038731565, 30.262882955805352, 0.0]}}, {"type": "Feature", "properties": {"ID": "MH-A-1-b-21", "Easting": "031° 33' 16.47\" E", "Northing": "30° 15' 45.94\" N", "الشركة_المنفذة": "عوض خليفة", "Start": "1/3/2022", "End": "3/2/2025", "GlobalID": "{B281F1D1-4F35-42CC-B404-EBF44FD3CE06}", "القطاع": "القطاع الثاني", "Depth": 2.5100000000000193, "GL": 163.71, "IL": 161.2, "نوع_المطبق": "مربع", "dimention": "2 X 2 m", "Fault_statement": null}, "geometry": {"type": "Point", "coordinates": [31.556252922757192, 30.262927065238376, 0.0]}}, {"type": "Feature", "properties": {"ID": "MH-A-1-b-20a", "Easting": "031° 33' 30.95\" E", "Northing": "30° 15' 49.79\" N", "الشركة_المنفذة": "عوض خليفة", "Start": "1/3/2022", "End": "3/2/2025", "GlobalID": "{50ED31FC-80BB-4AB1-AF5F-E98EBEEF5343}", "القطاع": "القطاع الثاني", "Depth": 1.8600000000000136, "GL": 165.53, "IL": 163.67, "نوع_المطبق": "مربع", "dimention": "2 X 2 m", "Fault_statement": null}, "geometry": {"type": "Point", "coordinates": [31.56027445058392, 30.263997733209457, 0.0]}}, {"type": "Feature", "properties": {"ID": "MH-A-1-b-20", "Easting": "031° 33' 17.96\" E", "Northing": "30° 15' 46.1\" N", "الشركة_المنفذة": "عوض خليفة", "Start": "1/3/2022", "End": "3/2/2025", "GlobalID": "{AA3B3C1D-961B-43B8-BFD6-79365009D880}", "القطاع": "القطاع الثاني", "Depth": 2.280000000000001, "GL": 163.42, "IL": 161.14, "نوع_المطبق": "مربع", "dimention": "2 X 2 m", "Fault_statement": null}, "geometry": {"type": "Point", "coordinates": [31.55666530254958, 30.262972258287753, 0.0]}}, {"type": "Feature", "properties": {"ID": "MH-A-1-b-2", "Easting": "031° 33' 46.28\" E", "Northing": "30° 15' 52.91\" N", "الشركة_المنفذة": "عوض خليفة", "Start": "1/3/2022", "End": "3/2/2025", "GlobalID": "{675F9CAB-7F7A-4EA1-9894-AC60AB03F2B4}", "القطاع": "القطاع الثاني", "Depth": 2.289999999999992, "GL": 159.12, "IL": 156.83, "نوع_المطبق": "مربع", "dimention": "2 X 2 m", "Fault_statement": null}, "geometry": {"type": "Point", "coordinates": [31.564531661612214, 30.26486484196768, 0.0]}}, {"type": "Feature", "properties": {"ID": "MH-A-1-b-1a", "Easting": "031° 33' 49.53\" E", "Northing": "30° 15' 55.17\" N", "الشركة_المنفذة": "عوض خليفة", "Start": "1/3/2022", "End": "3/2/2025", "GlobalID": "{54754E43-E8F5-40A7-AC3E-0556FD8373DC}", "القطاع": "القطاع الثاني", "Depth": 2.5900000000000034, "GL": 156.52, "IL": 153.93, "نوع_المطبق": "مربع", "dimention": "2 X 2 m", "Fault_statement": null}, "geometry": {"type": "Point", "coordinates": [31.565434741806772, 30.26549140718596, 0.0]}}, {"type": "Feature", "properties": {"ID": "MH-A-1-b-19a", "Easting": "031° 33' 31.13\" E", "Northing": "30° 15' 48.77\" N", "الشركة_المنفذة": "عوض خليفة", "Start": "1/3/2022", "End": "3/2/2025", "GlobalID": "{DFA5491D-1DA7-4196-8DD8-9A76AA634BC6}", "القطاع": "القطاع الثاني", "Depth": 2.0, "GL": 165.56, "IL": 163.56, "نوع_المطبق": "مربع", "dimention": "2 X 2 m", "Fault_statement": null}, "geometry": {"type": "Point", "coordinates": [31.560325559930032, 30.263712787940975, 0.0]}}, {"type": "Feature", "properties": {"ID": "MH-A-1-b-19", "Easting": "031° 33' 19.44\" E", "Northing": "30° 15' 46.26\" N", "الشركة_المنفذة": "عوض خليفة", "Start": "1/3/2022", "End": "3/2/2025", "GlobalID": "{909A4364-65EC-42F0-A66D-7D56B6CBF048}", "القطاع": "القطاع الثاني", "Depth": 2.4499999999999886, "GL": 163.54, "IL": 161.09, "نوع_المطبق": "مربع", "dimention": "2 X 2 m", "Fault_statement": null}, "geometry": {"type": "Point", "coordinates": [31.557077800739382, 30.26301663769129, 0.0]}}, {"type": "Feature", "properties": {"ID": "MH-A-1-b-18a", "Easting": "031° 33' 32.42\" E", "Northing": "30° 15' 48.98\" N", "الشركة_المنفذة": "عوض خليفة", "Start": "1/3/2022", "End": "3/2/2025", "GlobalID": "{A4130E95-9333-4572-A50C-0EFA9CBE1AC9}", "القطاع": "القطاع الثاني", "Depth": 2.5400000000000205, "GL": 165.99, "IL": 163.45, "نوع_المطبق": "مربع", "dimention": "2 X 2 m", "Fault_statement": null}, "geometry": {"type": "Point", "coordinates": [31.560683612112893, 30.26377310755191, 0.0]}}, {"type": "Feature", "properties": {"ID": "MH-A-1-b-18", "Easting": "031° 33' 20.93\" E", "Northing": "30° 15' 46.42\" N", "الشركة_المنفذة": "عوض خليفة", "Start": "1/3/2022", "End": "3/2/2025", "GlobalID": "{6208F34F-6DD0-44CB-BDCC-FA2C7928AFEC}", "القطاع": "القطاع الثاني", "Depth": 2.789999999999992, "GL": 163.82, "IL": 161.03, "نوع_المطبق": "مربع", "dimention": "2 X 2 m", "Fault_statement": null}, "geometry": {"type": "Point", "coordinates": [31.557490297190522, 30.263061013995394, 0.0]}}, {"type": "Feature", "properties": {"ID": "MH-A-1-b-17a", "Easting": "031° 33' 33.63\" E", "Northing": "30° 15' 49.27\" N", "الشركة_المنفذة": "عوض خليفة", "Start": "1/3/2022", "End": "3/2/2025", "GlobalID": "{A9E56E36-5091-4235-9F0D-06B207612AA1}", "القطاع": "القطاع الثاني", "Depth": 2.8799999999999955, "GL": 166.22, "IL": 163.34, "نوع_المطبق": "مربع", "dimention": "2 X 2 m", "Fault_statement": null}, "geometry": {"type": "Point", "coordinates": [31.561018266958218, 30.263853172797138, 0.0]}}, {"type": "Feature", "properties": {"ID": "MH-A-1-b-17", "Easting": "031° 33' 22.41\" E", "Northing": "30° 15' 46.59\" N", "الشركة_المنفذة": "عوض خليفة", "Start": "1/3/2022", "End": "3/2/2025", "GlobalID": "{695FAFF1-981F-4034-BE6A-3E76548B1649}", "القطاع": "القطاع الثاني", "Depth": 3.1200000000000045, "GL": 164.1, "IL": 160.98, "نوع_المطبق": "مربع", "dimention": "2 X 2 m", "Fault_statement": null}, "geometry": {"type": "Point", "coordinates": [31.5579022955297, 30.263108761157127, 0.0]}}, {"type": "Feature", "properties": {"ID": "MH-A-1-b-16a", "Easting": "031° 33' 34.88\" E", "Northing": "30° 15' 49.6\" N", "الشركة_المنفذة": "عوض خليفة", "Start": "1/3/2022", "End": "3/2/2025", "GlobalID": "{7FE1BE01-3747-4F94-9BFD-19F1CB2DDC06}", "القطاع": "القطاع الثاني", "Depth": 3.2900000000000205, "GL": 166.52, "IL": 163.23, "نوع_المطبق": "مربع", "dimention": "2 X 2 m", "Fault_statement": null}, "geometry": {"type": "Point", "coordinates": [31.561366491874356, 30.26394535490995, 0.0]}}, {"type": "Feature", "properties": {"ID": "MH-A-1-b-16", "Easting": "031° 33' 23.89\" E", "Northing": "30° 15' 46.76\" N", "الشركة_المنفذة": "عوض خليفة", "Start": "1/3/2022", "End": "3/2/2025", "GlobalID": "{D57B2CB9-B6F7-4E6B-90FF-19A5F1512D0D}", "القطاع": "القطاع الثاني", "Depth": 3.460000000000008, "GL": 164.38, "IL": 160.92, "نوع_المطبق": "مربع", "dimention": "2 X 2 m", "Fault_statement": null}, "geometry": {"type": "Point", "coordinates": [31.558314296324603, 30.263156507008564, 0.0]}}, {"type": "Feature", "properties": {"ID": "MH-A-1-b-15a-4", "Easting": "031° 33' 34.67\" E", "Northing": "30° 15' 53.42\" N", "الشركة_المنفذة": "عوض خليفة", "Start": "1/3/2022", "End": "3/2/2025", "GlobalID": "{C5B1765C-68AB-4518-BA67-95C251BB23E4}", "القطاع": "القطاع الثاني", "Depth": 1.5, "GL": 166.33, "IL": 164.83, "نوع_المطبق": "مربع", "dimention": "2 X 2 m", "Fault_statement": null}, "geometry": {"type": "Point", "coordinates": [31.561307037785948, 30.265004821261815, 0.0]}}, {"type": "Feature", "properties": {"ID": "MH-A-1-b-15a-3", "Easting": "031° 33' 35.06\" E", "Northing": "30° 15' 52.51\" N", "الشركة_المنفذة": "عوض خليفة", "Start": "1/3/2022", "End": "3/2/2025", "GlobalID": "{7995D014-22F6-448F-9BF7-45D7FEE21DDB}", "القطاع": "القطاع الثاني", "Depth": 1.6400000000000148, "GL": 166.37, "IL": 164.73, "نوع_المطبق": "مربع", "dimention": "2 X 2 m", "Fault_statement": null}, "geometry": {"type": "Point", "coordinates": [31.561416887785743, 30.264751567460795, 0.0]}}, {"type": "Feature", "properties": {"ID": "MH-A-1-b-15a-2", "Easting": "031° 33' 35.33\" E", "Northing": "30° 15' 51.9\" N", "الشركة_المنفذة": "عوض خليفة", "Start": "1/3/2022", "End": "3/2/2025", "GlobalID": "{2D1CA140-A147-4FBE-A058-9E3C27362A0B}", "القطاع": "القطاع الثاني", "Depth": 1.7300000000000182, "GL": 166.4, "IL": 164.67, "نوع_المطبق": "مربع", "dimention": "2 X 2 m", "Fault_statement": null}, "geometry": {"type": "Point", "coordinates": [31.561490326952985, 30.264582799815116, 0.0]}}, {"type": "Feature", "properties": {"ID": "MH-A-1-b-15a-1", "Easting": "031° 33' 35.74\" E", "Northing": "30° 15' 51.0\" N", "الشركة_المنفذة": "عوض خليفة", "Start": "1/3/2022", "End": "3/2/2025", "GlobalID": "{ABC72C37-4561-46E7-B659-BC1829C33BCC}", "القطاع": "القطاع الثاني", "Depth": 1.8700000000000045, "GL": 166.44, "IL": 164.57, "نوع_المطبق": "مربع", "dimention": "2 X 2 m", "Fault_statement": null}, "geometry": {"type": "Point", "coordinates": [31.561606087707293, 30.264331539321162, 0.0]}}, {"type": "Feature", "properties": {"ID": "MH-A-1-b-15a", "Easting": "031° 33' 36.19\" E", "Northing": "30° 15' 49.99\" N", "الشركة_المنفذة": "عوض خليفة", "Start": "1/3/2022", "End": "3/2/2025", "GlobalID": "{3C48C6BF-1D73-4BB3-861A-35ABD0B4C3FC}", "القطاع": "القطاع الثاني", "Depth": 3.3799999999999955, "GL": 166.49, "IL": 163.11, "نوع_المطبق": "مربع", "dimention": "2 X 2 m", "Fault_statement": null}, "geometry": {"type": "Point", "coordinates": [31.561730444529218, 30.26405188521978, 0.0]}}, {"type": "Feature", "properties": {"ID": "MH-A-1-b-15", "Easting": "031° 33' 25.37\" E", "Northing": "30° 15' 46.97\" N", "الشركة_المنفذة": "عوض خليفة", "Start": "1/3/2022", "End": "3/2/2025", "GlobalID": "{65B1869B-3273-4A38-98CF-6EA8716A466E}", "القطاع": "القطاع الثاني", "Depth": 3.799999999999983, "GL": 164.66, "IL": 160.86, "نوع_المطبق": "مربع", "dimention": "2 X 2 m", "Fault_statement": null}, "geometry": {"type": "Point", "coordinates": [31.558724514991116, 30.26321466514658, 0.0]}}, {"type": "Feature", "properties": {"ID": "MH-A-1-b-14a", "Easting": "031° 33' 37.26\" E", "Northing": "30° 15' 50.29\" N", "الشركة_المنفذة": "عوض خليفة", "Start": "1/3/2022", "End": "3/2/2025", "GlobalID": "{4D9F2423-456E-43DC-8CF2-F35EF4BE56F4}", "القطاع": "القطاع الثاني", "Depth": 3.269999999999982, "GL": 166.23, "IL": 162.96, "نوع_المطبق": "مربع", "dimention": "2 X 2 m", "Fault_statement": null}, "geometry": {"type": "Point", "coordinates": [31.562027879703965, 30.26413435515291, 0.0]}}, {"type": "Feature", "properties": {"ID": "MH-A-1-b-14", "Easting": "031° 33' 26.84\" E", "Northing": "30° 15' 47.22\" N", "الشركة_المنفذة": "عوض خليفة", "Start": "1/3/2022", "End": "3/2/2025", "GlobalID": "{8C813B70-283B-4364-8D58-F0D0E68EA759}", "القطاع": "القطاع الثاني", "Depth": 4.1299999999999955, "GL": 164.94, "IL": 160.81, "نوع_المطبق": "مربع", "dimention": "2 X 2 m", "Fault_statement": null}, "geometry": {"type": "Point", "coordinates": [31.559132782647726, 30.263282382971628, 0.0]}}, {"type": "Feature", "properties": {"ID": "MH-A-1-b-13a", "Easting": "031° 33' 38.2\" E", "Northing": "30° 15' 50.58\" N", "الشركة_المنفذة": "عوض خليفة", "Start": "1/3/2022", "End": "3/2/2025", "GlobalID": "{9F25040E-95EC-442D-83FC-557A1A97C8D6}", "القطاع": "القطاع الثاني", "Depth": 2.950000000000017, "GL": 165.83, "IL": 162.88, "نوع_المطبق": "مربع", "dimention": "2 X 2 m", "Fault_statement": null}, "geometry": {"type": "Point", "coordinates": [31.56228718188549, 30.26421637088143, 0.0]}}, {"type": "Feature", "properties": {"ID": "MH-A-1-b-13", "Easting": "031° 33' 28.31\" E", "Northing": "30° 15' 47.47\" N", "الشركة_المنفذة": "عوض خليفة", "Start": "1/3/2022", "End": "3/2/2025", "GlobalID": "{3DF2A0B7-8395-4564-8DFF-38378F941150}", "القطاع": "القطاع الثاني", "Depth": 4.469999999999999, "GL": 165.22, "IL": 160.75, "نوع_المطبق": "مربع", "dimention": "2 X 2 m", "Fault_statement": null}, "geometry": {"type": "Point", "coordinates": [31.559540572520245, 30.263352246620283, 0.0]}}, {"type": "Feature", "properties": {"ID": "MH-A-1-b-12a", "Easting": "031° 33' 39.18\" E", "Northing": "30° 15' 50.89\" N", "الشركة_المنفذة": "عوض خليفة", "Start": "1/3/2022", "End": "3/2/2025", "GlobalID": "{D65E4E85-8800-423C-9684-52E4D4F439EB}", "القطاع": "القطاع الثاني", "Depth": 1.5699999999999932, "GL": 172.57, "IL": 171.0, "نوع_المطبق": "مربع", "dimention": "2 X 2 m", "Fault_statement": null}, "geometry": {"type": "Point", "coordinates": [31.56256059398026, 30.264303093785912, 0.0]}}, {"type": "Feature", "properties": {"ID": "MH-A-1-b-12", "Easting": "031° 33' 29.77\" E", "Northing": "30° 15' 47.74\" N", "الشركة_المنفذة": "عوض خليفة", "Start": "1/3/2022", "End": "3/2/2025", "GlobalID": "{0921BA1A-8B1E-4216-A4BF-CAEB04CD4BFC}", "القطاع": "القطاع الثاني", "Depth": 4.800000000000011, "GL": 165.5, "IL": 160.7, "نوع_المطبق": "مربع", "dimention": "2 X 2 m", "Fault_statement": null}, "geometry": {"type": "Point", "coordinates": [31.55994703545627, 30.263427707338646, 0.0]}}, {"type": "Feature", "properties": {"ID": "MH-A-1-b-11a-4", "Easting": "031° 33' 38.41\" E", "Northing": "30° 15' 54.9\" N", "الشركة_المنفذة": "عوض خليفة", "Start": "1/3/2022", "End": "3/2/2025", "GlobalID": "{B5B2C02A-BDE0-435F-9BC5-6A756200B07F}", "القطاع": "القطاع الثاني", "Depth": 1.5, "GL": 164.6, "IL": 163.1, "نوع_المطبق": "مربع", "dimention": "2 X 2 m", "Fault_statement": null}, "geometry": {"type": "Point", "coordinates": [31.56234677893518, 30.265416876036266, 0.0]}}, {"type": "Feature", "properties": {"ID": "MH-A-1-b-11a-3", "Easting": "031° 33' 38.83\" E", "Northing": "30° 15' 54.0\" N", "الشركة_المنفذة": "عوض خليفة", "Start": "1/3/2022", "End": "3/2/2025", "GlobalID": "{BBA84848-5880-4186-8F25-A0C6007F2E98}", "القطاع": "القطاع الثاني", "Depth": 1.5699999999999932, "GL": 164.57, "IL": 163.0, "نوع_المطبق": "مربع", "dimention": "2 X 2 m", "Fault_statement": null}, "geometry": {"type": "Point", "coordinates": [31.562462567586234, 30.265165623727768, 0.0]}}, {"type": "Feature", "properties": {"ID": "MH-A-1-b-11a-2", "Easting": "031° 33' 39.26\" E", "Northing": "30° 15' 53.1\" N", "الشركة_المنفذة": "عوض خليفة", "Start": "1/3/2022", "End": "3/2/2025", "GlobalID": "{48DB15EB-8945-4FED-AFC2-FFA1DB716B3E}", "القطاع": "القطاع الثاني", "Depth": 1.6200000000000045, "GL": 164.52, "IL": 162.9, "نوع_المطبق": "مربع", "dimention": "2 X 2 m", "Fault_statement": null}, "geometry": {"type": "Point", "coordinates": [31.56258121702825, 30.264915380156754, 0.0]}}, {"type": "Feature", "properties": {"ID": "MH-A-1-b-11a-1", "Easting": "031° 33' 39.67\" E", "Northing": "30° 15' 52.19\" N", "الشركة_المنفذة": "عوض خليفة", "Start": "1/3/2022", "End": "3/2/2025", "GlobalID": "{71FC290C-B589-4B43-8BD6-C56CD3CAE52E}", "القطاع": "القطاع الثاني", "Depth": 1.6800000000000068, "GL": 164.49, "IL": 162.81, "نوع_المطبق": "مربع", "dimention": "2 X 2 m", "Fault_statement": null}, "geometry": {"type": "Point", "coordinates": [31.562696964942404, 30.264664113373836, 0.0]}}, {"type": "Feature", "properties": {"ID": "MH-A-1-b-11a", "Easting": "031° 33' 40.12\" E", "Northing": "30° 15' 51.22\" N", "الشركة_المنفذة": "عوض خليفة", "Start": "1/3/2022", "End": "3/2/2025", "GlobalID": "{D2152A96-1EBE-45CF-A4D9-D255B82F7884}", "القطاع": "القطاع الثاني", "Depth": 2.4199999999999875, "GL": 164.45, "IL": 162.03, "نوع_المطبق": "مربع", "dimention": "2 X 2 m", "Fault_statement": null}, "geometry": {"type": "Point", "coordinates": [31.562821918521283, 30.264394836444964, 0.0]}}, {"type": "Feature", "properties": {"ID": "MH-A-1-b-11-9", "Easting": "031° 33' 19.51\" E", "Northing": "30° 15' 50.81\" N", "الشركة_المنفذة": "عوض خليفة", "Start": "1/3/2022", "End": "3/2/2025", "GlobalID": "{E6B9FFA9-FC7C-44D8-AAB3-805630387CF8}", "القطاع": "القطاع الثاني", "Depth": 1.6599999999999966, "GL": 164.1, "IL": 162.44, "نوع_المطبق": "مربع", "dimention": "2 X 2 m", "Fault_statement": null}, "geometry": {"type": "Point", "coordinates": [31.557096135595177, 30.26427920333795, 0.0]}}, {"type": "Feature", "properties": {"ID": "MH-A-1-b-11-8", "Easting": "031° 33' 20.49\" E", "Northing": "30° 15' 50.33\" N", "الشركة_المنفذة": "عوض خليفة", "Start": "1/3/2022", "End": "3/2/2025", "GlobalID": "{E4DA4822-7563-4FFA-B453-9B6D55970CC0}", "القطاع": "القطاع الثاني", "Depth": 1.5, "GL": 163.64, "IL": 162.14, "نوع_المطبق": "مربع", "dimention": "2 X 2 m", "Fault_statement": null}, "geometry": {"type": "Point", "coordinates": [31.55736786194412, 30.264147726884747, 0.0]}}, {"type": "Feature", "properties": {"ID": "MH-A-1-b-11-7", "Easting": "031° 33' 21.5\" E", "Northing": "30° 15' 49.85\" N", "الشركة_المنفذة": "عوض خليفة", "Start": "1/3/2022", "End": "3/2/2025", "GlobalID": "{74028C6E-AE3A-45CE-85DC-944A742A35D3}", "القطاع": "القطاع الثاني", "Depth": 1.549999999999983, "GL": 163.39, "IL": 161.84, "نوع_المطبق": "مربع", "dimention": "2 X 2 m", "Fault_statement": null}, "geometry": {"type": "Point", "coordinates": [31.557648466874547, 30.264012699560503, 0.0]}}, {"type": "Feature", "properties": {"ID": "MH-A-1-b-11-6", "Easting": "031° 33' 22.86\" E", "Northing": "30° 15' 49.31\" N", "الشركة_المنفذة": "عوض خليفة", "Start": "1/3/2022", "End": "3/2/2025", "GlobalID": "{733FB612-53FE-439A-85A4-3C246ECB97E2}", "القطاع": "القطاع الثاني", "Depth": 1.7299999999999898, "GL": 163.44, "IL": 161.71, "نوع_المطبق": "مربع", "dimention": "2 X 2 m", "Fault_statement": null}, "geometry": {"type": "Point", "coordinates": [31.55802768667114, 30.26386474438107, 0.0]}}, {"type": "Feature", "properties": {"ID": "MH-A-1-b-11-5-4", "Easting": "031° 33' 25.51\" E", "Northing": "30° 15' 52.68\" N", "الشركة_المنفذة": "عوض خليفة", "Start": "1/3/2022", "End": "3/2/2025", "GlobalID": "{78D8F378-AF8A-4C12-9D46-EC718BDD84A4}", "القطاع": "القطاع الثاني", "Depth": 1.5, "GL": 163.8, "IL": 162.3, "نوع_المطبق": "مربع", "dimention": "2 X 2 m", "Fault_statement": null}, "geometry": {"type": "Point", "coordinates": [31.55876241178887, 30.264798599838315, 0.0]}}, {"type": "Feature", "properties": {"ID": "MH-A-1-b-11-5-3", "Easting": "031° 33' 25.25\" E", "Northing": "30° 15' 51.9\" N", "الشركة_المنفذة": "عوض خليفة", "Start": "1/3/2022", "End": "3/2/2025", "GlobalID": "{903869B6-8B08-444F-A9E2-1490B7093D55}", "القطاع": "القطاع الثاني", "Depth": 1.5800000000000125, "GL": 163.8, "IL": 162.22, "نوع_المطبق": "مربع", "dimention": "2 X 2 m", "Fault_statement": null}, "geometry": {"type": "Point", "coordinates": [31.558690560931034, 30.26458188826354, 0.0]}}, {"type": "Feature", "properties": {"ID": "MH-A-1-b-11-5-2", "Easting": "031° 33' 25.0\" E", "Northing": "30° 15' 51.11\" N", "الشركة_المنفذة": "عوض خليفة", "Start": "1/3/2022", "End": "3/2/2025", "GlobalID": "{7683875B-36D0-40C8-87A9-DA2F69912C38}", "القطاع": "القطاع الثاني", "Depth": 1.6500000000000057, "GL": 163.79, "IL": 162.14, "نوع_المطبق": "مربع", "dimention": "2 X 2 m", "Fault_statement": null}, "geometry": {"type": "Point", "coordinates": [31.558621464520566, 30.264364502807673, 0.0]}}, {"type": "Feature", "properties": {"ID": "MH-A-1-b-11-5-1", "Easting": "031° 33' 24.68\" E", "Northing": "30° 15' 50.11\" N", "الشركة_المنفذة": "عوض خليفة", "Start": "1/3/2022", "End": "3/2/2025", "GlobalID": "{9C6FC01C-4839-4C06-BCE2-CE58E29AF81C}", "القطاع": "القطاع الثاني", "Depth": 1.759999999999991, "GL": 163.79, "IL": 162.03, "نوع_المطبق": "مربع", "dimention": "2 X 2 m", "Fault_statement": null}, "geometry": {"type": "Point", "coordinates": [31.558532501445068, 30.264086373381815, 0.0]}}, {"type": "Feature", "properties": {"ID": "MH-A-1-b-11-5", "Easting": "031° 33' 24.29\" E", "Northing": "30° 15' 48.92\" N", "الشركة_المنفذة": "عوض خليفة", "Start": "1/3/2022", "End": "3/2/2025", "GlobalID": "{F467BD6B-CE75-418F-8839-019BD71672AE}", "القطاع": "القطاع الثاني", "Depth": 2.259999999999991, "GL": 163.79, "IL": 161.53, "نوع_المطبق": "مربع", "dimention": "2 X 2 m", "Fault_statement": null}, "geometry": {"type": "Point", "coordinates": [31.55842359851886, 30.263753982344408, 0.0]}}, {"type": "Feature", "properties": {"ID": "MH-A-1-b-11-4", "Easting": "031° 33' 25.38\" E", "Northing": "30° 15' 48.7\" N", "الشركة_المنفذة": "عوض خليفة", "Start": "1/3/2022", "End": "3/2/2025", "GlobalID": "{B5CF3895-338A-4089-AF4D-1BEE4D1EE6B9}", "القطاع": "القطاع الثاني", "Depth": 2.6200000000000045, "GL": 164.06, "IL": 161.44, "نوع_المطبق": "مربع", "dimention": "2 X 2 m", "Fault_statement": null}, "geometry": {"type": "Point", "coordinates": [31.558727734960783, 30.26369457743857, 0.0]}}, {"type": "Feature", "properties": {"ID": "MH-A-1-b-11-3", "Easting": "031° 33' 26.21\" E", "Northing": "30° 15' 48.56\" N", "الشركة_المنفذة": "عوض خليفة", "Start": "1/3/2022", "End": "3/2/2025", "GlobalID": "{90A9C772-3449-427B-AFF2-F03108A302F5}", "القطاع": "القطاع الثاني", "Depth": 2.890000000000015, "GL": 164.27, "IL": 161.38, "نوع_المطبق": "مربع", "dimention": "2 X 2 m", "Fault_statement": null}, "geometry": {"type": "Point", "coordinates": [31.558958033370335, 30.263655089747925, 0.0]}}, {"type": "Feature", "properties": {"ID": "MH-A-1-b-11-2", "Easting": "031° 33' 27.64\" E", "Northing": "30° 15' 48.43\" N", "الشركة_المنفذة": "عوض خليفة", "Start": "1/3/2022", "End": "3/2/2025", "GlobalID": "{E22107B5-68EA-4507-A04E-296B09B4A8C2}", "القطاع": "القطاع الثاني", "Depth": 3.3499999999999943, "GL": 164.62, "IL": 161.27, "نوع_المطبق": "مربع", "dimention": "2 X 2 m", "Fault_statement": null}, "geometry": {"type": "Point", "coordinates": [31.55935412609372, 30.263620328670182, 0.0]}}, {"type": "Feature", "properties": {"ID": "MH-A-1-b-11-15", "Easting": "031° 33' 15.25\" E", "Northing": "30° 15' 54.54\" N", "الشركة_المنفذة": "عوض خليفة", "Start": "1/3/2022", "End": "3/2/2025", "GlobalID": "{8FDBC29F-8AC2-4039-A30E-27AA4F9519D5}", "القطاع": "القطاع الثاني", "Depth": 1.5, "GL": 166.87, "IL": 165.37, "نوع_المطبق": "مربع", "dimention": "2 X 2 m", "Fault_statement": null}, "geometry": {"type": "Point", "coordinates": [31.55591424336137, 30.265316163038563, 0.0]}}, {"type": "Feature", "properties": {"ID": "MH-A-1-b-11-14", "Easting": "031° 33' 15.92\" E", "Northing": "30° 15' 53.75\" N", "الشركة_المنفذة": "عوض خليفة", "Start": "1/3/2022", "End": "3/2/2025", "GlobalID": "{02E9D457-7E39-4BEC-9B49-524EC9CCB328}", "القطاع": "القطاع الثاني", "Depth": 1.5, "GL": 166.36, "IL": 164.86, "نوع_المطبق": "مربع", "dimention": "2 X 2 m", "Fault_statement": null}, "geometry": {"type": "Point", "coordinates": [31.556098626127284, 30.26509795966588, 0.0]}}, {"type": "Feature", "properties": {"ID": "MH-A-1-b-11-13", "Easting": "031° 33' 16.77\" E", "Northing": "30° 15' 52.89\" N", "الشركة_المنفذة": "عوض خليفة", "Start": "1/3/2022", "End": "3/2/2025", "GlobalID": "{1AA3B15D-167E-4871-8CF9-D2C67FA1CF72}", "القطاع": "القطاع الثاني", "Depth": 1.5, "GL": 165.76, "IL": 164.26, "نوع_المطبق": "مربع", "dimention": "2 X 2 m", "Fault_statement": null}, "geometry": {"type": "Point", "coordinates": [31.556335658377485, 30.264858690075144, 0.0]}}, {"type": "Feature", "properties": {"ID": "MH-A-1-b-11-12", "Easting": "031° 33' 17.44\" E", "Northing": "30° 15' 52.33\" N", "الشركة_المنفذة": "عوض خليفة", "Start": "1/3/2022", "End": "3/2/2025", "GlobalID": "{37F5AF64-AE26-4086-A130-F68EE623E76E}", "القطاع": "القطاع الثاني", "Depth": 1.5, "GL": 165.34, "IL": 163.84, "نوع_المطبق": "مربع", "dimention": "2 X 2 m", "Fault_statement": null}, "geometry": {"type": "Point", "coordinates": [31.556521532775623, 30.26470122712149, 0.0]}}, {"type": "Feature", "properties": {"ID": "MH-A-1-b-11-11-4", "Easting": "031° 33' 21.05\" E", "Northing": "30° 15' 54.72\" N", "الشركة_المنفذة": "عوض خليفة", "Start": "1/3/2022", "End": "3/2/2025", "GlobalID": "{EA875589-98B6-40EC-B09D-E76FE66BF915}", "القطاع": "القطاع الثاني", "Depth": 1.5, "GL": 164.89, "IL": 163.39, "نوع_المطبق": "مربع", "dimention": "2 X 2 m", "Fault_statement": null}, "geometry": {"type": "Point", "coordinates": [31.55752486530443, 30.26536632715323, 0.0]}}, {"type": "Feature", "properties": {"ID": "MH-A-1-b-11-11-3", "Easting": "031° 33' 20.45\" E", "Northing": "30° 15' 54.14\" N", "الشركة_المنفذة": "عوض خليفة", "Start": "1/3/2022", "End": "3/2/2025", "GlobalID": "{0C9C5AD4-B3B0-4566-B3E5-86514B8E7071}", "القطاع": "القطاع الثاني", "Depth": 1.5900000000000034, "GL": 164.9, "IL": 163.31, "نوع_المطبق": "مربع", "dimention": "2 X 2 m", "Fault_statement": null}, "geometry": {"type": "Point", "coordinates": [31.55735732770597, 30.265205960962827, 0.0]}}, {"type": "Feature", "properties": {"ID": "MH-A-1-b-11-11-2", "Easting": "031° 33' 19.86\" E", "Northing": "30° 15' 53.52\" N", "الشركة_المنفذة": "عوض خليفة", "Start": "1/3/2022", "End": "3/2/2025", "GlobalID": "{803382C0-28C7-4B5D-9518-26FABBA96BD1}", "القطاع": "القطاع الثاني", "Depth": 1.670000000000016, "GL": 164.9, "IL": 163.23, "نوع_المطبق": "مربع", "dimention": "2 X 2 m", "Fault_statement": null}, "geometry": {"type": "Point", "coordinates": [31.557192368704886, 30.26503174802596, 0.0]}}, {"type": "Feature", "properties": {"ID": "MH-A-1-b-11-11-1", "Easting": "031° 33' 19.02\" E", "Northing": "30° 15' 52.64\" N", "الشركة_المنفذة": "عوض خليفة", "Start": "1/3/2022", "End": "3/2/2025", "GlobalID": "{333302A1-F00B-4D29-9D97-12888DE01EB0}", "القطاع": "القطاع الثاني", "Depth": 1.7800000000000011, "GL": 164.9, "IL": 163.12, "نوع_المطبق": "مربع", "dimention": "2 X 2 m", "Fault_statement": null}, "geometry": {"type": "Point", "coordinates": [31.55695915470326, 30.264789483958193, 0.0]}}, {"type": "Feature", "properties": {"ID": "MH-A-1-b-11-11", "Easting": "031° 33' 18.14\" E", "Northing": "30° 15' 51.76\" N", "الشركة_المنفذة": "عوض خليفة", "Start": "1/3/2022", "End": "3/2/2025", "GlobalID": "{5FF25C19-B82B-4DFD-A929-078D18793C59}", "القطاع": "القطاع الثاني", "Depth": 1.9000000000000057, "GL": 164.9, "IL": 163.0, "نوع_المطبق": "مربع", "dimention": "2 X 2 m", "Fault_statement": null}, "geometry": {"type": "Point", "coordinates": [31.55671538082924, 30.264544081860453, 0.0]}}, {"type": "Feature", "properties": {"ID": "MH-A-1-b-11-10", "Easting": "031° 33' 19.02\" E", "Northing": "30° 15' 51.16\" N", "الشركة_المنفذة": "عوض خليفة", "Start": "1/3/2022", "End": "3/2/2025", "GlobalID": "{CD2C53F1-EA41-4E9C-BAED-C85F18984B70}", "القطاع": "القطاع الثاني", "Depth": 1.6899999999999977, "GL": 164.39, "IL": 162.7, "نوع_المطبق": "مربع", "dimention": "2 X 2 m", "Fault_statement": null}, "geometry": {"type": "Point", "coordinates": [31.556961045777076, 30.264377484768882, 0.0]}}, {"type": "Feature", "properties": {"ID": "MH-A-1-b-11-1", "Easting": "031° 33' 29.43\" E", "Northing": "30° 15' 48.38\" N", "الشركة_المنفذة": "عوض خليفة", "Start": "1/3/2022", "End": "3/2/2025", "GlobalID": "{EA34407C-B830-45F7-89A1-F4D8C838F252}", "القطاع": "القطاع الثاني", "Depth": 3.950000000000017, "GL": 165.09, "IL": 161.14, "نوع_المطبق": "مربع", "dimention": "2 X 2 m", "Fault_statement": null}, "geometry": {"type": "Point", "coordinates": [31.559852642332118, 30.263604416805897, 0.0]}}, {"type": "Feature", "properties": {"ID": "MH-A-1-b-11", "Easting": "031° 33' 31.26\" E", "Northing": "30° 15' 48.04\" N", "الشركة_المنفذة": "عوض خليفة", "Start": "1/3/2022", "End": "3/2/2025", "GlobalID": "{1BE5EE55-8177-4EBA-9C61-38F25C94BB9E}", "القطاع": "القطاع الثاني", "Depth": 5.189999999999998, "GL": 165.78, "IL": 160.59, "نوع_المطبق": "مربع", "dimention": "2 X 2 m", "Fault_statement": null}, "geometry": {"type": "Point", "coordinates": [31.560360280890535, 30.26350983459796, 0.0]}}, {"type": "Feature", "properties": {"ID": "MH-A-1-b-10a", "Easting": "031° 33' 41.06\" E", "Northing": "30° 15' 51.55\" N", "الشركة_المنفذة": "عوض خليفة", "Start": "1/3/2022", "End": "3/2/2025", "GlobalID": "{2F8AE868-C416-47E5-8CA2-2537DCC549CE}", "القطاع": "القطاع الثاني", "Depth": 2.3700000000000045, "GL": 163.63, "IL": 161.26, "نوع_المطبق": "مربع", "dimention": "2 X 2 m", "Fault_statement": null}, "geometry": {"type": "Point", "coordinates": [31.56308312946227, 30.26448479482011, 0.0]}}, {"type": "Feature", "properties": {"ID": "MH-A-1-b-10", "Easting": "031° 33' 32.7\" E", "Northing": "30° 15' 48.38\" N", "الشركة_المنفذة": "عوض خليفة", "Start": "1/3/2022", "End": "3/2/2025", "GlobalID": "{90598160-C3BE-41E4-A0E3-101360003CDB}", "القطاع": "القطاع الثاني", "Depth": 5.530000000000001, "GL": 166.07, "IL": 160.54, "نوع_المطبق": "مربع", "dimention": "2 X 2 m", "Fault_statement": null}, "geometry": {"type": "Point", "coordinates": [31.560761061223097, 30.263605497607983, 0.0]}}, {"type": "Feature", "properties": {"ID": "MH-A-1-b-1", "Easting": "031° 33' 48.28\" E", "Northing": "30° 15' 53.81\" N", "الشركة_المنفذة": "عوض خليفة", "Start": "1/3/2022", "End": "3/2/2025", "GlobalID": "{38F4CB54-EF8F-4A48-A984-DC8CABA256AE}", "القطاع": "القطاع الثاني", "Depth": 2.1799999999999784, "GL": 157.29, "IL": 155.11, "نوع_المطبق": "مربع", "dimention": "2 X 2 m", "Fault_statement": null}, "geometry": {"type": "Point", "coordinates": [31.56508853779281, 30.26511343790247, 0.0]}}, {"type": "Feature", "properties": {"ID": "MH-A-1-b", "Easting": "031° 33' 49.85\" E", "Northing": "30° 15' 54.57\" N", "الشركة_المنفذة": "عوض خليفة", "Start": "1/3/2022", "End": "3/2/2025", "GlobalID": "{37097662-AF3A-4122-B13D-7DCAFF009793}", "القطاع": "القطاع الثاني", "Depth": 2.9499999999999886, "GL": 156.35, "IL": 153.4, "نوع_المطبق": "مربع", "dimention": "2 X 2 m", "Fault_statement": null}, "geometry": {"type": "Point", "coordinates": [31.565523567602877, 30.26532386996235, 0.0]}}, {"type": "Feature", "properties": {"ID": "MH-A-1-a-9-4", "Easting": "031° 33' 57.22\" E", "Northing": "30° 16' 3.21\" N", "الشركة_المنفذة": "عوض خليفة", "Start": "1/3/2022", "End": "3/2/2025", "GlobalID": "{BB1BAECE-DB91-4C60-9711-E80E55D560C4}", "القطاع": "القطاع الثاني", "Depth": 1.5300000000000011, "GL": 161.33, "IL": 159.8, "نوع_المطبق": "مربع", "dimention": "2 X 2 m", "Fault_statement": null}, "geometry": {"type": "Point", "coordinates": [31.56757096785661, 30.267724242182364, 0.0]}}, {"type": "Feature", "properties": {"ID": "MH-A-1-a-9-3", "Easting": "031° 33' 57.88\" E", "Northing": "30° 16' 2.5\" N", "الشركة_المنفذة": "عوض خليفة", "Start": "1/3/2022", "End": "3/2/2025", "GlobalID": "{0AF56A7C-620A-46E3-96DD-96E35E06AC77}", "القطاع": "القطاع الثاني", "Depth": 1.5199999999999818, "GL": 161.13, "IL": 159.61, "نوع_المطبق": "مربع", "dimention": "2 X 2 m", "Fault_statement": null}, "geometry": {"type": "Point", "coordinates": [31.567753786966065, 30.2675277542515, 0.0]}}, {"type": "Feature", "properties": {"ID": "MH-A-1-a-9-2", "Easting": "031° 33' 58.7\" E", "Northing": "30° 16' 1.62\" N", "الشركة_المنفذة": "عوض خليفة", "Start": "1/3/2022", "End": "3/2/2025", "GlobalID": "{71E55F45-0C66-4E71-A761-E1FDDE15A770}", "القطاع": "القطاع الثاني", "Depth": 1.5199999999999818, "GL": 160.89, "IL": 159.37, "نوع_المطبق": "مربع", "dimention": "2 X 2 m", "Fault_statement": null}, "geometry": {"type": "Point", "coordinates": [31.567983824323537, 30.26728320634742, 0.0]}}, {"type": "Feature", "properties": {"ID": "MH-A-1-a-9-1", "Easting": "031° 33' 59.31\" E", "Northing": "30° 16' 0.96\" N", "الشركة_المنفذة": "عوض خليفة", "Start": "1/3/2022", "End": "3/2/2025", "GlobalID": "{D4CB38AA-CC93-40CB-A779-BC2F25154898}", "القطاع": "القطاع الثاني", "Depth": 1.5, "GL": 160.7, "IL": 159.2, "نوع_المطبق": "مربع", "dimention": "2 X 2 m", "Fault_statement": null}, "geometry": {"type": "Point", "coordinates": [31.568152721151314, 30.267100150052975, 0.0]}}, {"type": "Feature", "properties": {"ID": "MH-A-1-a-9", "Easting": "031° 33' 59.81\" E", "Northing": "30° 16' 0.45\" N", "الشركة_المنفذة": "عوض خليفة", "Start": "1/3/2022", "End": "3/2/2025", "GlobalID": "{EA8DC222-05AD-4E41-8837-41DD05CB5DFD}", "القطاع": "القطاع الثاني", "Depth": 2.1899999999999977, "GL": 160.56, "IL": 158.37, "نوع_المطبق": "مربع", "dimention": "2 X 2 m", "Fault_statement": null}, "geometry": {"type": "Point", "coordinates": [31.568289899153722, 30.266957548743502, 0.0]}}, {"type": "Feature", "properties": {"ID": "MH-A-1-a-8", "Easting": "031° 33' 59.0\" E", "Northing": "30° 15' 59.89\" N", "الشركة_المنفذة": "عوض خليفة", "Start": "1/3/2022", "End": "3/2/2025", "GlobalID": "{F5658079-3A95-43E2-8D3A-DA5FFC732E87}", "القطاع": "القطاع الثاني", "Depth": 2.200000000000017, "GL": 160.08, "IL": 157.88, "نوع_المطبق": "مربع", "dimention": "2 X 2 m", "Fault_statement": null}, "geometry": {"type": "Point", "coordinates": [31.568064651275662, 30.26680137580355, 0.0]}}, {"type": "Feature", "properties": {"ID": "MH-A-1-a-7", "Easting": "031° 33' 58.15\" E", "Northing": "30° 15' 59.32\" N", "الشركة_المنفذة": "عوض خليفة", "Start": "1/3/2022", "End": "3/2/2025", "GlobalID": "{2044FEF6-C04D-455F-8EF6-D1EEE53BCFFC}", "القطاع": "القطاع الثاني", "Depth": 2.210000000000008, "GL": 159.59, "IL": 157.38, "نوع_المطبق": "مربع", "dimention": "2 X 2 m", "Fault_statement": null}, "geometry": {"type": "Point", "coordinates": [31.56783085413716, 30.266644193108256, 0.0]}}, {"type": "Feature", "properties": {"ID": "MH-A-1-a-6", "Easting": "031° 33' 57.4\" E", "Northing": "30° 15' 58.84\" N", "الشركة_المنفذة": "عوض خليفة", "Start": "1/3/2022", "End": "3/2/2025", "GlobalID": "{9F101A45-B06B-444F-8C28-31A388DCD865}", "القطاع": "القطاع الثاني", "Depth": 2.219999999999999, "GL": 159.17, "IL": 156.95, "نوع_المطبق": "مربع", "dimention": "2 X 2 m", "Fault_statement": null}, "geometry": {"type": "Point", "coordinates": [31.56762146982081, 30.266511185562212, 0.0]}}, {"type": "Feature", "properties": {"ID": "MH-A-1-a-5-4", "Easting": "031° 33' 54.18\" E", "Northing": "30° 16' 1.2\" N", "الشركة_المنفذة": "عوض خليفة", "Start": "1/3/2022", "End": "3/2/2025", "GlobalID": "{5EAAA25F-05BC-469E-91CE-4C2936F42038}", "القطاع": "القطاع الثاني", "Depth": 1.5300000000000011, "GL": 158.94, "IL": 157.41, "نوع_المطبق": "مربع", "dimention": "2 X 2 m", "Fault_statement": null}, "geometry": {"type": "Point", "coordinates": [31.566726285167, 30.2671654612254, 0.0]}}, {"type": "Feature", "properties": {"ID": "MH-A-1-a-5-3", "Easting": "031° 33' 54.78\" E", "Northing": "30° 16' 0.46\" N", "الشركة_المنفذة": "عوض خليفة", "Start": "1/3/2022", "End": "3/2/2025", "GlobalID": "{66790DD7-3A32-49DB-8344-137B8BC4B190}", "القطاع": "القطاع الثاني", "Depth": 1.5500000000000114, "GL": 158.87, "IL": 157.32, "نوع_المطبق": "مربع", "dimention": "2 X 2 m", "Fault_statement": null}, "geometry": {"type": "Point", "coordinates": [31.566894526312126, 30.266959392805052, 0.0]}}, {"type": "Feature", "properties": {"ID": "MH-A-1-a-5-2", "Easting": "031° 33' 55.53\" E", "Northing": "30° 15' 59.52\" N", "الشركة_المنفذة": "عوض خليفة", "Start": "1/3/2022", "End": "3/2/2025", "GlobalID": "{32ADFE5C-1213-43B6-8636-E3399DC4144A}", "القطاع": "القطاع الثاني", "Depth": 1.579999999999984, "GL": 158.79, "IL": 157.21, "نوع_المطبق": "مربع", "dimention": "2 X 2 m", "Fault_statement": null}, "geometry": {"type": "Point", "coordinates": [31.567103410052336, 30.266700939925915, 0.0]}}, {"type": "Feature", "properties": {"ID": "MH-A-1-a-5-1", "Easting": "031° 33' 56.12\" E", "Northing": "30° 15' 58.81\" N", "الشركة_المنفذة": "عوض خليفة", "Start": "1/3/2022", "End": "3/2/2025", "GlobalID": "{EF22FAFC-FEA5-42F2-ADC1-F12F2B31C27B}", "القطاع": "القطاع الثاني", "Depth": 1.5999999999999943, "GL": 158.72, "IL": 157.12, "نوع_المطبق": "مربع", "dimention": "2 X 2 m", "Fault_statement": null}, "geometry": {"type": "Point", "coordinates": [31.567265883693718, 30.26650237932387, 0.0]}}, {"type": "Feature", "properties": {"ID": "MH-A-1-a-5", "Easting": "031° 33' 56.54\" E", "Northing": "30° 15' 58.29\" N", "الشركة_المنفذة": "عوض خليفة", "Start": "1/3/2022", "End": "3/2/2025", "GlobalID": "{DCD14303-14A8-4ED6-A188-F9F3A7DD3258}", "القطاع": "القطاع الثاني", "Depth": 2.230000000000018, "GL": 158.68, "IL": 156.45, "نوع_المطبق": "مربع", "dimention": "2 X 2 m", "Fault_statement": null}, "geometry": {"type": "Point", "coordinates": [31.56738369728624, 30.266357831293405, 0.0]}}, {"type": "Feature", "properties": {"ID": "MH-A-1-a-4", "Easting": "031° 33' 55.67\" E", "Northing": "30° 15' 57.74\" N", "الشركة_المنفذة": "عوض خليفة", "Start": "1/3/2022", "End": "3/2/2025", "GlobalID": "{C9EC6460-5B41-42EA-8C8E-23F12BDED1FF}", "القطاع": "القطاع الثاني", "Depth": 2.230000000000018, "GL": 158.18, "IL": 155.95, "نوع_المطبق": "مربع", "dimention": "2 X 2 m", "Fault_statement": null}, "geometry": {"type": "Point", "coordinates": [31.56714165096066, 30.266206401984956, 0.0]}}, {"type": "Feature", "properties": {"ID": "MH-A-1-a-31", "Easting": "031° 34' 19.0\" E", "Northing": "30° 16' 18.13\" N", "الشركة_المنفذة": "عوض خليفة", "Start": "1/3/2022", "End": "3/2/2025", "GlobalID": "{7A97ADD4-7BC7-430F-9BB7-D91184D506FA}", "القطاع": "القطاع الثاني", "Depth": 1.5, "GL": 177.32, "IL": 175.82, "نوع_المطبق": "مربع", "dimention": "2 X 2 m", "Fault_statement": null}, "geometry": {"type": "Point", "coordinates": [31.573621467639263, 30.271870149105577, 0.0]}}, {"type": "Feature", "properties": {"ID": "MH-A-1-a-30", "Easting": "031° 34' 18.01\" E", "Northing": "30° 16' 17.16\" N", "الشركة_المنفذة": "عوض خليفة", "Start": "1/3/2022", "End": "3/2/2025", "GlobalID": "{25776F5E-3D7F-4EBB-B2FE-5D187DF10054}", "القطاع": "القطاع الثاني", "Depth": 1.509999999999991, "GL": 176.69, "IL": 175.18, "نوع_المطبق": "مربع", "dimention": "2 X 2 m", "Fault_statement": null}, "geometry": {"type": "Point", "coordinates": [31.573346678668496, 30.271599413626824, 0.0]}}, {"type": "Feature", "properties": {"ID": "MH-A-1-a-3", "Easting": "031° 33' 54.78\" E", "Northing": "30° 15' 57.22\" N", "الشركة_المنفذة": "عوض خليفة", "Start": "1/3/2022", "End": "3/2/2025", "GlobalID": "{C768D3E9-3939-4934-937F-67C4D9D93A70}", "القطاع": "القطاع الثاني", "Depth": 2.25, "GL": 157.69, "IL": 155.44, "نوع_المطبق": "مربع", "dimention": "2 X 2 m", "Fault_statement": null}, "geometry": {"type": "Point", "coordinates": [31.566894493256065, 30.26606015580951, 0.0]}}, {"type": "Feature", "properties": {"ID": "MH-A-1-a-29", "Easting": "031° 34' 17.04\" E", "Northing": "30° 16' 16.17\" N", "الشركة_المنفذة": "عوض خليفة", "Start": "1/3/2022", "End": "3/2/2025", "GlobalID": "{0C184E07-13B2-4312-A6EA-1D8B07C74FFB}", "القطاع": "القطاع الثاني", "Depth": 1.5100000000000193, "GL": 176.05, "IL": 174.54, "نوع_المطبق": "مربع", "dimention": "2 X 2 m", "Fault_statement": null}, "geometry": {"type": "Point", "coordinates": [31.573076621921427, 30.27132511544706, 0.0]}}, {"type": "Feature", "properties": {"ID": "MH-A-1-a-28", "Easting": "031° 34' 16.06\" E", "Northing": "30° 16' 15.19\" N", "الشركة_المنفذة": "عوض خليفة", "Start": "1/3/2022", "End": "3/2/2025", "GlobalID": "{9FD13B2D-4617-468F-BD6C-C1CDBCEED13E}", "القطاع": "القطاع الثاني", "Depth": 1.5199999999999818, "GL": 175.42, "IL": 173.9, "نوع_المطبق": "مربع", "dimention": "2 X 2 m", "Fault_statement": null}, "geometry": {"type": "Point", "coordinates": [31.57280441439168, 30.271052422696684, 0.0]}}, {"type": "Feature", "properties": {"ID": "MH-A-1-a-27", "Easting": "031° 34' 15.09\" E", "Northing": "30° 16' 14.2\" N", "الشركة_المنفذة": "عوض خليفة", "Start": "1/3/2022", "End": "3/2/2025", "GlobalID": "{7E899142-BD82-4D4D-A1F3-8EA832661F88}", "القطاع": "القطاع الثاني", "Depth": 1.5200000000000102, "GL": 174.78, "IL": 173.26, "نوع_المطبق": "مربع", "dimention": "2 X 2 m", "Fault_statement": null}, "geometry": {"type": "Point", "coordinates": [31.572536660018407, 30.270776431890177, 0.0]}}, {"type": "Feature", "properties": {"ID": "MH-A-1-a-26", "Easting": "031° 34' 14.1\" E", "Northing": "30° 16' 13.22\" N", "الشركة_المنفذة": "عوض خليفة", "Start": "1/3/2022", "End": "3/2/2025", "GlobalID": "{5C1FFA0F-0303-4E65-9255-EC0C3D59189F}", "القطاع": "القطاع الثاني", "Depth": 1.5199999999999818, "GL": 174.14, "IL": 172.62, "نوع_المطبق": "مربع", "dimention": "2 X 2 m", "Fault_statement": null}, "geometry": {"type": "Point", "coordinates": [31.572261583246988, 30.270505919001206, 0.0]}}, {"type": "Feature", "properties": {"ID": "MH-A-1-a-25", "Easting": "031° 34' 13.13\" E", "Northing": "30° 16' 12.24\" N", "الشركة_المنفذة": "عوض خليفة", "Start": "1/3/2022", "End": "3/2/2025", "GlobalID": "{A7BAAC3F-FA48-413E-BA73-C5BBACA61D0E}", "القطاع": "القطاع الثاني", "Depth": 1.6799999999999784, "GL": 173.51, "IL": 171.83, "نوع_المطبق": "مربع", "dimention": "2 X 2 m", "Fault_statement": null}, "geometry": {"type": "Point", "coordinates": [31.571991505619895, 30.27023163842286, 0.0]}}, {"type": "Feature", "properties": {"ID": "MH-A-1-a-24", "Easting": "031° 34' 12.15\" E", "Northing": "30° 16' 11.25\" N", "الشركة_المنفذة": "عوض خليفة", "Start": "1/3/2022", "End": "3/2/2025", "GlobalID": "{CE27586E-9549-4339-BFC0-0248E5FE1F86}", "القطاع": "القطاع الثاني", "Depth": 1.5600000000000023, "GL": 172.75, "IL": 171.19, "نوع_المطبق": "مربع", "dimention": "2 X 2 m", "Fault_statement": null}, "geometry": {"type": "Point", "coordinates": [31.571719980839426, 30.269958437003634, 0.0]}}, {"type": "Feature", "properties": {"ID": "MH-A-1-a-23", "Easting": "031° 34' 11.16\" E", "Northing": "30° 16' 10.27\" N", "الشركة_المنفذة": "عوض خليفة", "Start": "1/3/2022", "End": "3/2/2025", "GlobalID": "{DB96A96A-4154-4B06-89BA-1CAF3BCBBD81}", "القطاع": "القطاع الثاني", "Depth": 1.9499999999999886, "GL": 171.73, "IL": 169.78, "نوع_المطبق": "مربع", "dimention": "2 X 2 m", "Fault_statement": null}, "geometry": {"type": "Point", "coordinates": [31.571445020638535, 30.26968501363079, 0.0]}}, {"type": "Feature", "properties": {"ID": "MH-A-1-a-22-9", "Easting": "031° 34' 9.67\" E", "Northing": "30° 16' 16.29\" N", "الشركة_المنفذة": "عوض خليفة", "Start": "1/3/2022", "End": "3/2/2025", "GlobalID": "{308CE5E7-56C9-4D97-9DB8-EA9218D1C856}", "القطاع": "القطاع الثاني", "Depth": 1.6699999999999875, "GL": 173.54, "IL": 171.87, "نوع_المطبق": "مربع", "dimention": "2 X 2 m", "Fault_statement": null}, "geometry": {"type": "Point", "coordinates": [31.571031212682612, 30.27135798859908, 0.0]}}, {"type": "Feature", "properties": {"ID": "MH-A-1-a-22-8", "Easting": "031° 34' 10.72\" E", "Northing": "30° 16' 16.25\" N", "الشركة_المنفذة": "عوض خليفة", "Start": "1/3/2022", "End": "3/2/2025", "GlobalID": "{671A9AC5-71FC-452F-9570-2F27CF1599FD}", "القطاع": "القطاع الثاني", "Depth": 1.8499999999999943, "GL": 173.63, "IL": 171.78, "نوع_المطبق": "مربع", "dimention": "2 X 2 m", "Fault_statement": null}, "geometry": {"type": "Point", "coordinates": [31.571321880812512, 30.271346260750345, 0.0]}}, {"type": "Feature", "properties": {"ID": "MH-A-1-a-22-7", "Easting": "031° 34' 12.21\" E", "Northing": "30° 16' 16.18\" N", "الشركة_المنفذة": "عوض خليفة", "Start": "1/3/2022", "End": "3/2/2025", "GlobalID": "{B56F8B0C-50A6-48B6-81FB-79FB8D98520C}", "القطاع": "القطاع الثاني", "Depth": 2.1200000000000045, "GL": 173.77, "IL": 171.65, "نوع_المطبق": "مربع", "dimention": "2 X 2 m", "Fault_statement": null}, "geometry": {"type": "Point", "coordinates": [31.571736011154425, 30.271327589564045, 0.0]}}, {"type": "Feature", "properties": {"ID": "MH-A-1-a-22-6", "Easting": "031° 34' 12.07\" E", "Northing": "30° 16' 14.89\" N", "الشركة_المنفذة": "عوض خليفة", "Start": "1/3/2022", "End": "3/2/2025", "GlobalID": "{E7EDC700-F4A3-41AB-9F6C-D49D5996B100}", "القطاع": "القطاع الثاني", "Depth": 1.5999999999999943, "GL": 173.12, "IL": 171.52, "نوع_المطبق": "مربع", "dimention": "2 X 2 m", "Fault_statement": null}, "geometry": {"type": "Point", "coordinates": [31.571695718622646, 30.270968475959556, 0.0]}}, {"type": "Feature", "properties": {"ID": "MH-A-1-a-22-5", "Easting": "031° 34' 11.77\" E", "Northing": "30° 16' 13.61\" N", "الشركة_المنفذة": "عوض خليفة", "Start": "1/3/2022", "End": "3/2/2025", "GlobalID": "{B0C948CB-E03F-4D06-89C3-EAC563B759A9}", "القطاع": "القطاع الثاني", "Depth": 1.6099999999999852, "GL": 172.47, "IL": 170.86, "نوع_المطبق": "مربع", "dimention": "2 X 2 m", "Fault_statement": null}, "geometry": {"type": "Point", "coordinates": [31.57161313054412, 30.270614857907525, 0.0]}}, {"type": "Feature", "properties": {"ID": "MH-A-1-a-22-4", "Easting": "031° 34' 11.46\" E", "Northing": "30° 16' 12.77\" N", "الشركة_المنفذة": "عوض خليفة", "Start": "1/3/2022", "End": "3/2/2025", "GlobalID": "{9D58CFAA-E7BF-4A6C-8883-51C8803316CC}", "القطاع": "القطاع الثاني", "Depth": 1.5800000000000125, "GL": 172.0, "IL": 170.42, "نوع_المطبق": "مربع", "dimention": "2 X 2 m", "Fault_statement": null}, "geometry": {"type": "Point", "coordinates": [31.571527218428955, 30.270379609578587, 0.0]}}, {"type": "Feature", "properties": {"ID": "MH-A-1-a-22-3-4", "Easting": "031° 34' 6.87\" E", "Northing": "30° 16' 13.38\" N", "الشركة_المنفذة": "عوض خليفة", "Start": "1/3/2022", "End": "3/2/2025", "GlobalID": "{65FCE67C-61D6-42B0-857A-9873BEC3BCC8}", "القطاع": "القطاع الثاني", "Depth": 1.539999999999992, "GL": 172.6, "IL": 171.06, "نوع_المطبق": "مربع", "dimention": "2 X 2 m", "Fault_statement": null}, "geometry": {"type": "Point", "coordinates": [31.57025080513786, 30.270550687222705, 0.0]}}, {"type": "Feature", "properties": {"ID": "MH-A-1-a-22-3-3", "Easting": "031° 34' 7.77\" E", "Northing": "30° 16' 13.07\" N", "الشركة_المنفذة": "عوض خليفة", "Start": "1/3/2022", "End": "3/2/2025", "GlobalID": "{CF14640B-AA5C-4A8F-B1AC-833285C01402}", "القطاع": "القطاع الثاني", "Depth": 1.5, "GL": 172.33, "IL": 170.83, "نوع_المطبق": "مربع", "dimention": "2 X 2 m", "Fault_statement": null}, "geometry": {"type": "Point", "coordinates": [31.57050105958566, 30.2704622629844, 0.0]}}, {"type": "Feature", "properties": {"ID": "MH-A-1-a-22-3-2", "Easting": "031° 34' 8.74\" E", "Northing": "30° 16' 12.72\" N", "الشركة_المنفذة": "عوض خليفة", "Start": "1/3/2022", "End": "3/2/2025", "GlobalID": "{1A7F5F4E-70D2-4B43-ABBF-668005271F76}", "القطاع": "القطاع الثاني", "Depth": 1.509999999999991, "GL": 172.09, "IL": 170.58, "نوع_المطبق": "مربع", "dimention": "2 X 2 m", "Fault_statement": null}, "geometry": {"type": "Point", "coordinates": [31.570770564354767, 30.270367037876195, 0.0]}}, {"type": "Feature", "properties": {"ID": "MH-A-1-a-22-3-1", "Easting": "031° 34' 10.12\" E", "Northing": "30° 16' 12.22\" N", "الشركة_المنفذة": "عوض خليفة", "Start": "1/3/2022", "End": "3/2/2025", "GlobalID": "{6CDB453F-67E6-434A-B772-4D62FAE90FA7}", "القطاع": "القطاع الثاني", "Depth": 1.5300000000000011, "GL": 171.75, "IL": 170.22, "نوع_المطبق": "مربع", "dimention": "2 X 2 m", "Fault_statement": null}, "geometry": {"type": "Point", "coordinates": [31.57115451663792, 30.270228768059624, 0.0]}}, {"type": "Feature", "properties": {"ID": "MH-A-1-a-22-3", "Easting": "031° 34' 11.08\" E", "Northing": "30° 16' 11.88\" N", "الشركة_المنفذة": "عوض خليفة", "Start": "1/3/2022", "End": "3/2/2025", "GlobalID": "{A813A3C6-18A9-41D0-8CBC-1049F14E48DA}", "القطاع": "القطاع الثاني", "Depth": 1.5800000000000125, "GL": 171.52, "IL": 169.94, "نوع_المطبق": "مربع", "dimention": "2 X 2 m", "Fault_statement": null}, "geometry": {"type": "Point", "coordinates": [31.5714216392018, 30.270134069766186, 0.0]}}, {"type": "Feature", "properties": {"ID": "MH-A-1-a-22-2", "Easting": "031° 34' 10.46\" E", "Northing": "30° 16' 10.7\" N", "الشركة_المنفذة": "عوض خليفة", "Start": "1/3/2022", "End": "3/2/2025", "GlobalID": "{3D88AA8F-664D-4315-9984-6351E5131631}", "القطاع": "القطاع الثاني", "Depth": 1.5999999999999943, "GL": 170.88, "IL": 169.28, "نوع_المطبق": "مربع", "dimention": "2 X 2 m", "Fault_statement": null}, "geometry": {"type": "Point", "coordinates": [31.571249324122235, 30.26980514158825, 0.0]}}, {"type": "Feature", "properties": {"ID": "MH-A-1-a-22-10", "Easting": "031° 34' 8.74\" E", "Northing": "30° 16' 16.33\" N", "الشركة_المنفذة": "عوض خليفة", "Start": "1/3/2022", "End": "3/2/2025", "GlobalID": "{3CC1EBF1-9741-4DD5-B69F-1FE5F9D4AA84}", "القطاع": "القطاع الثاني", "Depth": 1.5, "GL": 173.45, "IL": 171.95, "نوع_المطبق": "مربع", "dimention": "2 X 2 m", "Fault_statement": null}, "geometry": {"type": "Point", "coordinates": [31.57077168721583, 30.27136846173328, 0.0]}}, {"type": "Feature", "properties": {"ID": "MH-A-1-a-22-1", "Easting": "031° 34' 9.94\" E", "Northing": "30° 16' 9.87\" N", "الشركة_المنفذة": "عوض خليفة", "Start": "1/3/2022", "End": "3/2/2025", "GlobalID": "{B23544BF-615C-429D-A96F-8EC858792EF7}", "القطاع": "القطاع الثاني", "Depth": 1.6699999999999875, "GL": 170.42, "IL": 168.75, "نوع_المطبق": "مربع", "dimention": "2 X 2 m", "Fault_statement": null}, "geometry": {"type": "Point", "coordinates": [31.571105476424044, 30.26957404030261, 0.0]}}, {"type": "Feature", "properties": {"ID": "MH-A-1-a-22", "Easting": "031° 34' 10.18\" E", "Northing": "30° 16' 9.29\" N", "الشركة_المنفذة": "عوض خليفة", "Start": "1/3/2022", "End": "3/2/2025", "GlobalID": "{991E3C98-14A2-4C2F-87DF-443458298D05}", "القطاع": "القطاع الثاني", "Depth": 2.1299999999999955, "GL": 170.46, "IL": 168.33, "نوع_المطبق": "مربع", "dimention": "2 X 2 m", "Fault_statement": null}, "geometry": {"type": "Point", "coordinates": [31.57117247657682, 30.269412578598036, 0.0]}}, {"type": "Feature", "properties": {"ID": "MH-A-1-a-21", "Easting": "031° 34' 9.2\" E", "Northing": "30° 16' 8.31\" N", "الشركة_المنفذة": "عوض خليفة", "Start": "1/3/2022", "End": "3/2/2025", "GlobalID": "{F9FF24D3-D067-4B99-8F60-C1B79FD54A41}", "القطاع": "القطاع الثاني", "Depth": 2.25, "GL": 168.94, "IL": 166.69, "نوع_المطبق": "مربع", "dimention": "2 X 2 m", "Fault_statement": null}, "geometry": {"type": "Point", "coordinates": [31.57089892417839, 30.269140908688087, 0.0]}}, {"type": "Feature", "properties": {"ID": "MH-A-1-a-20-5", "Easting": "031° 34' 4.75\" E", "Northing": "30° 16' 10.55\" N", "الشركة_المنفذة": "عوض خليفة", "Start": "1/3/2022", "End": "3/2/2025", "GlobalID": "{4B859B0E-202E-415C-B31D-4C4AE89D2B58}", "القطاع": "القطاع الثاني", "Depth": 1.5, "GL": 170.61, "IL": 169.11, "نوع_المطبق": "مربع", "dimention": "2 X 2 m", "Fault_statement": null}, "geometry": {"type": "Point", "coordinates": [31.569662828645797, 30.269762312667456, 0.0]}}, {"type": "Feature", "properties": {"ID": "MH-A-1-a-20-4", "Easting": "031° 34' 5.48\" E", "Northing": "30° 16' 10.04\" N", "الشركة_المنفذة": "عوض خليفة", "Start": "1/3/2022", "End": "3/2/2025", "GlobalID": "{B322D099-6F20-4B54-B50F-7F27D59D3D09}", "القطاع": "القطاع الثاني", "Depth": 1.5200000000000102, "GL": 170.15, "IL": 168.63, "نوع_المطبق": "مربع", "dimention": "2 X 2 m", "Fault_statement": null}, "geometry": {"type": "Point", "coordinates": [31.569865685968015, 30.269621423379043, 0.0]}}, {"type": "Feature", "properties": {"ID": "MH-A-1-a-20-3", "Easting": "031° 34' 6.26\" E", "Northing": "30° 16' 9.48\" N", "الشركة_المنفذة": "عوض خليفة", "Start": "1/3/2022", "End": "3/2/2025", "GlobalID": "{A92FBE1F-C417-4524-BF67-AC69CF280A1D}", "القطاع": "القطاع الثاني", "Depth": 1.5199999999999818, "GL": 169.64, "IL": 168.12, "نوع_المطبق": "مربع", "dimention": "2 X 2 m", "Fault_statement": null}, "geometry": {"type": "Point", "coordinates": [31.570082907063433, 30.26946726361947, 0.0]}}, {"type": "Feature", "properties": {"ID": "MH-A-1-a-20-2", "Easting": "031° 34' 7.25\" E", "Northing": "30° 16' 8.74\" N", "الشركة_المنفذة": "عوض خليفة", "Start": "1/3/2022", "End": "3/2/2025", "GlobalID": "{AB9AF896-BBB9-43F3-A057-6F038AC7405F}", "القطاع": "القطاع الثاني", "Depth": 1.5, "GL": 168.95, "IL": 167.45, "نوع_المطبق": "مربع", "dimention": "2 X 2 m", "Fault_statement": null}, "geometry": {"type": "Point", "coordinates": [31.570358869933536, 30.269261604757244, 0.0]}}, {"type": "Feature", "properties": {"ID": "MH-A-1-a-20-1", "Easting": "031° 34' 8.07\" E", "Northing": "30° 16' 8.13\" N", "الشركة_المنفذة": "عوض خليفة", "Start": "1/3/2022", "End": "3/2/2025", "GlobalID": "{CD7EBB94-CC22-497E-8012-FF85D70B01F8}", "القطاع": "القطاع الثاني", "Depth": 1.5, "GL": 168.38, "IL": 166.88, "نوع_المطبق": "مربع", "dimention": "2 X 2 m", "Fault_statement": null}, "geometry": {"type": "Point", "coordinates": [31.570585755871193, 30.269092271256312, 0.0]}}, {"type": "Feature", "properties": {"ID": "MH-A-1-a-20", "Easting": "031° 34' 8.57\" E", "Northing": "30° 16' 7.71\" N", "الشركة_المنفذة": "عوض خليفة", "Start": "1/3/2022", "End": "3/2/2025", "GlobalID": "{C37C0EBA-0A46-42EB-AE5F-2D1C4BF08CFE}", "القطاع": "القطاع الثاني", "Depth": 1.9099999999999966, "GL": 167.37, "IL": 165.46, "نوع_المطبق": "مربع", "dimention": "2 X 2 m", "Fault_statement": null}, "geometry": {"type": "Point", "coordinates": [31.570724016438653, 30.26897495243261, 0.0]}}, {"type": "Feature", "properties": {"ID": "MH-A-1-a-2", "Easting": "031° 33' 53.96\" E", "Northing": "30° 15' 56.75\" N", "الشركة_المنفذة": "عوض خليفة", "Start": "1/3/2022", "End": "3/2/2025", "GlobalID": "{E0CB5F78-0E04-433F-AA27-5BF2D0E19F88}", "القطاع": "القطاع الثاني", "Depth": 2.2600000000000193, "GL": 157.24, "IL": 154.98, "نوع_المطبق": "مربع", "dimention": "2 X 2 m", "Fault_statement": null}, "geometry": {"type": "Point", "coordinates": [31.566667252219535, 30.26593114777612, 0.0]}}, {"type": "Feature", "properties": {"ID": "MH-A-1-a-19", "Easting": "031° 34' 7.55\" E", "Northing": "30° 16' 6.76\" N", "الشركة_المنفذة": "عوض خليفة", "Start": "1/3/2022", "End": "3/2/2025", "GlobalID": "{74F2AFD6-3FAD-4CEB-A242-334CFBEE6D95}", "القطاع": "القطاع الثاني", "Depth": 1.740000000000009, "GL": 165.83, "IL": 164.09, "نوع_المطبق": "مربع", "dimention": "2 X 2 m", "Fault_statement": null}, "geometry": {"type": "Point", "coordinates": [31.57044180968288, 30.268710082713017, 0.0]}}, {"type": "Feature", "properties": {"ID": "MH-A-1-a-18", "Easting": "031° 34' 6.5\" E", "Northing": "30° 16' 5.75\" N", "الشركة_المنفذة": "عوض خليفة", "Start": "1/3/2022", "End": "3/2/2025", "GlobalID": "{8C67A018-02F4-4692-94AF-5F2647506F02}", "القطاع": "القطاع الثاني", "Depth": 2.3300000000000125, "GL": 164.99, "IL": 162.66, "نوع_المطبق": "مربع", "dimention": "2 X 2 m", "Fault_statement": null}, "geometry": {"type": "Point", "coordinates": [31.570150533803496, 30.268428919382853, 0.0]}}, {"type": "Feature", "properties": {"ID": "MH-A-1-a-17-4", "Easting": "031° 34' 2.19\" E", "Northing": "30° 16' 8.22\" N", "الشركة_المنفذة": "عوض خليفة", "Start": "1/3/2022", "End": "3/2/2025", "GlobalID": "{01E78E92-9E29-4BEA-8458-AB6A0C2A0F89}", "القطاع": "القطاع الثاني", "Depth": 1.5, "GL": 167.09, "IL": 165.59, "نوع_المطبق": "مربع", "dimention": "2 X 2 m", "Fault_statement": null}, "geometry": {"type": "Point", "coordinates": [31.568951721084016, 30.269114980875273, 0.0]}}, {"type": "Feature", "properties": {"ID": "MH-A-1-a-17-3", "Easting": "031° 34' 2.96\" E", "Northing": "30° 16' 7.6\" N", "الشركة_المنفذة": "عوض خليفة", "Start": "1/3/2022", "End": "3/2/2025", "GlobalID": "{A53EC2B6-8C10-419C-B400-0B0A2C31BD5E}", "القطاع": "القطاع الثاني", "Depth": 1.509999999999991, "GL": 166.54, "IL": 165.03, "نوع_المطبق": "مربع", "dimention": "2 X 2 m", "Fault_statement": null}, "geometry": {"type": "Point", "coordinates": [31.56916465097565, 30.268942845466658, 0.0]}}, {"type": "Feature", "properties": {"ID": "MH-A-1-a-17-2", "Easting": "031° 34' 3.72\" E", "Northing": "30° 16' 6.98\" N", "الشركة_المنفذة": "عوض خليفة", "Start": "1/3/2022", "End": "3/2/2025", "GlobalID": "{411C6461-FF35-4DA6-B0B7-6CF8AC321875}", "القطاع": "القطاع الثاني", "Depth": 1.539999999999992, "GL": 166.01, "IL": 164.47, "نوع_المطبق": "مربع", "dimention": "2 X 2 m", "Fault_statement": null}, "geometry": {"type": "Point", "coordinates": [31.56937692396813, 30.26877298210758, 0.0]}}, {"type": "Feature", "properties": {"ID": "MH-A-1-a-17-1", "Easting": "031° 34' 4.8\" E", "Northing": "30° 16' 6.09\" N", "الشركة_المنفذة": "عوض خليفة", "Start": "1/3/2022", "End": "3/2/2025", "GlobalID": "{D9070C83-50A6-4468-8306-1F4F2F498FAD}", "القطاع": "القطاع الثاني", "Depth": 1.509999999999991, "GL": 165.19, "IL": 163.68, "نوع_المطبق": "مربع", "dimention": "2 X 2 m", "Fault_statement": null}, "geometry": {"type": "Point", "coordinates": [31.56967682616377, 30.26852345176483, 0.0]}}, {"type": "Feature", "properties": {"ID": "MH-A-1-a-16", "Easting": "031° 34' 5.1\" E", "Northing": "30° 16' 4.53\" N", "الشركة_المنفذة": "عوض خليفة", "Start": "1/3/2022", "End": "3/2/2025", "GlobalID": "{A69CB67C-7F12-4216-9E8E-82E38CAC1EB3}", "القطاع": "القطاع الثاني", "Depth": 2.0800000000000125, "GL": 163.81, "IL": 161.73, "نوع_المطبق": "مربع", "dimention": "2 X 2 m", "Fault_statement": null}, "geometry": {"type": "Point", "coordinates": [31.56976053523011, 30.26809181556875, 0.0]}}, {"type": "Feature", "properties": {"ID": "MH-A-1-a-15", "Easting": "031° 34' 4.4\" E", "Northing": "30° 16' 3.95\" N", "الشركة_المنفذة": "عوض خليفة", "Start": "1/3/2022", "End": "3/2/2025", "GlobalID": "{52494DAD-E37B-4758-97A6-F3DEFD0730CD}", "القطاع": "القطاع الثاني", "Depth": 2.0800000000000125, "GL": 163.36, "IL": 161.28, "نوع_المطبق": "مربع", "dimention": "2 X 2 m", "Fault_statement": null}, "geometry": {"type": "Point", "coordinates": [31.569566253248897, 30.26792926500237, 0.0]}}, {"type": "Feature", "properties": {"ID": "MH-A-1-a-14", "Easting": "031° 34' 3.64\" E", "Northing": "30° 16' 3.33\" N", "الشركة_المنفذة": "عوض خليفة", "Start": "1/3/2022", "End": "3/2/2025", "GlobalID": "{58226F78-1E3E-4F24-913B-C2BB1BE1CD1D}", "القطاع": "القطاع الثاني", "Depth": 2.0999999999999943, "GL": 162.89, "IL": 160.79, "نوع_المطبق": "مربع", "dimention": "2 X 2 m", "Fault_statement": null}, "geometry": {"type": "Point", "coordinates": [31.56935520878851, 30.26775790177415, 0.0]}}, {"type": "Feature", "properties": {"ID": "MH-A-1-a-13-4", "Easting": "031° 33' 59.5\" E", "Northing": "30° 16' 5.95\" N", "الشركة_المنفذة": "عوض خليفة", "Start": "1/3/2022", "End": "3/2/2025", "GlobalID": "{4457CC73-7393-4243-9159-8CA2AD3C3EDB}", "القطاع": "القطاع الثاني", "Depth": 1.5, "GL": 164.38, "IL": 162.88, "نوع_المطبق": "مربع", "dimention": "2 X 2 m", "Fault_statement": null}, "geometry": {"type": "Point", "coordinates": [31.568205963676622, 30.268486135556905, 0.0]}}, {"type": "Feature", "properties": {"ID": "MH-A-1-a-13-3", "Easting": "031° 34' 0.14\" E", "Northing": "30° 16' 5.36\" N", "الشركة_المنفذة": "عوض خليفة", "Start": "1/3/2022", "End": "3/2/2025", "GlobalID": "{33699718-3B80-43E7-BE68-CAE518D391B0}", "القطاع": "القطاع الثاني", "Depth": 1.5199999999999818, "GL": 164.04, "IL": 162.52, "نوع_المطبق": "مربع", "dimention": "2 X 2 m", "Fault_statement": null}, "geometry": {"type": "Point", "coordinates": [31.568382447484684, 30.26832064679714, 0.0]}}, {"type": "Feature", "properties": {"ID": "MH-A-1-a-13-2", "Easting": "031° 34' 0.89\" E", "Northing": "30° 16' 4.65\" N", "الشركة_المنفذة": "عوض خليفة", "Start": "1/3/2022", "End": "3/2/2025", "GlobalID": "{FAFABD4E-39AB-4695-A672-7BF7595443F7}", "القطاع": "القطاع الثاني", "Depth": 1.539999999999992, "GL": 163.62, "IL": 162.08, "نوع_المطبق": "مربع", "dimention": "2 X 2 m", "Fault_statement": null}, "geometry": {"type": "Point", "coordinates": [31.568590075235786, 30.268125488063205, 0.0]}}, {"type": "Feature", "properties": {"ID": "MH-A-1-a-13-1", "Easting": "031° 34' 1.89\" E", "Northing": "30° 16' 3.69\" N", "الشركة_المنفذة": "عوض خليفة", "Start": "1/3/2022", "End": "3/2/2025", "GlobalID": "{011DC8A0-B9D2-45D0-BDBB-176857D26919}", "القطاع": "القطاع الثاني", "Depth": 1.5200000000000102, "GL": 163.02, "IL": 161.5, "نوع_المطبق": "مربع", "dimention": "2 X 2 m", "Fault_statement": null}, "geometry": {"type": "Point", "coordinates": [31.568870030915438, 30.267858586052654, 0.0]}}, {"type": "Feature", "properties": {"ID": "MH-A-1-a-13", "Easting": "031° 34' 2.88\" E", "Northing": "30° 16' 2.72\" N", "الشركة_المنفذة": "عوض خليفة", "Start": "1/3/2022", "End": "3/2/2025", "GlobalID": "{35477767-671C-4D99-BFAE-E11DB9D4711E}", "القطاع": "القطاع الثاني", "Depth": 2.0999999999999943, "GL": 162.41, "IL": 160.31, "نوع_المطبق": "مربع", "dimention": "2 X 2 m", "Fault_statement": null}, "geometry": {"type": "Point", "coordinates": [31.569144921407297, 30.26758794931475, 0.0]}}, {"type": "Feature", "properties": {"ID": "MH-A-1-a-12", "Easting": "031° 34' 2.12\" E", "Northing": "30° 16' 2.14\" N", "الشركة_المنفذة": "عوض خليفة", "Start": "1/3/2022", "End": "3/2/2025", "GlobalID": "{1CAD4B2F-6965-4FD6-927D-B13D24E2FF1A}", "القطاع": "القطاع الثاني", "Depth": 2.119999999999976, "GL": 161.95, "IL": 159.83, "نوع_المطبق": "مربع", "dimention": "2 X 2 m", "Fault_statement": null}, "geometry": {"type": "Point", "coordinates": [31.568933042825954, 30.267426320255396, 0.0]}}, {"type": "Feature", "properties": {"ID": "MH-A-1-a-11", "Easting": "031° 34' 1.35\" E", "Northing": "30° 16' 1.56\" N", "الشركة_المنفذة": "عوض خليفة", "Start": "1/3/2022", "End": "3/2/2025", "GlobalID": "{73B11C27-3D8C-43F4-B8E2-4AA84092C121}", "القطاع": "القطاع الثاني", "Depth": 2.1299999999999955, "GL": 161.48, "IL": 159.35, "نوع_المطبق": "مربع", "dimention": "2 X 2 m", "Fault_statement": null}, "geometry": {"type": "Point", "coordinates": [31.568718446435703, 30.26726577786482, 0.0]}}, {"type": "Feature", "properties": {"ID": "MH-A-1-a-10", "Easting": "031° 34' 0.56\" E", "Northing": "30° 16' 0.99\" N", "الشركة_المنفذة": "عوض خليفة", "Start": "1/3/2022", "End": "3/2/2025", "GlobalID": "{6C9948B4-E9D8-4A8E-A1E1-08A99A9C86E0}", "القطاع": "القطاع الثاني", "Depth": 2.1299999999999955, "GL": 161.01, "IL": 158.88, "نوع_المطبق": "مربع", "dimention": "2 X 2 m", "Fault_statement": null}, "geometry": {"type": "Point", "coordinates": [31.56850039601148, 30.267106960359982, 0.0]}}, {"type": "Feature", "properties": {"ID": "MH-A-1-a-1-5", "Easting": "031° 33' 50.46\" E", "Northing": "30° 15' 59.86\" N", "الشركة_المنفذة": "عوض خليفة", "Start": "1/3/2022", "End": "3/2/2025", "GlobalID": "{2BF86DC2-CF70-4A68-9CCF-2C9D6438224A}", "القطاع": "القطاع الثاني", "Depth": 1.5, "GL": 158.53, "IL": 157.03, "نوع_المطبق": "مربع", "dimention": "2 X 2 m", "Fault_statement": null}, "geometry": {"type": "Point", "coordinates": [31.565694239845104, 30.266793475456442, 0.0]}}, {"type": "Feature", "properties": {"ID": "MH-A-1-a-1-4", "Easting": "031° 33' 50.95\" E", "Northing": "30° 15' 59.2\" N", "الشركة_المنفذة": "عوض خليفة", "Start": "1/3/2022", "End": "3/2/2025", "GlobalID": "{2E31FEAC-9C17-4EE5-9AC4-9C5C033D94DB}", "القطاع": "القطاع الثاني", "Depth": 1.5300000000000011, "GL": 158.24, "IL": 156.71, "نوع_المطبق": "مربع", "dimention": "2 X 2 m", "Fault_statement": null}, "geometry": {"type": "Point", "coordinates": [31.565829404226896, 30.266611536397267, 0.0]}}, {"type": "Feature", "properties": {"ID": "MH-A-1-a-1-3", "Easting": "031° 33' 51.49\" E", "Northing": "30° 15' 58.46\" N", "الشركة_المنفذة": "عوض خليفة", "Start": "1/3/2022", "End": "3/2/2025", "GlobalID": "{C4A83E60-3748-4CC1-9DC4-8C1750DE06FE}", "القطاع": "القطاع الثاني", "Depth": 1.5600000000000023, "GL": 157.91, "IL": 156.35, "نوع_المطبق": "مربع", "dimention": "2 X 2 m", "Fault_statement": null}, "geometry": {"type": "Point", "coordinates": [31.565979825028926, 30.266405946511526, 0.0]}}, {"type": "Feature", "properties": {"ID": "MH-A-1-a-1-2", "Easting": "031° 33' 52.05\" E", "Northing": "30° 15' 57.69\" N", "الشركة_المنفذة": "عوض خليفة", "Start": "1/3/2022", "End": "3/2/2025", "GlobalID": "{0D45D712-B102-4BEF-A51F-AA34218AB379}", "القطاع": "القطاع الثاني", "Depth": 1.5999999999999943, "GL": 157.57, "IL": 155.97, "نوع_المطبق": "مربع", "dimention": "2 X 2 m", "Fault_statement": null}, "geometry": {"type": "Point", "coordinates": [31.56613439123978, 30.266191960370428, 0.0]}}, {"type": "Feature", "properties": {"ID": "MH-A-1-a-1-1", "Easting": "031° 33' 52.65\" E", "Northing": "30° 15' 56.87\" N", "الشركة_المنفذة": "عوض خليفة", "Start": "1/3/2022", "End": "3/2/2025", "GlobalID": "{55C93D6D-5F69-4346-82FC-95D2912C329F}", "القطاع": "القطاع الثاني", "Depth": 1.5699999999999932, "GL": 157.12, "IL": 155.55, "نوع_المطبق": "مربع", "dimention": "2 X 2 m", "Fault_statement": null}, "geometry": {"type": "Point", "coordinates": [31.56630090154526, 30.26596318307022, 0.0]}}, {"type": "Feature", "properties": {"ID": "MH-A-1-a-1", "Easting": "031° 33' 53.07\" E", "Northing": "30° 15' 56.28\" N", "الشركة_المنفذة": "عوض خليفة", "Start": "1/3/2022", "End": "3/2/2025", "GlobalID": "{EB8CE956-B923-4E53-A8D6-E8C34E92EE35}", "القطاع": "القطاع الثاني", "Depth": 2.2700000000000102, "GL": 156.77, "IL": 154.5, "نوع_المطبق": "مربع", "dimention": "2 X 2 m", "Fault_statement": null}, "geometry": {"type": "Point", "coordinates": [31.566419898479978, 30.265799047394818, 0.0]}}, {"type": "Feature", "properties": {"ID": "MH-A-1-a", "Easting": "031° 33' 51.8\" E", "Northing": "30° 15' 55.58\" N", "الشركة_المنفذة": "عوض خليفة", "Start": "1/3/2022", "End": "3/2/2025", "GlobalID": "{6D89EBB3-9E31-4964-B9AE-EA3C4A8C420F}", "القطاع": "القطاع الثاني", "Depth": 2.5800000000000125, "GL": 156.22, "IL": 153.64, "نوع_المطبق": "مربع", "dimention": "2 X 2 m", "Fault_statement": null}, "geometry": {"type": "Point", "coordinates": [31.56606610575607, 30.265605774663594, 0.0]}}, {"type": "Feature", "properties": {"ID": "O-1", "Easting": "031° 33' 51.23\" E", "Northing": "30° 15' 54.4\" N", "الشركة_المنفذة": "عوض خليفة", "Start": "1/3/2022", "End": "3/2/2025", "GlobalID": "{18AC5AC9-0AA0-4819-B13A-C55EFBAFAB31}", "القطاع": "القطاع الثاني", "Depth": 3.0500000000000114, "GL": 156.21, "IL": 153.16, "نوع_المطبق": "مربع", "dimention": "2 X 2 m", "Fault_statement": null}, "geometry": {"type": "Point", "coordinates": [31.56590808963404, 30.265277756922124, 0.0]}}, {"type": "Feature", "properties": {"ID": "MH-A-1", "Easting": "031° 33' 50.77\" E", "Northing": "30° 15' 55.02\" N", "الشركة_المنفذة": "عوض خليفة", "Start": "1/3/2022", "End": "3/2/2025", "GlobalID": "{7EDA153D-4296-43BD-9A85-B4E2F3607F7B}", "القطاع": "القطاع الثاني", "Depth": 2.75, "GL": 156.14, "IL": 153.39, "نوع_المطبق": "مربع", "dimention": "2 X 2 m", "Fault_statement": null}, "geometry": {"type": "Point", "coordinates": [31.56578033420515, 30.265449133655846, 0.0]}}, {"type": "Feature", "properties": {"ID": "MH-A-2", "Easting": "031° 33' 49.46\" E", "Northing": "30° 15' 56.97\" N", "الشركة_المنفذة": "عوض خليفة", "Start": "1/3/2022", "End": "3/2/2025", "GlobalID": "{C0C3A51A-6551-44BB-A220-0DED6B5AB884}", "القطاع": "القطاع الثاني", "Depth": 2.4399999999999977, "GL": 156.68, "IL": 154.24, "نوع_المطبق": "دائري", "dimention": "1.2 m", "Fault_statement": null}, "geometry": {"type": "Point", "coordinates": [31.56541530963153, 30.26599024399913, 0.0]}}, {"type": "Feature", "properties": {"ID": "MH-A-4", "Easting": "031° 33' 46.26\" E", "Northing": "30° 16' 1.72\" N", "الشركة_المنفذة": "عوض خليفة", "Start": "1/3/2022", "End": "3/2/2025", "GlobalID": "{2B58DB74-15D8-4EC2-840A-901FD83788C3}", "القطاع": "القطاع الثاني", "Depth": 4.469999999999999, "GL": 160.06, "IL": 155.59, "نوع_المطبق": "مربع", "dimention": "2 X 2 m", "Fault_statement": null}, "geometry": {"type": "Point", "coordinates": [31.564525894703085, 30.267311413638158, 0.0]}}, {"type": "Feature", "properties": {"ID": "MH-A-3", "Easting": "031° 33' 47.57\" E", "Northing": "30° 15' 59.77\" N", "الشركة_المنفذة": "عوض خليفة", "Start": "1/3/2022", "End": "3/2/2025", "GlobalID": "{E0DFA6A9-BB28-47D1-81A4-EE5A09EEF7E4}", "القطاع": "القطاع الثاني", "Depth": 3.3700000000000045, "GL": 158.41, "IL": 155.04, "نوع_المطبق": "دائري", "dimention": "1.2 m", "Fault_statement": null}, "geometry": {"type": "Point", "coordinates": [31.56489106910241, 30.266769370637345, 0.0]}}, {"type": "Feature", "properties": {"ID": "MH-A-9", "Easting": "031° 33' 37.91\" E", "Northing": "30° 16' 0.59\" N", "الشركة_المنفذة": "عوض خليفة", "Start": "1/3/2022", "End": "3/2/2025", "GlobalID": "{3E98D93C-E376-4714-ACCB-4B1258821016}", "القطاع": "القطاع الثاني", "Depth": 1.789999999999992, "GL": 163.84, "IL": 162.05, "نوع_المطبق": "دائري", "dimention": "1.2 m", "Fault_statement": null}, "geometry": {"type": "Point", "coordinates": [31.562207912256167, 30.266996249816728, 0.0]}}, {"type": "Feature", "properties": {"ID": "MH-A-5", "Easting": "031° 33' 44.92\" E", "Northing": "30° 16' 3.67\" N", "الشركة_المنفذة": "عوض خليفة", "Start": "1/3/2022", "End": "3/2/2025", "GlobalID": "{DC4946FC-EE3A-45C4-9B4F-8DCD0895A7CF}", "القطاع": "القطاع الثاني", "Depth": 4.659999999999997, "GL": 160.81, "IL": 156.15, "نوع_المطبق": "مربع", "dimention": "2 X 2 m", "Fault_statement": null}, "geometry": {"type": "Point", "coordinates": [31.564154419879582, 30.26785146213105, 0.0]}}, {"type": "Feature", "properties": {"ID": "MH-A-7", "Easting": "031° 33' 41.28\" E", "Northing": "30° 16' 1.97\" N", "الشركة_المنفذة": "عوض خليفة", "Start": "1/3/2022", "End": "3/2/2025", "GlobalID": "{F1A206E3-9D30-4CE5-96A4-9785E14A6FE9}", "القطاع": "القطاع الثاني", "Depth": 2.200000000000017, "GL": 162.4, "IL": 160.2, "نوع_المطبق": "دائري", "dimention": "1.2 m", "Fault_statement": null}, "geometry": {"type": "Point", "coordinates": [31.563144287212623, 30.267381374739575, 0.0]}}, {"type": "Feature", "properties": {"ID": "MH-A-10", "Easting": "031° 33' 36.05\" E", "Northing": "30° 15' 59.86\" N", "الشركة_المنفذة": "عوض خليفة", "Start": "1/3/2022", "End": "3/2/2025", "GlobalID": "{C2F888AD-1C78-4746-A002-D5F6479EFF2E}", "القطاع": "القطاع الثاني", "Depth": 2.1899999999999977, "GL": 164.63, "IL": 162.44, "نوع_المطبق": "دائري", "dimention": "1.2 m", "Fault_statement": null}, "geometry": {"type": "Point", "coordinates": [31.561691472486846, 30.266794658132696, 0.0]}}, {"type": "Feature", "properties": {"ID": "MH-A-6", "Easting": "031° 33' 43.0\" E", "Northing": "30° 16' 2.75\" N", "الشركة_المنفذة": "عوض خليفة", "Start": "1/3/2022", "End": "3/2/2025", "GlobalID": "{C0C51353-ADF3-4725-A9DA-0A7795F08A1C}", "القطاع": "القطاع الثاني", "Depth": 2.210000000000008, "GL": 161.66, "IL": 159.45, "نوع_المطبق": "دائري", "dimention": "1.2 m", "Fault_statement": null}, "geometry": {"type": "Point", "coordinates": [31.563621095487996, 30.267598177039947, 0.0]}}, {"type": "Feature", "properties": {"ID": "MH-A-1-a-9-5", "Easting": "031° 33' 56.62\" E", "Northing": "30° 16' 3.84\" N", "الشركة_المنفذة": "عوض خليفة", "Start": "1/3/2022", "End": "3/2/2025", "GlobalID": "{9AD60BF1-0C11-4C62-B20B-7112B5035749}", "القطاع": "القطاع الثاني", "Depth": 1.5300000000000011, "GL": 161.33, "IL": 159.8, "نوع_المطبق": "مربع", "dimention": "2 X 2 m", "Fault_statement": null}, "geometry": {"type": "Point", "coordinates": [31.567406108828784, 30.267898530431367, 0.0]}}, {"type": "Feature", "properties": {"ID": "MH-A-1-a-5-5", "Easting": "031° 33' 53.65\" E", "Northing": "30° 16' 1.83\" N", "الشركة_المنفذة": "عوض خليفة", "Start": "1/3/2022", "End": "3/2/2025", "GlobalID": "{5345BF17-9F97-4CF5-BC55-D14D45B765FC}", "القطاع": "القطاع الثاني", "Depth": 1.5300000000000011, "GL": 158.94, "IL": 157.41, "نوع_المطبق": "مربع", "dimention": "2 X 2 m", "Fault_statement": null}, "geometry": {"type": "Point", "coordinates": [31.566579807514284, 30.267340686087213, -124.99800000000687]}}, {"type": "Feature", "properties": {"ID": "MH-A-59", "Easting": "031° 33' 28.26\" E", "Northing": "30° 16' 42.38\" N", "الشركة_المنفذة": "التوحيد", "Start": "1/3/2022", "End": "3/2/2025", "GlobalID": "{AFC4CC9C-3153-40B3-A963-19BC951CF025}", "القطاع": "القطاع الثالث", "Depth": 1.7399999999999807, "GL": 178.42, "IL": 176.68, "نوع_المطبق": "مربع", "dimention": "2 X 2 m", "Fault_statement": null}, "geometry": {"type": "Point", "coordinates": [31.55952802093677, 30.278605821561673, 0.0]}}, {"type": "Feature", "properties": {"ID": "MH-A-41-2-1-a-2", "Easting": "031° 33' 24.85\" E", "Northing": "30° 16' 31.49\" N", "الشركة_المنفذة": "التوحيد", "Start": "1/3/2022", "End": "3/2/2025", "GlobalID": "{404117C8-EB7F-41F6-B8A5-A3F63FA41BB2}", "القطاع": "القطاع الثالث", "Depth": 1.5, "GL": 174.32, "IL": 172.82, "نوع_المطبق": "مربع", "dimention": "2 X 2 m", "Fault_statement": null}, "geometry": {"type": "Point", "coordinates": [31.558579466198637, 30.27557959840161, 0.0]}}, {"type": "Feature", "properties": {"ID": "MH-A-56-4", "Easting": "031° 33' 28.68\" E", "Northing": "30° 16' 37.97\" N", "الشركة_المنفذة": "التوحيد", "Start": "1/3/2022", "End": "3/2/2025", "GlobalID": "{809D8893-A4D9-4E84-8EC8-DC926886C653}", "القطاع": "القطاع الثالث", "Depth": 1.7900000000000205, "GL": 178.27, "IL": 176.48, "نوع_المطبق": "مربع", "dimention": "2 X 2 m", "Fault_statement": null}, "geometry": {"type": "Point", "coordinates": [31.55964492379332, 30.277381709995375, 0.0]}}, {"type": "Feature", "properties": {"ID": "MH-B-24-9-3", "Easting": "031° 33' 8.95\" E", "Northing": "30° 16' 18.32\" N", "الشركة_المنفذة": "التوحيد", "Start": "1/3/2022", "End": "3/2/2025", "GlobalID": "{CAFCE17E-E171-4A24-BECB-860B30F2D3BE}", "القطاع": "القطاع الثالث", "Depth": 1.5300000000000011, "GL": 169.5, "IL": 167.97, "نوع_المطبق": "مربع", "dimention": "2 X 2 m", "Fault_statement": null}, "geometry": {"type": "Point", "coordinates": [31.55416295993937, 30.271922048965667, 0.0]}}, {"type": "Feature", "properties": {"ID": "MH-B-24-9-1", "Easting": "031° 33' 7.08\" E", "Northing": "30° 16' 18.33\" N", "الشركة_المنفذة": "التوحيد", "Start": "1/3/2022", "End": "3/2/2025", "GlobalID": "{19A5BBA0-E42E-4F16-BEA8-D55016D14C0C}", "القطاع": "القطاع الثالث", "Depth": 1.589999999999975, "GL": 165.92, "IL": 164.33, "نوع_المطبق": "مربع", "dimention": "2 X 2 m", "Fault_statement": null}, "geometry": {"type": "Point", "coordinates": [31.55364335128563, 30.27192415329556, 0.0]}}, {"type": "Feature", "properties": {"ID": "MH-B-18-11-3", "Easting": "031° 33' 10.49\" E", "Northing": "30° 16' 11.11\" N", "الشركة_المنفذة": "التوحيد", "Start": "1/3/2022", "End": "3/2/2025", "GlobalID": "{929F0243-84E4-405E-BED4-F008998543E5}", "القطاع": "القطاع الثالث", "Depth": 1.8499999999999943, "GL": 169.38, "IL": 167.53, "نوع_المطبق": "مربع", "dimention": "2 X 2 m", "Fault_statement": null}, "geometry": {"type": "Point", "coordinates": [31.55459069833514, 30.269919980370762, 0.0]}}, {"type": "Feature", "properties": {"ID": "MH-B-18-11-4", "Easting": "031° 33' 11.35\" E", "Northing": "30° 16' 11.42\" N", "الشركة_المنفذة": "التوحيد", "Start": "1/3/2022", "End": "3/2/2025", "GlobalID": "{AA463208-D2BE-4109-84B0-65A2A6B19E4A}", "القطاع": "القطاع الثالث", "Depth": 1.710000000000008, "GL": 169.35, "IL": 167.64, "نوع_المطبق": "مربع", "dimention": "2 X 2 m", "Fault_statement": null}, "geometry": {"type": "Point", "coordinates": [31.55483078801034, 30.27000615757572, -225.00010000000475]}}, {"type": "Feature", "properties": {"ID": "MH-A-11-17-1", "Easting": "031° 33' 21.64\" E", "Northing": "30° 16' 2.54\" N", "الشركة_المنفذة": "عوض خليفة", "Start": "1/3/2022", "End": "3/2/2025", "GlobalID": "{130259AB-F24D-4BDF-9D57-DC7CE3874576}", "القطاع": "القطاع الثاني", "Depth": 1.75, "GL": 171.04, "IL": 169.29, "نوع_المطبق": "مربع", "dimention": "2 X 2 m", "Fault_statement": null}, "geometry": {"type": "Point", "coordinates": [31.557689418931034, 30.267538001045008, 24.998300000006566]}}, {"type": "Feature", "properties": {"ID": "MH-A-11-12", "Easting": "031° 33' 24.48\" E", "Northing": "30° 15' 59.45\" N", "الشركة_المنفذة": "عوض خليفة", "Start": "1/3/2022", "End": "3/2/2025", "GlobalID": "{E1799AAE-5B4B-4EEB-9380-7FF6B101D74D}", "القطاع": "القطاع الثاني", "Depth": 1.829999999999984, "GL": 169.13, "IL": 167.3, "نوع_المطبق": "مربع", "dimention": "2 X 2 m", "Fault_statement": null}, "geometry": {"type": "Point", "coordinates": [31.55847609715457, 30.266679495717828, 124.99809999999707]}}, {"type": "Feature", "properties": {"ID": "MH-A-11-6-3", "Easting": "031° 33' 29.05\" E", "Northing": "30° 15' 54.7\" N", "الشركة_المنفذة": "عوض خليفة", "Start": "1/3/2022", "End": "3/2/2025", "GlobalID": "{7D59B35F-7E1A-4812-BF92-93ADAEBCFFDF}", "القطاع": "القطاع الثاني", "Depth": 1.5699999999999932, "GL": 167.51, "IL": 165.94, "نوع_المطبق": "مربع", "dimention": "2 X 2 m", "Fault_statement": null}, "geometry": {"type": "Point", "coordinates": [31.55974674615067, 30.26536098868071, 124.9997000000003]}}, {"type": "Feature", "properties": {"ID": "MH-A-11-4", "Easting": "031° 33' 31.55\" E", "Northing": "30° 15' 57.92\" N", "الشركة_المنفذة": "عوض خليفة", "Start": "1/3/2022", "End": "3/2/2025", "GlobalID": "{48462C89-6CB7-4AE0-9195-3CD169AD9909}", "القطاع": "القطاع الثاني", "Depth": 1.8799999999999955, "GL": 166.91, "IL": 165.03, "نوع_المطبق": "مربع", "dimention": "2 X 2 m", "Fault_statement": null}, "geometry": {"type": "Point", "coordinates": [31.56044048191321, 30.26625417138348, 0.0]}}, {"type": "Feature", "properties": {"ID": "MH-A-11-3-2", "Easting": "031° 33' 33.23\" E", "Northing": "30° 15' 56.38\" N", "الشركة_المنفذة": "عوض خليفة", "Start": "1/3/2022", "End": "3/2/2025", "GlobalID": "{B802DBC9-2997-450B-88C0-1D1D4CBCB553}", "القطاع": "القطاع الثاني", "Depth": 1.5, "GL": 166.27, "IL": 164.77, "نوع_المطبق": "مربع", "dimention": "2 X 2 m", "Fault_statement": null}, "geometry": {"type": "Point", "coordinates": [31.560908585630806, 30.26582612243828, 124.99920000000566]}}, {"type": "Feature", "properties": {"ID": "MH-A-9", "Easting": "031° 33' 36.73\" E", "Northing": "30° 16' 1.43\" N", "الشركة_المنفذة": "عوض خليفة", "Start": "1/3/2022", "End": "3/2/2025", "GlobalID": "{6AD2481A-E18F-46EF-BBDA-8C925F0CC17B}", "القطاع": "القطاع الثاني", "Depth": 1.509999999999991, "GL": 164.19, "IL": 162.68, "نوع_المطبق": "مربع", "dimention": "2 X 2 m", "Fault_statement": null}, "geometry": {"type": "Point", "coordinates": [31.56188097223056, 30.26723148784284, 0.0]}}, {"type": "Feature", "properties": {"ID": "MH-A-8", "Easting": "031° 33' 39.6\" E", "Northing": "30° 16' 1.26\" N", "الشركة_المنفذة": "عوض خليفة", "Start": "1/3/2022", "End": "3/2/2025", "GlobalID": "{4C7CA494-E2E1-4D89-BCE3-0787CF35324A}", "القطاع": "القطاع الثاني", "Depth": 1.5, "GL": 163.47, "IL": 161.97, "نوع_المطبق": "دائري", "dimention": "1m", "Fault_statement": null}, "geometry": {"type": "Point", "coordinates": [31.562676984316745, 30.26718189425734, 0.0]}}, {"type": "Feature", "properties": {"ID": "MH-A-11-1", "Easting": "031° 33' 34.34\" E", "Northing": "30° 15' 58.91\" N", "الشركة_المنفذة": "عوض خليفة", "Start": "1/3/2022", "End": "3/2/2025", "GlobalID": "{7341EB56-FBE9-4032-97C8-175A60342B07}", "القطاع": "القطاع الثاني", "Depth": 1.8499999999999943, "GL": 165.73, "IL": 163.88, "نوع_المطبق": "مربع", "dimention": "2 X 2 m", "Fault_statement": null}, "geometry": {"type": "Point", "coordinates": [31.561214583601778, 30.26652915026817, 224.9985000000015]}}, {"type": "Feature", "properties": {"ID": "MH-A-1-a-17", "Easting": "031° 34' 5.89\" E", "Northing": "30° 16' 5.19\" N", "الشركة_المنفذة": "عوض خليفة", "Start": "1/3/2022", "End": "3/2/2025", "GlobalID": "{3C7107D9-9E76-4FDF-B195-A7D58D67B0A8}", "القطاع": "القطاع الثاني", "Depth": 2.0800000000000125, "GL": 163.81, "IL": 161.73, "نوع_المطبق": "مربع", "dimention": "2 X 2 m", "Fault_statement": null}, "geometry": {"type": "Point", "coordinates": [31.569979422676845, 30.268275666656017, 124.99809999999707]}}, {"type": "Feature", "properties": {"ID": "MH-A-1-b-36", "Easting": "031° 33' 11.13\" E", "Northing": "30° 16' 2.72\" N", "الشركة_المنفذة": "عوض خليفة", "Start": "1/3/2022", "End": "3/2/2025", "GlobalID": "{B881A241-4BAA-42E5-88F2-1D4D5B698252}", "القطاع": "القطاع الثاني", "Depth": 1.759999999999991, "GL": 171.31, "IL": 169.55, "نوع_المطبق": "مربع", "dimention": "2 X 2 m", "Fault_statement": null}, "geometry": {"type": "Point", "coordinates": [31.55476945630879, 30.267587514030105, 0.0]}}, {"type": "Feature", "properties": {"ID": "MH-B-24-2-1", "Easting": "031° 33' 8.69\" E", "Northing": "30° 16' 23.77\" N", "الشركة_المنفذة": "التوحيد", "Start": "1/3/2022", "End": "3/2/2025", "GlobalID": "{B306A39A-E2DE-4A0D-9133-D229B353C1E8}", "القطاع": "القطاع الثالث", "Depth": 1.5900000000000034, "GL": 167.83, "IL": 166.24, "نوع_المطبق": "مربع", "dimention": "2 X 2 m", "Fault_statement": null}, "geometry": {"type": "Point", "coordinates": [31.55409073992611, 30.27343507403928, 124.99869999999646]}}, {"type": "Feature", "properties": {"ID": "MH-A-41-2-4a-2", "Easting": "031° 33' 28.3\" E", "Northing": "30° 16' 33.27\" N", "الشركة_المنفذة": "التوحيد", "Start": "1/3/2022", "End": "3/2/2025", "GlobalID": "{8196A366-8343-48F2-8CB0-8FCD0A1F13E6}", "القطاع": "القطاع الثالث", "Depth": 1.5, "GL": 175.73, "IL": 174.23, "نوع_المطبق": "مربع", "dimention": "2 X 2 m", "Fault_statement": null}, "geometry": {"type": "Point", "coordinates": [31.559538226538127, 30.276074023678813, 0.0]}}, {"type": "Feature", "properties": {"ID": "MH-A-41-2-4a-1", "Easting": "031° 33' 29.07\" E", "Northing": "30° 16' 32.53\" N", "الشركة_المنفذة": "التوحيد", "Start": "1/3/2022", "End": "3/2/2025", "GlobalID": "{FA4707B2-D056-4EC0-8E8C-2D761EAAF729}", "القطاع": "القطاع الثالث", "Depth": 1.5, "GL": 173.72, "IL": 172.22, "نوع_المطبق": "مربع", "dimention": "2 X 2 m", "Fault_statement": null}, "geometry": {"type": "Point", "coordinates": [31.559751021459544, 30.275870321724746, 0.0]}}, {"type": "Feature", "properties": {"ID": "MH-A-41-2-4a-1", "Easting": "031° 33' 27.35\" E", "Northing": "30° 16' 39.24\" N", "الشركة_المنفذة": "التوحيد", "Start": "1/3/2022", "End": "3/2/2025", "GlobalID": "{CE1E1300-1203-4212-9FC7-4E067EBC0099}", "القطاع": "القطاع الثالث", "Depth": 2.019999999999982, "GL": 178.29, "IL": 176.27, "نوع_المطبق": "مربع", "dimention": "2 X 2 m", "Fault_statement": null}, "geometry": {"type": "Point", "coordinates": [31.5592734056448, 30.277733008207885, 0.0]}}, {"type": "Feature", "properties": {"ID": "MH-A-5-10-22-4", "Easting": "031° 33' 25.7\" E", "Northing": "30° 16' 14.37\" N", "الشركة_المنفذة": "اولاد حجازي", "Start": "1/3/2022", "End": "3/2/2025", "GlobalID": "{3073245A-F895-4F42-8D75-48BE9D358B5B}", "القطاع": "القطاع الاول", "Depth": 1.5, "GL": 173.65, "IL": 172.15, "نوع_المطبق": "مربع", "dimention": "2 X 2 m", "Fault_statement": null}, "geometry": {"type": "Point", "coordinates": [31.55881532287973, 30.27082548377521, 0.0]}}, {"type": "Feature", "properties": {"ID": "MH-A-5-10-22-3", "Easting": "031° 33' 26.34\" E", "Northing": "30° 16' 13.17\" N", "الشركة_المنفذة": "اولاد حجازي", "Start": "1/3/2022", "End": "3/2/2025", "GlobalID": "{CBF1943F-6CF7-4604-8D4A-EFE62AD9E264}", "القطاع": "القطاع الاول", "Depth": 1.6399999999999864, "GL": 173.35, "IL": 171.71, "نوع_المطبق": "مربع", "dimention": "2 X 2 m", "Fault_statement": null}, "geometry": {"type": "Point", "coordinates": [31.558994906795313, 30.27049059222711, 0.0]}}, {"type": "Feature", "properties": {"ID": "MH-A-5-10-22-2", "Easting": "031° 33' 26.93\" E", "Northing": "30° 16' 12.0\" N", "الشركة_المنفذة": "اولاد حجازي", "Start": "1/3/2022", "End": "3/2/2025", "GlobalID": "{23D1BC85-B00A-4FA7-AA6D-8ACF33C65461}", "القطاع": "القطاع الاول", "Depth": 1.7800000000000011, "GL": 172.7, "IL": 170.92, "نوع_المطبق": "مربع", "dimention": "2 X 2 m", "Fault_statement": null}, "geometry": {"type": "Point", "coordinates": [31.55915672426238, 30.270165478562216, 0.0]}}, {"type": "Feature", "properties": {"ID": "MH-A-5-10-22-1", "Easting": "031° 33' 27.49\" E", "Northing": "30° 16' 10.87\" N", "الشركة_المنفذة": "اولاد حجازي", "Start": "1/3/2022", "End": "3/2/2025", "GlobalID": "{9885E4ED-5171-49BF-AF4D-3DA538D8A078}", "القطاع": "القطاع الاول", "Depth": 1.9699999999999989, "GL": 171.95, "IL": 169.98, "نوع_المطبق": "مربع", "dimention": "2 X 2 m", "Fault_statement": null}, "geometry": {"type": "Point", "coordinates": [31.55931272067226, 30.26985131327262, 0.0]}}, {"type": "Feature", "properties": {"ID": "MH-A-5-10-22", "Easting": "031° 33' 27.87\" E", "Northing": "30° 16' 10.09\" N", "الشركة_المنفذة": "اولاد حجازي", "Start": "1/3/2022", "End": "3/2/2025", "GlobalID": "{DBE9903B-B739-46CF-A89F-805F220742D7}", "القطاع": "القطاع الاول", "Depth": 1.7800000000000011, "GL": 171.22, "IL": 169.44, "نوع_المطبق": "مربع", "dimention": "2 X 2 m", "Fault_statement": null}, "geometry": {"type": "Point", "coordinates": [31.559419165087004, 30.26963642348289, 0.0]}}, {"type": "Feature", "properties": {"ID": "MH-A-5-10-21", "Easting": "031° 33' 28.22\" E", "Northing": "30° 16' 9.33\" N", "الشركة_المنفذة": "اولاد حجازي", "Start": "1/3/2022", "End": "3/2/2025", "GlobalID": "{3B5B452A-6F3E-4FDE-AE34-AC333ABF750E}", "القطاع": "القطاع الاول", "Depth": 1.7399999999999807, "GL": 170.7, "IL": 168.96, "نوع_المطبق": "مربع", "dimention": "2 X 2 m", "Fault_statement": null}, "geometry": {"type": "Point", "coordinates": [31.55951497329818, 30.26942476139175, 0.0]}}, {"type": "Feature", "properties": {"ID": "MH-A-5-10-20", "Easting": "031° 33' 28.52\" E", "Northing": "30° 16' 8.65\" N", "الشركة_المنفذة": "اولاد حجازي", "Start": "1/3/2022", "End": "3/2/2025", "GlobalID": "{5EAAD512-9C1C-4D8D-94D9-D13FAFFF76D7}", "القطاع": "القطاع الاول", "Depth": 1.6999999999999886, "GL": 170.22, "IL": 168.52, "نوع_المطبق": "مربع", "dimention": "2 X 2 m", "Fault_statement": null}, "geometry": {"type": "Point", "coordinates": [31.55959991220587, 30.269235709344642, 0.0]}}, {"type": "Feature", "properties": {"ID": "MH-A-5-10-19", "Easting": "031° 33' 29.05\" E", "Northing": "30° 16' 7.44\" N", "الشركة_المنفذة": "اولاد حجازي", "Start": "1/3/2022", "End": "3/2/2025", "GlobalID": "{42551103-1D82-477C-B979-F7C801D7CBEE}", "القطاع": "القطاع الاول", "Depth": 1.6299999999999955, "GL": 169.39, "IL": 167.76, "نوع_المطبق": "مربع", "dimention": "2 X 2 m", "Fault_statement": null}, "geometry": {"type": "Point", "coordinates": [31.559745572134187, 30.26889957232267, 0.0]}}, {"type": "Feature", "properties": {"ID": "MH-A-5-10-18", "Easting": "031° 33' 29.59\" E", "Northing": "30° 16' 6.23\" N", "الشركة_المنفذة": "اولاد حجازي", "Start": "1/3/2022", "End": "3/2/2025", "GlobalID": "{0C065B9B-96CA-4088-9AED-C4672DD19143}", "القطاع": "القطاع الاول", "Depth": 1.5600000000000023, "GL": 168.55, "IL": 166.99, "نوع_المطبق": "مربع", "dimention": "2 X 2 m", "Fault_statement": null}, "geometry": {"type": "Point", "coordinates": [31.559897628137872, 30.268564116832515, 0.0]}}, {"type": "Feature", "properties": {"ID": "MH-A-5-10-17", "Easting": "031° 33' 30.35\" E", "Northing": "30° 16' 5.54\" N", "الشركة_المنفذة": "اولاد حجازي", "Start": "1/3/2022", "End": "3/2/2025", "GlobalID": "{5B93A08D-2559-4A3E-A016-9F72336FAC37}", "القطاع": "القطاع الاول", "Depth": 1.549999999999983, "GL": 167.92, "IL": 166.37, "نوع_المطبق": "مربع", "dimention": "2 X 2 m", "Fault_statement": null}, "geometry": {"type": "Point", "coordinates": [31.560108619848457, 30.268370842322657, 0.0]}}, {"type": "Feature", "properties": {"ID": "MH-A-5-10-16", "Easting": "031° 33' 31.27\" E", "Northing": "30° 16' 5.24\" N", "الشركة_المنفذة": "اولاد حجازي", "Start": "1/3/2022", "End": "3/2/2025", "GlobalID": "{C306C7CF-22E2-4441-9744-319459D7B7F6}", "القطاع": "القطاع الاول", "Depth": 1.539999999999992, "GL": 167.37, "IL": 165.83, "نوع_المطبق": "مربع", "dimention": "2 X 2 m", "Fault_statement": null}, "geometry": {"type": "Point", "coordinates": [31.560362523450387, 30.268289717555557, 0.0]}}, {"type": "Feature", "properties": {"ID": "MH-A-5-10-15", "Easting": "031° 33' 32.24\" E", "Northing": "30° 16' 5.31\" N", "الشركة_المنفذة": "اولاد حجازي", "Start": "1/3/2022", "End": "3/2/2025", "GlobalID": "{94643A86-EFAD-4731-A0A6-8B26232D3B97}", "القطاع": "القطاع الاول", "Depth": 1.5, "GL": 165.51, "IL": 164.01, "نوع_المطبق": "مربع", "dimention": "2 X 2 m", "Fault_statement": null}, "geometry": {"type": "Point", "coordinates": [31.560631853423015, 30.268307298432283, 0.0]}}, {"type": "Feature", "properties": {"ID": "MH-A-5-10-14", "Easting": "031° 33' 33.45\" E", "Northing": "30° 16' 5.73\" N", "الشركة_المنفذة": "اولاد حجازي", "Start": "1/3/2022", "End": "3/2/2025", "GlobalID": "{12E468A5-4362-4EAE-8036-F70A6CC6044C}", "القطاع": "القطاع الاول", "Depth": 1.539999999999992, "GL": 166.09, "IL": 164.55, "نوع_المطبق": "مربع", "dimention": "2 X 2 m", "Fault_statement": null}, "geometry": {"type": "Point", "coordinates": [31.56096947379413, 30.268424861561524, 0.0]}}, {"type": "Feature", "properties": {"ID": "MH-A-5-10-13", "Easting": "031° 33' 34.35\" E", "Northing": "30° 16' 6.04\" N", "الشركة_المنفذة": "اولاد حجازي", "Start": "1/3/2022", "End": "3/2/2025", "GlobalID": "{156AD84C-FAF2-4DA2-85CA-D07BB392F9CB}", "القطاع": "القطاع الاول", "Depth": 1.6599999999999966, "GL": 165.54, "IL": 163.88, "نوع_المطبق": "مربع", "dimention": "2 X 2 m", "Fault_statement": null}, "geometry": {"type": "Point", "coordinates": [31.561219654836314, 30.26851179472828, 0.0]}}, {"type": "Feature", "properties": {"ID": "MH-A-5-10-12", "Easting": "031° 33' 35.62\" E", "Northing": "30° 16' 6.53\" N", "الشركة_المنفذة": "اولاد حجازي", "Start": "1/3/2022", "End": "3/2/2025", "GlobalID": "{33A0BB6F-2F03-45D6-8273-222857C29771}", "القطاع": "القطاع الاول", "Depth": 1.6000000000000227, "GL": 164.77, "IL": 163.17, "نوع_المطبق": "مربع", "dimention": "2 X 2 m", "Fault_statement": null}, "geometry": {"type": "Point", "coordinates": [31.56157270038044, 30.268645797693807, 0.0]}}, {"type": "Feature", "properties": {"ID": "MH-A-5-10-11", "Easting": "031° 33' 36.82\" E", "Northing": "30° 16' 7.0\" N", "الشركة_المنفذة": "اولاد حجازي", "Start": "1/3/2022", "End": "3/2/2025", "GlobalID": "{1FF0C6F2-DC3F-478B-9731-39A5812FB8BC}", "القطاع": "القطاع الاول", "Depth": 1.5900000000000034, "GL": 164.09, "IL": 162.5, "نوع_المطبق": "مربع", "dimention": "2 X 2 m", "Fault_statement": null}, "geometry": {"type": "Point", "coordinates": [31.56190399305216, 30.268777406859574, 0.0]}}, {"type": "Feature", "properties": {"ID": "MH-A-5-10-10", "Easting": "031° 33' 37.9\" E", "Northing": "30° 16' 7.46\" N", "الشركة_المنفذة": "اولاد حجازي", "Start": "1/3/2022", "End": "3/2/2025", "GlobalID": "{DD4CC0AC-289B-4725-A227-71B89322C8D6}", "القطاع": "القطاع الاول", "Depth": 1.7199999999999989, "GL": 163.55, "IL": 161.83, "نوع_المطبق": "مربع", "dimention": "2 X 2 m", "Fault_statement": null}, "geometry": {"type": "Point", "coordinates": [31.56220370900934, 30.26890642275493, 0.0]}}, {"type": "Feature", "properties": {"ID": "MH-A-5-10-9", "Easting": "031° 33' 39.16\" E", "Northing": "30° 16' 8.01\" N", "الشركة_المنفذة": "اولاد حجازي", "Start": "1/3/2022", "End": "3/2/2025", "GlobalID": "{A38552AF-CDE6-404F-9AE3-F623A54D306C}", "القطاع": "القطاع الاول", "Depth": 1.759999999999991, "GL": 163.13, "IL": 161.37, "نوع_المطبق": "مربع", "dimention": "2 X 2 m", "Fault_statement": null}, "geometry": {"type": "Point", "coordinates": [31.56255383056635, 30.269058992433017, 0.0]}}, {"type": "Feature", "properties": {"ID": "MH-A-5-10-8", "Easting": "031° 33' 40.29\" E", "Northing": "30° 16' 8.52\" N", "الشركة_المنفذة": "اولاد حجازي", "Start": "1/3/2022", "End": "3/2/2025", "GlobalID": "{900D5225-A63C-456C-A88F-947421854D2F}", "القطاع": "القطاع الاول", "Depth": 2.049999999999983, "GL": 162.85, "IL": 160.8, "نوع_المطبق": "مربع", "dimention": "2 X 2 m", "Fault_statement": null}, "geometry": {"type": "Point", "coordinates": [31.562870087295707, 30.269199507257845, 0.0]}}, {"type": "Feature", "properties": {"ID": "MH-A-5-10-7", "Easting": "031° 33' 40.87\" E", "Northing": "30° 16' 8.79\" N", "الشركة_المنفذة": "اولاد حجازي", "Start": "1/3/2022", "End": "3/2/2025", "GlobalID": "{B16E6884-7AE5-45AC-A11D-B1059B81E3A0}", "القطاع": "القطاع الاول", "Depth": 1.9699999999999989, "GL": 162.75, "IL": 160.78, "نوع_المطبق": "مربع", "dimention": "2 X 2 m", "Fault_statement": null}, "geometry": {"type": "Point", "coordinates": [31.56302953194285, 30.26927474252348, 0.0]}}, {"type": "Feature", "properties": {"ID": "MH-A-5-10-6", "Easting": "031° 33' 41.44\" E", "Northing": "30° 16' 9.09\" N", "الشركة_المنفذة": "اولاد حجازي", "Start": "1/3/2022", "End": "3/2/2025", "GlobalID": "{1D1A5DA9-AAB9-4EB8-8693-6093D67C95A4}", "القطاع": "القطاع الاول", "Depth": 1.8300000000000125, "GL": 162.58, "IL": 160.75, "نوع_المطبق": "مربع", "dimention": "2 X 2 m", "Fault_statement": null}, "geometry": {"type": "Point", "coordinates": [31.563187658936474, 30.26935760552371, 0.0]}}, {"type": "Feature", "properties": {"ID": "MH-A-5-10-7-1", "Easting": "031° 33' 40.4\" E", "Northing": "30° 16' 9.59\" N", "الشركة_المنفذة": "اولاد حجازي", "Start": "1/3/2022", "End": "3/2/2025", "GlobalID": "{391E7566-15DF-4759-97E1-F828CB7B4847}", "القطاع": "القطاع الاول", "Depth": 1.5, "GL": 163.02, "IL": 161.52, "نوع_المطبق": "مربع", "dimention": "2 X 2 m", "Fault_statement": null}, "geometry": {"type": "Point", "coordinates": [31.562899275127418, 30.269496964573012, 0.0]}}, {"type": "Feature", "properties": {"ID": "MH-A-5-10-5", "Easting": "031° 33' 42.85\" E", "Northing": "30° 16' 9.82\" N", "الشركة_المنفذة": "اولاد حجازي", "Start": "1/3/2022", "End": "3/2/2025", "GlobalID": "{6E28B347-3404-4478-B990-4B55DB4411DC}", "القطاع": "القطاع الاول", "Depth": 1.6999999999999886, "GL": 162.39, "IL": 160.69, "نوع_المطبق": "مربع", "dimention": "2 X 2 m", "Fault_statement": null}, "geometry": {"type": "Point", "coordinates": [31.56357947627045, 30.26956144957437, 0.0]}}, {"type": "Feature", "properties": {"ID": "MH-A-5-10-4", "Easting": "031° 33' 44.44\" E", "Northing": "30° 16' 10.7\" N", "الشركة_المنفذة": "اولاد حجازي", "Start": "1/3/2022", "End": "3/2/2025", "GlobalID": "{6438EB6A-E66E-46A9-9130-C3ADD6E49168}", "القطاع": "القطاع الاول", "Depth": 1.829999999999984, "GL": 162.19, "IL": 160.36, "نوع_المطبق": "مربع", "dimention": "2 X 2 m", "Fault_statement": null}, "geometry": {"type": "Point", "coordinates": [31.5640207485267, 30.26980517922706, 0.0]}}, {"type": "Feature", "properties": {"ID": "MH-A-5-10-3", "Easting": "031° 33' 45.62\" E", "Northing": "30° 16' 11.4\" N", "الشركة_المنفذة": "اولاد حجازي", "Start": "1/3/2022", "End": "3/2/2025", "GlobalID": "{E226983E-7973-470A-86A6-C077F8A90D77}", "القطاع": "القطاع الاول", "Depth": 1.799999999999983, "GL": 162.01, "IL": 160.21, "نوع_المطبق": "مربع", "dimention": "2 X 2 m", "Fault_statement": null}, "geometry": {"type": "Point", "coordinates": [31.564348390108613, 30.26999826310641, 0.0]}}, {"type": "Feature", "properties": {"ID": "MH-A-5-10-2", "Easting": "031° 33' 46.81\" E", "Northing": "30° 16' 12.18\" N", "الشركة_المنفذة": "اولاد حجازي", "Start": "1/3/2022", "End": "3/2/2025", "GlobalID": "{5C1C1091-51DE-47BB-8B00-DEBFEF8D0E3F}", "القطاع": "القطاع الاول", "Depth": 1.759999999999991, "GL": 161.81, "IL": 160.05, "نوع_المطبق": "مربع", "dimention": "2 X 2 m", "Fault_statement": null}, "geometry": {"type": "Point", "coordinates": [31.56467992083696, 30.270215920927047, 0.0]}}, {"type": "Feature", "properties": {"ID": "MH-A-5-10-1", "Easting": "031° 33' 47.53\" E", "Northing": "30° 16' 12.66\" N", "الشركة_المنفذة": "اولاد حجازي", "Start": "1/3/2022", "End": "3/2/2025", "GlobalID": "{56403205-B107-436A-B2AB-EADE0DD203FC}", "القطاع": "القطاع الاول", "Depth": 1.75, "GL": 161.65, "IL": 159.9, "نوع_المطبق": "مربع", "dimention": "2 X 2 m", "Fault_statement": null}, "geometry": {"type": "Point", "coordinates": [31.56487970778374, 30.270350197578725, 0.0]}}, {"type": "Feature", "properties": {"ID": "MH-A-5-11", "Easting": "031° 33' 50.01\" E", "Northing": "30° 16' 14.45\" N", "الشركة_المنفذة": "اولاد حجازي", "Start": "1/3/2022", "End": "3/2/2025", "GlobalID": "{CED5E188-0DB8-4388-B5A9-3206F9BB3282}", "القطاع": "القطاع الاول", "Depth": 2.3499999999999943, "GL": 162.39, "IL": 160.04, "نوع_المطبق": "مربع", "dimention": "2 X 2 m", "Fault_statement": null}, "geometry": {"type": "Point", "coordinates": [31.565567626017774, 30.270846257900917, 0.0]}}, {"type": "Feature", "properties": {"ID": "MH-A-5-12", "Easting": "031° 33' 48.93\" E", "Northing": "30° 16' 15.41\" N", "الشركة_المنفذة": "اولاد حجازي", "Start": "1/3/2022", "End": "3/2/2025", "GlobalID": "{3459A4D2-E62A-4368-A2A0-9EE212065031}", "القطاع": "القطاع الاول", "Depth": 2.4499999999999886, "GL": 162.56, "IL": 160.11, "نوع_المطبق": "دائري", "dimention": "1.2 m", "Fault_statement": null}, "geometry": {"type": "Point", "coordinates": [31.56526782921305, 30.2711129028359, 0.0]}}, {"type": "Feature", "properties": {"ID": "MH-A-5-11-a", "Easting": "031° 33' 51.2\" E", "Northing": "30° 16' 15.42\" N", "الشركة_المنفذة": "اولاد حجازي", "Start": "1/3/2022", "End": "3/2/2025", "GlobalID": "{B4BA7DF0-5911-4D74-B6D8-E4893CA46494}", "القطاع": "القطاع الاول", "Depth": 1.6999999999999886, "GL": 163.48, "IL": 161.78, "نوع_المطبق": "مربع", "dimention": "2 X 2 m", "Fault_statement": null}, "geometry": {"type": "Point", "coordinates": [31.565900474135635, 30.271116959676572, 0.0]}}, {"type": "Feature", "properties": {"ID": "MH-A-5-11-a-2", "Easting": "031° 33' 52.95\" E", "Northing": "30° 16' 16.95\" N", "الشركة_المنفذة": "اولاد حجازي", "Start": "1/3/2022", "End": "3/2/2025", "GlobalID": "{A8ADB30F-C38B-49FD-99BB-43B75771C946}", "القطاع": "القطاع الاول", "Depth": 1.8300000000000125, "GL": 168.58, "IL": 166.75, "نوع_المطبق": "مربع", "dimention": "2 X 2 m", "Fault_statement": null}, "geometry": {"type": "Point", "coordinates": [31.566384391245283, 30.27154120539048, 0.0]}}, {"type": "Feature", "properties": {"ID": "MH-A-5-11-a-2-1", "Easting": "031° 33' 53.26\" E", "Northing": "30° 16' 16.69\" N", "الشركة_المنفذة": "عوض خليفة", "Start": "1/3/2022", "End": "3/2/2025", "GlobalID": "{4F4C3D24-071F-4B78-88B3-4A73DBC1BEB6}", "القطاع": "القطاع الثاني", "Depth": 1.8400000000000034, "GL": 165.46, "IL": 163.62, "نوع_المطبق": "مربع", "dimention": "2 X 2 m", "Fault_statement": null}, "geometry": {"type": "Point", "coordinates": [31.566470503334376, 30.271470143914723, 0.0]}}, {"type": "Feature", "properties": {"ID": "MH-A-5-11-a-2-2", "Easting": "031° 33' 54.06\" E", "Northing": "30° 16' 16.01\" N", "الشركة_المنفذة": "عوض خليفة", "Start": "1/3/2022", "End": "3/2/2025", "GlobalID": "{1CE6F07C-ED02-4700-AC6B-B2CA84DAF5C9}", "القطاع": "القطاع الثاني", "Depth": 1.5, "GL": 165.32, "IL": 163.82, "نوع_المطبق": "مربع", "dimention": "2 X 2 m", "Fault_statement": null}, "geometry": {"type": "Point", "coordinates": [31.56669367903177, 30.271279158836425, 0.0]}}, {"type": "Feature", "properties": {"ID": "MH-A-5-11-a-2-3", "Easting": "031° 33' 54.83\" E", "Northing": "30° 16' 15.33\" N", "الشركة_المنفذة": "عوض خليفة", "Start": "1/3/2022", "End": "3/2/2025", "GlobalID": "{42DDC760-DF22-458E-BBBD-B73AA3284436}", "القطاع": "القطاع الثاني", "Depth": 1.5, "GL": 165.32, "IL": 163.82, "نوع_المطبق": "مربع", "dimention": "2 X 2 m", "Fault_statement": null}, "geometry": {"type": "Point", "coordinates": [31.56690793182057, 30.271092296404465, 0.0]}}, {"type": "Feature", "properties": {"ID": "MH-A-5-11-a-3", "Easting": "031° 33' 54.24\" E", "Northing": "30° 16' 18.14\" N", "الشركة_المنفذة": "اولاد حجازي", "Start": "1/3/2022", "End": "3/2/2025", "GlobalID": "{A86074BC-109C-4F13-8040-78C4A7DC17FB}", "القطاع": "القطاع الاول", "Depth": 1.700000000000017, "GL": 164.62, "IL": 162.92, "نوع_المطبق": "مربع", "dimention": "2 X 2 m", "Fault_statement": null}, "geometry": {"type": "Point", "coordinates": [31.56674242819425, 30.271871035178176, 0.0]}}, {"type": "Feature", "properties": {"ID": "MH-A-5-11-a-4", "Easting": "031° 33' 55.35\" E", "Northing": "30° 16' 19.2\" N", "الشركة_المنفذة": "اولاد حجازي", "Start": "1/3/2022", "End": "3/2/2025", "GlobalID": "{40771128-C388-4B3D-8420-4C6C06F6CF66}", "القطاع": "القطاع الاول", "Depth": 2.4399999999999977, "GL": 167.31, "IL": 164.87, "نوع_المطبق": "مربع", "dimention": "2 X 2 m", "Fault_statement": null}, "geometry": {"type": "Point", "coordinates": [31.567052653360083, 30.27216724225591, 0.0]}}, {"type": "Feature", "properties": {"ID": "MH-A-5-11-a-5", "Easting": "031° 33' 56.23\" E", "Northing": "30° 16' 20.06\" N", "الشركة_المنفذة": "اولاد حجازي", "Start": "1/3/2022", "End": "3/2/2025", "GlobalID": "{F3E85172-5B1A-4237-8EEE-0423269A5800}", "القطاع": "القطاع الاول", "Depth": 2.630000000000024, "GL": 167.55, "IL": 164.92, "نوع_المطبق": "مربع", "dimention": "2 X 2 m", "Fault_statement": null}, "geometry": {"type": "Point", "coordinates": [31.567297797942654, 30.272406123810875, 0.0]}}, {"type": "Feature", "properties": {"ID": "MH-A-5-11-a-6", "Easting": "031° 33' 57.21\" E", "Northing": "30° 16' 21.05\" N", "الشركة_المنفذة": "اولاد حجازي", "Start": "1/3/2022", "End": "3/2/2025", "GlobalID": "{693B433B-61A4-476E-8362-2E972424E4EB}", "القطاع": "القطاع الاول", "Depth": 2.450000000000017, "GL": 167.43, "IL": 164.98, "نوع_المطبق": "مربع", "dimention": "2 X 2 m", "Fault_statement": null}, "geometry": {"type": "Point", "coordinates": [31.56756781699616, 30.27268045218027, 0.0]}}, {"type": "Feature", "properties": {"ID": "MH-A-5-11-a-7", "Easting": "031° 33' 58.2\" E", "Northing": "30° 16' 22.02\" N", "الشركة_المنفذة": "اولاد حجازي", "Start": "1/3/2022", "End": "3/2/2025", "GlobalID": "{371DD02B-DEF4-4ED8-8053-1978C82DE392}", "القطاع": "القطاع الاول", "Depth": 2.1899999999999977, "GL": 167.23, "IL": 165.04, "نوع_المطبق": "مربع", "dimention": "2 X 2 m", "Fault_statement": null}, "geometry": {"type": "Point", "coordinates": [31.567843288685065, 30.272950666494456, 0.0]}}, {"type": "Feature", "properties": {"ID": "MH-A-5-11-a-8", "Easting": "031° 33' 59.19\" E", "Northing": "30° 16' 23.01\" N", "الشركة_المنفذة": "اولاد حجازي", "Start": "1/3/2022", "End": "3/2/2025", "GlobalID": "{85E7ACF0-5DCE-4471-80B5-56891C17DB8E}", "القطاع": "القطاع الاول", "Depth": 1.9399999999999977, "GL": 167.03, "IL": 165.09, "نوع_المطبق": "مربع", "dimention": "2 X 2 m", "Fault_statement": null}, "geometry": {"type": "Point", "coordinates": [31.568119534584255, 30.27322476826602, 0.0]}}, {"type": "Feature", "properties": {"ID": "MH-A-5-11-a-8-a", "Easting": "031° 34' 0.19\" E", "Northing": "30° 16' 23.96\" N", "الشركة_المنفذة": "اولاد حجازي", "Start": "1/3/2022", "End": "3/2/2025", "GlobalID": "{9347EB18-2039-407A-A57C-56246719558D}", "القطاع": "القطاع الاول", "Depth": 1.6500000000000057, "GL": 167.0, "IL": 165.35, "نوع_المطبق": "مربع", "dimention": "2 X 2 m", "Fault_statement": null}, "geometry": {"type": "Point", "coordinates": [31.568397296051575, 30.27348818266971, 0.0]}}, {"type": "Feature", "properties": {"ID": "MH-A-5-11-a-8-b", "Easting": "031° 34' 0.77\" E", "Northing": "30° 16' 24.54\" N", "الشركة_المنفذة": "اولاد حجازي", "Start": "1/3/2022", "End": "3/2/2025", "GlobalID": "{E86F5ABD-0907-43AA-8594-2E460E1D680B}", "القطاع": "القطاع الاول", "Depth": 1.6500000000000057, "GL": 167.0, "IL": 165.35, "نوع_المطبق": "مربع", "dimention": "2 X 2 m", "Fault_statement": null}, "geometry": {"type": "Point", "coordinates": [31.568557826968163, 30.273649473902527, 0.0]}}, {"type": "Feature", "properties": {"ID": "MH-A-5-11-a-8-b-b1", "Easting": "031° 34' 1.16\" E", "Northing": "30° 16' 24.24\" N", "الشركة_المنفذة": "عوض خليفة", "Start": "1/3/2022", "End": "3/2/2025", "GlobalID": "{5E56727F-0046-456B-9DCC-ECA78771A891}", "القطاع": "القطاع الثاني", "Depth": 1.660000000000025, "GL": 167.55, "IL": 165.89, "نوع_المطبق": "مربع", "dimention": "2 X 2 m", "Fault_statement": null}, "geometry": {"type": "Point", "coordinates": [31.568665040295457, 30.27356558086356, 0.0]}}, {"type": "Feature", "properties": {"ID": "MH-A-5-11-a-8-b-b3", "Easting": "031° 34' 2.66\" E", "Northing": "30° 16' 23.1\" N", "الشركة_المنفذة": "عوض خليفة", "Start": "1/3/2022", "End": "3/2/2025", "GlobalID": "{F61BAFBD-88B2-4C30-AE64-C9FA78FD111A}", "القطاع": "القطاع الثاني", "Depth": 1.5, "GL": 169.0, "IL": 167.5, "نوع_المطبق": "مربع", "dimention": "2 X 2 m", "Fault_statement": null}, "geometry": {"type": "Point", "coordinates": [31.56908375417815, 30.273250089822714, 0.0]}}, {"type": "Feature", "properties": {"ID": "MH-A-5-11-a-8-b-a1", "Easting": "031° 34' 1.18\" E", "Northing": "30° 16' 24.94\" N", "الشركة_المنفذة": "اولاد حجازي", "Start": "1/3/2022", "End": "3/2/2025", "GlobalID": "{ED4C8F85-6632-4389-B5DC-811D4CDA4415}", "القطاع": "القطاع الاول", "Depth": 1.8199999999999932, "GL": 167.35, "IL": 165.53, "نوع_المطبق": "مربع", "dimention": "2 X 2 m", "Fault_statement": null}, "geometry": {"type": "Point", "coordinates": [31.56867064181795, 30.273760565681663, 0.0]}}, {"type": "Feature", "properties": {"ID": "MH-A-5-11-a-8-b-a2", "Easting": "031° 34' 2.16\" E", "Northing": "30° 16' 25.92\" N", "الشركة_المنفذة": "اولاد حجازي", "Start": "1/3/2022", "End": "3/2/2025", "GlobalID": "{6B2EA0D5-99A9-41F9-B24D-C2A684E242C5}", "القطاع": "القطاع الاول", "Depth": 1.5299999999999727, "GL": 168.14, "IL": 166.61, "نوع_المطبق": "مربع", "dimention": "2 X 2 m", "Fault_statement": null}, "geometry": {"type": "Point", "coordinates": [31.568943768675762, 30.274032570190563, 0.0]}}, {"type": "Feature", "properties": {"ID": "MH-A-5-11-a-8-b-a3", "Easting": "031° 34' 3.28\" E", "Northing": "30° 16' 27.02\" N", "الشركة_المنفذة": "اولاد حجازي", "Start": "1/3/2022", "End": "3/2/2025", "GlobalID": "{EDBAF4A7-96B8-4E7A-8105-BBA8DF4FACA0}", "القطاع": "القطاع الاول", "Depth": 1.6099999999999852, "GL": 169.04, "IL": 167.43, "نوع_المطبق": "مربع", "dimention": "2 X 2 m", "Fault_statement": null}, "geometry": {"type": "Point", "coordinates": [31.569254027404693, 30.27433839830003, 0.0]}}, {"type": "Feature", "properties": {"ID": "MH-A-5-11-a-8-b-a4", "Easting": "031° 34' 3.73\" E", "Northing": "30° 16' 26.68\" N", "الشركة_المنفذة": "عوض خليفة", "Start": "1/3/2022", "End": "3/2/2025", "GlobalID": "{15D1BB68-9BAE-4570-931C-63AA3788BEDA}", "القطاع": "القطاع الثاني", "Depth": 1.6200000000000045, "GL": 169.18, "IL": 167.56, "نوع_المطبق": "مربع", "dimention": "2 X 2 m", "Fault_statement": null}, "geometry": {"type": "Point", "coordinates": [31.56937915510274, 30.27424394157, 0.0]}}, {"type": "Feature", "properties": {"ID": "MH-A-5-11-a-8-b-a5", "Easting": "031° 34' 4.51\" E", "Northing": "30° 16' 26.07\" N", "الشركة_المنفذة": "عوض خليفة", "Start": "1/3/2022", "End": "3/2/2025", "GlobalID": "{2B93424D-B4FE-4B9A-9D01-045705503EF8}", "القطاع": "القطاع الثاني", "Depth": 1.5, "GL": 169.28, "IL": 167.78, "نوع_المطبق": "مربع", "dimention": "2 X 2 m", "Fault_statement": null}, "geometry": {"type": "Point", "coordinates": [31.56959796108135, 30.274073665260214, 0.0]}}, {"type": "Feature", "properties": {"ID": "MH-A-5-11-a-8-b-a6", "Easting": "031° 34' 5.19\" E", "Northing": "30° 16' 25.54\" N", "الشركة_المنفذة": "عوض خليفة", "Start": "1/3/2022", "End": "3/2/2025", "GlobalID": "{D1234F9D-71CA-423C-8D71-E76DE560AA22}", "القطاع": "القطاع الثاني", "Depth": 1.6099999999999852, "GL": 169.6, "IL": 167.99, "نوع_المطبق": "مربع", "dimention": "2 X 2 m", "Fault_statement": null}, "geometry": {"type": "Point", "coordinates": [31.569784994679615, 30.27392728645281, 0.0]}}, {"type": "Feature", "properties": {"ID": "MH-A-5-10-7-13", "Easting": "031° 33' 32.34\" E", "Northing": "30° 16' 19.35\" N", "الشركة_المنفذة": "اولاد حجازي", "Start": "1/3/2022", "End": "3/2/2025", "GlobalID": "{3CAED508-E36C-478D-8F4A-2688098546FC}", "القطاع": "القطاع الاول", "Depth": 1.9699999999999989, "GL": 171.1, "IL": 169.13, "نوع_المطبق": "مربع", "dimention": "2 X 2 m", "Fault_statement": null}, "geometry": {"type": "Point", "coordinates": [31.560660036101925, 30.27220806658127, 0.0]}}, {"type": "Feature", "properties": {"ID": "MH-A-5-10-7-11", "Easting": "031° 33' 30.99\" E", "Northing": "30° 16' 18.27\" N", "الشركة_المنفذة": "اولاد حجازي", "Start": "1/3/2022", "End": "3/2/2025", "GlobalID": "{A4176170-3F09-47B5-8D01-BE9909F9982A}", "القطاع": "القطاع الاول", "Depth": 2.569999999999993, "GL": 171.06, "IL": 168.49, "نوع_المطبق": "مربع", "dimention": "2 X 2 m", "Fault_statement": null}, "geometry": {"type": "Point", "coordinates": [31.560286617806533, 30.27190796839273, 0.0]}}, {"type": "Feature", "properties": {"ID": "MH-A-5-10-7-10", "Easting": "031° 33' 32.01\" E", "Northing": "30° 16' 17.26\" N", "الشركة_المنفذة": "اولاد حجازي", "Start": "1/3/2022", "End": "3/2/2025", "GlobalID": "{269CFCFB-A7EA-4CA4-AC21-9324B3575F93}", "القطاع": "القطاع الاول", "Depth": 2.4499999999999886, "GL": 170.81, "IL": 168.36, "نوع_المطبق": "مربع", "dimention": "2 X 2 m", "Fault_statement": null}, "geometry": {"type": "Point", "coordinates": [31.560569137506555, 30.271628105265957, 0.0]}}, {"type": "Feature", "properties": {"ID": "MH-A-5-10-7-9", "Easting": "031° 33' 33.0\" E", "Northing": "30° 16' 16.31\" N", "الشركة_المنفذة": "اولاد حجازي", "Start": "1/3/2022", "End": "3/2/2025", "GlobalID": "{1FB586B9-7469-43F7-857A-2E2047FFE2FC}", "القطاع": "القطاع الاول", "Depth": 2.3400000000000034, "GL": 170.57, "IL": 168.23, "نوع_المطبق": "مربع", "dimention": "2 X 2 m", "Fault_statement": null}, "geometry": {"type": "Point", "coordinates": [31.560844959334883, 30.271363718581295, 0.0]}}, {"type": "Feature", "properties": {"ID": "MH-A-5-10-7-8", "Easting": "031° 33' 33.83\" E", "Northing": "30° 16' 15.52\" N", "الشركة_المنفذة": "اولاد حجازي", "Start": "1/3/2022", "End": "3/2/2025", "GlobalID": "{50BAC222-AEA5-49A4-AEBF-F83D4898E6CF}", "القطاع": "القطاع الاول", "Depth": 2.2299999999999898, "GL": 170.35, "IL": 168.12, "نوع_المطبق": "مربع", "dimention": "2 X 2 m", "Fault_statement": null}, "geometry": {"type": "Point", "coordinates": [31.561075596480702, 30.271142977900887, 0.0]}}, {"type": "Feature", "properties": {"ID": "MH-A-5-10-7-8-1", "Easting": "031° 33' 34.5\" E", "Northing": "30° 16' 16.06\" N", "الشركة_المنفذة": "اولاد حجازي", "Start": "1/3/2022", "End": "3/2/2025", "GlobalID": "{61583412-B69B-4818-9EE9-7017243D938B}", "القطاع": "القطاع الاول", "Depth": 1.8700000000000045, "GL": 170.07, "IL": 168.2, "نوع_المطبق": "مربع", "dimention": "2 X 2 m", "Fault_statement": null}, "geometry": {"type": "Point", "coordinates": [31.561259540472733, 30.271294084231528, 0.0]}}, {"type": "Feature", "properties": {"ID": "MH-A-5-10-7-8-2", "Easting": "031° 33' 35.32\" E", "Northing": "30° 16' 16.69\" N", "الشركة_المنفذة": "اولاد حجازي", "Start": "1/3/2022", "End": "3/2/2025", "GlobalID": "{BA63DD7C-1613-421B-88BB-A0E50164C2FC}", "القطاع": "القطاع الاول", "Depth": 1.5199999999999818, "GL": 169.82, "IL": 168.3, "نوع_المطبق": "مربع", "dimention": "2 X 2 m", "Fault_statement": null}, "geometry": {"type": "Point", "coordinates": [31.561489432681824, 30.271469503924475, 0.0]}}, {"type": "Feature", "properties": {"ID": "MH-A-5-10-7-7", "Easting": "031° 33' 34.83\" E", "Northing": "30° 16' 14.54\" N", "الشركة_المنفذة": "اولاد حجازي", "Start": "1/3/2022", "End": "3/2/2025", "GlobalID": "{BCD5AC31-B777-4A6D-8782-C2F057BFFD43}", "القطاع": "القطاع الاول", "Depth": 1.759999999999991, "GL": 169.75, "IL": 167.99, "نوع_المطبق": "مربع", "dimention": "2 X 2 m", "Fault_statement": null}, "geometry": {"type": "Point", "coordinates": [31.561352354968125, 30.270871622362666, 0.0]}}, {"type": "Feature", "properties": {"ID": "MH-A-5-10-7-6", "Easting": "031° 33' 35.84\" E", "Northing": "30° 16' 13.58\" N", "الشركة_المنفذة": "اولاد حجازي", "Start": "1/3/2022", "End": "3/2/2025", "GlobalID": "{AFFF251B-A625-452D-BF38-A17F6E773D4D}", "القطاع": "القطاع الاول", "Depth": 1.8899999999999864, "GL": 168.72, "IL": 166.83, "نوع_المطبق": "مربع", "dimention": "2 X 2 m", "Fault_statement": null}, "geometry": {"type": "Point", "coordinates": [31.561631806131718, 30.270606574431252, 0.0]}}, {"type": "Feature", "properties": {"ID": "MH-A-5-10-7-5", "Easting": "031° 33' 36.74\" E", "Northing": "30° 16' 12.74\" N", "الشركة_المنفذة": "اولاد حجازي", "Start": "1/3/2022", "End": "3/2/2025", "GlobalID": "{B00C6CD9-ABF5-46B3-942C-04120E879111}", "القطاع": "القطاع الاول", "Depth": 1.7699999999999818, "GL": 167.6, "IL": 165.83, "نوع_المطبق": "مربع", "dimention": "2 X 2 m", "Fault_statement": null}, "geometry": {"type": "Point", "coordinates": [31.561882756079005, 30.270372220095233, 0.0]}}, {"type": "Feature", "properties": {"ID": "MH-A-5-10-7-5-1", "Easting": "031° 33' 37.48\" E", "Northing": "30° 16' 13.35\" N", "الشركة_المنفذة": "اولاد حجازي", "Start": "1/3/2022", "End": "3/2/2025", "GlobalID": "{427C5FFB-0083-4871-A4EC-1BDD59392839}", "القطاع": "القطاع الاول", "Depth": 1.0600000000000023, "GL": 167.96, "IL": 166.9, "نوع_المطبق": "مربع", "dimention": "2 X 2 m", "Fault_statement": null}, "geometry": {"type": "Point", "coordinates": [31.562089170727454, 30.270540266816845, 0.0]}}, {"type": "Feature", "properties": {"ID": "MH-A-5-10-7-5-2", "Easting": "031° 33' 38.32\" E", "Northing": "30° 16' 14.01\" N", "الشركة_المنفذة": "اولاد حجازي", "Start": "1/3/2022", "End": "3/2/2025", "GlobalID": "{7B4F7EDE-C627-4B54-949E-DA5BD55BF281}", "القطاع": "القطاع الاول", "Depth": 1.3899999999999864, "GL": 168.5, "IL": 167.11, "نوع_المطبق": "مربع", "dimention": "2 X 2 m", "Fault_statement": null}, "geometry": {"type": "Point", "coordinates": [31.562320123031988, 30.270725983677604, 0.0]}}, {"type": "Feature", "properties": {"ID": "MH-A-5-10-7-4", "Easting": "031° 33' 37.7\" E", "Northing": "30° 16' 11.99\" N", "الشركة_المنفذة": "اولاد حجازي", "Start": "1/3/2022", "End": "3/2/2025", "GlobalID": "{53CDB237-1F46-4C99-92BE-AEBBB171AA21}", "القطاع": "القطاع الاول", "Depth": 1.6399999999999864, "GL": 166.45, "IL": 164.81, "نوع_المطبق": "مربع", "dimention": "2 X 2 m", "Fault_statement": null}, "geometry": {"type": "Point", "coordinates": [31.562150579690734, 30.27016380069316, 0.0]}}, {"type": "Feature", "properties": {"ID": "MH-A-5-10-7-3", "Easting": "031° 33' 38.75\" E", "Northing": "30° 16' 11.34\" N", "الشركة_المنفذة": "اولاد حجازي", "Start": "1/3/2022", "End": "3/2/2025", "GlobalID": "{0189D0D8-EC86-4350-92F0-42EEC6E96990}", "القطاع": "القطاع الاول", "Depth": 1.509999999999991, "GL": 165.31, "IL": 163.8, "نوع_المطبق": "مربع", "dimention": "2 X 2 m", "Fault_statement": null}, "geometry": {"type": "Point", "coordinates": [31.562442157831015, 30.269982975241415, 0.0]}}, {"type": "Feature", "properties": {"ID": "MH-A-5-10-7-2", "Easting": "031° 33' 39.69\" E", "Northing": "30° 16' 10.55\" N", "الشركة_المنفذة": "اولاد حجازي", "Start": "1/3/2022", "End": "3/2/2025", "GlobalID": "{47208D9B-E134-4966-A09F-238D99023612}", "القطاع": "القطاع الاول", "Depth": 1.6400000000000148, "GL": 164.18, "IL": 162.54, "نوع_المطبق": "مربع", "dimention": "2 X 2 m", "Fault_statement": null}, "geometry": {"type": "Point", "coordinates": [31.56270244036751, 30.269762449149923, 0.0]}}, {"type": "Feature", "properties": {"ID": "MH-A-5-10-7-2-1", "Easting": "031° 33' 40.48\" E", "Northing": "30° 16' 10.99\" N", "الشركة_المنفذة": "اولاد حجازي", "Start": "1/3/2022", "End": "3/2/2025", "GlobalID": "{18FD35A0-3614-4A48-B724-E8EFAB034088}", "القطاع": "القطاع الاول", "Depth": 1.460000000000008, "GL": 165.31, "IL": 163.85, "نوع_المطبق": "مربع", "dimention": "2 X 2 m", "Fault_statement": null}, "geometry": {"type": "Point", "coordinates": [31.56292030339606, 30.26988529995118, 0.0]}}, {"type": "Feature", "properties": {"ID": "MH-A-5-10-7-2-2", "Easting": "031° 33' 41.38\" E", "Northing": "30° 16' 11.52\" N", "الشركة_المنفذة": "اولاد حجازي", "Start": "1/3/2022", "End": "3/2/2025", "GlobalID": "{B64357EB-27CC-49C5-A2BA-AAD413A3B538}", "القطاع": "القطاع الاول", "Depth": 1.240000000000009, "GL": 166.15, "IL": 164.91, "نوع_المطبق": "مربع", "dimention": "2 X 2 m", "Fault_statement": null}, "geometry": {"type": "Point", "coordinates": [31.563171773359553, 30.270031872360033, 0.0]}}, {"type": "Feature", "properties": {"ID": "MH-A-5-13-3", "Easting": "031° 33' 45.47\" E", "Northing": "30° 16' 14.5\" N", "الشركة_المنفذة": "اولاد حجازي", "Start": "1/3/2022", "End": "3/2/2025", "GlobalID": "{5A51D329-4B53-4B3B-8A8F-D366183F28E3}", "القطاع": "القطاع الاول", "Depth": 1.3700000000000045, "GL": 162.97, "IL": 161.6, "نوع_المطبق": "مربع", "dimention": "2 X 2 m", "Fault_statement": null}, "geometry": {"type": "Point", "coordinates": [31.564307219309114, 30.270860063633112, 0.0]}}, {"type": "Feature", "properties": {"ID": "MH-A-5-14", "Easting": "031° 33' 46.18\" E", "Northing": "30° 16' 17.57\" N", "الشركة_المنفذة": "اولاد حجازي", "Start": "1/3/2022", "End": "3/2/2025", "GlobalID": "{AF912E88-1842-402C-9A3E-D2DC387937EA}", "القطاع": "القطاع الاول", "Depth": 2.6599999999999966, "GL": 163.06, "IL": 160.4, "نوع_المطبق": "مربع", "dimention": "2 X 2 m", "Fault_statement": null}, "geometry": {"type": "Point", "coordinates": [31.564504768617546, 30.27171449173795, 0.0]}}, {"type": "Feature", "properties": {"ID": "MH-A-5-14-1", "Easting": "031° 33' 46.87\" E", "Northing": "30° 16' 18.3\" N", "الشركة_المنفذة": "اولاد حجازي", "Start": "1/3/2022", "End": "3/2/2025", "GlobalID": "{CE0A5638-09E2-4C99-B6F8-8B24184A2626}", "القطاع": "القطاع الاول", "Depth": 1.7199999999999989, "GL": 162.96, "IL": 161.24, "نوع_المطبق": "مربع", "dimention": "2 X 2 m", "Fault_statement": null}, "geometry": {"type": "Point", "coordinates": [31.564695849762042, 30.271916080510934, 0.0]}}, {"type": "Feature", "properties": {"ID": "MH-A-5-14-2", "Easting": "031° 33' 47.39\" E", "Northing": "30° 16' 18.83\" N", "الشركة_المنفذة": "اولاد حجازي", "Start": "1/3/2022", "End": "3/2/2025", "GlobalID": "{0F1E582C-0053-4AD0-8DA0-7C66FC0FB822}", "القطاع": "القطاع الاول", "Depth": 1.9300000000000068, "GL": 163.22, "IL": 161.29, "نوع_المطبق": "مربع", "dimention": "2 X 2 m", "Fault_statement": null}, "geometry": {"type": "Point", "coordinates": [31.56484097843022, 30.27206421335828, 0.0]}}, {"type": "Feature", "properties": {"ID": "MH-A-5-14-3", "Easting": "031° 33' 48.17\" E", "Northing": "30° 16' 19.6\" N", "الشركة_المنفذة": "اولاد حجازي", "Start": "1/3/2022", "End": "3/2/2025", "GlobalID": "{E1CCC6B1-B95C-4BF4-8A2C-B231B4780804}", "القطاع": "القطاع الاول", "Depth": 1.9199999999999875, "GL": 163.57, "IL": 161.65, "نوع_المطبق": "مربع", "dimention": "2 X 2 m", "Fault_statement": null}, "geometry": {"type": "Point", "coordinates": [31.565058439473248, 30.27227823719035, 0.0]}}, {"type": "Feature", "properties": {"ID": "MH-A-5-14-4-1", "Easting": "031° 33' 49.93\" E", "Northing": "30° 16' 19.6\" N", "الشركة_المنفذة": "اولاد حجازي", "Start": "1/3/2022", "End": "3/2/2025", "GlobalID": "{549A4DDD-7A13-493C-94D4-7771E761CA29}", "القطاع": "القطاع الاول", "Depth": 2.069999999999993, "GL": 164.87, "IL": 162.8, "نوع_المطبق": "مربع", "dimention": "2 X 2 m", "Fault_statement": null}, "geometry": {"type": "Point", "coordinates": [31.565547889323117, 30.27227630780923, 0.0]}}, {"type": "Feature", "properties": {"ID": "MH-A-5-14-4", "Easting": "031° 33' 48.87\" E", "Northing": "30° 16' 20.28\" N", "الشركة_المنفذة": "اولاد حجازي", "Start": "1/3/2022", "End": "3/2/2025", "GlobalID": "{8E02807E-8E73-4935-881A-65F02BEF15F4}", "القطاع": "القطاع الاول", "Depth": 1.9499999999999886, "GL": 163.92, "IL": 161.97, "نوع_المطبق": "مربع", "dimention": "2 X 2 m", "Fault_statement": null}, "geometry": {"type": "Point", "coordinates": [31.565250832365816, 30.272465668205438, 0.0]}}, {"type": "Feature", "properties": {"ID": "MH-A-5-14-5-1", "Easting": "031° 33' 48.91\" E", "Northing": "30° 16' 21.86\" N", "الشركة_المنفذة": "اولاد حجازي", "Start": "1/3/2022", "End": "3/2/2025", "GlobalID": "{155061A0-7062-414A-831D-F5D60F0B6BF4}", "القطاع": "القطاع الاول", "Depth": 1.5600000000000023, "GL": 164.53, "IL": 162.97, "نوع_المطبق": "مربع", "dimention": "2 X 2 m", "Fault_statement": null}, "geometry": {"type": "Point", "coordinates": [31.56526351889151, 30.272904428861057, 0.0]}}, {"type": "Feature", "properties": {"ID": "MH-A-5-14-6", "Easting": "031° 33' 51.08\" E", "Northing": "30° 16' 22.44\" N", "الشركة_المنفذة": "اولاد حجازي", "Start": "1/3/2022", "End": "3/2/2025", "GlobalID": "{5790CBA8-5233-43F4-A0AA-1BCC4B2A6132}", "القطاع": "القطاع الاول", "Depth": 1.8799999999999955, "GL": 164.95, "IL": 163.07, "نوع_المطبق": "مربع", "dimention": "2 X 2 m", "Fault_statement": null}, "geometry": {"type": "Point", "coordinates": [31.565864622266886, 30.273066468513655, 0.0]}}, {"type": "Feature", "properties": {"ID": "MH-A-5-14-7", "Easting": "031° 33' 51.34\" E", "Northing": "30° 16' 22.7\" N", "الشركة_المنفذة": "اولاد حجازي", "Start": "1/3/2022", "End": "3/2/2025", "GlobalID": "{4A0C3BA4-7C58-43A9-AA06-279DECF1DBC5}", "القطاع": "القطاع الاول", "Depth": 1.8499999999999943, "GL": 165.04, "IL": 163.19, "نوع_المطبق": "مربع", "dimention": "2 X 2 m", "Fault_statement": null}, "geometry": {"type": "Point", "coordinates": [31.56593802546309, 30.273137371706852, 0.0]}}, {"type": "Feature", "properties": {"ID": "MH-A-5-14-8", "Easting": "031° 33' 52.1\" E", "Northing": "30° 16' 23.45\" N", "الشركة_المنفذة": "اولاد حجازي", "Start": "1/3/2022", "End": "3/2/2025", "GlobalID": "{FAB75684-E0B2-4902-878F-5CE29237CC84}", "القطاع": "القطاع الاول", "Depth": 1.8999999999999773, "GL": 165.45, "IL": 163.55, "نوع_المطبق": "مربع", "dimention": "2 X 2 m", "Fault_statement": null}, "geometry": {"type": "Point", "coordinates": [31.566150674001687, 30.273346442354978, 0.0]}}, {"type": "Feature", "properties": {"ID": "MH-A-5-14-9", "Easting": "031° 33' 53.22\" E", "Northing": "30° 16' 24.54\" N", "الشركة_المنفذة": "اولاد حجازي", "Start": "1/3/2022", "End": "3/2/2025", "GlobalID": "{0876CA66-EF88-4F57-AD5E-7CBAB3920D45}", "القطاع": "القطاع الاول", "Depth": 1.8899999999999864, "GL": 165.97, "IL": 164.08, "نوع_المطبق": "مربع", "dimention": "2 X 2 m", "Fault_statement": null}, "geometry": {"type": "Point", "coordinates": [31.56646172580019, 30.273648551949773, 0.0]}}, {"type": "Feature", "properties": {"ID": "MH-A-5-14-10", "Easting": "031° 33' 53.97\" E", "Northing": "30° 16' 25.27\" N", "الشركة_المنفذة": "اولاد حجازي", "Start": "1/3/2022", "End": "3/2/2025", "GlobalID": "{B61E3436-D8E8-46DB-889C-DA5EAE10FCF9}", "القطاع": "القطاع الاول", "Depth": 1.9000000000000057, "GL": 166.34, "IL": 164.44, "نوع_المطبق": "مربع", "dimention": "2 X 2 m", "Fault_statement": null}, "geometry": {"type": "Point", "coordinates": [31.566669188171627, 30.273852841643954, 0.0]}}, {"type": "Feature", "properties": {"ID": "MH-A-5-14-11", "Easting": "031° 33' 54.96\" E", "Northing": "30° 16' 26.24\" N", "الشركة_المنفذة": "اولاد حجازي", "Start": "1/3/2022", "End": "3/2/2025", "GlobalID": "{3E88BE8B-073B-49AA-BC95-96E9E5FD7ADB}", "القطاع": "القطاع الاول", "Depth": 1.9000000000000057, "GL": 166.81, "IL": 164.91, "نوع_المطبق": "مربع", "dimention": "2 X 2 m", "Fault_statement": null}, "geometry": {"type": "Point", "coordinates": [31.566944826703473, 30.27412263672063, 0.0]}}, {"type": "Feature", "properties": {"ID": "MH-A-5-14-11-b", "Easting": "031° 33' 54.42\" E", "Northing": "30° 16' 26.67\" N", "الشركة_المنفذة": "اولاد حجازي", "Start": "1/3/2022", "End": "3/2/2025", "GlobalID": "{248B60AE-188C-4A88-A8AF-165368EE8283}", "القطاع": "القطاع الاول", "Depth": 1.6500000000000057, "GL": 166.62, "IL": 164.97, "نوع_المطبق": "مربع", "dimention": "2 X 2 m", "Fault_statement": null}, "geometry": {"type": "Point", "coordinates": [31.566792499228466, 30.27424099919511, 0.0]}}, {"type": "Feature", "properties": {"ID": "MH-A-5-14-12-1", "Easting": "031° 33' 55.03\" E", "Northing": "30° 16' 27.42\" N", "الشركة_المنفذة": "اولاد حجازي", "Start": "1/3/2022", "End": "3/2/2025", "GlobalID": "{4DE520CE-D88E-4FB9-98F3-480546282474}", "القطاع": "القطاع الاول", "Depth": 1.5, "GL": 167.0, "IL": 165.5, "نوع_المطبق": "مربع", "dimention": "2 X 2 m", "Fault_statement": null}, "geometry": {"type": "Point", "coordinates": [31.566963101974515, 30.27445056949581, 0.0]}}, {"type": "Feature", "properties": {"ID": "MH-A-5-14-12", "Easting": "031° 33' 55.66\" E", "Northing": "30° 16' 26.92\" N", "الشركة_المنفذة": "اولاد حجازي", "Start": "1/3/2022", "End": "3/2/2025", "GlobalID": "{16C4EABA-7BA1-40BC-B3F3-C0A7D476121C}", "القطاع": "القطاع الاول", "Depth": 1.789999999999992, "GL": 167.13, "IL": 165.34, "نوع_المطبق": "مربع", "dimention": "2 X 2 m", "Fault_statement": null}, "geometry": {"type": "Point", "coordinates": [31.56713686990502, 30.274311621485815, 0.0]}}, {"type": "Feature", "properties": {"ID": "MH-A-5-14-13", "Easting": "031° 33' 56.5\" E", "Northing": "30° 16' 27.77\" N", "الشركة_المنفذة": "اولاد حجازي", "Start": "1/3/2022", "End": "3/2/2025", "GlobalID": "{9D813CD7-0587-4F94-B856-4C569254B045}", "القطاع": "القطاع الاول", "Depth": 1.789999999999992, "GL": 167.54, "IL": 165.75, "نوع_المطبق": "مربع", "dimention": "2 X 2 m", "Fault_statement": null}, "geometry": {"type": "Point", "coordinates": [31.56737253695222, 30.274547092546957, 0.0]}}, {"type": "Feature", "properties": {"ID": "MH-A-5-14-14", "Easting": "031° 33' 57.28\" E", "Northing": "30° 16' 28.53\" N", "الشركة_المنفذة": "اولاد حجازي", "Start": "1/3/2022", "End": "3/2/2025", "GlobalID": "{2BEEB99A-9B49-4E79-AD71-22D8E42EBB24}", "القطاع": "القطاع الاول", "Depth": 1.7800000000000011, "GL": 167.9, "IL": 166.12, "نوع_المطبق": "مربع", "dimention": "2 X 2 m", "Fault_statement": null}, "geometry": {"type": "Point", "coordinates": [31.56758709873382, 30.274758528470052, 0.0]}}, {"type": "Feature", "properties": {"ID": "MH-A-5-14-14-a", "Easting": "031° 33' 57.99\" E", "Northing": "30° 16' 29.24\" N", "الشركة_المنفذة": "اولاد حجازي", "Start": "1/3/2022", "End": "3/2/2025", "GlobalID": "{C4D5A0D8-DBA1-419B-B514-E4E5D5EF435F}", "القطاع": "القطاع الاول", "Depth": 1.509999999999991, "GL": 168.25, "IL": 166.74, "نوع_المطبق": "مربع", "dimention": "2 X 2 m", "Fault_statement": null}, "geometry": {"type": "Point", "coordinates": [31.567785779069666, 30.274955098565044, 0.0]}}, {"type": "Feature", "properties": {"ID": "MH-A-5-14-14-a-1", "Easting": "031° 33' 58.76\" E", "Northing": "30° 16' 29.99\" N", "الشركة_المنفذة": "اولاد حجازي", "Start": "1/3/2022", "End": "3/2/2025", "GlobalID": "{7C3020FB-AD9D-41FB-81D1-5307E065D432}", "القطاع": "القطاع الاول", "Depth": 1.5, "GL": 168.61, "IL": 167.11, "نوع_المطبق": "مربع", "dimention": "2 X 2 m", "Fault_statement": null}, "geometry": {"type": "Point", "coordinates": [31.56799801721916, 30.275162641609228, 0.0]}}, {"type": "Feature", "properties": {"ID": "MH-A-5-14-11-b-1", "Easting": "031° 33' 53.63\" E", "Northing": "30° 16' 27.32\" N", "الشركة_المنفذة": "اولاد حجازي", "Start": "1/3/2022", "End": "3/2/2025", "GlobalID": "{37A0E600-D97D-4690-9D21-AEE759D68371}", "القطاع": "القطاع الاول", "Depth": 1.3900000000000148, "GL": 166.46, "IL": 165.07, "نوع_المطبق": "مربع", "dimention": "2 X 2 m", "Fault_statement": null}, "geometry": {"type": "Point", "coordinates": [31.566573072621054, 30.274423214785664, 0.0]}}, {"type": "Feature", "properties": {"ID": "MH-A-5-14-11-b-2", "Easting": "031° 33' 52.82\" E", "Northing": "30° 16' 27.99\" N", "الشركة_المنفذة": "اولاد حجازي", "Start": "1/3/2022", "End": "3/2/2025", "GlobalID": "{70784EFD-4BB3-4739-BB93-F006AF6958A2}", "القطاع": "القطاع الاول", "Depth": 1.3300000000000125, "GL": 166.5, "IL": 165.17, "نوع_المطبق": "مربع", "dimention": "2 X 2 m", "Fault_statement": null}, "geometry": {"type": "Point", "coordinates": [31.566348322463853, 30.274608761695795, 0.0]}}, {"type": "Feature", "properties": {"ID": "MH-A-10", "Easting": "031° 33' 53.3\" E", "Northing": "30° 16' 28.66\" N", "الشركة_المنفذة": "اولاد حجازي", "Start": "1/3/2022", "End": "3/2/2025", "GlobalID": "{19E63896-8202-40E8-9257-DB8331CA4B89}", "القطاع": "القطاع الاول", "Depth": 1.3300000000000125, "GL": 166.5, "IL": 165.17, "نوع_المطبق": "مربع", "dimention": "2 X 2 m", "Fault_statement": null}, "geometry": {"type": "Point", "coordinates": [31.566482614983915, 30.27479442291005, 0.0]}}, {"type": "Feature", "properties": {"ID": "MH-A-5-14-11-b-3", "Easting": "031° 33' 52.15\" E", "Northing": "30° 16' 28.57\" N", "الشركة_المنفذة": "اولاد حجازي", "Start": "1/3/2022", "End": "3/2/2025", "GlobalID": "{EA952BB2-1ED9-4BDC-851E-6BF3E0F52CB2}", "القطاع": "القطاع الاول", "Depth": 1.460000000000008, "GL": 166.71, "IL": 165.25, "نوع_المطبق": "مربع", "dimention": "2 X 2 m", "Fault_statement": null}, "geometry": {"type": "Point", "coordinates": [31.566164306569263, 30.274769986472318, 0.0]}}, {"type": "Feature", "properties": {"ID": "MH-A-5-14-11-b-4", "Easting": "031° 33' 51.52\" E", "Northing": "30° 16' 29.11\" N", "الشركة_المنفذة": "اولاد حجازي", "Start": "1/3/2022", "End": "3/2/2025", "GlobalID": "{F1E80C96-E664-4F23-B61F-8E4C51B301DB}", "القطاع": "القطاع الاول", "Depth": 1.6199999999999761, "GL": 166.95, "IL": 165.33, "نوع_المطبق": "مربع", "dimention": "2 X 2 m", "Fault_statement": null}, "geometry": {"type": "Point", "coordinates": [31.56598827837298, 30.274918955635165, 0.0]}}, {"type": "Feature", "properties": {"ID": "MH-A-5-27", "Easting": "031° 33' 50.62\" E", "Northing": "30° 16' 30.12\" N", "الشركة_المنفذة": "اولاد حجازي", "Start": "1/3/2022", "End": "3/2/2025", "GlobalID": "{02AABE2E-2295-405D-B21B-0F8BC2D5BB94}", "القطاع": "القطاع الاول", "Depth": 2.1100000000000136, "GL": 167.4, "IL": 165.29, "نوع_المطبق": "مربع", "dimention": "2 X 2 m", "Fault_statement": null}, "geometry": {"type": "Point", "coordinates": [31.565737604586037, 30.27520107788628, 0.0]}}, {"type": "Feature", "properties": {"ID": "MH-A-5-27-1", "Easting": "031° 33' 50.16\" E", "Northing": "30° 16' 30.61\" N", "الشركة_المنفذة": "اولاد حجازي", "Start": "1/3/2022", "End": "3/2/2025", "GlobalID": "{D67B43C7-201E-4F39-AC2F-8BAD3517E5DF}", "القطاع": "القطاع الاول", "Depth": 1.5, "GL": 167.36, "IL": 165.86, "نوع_المطبق": "مربع", "dimention": "2 X 2 m", "Fault_statement": null}, "geometry": {"type": "Point", "coordinates": [31.56561027481416, 30.275334687530197, 0.0]}}, {"type": "Feature", "properties": {"ID": "MH-A-5-27-3", "Easting": "031° 33' 48.91\" E", "Northing": "30° 16' 31.82\" N", "الشركة_المنفذة": "اولاد حجازي", "Start": "1/3/2022", "End": "3/2/2025", "GlobalID": "{B3094E40-E54A-4537-8C82-E719D2880093}", "القطاع": "القطاع الاول", "Depth": 1.3499999999999943, "GL": 167.38, "IL": 166.03, "نوع_المطبق": "مربع", "dimention": "2 X 2 m", "Fault_statement": null}, "geometry": {"type": "Point", "coordinates": [31.565264006453884, 30.27567137261051, 0.0]}}, {"type": "Feature", "properties": {"ID": "MH-A-5-28", "Easting": "031° 33' 51.78\" E", "Northing": "30° 16' 31.03\" N", "الشركة_المنفذة": "اولاد حجازي", "Start": "1/3/2022", "End": "3/2/2025", "GlobalID": "{A8D8474F-90C0-4926-8BB9-4D2A3ECCD303}", "القطاع": "القطاع الاول", "Depth": 2.1299999999999955, "GL": 167.6, "IL": 165.47, "نوع_المطبق": "مربع", "dimention": "2 X 2 m", "Fault_statement": null}, "geometry": {"type": "Point", "coordinates": [31.566059142222475, 30.27545295159223, 0.0]}}, {"type": "Feature", "properties": {"ID": "MH-A-11", "Easting": "031° 33' 55.29\" E", "Northing": "30° 16' 30.23\" N", "الشركة_المنفذة": "اولاد حجازي", "Start": "1/3/2022", "End": "3/2/2025", "GlobalID": "{046EC220-AD88-4124-9B5C-0C150D732E1A}", "القطاع": "القطاع الاول", "Depth": 1.25, "GL": 167.7, "IL": 166.45, "نوع_المطبق": "مربع", "dimention": "2 X 2 m", "Fault_statement": null}, "geometry": {"type": "Point", "coordinates": [31.567036582363695, 30.275229178679943, 0.0]}}, {"type": "Feature", "properties": {"ID": "MH-A-5-29-b", "Easting": "031° 33' 53.9\" E", "Northing": "30° 16' 31.47\" N", "الشركة_المنفذة": "اولاد حجازي", "Start": "1/3/2022", "End": "3/2/2025", "GlobalID": "{48BCD202-31F7-4E7B-B12D-7AF4027F7267}", "القطاع": "القطاع الاول", "Depth": 1.4199999999999875, "GL": 168.13, "IL": 166.71, "نوع_المطبق": "مربع", "dimention": "2 X 2 m", "Fault_statement": null}, "geometry": {"type": "Point", "coordinates": [31.56664927905697, 30.27557398820769, 0.0]}}, {"type": "Feature", "properties": {"ID": "MH-A-5-29", "Easting": "031° 33' 53.02\" E", "Northing": "30° 16' 32.03\" N", "الشركة_المنفذة": "اولاد حجازي", "Start": "1/3/2022", "End": "3/2/2025", "GlobalID": "{12CD5494-59B1-4452-8560-1ED6D74F9C4E}", "القطاع": "القطاع الاول", "Depth": 2.1299999999999955, "GL": 167.81, "IL": 165.68, "نوع_المطبق": "مربع", "dimention": "2 X 2 m", "Fault_statement": null}, "geometry": {"type": "Point", "coordinates": [31.566405846442244, 30.27572944619996, 0.0]}}, {"type": "Feature", "properties": {"ID": "MH-A-5-29-a", "Easting": "031° 33' 52.57\" E", "Northing": "30° 16' 32.47\" N", "الشركة_المنفذة": "اولاد حجازي", "Start": "1/3/2022", "End": "3/2/2025", "GlobalID": "{111A8FF7-BF95-4A77-8C27-CEAA5E40C849}", "القطاع": "القطاع الاول", "Depth": 1.5900000000000034, "GL": 167.81, "IL": 166.22, "نوع_المطبق": "مربع", "dimention": "2 X 2 m", "Fault_statement": null}, "geometry": {"type": "Point", "coordinates": [31.566278879961192, 30.27585205539925, 0.0]}}, {"type": "Feature", "properties": {"ID": "MH-A-5-29-a-1", "Easting": "031° 33' 51.99\" E", "Northing": "30° 16' 33.06\" N", "الشركة_المنفذة": "اولاد حجازي", "Start": "1/3/2022", "End": "3/2/2025", "GlobalID": "{259B5B94-BF96-41D7-9CD8-7B4F464C54A8}", "القطاع": "القطاع الاول", "Depth": 1.5699999999999932, "GL": 167.87, "IL": 166.3, "نوع_المطبق": "مربع", "dimention": "2 X 2 m", "Fault_statement": null}, "geometry": {"type": "Point", "coordinates": [31.566119936602362, 30.27601566507731, 0.0]}}, {"type": "Feature", "properties": {"ID": "MH-A-5-29-a-2", "Easting": "031° 33' 51.32\" E", "Northing": "30° 16' 33.71\" N", "الشركة_المنفذة": "اولاد حجازي", "Start": "1/3/2022", "End": "3/2/2025", "GlobalID": "{F23E03CD-A432-40CB-B8E7-9CB4703618F9}", "القطاع": "القطاع الاول", "Depth": 1.4599999999999795, "GL": 167.92, "IL": 166.46, "نوع_المطبق": "مربع", "dimention": "2 X 2 m", "Fault_statement": null}, "geometry": {"type": "Point", "coordinates": [31.565931323277884, 30.276195612325257, 0.0]}}, {"type": "Feature", "properties": {"ID": "MH-A-5-15-4", "Easting": "031° 33' 41.93\" E", "Northing": "30° 16' 16.73\" N", "الشركة_المنفذة": "اولاد حجازي", "Start": "1/3/2022", "End": "3/2/2025", "GlobalID": "{1D1B9154-5BC7-4221-AFB6-78589676DF01}", "القطاع": "القطاع الاول", "Depth": 1.509999999999991, "GL": 164.2, "IL": 162.69, "نوع_المطبق": "مربع", "dimention": "2 X 2 m", "Fault_statement": null}, "geometry": {"type": "Point", "coordinates": [31.563323468520206, 30.271481442424058, 0.0]}}, {"type": "Feature", "properties": {"ID": "MH-A-5-15-3", "Easting": "031° 33' 42.58\" E", "Northing": "30° 16' 17.34\" N", "الشركة_المنفذة": "اولاد حجازي", "Start": "1/3/2022", "End": "3/2/2025", "GlobalID": "{B0243D1B-EDA7-4F76-A904-0A7F5D37F355}", "القطاع": "القطاع الاول", "Depth": 1.5699999999999932, "GL": 163.92, "IL": 162.35, "نوع_المطبق": "مربع", "dimention": "2 X 2 m", "Fault_statement": null}, "geometry": {"type": "Point", "coordinates": [31.563504361398977, 30.271650805207965, 0.0]}}, {"type": "Feature", "properties": {"ID": "MH-A-5-15-2", "Easting": "031° 33' 43.22\" E", "Northing": "30° 16' 17.91\" N", "الشركة_المنفذة": "اولاد حجازي", "Start": "1/3/2022", "End": "3/2/2025", "GlobalID": "{FB2E4923-F6AD-4751-AACB-194D1C07664E}", "القطاع": "القطاع الاول", "Depth": 1.6200000000000045, "GL": 163.63, "IL": 162.01, "نوع_المطبق": "مربع", "dimention": "2 X 2 m", "Fault_statement": null}, "geometry": {"type": "Point", "coordinates": [31.56368250893077, 30.271809185422157, 0.0]}}, {"type": "Feature", "properties": {"ID": "MH-A-5-15-1", "Easting": "031° 33' 43.99\" E", "Northing": "30° 16' 18.61\" N", "الشركة_المنفذة": "اولاد حجازي", "Start": "1/3/2022", "End": "3/2/2025", "GlobalID": "{2D893689-A2F0-4771-99C5-91A4FED48C4C}", "القطاع": "القطاع الاول", "Depth": 1.6800000000000068, "GL": 163.28, "IL": 161.6, "نوع_المطبق": "مربع", "dimention": "2 X 2 m", "Fault_statement": null}, "geometry": {"type": "Point", "coordinates": [31.563896594754357, 30.2720026645392, 0.0]}}, {"type": "Feature", "properties": {"ID": "MH-A-5-15", "Easting": "031° 33' 44.43\" E", "Northing": "30° 16' 18.97\" N", "الشركة_المنفذة": "اولاد حجازي", "Start": "1/3/2022", "End": "3/2/2025", "GlobalID": "{4E56E20A-7EED-4AA1-A9FE-A2D625AF30D5}", "القطاع": "القطاع الاول", "Depth": 2.5600000000000023, "GL": 163.54, "IL": 160.98, "نوع_المطبق": "مربع", "dimention": "2 X 2 m", "Fault_statement": null}, "geometry": {"type": "Point", "coordinates": [31.564018781373942, 30.272101147431634, 0.0]}}, {"type": "Feature", "properties": {"ID": "MH-A-5-16", "Easting": "031° 33' 43.34\" E", "Northing": "30° 16' 19.85\" N", "الشركة_المنفذة": "اولاد حجازي", "Start": "1/3/2022", "End": "3/2/2025", "GlobalID": "{68CC6B0C-C34E-4773-B636-535E4C0E485F}", "القطاع": "القطاع الاول", "Depth": 2.259999999999991, "GL": 164.13, "IL": 161.87, "نوع_المطبق": "مربع", "dimention": "2 X 2 m", "Fault_statement": null}, "geometry": {"type": "Point", "coordinates": [31.563716450922723, 30.2723462462939, 0.0]}}, {"type": "Feature", "properties": {"ID": "MH-A-5-17", "Easting": "031° 33' 42.52\" E", "Northing": "30° 16' 20.59\" N", "الشركة_المنفذة": "اولاد حجازي", "Start": "1/3/2022", "End": "3/2/2025", "GlobalID": "{86042D34-52F2-4040-8AEA-DB9281423922}", "القطاع": "القطاع الاول", "Depth": 2.3200000000000216, "GL": 164.71, "IL": 162.39, "نوع_المطبق": "مربع", "dimention": "2 X 2 m", "Fault_statement": null}, "geometry": {"type": "Point", "coordinates": [31.563488129730885, 30.27255339683067, 0.0]}}, {"type": "Feature", "properties": {"ID": "MH-A-5-18", "Easting": "031° 33' 41.46\" E", "Northing": "30° 16' 21.51\" N", "الشركة_المنفذة": "اولاد حجازي", "Start": "1/3/2022", "End": "3/2/2025", "GlobalID": "{53F5DD66-1AB2-460D-ACB0-2A4244E23315}", "القطاع": "القطاع الاول", "Depth": 2.3400000000000034, "GL": 165.46, "IL": 163.12, "نوع_المطبق": "مربع", "dimention": "2 X 2 m", "Fault_statement": null}, "geometry": {"type": "Point", "coordinates": [31.56319473876891, 30.272806967767856, 0.0]}}, {"type": "Feature", "properties": {"ID": "MH-A-5-18-1", "Easting": "031° 33' 41.07\" E", "Northing": "30° 16' 21.2\" N", "الشركة_المنفذة": "اولاد حجازي", "Start": "1/3/2022", "End": "3/2/2025", "GlobalID": "{EA109E11-F8AC-42AA-A455-B05DAC2A17DC}", "القطاع": "القطاع الاول", "Depth": 1.4299999999999784, "GL": 165.2, "IL": 163.77, "نوع_المطبق": "مربع", "dimention": "2 X 2 m", "Fault_statement": null}, "geometry": {"type": "Point", "coordinates": [31.56308418979966, 30.27272165269923, 0.0]}}, {"type": "Feature", "properties": {"ID": "MH-A-5-18-2", "Easting": "031° 33' 40.33\" E", "Northing": "30° 16' 20.61\" N", "الشركة_المنفذة": "اولاد حجازي", "Start": "1/3/2022", "End": "3/2/2025", "GlobalID": "{659809CB-72CF-4455-A202-CB86F7E3BDE1}", "القطاع": "القطاع الاول", "Depth": 1.6699999999999875, "GL": 166.01, "IL": 164.34, "نوع_المطبق": "مربع", "dimention": "2 X 2 m", "Fault_statement": null}, "geometry": {"type": "Point", "coordinates": [31.562880529194704, 30.272558003219523, 0.0]}}, {"type": "Feature", "properties": {"ID": "MH-A-5-18-3", "Easting": "031° 33' 39.64\" E", "Northing": "30° 16' 20.04\" N", "الشركة_المنفذة": "اولاد حجازي", "Start": "1/3/2022", "End": "3/2/2025", "GlobalID": "{BBFFF6F1-D586-46C8-AD80-D95143176C98}", "القطاع": "القطاع الاول", "Depth": 1.6699999999999875, "GL": 166.01, "IL": 164.34, "نوع_المطبق": "مربع", "dimention": "2 X 2 m", "Fault_statement": null}, "geometry": {"type": "Point", "coordinates": [31.56268941894887, 30.272399785796118, 0.0]}}, {"type": "Feature", "properties": {"ID": "MH-A-5-18-4", "Easting": "031° 33' 38.8\" E", "Northing": "30° 16' 19.36\" N", "الشركة_المنفذة": "اولاد حجازي", "Start": "1/3/2022", "End": "3/2/2025", "GlobalID": "{59D9D822-FC66-4DD9-AC7F-C70F8F1C0A1C}", "القطاع": "القطاع الاول", "Depth": 1.6899999999999977, "GL": 166.48, "IL": 164.79, "نوع_المطبق": "مربع", "dimention": "2 X 2 m", "Fault_statement": null}, "geometry": {"type": "Point", "coordinates": [31.56245590188663, 30.2722116180923, 0.0]}}, {"type": "Feature", "properties": {"ID": "MH-A-5-19", "Easting": "031° 33' 40.64\" E", "Northing": "30° 16' 22.26\" N", "الشركة_المنفذة": "اولاد حجازي", "Start": "1/3/2022", "End": "3/2/2025", "GlobalID": "{EAD790CB-691F-4A0E-B5F6-B7220B3FA119}", "القطاع": "القطاع الاول", "Depth": 2.4000000000000057, "GL": 166.06, "IL": 163.66, "نوع_المطبق": "مربع", "dimention": "2 X 2 m", "Fault_statement": null}, "geometry": {"type": "Point", "coordinates": [31.562966960464266, 30.27301602559652, 0.0]}}, {"type": "Feature", "properties": {"ID": "MH-A-5-19-1", "Easting": "031° 33' 39.81\" E", "Northing": "30° 16' 23.03\" N", "الشركة_المنفذة": "اولاد حجازي", "Start": "1/3/2022", "End": "3/2/2025", "GlobalID": "{5E2673EE-E82D-4AC2-A59C-A90842B9DC43}", "القطاع": "القطاع الاول", "Depth": 1.6699999999999875, "GL": 166.66, "IL": 164.99, "نوع_المطبق": "مربع", "dimention": "2 X 2 m", "Fault_statement": null}, "geometry": {"type": "Point", "coordinates": [31.562736304363504, 30.273229066175393, 0.0]}}, {"type": "Feature", "properties": {"ID": "MH-A-5-19-2", "Easting": "031° 33' 38.96\" E", "Northing": "30° 16' 23.84\" N", "الشركة_المنفذة": "اولاد حجازي", "Start": "1/3/2022", "End": "3/2/2025", "GlobalID": "{0E19560D-EB8B-4596-9D86-FDB586A8155E}", "القطاع": "القطاع الاول", "Depth": 2.009999999999991, "GL": 167.31, "IL": 165.3, "نوع_المطبق": "مربع", "dimention": "2 X 2 m", "Fault_statement": null}, "geometry": {"type": "Point", "coordinates": [31.562498005595124, 30.273456523119176, 0.0]}}, {"type": "Feature", "properties": {"ID": "MH-A-5-19-3-1", "Easting": "031° 33' 38.56\" E", "Northing": "30° 16' 24.23\" N", "الشركة_المنفذة": "اولاد حجازي", "Start": "1/3/2022", "End": "3/2/2025", "GlobalID": "{6D63E0BE-A3DD-4F35-A90D-674394B91581}", "القطاع": "القطاع الاول", "Depth": 2.1599999999999966, "GL": 167.6, "IL": 165.44, "نوع_المطبق": "مربع", "dimention": "2 X 2 m", "Fault_statement": null}, "geometry": {"type": "Point", "coordinates": [31.562388466322602, 30.273563585608688, 0.0]}}, {"type": "Feature", "properties": {"ID": "MH-A-5-19-3-2", "Easting": "031° 33' 37.42\" E", "Northing": "30° 16' 23.34\" N", "الشركة_المنفذة": "اولاد حجازي", "Start": "1/3/2022", "End": "3/2/2025", "GlobalID": "{727DAD3F-AE60-4EAE-B619-0BFD1E73A2A5}", "القطاع": "القطاع الاول", "Depth": 1.1599999999999966, "GL": 168.03, "IL": 166.87, "نوع_المطبق": "مربع", "dimention": "2 X 2 m", "Fault_statement": null}, "geometry": {"type": "Point", "coordinates": [31.562071273699267, 30.27331535898951, 0.0]}}, {"type": "Feature", "properties": {"ID": "MH-A-5-19-3-3", "Easting": "031° 33' 36.73\" E", "Northing": "30° 16' 22.79\" N", "الشركة_المنفذة": "اولاد حجازي", "Start": "1/3/2022", "End": "3/2/2025", "GlobalID": "{B2531357-568C-4ED8-B5D9-65E12B4B276F}", "القطاع": "القطاع الاول", "Depth": 1.25, "GL": 168.63, "IL": 167.38, "نوع_المطبق": "مربع", "dimention": "2 X 2 m", "Fault_statement": null}, "geometry": {"type": "Point", "coordinates": [31.561879323712315, 30.273163386145164, 0.0]}}, {"type": "Feature", "properties": {"ID": "MH-A-5-19-3-4", "Easting": "031° 33' 35.92\" E", "Northing": "30° 16' 22.15\" N", "الشركة_المنفذة": "اولاد حجازي", "Start": "1/3/2022", "End": "3/2/2025", "GlobalID": "{293F45F7-DC0A-40A3-9BA7-601C0CDEE4DD}", "القطاع": "القطاع الاول", "Depth": 1.4799999999999898, "GL": 169.35, "IL": 167.87, "نوع_المطبق": "مربع", "dimention": "2 X 2 m", "Fault_statement": null}, "geometry": {"type": "Point", "coordinates": [31.561655648547337, 30.27298517673243, 0.0]}}, {"type": "Feature", "properties": {"ID": "MH-A-5-20", "Easting": "031° 33' 42.04\" E", "Northing": "30° 16' 23.4\" N", "الشركة_المنفذة": "اولاد حجازي", "Start": "1/3/2022", "End": "3/2/2025", "GlobalID": "{4CE748DF-3F2E-416E-90BC-0A876E49809B}", "القطاع": "القطاع الاول", "Depth": 2.0500000000000114, "GL": 165.94, "IL": 163.89, "نوع_المطبق": "مربع", "dimention": "2 X 2 m", "Fault_statement": null}, "geometry": {"type": "Point", "coordinates": [31.56335610845011, 30.273332106598104, 0.0]}}, {"type": "Feature", "properties": {"ID": "MH-A-5-21", "Easting": "031° 33' 43.46\" E", "Northing": "30° 16' 24.57\" N", "الشركة_المنفذة": "اولاد حجازي", "Start": "1/3/2022", "End": "3/2/2025", "GlobalID": "{234914EB-4831-4C66-8F0F-7D9142EAD3C9}", "القطاع": "القطاع الاول", "Depth": 2.0600000000000023, "GL": 166.19, "IL": 164.13, "نوع_المطبق": "مربع", "dimention": "2 X 2 m", "Fault_statement": null}, "geometry": {"type": "Point", "coordinates": [31.563749073029083, 30.27365802572841, 0.0]}}, {"type": "Feature", "properties": {"ID": "MH-A-5-21-1", "Easting": "031° 33' 42.99\" E", "Northing": "30° 16' 25.01\" N", "الشركة_المنفذة": "اولاد حجازي", "Start": "1/3/2022", "End": "3/2/2025", "GlobalID": "{74B5B3F2-9A14-4EDA-9C3E-75C93199D478}", "القطاع": "القطاع الاول", "Depth": 1.5, "GL": 166.25, "IL": 164.75, "نوع_المطبق": "مربع", "dimention": "2 X 2 m", "Fault_statement": null}, "geometry": {"type": "Point", "coordinates": [31.563618958756628, 30.273780599017314, 0.0]}}, {"type": "Feature", "properties": {"ID": "MH-A-5-21-2", "Easting": "031° 33' 42.38\" E", "Northing": "30° 16' 25.57\" N", "الشركة_المنفذة": "اولاد حجازي", "Start": "1/3/2022", "End": "3/2/2025", "GlobalID": "{636AEE01-2B28-4B89-B9A9-DD7A248F81DA}", "القطاع": "القطاع الاول", "Depth": 1.5, "GL": 167.11, "IL": 165.61, "نوع_المطبق": "مربع", "dimention": "2 X 2 m", "Fault_statement": null}, "geometry": {"type": "Point", "coordinates": [31.563448329438565, 30.273934849225657, 0.0]}}, {"type": "Feature", "properties": {"ID": "MH-A-5-21-3", "Easting": "031° 33' 41.68\" E", "Northing": "30° 16' 26.22\" N", "الشركة_المنفذة": "اولاد حجازي", "Start": "1/3/2022", "End": "3/2/2025", "GlobalID": "{06312476-6C7F-4F3E-AAF3-D49905C9BFBF}", "القطاع": "القطاع الاول", "Depth": 1.4699999999999989, "GL": 167.16, "IL": 165.69, "نوع_المطبق": "مربع", "dimention": "2 X 2 m", "Fault_statement": null}, "geometry": {"type": "Point", "coordinates": [31.563256026336425, 30.274117090706927, 0.0]}}, {"type": "Feature", "properties": {"ID": "MH-A-27", "Easting": "031° 33' 46.0\" E", "Northing": "30° 16' 22.95\" N", "الشركة_المنفذة": "اولاد حجازي", "Start": "1/3/2022", "End": "3/2/2025", "GlobalID": "{A059EF45-E71B-4AD4-8258-7B324FBB2625}", "القطاع": "القطاع الاول", "Depth": 1.6999999999999886, "GL": 166.0, "IL": 164.3, "نوع_المطبق": "مربع", "dimention": "2 X 2 m", "Fault_statement": null}, "geometry": {"type": "Point", "coordinates": [31.564455412827673, 30.273208284637533, 0.0]}}, {"type": "Feature", "properties": {"ID": "MH-A-5-14-5-3", "Easting": "031° 33' 46.82\" E", "Northing": "30° 16' 23.68\" N", "الشركة_المنفذة": "اولاد حجازي", "Start": "1/3/2022", "End": "3/2/2025", "GlobalID": "{2D633F03-D11C-47B3-BA96-29A7AF9AF277}", "القطاع": "القطاع الاول", "Depth": 1.5300000000000011, "GL": 165.46, "IL": 163.93, "نوع_المطبق": "مربع", "dimention": "2 X 2 m", "Fault_statement": null}, "geometry": {"type": "Point", "coordinates": [31.56468260723606, 30.273411769165772, 0.0]}}, {"type": "Feature", "properties": {"ID": "MH-A-5-14-5-4", "Easting": "031° 33' 45.75\" E", "Northing": "30° 16' 24.61\" N", "الشركة_المنفذة": "اولاد حجازي", "Start": "1/3/2022", "End": "3/2/2025", "GlobalID": "{B50D3E65-A085-4686-8214-6C13EF3B99AE}", "القطاع": "القطاع الاول", "Depth": 1.5, "GL": 165.91, "IL": 164.41, "نوع_المطبق": "مربع", "dimention": "2 X 2 m", "Fault_statement": null}, "geometry": {"type": "Point", "coordinates": [31.564386534792508, 30.273669206008385, 0.0]}}, {"type": "Feature", "properties": {"ID": "MH-A-5-22", "Easting": "031° 33' 44.67\" E", "Northing": "30° 16' 25.5\" N", "الشركة_المنفذة": "اولاد حجازي", "Start": "1/3/2022", "End": "3/2/2025", "GlobalID": "{A2BAA722-DE01-43B8-BAB3-B0A3698C468D}", "القطاع": "القطاع الاول", "Depth": 2.0800000000000125, "GL": 166.4, "IL": 164.32, "نوع_المطبق": "مربع", "dimention": "2 X 2 m", "Fault_statement": null}, "geometry": {"type": "Point", "coordinates": [31.56408641592575, 30.27391497993032, 0.0]}}, {"type": "Feature", "properties": {"ID": "MH-A-5-23-1-b", "Easting": "031° 33' 44.94\" E", "Northing": "30° 16' 26.49\" N", "الشركة_المنفذة": "اولاد حجازي", "Start": "1/3/2022", "End": "3/2/2025", "GlobalID": "{7D04267A-6B2D-4C90-83A8-F883DCED905D}", "القطاع": "القطاع الاول", "Depth": 1.5, "GL": 166.56, "IL": 165.06, "نوع_المطبق": "مربع", "dimention": "2 X 2 m", "Fault_statement": null}, "geometry": {"type": "Point", "coordinates": [31.56415992867693, 30.274191906766827, 0.0]}}, {"type": "Feature", "properties": {"ID": "MH-A-5-23-1-a", "Easting": "031° 33' 45.76\" E", "Northing": "30° 16' 27.13\" N", "الشركة_المنفذة": "اولاد حجازي", "Start": "1/3/2022", "End": "3/2/2025", "GlobalID": "{95DE4425-94C1-41EC-A9EC-96F133A0EF0E}", "القطاع": "القطاع الاول", "Depth": 1.5999999999999943, "GL": 166.7, "IL": 165.1, "نوع_المطبق": "مربع", "dimention": "2 X 2 m", "Fault_statement": null}, "geometry": {"type": "Point", "coordinates": [31.564389188630052, 30.27437026276908, 0.0]}}, {"type": "Feature", "properties": {"ID": "MH-A-5-23", "Easting": "031° 33' 45.81\" E", "Northing": "30° 16' 26.4\" N", "الشركة_المنفذة": "اولاد حجازي", "Start": "1/3/2022", "End": "3/2/2025", "GlobalID": "{ED9D9A39-C807-490E-B95E-7C72E3B7BA88}", "القطاع": "القطاع الاول", "Depth": 2.0800000000000125, "GL": 166.59, "IL": 164.51, "نوع_المطبق": "مربع", "dimention": "2 X 2 m", "Fault_statement": null}, "geometry": {"type": "Point", "coordinates": [31.564401591886742, 30.27416626638886, 0.0]}}, {"type": "Feature", "properties": {"ID": "MH-A-5-23-2", "Easting": "031° 33' 44.73\" E", "Northing": "30° 16' 27.48\" N", "الشركة_المنفذة": "اولاد حجازي", "Start": "1/3/2022", "End": "3/2/2025", "GlobalID": "{81AAF574-C872-41EA-B45D-5A7919E8A823}", "القطاع": "القطاع الاول", "Depth": 1.6500000000000057, "GL": 166.66, "IL": 165.01, "نوع_المطبق": "مربع", "dimention": "2 X 2 m", "Fault_statement": null}, "geometry": {"type": "Point", "coordinates": [31.564103246273458, 30.274465125183657, 0.0]}}, {"type": "Feature", "properties": {"ID": "MH-A-5-23-3", "Easting": "031° 33' 44.11\" E", "Northing": "30° 16' 28.08\" N", "الشركة_المنفذة": "اولاد حجازي", "Start": "1/3/2022", "End": "3/2/2025", "GlobalID": "{5065D71D-93FC-48C3-9579-56D6B4C862D7}", "القطاع": "القطاع الاول", "Depth": 1.420000000000016, "GL": 167.02, "IL": 165.6, "نوع_المطبق": "مربع", "dimention": "2 X 2 m", "Fault_statement": null}, "geometry": {"type": "Point", "coordinates": [31.563929114273073, 30.27463431447946, 0.0]}}, {"type": "Feature", "properties": {"ID": "MH-A-5-24", "Easting": "031° 33' 47.15\" E", "Northing": "30° 16' 27.41\" N", "الشركة_المنفذة": "اولاد حجازي", "Start": "1/3/2022", "End": "3/2/2025", "GlobalID": "{A55A8901-0377-47D9-818D-2DF4DC42631C}", "القطاع": "القطاع الاول", "Depth": 2.0999999999999943, "GL": 166.82, "IL": 164.72, "نوع_المطبق": "مربع", "dimention": "2 X 2 m", "Fault_statement": null}, "geometry": {"type": "Point", "coordinates": [31.56477366671624, 30.274445827840992, 0.0]}}, {"type": "Feature", "properties": {"ID": "MH-A-5-25", "Easting": "031° 33' 48.24\" E", "Northing": "30° 16' 28.22\" N", "الشركة_المنفذة": "اولاد حجازي", "Start": "1/3/2022", "End": "3/2/2025", "GlobalID": "{3C86B67C-E338-471F-B8E5-466A79E4BBBE}", "القطاع": "القطاع الاول", "Depth": 2.0999999999999943, "GL": 167.0, "IL": 164.9, "نوع_المطبق": "مربع", "dimention": "2 X 2 m", "Fault_statement": null}, "geometry": {"type": "Point", "coordinates": [31.565076903642815, 30.27467145219908, 0.0]}}, {"type": "Feature", "properties": {"ID": "MH-A-5-25-1", "Easting": "031° 33' 47.77\" E", "Northing": "30° 16' 28.74\" N", "الشركة_المنفذة": "اولاد حجازي", "Start": "1/3/2022", "End": "3/2/2025", "GlobalID": "{32B8EF27-D4DE-4D17-B0D8-2F3B8EA4D3F3}", "القطاع": "القطاع الاول", "Depth": 1.6400000000000148, "GL": 166.93, "IL": 165.29, "نوع_المطبق": "مربع", "dimention": "2 X 2 m", "Fault_statement": null}, "geometry": {"type": "Point", "coordinates": [31.5649476628836, 30.274815865099924, 0.0]}}, {"type": "Feature", "properties": {"ID": "MH-A-5-25-3", "Easting": "031° 33' 46.47\" E", "Northing": "30° 16' 29.99\" N", "الشركة_المنفذة": "اولاد حجازي", "Start": "1/3/2022", "End": "3/2/2025", "GlobalID": "{D7028BB3-C05D-4754-9696-98F7157DFC20}", "القطاع": "القطاع الاول", "Depth": 1.5, "GL": 166.97, "IL": 165.47, "نوع_المطبق": "مربع", "dimention": "2 X 2 m", "Fault_statement": null}, "geometry": {"type": "Point", "coordinates": [31.564584940518206, 30.27516350876484, 0.0]}}, {"type": "Feature", "properties": {"ID": "MH-A-5-26", "Easting": "031° 33' 49.32\" E", "Northing": "30° 16' 29.09\" N", "الشركة_المنفذة": "اولاد حجازي", "Start": "1/3/2022", "End": "3/2/2025", "GlobalID": "{336E741E-6076-4273-92DE-20D0D752CC5F}", "القطاع": "القطاع الاول", "Depth": 2.109999999999985, "GL": 167.19, "IL": 165.08, "نوع_المطبق": "مربع", "dimention": "2 X 2 m", "Fault_statement": null}, "geometry": {"type": "Point", "coordinates": [31.565378511864655, 30.27491224079248, 0.0]}}, {"type": "Feature", "properties": {"ID": "MH-A-5-32-2-1", "Easting": "031° 33' 57.78\" E", "Northing": "30° 16' 32.65\" N", "الشركة_المنفذة": "اولاد حجازي", "Start": "1/3/2022", "End": "3/2/2025", "GlobalID": "{7CE54F00-C0A1-4F1D-AE5D-E2D9D481A6C2}", "القطاع": "القطاع الاول", "Depth": 1.160000000000025, "GL": 168.3, "IL": 167.14, "نوع_المطبق": "مربع", "dimention": "2 X 2 m", "Fault_statement": null}, "geometry": {"type": "Point", "coordinates": [31.56772741167726, 30.275903476053372, 0.0]}}, {"type": "Feature", "properties": {"ID": "MH-A-5-31", "Easting": "031° 33' 55.65\" E", "Northing": "30° 16' 34.1\" N", "الشركة_المنفذة": "اولاد حجازي", "Start": "1/3/2022", "End": "3/2/2025", "GlobalID": "{81E65277-F39C-4C43-B5A9-920281A19CFD}", "القطاع": "القطاع الاول", "Depth": 2.1599999999999966, "GL": 168.26, "IL": 166.1, "نوع_المطبق": "مربع", "dimention": "2 X 2 m", "Fault_statement": null}, "geometry": {"type": "Point", "coordinates": [31.567134868798902, 30.27630417113902, 0.0]}}, {"type": "Feature", "properties": {"ID": "MH-A-5-30", "Easting": "031° 33' 54.73\" E", "Northing": "30° 16' 33.38\" N", "الشركة_المنفذة": "اولاد حجازي", "Start": "1/3/2022", "End": "3/2/2025", "GlobalID": "{BA28E1F6-E4C9-4432-A177-31417F6FE0AC}", "القطاع": "القطاع الاول", "Depth": 2.1500000000000057, "GL": 168.11, "IL": 165.96, "نوع_المطبق": "مربع", "dimention": "2 X 2 m", "Fault_statement": null}, "geometry": {"type": "Point", "coordinates": [31.566881235013344, 30.27610418801276, 0.0]}}, {"type": "Feature", "properties": {"ID": "MH-A-5-34-1", "Easting": "031° 33' 53.55\" E", "Northing": "30° 16' 35.61\" N", "الشركة_المنفذة": "اولاد حجازي", "Start": "1/3/2022", "End": "3/2/2025", "GlobalID": "{53BF2605-2932-4389-B1E3-FC5F01B169C0}", "القطاع": "القطاع الاول", "Depth": 1.2199999999999989, "GL": 168.25, "IL": 167.03, "نوع_المطبق": "مربع", "dimention": "2 X 2 m", "Fault_statement": null}, "geometry": {"type": "Point", "coordinates": [31.56655160698545, 30.276725675085366, 0.0]}}, {"type": "Feature", "properties": {"ID": "MH-A-5-32-4", "Easting": "031° 34' 0.98\" E", "Northing": "30° 16' 31.71\" N", "الشركة_المنفذة": "اولاد حجازي", "Start": "1/3/2022", "End": "3/2/2025", "GlobalID": "{5807E3D1-3ABE-4ACD-8A97-8DE5B84B8923}", "القطاع": "القطاع الاول", "Depth": 2.1899999999999977, "GL": 169.66, "IL": 167.47, "نوع_المطبق": "مربع", "dimention": "2 X 2 m", "Fault_statement": null}, "geometry": {"type": "Point", "coordinates": [31.568615254725284, 30.275641188551198, 0.0]}}, {"type": "Feature", "properties": {"ID": "MH-A-5-32-3", "Easting": "031° 33' 59.85\" E", "Northing": "30° 16' 32.54\" N", "الشركة_المنفذة": "اولاد حجازي", "Start": "1/3/2022", "End": "3/2/2025", "GlobalID": "{313E5AAE-74A4-492D-84C9-96DBD3B22973}", "القطاع": "القطاع الاول", "Depth": 2.079999999999984, "GL": 169.39, "IL": 167.31, "نوع_المطبق": "مربع", "dimention": "2 X 2 m", "Fault_statement": null}, "geometry": {"type": "Point", "coordinates": [31.568301398708478, 30.275873145540736, 0.0]}}, {"type": "Feature", "properties": {"ID": "MH-A-5-32-2", "Easting": "031° 33' 58.61\" E", "Northing": "30° 16' 33.5\" N", "الشركة_المنفذة": "اولاد حجازي", "Start": "1/3/2022", "End": "3/2/2025", "GlobalID": "{E1916DBD-E7CE-41B7-A393-4EC1B31216E4}", "القطاع": "القطاع الاول", "Depth": 2.160000000000025, "GL": 169.08, "IL": 166.92, "نوع_المطبق": "مربع", "dimention": "2 X 2 m", "Fault_statement": null}, "geometry": {"type": "Point", "coordinates": [31.56795712982886, 30.27613766375419, 0.0]}}, {"type": "Feature", "properties": {"ID": "MH-A-5-32-1", "Easting": "031° 33' 57.44\" E", "Northing": "30° 16' 34.42\" N", "الشركة_المنفذة": "اولاد حجازي", "Start": "1/3/2022", "End": "3/2/2025", "GlobalID": "{82D5A210-BD30-4B31-9BC6-F5D1614454CC}", "القطاع": "القطاع الاول", "Depth": 2.030000000000001, "GL": 168.78, "IL": 166.75, "نوع_المطبق": "مربع", "dimention": "2 X 2 m", "Fault_statement": null}, "geometry": {"type": "Point", "coordinates": [31.567631898825045, 30.276395306276996, 0.0]}}, {"type": "Feature", "properties": {"ID": "MH-A-5-32", "Easting": "031° 33' 56.74\" E", "Northing": "30° 16' 34.98\" N", "الشركة_المنفذة": "اولاد حجازي", "Start": "1/3/2022", "End": "3/2/2025", "GlobalID": "{E5E5FA51-A038-4976-8718-EB1BA9FF2D93}", "القطاع": "القطاع الاول", "Depth": 2.3799999999999955, "GL": 168.66, "IL": 166.28, "نوع_المطبق": "مربع", "dimention": "2 X 2 m", "Fault_statement": null}, "geometry": {"type": "Point", "coordinates": [31.567437897616895, 30.2765498882873, 0.0]}}, {"type": "Feature", "properties": {"ID": "MH-A-5-33", "Easting": "031° 33' 55.7\" E", "Northing": "30° 16' 35.84\" N", "الشركة_المنفذة": "اولاد حجازي", "Start": "1/3/2022", "End": "3/2/2025", "GlobalID": "{192E6080-2B50-4EF8-9A69-1F093A9C9357}", "القطاع": "القطاع الاول", "Depth": 2.299999999999983, "GL": 168.63, "IL": 166.33, "نوع_المطبق": "مربع", "dimention": "2 X 2 m", "Fault_statement": null}, "geometry": {"type": "Point", "coordinates": [31.567150389607622, 30.276787882253437, 0.0]}}, {"type": "Feature", "properties": {"ID": "MH-A-5-34", "Easting": "031° 33' 54.82\" E", "Northing": "30° 16' 36.6\" N", "الشركة_المنفذة": "اولاد حجازي", "Start": "1/3/2022", "End": "3/2/2025", "GlobalID": "{7B9F9757-4151-4466-9983-3AF68DEDE402}", "القطاع": "القطاع الاول", "Depth": 2.130000000000024, "GL": 168.77, "IL": 166.64, "نوع_المطبق": "مربع", "dimention": "2 X 2 m", "Fault_statement": null}, "geometry": {"type": "Point", "coordinates": [31.566904594794863, 30.276999696585403, 0.0]}}, {"type": "Feature", "properties": {"ID": "MH-A-5-35", "Easting": "031° 33' 53.6\" E", "Northing": "30° 16' 37.67\" N", "الشركة_المنفذة": "اولاد حجازي", "Start": "1/3/2022", "End": "3/2/2025", "GlobalID": "{7459E302-6F87-40F8-BD22-D77B9FE7DE35}", "القطاع": "القطاع الاول", "Depth": 2.1399999999999864, "GL": 169.07, "IL": 166.93, "نوع_المطبق": "مربع", "dimention": "2 X 2 m", "Fault_statement": null}, "geometry": {"type": "Point", "coordinates": [31.56656629314927, 30.277297735945112, 0.0]}}, {"type": "Feature", "properties": {"ID": "MH-A-5-36", "Easting": "031° 33' 52.63\" E", "Northing": "30° 16' 38.53\" N", "الشركة_المنفذة": "اولاد حجازي", "Start": "1/3/2022", "End": "3/2/2025", "GlobalID": "{C078CCBF-E732-4B62-86DC-7FDF6EF9EC44}", "القطاع": "القطاع الاول", "Depth": 2.1599999999999966, "GL": 169.31, "IL": 167.15, "نوع_المطبق": "مربع", "dimention": "2 X 2 m", "Fault_statement": null}, "geometry": {"type": "Point", "coordinates": [31.566297923957233, 30.277535228611296, 0.0]}}, {"type": "Feature", "properties": {"ID": "MH-A-5-36-1", "Easting": "031° 33' 51.39\" E", "Northing": "30° 16' 37.51\" N", "الشركة_المنفذة": "اولاد حجازي", "Start": "1/3/2022", "End": "3/2/2025", "GlobalID": "{15461685-A61C-48E5-B675-40BA007CEA69}", "القطاع": "القطاع الاول", "Depth": 1.9099999999999966, "GL": 169.12, "IL": 167.21, "نوع_المطبق": "مربع", "dimention": "2 X 2 m", "Fault_statement": null}, "geometry": {"type": "Point", "coordinates": [31.565951737578565, 30.277252233292145, 0.0]}}, {"type": "Feature", "properties": {"ID": "MH-A-5-36-2", "Easting": "031° 33' 50.29\" E", "Northing": "30° 16' 36.63\" N", "الشركة_المنفذة": "اولاد حجازي", "Start": "1/3/2022", "End": "3/2/2025", "GlobalID": "{2E0BCAA7-7B57-42FB-87FC-DFA727B5E156}", "القطاع": "القطاع الاول", "Depth": 1.8700000000000045, "GL": 169.32, "IL": 167.45, "نوع_المطبق": "مربع", "dimention": "2 X 2 m", "Fault_statement": null}, "geometry": {"type": "Point", "coordinates": [31.565646686547606, 30.277008843298578, 0.0]}}, {"type": "Feature", "properties": {"ID": "MH-A-5-36-3", "Easting": "031° 33' 49.18\" E", "Northing": "30° 16' 35.76\" N", "الشركة_المنفذة": "اولاد حجازي", "Start": "1/3/2022", "End": "3/2/2025", "GlobalID": "{45D37B78-45A1-4A41-957E-A4FF83100316}", "القطاع": "القطاع الاول", "Depth": 1.9800000000000182, "GL": 169.52, "IL": 167.54, "نوع_المطبق": "مربع", "dimention": "2 X 2 m", "Fault_statement": null}, "geometry": {"type": "Point", "coordinates": [31.56533856096064, 30.276766584360942, 0.0]}}, {"type": "Feature", "properties": {"ID": "MH-A-5-36-4", "Easting": "031° 33' 48.07\" E", "Northing": "30° 16' 34.9\" N", "الشركة_المنفذة": "اولاد حجازي", "Start": "1/3/2022", "End": "3/2/2025", "GlobalID": "{ACD0A22D-E74C-49BD-BBF2-2FB2AC7E8F56}", "القطاع": "القطاع الاول", "Depth": 2.069999999999993, "GL": 169.72, "IL": 167.65, "نوع_المطبق": "مربع", "dimention": "2 X 2 m", "Fault_statement": null}, "geometry": {"type": "Point", "coordinates": [31.565030530558378, 30.27652725590638, 0.0]}}, {"type": "Feature", "properties": {"ID": "MH-A-5-36-5", "Easting": "031° 33' 46.95\" E", "Northing": "30° 16' 34.02\" N", "الشركة_المنفذة": "اولاد حجازي", "Start": "1/3/2022", "End": "3/2/2025", "GlobalID": "{E0C59B5B-25E6-4A3D-B56B-33509B207EAB}", "القطاع": "القطاع الاول", "Depth": 2.1799999999999784, "GL": 169.92, "IL": 167.74, "نوع_المطبق": "مربع", "dimention": "2 X 2 m", "Fault_statement": null}, "geometry": {"type": "Point", "coordinates": [31.56471874297737, 30.276283456123313, 0.0]}}, {"type": "Feature", "properties": {"ID": "MH-A-5-36-6", "Easting": "031° 33' 45.84\" E", "Northing": "30° 16' 33.16\" N", "الشركة_المنفذة": "اولاد حجازي", "Start": "1/3/2022", "End": "3/2/2025", "GlobalID": "{3D8A555C-4163-4C1C-A716-A9B99D911396}", "القطاع": "القطاع الاول", "Depth": 2.259999999999991, "GL": 170.09, "IL": 167.83, "نوع_المطبق": "مربع", "dimention": "2 X 2 m", "Fault_statement": null}, "geometry": {"type": "Point", "coordinates": [31.56441139205905, 30.27604319955089, 0.0]}}, {"type": "Feature", "properties": {"ID": "MH-A-5-19-5-b-9", "Easting": "031° 33' 44.37\" E", "Northing": "30° 16' 31.99\" N", "الشركة_المنفذة": "اولاد حجازي", "Start": "1/3/2022", "End": "3/2/2025", "GlobalID": "{982FB825-8D76-4910-975D-CFC3B3C753CC}", "القطاع": "القطاع الاول", "Depth": 2.109999999999985, "GL": 169.98, "IL": 167.87, "نوع_المطبق": "مربع", "dimention": "2 X 2 m", "Fault_statement": null}, "geometry": {"type": "Point", "coordinates": [31.564001137374298, 30.27571923504198, 0.0]}}, {"type": "Feature", "properties": {"ID": "MH-A-5-19-5-b-8", "Easting": "031° 33' 43.52\" E", "Northing": "30° 16' 31.34\" N", "الشركة_المنفذة": "اولاد حجازي", "Start": "1/3/2022", "End": "3/2/2025", "GlobalID": "{FF875F85-8527-4498-9951-C3328D639920}", "القطاع": "القطاع الاول", "Depth": 1.9499999999999886, "GL": 169.73, "IL": 167.78, "نوع_المطبق": "مربع", "dimention": "2 X 2 m", "Fault_statement": null}, "geometry": {"type": "Point", "coordinates": [31.563766975187928, 30.275537496984835, 0.0]}}, {"type": "Feature", "properties": {"ID": "MH-A-5-19-5-b-7", "Easting": "031° 33' 42.71\" E", "Northing": "30° 16' 30.69\" N", "الشركة_المنفذة": "اولاد حجازي", "Start": "1/3/2022", "End": "3/2/2025", "GlobalID": "{64E8A796-8526-4F89-8B61-82C950CC288D}", "القطاع": "القطاع الاول", "Depth": 1.7399999999999807, "GL": 169.42, "IL": 167.68, "نوع_المطبق": "مربع", "dimention": "2 X 2 m", "Fault_statement": null}, "geometry": {"type": "Point", "coordinates": [31.56354084714017, 30.275359344773534, 0.0]}}, {"type": "Feature", "properties": {"ID": "MH-A-5-19-5-b-6", "Easting": "031° 33' 41.93\" E", "Northing": "30° 16' 30.08\" N", "الشركة_المنفذة": "اولاد حجازي", "Start": "1/3/2022", "End": "3/2/2025", "GlobalID": "{A39A16D9-7FAC-4956-AB12-EBC9D1C91108}", "القطاع": "القطاع الاول", "Depth": 2.039999999999992, "GL": 169.14, "IL": 167.1, "نوع_المطبق": "مربع", "dimention": "2 X 2 m", "Fault_statement": null}, "geometry": {"type": "Point", "coordinates": [31.56332480188916, 30.27518756778882, 0.0]}}, {"type": "Feature", "properties": {"ID": "MH-A-5-19-5-b-5", "Easting": "031° 33' 41.12\" E", "Northing": "30° 16' 29.43\" N", "الشركة_المنفذة": "اولاد حجازي", "Start": "1/3/2022", "End": "3/2/2025", "GlobalID": "{2B9D189E-29AE-4F1C-A299-EE83D8E2BC8C}", "القطاع": "القطاع الاول", "Depth": 1.8300000000000125, "GL": 168.84, "IL": 167.01, "نوع_المطبق": "مربع", "dimention": "2 X 2 m", "Fault_statement": null}, "geometry": {"type": "Point", "coordinates": [31.56309816172574, 30.27500863040809, 0.0]}}, {"type": "Feature", "properties": {"ID": "MH-A-5-19-5-b-4", "Easting": "031° 33' 40.29\" E", "Northing": "30° 16' 28.8\" N", "الشركة_المنفذة": "اولاد حجازي", "Start": "1/3/2022", "End": "3/2/2025", "GlobalID": "{4546234E-1DD2-425E-B6FD-5B7996D2768E}", "القطاع": "القطاع الاول", "Depth": 1.6599999999999966, "GL": 168.57, "IL": 166.91, "نوع_المطبق": "مربع", "dimention": "2 X 2 m", "Fault_statement": null}, "geometry": {"type": "Point", "coordinates": [31.562868811519227, 30.274834356995463, 0.0]}}, {"type": "Feature", "properties": {"ID": "MH-A-5-19-5-b-3", "Easting": "031° 33' 39.57\" E", "Northing": "30° 16' 28.24\" N", "الشركة_المنفذة": "اولاد حجازي", "Start": "1/3/2022", "End": "3/2/2025", "GlobalID": "{817EC896-F696-4BE5-839F-5FB1188A87FA}", "القطاع": "القطاع الاول", "Depth": 1.9799999999999898, "GL": 168.44, "IL": 166.46, "نوع_المطبق": "مربع", "dimention": "2 X 2 m", "Fault_statement": null}, "geometry": {"type": "Point", "coordinates": [31.562669577921934, 30.274678306931484, 0.0]}}, {"type": "Feature", "properties": {"ID": "MH-A-5-19-5-b-2", "Easting": "031° 33' 38.89\" E", "Northing": "30° 16' 27.71\" N", "الشركة_المنفذة": "اولاد حجازي", "Start": "1/3/2022", "End": "3/2/2025", "GlobalID": "{D56E49DA-7207-4009-884F-92D3BDC4DA0B}", "القطاع": "القطاع الاول", "Depth": 2.069999999999993, "GL": 168.4, "IL": 166.33, "نوع_المطبق": "مربع", "dimention": "2 X 2 m", "Fault_statement": null}, "geometry": {"type": "Point", "coordinates": [31.562480896341043, 30.274530053663003, 0.0]}}, {"type": "Feature", "properties": {"ID": "MH-A-5-19-5-b-1-1", "Easting": "031° 33' 37.97\" E", "Northing": "30° 16' 27.64\" N", "الشركة_المنفذة": "التوحيد", "Start": "1/3/2022", "End": "3/2/2025", "GlobalID": "{CA379408-EB3B-4793-A1CC-644FE906BB71}", "القطاع": "القطاع الثالث", "Depth": 1.5, "GL": 168.97, "IL": 167.47, "نوع_المطبق": "مربع", "dimention": "2 X 2 m", "Fault_statement": null}, "geometry": {"type": "Point", "coordinates": [31.562225565228882, 30.274510020907563, 0.0]}}, {"type": "Feature", "properties": {"ID": "MH-A-5-19-5-b-1-2", "Easting": "031° 33' 37.19\" E", "Northing": "30° 16' 28.39\" N", "الشركة_المنفذة": "التوحيد", "Start": "1/3/2022", "End": "3/2/2025", "GlobalID": "{443FB46E-8FD0-4E83-AF88-94AD662B1EDF}", "القطاع": "القطاع الثالث", "Depth": 1.5300000000000011, "GL": 170.22, "IL": 168.69, "نوع_المطبق": "مربع", "dimention": "2 X 2 m", "Fault_statement": null}, "geometry": {"type": "Point", "coordinates": [31.562007337946778, 30.274720147432532, 0.0]}}, {"type": "Feature", "properties": {"ID": "MH-A-5-19-5-b", "Easting": "031° 33' 37.5\" E", "Northing": "30° 16' 26.64\" N", "الشركة_المنفذة": "اولاد حجازي", "Start": "1/3/2022", "End": "3/2/2025", "GlobalID": "{1F53C7BF-AA2A-4E8A-A02D-3A8A0C6D5D54}", "القطاع": "القطاع الاول", "Depth": 2.3400000000000034, "GL": 168.53, "IL": 166.19, "نوع_المطبق": "مربع", "dimention": "2 X 2 m", "Fault_statement": null}, "geometry": {"type": "Point", "coordinates": [31.56209420556409, 30.27423302699928, 0.0]}}, {"type": "Feature", "properties": {"ID": "MH-A-5-19-4", "Easting": "031° 33' 37.6\" E", "Northing": "30° 16' 25.16\" N", "الشركة_المنفذة": "اولاد حجازي", "Start": "1/3/2022", "End": "3/2/2025", "GlobalID": "{8FD60CCE-3A7A-4BEF-8BB9-2EBECAFEB590}", "القطاع": "القطاع الاول", "Depth": 2.5400000000000205, "GL": 168.33, "IL": 165.79, "نوع_المطبق": "مربع", "dimention": "2 X 2 m", "Fault_statement": null}, "geometry": {"type": "Point", "coordinates": [31.562121326607755, 30.27382321155049, 0.0]}}, {"type": "Feature", "properties": {"ID": "MH-A-5-19-5", "Easting": "031° 33' 36.74\" E", "Northing": "30° 16' 26.0\" N", "الشركة_المنفذة": "اولاد حجازي", "Start": "1/3/2022", "End": "3/2/2025", "GlobalID": "{5204B2E9-54ED-40CD-9826-D6DAF2823401}", "القطاع": "القطاع الاول", "Depth": 2.6499999999999773, "GL": 168.76, "IL": 166.11, "نوع_المطبق": "مربع", "dimention": "2 X 2 m", "Fault_statement": null}, "geometry": {"type": "Point", "coordinates": [31.561881486876654, 30.274055783155863, 0.0]}}, {"type": "Feature", "properties": {"ID": "MH-A-5-19-6-2", "Easting": "031° 33' 34.45\" E", "Northing": "30° 16' 26.32\" N", "الشركة_المنفذة": "التوحيد", "Start": "1/3/2022", "End": "3/2/2025", "GlobalID": "{401F0CB9-CB1D-4ED5-B640-5E417B68BD20}", "القطاع": "القطاع الثالث", "Depth": 1.5, "GL": 170.57, "IL": 169.07, "نوع_المطبق": "مربع", "dimention": "2 X 2 m", "Fault_statement": null}, "geometry": {"type": "Point", "coordinates": [31.561247640325103, 30.27414428713614, 0.0]}}, {"type": "Feature", "properties": {"ID": "MH-A-5-19-6-1", "Easting": "031° 33' 35.22\" E", "Northing": "30° 16' 25.61\" N", "الشركة_المنفذة": "التوحيد", "Start": "1/3/2022", "End": "3/2/2025", "GlobalID": "{050DF9A4-8BC0-4D11-8892-00608299BA19}", "القطاع": "القطاع الثالث", "Depth": 1.5, "GL": 169.67, "IL": 168.17, "نوع_المطبق": "مربع", "dimention": "2 X 2 m", "Fault_statement": null}, "geometry": {"type": "Point", "coordinates": [31.56146113638169, 30.273947171541554, 0.0]}}, {"type": "Feature", "properties": {"ID": "MH-A-5-19-6", "Easting": "031° 33' 35.68\" E", "Northing": "30° 16' 25.19\" N", "الشركة_المنفذة": "اولاد حجازي", "Start": "1/3/2022", "End": "3/2/2025", "GlobalID": "{7CB34227-477F-4C72-8A64-F160EA616B47}", "القطاع": "القطاع الاول", "Depth": 1.549999999999983, "GL": 169.14, "IL": 167.59, "نوع_المطبق": "مربع", "dimention": "2 X 2 m", "Fault_statement": null}, "geometry": {"type": "Point", "coordinates": [31.56158816104041, 30.273829405262862, 0.0]}}, {"type": "Feature", "properties": {"ID": "MH-A-5-19-7", "Easting": "031° 33' 34.83\" E", "Northing": "30° 16' 24.54\" N", "الشركة_المنفذة": "اولاد حجازي", "Start": "1/3/2022", "End": "3/2/2025", "GlobalID": "{97C07FE5-7180-483E-80F2-EEDF7745D325}", "القطاع": "القطاع الاول", "Depth": 1.5, "GL": 169.36, "IL": 167.86, "نوع_المطبق": "مربع", "dimention": "2 X 2 m", "Fault_statement": null}, "geometry": {"type": "Point", "coordinates": [31.561353381006352, 30.27365075580993, 0.0]}}, {"type": "Feature", "properties": {"ID": "MH-A-5-19-8", "Easting": "031° 33' 33.82\" E", "Northing": "30° 16' 23.73\" N", "الشركة_المنفذة": "اولاد حجازي", "Start": "1/3/2022", "End": "3/2/2025", "GlobalID": "{E4A4249B-0978-4298-B7E1-02CE5A5C7F1F}", "القطاع": "القطاع الاول", "Depth": 1.5300000000000011, "GL": 169.72, "IL": 168.19, "نوع_المطبق": "مربع", "dimention": "2 X 2 m", "Fault_statement": null}, "geometry": {"type": "Point", "coordinates": [31.56107033169376, 30.273424015214655, 0.0]}}, {"type": "Feature", "properties": {"ID": "MH-A-5-19-9", "Easting": "031° 33' 32.71\" E", "Northing": "30° 16' 22.85\" N", "الشركة_المنفذة": "اولاد حجازي", "Start": "1/3/2022", "End": "3/2/2025", "GlobalID": "{B4E3BB6C-6D48-46FF-BF00-DC9E4B4DB5C9}", "القطاع": "القطاع الاول", "Depth": 1.5, "GL": 170.08, "IL": 168.58, "نوع_المطبق": "مربع", "dimention": "2 X 2 m", "Fault_statement": null}, "geometry": {"type": "Point", "coordinates": [31.5607638276128, 30.27317967618167, 0.0]}}, {"type": "Feature", "properties": {"ID": "MH-A-5-19-9-1", "Easting": "031° 33' 32.35\" E", "Northing": "30° 16' 23.14\" N", "الشركة_المنفذة": "التوحيد", "Start": "1/3/2022", "End": "3/2/2025", "GlobalID": "{7C7CE843-0447-4A28-9953-5BC1764C998F}", "القطاع": "القطاع الثالث", "Depth": 1.6599999999999966, "GL": 170.47, "IL": 168.81, "نوع_المطبق": "مربع", "dimention": "2 X 2 m", "Fault_statement": null}, "geometry": {"type": "Point", "coordinates": [31.560664498756285, 30.273260052623655, 0.0]}}, {"type": "Feature", "properties": {"ID": "MH-A-5-19-9-2", "Easting": "031° 33' 31.45\" E", "Northing": "30° 16' 23.96\" N", "الشركة_المنفذة": "التوحيد", "Start": "1/3/2022", "End": "3/2/2025", "GlobalID": "{5D83D33D-E514-422B-9CA1-8AC60CA59D06}", "القطاع": "القطاع الثالث", "Depth": 1.5, "GL": 171.06, "IL": 169.56, "نوع_المطبق": "مربع", "dimention": "2 X 2 m", "Fault_statement": null}, "geometry": {"type": "Point", "coordinates": [31.560413132881617, 30.273488461915747, 0.0]}}, {"type": "Feature", "properties": {"ID": "MH-A-5-19-10", "Easting": "031° 33' 31.88\" E", "Northing": "30° 16' 22.21\" N", "الشركة_المنفذة": "اولاد حجازي", "Start": "1/3/2022", "End": "3/2/2025", "GlobalID": "{B6F1E0A5-09FE-4F2A-A458-DC238F27C4A1}", "القطاع": "القطاع الاول", "Depth": 1.5900000000000034, "GL": 170.44, "IL": 168.85, "نوع_المطبق": "مربع", "dimention": "2 X 2 m", "Fault_statement": null}, "geometry": {"type": "Point", "coordinates": [31.56053229129456, 30.273003641703514, 0.0]}}, {"type": "Feature", "properties": {"ID": "MH-A-5-19-11", "Easting": "031° 33' 30.83\" E", "Northing": "30° 16' 21.38\" N", "الشركة_المنفذة": "اولاد حجازي", "Start": "1/3/2022", "End": "3/2/2025", "GlobalID": "{5A3C2E85-4B42-4FE6-9109-934D00828216}", "القطاع": "القطاع الاول", "Depth": 1.5800000000000125, "GL": 170.8, "IL": 169.22, "نوع_المطبق": "مربع", "dimention": "2 X 2 m", "Fault_statement": null}, "geometry": {"type": "Point", "coordinates": [31.560241213162094, 30.27277118214616, 0.0]}}, {"type": "Feature", "properties": {"ID": "MH-A-5-19-12-2", "Easting": "031° 33' 28.43\" E", "Northing": "30° 16' 21.6\" N", "الشركة_المنفذة": "التوحيد", "Start": "1/3/2022", "End": "3/2/2025", "GlobalID": "{912EE9E2-E84F-4B3F-B01C-1351CC4A2238}", "القطاع": "القطاع الثالث", "Depth": 1.5, "GL": 171.65, "IL": 170.15, "نوع_المطبق": "مربع", "dimention": "2 X 2 m", "Fault_statement": null}, "geometry": {"type": "Point", "coordinates": [31.559575329537253, 30.272832982646403, 0.0]}}, {"type": "Feature", "properties": {"ID": "MH-A-5-19-12-1", "Easting": "031° 33' 29.32\" E", "Northing": "30° 16' 20.78\" N", "الشركة_المنفذة": "التوحيد", "Start": "1/3/2022", "End": "3/2/2025", "GlobalID": "{B500BA1E-14D3-479B-81B0-2E22B431BF7E}", "القطاع": "القطاع الثالث", "Depth": 1.6899999999999977, "GL": 171.45, "IL": 169.76, "نوع_المطبق": "مربع", "dimention": "2 X 2 m", "Fault_statement": null}, "geometry": {"type": "Point", "coordinates": [31.559822556507292, 30.272606609576084, 0.0]}}, {"type": "Feature", "properties": {"ID": "MH-A-5-19-12", "Easting": "031° 33' 29.69\" E", "Northing": "30° 16' 20.49\" N", "الشركة_المنفذة": "اولاد حجازي", "Start": "1/3/2022", "End": "3/2/2025", "GlobalID": "{50FF5A9D-3840-4433-97EA-839E8DAA99C0}", "القطاع": "القطاع الاول", "Depth": 1.5900000000000034, "GL": 171.16, "IL": 169.57, "نوع_المطبق": "مربع", "dimention": "2 X 2 m", "Fault_statement": null}, "geometry": {"type": "Point", "coordinates": [31.559924434243143, 30.27252560588422, 0.0]}}, {"type": "Feature", "properties": {"ID": "MH-A-5-19-13", "Easting": "031° 33' 28.64\" E", "Northing": "30° 16' 19.69\" N", "الشركة_المنفذة": "اولاد حجازي", "Start": "1/3/2022", "End": "3/2/2025", "GlobalID": "{EA5C8013-BDEA-4709-87D7-B7211F20832C}", "القطاع": "القطاع الاول", "Depth": 1.6200000000000045, "GL": 171.52, "IL": 169.9, "نوع_المطبق": "مربع", "dimention": "2 X 2 m", "Fault_statement": null}, "geometry": {"type": "Point", "coordinates": [31.55963246530572, 30.272301970727224, 0.0]}}, {"type": "Feature", "properties": {"ID": "MH-A-5-19-14", "Easting": "031° 33' 27.6\" E", "Northing": "30° 16' 18.87\" N", "الشركة_المنفذة": "اولاد حجازي", "Start": "1/3/2022", "End": "3/2/2025", "GlobalID": "{4CA1434E-38B8-4210-A99D-5822AAA9CDB7}", "القطاع": "القطاع الاول", "Depth": 1.6299999999999955, "GL": 171.88, "IL": 170.25, "نوع_المطبق": "مربع", "dimention": "2 X 2 m", "Fault_statement": null}, "geometry": {"type": "Point", "coordinates": [31.559344337978054, 30.272074897964853, 0.0]}}, {"type": "Feature", "properties": {"ID": "MH-A-5-19-15", "Easting": "031° 33' 26.65\" E", "Northing": "30° 16' 18.13\" N", "الشركة_المنفذة": "اولاد حجازي", "Start": "1/3/2022", "End": "3/2/2025", "GlobalID": "{CF850D1D-448A-4D8A-9603-3C24C6964F46}", "القطاع": "القطاع الاول", "Depth": 1.6800000000000068, "GL": 172.24, "IL": 170.56, "نوع_المطبق": "مربع", "dimention": "2 X 2 m", "Fault_statement": null}, "geometry": {"type": "Point", "coordinates": [31.559080860605505, 30.27187022186352, 0.0]}}, {"type": "Feature", "properties": {"ID": "MH-A-5-19-16", "Easting": "031° 33' 26.31\" E", "Northing": "30° 16' 18.42\" N", "الشركة_المنفذة": "التوحيد", "Start": "1/3/2022", "End": "3/2/2025", "GlobalID": "{3A3C4536-6490-468F-B074-4385117231F3}", "القطاع": "القطاع الثالث", "Depth": 1.8100000000000023, "GL": 172.41, "IL": 170.6, "نوع_المطبق": "مربع", "dimention": "2 X 2 m", "Fault_statement": null}, "geometry": {"type": "Point", "coordinates": [31.558985231595216, 30.271951007040304, 0.0]}}, {"type": "Feature", "properties": {"ID": "MH-A-5-19-17", "Easting": "031° 33' 25.41\" E", "Northing": "30° 16' 19.24\" N", "الشركة_المنفذة": "التوحيد", "Start": "1/3/2022", "End": "3/2/2025", "GlobalID": "{A26F31FA-FA0A-45BB-83F7-3EB286092FEF}", "القطاع": "القطاع الثالث", "Depth": 1.5, "GL": 172.21, "IL": 170.71, "نوع_المطبق": "مربع", "dimention": "2 X 2 m", "Fault_statement": null}, "geometry": {"type": "Point", "coordinates": [31.558736509448092, 30.272176937510466, 0.0]}}, {"type": "Feature", "properties": {"ID": "MH-A-5-10-22-3-1", "Easting": "031° 33' 25.71\" E", "Northing": "30° 16' 12.93\" N", "الشركة_المنفذة": "التوحيد", "Start": "1/3/2022", "End": "3/2/2025", "GlobalID": "{74A676B2-7C0C-4E8F-BBFE-1F6DA8270579}", "القطاع": "القطاع الثالث", "Depth": 1.5699999999999932, "GL": 173.34, "IL": 171.77, "نوع_المطبق": "مربع", "dimention": "2 X 2 m", "Fault_statement": null}, "geometry": {"type": "Point", "coordinates": [31.558819315612016, 30.27042452608799, 0.0]}}, {"type": "Feature", "properties": {"ID": "MH-A-5-10-22-3-2", "Easting": "031° 33' 24.71\" E", "Northing": "30° 16' 12.51\" N", "الشركة_المنفذة": "التوحيد", "Start": "1/3/2022", "End": "3/2/2025", "GlobalID": "{F99B993F-7A51-41E8-846F-33C7E971D78E}", "القطاع": "القطاع الثالث", "Depth": 1.5, "GL": 173.37, "IL": 171.87, "نوع_المطبق": "مربع", "dimention": "2 X 2 m", "Fault_statement": null}, "geometry": {"type": "Point", "coordinates": [31.558539992398558, 30.27030679041164, 0.0]}}, {"type": "Feature", "properties": {"ID": "MH-A-5-36-3-1", "Easting": "031° 33' 49.83\" E", "Northing": "30° 16' 35.13\" N", "الشركة_المنفذة": "اولاد حجازي", "Start": "1/3/2022", "End": "3/2/2025", "GlobalID": "{E17D9EEF-208E-42FB-A616-06ABF2D830A7}", "القطاع": "القطاع الاول", "Depth": 1.9800000000000182, "GL": 169.52, "IL": 167.54, "نوع_المطبق": "مربع", "dimention": "2 X 2 m", "Fault_statement": null}, "geometry": {"type": "Point", "coordinates": [31.56551977593315, 30.276591584200734, 0.0]}}, {"type": "Feature", "properties": {"ID": "MH-A-5-36-5-1", "Easting": "031° 33' 47.61\" E", "Northing": "30° 16' 33.37\" N", "الشركة_المنفذة": "اولاد حجازي", "Start": "1/3/2022", "End": "3/2/2025", "GlobalID": "{446B4E2F-CBD6-4F35-9183-6855408850AC}", "القطاع": "القطاع الاول", "Depth": 1.5, "GL": 170.0, "IL": 168.5, "نوع_المطبق": "مربع", "dimention": "2 X 2 m", "Fault_statement": null}, "geometry": {"type": "Point", "coordinates": [31.564901328301733, 30.27610197242943, 0.0]}}, {"type": "Feature", "properties": {"ID": "MH-A-5-19-5-b-10", "Easting": "031° 33' 45.03\" E", "Northing": "30° 16' 31.37\" N", "الشركة_المنفذة": "اولاد حجازي", "Start": "1/3/2022", "End": "3/2/2025", "GlobalID": "{81B1B7FC-DC76-46B4-8E0E-61B1F151CC37}", "القطاع": "القطاع الاول", "Depth": 1.5, "GL": 169.46, "IL": 167.96, "نوع_المطبق": "مربع", "dimention": "2 X 2 m", "Fault_statement": null}, "geometry": {"type": "Point", "coordinates": [31.56418539713719, 30.27554700730756, 0.0]}}, {"type": "Feature", "properties": {"ID": "MH-A-5-19-5-b-6-1", "Easting": "031° 33' 42.62\" E", "Northing": "30° 16' 29.44\" N", "الشركة_المنفذة": "اولاد حجازي", "Start": "1/3/2022", "End": "3/2/2025", "GlobalID": "{CEAE8FC6-25C9-43C7-8BAD-CC6684916B24}", "القطاع": "القطاع الاول", "Depth": 1.5, "GL": 168.69, "IL": 167.19, "نوع_المطبق": "مربع", "dimention": "2 X 2 m", "Fault_statement": null}, "geometry": {"type": "Point", "coordinates": [31.563516776396526, 30.27501005794734, 0.0]}}, {"type": "Feature", "properties": {"ID": "MH-A-5-19-5-b-3-b1", "Easting": "031° 33' 40.26\" E", "Northing": "30° 16' 27.61\" N", "الشركة_المنفذة": "اولاد حجازي", "Start": "1/3/2022", "End": "3/2/2025", "GlobalID": "{70D49E7F-A35D-487A-8D43-CF151EA28171}", "القطاع": "القطاع الاول", "Depth": 1.5, "GL": 168.05, "IL": 166.55, "نوع_المطبق": "مربع", "dimention": "2 X 2 m", "Fault_statement": null}, "geometry": {"type": "Point", "coordinates": [31.56286130215259, 30.274502069186983, 0.0]}}, {"type": "Feature", "properties": {"ID": "MH-A-5-16-3", "Easting": "031° 33' 45.27\" E", "Northing": "30° 16' 21.79\" N", "الشركة_المنفذة": "اولاد حجازي", "Start": "1/3/2022", "End": "3/2/2025", "GlobalID": "{AEED166A-4AAF-45CB-9D04-0BC9FDDD9889}", "القطاع": "القطاع الاول", "Depth": 1.3499999999999943, "GL": 163.75, "IL": 162.4, "نوع_المطبق": "مربع", "dimention": "2 X 2 m", "Fault_statement": null}, "geometry": {"type": "Point", "coordinates": [31.56425088793615, 30.27288622775644, 0.0]}}, {"type": "Feature", "properties": {"ID": "MH-A-5-16-2", "Easting": "031° 33' 44.52\" E", "Northing": "30° 16' 20.93\" N", "الشركة_المنفذة": "اولاد حجازي", "Start": "1/3/2022", "End": "3/2/2025", "GlobalID": "{E8867E8E-14DD-4C2C-BAEE-5CDB6FD3E381}", "القطاع": "القطاع الاول", "Depth": 1.4399999999999977, "GL": 163.75, "IL": 162.31, "نوع_المطبق": "مربع", "dimention": "2 X 2 m", "Fault_statement": null}, "geometry": {"type": "Point", "coordinates": [31.5640437777331, 30.272647732542616, 0.0]}}, {"type": "Feature", "properties": {"ID": "MH-A-5-16-1", "Easting": "031° 33' 43.81\" E", "Northing": "30° 16' 20.31\" N", "الشركة_المنفذة": "اولاد حجازي", "Start": "1/3/2022", "End": "3/2/2025", "GlobalID": "{2ED876A0-6000-42CC-B676-E640F5AB67ED}", "القطاع": "القطاع الاول", "Depth": 1.6200000000000045, "GL": 163.85, "IL": 162.23, "نوع_المطبق": "مربع", "dimention": "2 X 2 m", "Fault_statement": null}, "geometry": {"type": "Point", "coordinates": [31.56384783706932, 30.272473843847898, 0.0]}}, {"type": "Feature", "properties": {"ID": "MH-A-5-10-7-14", "Easting": "031° 33' 33.1\" E", "Northing": "30° 16' 19.95\" N", "الشركة_المنفذة": "اولاد حجازي", "Start": "1/3/2022", "End": "3/2/2025", "GlobalID": "{184A2682-7A32-46F3-ADA0-3F172E4AC8BC}", "القطاع": "القطاع الاول", "Depth": 1.5200000000000102, "GL": 171.47, "IL": 169.95, "نوع_المطبق": "مربع", "dimention": "2 X 2 m", "Fault_statement": null}, "geometry": {"type": "Point", "coordinates": [31.56087125687912, 30.272374442070337, 0.0]}}, {"type": "Feature", "properties": {"ID": "MH-A-5-10-7-8-3", "Easting": "031° 33' 35.9\" E", "Northing": "30° 16' 17.14\" N", "الشركة_المنفذة": "اولاد حجازي", "Start": "1/3/2022", "End": "3/2/2025", "GlobalID": "{1D5F0A27-1C23-47A3-B20A-B59CC8E9AE26}", "القطاع": "القطاع الاول", "Depth": 1.289999999999992, "GL": 169.65, "IL": 168.36, "نوع_المطبق": "مربع", "dimention": "2 X 2 m", "Fault_statement": null}, "geometry": {"type": "Point", "coordinates": [31.56164993123546, 30.271595117272366, 0.0]}}, {"type": "Feature", "properties": {"ID": "MH-A-5-10-7-5-3", "Easting": "031° 33' 38.85\" E", "Northing": "30° 16' 14.45\" N", "الشركة_المنفذة": "اولاد حجازي", "Start": "1/3/2022", "End": "3/2/2025", "GlobalID": "{CA746448-9BD2-4D7B-9DA0-60D205878144}", "القطاع": "القطاع الاول", "Depth": 1.5, "GL": 168.83, "IL": 167.33, "نوع_المطبق": "مربع", "dimention": "2 X 2 m", "Fault_statement": null}, "geometry": {"type": "Point", "coordinates": [31.562469392961766, 30.270847837554246, 0.0]}}, {"type": "Feature", "properties": {"ID": "MH-A-5-10-20-1", "Easting": "031° 33' 27.18\" E", "Northing": "30° 16' 8.19\" N", "الشركة_المنفذة": "عوض خليفة", "Start": "1/3/2022", "End": "3/2/2025", "GlobalID": "{3B28E03B-0FA4-403D-80C1-4DE1D655AC81}", "القطاع": "القطاع الثاني", "Depth": 1.670000000000016, "GL": 170.52, "IL": 168.85, "نوع_المطبق": "مربع", "dimention": "2 X 2 m", "Fault_statement": null}, "geometry": {"type": "Point", "coordinates": [31.559226119434214, 30.269108154358143, 0.0]}}, {"type": "Feature", "properties": {"ID": "MH-A-5-10-22-1-1", "Easting": "031° 33' 26.68\" E", "Northing": "30° 16' 10.57\" N", "الشركة_المنفذة": "عوض خليفة", "Start": "1/3/2022", "End": "3/2/2025", "GlobalID": "{9E70C656-64BA-44F6-BB5B-9A3B90D7ADD8}", "القطاع": "القطاع الثاني", "Depth": 1.5999999999999943, "GL": 171.66, "IL": 170.06, "نوع_المطبق": "مربع", "dimention": "2 X 2 m", "Fault_statement": null}, "geometry": {"type": "Point", "coordinates": [31.55908886031192, 30.269770461340702, 0.0]}}, {"type": "Feature", "properties": {"ID": "MH-A-5-10-22-1-2", "Easting": "031° 33' 25.63\" E", "Northing": "30° 16' 10.23\" N", "الشركة_المنفذة": "عوض خليفة", "Start": "1/3/2022", "End": "3/2/2025", "GlobalID": "{9734A7E0-0494-488B-9249-7C9E049E754C}", "القطاع": "القطاع الثاني", "Depth": 1.5999999999999943, "GL": 171.89, "IL": 170.29, "نوع_المطبق": "مربع", "dimention": "2 X 2 m", "Fault_statement": null}, "geometry": {"type": "Point", "coordinates": [31.558795665672463, 30.269674878190155, 0.0]}}, {"type": "Feature", "properties": {"ID": "MH-A-5-10-22-1-3", "Easting": "031° 33' 24.58\" E", "Northing": "30° 16' 9.87\" N", "الشركة_المنفذة": "عوض خليفة", "Start": "1/3/2022", "End": "3/2/2025", "GlobalID": "{D9D90041-D1D2-4762-B484-1DC2ED6AE851}", "القطاع": "القطاع الثاني", "Depth": 1.6100000000000136, "GL": 172.12, "IL": 170.51, "نوع_المطبق": "مربع", "dimention": "2 X 2 m", "Fault_statement": null}, "geometry": {"type": "Point", "coordinates": [31.55850613130058, 30.269575912359965, 0.0]}}, {"type": "Feature", "properties": {"ID": "MH-A-5-10-22-1-4", "Easting": "031° 33' 23.54\" E", "Northing": "30° 16' 9.51\" N", "الشركة_المنفذة": "عوض خليفة", "Start": "1/3/2022", "End": "3/2/2025", "GlobalID": "{3402B05B-3E23-4A99-B4BC-FA647457DD17}", "القطاع": "القطاع الثاني", "Depth": 1.5, "GL": 172.34, "IL": 170.84, "نوع_المطبق": "مربع", "dimention": "2 X 2 m", "Fault_statement": null}, "geometry": {"type": "Point", "coordinates": [31.55821583898133, 30.269475493209292, 0.0]}}, {"type": "Feature", "properties": {"ID": "MH-A-5-10-22-1-5", "Easting": "031° 33' 22.49\" E", "Northing": "30° 16' 9.14\" N", "الشركة_المنفذة": "عوض خليفة", "Start": "1/3/2022", "End": "3/2/2025", "GlobalID": "{7718CA35-34FC-4055-9562-0F02AFC835FA}", "القطاع": "القطاع الثاني", "Depth": 1.5, "GL": 172.57, "IL": 171.07, "نوع_المطبق": "مربع", "dimention": "2 X 2 m", "Fault_statement": null}, "geometry": {"type": "Point", "coordinates": [31.55792433107989, 30.269373182481885, 0.0]}}, {"type": "Feature", "properties": {"ID": "MH-A-5-10-6-1", "Easting": "031° 33' 41.54\" E", "Northing": "30° 16' 8.56\" N", "الشركة_المنفذة": "عوض خليفة", "Start": "1/3/2022", "End": "3/2/2025", "GlobalID": "{4836AFA2-2711-43C2-A77B-139A3B1AEC28}", "القطاع": "القطاع الثاني", "Depth": 1.5999999999999943, "GL": 162.7, "IL": 161.1, "نوع_المطبق": "مربع", "dimention": "2 X 2 m", "Fault_statement": null}, "geometry": {"type": "Point", "coordinates": [31.563214873879726, 30.26921065390094, 0.0]}}, {"type": "Feature", "properties": {"ID": "MH-A-5-10-6-2", "Easting": "031° 33' 42.05\" E", "Northing": "30° 16' 7.7\" N", "الشركة_المنفذة": "عوض خليفة", "Start": "1/3/2022", "End": "3/2/2025", "GlobalID": "{9CBF3DE6-352A-4BEB-9170-7B28AAA9487E}", "القطاع": "القطاع الثاني", "Depth": 1.5, "GL": 162.7, "IL": 161.2, "نوع_المطبق": "مربع", "dimention": "2 X 2 m", "Fault_statement": null}, "geometry": {"type": "Point", "coordinates": [31.56335887935823, 30.268970744733103, 0.0]}}, {"type": "Feature", "properties": {"ID": "MH-A-5-10-4-1", "Easting": "031° 33' 44.82\" E", "Northing": "30° 16' 10.19\" N", "الشركة_المنفذة": "عوض خليفة", "Start": "1/3/2022", "End": "3/2/2025", "GlobalID": "{EBEB5DE5-D3ED-4748-A9A9-07D0F9472DF8}", "القطاع": "القطاع الثاني", "Depth": 1.5900000000000034, "GL": 162.21, "IL": 160.62, "نوع_المطبق": "مربع", "dimention": "2 X 2 m", "Fault_statement": null}, "geometry": {"type": "Point", "coordinates": [31.56412618097544, 30.26966386256682, 0.0]}}, {"type": "Feature", "properties": {"ID": "MH-A-5-10-4-2", "Easting": "031° 33' 45.42\" E", "Northing": "30° 16' 9.39\" N", "الشركة_المنفذة": "عوض خليفة", "Start": "1/3/2022", "End": "3/2/2025", "GlobalID": "{0B77F79A-FCFF-4698-8ACC-A72B59FCEC53}", "القطاع": "القطاع الثاني", "Depth": 1.5, "GL": 162.22, "IL": 160.72, "نوع_المطبق": "مربع", "dimention": "2 X 2 m", "Fault_statement": null}, "geometry": {"type": "Point", "coordinates": [31.56429238683307, 30.269441094972066, 0.0]}}, {"type": "Feature", "properties": {"ID": "MH-A-5-10-1-1", "Easting": "031° 33' 47.89\" E", "Northing": "30° 16' 12.22\" N", "الشركة_المنفذة": "عوض خليفة", "Start": "1/3/2022", "End": "3/2/2025", "GlobalID": "{06DAE6B0-F3D9-4363-9F87-7CE7BCDC06D4}", "القطاع": "القطاع الثاني", "Depth": 1.579999999999984, "GL": 161.7, "IL": 160.12, "نوع_المطبق": "مربع", "dimention": "2 X 2 m", "Fault_statement": null}, "geometry": {"type": "Point", "coordinates": [31.564979531210728, 30.27022802232634, 0.0]}}, {"type": "Feature", "properties": {"ID": "MH-A-5-10-1-2", "Easting": "031° 33' 48.6\" E", "Northing": "30° 16' 11.46\" N", "الشركة_المنفذة": "عوض خليفة", "Start": "1/3/2022", "End": "3/2/2025", "GlobalID": "{AAF9838D-5BF4-4841-8615-8DCEEB9CB4B1}", "القطاع": "القطاع الثاني", "Depth": 1.5, "GL": 161.71, "IL": 160.21, "نوع_المطبق": "مربع", "dimention": "2 X 2 m", "Fault_statement": null}, "geometry": {"type": "Point", "coordinates": [31.565177344001164, 30.27001744119758, 0.0]}}, {"type": "Feature", "properties": {"ID": "MH-A-5-11-b", "Easting": "031° 33' 50.74\" E", "Northing": "30° 16' 14.35\" N", "الشركة_المنفذة": "عوض خليفة", "Start": "1/3/2022", "End": "3/2/2025", "GlobalID": "{7095E276-A7BE-4544-8D04-B0EBF8C3C1D8}", "القطاع": "القطاع الثاني", "Depth": 1.5400000000000205, "GL": 162.68, "IL": 161.14, "نوع_المطبق": "مربع", "dimention": "2 X 2 m", "Fault_statement": null}, "geometry": {"type": "Point", "coordinates": [31.565772408714942, 30.27081914499979, 0.0]}}, {"type": "Feature", "properties": {"ID": "MH-A-5-11-b-1", "Easting": "031° 33' 51.51\" E", "Northing": "30° 16' 13.58\" N", "الشركة_المنفذة": "عوض خليفة", "Start": "1/3/2022", "End": "3/2/2025", "GlobalID": "{620FE5E8-A701-4DD2-93E0-1D92F2F113F7}", "القطاع": "القطاع الثاني", "Depth": 1.5, "GL": 162.8, "IL": 161.3, "نوع_المطبق": "مربع", "dimention": "2 X 2 m", "Fault_statement": null}, "geometry": {"type": "Point", "coordinates": [31.56598460003662, 30.270605357924435, 0.0]}}, {"type": "Feature", "properties": {"ID": "MH-A-5-30-1", "Easting": "031° 33' 54.42\" E", "Northing": "30° 16' 33.82\" N", "الشركة_المنفذة": "اولاد حجازي", "Start": "1/3/2022", "End": "3/2/2025", "GlobalID": "{A7CF8848-EDEA-4235-AC9E-9B443D6B2981}", "القطاع": "القطاع الاول", "Depth": 1.6399999999999864, "GL": 168.25, "IL": 166.61, "نوع_المطبق": "مربع", "dimention": "2 X 2 m", "Fault_statement": null}, "geometry": {"type": "Point", "coordinates": [31.566794378804783, 30.276226793888547, 0.0]}}, {"type": "Feature", "properties": {"ID": "MH-A-5-14-4-2", "Easting": "031° 33' 50.92\" E", "Northing": "30° 16' 18.84\" N", "الشركة_المنفذة": "اولاد حجازي", "Start": "1/3/2022", "End": "3/2/2025", "GlobalID": "{3C394E09-6428-441C-AB55-6A959A9C1005}", "القطاع": "القطاع الاول", "Depth": 1.4000000000000057, "GL": 163.6, "IL": 162.2, "نوع_المطبق": "مربع", "dimention": "2 X 2 m", "Fault_statement": null}, "geometry": {"type": "Point", "coordinates": [31.565822025302893, 30.272067278253378, 0.0]}}, {"type": "Feature", "properties": {"ID": "MH-A-5-14-6-1", "Easting": "031° 33' 52.07\" E", "Northing": "30° 16' 21.71\" N", "الشركة_المنفذة": "اولاد حجازي", "Start": "1/3/2022", "End": "3/2/2025", "GlobalID": "{3590B3C9-334E-43D4-9FDB-B27C6D350BA8}", "القطاع": "القطاع الاول", "Depth": 1.5900000000000034, "GL": 164.77, "IL": 163.18, "نوع_المطبق": "مربع", "dimention": "2 X 2 m", "Fault_statement": null}, "geometry": {"type": "Point", "coordinates": [31.566140584796184, 30.272862904021558, 0.0]}}, {"type": "Feature", "properties": {"ID": "MH-A-5-14-6-2", "Easting": "031° 33' 53.04\" E", "Northing": "30° 16' 20.95\" N", "الشركة_المنفذة": "اولاد حجازي", "Start": "1/3/2022", "End": "3/2/2025", "GlobalID": "{B55A686B-E5EF-4BB9-B82B-6C10931C83A6}", "القطاع": "القطاع الاول", "Depth": 1.4000000000000057, "GL": 164.72, "IL": 163.32, "نوع_المطبق": "مربع", "dimention": "2 X 2 m", "Fault_statement": null}, "geometry": {"type": "Point", "coordinates": [31.566411295387894, 30.2726530852158, 0.0]}}, {"type": "Feature", "properties": {"ID": "MH-A-5-14-9-1", "Easting": "031° 33' 54.05\" E", "Northing": "30° 16' 23.91\" N", "الشركة_المنفذة": "اولاد حجازي", "Start": "1/3/2022", "End": "3/2/2025", "GlobalID": "{56D55005-CD2D-40BD-96BC-FC2FDDCF87E7}", "القطاع": "القطاع الاول", "Depth": 1.579999999999984, "GL": 165.79, "IL": 164.21, "نوع_المطبق": "مربع", "dimention": "2 X 2 m", "Fault_statement": null}, "geometry": {"type": "Point", "coordinates": [31.5666913800838, 30.27347336255729, 0.0]}}, {"type": "Feature", "properties": {"ID": "MH-A-5-14-9-2", "Easting": "031° 33' 55.17\" E", "Northing": "30° 16' 23.06\" N", "الشركة_المنفذة": "اولاد حجازي", "Start": "1/3/2022", "End": "3/2/2025", "GlobalID": "{EF632394-7E42-4F45-AF78-AB1273445AC8}", "القطاع": "القطاع الاول", "Depth": 1.4300000000000068, "GL": 165.77, "IL": 164.34, "نوع_المطبق": "مربع", "dimention": "2 X 2 m", "Fault_statement": null}, "geometry": {"type": "Point", "coordinates": [31.567001234343117, 30.273238682661553, 0.0]}}, {"type": "Feature", "properties": {"ID": "MH-A-5-14-11-a-1", "Easting": "031° 33' 57.36\" E", "Northing": "30° 16' 25.14\" N", "الشركة_المنفذة": "اولاد حجازي", "Start": "1/3/2022", "End": "3/2/2025", "GlobalID": "{3BE05B45-05A1-4849-8CBE-F00875283607}", "القطاع": "القطاع الاول", "Depth": 1.25, "GL": 166.4, "IL": 165.15, "نوع_المطبق": "مربع", "dimention": "2 X 2 m", "Fault_statement": null}, "geometry": {"type": "Point", "coordinates": [31.56761072191872, 30.27381512178074, 0.0]}}, {"type": "Feature", "properties": {"ID": "MH-A-5-14-11-a", "Easting": "031° 33' 56.31\" E", "Northing": "30° 16' 25.91\" N", "الشركة_المنفذة": "اولاد حجازي", "Start": "1/3/2022", "End": "3/2/2025", "GlobalID": "{94AE9A4C-C651-4B8B-9147-E81B3C20E9BD}", "القطاع": "القطاع الاول", "Depth": 1.5300000000000011, "GL": 166.55, "IL": 165.02, "نوع_المطبق": "مربع", "dimention": "2 X 2 m", "Fault_statement": null}, "geometry": {"type": "Point", "coordinates": [31.567319226104683, 30.274030109654475, 0.0]}}, {"type": "Feature", "properties": {"ID": "MH-A-5-14-14-b", "Easting": "031° 33' 58.48\" E", "Northing": "30° 16' 28.01\" N", "الشركة_المنفذة": "اولاد حجازي", "Start": "1/3/2022", "End": "3/2/2025", "GlobalID": "{85AF4C2C-367D-43B6-8739-52042CCFCFF8}", "القطاع": "القطاع الاول", "Depth": 1.450000000000017, "GL": 167.68, "IL": 166.23, "نوع_المطبق": "مربع", "dimention": "2 X 2 m", "Fault_statement": null}, "geometry": {"type": "Point", "coordinates": [31.567921741299976, 30.27461314964919, 0.0]}}, {"type": "Feature", "properties": {"ID": "MH-A-5-14-14-b-1", "Easting": "031° 33' 59.47\" E", "Northing": "30° 16' 27.24\" N", "الشركة_المنفذة": "اولاد حجازي", "Start": "1/3/2022", "End": "3/2/2025", "GlobalID": "{69C63030-D296-4A58-AD5B-D9F800D7F900}", "القطاع": "القطاع الاول", "Depth": 1.1699999999999875, "GL": 167.53, "IL": 166.36, "نوع_المطبق": "مربع", "dimention": "2 X 2 m", "Fault_statement": null}, "geometry": {"type": "Point", "coordinates": [31.568197461608477, 30.274399637794204, 0.0]}}, {"type": "Feature", "properties": {"ID": "MH-A-5-13-4", "Easting": "031° 33' 45.09\" E", "Northing": "30° 16' 14.14\" N", "الشركة_المنفذة": "اولاد حجازي", "Start": "1/3/2022", "End": "3/2/2025", "GlobalID": "{7CEE12EC-2FBC-49F0-85B8-60CC7CF39C09}", "القطاع": "القطاع الاول", "Depth": 1.3599999999999852, "GL": 163.23, "IL": 161.87, "نوع_المطبق": "مربع", "dimention": "2 X 2 m", "Fault_statement": null}, "geometry": {"type": "Point", "coordinates": [31.56420243978965, 30.270760089887766, 0.0]}}, {"type": "Feature", "properties": {"ID": "MH-A-5-32-7", "Easting": "031° 34' 4.5\" E", "Northing": "30° 16' 29.26\" N", "الشركة_المنفذة": "اولاد حجازي", "Start": "1/3/2022", "End": "3/2/2025", "GlobalID": "{8C485C67-6C3F-494B-A73C-31E290B79163}", "القطاع": "القطاع الاول", "Depth": 1.960000000000008, "GL": 170.5, "IL": 168.54, "نوع_المطبق": "مربع", "dimention": "2 X 2 m", "Fault_statement": null}, "geometry": {"type": "Point", "coordinates": [31.569592522584998, 30.27496177907903, 0.0]}}, {"type": "Feature", "properties": {"ID": "MH-A-5-32-6-1", "Easting": "031° 34' 2.16\" E", "Northing": "30° 16' 29.58\" N", "الشركة_المنفذة": "اولاد حجازي", "Start": "1/3/2022", "End": "3/2/2025", "GlobalID": "{D0B7B2A4-D7CD-4A31-BA5F-4348BEA92AF2}", "القطاع": "القطاع الاول", "Depth": 1.170000000000016, "GL": 169.3, "IL": 168.13, "نوع_المطبق": "مربع", "dimention": "2 X 2 m", "Fault_statement": null}, "geometry": {"type": "Point", "coordinates": [31.568943757385775, 30.275049495682556, 0.0]}}, {"type": "Feature", "properties": {"ID": "MH-A-5-23-1", "Easting": "031° 33' 45.38\" E", "Northing": "30° 16' 26.83\" N", "الشركة_المنفذة": "اولاد حجازي", "Start": "1/3/2022", "End": "3/2/2025", "GlobalID": "{1CB4B4FD-7FA5-4B43-B620-492B97271985}", "القطاع": "القطاع الاول", "Depth": 1.5, "GL": 167.01, "IL": 165.51, "نوع_المطبق": "مربع", "dimention": "2 X 2 m", "Fault_statement": null}, "geometry": {"type": "Point", "coordinates": [31.564283340994116, 30.2742864764297, 0.0]}}, {"type": "Feature", "properties": {"ID": "MH-A-5-14-5", "Easting": "031° 33' 49.73\" E", "Northing": "30° 16' 21.13\" N", "الشركة_المنفذة": "اولاد حجازي", "Start": "1/3/2022", "End": "3/2/2025", "GlobalID": "{7A399749-2C9B-44DE-BBAF-50434EDB8546}", "القطاع": "القطاع الاول", "Depth": 1.8799999999999955, "GL": 164.31, "IL": 162.43, "نوع_المطبق": "مربع", "dimention": "2 X 2 m", "Fault_statement": null}, "geometry": {"type": "Point", "coordinates": [31.56549088780903, 30.27270137103944, 0.0]}}, {"type": "Feature", "properties": {"ID": "MH-A-5-14-5-2", "Easting": "031° 33' 47.85\" E", "Northing": "30° 16' 22.77\" N", "الشركة_المنفذة": "اولاد حجازي", "Start": "1/3/2022", "End": "3/2/2025", "GlobalID": "{D595D8FC-6715-47A0-9A8E-E36EAB9B5976}", "القطاع": "القطاع الاول", "Depth": 1.5400000000000205, "GL": 164.99, "IL": 163.45, "نوع_المطبق": "مربع", "dimention": "2 X 2 m", "Fault_statement": null}, "geometry": {"type": "Point", "coordinates": [31.56496880845369, 30.27315889342083, 0.0]}}, {"type": "Feature", "properties": {"ID": "MH-A-5-13-1", "Easting": "031° 33' 47.28\" E", "Northing": "30° 16' 16.11\" N", "الشركة_المنفذة": "اولاد حجازي", "Start": "1/3/2022", "End": "3/2/2025", "GlobalID": "{C9B61FA1-9267-46C5-B310-AF5D4746C0E1}", "القطاع": "القطاع الاول", "Depth": 1.789999999999992, "GL": 162.48, "IL": 160.69, "نوع_المطبق": "مربع", "dimention": "2 X 2 m", "Fault_statement": null}, "geometry": {"type": "Point", "coordinates": [31.564811229021146, 30.271307911949265, 0.0]}}, {"type": "Feature", "properties": {"ID": "MH-A-5-13", "Easting": "031° 33' 47.66\" E", "Northing": "30° 16' 16.41\" N", "الشركة_المنفذة": "اولاد حجازي", "Start": "1/3/2022", "End": "3/2/2025", "GlobalID": "{9ABF9C96-3742-4B2D-A149-414B99FB1C3C}", "القطاع": "القطاع الاول", "Depth": 2.5800000000000125, "GL": 162.81, "IL": 160.23, "نوع_المطبق": "مربع", "dimention": "2 X 2 m", "Fault_statement": null}, "geometry": {"type": "Point", "coordinates": [31.564914865920386, 30.271390501412867, 0.0]}}, {"type": "Feature", "properties": {"ID": "MH-A-5-13-2", "Easting": "031° 33' 46.19\" E", "Northing": "30° 16' 15.18\" N", "الشركة_المنفذة": "اولاد حجازي", "Start": "1/3/2022", "End": "3/2/2025", "GlobalID": "{0E2D8366-CEE0-4BFB-B0D3-5AA7B8B2835F}", "القطاع": "القطاع الاول", "Depth": 1.5, "GL": 162.74, "IL": 161.24, "نوع_المطبق": "مربع", "dimention": "2 X 2 m", "Fault_statement": null}, "geometry": {"type": "Point", "coordinates": [31.564507074754683, 30.271050752558196, 0.0]}}, {"type": "Feature", "properties": {"ID": "MH-A-5-14-2-a", "Easting": "031° 33' 47.05\" E", "Northing": "30° 16' 19.07\" N", "الشركة_المنفذة": "اولاد حجازي", "Start": "1/3/2022", "End": "3/2/2025", "GlobalID": "{E7984A77-EDC7-4716-9C52-2A099536EBD6}", "القطاع": "القطاع الاول", "Depth": 1.5, "GL": 163.2, "IL": 161.7, "نوع_المطبق": "مربع", "dimention": "2 X 2 m", "Fault_statement": null}, "geometry": {"type": "Point", "coordinates": [31.56474643843662, 30.27213145112028, 0.0]}}, {"type": "Feature", "properties": {"ID": "MH-A-5-32-8", "Easting": "031° 34' 5.7\" E", "Northing": "30° 16' 28.48\" N", "الشركة_المنفذة": "عوض خليفة", "Start": "1/3/2022", "End": "3/2/2025", "GlobalID": "{BC5C2E26-AF3B-418F-9E30-4156E7520F40}", "القطاع": "القطاع الثاني", "Depth": 2.0900000000000034, "GL": 170.78, "IL": 168.69, "نوع_المطبق": "مربع", "dimention": "2 X 2 m", "Fault_statement": null}, "geometry": {"type": "Point", "coordinates": [31.56992632136596, 30.27474476218107, 0.0]}}, {"type": "Feature", "properties": {"ID": "MH-A-5-32-6", "Easting": "031° 34' 2.92\" E", "Northing": "30° 16' 30.34\" N", "الشركة_المنفذة": "اولاد حجازي", "Start": "1/3/2022", "End": "3/2/2025", "GlobalID": "{94FB2623-053C-4EE9-812E-38DF11A908C5}", "القطاع": "القطاع الاول", "Depth": 2.390000000000015, "GL": 170.12, "IL": 167.73, "نوع_المطبق": "مربع", "dimention": "2 X 2 m", "Fault_statement": null}, "geometry": {"type": "Point", "coordinates": [31.56915428152795, 30.27526069032097, 0.0]}}, {"type": "Feature", "properties": {"ID": "MH-A-5-32-5", "Easting": "031° 34' 2.15\" E", "Northing": "30° 16' 30.87\" N", "الشركة_المنفذة": "اولاد حجازي", "Start": "1/3/2022", "End": "3/2/2025", "GlobalID": "{225873C8-0F94-49F3-8EF6-B8554BB566C4}", "القطاع": "القطاع الاول", "Depth": 2.3100000000000023, "GL": 169.94, "IL": 167.63, "نوع_المطبق": "مربع", "dimention": "2 X 2 m", "Fault_statement": null}, "geometry": {"type": "Point", "coordinates": [31.568940148255688, 30.275407030652467, 0.0]}}, {"type": "Feature", "properties": {"ID": "MH-A-5-27-2", "Easting": "031° 33' 49.55\" E", "Northing": "30° 16' 31.22\" N", "الشركة_المنفذة": "اولاد حجازي", "Start": "1/3/2022", "End": "3/2/2025", "GlobalID": "{F102C908-44D2-45C5-8E60-0B92C53FA29D}", "القطاع": "القطاع الاول", "Depth": 1.4399999999999977, "GL": 167.38, "IL": 165.94, "نوع_المطبق": "مربع", "dimention": "2 X 2 m", "Fault_statement": null}, "geometry": {"type": "Point", "coordinates": [31.565440905985827, 30.275504621389842, 0.0]}}, {"type": "Feature", "properties": {"ID": "MH-A-5-25-2", "Easting": "031° 33' 47.15\" E", "Northing": "30° 16' 29.35\" N", "الشركة_المنفذة": "اولاد حجازي", "Start": "1/3/2022", "End": "3/2/2025", "GlobalID": "{FAFC9532-C251-4809-A130-5253F81C3825}", "القطاع": "القطاع الاول", "Depth": 1.5900000000000034, "GL": 166.97, "IL": 165.38, "نوع_المطبق": "مربع", "dimention": "2 X 2 m", "Fault_statement": null}, "geometry": {"type": "Point", "coordinates": [31.564773242443042, 30.274986079662266, 0.0]}}, {"type": "Feature", "properties": {"ID": "MH-A-5-11-a-8-b-b2", "Easting": "031° 34' 1.98\" E", "Northing": "30° 16' 23.61\" N", "الشركة_المنفذة": "عوض خليفة", "Start": "1/3/2022", "End": "3/2/2025", "GlobalID": "{6FC4FEA6-B937-4137-B4C3-0B4138DFA8EC}", "القطاع": "القطاع الثاني", "Depth": 1.7299999999999898, "GL": 168.51, "IL": 166.78, "نوع_المطبق": "مربع", "dimention": "2 X 2 m", "Fault_statement": null}, "geometry": {"type": "Point", "coordinates": [31.568894395141516, 30.273391449740398, 0.0]}}, {"type": "Feature", "properties": {"ID": "MH-A-5-14-15", "Easting": "031° 33' 56.82\" E", "Northing": "30° 16' 28.91\" N", "الشركة_المنفذة": "اولاد حجازي", "Start": "1/3/2022", "End": "3/2/2025", "GlobalID": "{4D9CD49A-82D4-4889-B3DE-4769C500BA4A}", "القطاع": "القطاع الاول", "Depth": 1.5199999999999818, "GL": 167.7, "IL": 166.18, "نوع_المطبق": "مربع", "dimention": "2 X 2 m", "Fault_statement": null}, "geometry": {"type": "Point", "coordinates": [31.567460094381506, 30.27486466405857, 0.0]}}, {"type": "Feature", "properties": {"ID": "MH-A-5-14-16", "Easting": "031° 33' 56.13\" E", "Northing": "30° 16' 29.5\" N", "الشركة_المنفذة": "اولاد حجازي", "Start": "1/3/2022", "End": "3/2/2025", "GlobalID": "{37E3FEA0-7965-4237-B1C8-DDE2EFCBFC41}", "القطاع": "القطاع الاول", "Depth": 1.3600000000000136, "GL": 167.62, "IL": 166.26, "نوع_المطبق": "مربع", "dimention": "2 X 2 m", "Fault_statement": null}, "geometry": {"type": "Point", "coordinates": [31.567269917581495, 30.275028348939355, 0.0]}}]}