{"type": "FeatureCollection", "features": [{"type": "Feature", "properties": {"ID": "1", "Diameter": 100, "Sectors": "القطاع الاول", "Implementing_company": "اولاد حجازي", "Start": "2021-09-21 00:00:00+00:00", "End": "2022-09-20 00:00:00+00:00", "Northing": "30° 16' 16.34\" N", "Easting": "031° 33' 53.65\" E", "Google_Map": "https://www.google.com/maps/search/?api=1&query=031° 33' 53.65\" E,30° 16' 16.34\" N", "GL": 166.03061407301894, "IL": 164.58061407301892, "Depth": 1.450000000000017, "Manufacturing_Material": "الزهر المرن"}, "geometry": {"type": "Point", "coordinates": [31.565058000542383, 30.271241172634475, 162.27000000000407]}}, {"type": "Feature", "properties": {"ID": "2", "Diameter": 100, "Sectors": "القطاع الاول", "Implementing_company": "اولاد حجازي", "Start": "2021-09-21 00:00:00+00:00", "End": "2022-09-20 00:00:00+00:00", "Northing": "30° 16' 24.45\" N", "Easting": "031° 33' 44.14\" E", "Google_Map": "https://www.google.com/maps/search/?api=1&query=031° 33' 44.14\" E,30° 16' 24.45\" N", "GL": 163.4746553925654, "IL": 161.712343255578, "Depth": 1.7623121369874184, "Manufacturing_Material": "الزهر المرن"}, "geometry": {"type": "Point", "coordinates": [31.562414398980476, 30.27349611996137, 167.05999999999767]}}, {"type": "Feature", "properties": {"ID": "3", "Diameter": 100, "Sectors": "القطاع الاول", "Implementing_company": "اولاد حجازي", "Start": "2021-09-21 00:00:00+00:00", "End": "2022-09-20 00:00:00+00:00", "Northing": "30° 16' 26.26\" N", "Easting": "031° 33' 42.45\" E", "Google_Map": "https://www.google.com/maps/search/?api=1&query=031° 33' 42.45\" E,30° 16' 26.26\" N", "GL": 169.94758792829396, "IL": 168.49758646195716, "Depth": 1.4500014663368006, "Manufacturing_Material": "الزهر المرن"}, "geometry": {"type": "Point", "coordinates": [31.561946716786093, 30.273996575123228, 168.39999999999418]}}, {"type": "Feature", "properties": {"ID": "4", "Diameter": 100, "Sectors": "القطاع الاول", "Implementing_company": "اولاد حجازي", "Start": "2021-09-21 00:00:00+00:00", "End": "2022-09-20 00:00:00+00:00", "Northing": "30° 16' 20.31\" N", "Easting": "031° 33' 48.62\" E", "Google_Map": "https://www.google.com/maps/search/?api=1&query=031° 33' 48.62\" E,30° 16' 20.31\" N", "GL": 163.4746553925654, "IL": 161.712343255578, "Depth": 1.7623121369874184, "Manufacturing_Material": "الزهر المرن"}, "geometry": {"type": "Point", "coordinates": [31.5636607276868, 30.272345958597977, 163.77999999999884]}}, {"type": "Feature", "properties": {"ID": "5", "Diameter": 100, "Sectors": "القطاع الاول", "Implementing_company": "اولاد حجازي", "Start": "2021-09-21 00:00:00+00:00", "End": "2022-09-20 00:00:00+00:00", "Northing": "30° 16' 36.71\" N", "Easting": "031° 33' 59.74\" E", "Google_Map": "https://www.google.com/maps/search/?api=1&query=031° 33' 59.74\" E,30° 16' 36.71\" N", "GL": 168.49591321179457, "IL": 167.0459244610135, "Depth": 1.449988750781074, "Manufacturing_Material": "الزهر المرن"}, "geometry": {"type": "Point", "coordinates": [31.56674761757628, 30.276900627208946, 171.1600000000035]}}, {"type": "Feature", "properties": {"ID": "6", "Diameter": 100, "Sectors": "القطاع الاول", "Implementing_company": "اولاد حجازي", "Start": "2021-09-21 00:00:00+00:00", "End": "2022-09-20 00:00:00+00:00", "Northing": "30° 16' 33.37\" N", "Easting": "031° 34' 3.73\" E", "Google_Map": "https://www.google.com/maps/search/?api=1&query=031° 34' 3.73\" E,30° 16' 33.37\" N", "GL": 168.76, "IL": 167.31, "Depth": 1.4499999999999886, "Manufacturing_Material": "الزهر المرن"}, "geometry": {"type": "Point", "coordinates": [31.567856599865124, 30.275973927469824, 168.60000000000582]}}, {"type": "Feature", "properties": {"ID": "7", "Diameter": 100, "Sectors": "القطاع الاول", "Implementing_company": "اولاد حجازي", "Start": "2021-09-21 00:00:00+00:00", "End": "2022-09-20 00:00:00+00:00", "Northing": "30° 16' 30.4\" N", "Easting": "031° 34' 7.72\" E", "Google_Map": "https://www.google.com/maps/search/?api=1&query=031° 34' 7.72\" E,30° 16' 30.4\" N", "GL": 166.03061407301894, "IL": 164.58061407301892, "Depth": 1.450000000000017, "Manufacturing_Material": "الزهر المرن"}, "geometry": {"type": "Point", "coordinates": [31.568965741027554, 30.275148798322665, 169.42999999999302]}}, {"type": "Feature", "properties": {"ID": "8", "Diameter": 100, "Sectors": "القطاع الاول", "Implementing_company": "اولاد حجازي", "Start": "2021-09-21 00:00:00+00:00", "End": "2022-09-20 00:00:00+00:00", "Northing": "30° 16' 22.79\" N", "Easting": "031° 33' 45.88\" E", "Google_Map": "https://www.google.com/maps/search/?api=1&query=031° 33' 45.88\" E,30° 16' 22.79\" N", "GL": 165.81610237974175, "IL": 164.36610237974173, "Depth": 1.450000000000017, "Manufacturing_Material": "الزهر المرن"}, "geometry": {"type": "Point", "coordinates": [31.562897225616343, 30.27303378794956, 165.77000000000407]}}, {"type": "Feature", "properties": {"ID": "9", "Diameter": 100, "Sectors": "القطاع الاول", "Implementing_company": "اولاد حجازي", "Start": "2021-09-21 00:00:00+00:00", "End": "2022-09-20 00:00:00+00:00", "Northing": "30° 16' 17.93\" N", "Easting": "031° 33' 51.6\" E", "Google_Map": "https://www.google.com/maps/search/?api=1&query=031° 33' 51.6\" E,30° 16' 17.93\" N", "GL": 162.6976010455035, "IL": 161.24760104550347, "Depth": 1.450000000000017, "Manufacturing_Material": "الزهر المرن"}, "geometry": {"type": "Point", "coordinates": [31.56448759078149, 30.271684686044868, 162.63999999999942]}}, {"type": "Feature", "properties": {"ID": "10", "Diameter": 100, "Sectors": "القطاع الاول", "Implementing_company": "اولاد حجازي", "Start": "2021-09-21 00:00:00+00:00", "End": "2022-09-20 00:00:00+00:00", "Northing": "30° 16' 20.75\" N", "Easting": "031° 33' 48.08\" E", "Google_Map": "https://www.google.com/maps/search/?api=1&query=031° 33' 48.08\" E,30° 16' 20.75\" N", "GL": 164.2, "IL": 162.75, "Depth": 1.4499999999999886, "Manufacturing_Material": "الزهر المرن"}, "geometry": {"type": "Point", "coordinates": [31.563508253424803, 30.272466322239218, 164.1600000000035]}}, {"type": "Feature", "properties": {"ID": "11", "Diameter": 100, "Sectors": "القطاع الاول", "Implementing_company": "اولاد حجازي", "Start": "2021-09-21 00:00:00+00:00", "End": "2022-09-20 00:00:00+00:00", "Northing": "30° 16' 23.45\" N", "Easting": "031° 33' 45.19\" E", "Google_Map": "https://www.google.com/maps/search/?api=1&query=031° 33' 45.19\" E,30° 16' 23.45\" N", "GL": 166.33, "IL": 164.88, "Depth": 1.450000000000017, "Manufacturing_Material": "الزهر المرن"}, "geometry": {"type": "Point", "coordinates": [31.56270558309196, 30.273217297653613, 166.25999999999476]}}, {"type": "Feature", "properties": {"ID": "12", "Diameter": 100, "Sectors": "القطاع الاول", "Implementing_company": "اولاد حجازي", "Start": "2021-09-21 00:00:00+00:00", "End": "2022-09-20 00:00:00+00:00", "Northing": "30° 16' 35.05\" N", "Easting": "031° 34' 1.54\" E", "Google_Map": "https://www.google.com/maps/search/?api=1&query=031° 34' 1.54\" E,30° 16' 35.05\" N", "GL": 168.49591321179457, "IL": 167.0459244610135, "Depth": 1.449988750781074, "Manufacturing_Material": "الزهر المرن"}, "geometry": {"type": "Point", "coordinates": [31.567247654792645, 30.2764400922362, 168.05999999999767]}}, {"type": "Feature", "properties": {"ID": "13", "Diameter": 100, "Sectors": "القطاع الاول", "Implementing_company": "اولاد حجازي", "Start": "2021-09-21 00:00:00+00:00", "End": "2022-09-20 00:00:00+00:00", "Northing": "30° 16' 18.16\" N", "Easting": "031° 33' 51.31\" E", "Google_Map": "https://www.google.com/maps/search/?api=1&query=031° 33' 51.31\" E,30° 16' 18.16\" N", "GL": 162.75, "IL": 161.29697864411224, "Depth": 1.4530213558877563, "Manufacturing_Material": "الزهر المرن"}, "geometry": {"type": "Point", "coordinates": [31.564407594078606, 30.27174866231341, 162.72000000000116]}}, {"type": "Feature", "properties": {"ID": "14", "Diameter": 100, "Sectors": "القطاع الاول", "Implementing_company": "اولاد حجازي", "Start": "2021-09-21 00:00:00+00:00", "End": "2022-09-20 00:00:00+00:00", "Northing": "30° 16' 11.98\" N", "Easting": "031° 33' 44.08\" E", "Google_Map": "https://www.google.com/maps/search/?api=1&query=031° 33' 44.08\" E,30° 16' 11.98\" N", "GL": 165.36952827398548, "IL": 163.91952827398552, "Depth": 1.4499999999999602, "Manufacturing_Material": "الزهر المرن"}, "geometry": {"type": "Point", "coordinates": [31.562398638646613, 30.27003092548573, 165.36999999999534]}}, {"type": "Feature", "properties": {"ID": "15", "Diameter": 100, "Sectors": "القطاع الاول", "Implementing_company": "اولاد حجازي", "Start": "2021-09-21 00:00:00+00:00", "End": "2022-09-20 00:00:00+00:00", "Northing": "30° 16' 14.47\" N", "Easting": "031° 33' 41.04\" E", "Google_Map": "https://www.google.com/maps/search/?api=1&query=031° 33' 41.04\" E,30° 16' 14.47\" N", "GL": 168.99527980274473, "IL": 167.55, "Depth": 1.4452798027447216, "Manufacturing_Material": "الزهر المرن"}, "geometry": {"type": "Point", "coordinates": [31.56155260599606, 30.270722457443238, 168.92999999999302]}}, {"type": "Feature", "properties": {"ID": "16", "Diameter": 100, "Sectors": "القطاع الاول", "Implementing_company": "اولاد حجازي", "Start": "2021-09-21 00:00:00+00:00", "End": "2022-09-20 00:00:00+00:00", "Northing": "30° 16' 17.44\" N", "Easting": "031° 33' 37.96\" E", "Google_Map": "https://www.google.com/maps/search/?api=1&query=031° 33' 37.96\" E,30° 16' 17.44\" N", "GL": 169.7853848881706, "IL": 168.3353848881706, "Depth": 1.4499999999999886, "Manufacturing_Material": "الزهر المرن"}, "geometry": {"type": "Point", "coordinates": [31.560697602108775, 30.271547470861933, 170.39999999999418]}}, {"type": "Feature", "properties": {"ID": "17", "Diameter": 100, "Sectors": "القطاع الاول", "Implementing_company": "اولاد حجازي", "Start": "2021-09-21 00:00:00+00:00", "End": "2022-09-20 00:00:00+00:00", "Northing": "30° 16' 20.02\" N", "Easting": "031° 33' 35.26\" E", "Google_Map": "https://www.google.com/maps/search/?api=1&query=031° 33' 35.26\" E,30° 16' 20.02\" N", "GL": 171.32, "IL": 169.87, "Depth": 1.4499999999999886, "Manufacturing_Material": "الزهر المرن"}, "geometry": {"type": "Point", "coordinates": [31.55994934048684, 30.272264485873794, 171.14999999999418]}}, {"type": "Feature", "properties": {"ID": "18", "Diameter": 200, "Sectors": "القطاع الاول", "Implementing_company": "اولاد حجازي", "Start": "2021-09-21 00:00:00+00:00", "End": "2022-09-20 00:00:00+00:00", "Northing": "30° 16' 38.35\" N", "Easting": "031° 33' 57.9\" E", "Google_Map": "https://www.google.com/maps/search/?api=1&query=031° 33' 57.9\" E,30° 16' 38.35\" N", "GL": 168.86579092552387, "IL": 167.41579092552348, "Depth": 1.4500000000003865, "Manufacturing_Material": "الزهر المرن"}, "geometry": {"type": "Point", "coordinates": [31.566237655059933, 30.27735617371928, 168.83000000000175]}}, {"type": "Feature", "properties": {"ID": "19", "Diameter": 200, "Sectors": "القطاع الاول", "Implementing_company": "اولاد حجازي", "Start": "2021-09-21 00:00:00+00:00", "End": "2022-09-20 00:00:00+00:00", "Northing": "30° 16' 38.35\" N", "Easting": "031° 33' 57.96\" E", "Google_Map": "https://www.google.com/maps/search/?api=1&query=031° 33' 57.96\" E,30° 16' 38.35\" N", "GL": 168.49591321179457, "IL": 167.0459244610135, "Depth": 1.449988750781074, "Manufacturing_Material": "الزهر المرن"}, "geometry": {"type": "Point", "coordinates": [31.56625432512229, 30.277356490515693, 168.83000000000175]}}, {"type": "Feature", "properties": {"ID": "20", "Diameter": 200, "Sectors": "القطاع الاول", "Implementing_company": "اولاد حجازي", "Start": "2021-09-21 00:00:00+00:00", "End": "2022-09-20 00:00:00+00:00", "Northing": "30° 16' 36.39\" N", "Easting": "031° 33' 55.4\" E", "Google_Map": "https://www.google.com/maps/search/?api=1&query=031° 33' 55.4\" E,30° 16' 36.39\" N", "GL": 169.27804792670167, "IL": 167.82804792670126, "Depth": 1.450000000000415, "Manufacturing_Material": "الزهر المرن"}, "geometry": {"type": "Point", "coordinates": [31.565541391673722, 30.27681105738279, 169.24000000000524]}}, {"type": "Feature", "properties": {"ID": "21", "Diameter": 200, "Sectors": "القطاع الاول", "Implementing_company": "اولاد حجازي", "Start": "2021-09-21 00:00:00+00:00", "End": "2022-09-20 00:00:00+00:00", "Northing": "30° 16' 33.32\" N", "Easting": "031° 33' 51.48\" E", "Google_Map": "https://www.google.com/maps/search/?api=1&query=031° 33' 51.48\" E,30° 16' 33.32\" N", "GL": 169.94758792829396, "IL": 168.49758646195716, "Depth": 1.4500014663368006, "Manufacturing_Material": "الزهر المرن"}, "geometry": {"type": "Point", "coordinates": [31.564452866409173, 30.27595881357717, 169.7899999999936]}}, {"type": "Feature", "properties": {"ID": "22", "Diameter": 200, "Sectors": "القطاع الاول", "Implementing_company": "اولاد حجازي", "Start": "2021-09-21 00:00:00+00:00", "End": "2022-09-20 00:00:00+00:00", "Northing": "30° 16' 11.49\" N", "Easting": "031° 33' 32.61\" E", "Google_Map": "https://www.google.com/maps/search/?api=1&query=031° 33' 32.61\" E,30° 16' 11.49\" N", "GL": 171.729494, "IL": 170.451062, "Depth": 1.278431999999981, "Manufacturing_Material": "الزهر المرن"}, "geometry": {"type": "Point", "coordinates": [31.559211673371152, 30.26989491776289, 171.5899999999965]}}, {"type": "Feature", "properties": {"ID": "23", "Diameter": 200, "Sectors": "القطاع الاول", "Implementing_company": "اولاد حجازي", "Start": "2021-09-21 00:00:00+00:00", "End": "2022-09-20 00:00:00+00:00", "Northing": "30° 16' 11.71\" N", "Easting": "031° 33' 32.49\" E", "Google_Map": "https://www.google.com/maps/search/?api=1&query=031° 33' 32.49\" E,30° 16' 11.71\" N", "GL": 170.1092603465268, "IL": 168.65926034652912, "Depth": 1.4499999999976865, "Manufacturing_Material": "الزهر المرن"}, "geometry": {"type": "Point", "coordinates": [31.559179042846495, 30.26995697410189, 171.86000000000058]}}, {"type": "Feature", "properties": {"ID": "24", "Diameter": 200, "Sectors": "القطاع الثالث", "Implementing_company": "التوحيد", "Start": "2021-09-15 00:00:00+00:00", "End": "2023-03-15 00:00:00+00:00", "Northing": "30° 16' 21.81\" N", "Easting": "031° 33' 36.44\" E", "Google_Map": "https://www.google.com/maps/search/?api=1&query=031° 33' 36.44\" E,30° 16' 21.81\" N", "GL": 170.77087158434796, "IL": 169.32087158434797, "Depth": 1.4499999999999886, "Manufacturing_Material": "الزهر المرن"}, "geometry": {"type": "Point", "coordinates": [31.560277002129773, 30.27276251487092, 170.77000000000407]}}, {"type": "Feature", "properties": {"ID": "25", "Diameter": 200, "Sectors": "القطاع الثالث", "Implementing_company": "التوحيد", "Start": "2021-09-15 00:00:00+00:00", "End": "2023-03-15 00:00:00+00:00", "Northing": "30° 16' 26.57\" N", "Easting": "031° 33' 42.56\" E", "Google_Map": "https://www.google.com/maps/search/?api=1&query=031° 33' 42.56\" E,30° 16' 26.57\" N", "GL": 169.94758792829396, "IL": 168.49758646195716, "Depth": 1.4500014663368006, "Manufacturing_Material": "الزهر المرن"}, "geometry": {"type": "Point", "coordinates": [31.562013887289304, 30.27404916958189, 168.4646000000066]}}, {"type": "Feature", "properties": {"ID": "26", "Diameter": 200, "Sectors": "القطاع الاول", "Implementing_company": "اولاد حجازي", "Start": "2021-09-21 00:00:00+00:00", "End": "2022-09-20 00:00:00+00:00", "Northing": "30° 16' 17.39\" N", "Easting": "031° 33' 31.11\" E", "Google_Map": "https://www.google.com/maps/search/?api=1&query=031° 33' 31.11\" E,30° 16' 17.39\" N", "GL": 170.1092603465268, "IL": 168.65926034652912, "Depth": 1.4499999999976865, "Manufacturing_Material": "الزهر المرن"}, "geometry": {"type": "Point", "coordinates": [31.558794268241048, 30.271533065630422, 172.75999999999476]}}, {"type": "Feature", "properties": {"ID": "27", "Diameter": 200, "Sectors": "القطاع الاول", "Implementing_company": "اولاد حجازي", "Start": "2021-09-21 00:00:00+00:00", "End": "2022-09-20 00:00:00+00:00", "Northing": "30° 16' 11.76\" N", "Easting": "031° 33' 51.49\" E", "Google_Map": "https://www.google.com/maps/search/?api=1&query=031° 33' 51.49\" E,30° 16' 11.76\" N", "GL": 162.3422222226721, "IL": 160.8920259541623, "Depth": 1.4501962685097851, "Manufacturing_Material": "الزهر المرن"}, "geometry": {"type": "Point", "coordinates": [31.564457497930835, 30.269969800965075, 163.16999999999825]}}, {"type": "Feature", "properties": {"ID": "28", "Diameter": 200, "Sectors": "القطاع الاول", "Implementing_company": "اولاد حجازي", "Start": "2021-09-21 00:00:00+00:00", "End": "2022-09-20 00:00:00+00:00", "Northing": "30° 16' 11.37\" N", "Easting": "031° 33' 50.92\" E", "Google_Map": "https://www.google.com/maps/search/?api=1&query=031° 33' 50.92\" E,30° 16' 11.37\" N", "GL": 162.3422222226721, "IL": 160.8920259541623, "Depth": 1.4501962685097851, "Manufacturing_Material": "الزهر المرن"}, "geometry": {"type": "Point", "coordinates": [31.56429764642864, 30.26986192241759, 163.4600000000064]}}, {"type": "Feature", "properties": {"ID": "29", "Diameter": 200, "Sectors": "القطاع الاول", "Implementing_company": "اولاد حجازي", "Start": "2021-09-21 00:00:00+00:00", "End": "2022-09-20 00:00:00+00:00", "Northing": "30° 16' 14.73\" N", "Easting": "031° 33' 55.68\" E", "Google_Map": "https://www.google.com/maps/search/?api=1&query=031° 33' 55.68\" E,30° 16' 14.73\" N", "GL": 163.4746553925654, "IL": 161.712343255578, "Depth": 1.7623121369874184, "Manufacturing_Material": "الزهر المرن"}, "geometry": {"type": "Point", "coordinates": [31.565620291150037, 30.27079516232354, 163.57000000000698]}}, {"type": "Feature", "properties": {"ID": "30", "Diameter": 200, "Sectors": "القطاع الاول", "Implementing_company": "اولاد حجازي", "Start": "2021-09-21 00:00:00+00:00", "End": "2022-09-20 00:00:00+00:00", "Northing": "30° 16' 15.99\" N", "Easting": "031° 33' 57.34\" E", "Google_Map": "https://www.google.com/maps/search/?api=1&query=031° 33' 57.34\" E,30° 16' 15.99\" N", "GL": 165.32270594178192, "IL": 163.87414397219425, "Depth": 1.4485619695876721, "Manufacturing_Material": "الزهر المرن"}, "geometry": {"type": "Point", "coordinates": [31.566080438141913, 30.271144477806377, 165.2100000000064]}}, {"type": "Feature", "properties": {"ID": "31", "Diameter": 200, "Sectors": "القطاع الاول", "Implementing_company": "اولاد حجازي", "Start": "2021-09-21 00:00:00+00:00", "End": "2022-09-20 00:00:00+00:00", "Northing": "30° 16' 23.47\" N", "Easting": "031° 34' 4.45\" E", "Google_Map": "https://www.google.com/maps/search/?api=1&query=031° 34' 4.45\" E,30° 16' 23.47\" N", "GL": 165.32270594178192, "IL": 163.87414397219425, "Depth": 1.4485619695876721, "Manufacturing_Material": "الزهر المرن"}, "geometry": {"type": "Point", "coordinates": [31.568055762234398, 30.27322309988375, 168.4499999999971]}}, {"type": "Feature", "properties": {"ID": "32", "Diameter": 200, "Sectors": "القطاع الاول", "Implementing_company": "اولاد حجازي", "Start": "2021-09-21 00:00:00+00:00", "End": "2022-09-20 00:00:00+00:00", "Northing": "30° 16' 26.41\" N", "Easting": "031° 34' 7.26\" E", "Google_Map": "https://www.google.com/maps/search/?api=1&query=031° 34' 7.26\" E,30° 16' 26.41\" N", "GL": 167.85834841403278, "IL": 166.4083484140328, "Depth": 1.4499999999999886, "Manufacturing_Material": "الزهر المرن"}, "geometry": {"type": "Point", "coordinates": [31.568836760766942, 30.27404016605084, 169.47000000000116]}}, {"type": "Feature", "properties": {"ID": "33", "Diameter": 200, "Sectors": "القطاع الاول", "Implementing_company": "اولاد حجازي", "Start": "2021-09-21 00:00:00+00:00", "End": "2022-09-20 00:00:00+00:00", "Northing": "30° 16' 29.12\" N", "Easting": "031° 34' 9.63\" E", "Google_Map": "https://www.google.com/maps/search/?api=1&query=031° 34' 9.63\" E,30° 16' 29.12\" N", "GL": 173.81, "IL": 172.36, "Depth": 1.4499999999999886, "Manufacturing_Material": "الزهر المرن"}, "geometry": {"type": "Point", "coordinates": [31.569496288618556, 30.274791569686368, 165.25]}}, {"type": "Feature", "properties": {"ID": "34", "Diameter": 200, "Sectors": "القطاع الثاني", "Implementing_company": "عوض خليفة", "Start": "2021-09-18 00:00:00+00:00", "End": "2023-10-28 00:00:00+00:00", "Northing": "30° 16' 28.93\" N", "Easting": "031° 34' 9.97\" E", "Google_Map": "https://www.google.com/maps/search/?api=1&query=031° 34' 9.97\" E,30° 16' 28.93\" N", "GL": 173.81, "IL": 172.36, "Depth": 1.4499999999999886, "Manufacturing_Material": "الزهر المرن"}, "geometry": {"type": "Point", "coordinates": [31.569589760147515, 30.274739404110417, 170.9600000000064]}}, {"type": "Feature", "properties": {"ID": "35", "Diameter": 100, "Sectors": "القطاع الاول", "Implementing_company": "اولاد حجازي", "Start": "2021-09-21 00:00:00+00:00", "End": "2022-09-20 00:00:00+00:00", "Northing": "30° 16' 8.3\" N", "Easting": "031° 33' 45.04\" E", "Google_Map": "https://www.google.com/maps/search/?api=1&query=031° 33' 45.04\" E,30° 16' 8.3\" N", "GL": 170.1092603465268, "IL": 168.65926034652912, "Depth": 1.4499999999976865, "Manufacturing_Material": "الزهر المرن"}, "geometry": {"type": "Point", "coordinates": [31.562665287697644, 30.269008838292358, 164.27999999999884]}}, {"type": "Feature", "properties": {"ID": "36", "Diameter": 200, "Sectors": "القطاع الاول", "Implementing_company": "اولاد حجازي", "Start": "2021-09-21 00:00:00+00:00", "End": "2022-09-20 00:00:00+00:00", "Northing": "30° 16' 9.09\" N", "Easting": "031° 33' 33.82\" E", "Google_Map": "https://www.google.com/maps/search/?api=1&query=031° 33' 33.82\" E,30° 16' 9.09\" N", "GL": 170.1092603465268, "IL": 168.65926034652912, "Depth": 1.4499999999976865, "Manufacturing_Material": "الزهر المرن"}, "geometry": {"type": "Point", "coordinates": [31.559548763490703, 30.26922866788996, 171.3399999999965]}}, {"type": "Feature", "properties": {"ID": "37", "Diameter": 200, "Sectors": "القطاع الثالث", "Implementing_company": "التوحيد", "Start": "2021-09-15 00:00:00+00:00", "End": "2023-03-15 00:00:00+00:00", "Northing": "30° 16' 10.52\" N", "Easting": "031° 33' 29.64\" E", "Google_Map": "https://www.google.com/maps/search/?api=1&query=031° 33' 29.64\" E,30° 16' 10.52\" N", "GL": 171.729494, "IL": 170.451062, "Depth": 1.278431999999981, "Manufacturing_Material": "الزهر المرن"}, "geometry": {"type": "Point", "coordinates": [31.558388605013086, 30.269624840774643, 171.9600000000064]}}, {"type": "Feature", "properties": {"ID": "38", "Diameter": 100, "Sectors": "القطاع الاول", "Implementing_company": "اولاد حجازي", "Start": "2021-09-21 00:00:00+00:00", "End": "2022-09-20 00:00:00+00:00", "Northing": "30° 16' 9.16\" N", "Easting": "031° 33' 46.75\" E", "Google_Map": "https://www.google.com/maps/search/?api=1&query=031° 33' 46.75\" E,30° 16' 9.16\" N", "GL": 170.1092603465268, "IL": 168.65926034652912, "Depth": 1.4499999999976865, "Manufacturing_Material": "الزهر المرن"}, "geometry": {"type": "Point", "coordinates": [31.563138957733035, 30.269247439167167, 164.27999999999884]}}, {"type": "Feature", "properties": {"ID": "39", "Diameter": 110, "Sectors": "القطاع الثالث", "Implementing_company": "التوحيد", "Start": "2021-09-15 00:00:00+00:00", "End": "2023-03-15 00:00:00+00:00", "Northing": "30° 16' 30.13\" N", "Easting": "031° 33' 33.1\" E", "Google_Map": "https://www.google.com/maps/search/?api=1&query=031° 33' 33.1\" E,30° 16' 30.13\" N", "GL": 165.035, "IL": 163.5845, "Depth": 1.4505000000000052, "Manufacturing_Material": "الزهر المرن"}, "geometry": {"type": "Point", "coordinates": [31.55934715744666, 30.27507281973318, 172.72999999999593]}}, {"type": "Feature", "properties": {"ID": "40", "Diameter": 110, "Sectors": "القطاع الثالث", "Implementing_company": "التوحيد", "Start": "2021-09-15 00:00:00+00:00", "End": "2023-03-15 00:00:00+00:00", "Northing": "30° 16' 45.42\" N", "Easting": "031° 33' 47.05\" E", "Google_Map": "https://www.google.com/maps/search/?api=1&query=031° 33' 47.05\" E,30° 16' 45.42\" N", "GL": 174.465, "IL": 173.018, "Depth": 1.4470000000000027, "Manufacturing_Material": "الزهر المرن"}, "geometry": {"type": "Point", "coordinates": [31.563224369898485, 30.279320954103703, 171.5399999999936]}}, {"type": "Feature", "properties": {"ID": "41", "Diameter": 110, "Sectors": "القطاع الثالث", "Implementing_company": "التوحيد", "Start": "2021-09-15 00:00:00+00:00", "End": "2023-03-15 00:00:00+00:00", "Northing": "30° 16' 31.02\" N", "Easting": "031° 33' 28.09\" E", "Google_Map": "https://www.google.com/maps/search/?api=1&query=031° 33' 28.09\" E,30° 16' 31.02\" N", "GL": 165.41500000000002, "IL": 163.966, "Depth": 1.4490000000000123, "Manufacturing_Material": "الزهر المرن"}, "geometry": {"type": "Point", "coordinates": [31.557955592824612, 30.275320316827937, 173.49000000000524]}}, {"type": "Feature", "properties": {"ID": "42", "Diameter": 110, "Sectors": "القطاع الثالث", "Implementing_company": "التوحيد", "Start": "2021-09-15 00:00:00+00:00", "End": "2023-03-15 00:00:00+00:00", "Northing": "30° 16' 7.54\" N", "Easting": "031° 33' 21.1\" E", "Google_Map": "https://www.google.com/maps/search/?api=1&query=031° 33' 21.1\" E,30° 16' 7.54\" N", "GL": 169.925, "IL": 168.472, "Depth": 1.453000000000003, "Manufacturing_Material": "الزهر المرن"}, "geometry": {"type": "Point", "coordinates": [31.556014762999435, 30.26879768868372, 169.9100000000035]}}, {"type": "Feature", "properties": {"ID": "43", "Diameter": 110, "Sectors": "القطاع الثالث", "Implementing_company": "التوحيد", "Start": "2021-09-15 00:00:00+00:00", "End": "2023-03-15 00:00:00+00:00", "Northing": "30° 16' 7.55\" N", "Easting": "031° 33' 21.14\" E", "Google_Map": "https://www.google.com/maps/search/?api=1&query=031° 33' 21.14\" E,30° 16' 7.55\" N", "GL": 169.925, "IL": 168.472, "Depth": 1.453000000000003, "Manufacturing_Material": "الزهر المرن"}, "geometry": {"type": "Point", "coordinates": [31.5560262606294, 30.268801722596095, 169.9100000000035]}}, {"type": "Feature", "properties": {"ID": "44", "Diameter": 110, "Sectors": "القطاع الثالث", "Implementing_company": "التوحيد", "Start": "2021-09-15 00:00:00+00:00", "End": "2023-03-15 00:00:00+00:00", "Northing": "30° 16' 23.44\" N", "Easting": "031° 33' 24.59\" E", "Google_Map": "https://www.google.com/maps/search/?api=1&query=031° 33' 24.59\" E,30° 16' 23.44\" N", "GL": 171.2, "IL": 169.75, "Depth": 1.4499999999999886, "Manufacturing_Material": "الزهر المرن"}, "geometry": {"type": "Point", "coordinates": [31.55698498412416, 30.273214848049957, 171.22000000000116]}}, {"type": "Feature", "properties": {"ID": "45", "Diameter": 110, "Sectors": "القطاع الثالث", "Implementing_company": "التوحيد", "Start": "2021-09-15 00:00:00+00:00", "End": "2023-03-15 00:00:00+00:00", "Northing": "30° 16' 23.38\" N", "Easting": "031° 33' 24.51\" E", "Google_Map": "https://www.google.com/maps/search/?api=1&query=031° 33' 24.51\" E,30° 16' 23.38\" N", "GL": 170.97, "IL": 169.5185, "Depth": 1.45150000000001, "Manufacturing_Material": "الزهر المرن"}, "geometry": {"type": "Point", "coordinates": [31.556962903980065, 30.27319730776334, 171.22000000000116]}}, {"type": "Feature", "properties": {"ID": "46", "Diameter": 110, "Sectors": "القطاع الثالث", "Implementing_company": "التوحيد", "Start": "2021-09-15 00:00:00+00:00", "End": "2023-03-15 00:00:00+00:00", "Northing": "30° 16' 15.26\" N", "Easting": "031° 33' 22.57\" E", "Google_Map": "https://www.google.com/maps/search/?api=1&query=031° 33' 22.57\" E,30° 16' 15.26\" N", "GL": 171.63, "IL": 170.17649999999998, "Depth": 1.4535000000000196, "Manufacturing_Material": "الزهر المرن"}, "geometry": {"type": "Point", "coordinates": [31.55642202393129, 30.270942880826265, 172.55999999999767]}}, {"type": "Feature", "properties": {"ID": "47", "Diameter": 110, "Sectors": "القطاع الثالث", "Implementing_company": "التوحيد", "Start": "2021-09-15 00:00:00+00:00", "End": "2023-03-15 00:00:00+00:00", "Northing": "30° 16' 44.52\" N", "Easting": "031° 33' 37.38\" E", "Google_Map": "https://www.google.com/maps/search/?api=1&query=031° 33' 37.38\" E,30° 16' 44.52\" N", "GL": 174.46499999999997, "IL": 173.018, "Depth": 1.4469999999999743, "Manufacturing_Material": "الزهر المرن"}, "geometry": {"type": "Point", "coordinates": [31.560535935842935, 30.2790706528892, 177.38999999999942]}}, {"type": "Feature", "properties": {"ID": "48", "Diameter": 110, "Sectors": "القطاع الثالث", "Implementing_company": "التوحيد", "Start": "2021-09-15 00:00:00+00:00", "End": "2023-03-15 00:00:00+00:00", "Northing": "30° 16' 39.52\" N", "Easting": "031° 33' 30.43\" E", "Google_Map": "https://www.google.com/maps/search/?api=1&query=031° 33' 30.43\" E,30° 16' 39.52\" N", "GL": 177.43, "IL": 175.9785, "Depth": 1.45150000000001, "Manufacturing_Material": "الزهر المرن"}, "geometry": {"type": "Point", "coordinates": [31.558607310829068, 30.27768030268933, 177.47000000000116]}}, {"type": "Feature", "properties": {"ID": "49", "Diameter": 110, "Sectors": "القطاع الثالث", "Implementing_company": "التوحيد", "Start": "2021-09-15 00:00:00+00:00", "End": "2023-03-15 00:00:00+00:00", "Northing": "30° 16' 29.46\" N", "Easting": "031° 33' 17.6\" E", "Google_Map": "https://www.google.com/maps/search/?api=1&query=031° 33' 17.6\" E,30° 16' 29.46\" N", "GL": 170.17, "IL": 168.719, "Depth": 1.4509999999999934, "Manufacturing_Material": "الزهر المرن"}, "geometry": {"type": "Point", "coordinates": [31.555042417448277, 30.274886474971538, 171.32000000000698]}}, {"type": "Feature", "properties": {"ID": "50", "Diameter": 110, "Sectors": "القطاع الثالث", "Implementing_company": "التوحيد", "Start": "2021-09-15 00:00:00+00:00", "End": "2023-03-15 00:00:00+00:00", "Northing": "30° 16' 35.44\" N", "Easting": "031° 33' 39.77\" E", "Google_Map": "https://www.google.com/maps/search/?api=1&query=031° 33' 39.77\" E,30° 16' 35.44\" N", "GL": 171.88, "IL": 170.429, "Depth": 1.4509999999999934, "Manufacturing_Material": "الزهر المرن"}, "geometry": {"type": "Point", "coordinates": [31.561201231170564, 30.276546537252433, 173.88000000000466]}}, {"type": "Feature", "properties": {"ID": "51", "Diameter": 110, "Sectors": "القطاع الثالث", "Implementing_company": "التوحيد", "Start": "2021-09-15 00:00:00+00:00", "End": "2023-03-15 00:00:00+00:00", "Northing": "30° 16' 33.63\" N", "Easting": "031° 33' 51.53\" E", "Google_Map": "https://www.google.com/maps/search/?api=1&query=031° 33' 51.53\" E,30° 16' 33.63\" N", "GL": 171.88, "IL": 170.429, "Depth": 1.4509999999999934, "Manufacturing_Material": "الزهر المرن"}, "geometry": {"type": "Point", "coordinates": [31.56446693224631, 30.276045788467112, 169.88000000000466]}}, {"type": "Feature", "properties": {"ID": "52", "Diameter": 110, "Sectors": "القطاع الثالث", "Implementing_company": "التوحيد", "Start": "2021-09-15 00:00:00+00:00", "End": "2023-03-15 00:00:00+00:00", "Northing": "30° 16' 5.76\" N", "Easting": "031° 33' 15.99\" E", "Google_Map": "https://www.google.com/maps/search/?api=1&query=031° 33' 15.99\" E,30° 16' 5.76\" N", "GL": 170.2, "IL": 168.7535, "Depth": 1.4464999999999861, "Manufacturing_Material": "الزهر المرن"}, "geometry": {"type": "Point", "coordinates": [31.554595265029672, 30.268302482739497, 170.88999999999942]}}, {"type": "Feature", "properties": {"ID": "53", "Diameter": 110, "Sectors": "القطاع الثالث", "Implementing_company": "التوحيد", "Start": "2021-09-15 00:00:00+00:00", "End": "2023-03-15 00:00:00+00:00", "Northing": "30° 16' 28.29\" N", "Easting": "031° 33' 30.65\" E", "Google_Map": "https://www.google.com/maps/search/?api=1&query=031° 33' 30.65\" E,30° 16' 28.29\" N", "GL": 172.04500000000002, "IL": 170.59699999999998, "Depth": 1.448000000000036, "Manufacturing_Material": "الزهر المرن"}, "geometry": {"type": "Point", "coordinates": [31.55866787424178, 30.274561636059865, 172.36999999999534]}}, {"type": "Feature", "properties": {"ID": "54", "Diameter": 110, "Sectors": "القطاع الثالث", "Implementing_company": "التوحيد", "Start": "2021-09-15 00:00:00+00:00", "End": "2023-03-15 00:00:00+00:00", "Northing": "30° 16' 24.18\" N", "Easting": "031° 33' 12.24\" E", "Google_Map": "https://www.google.com/maps/search/?api=1&query=031° 33' 12.24\" E,30° 16' 24.18\" N", "GL": 167.3, "IL": 165.851, "Depth": 1.4490000000000123, "Manufacturing_Material": "الزهر المرن"}, "geometry": {"type": "Point", "coordinates": [31.553553090692315, 30.273420929802974, 167.3000000000029]}}, {"type": "Feature", "properties": {"ID": "55", "Diameter": 110, "Sectors": "القطاع الثالث", "Implementing_company": "التوحيد", "Start": "2021-09-15 00:00:00+00:00", "End": "2023-03-15 00:00:00+00:00", "Northing": "30° 16' 28.41\" N", "Easting": "031° 33' 30.81\" E", "Google_Map": "https://www.google.com/maps/search/?api=1&query=031° 33' 30.81\" E,30° 16' 28.41\" N", "GL": 165.035, "IL": 163.5845, "Depth": 1.4505000000000052, "Manufacturing_Material": "الزهر المرن"}, "geometry": {"type": "Point", "coordinates": [31.558712807998752, 30.27459545181354, 157.3399999999965]}}, {"type": "Feature", "properties": {"ID": "56", "Diameter": 110, "Sectors": "القطاع الثالث", "Implementing_company": "التوحيد", "Start": "2021-09-15 00:00:00+00:00", "End": "2023-03-15 00:00:00+00:00", "Northing": "30° 16' 21.05\" N", "Easting": "031° 33' 21.8\" E", "Google_Map": "https://www.google.com/maps/search/?api=1&query=031° 33' 21.8\" E,30° 16' 21.05\" N", "GL": 170.97, "IL": 169.5185, "Depth": 1.45150000000001, "Manufacturing_Material": "الزهر المرن"}, "geometry": {"type": "Point", "coordinates": [31.556210394196206, 30.272551097275418, 170.72000000000116]}}, {"type": "Feature", "properties": {"ID": "57", "Diameter": 160, "Sectors": "القطاع الثالث", "Implementing_company": "التوحيد", "Start": "2021-09-15 00:00:00+00:00", "End": "2023-03-15 00:00:00+00:00", "Northing": "30° 16' 9.72\" N", "Easting": "031° 33' 14.2\" E", "Google_Map": "https://www.google.com/maps/search/?api=1&query=031° 33' 14.2\" E,30° 16' 9.72\" N", "GL": 170.2, "IL": 168.7535, "Depth": 1.4464999999999861, "Manufacturing_Material": "الزهر المرن"}, "geometry": {"type": "Point", "coordinates": [31.554098121620008, 30.269404447433832, 169.50999999999476]}}, {"type": "Feature", "properties": {"ID": "58", "Diameter": 160, "Sectors": "القطاع الثالث", "Implementing_company": "التوحيد", "Start": "2021-09-15 00:00:00+00:00", "End": "2023-03-15 00:00:00+00:00", "Northing": "30° 16' 44.79\" N", "Easting": "031° 33' 52.79\" E", "Google_Map": "https://www.google.com/maps/search/?api=1&query=031° 33' 52.79\" E,30° 16' 44.79\" N", "GL": 174.465, "IL": 173.018, "Depth": 1.4470000000000027, "Manufacturing_Material": "الزهر المرن"}, "geometry": {"type": "Point", "coordinates": [31.56481761551271, 30.279145423545124, 171.5399999999936]}}, {"type": "Feature", "properties": {"ID": "59", "Diameter": 110, "Sectors": "القطاع الثالث", "Implementing_company": "التوحيد", "Start": "2021-09-15 00:00:00+00:00", "End": "2023-03-15 00:00:00+00:00", "Northing": "30° 16' 26.91\" N", "Easting": "031° 33' 14.36\" E", "Google_Map": "https://www.google.com/maps/search/?api=1&query=031° 33' 14.36\" E,30° 16' 26.91\" N", "GL": 168.16, "IL": 166.7085, "Depth": 1.45150000000001, "Manufacturing_Material": "الزهر المرن"}, "geometry": {"type": "Point", "coordinates": [31.55414356890592, 30.274177964506105, 169.02000000000407]}}, {"type": "Feature", "properties": {"ID": "60", "Diameter": 110, "Sectors": "القطاع الثالث", "Implementing_company": "التوحيد", "Start": "2021-09-15 00:00:00+00:00", "End": "2023-03-15 00:00:00+00:00", "Northing": "30° 16' 12.51\" N", "Easting": "031° 33' 12.85\" E", "Google_Map": "https://www.google.com/maps/search/?api=1&query=031° 33' 12.85\" E,30° 16' 12.51\" N", "GL": 168.405, "IL": 166.957, "Depth": 1.4480000000000075, "Manufacturing_Material": "الزهر المرن"}, "geometry": {"type": "Point", "coordinates": [31.553723775940192, 30.270177824445327, 167.3000000000029]}}, {"type": "Feature", "properties": {"ID": "61", "Diameter": 160, "Sectors": "القطاع الثالث", "Implementing_company": "التوحيد", "Start": "2021-09-15 00:00:00+00:00", "End": "2023-03-15 00:00:00+00:00", "Northing": "30° 16' 5.94\" N", "Easting": "031° 33' 15.91\" E", "Google_Map": "https://www.google.com/maps/search/?api=1&query=031° 33' 15.91\" E,30° 16' 5.94\" N", "GL": 170.2, "IL": 168.7535, "Depth": 1.4464999999999861, "Manufacturing_Material": "الزهر المرن"}, "geometry": {"type": "Point", "coordinates": [31.55457244375661, 30.268354450430547, 170.88999999999942]}}, {"type": "Feature", "properties": {"ID": "62", "Diameter": 110, "Sectors": "القطاع الثالث", "Implementing_company": "التوحيد", "Start": "2021-09-15 00:00:00+00:00", "End": "2023-03-15 00:00:00+00:00", "Northing": "30° 16' 18.49\" N", "Easting": "031° 33' 21.05\" E", "Google_Map": "https://www.google.com/maps/search/?api=1&query=031° 33' 21.05\" E,30° 16' 18.49\" N", "GL": 170.71, "IL": 169.26, "Depth": 1.450000000000017, "Manufacturing_Material": "الزهر المرن"}, "geometry": {"type": "Point", "coordinates": [31.556001713565387, 30.271839188504856, 170.6999999999971]}}, {"type": "Feature", "properties": {"ID": "63", "Diameter": 110, "Sectors": "القطاع الثاني", "Implementing_company": "عوض خليفة", "Start": "2021-09-18 00:00:00+00:00", "End": "2023-10-28 00:00:00+00:00", "Northing": "30° 16' 19.57\" N", "Easting": "031° 34' 17.46\" E", "Google_Map": "https://www.google.com/maps/search/?api=1&query=031° 34' 17.46\" E,30° 16' 19.57\" N", "GL": 173.81, "IL": 172.36, "Depth": 1.4499999999999886, "Manufacturing_Material": "الزهر المرن"}, "geometry": {"type": "Point", "coordinates": [31.57167185688012, 30.272139632046667, 175.4600000000064]}}, {"type": "Feature", "properties": {"ID": "64", "Diameter": 160, "Sectors": "القطاع الثاني", "Implementing_company": "عوض خليفة", "Start": "2021-09-18 00:00:00+00:00", "End": "2023-10-28 00:00:00+00:00", "Northing": "30° 15' 50.1\" N", "Easting": "031° 33' 27.65\" E", "Google_Map": "https://www.google.com/maps/search/?api=1&query=031° 33' 27.65\" E,30° 15' 50.1\" N", "GL": 169.16500000000002, "IL": 167.715, "Depth": 1.450000000000017, "Manufacturing_Material": "الزهر المرن"}, "geometry": {"type": "Point", "coordinates": [31.557833518792094, 30.263953825950587, 164.3000000000029]}}, {"type": "Feature", "properties": {"ID": "65", "Diameter": 110, "Sectors": "القطاع الثاني", "Implementing_company": "عوض خليفة", "Start": "2021-09-18 00:00:00+00:00", "End": "2023-10-28 00:00:00+00:00", "Northing": "30° 15' 59.85\" N", "Easting": "031° 33' 39.68\" E", "Google_Map": "https://www.google.com/maps/search/?api=1&query=031° 33' 39.68\" E,30° 15' 59.85\" N", "GL": 168.13, "IL": 166.68, "Depth": 1.4499999999999886, "Manufacturing_Material": "الزهر المرن"}, "geometry": {"type": "Point", "coordinates": [31.56117586220594, 30.26666271700659, 166.9499999999971]}}, {"type": "Feature", "properties": {"ID": "66", "Diameter": 110, "Sectors": "القطاع الثاني", "Implementing_company": "عوض خليفة", "Start": "2021-09-18 00:00:00+00:00", "End": "2023-10-28 00:00:00+00:00", "Northing": "30° 16' 3.34\" N", "Easting": "031° 33' 48.26\" E", "Google_Map": "https://www.google.com/maps/search/?api=1&query=031° 33' 48.26\" E,30° 16' 3.34\" N", "GL": 168.13, "IL": 166.68, "Depth": 1.4499999999999886, "Manufacturing_Material": "الزهر المرن"}, "geometry": {"type": "Point", "coordinates": [31.563558522862294, 30.26763075679874, 162.88999999999942]}}, {"type": "Feature", "properties": {"ID": "67", "Diameter": 110, "Sectors": "القطاع الثاني", "Implementing_company": "عوض خليفة", "Start": "2021-09-18 00:00:00+00:00", "End": "2023-10-28 00:00:00+00:00", "Northing": "30° 16' 4.0\" N", "Easting": "031° 33' 50.55\" E", "Google_Map": "https://www.google.com/maps/search/?api=1&query=031° 33' 50.55\" E,30° 16' 4.0\" N", "GL": 170.25, "IL": 168.8, "Depth": 1.4499999999999886, "Manufacturing_Material": "الزهر المرن"}, "geometry": {"type": "Point", "coordinates": [31.56419611616546, 30.267814507048232, 161.86000000000058]}}, {"type": "Feature", "properties": {"ID": "68", "Diameter": 110, "Sectors": "القطاع الثاني", "Implementing_company": "عوض خليفة", "Start": "2021-09-18 00:00:00+00:00", "End": "2023-10-28 00:00:00+00:00", "Northing": "30° 16' 0.4\" N", "Easting": "031° 33' 53.15\" E", "Google_Map": "https://www.google.com/maps/search/?api=1&query=031° 33' 53.15\" E,30° 16' 0.4\" N", "GL": 165.25, "IL": 163.8, "Depth": 1.4499999999999886, "Manufacturing_Material": "الزهر المرن"}, "geometry": {"type": "Point", "coordinates": [31.564917948087665, 30.266814606444512, 165.25]}}, {"type": "Feature", "properties": {"ID": "69", "Diameter": 110, "Sectors": "القطاع الثالث", "Implementing_company": "التوحيد", "Start": "2021-09-15 00:00:00+00:00", "End": "2023-03-15 00:00:00+00:00", "Northing": "30° 16' 30.93\" N", "Easting": "031° 33' 34.09\" E", "Google_Map": "https://www.google.com/maps/search/?api=1&query=031° 33' 34.09\" E,30° 16' 30.93\" N", "GL": 172.84, "IL": 171.3875, "Depth": 1.4525000000000148, "Manufacturing_Material": "الزهر المرن"}, "geometry": {"type": "Point", "coordinates": [31.559624674592776, 30.27529388396183, 172.9499999999971]}}, {"type": "Feature", "properties": {"ID": "70", "Diameter": 110, "Sectors": "القطاع الثالث", "Implementing_company": "التوحيد", "Start": "2021-09-15 00:00:00+00:00", "End": "2023-03-15 00:00:00+00:00", "Northing": "30° 16' 25.56\" N", "Easting": "031° 33' 27.26\" E", "Google_Map": "https://www.google.com/maps/search/?api=1&query=031° 33' 27.26\" E,30° 16' 25.56\" N", "GL": 172.045, "IL": 170.597, "Depth": 1.447999999999979, "Manufacturing_Material": "الزهر المرن"}, "geometry": {"type": "Point", "coordinates": [31.557726384095982, 30.27380400811456, 171.72000000000116]}}, {"type": "Feature", "properties": {"ID": "71", "Diameter": 110, "Sectors": "القطاع الثاني", "Implementing_company": "عوض خليفة", "Start": "2021-09-18 00:00:00+00:00", "End": "2023-10-28 00:00:00+00:00", "Northing": "30° 16' 18.4\" N", "Easting": "031° 34' 17.59\" E", "Google_Map": "https://www.google.com/maps/search/?api=1&query=031° 34' 17.59\" E,30° 16' 18.4\" N", "GL": 173.81, "IL": 172.36, "Depth": 1.4499999999999886, "Manufacturing_Material": "الزهر المرن"}, "geometry": {"type": "Point", "coordinates": [31.57170564423812, 30.27181554932066, 175.52000000000407]}}, {"type": "Feature", "properties": {"ID": "72", "Diameter": 160, "Sectors": "القطاع الثاني", "Implementing_company": "عوض خليفة", "Start": "2021-09-18 00:00:00+00:00", "End": "2023-10-28 00:00:00+00:00", "Northing": "30° 15' 53.8\" N", "Easting": "031° 33' 51.65\" E", "Google_Map": "https://www.google.com/maps/search/?api=1&query=031° 33' 51.65\" E,30° 15' 53.8\" N", "GL": 163.675, "IL": 162.225, "Depth": 1.450000000000017, "Manufacturing_Material": "الزهر المرن"}, "geometry": {"type": "Point", "coordinates": [31.564500328797354, 30.264980830760848, 160.3000000000029]}}, {"type": "Feature", "properties": {"ID": "73", "Diameter": 160, "Sectors": "القطاع الثاني", "Implementing_company": "عوض خليفة", "Start": "2021-09-18 00:00:00+00:00", "End": "2023-10-28 00:00:00+00:00", "Northing": "30° 15' 50.78\" N", "Easting": "031° 33' 43.75\" E", "Google_Map": "https://www.google.com/maps/search/?api=1&query=031° 33' 43.75\" E,30° 15' 50.78\" N", "GL": 163.675, "IL": 162.225, "Depth": 1.450000000000017, "Manufacturing_Material": "الزهر المرن"}, "geometry": {"type": "Point", "coordinates": [31.56230528693544, 30.26414169982842, 167.0500000000029]}}, {"type": "Feature", "properties": {"ID": "74", "Diameter": 160, "Sectors": "القطاع الثاني", "Implementing_company": "عوض خليفة", "Start": "2021-09-18 00:00:00+00:00", "End": "2023-10-28 00:00:00+00:00", "Northing": "30° 15' 51.24\" N", "Easting": "031° 33' 25.26\" E", "Google_Map": "https://www.google.com/maps/search/?api=1&query=031° 33' 25.26\" E,30° 15' 51.24\" N", "GL": 169.16500000000002, "IL": 167.715, "Depth": 1.450000000000017, "Manufacturing_Material": "الزهر المرن"}, "geometry": {"type": "Point", "coordinates": [31.557170174077868, 30.264270500231543, 165.25]}}, {"type": "Feature", "properties": {"ID": "75", "Diameter": 160, "Sectors": "القطاع الثاني", "Implementing_company": "عوض خليفة", "Start": "2021-09-18 00:00:00+00:00", "End": "2023-10-28 00:00:00+00:00", "Northing": "30° 15' 58.9\" N", "Easting": "031° 33' 17.84\" E", "Google_Map": "https://www.google.com/maps/search/?api=1&query=031° 33' 17.84\" E,30° 15' 58.9\" N", "GL": 169.16500000000002, "IL": 167.715, "Depth": 1.450000000000017, "Manufacturing_Material": "الزهر المرن"}, "geometry": {"type": "Point", "coordinates": [31.555108632027732, 30.266398364303768, 170.52999999999884]}}, {"type": "Feature", "properties": {"ID": "76", "Diameter": 160, "Sectors": "القطاع الثاني", "Implementing_company": "عوض خليفة", "Start": "2021-09-18 00:00:00+00:00", "End": "2023-10-28 00:00:00+00:00", "Northing": "30° 16' 1.56\" N", "Easting": "031° 33' 16.85\" E", "Google_Map": "https://www.google.com/maps/search/?api=1&query=031° 33' 16.85\" E,30° 16' 1.56\" N", "GL": 169.16500000000002, "IL": 167.715, "Depth": 1.450000000000017, "Manufacturing_Material": "الزهر المرن"}, "geometry": {"type": "Point", "coordinates": [31.554834424909867, 30.267135423726618, 171.5500000000029]}}, {"type": "Feature", "properties": {"ID": "77", "Diameter": 160, "Sectors": "القطاع الثاني", "Implementing_company": "عوض خليفة", "Start": "2021-09-18 00:00:00+00:00", "End": "2023-10-28 00:00:00+00:00", "Northing": "30° 16' 4.16\" N", "Easting": "031° 33' 16.31\" E", "Google_Map": "https://www.google.com/maps/search/?api=1&query=031° 33' 16.31\" E,30° 16' 4.16\" N", "GL": 169.16500000000002, "IL": 167.715, "Depth": 1.450000000000017, "Manufacturing_Material": "الزهر المرن"}, "geometry": {"type": "Point", "coordinates": [31.55468505020483, 30.26785964175071, 172.5]}}, {"type": "Feature", "properties": {"ID": "78", "Diameter": 160, "Sectors": "القطاع الثاني", "Implementing_company": "عوض خليفة", "Start": "2021-09-18 00:00:00+00:00", "End": "2023-10-28 00:00:00+00:00", "Northing": "30° 16' 5.24\" N", "Easting": "031° 33' 28.13\" E", "Google_Map": "https://www.google.com/maps/search/?api=1&query=031° 33' 28.13\" E,30° 16' 5.24\" N", "GL": 168.13, "IL": 166.68, "Depth": 1.4499999999999886, "Manufacturing_Material": "الزهر المرن"}, "geometry": {"type": "Point", "coordinates": [31.557967538247876, 30.268157933532827, 173.00999999999476]}}, {"type": "Feature", "properties": {"ID": "79", "Diameter": 110, "Sectors": "القطاع الثاني", "Implementing_company": "عوض خليفة", "Start": "2021-09-18 00:00:00+00:00", "End": "2023-10-28 00:00:00+00:00", "Northing": "30° 15' 58.62\" N", "Easting": "031° 33' 33.16\" E", "Google_Map": "https://www.google.com/maps/search/?api=1&query=031° 33' 33.16\" E,30° 15' 58.62\" N", "GL": 168.13, "IL": 166.68, "Depth": 1.4499999999999886, "Manufacturing_Material": "الزهر المرن"}, "geometry": {"type": "Point", "coordinates": [31.559364288789943, 30.266320712561456, 169.30999999999767]}}, {"type": "Feature", "properties": {"ID": "80", "Diameter": 110, "Sectors": "القطاع الثاني", "Implementing_company": "عوض خليفة", "Start": "2021-09-18 00:00:00+00:00", "End": "2023-10-28 00:00:00+00:00", "Northing": "30° 16' 9.8\" N", "Easting": "031° 33' 59.66\" E", "Google_Map": "https://www.google.com/maps/search/?api=1&query=031° 33' 59.66\" E,30° 16' 9.8\" N", "GL": 170.25, "IL": 168.8, "Depth": 1.4499999999999886, "Manufacturing_Material": "الزهر المرن"}, "geometry": {"type": "Point", "coordinates": [31.56672564859257, 30.26942648202882, 165.1999999999971]}}, {"type": "Feature", "properties": {"ID": "81", "Diameter": 110, "Sectors": "القطاع الثاني", "Implementing_company": "عوض خليفة", "Start": "2021-09-18 00:00:00+00:00", "End": "2023-10-28 00:00:00+00:00", "Northing": "30° 16' 21.12\" N", "Easting": "031° 34' 7.5\" E", "Google_Map": "https://www.google.com/maps/search/?api=1&query=031° 34' 7.5\" E,30° 16' 21.12\" N", "GL": 170.25, "IL": 168.8, "Depth": 1.4499999999999886, "Manufacturing_Material": "الزهر المرن"}, "geometry": {"type": "Point", "coordinates": [31.568902572927925, 30.272570121044406, 170.47000000000116]}}, {"type": "Feature", "properties": {"ID": "82", "Diameter": 110, "Sectors": "القطاع الثاني", "Implementing_company": "عوض خليفة", "Start": "2021-09-18 00:00:00+00:00", "End": "2023-10-28 00:00:00+00:00", "Northing": "30° 16' 15.55\" N", "Easting": "031° 34' 6.99\" E", "Google_Map": "https://www.google.com/maps/search/?api=1&query=031° 34' 6.99\" E,30° 16' 15.55\" N", "GL": 170.25, "IL": 168.8, "Depth": 1.4499999999999886, "Manufacturing_Material": "الزهر المرن"}, "geometry": {"type": "Point", "coordinates": [31.56876276394195, 30.271022906308307, 175.1600000000035]}}, {"type": "Feature", "properties": {"ID": "83", "Diameter": 110, "Sectors": "القطاع الثاني", "Implementing_company": "عوض خليفة", "Start": "2021-09-18 00:00:00+00:00", "End": "2023-10-28 00:00:00+00:00", "Northing": "30° 16' 6.28\" N", "Easting": "031° 33' 54.03\" E", "Google_Map": "https://www.google.com/maps/search/?api=1&query=031° 33' 54.03\" E,30° 16' 6.28\" N", "GL": 170.25, "IL": 168.8, "Depth": 1.4499999999999886, "Manufacturing_Material": "الزهر المرن"}, "geometry": {"type": "Point", "coordinates": [31.56516088171657, 30.26844726261147, 159.11000000000058]}}, {"type": "Feature", "properties": {"ID": "84", "Diameter": 110, "Sectors": "القطاع الثاني", "Implementing_company": "عوض خليفة", "Start": "2021-09-18 00:00:00+00:00", "End": "2023-10-28 00:00:00+00:00", "Northing": "30° 16' 7.06\" N", "Easting": "031° 33' 55.35\" E", "Google_Map": "https://www.google.com/maps/search/?api=1&query=031° 33' 55.35\" E,30° 16' 7.06\" N", "GL": 170.25, "IL": 168.8, "Depth": 1.4499999999999886, "Manufacturing_Material": "الزهر المرن"}, "geometry": {"type": "Point", "coordinates": [31.565528969994222, 30.268663236271937, 160.5500000000029]}}, {"type": "Feature", "properties": {"ID": "85", "Diameter": 110, "Sectors": "القطاع الثاني", "Implementing_company": "عوض خليفة", "Start": "2021-09-18 00:00:00+00:00", "End": "2023-10-28 00:00:00+00:00", "Northing": "30° 16' 11.52\" N", "Easting": "031° 34' 1.99\" E", "Google_Map": "https://www.google.com/maps/search/?api=1&query=031° 34' 1.99\" E,30° 16' 11.52\" N", "GL": 170.25, "IL": 168.8, "Depth": 1.4499999999999886, "Manufacturing_Material": "الزهر المرن"}, "geometry": {"type": "Point", "coordinates": [31.567373319373473, 30.269903695139448, 168.1999999999971]}}, {"type": "Feature", "properties": {"ID": "86", "Diameter": 110, "Sectors": "القطاع الثاني", "Implementing_company": "عوض خليفة", "Start": "2021-09-18 00:00:00+00:00", "End": "2023-10-28 00:00:00+00:00", "Northing": "30° 16' 13.81\" N", "Easting": "031° 34' 4.99\" E", "Google_Map": "https://www.google.com/maps/search/?api=1&query=031° 34' 4.99\" E,30° 16' 13.81\" N", "GL": 170.25, "IL": 168.8, "Depth": 1.4499999999999886, "Manufacturing_Material": "الزهر المرن"}, "geometry": {"type": "Point", "coordinates": [31.568207722946955, 30.270539921886083, 172.3000000000029]}}, {"type": "Feature", "properties": {"ID": "87", "Diameter": 110, "Sectors": "القطاع الثاني", "Implementing_company": "عوض خليفة", "Start": "2021-09-18 00:00:00+00:00", "End": "2023-10-28 00:00:00+00:00", "Northing": "30° 16' 23.1\" N", "Easting": "031° 34' 16.12\" E", "Google_Map": "https://www.google.com/maps/search/?api=1&query=031° 34' 16.12\" E,30° 16' 23.1\" N", "GL": 173.81, "IL": 172.36, "Depth": 1.4499999999999886, "Manufacturing_Material": "الزهر المرن"}, "geometry": {"type": "Point", "coordinates": [31.571297384521316, 30.273120524710027, 174.11999999999534]}}, {"type": "Feature", "properties": {"ID": "88", "Diameter": 110, "Sectors": "القطاع الثاني", "Implementing_company": "عوض خليفة", "Start": "2021-09-18 00:00:00+00:00", "End": "2023-10-28 00:00:00+00:00", "Northing": "30° 16' 11.08\" N", "Easting": "031° 34' 15.93\" E", "Google_Map": "https://www.google.com/maps/search/?api=1&query=031° 34' 15.93\" E,30° 16' 11.08\" N", "GL": 173.81, "IL": 172.36, "Depth": 1.4499999999999886, "Manufacturing_Material": "الزهر المرن"}, "geometry": {"type": "Point", "coordinates": [31.571244688934268, 30.26977981517678, 172.10000000000582]}}, {"type": "Feature", "properties": {"ID": "89", "Diameter": 110, "Sectors": "القطاع الثاني", "Implementing_company": "عوض خليفة", "Start": "2021-09-18 00:00:00+00:00", "End": "2023-10-28 00:00:00+00:00", "Northing": "30° 16' 4.68\" N", "Easting": "031° 34' 9.53\" E", "Google_Map": "https://www.google.com/maps/search/?api=1&query=031° 34' 9.53\" E,30° 16' 4.68\" N", "GL": 173.81, "IL": 172.36, "Depth": 1.4499999999999886, "Manufacturing_Material": "الزهر المرن"}, "geometry": {"type": "Point", "coordinates": [31.569468684070962, 30.268002197219378, 164.4600000000064]}}, {"type": "Feature", "properties": {"ID": "90", "Diameter": 110, "Sectors": "القطاع الثاني", "Implementing_company": "عوض خليفة", "Start": "2021-09-18 00:00:00+00:00", "End": "2023-10-28 00:00:00+00:00", "Northing": "30° 16' 0.08\" N", "Easting": "031° 34' 3.06\" E", "Google_Map": "https://www.google.com/maps/search/?api=1&query=031° 34' 3.06\" E,30° 16' 0.08\" N", "GL": 173.81, "IL": 172.36, "Depth": 1.4499999999999886, "Manufacturing_Material": "الزهر المرن"}, "geometry": {"type": "Point", "coordinates": [31.567671396746103, 30.26672571442772, 160.88999999999942]}}, {"type": "Feature", "properties": {"ID": "91", "Diameter": 160, "Sectors": "القطاع الثاني", "Implementing_company": "عوض خليفة", "Start": "2021-09-18 00:00:00+00:00", "End": "2023-10-28 00:00:00+00:00", "Northing": "30° 15' 54.21\" N", "Easting": "031° 33' 21.52\" E", "Google_Map": "https://www.google.com/maps/search/?api=1&query=031° 33' 21.52\" E,30° 15' 54.21\" N", "GL": 169.16500000000002, "IL": 167.715, "Depth": 1.450000000000017, "Manufacturing_Material": "الزهر المرن"}, "geometry": {"type": "Point", "coordinates": [31.5561306843073, 30.265095968456045, 167.8000000000029]}}, {"type": "Feature", "properties": {"ID": "92", "Diameter": 110, "Sectors": "القطاع الثاني", "Implementing_company": "عوض خليفة", "Start": "2021-09-18 00:00:00+00:00", "End": "2023-10-28 00:00:00+00:00", "Northing": "30° 16' 0.72\" N", "Easting": "031° 33' 30.02\" E", "Google_Map": "https://www.google.com/maps/search/?api=1&query=031° 33' 30.02\" E,30° 16' 0.72\" N", "GL": 168.13, "IL": 166.68, "Depth": 1.4499999999999886, "Manufacturing_Material": "الزهر المرن"}, "geometry": {"type": "Point", "coordinates": [31.55849152289806, 30.266902718203802, 170.5500000000029]}}, {"type": "Feature", "properties": {"ID": "93", "Diameter": 110, "Sectors": "القطاع الثاني", "Implementing_company": "عوض خليفة", "Start": "2021-09-18 00:00:00+00:00", "End": "2023-10-28 00:00:00+00:00", "Northing": "30° 16' 1.76\" N", "Easting": "031° 33' 44.65\" E", "Google_Map": "https://www.google.com/maps/search/?api=1&query=031° 33' 44.65\" E,30° 16' 1.76\" N", "GL": 168.13, "IL": 166.68, "Depth": 1.4499999999999886, "Manufacturing_Material": "الزهر المرن"}, "geometry": {"type": "Point", "coordinates": [31.56255629658999, 30.267193410134453, 164.38999999999942]}}, {"type": "Feature", "properties": {"ID": "94", "Diameter": 110, "Sectors": "القطاع الثاني", "Implementing_company": "عوض خليفة", "Start": "2021-09-18 00:00:00+00:00", "End": "2023-10-28 00:00:00+00:00", "Northing": "30° 16' 1.89\" N", "Easting": "031° 33' 44.96\" E", "Google_Map": "https://www.google.com/maps/search/?api=1&query=031° 33' 44.96\" E,30° 16' 1.89\" N", "GL": 168.13, "IL": 166.68, "Depth": 1.4499999999999886, "Manufacturing_Material": "الزهر المرن"}, "geometry": {"type": "Point", "coordinates": [31.562643136308342, 30.26722914648157, 164.38999999999942]}}, {"type": "Feature", "properties": {"ID": "95", "Diameter": 110, "Sectors": "القطاع الثاني", "Implementing_company": "عوض خليفة", "Start": "2021-09-18 00:00:00+00:00", "End": "2023-10-28 00:00:00+00:00", "Northing": "30° 16' 0.25\" N", "Easting": "031° 33' 53.26\" E", "Google_Map": "https://www.google.com/maps/search/?api=1&query=031° 33' 53.26\" E,30° 16' 0.25\" N", "GL": 165.25, "IL": 163.8, "Depth": 1.4499999999999886, "Manufacturing_Material": "الزهر المرن"}, "geometry": {"type": "Point", "coordinates": [31.56494867386106, 30.26677209695661, 165.25]}}, {"type": "Feature", "properties": {"ID": "96", "Diameter": 160, "Sectors": "القطاع الثالث", "Implementing_company": "التوحيد", "Start": "2021-09-15 00:00:00+00:00", "End": "2023-03-15 00:00:00+00:00", "Northing": "30° 16' 34.69\" N", "Easting": "031° 33' 24.29\" E", "Google_Map": "https://www.google.com/maps/search/?api=1&query=031° 33' 24.29\" E,30° 16' 34.69\" N", "GL": 177.43, "IL": 175.9785, "Depth": 1.45150000000001, "Manufacturing_Material": "الزهر المرن"}, "geometry": {"type": "Point", "coordinates": [31.556901387968608, 30.27634034387219, 175.7960000000021]}}, {"type": "Feature", "properties": {"ID": "97", "Diameter": 110, "Sectors": "القطاع الثالث", "Implementing_company": "التوحيد", "Start": "2021-09-15 00:00:00+00:00", "End": "2023-03-15 00:00:00+00:00", "Northing": "30° 16' 9.21\" N", "Easting": "031° 33' 25.82\" E", "Google_Map": "https://www.google.com/maps/search/?api=1&query=031° 33' 25.82\" E,30° 16' 9.21\" N", "GL": 169.925, "IL": 168.472, "Depth": 1.453000000000003, "Manufacturing_Material": "الزهر المرن"}, "geometry": {"type": "Point", "coordinates": [31.557327171120253, 30.269261091300468, 171.9600000000064]}}, {"type": "Feature", "properties": {"ID": "98", "Diameter": 160, "Sectors": "القطاع الثاني", "Implementing_company": "عوض خليفة", "Start": "2021-09-18 00:00:00+00:00", "End": "2023-10-28 00:00:00+00:00", "Northing": "30° 15' 48.58\" N", "Easting": "031° 33' 34.41\" E", "Google_Map": "https://www.google.com/maps/search/?api=1&query=031° 33' 34.41\" E,30° 15' 48.58\" N", "GL": 163.675, "IL": 162.225, "Depth": 1.450000000000017, "Manufacturing_Material": "الزهر المرن"}, "geometry": {"type": "Point", "coordinates": [31.559713024869907, 30.26353016950443, 164.3000000000029]}}, {"type": "Feature", "properties": {"ID": "99", "Diameter": 110, "Sectors": "القطاع الثاني", "Implementing_company": "عوض خليفة", "Start": "2021-09-18 00:00:00+00:00", "End": "2023-10-28 00:00:00+00:00", "Northing": "30° 15' 56.0\" N", "Easting": "031° 33' 56.37\" E", "Google_Map": "https://www.google.com/maps/search/?api=1&query=031° 33' 56.37\" E,30° 15' 56.0\" N", "GL": 165.25, "IL": 163.8, "Depth": 1.4499999999999886, "Manufacturing_Material": "الزهر المرن"}, "geometry": {"type": "Point", "coordinates": [31.565811560541462, 30.26559174281762, 160.3000000000029]}}, {"type": "Feature", "properties": {"ID": "100", "Diameter": 160, "Sectors": "القطاع الخامس", "Implementing_company": "السلام", "Start": "2022-01-03 00:00:00+00:00", "End": "2025-03-02 00:00:00+00:00", "Northing": "30° 16' 53.73\" N", "Easting": "031° 33' 40.38\" E", "Google_Map": "https://www.google.com/maps/search/?api=1&query=031° 33' 40.38\" E,30° 16' 53.73\" N", "GL": 176.3765, "IL": 174.9265, "Depth": 1.4499999999999886, "Manufacturing_Material": "الزهر المرن"}, "geometry": {"type": "Point", "coordinates": [31.561370242313682, 30.281628254943023, 177.35499999999593]}}, {"type": "Feature", "properties": {"ID": "101", "Diameter": 160, "Sectors": "القطاع الخامس", "Implementing_company": "السلام", "Start": "2022-01-03 00:00:00+00:00", "End": "2025-03-02 00:00:00+00:00", "Northing": "30° 16' 35.71\" N", "Easting": "031° 33' 23.09\" E", "Google_Map": "https://www.google.com/maps/search/?api=1&query=031° 33' 23.09\" E,30° 16' 35.71\" N", "GL": 173.159, "IL": 171.70899999999997, "Depth": 1.450000000000017, "Manufacturing_Material": "الزهر المرن"}, "geometry": {"type": "Point", "coordinates": [31.556567945215345, 30.276622965296323, 175.7960000000021]}}, {"type": "Feature", "properties": {"ID": "102", "Diameter": 160, "Sectors": "القطاع الخامس", "Implementing_company": "السلام", "Start": "2022-01-03 00:00:00+00:00", "End": "2025-03-02 00:00:00+00:00", "Northing": "30° 16' 41.56\" N", "Easting": "031° 33' 17.02\" E", "Google_Map": "https://www.google.com/maps/search/?api=1&query=031° 33' 17.02\" E,30° 16' 41.56\" N", "GL": 173.159, "IL": 171.70899999999997, "Depth": 1.450000000000017, "Manufacturing_Material": "الزهر المرن"}, "geometry": {"type": "Point", "coordinates": [31.554880375499604, 30.278248927407418, 171.82099999999627]}}, {"type": "Feature", "properties": {"ID": "103", "Diameter": 110, "Sectors": "القطاع الخامس", "Implementing_company": "السلام", "Start": "2022-01-03 00:00:00+00:00", "End": "2025-03-02 00:00:00+00:00", "Northing": "30° 16' 43.08\" N", "Easting": "031° 33' 17.59\" E", "Google_Map": "https://www.google.com/maps/search/?api=1&query=031° 33' 17.59\" E,30° 16' 43.08\" N", "GL": 170.809, "IL": 169.35899999999998, "Depth": 1.450000000000017, "Manufacturing_Material": "الزهر المرن"}, "geometry": {"type": "Point", "coordinates": [31.55503980757697, 30.278670510983897, 172.15200000000186]}}, {"type": "Feature", "properties": {"ID": "104", "Diameter": 110, "Sectors": "القطاع الخامس", "Implementing_company": "السلام", "Start": "2022-01-03 00:00:00+00:00", "End": "2025-03-02 00:00:00+00:00", "Northing": "30° 16' 33.5\" N", "Easting": "031° 33' 5.41\" E", "Google_Map": "https://www.google.com/maps/search/?api=1&query=031° 33' 5.41\" E,30° 16' 33.5\" N", "GL": 170.809, "IL": 169.35899999999998, "Depth": 1.450000000000017, "Manufacturing_Material": "الزهر المرن"}, "geometry": {"type": "Point", "coordinates": [31.551656184394247, 30.27600775002592, 169.46600000000035]}}, {"type": "Feature", "properties": {"ID": "105", "Diameter": 110, "Sectors": "القطاع الخامس", "Implementing_company": "السلام", "Start": "2022-01-03 00:00:00+00:00", "End": "2025-03-02 00:00:00+00:00", "Northing": "30° 17' 1.23\" N", "Easting": "031° 33' 26.11\" E", "Google_Map": "https://www.google.com/maps/search/?api=1&query=031° 33' 26.11\" E,30° 17' 1.23\" N", "GL": 171.72, "IL": 170.26999999999998, "Depth": 1.450000000000017, "Manufacturing_Material": "الزهر المرن"}, "geometry": {"type": "Point", "coordinates": [31.55740780927021, 30.28371102448095, 170.6710000000021]}}, {"type": "Feature", "properties": {"ID": "106", "Diameter": 110, "Sectors": "القطاع الخامس", "Implementing_company": "السلام", "Start": "2022-01-03 00:00:00+00:00", "End": "2025-03-02 00:00:00+00:00", "Northing": "30° 16' 51.67\" N", "Easting": "031° 33' 13.9\" E", "Google_Map": "https://www.google.com/maps/search/?api=1&query=031° 33' 13.9\" E,30° 16' 51.67\" N", "GL": 171.72, "IL": 170.26999999999998, "Depth": 1.450000000000017, "Manufacturing_Material": "الزهر المرن"}, "geometry": {"type": "Point", "coordinates": [31.55401457449147, 30.281057275767683, 172.76900000000023]}}, {"type": "Feature", "properties": {"ID": "107", "Diameter": 110, "Sectors": "القطاع الخامس", "Implementing_company": "السلام", "Start": "2022-01-03 00:00:00+00:00", "End": "2025-03-02 00:00:00+00:00", "Northing": "30° 16' 49.43\" N", "Easting": "031° 33' 10.99\" E", "Google_Map": "https://www.google.com/maps/search/?api=1&query=031° 33' 10.99\" E,30° 16' 49.43\" N", "GL": 172.17950000000002, "IL": 170.7295, "Depth": 1.450000000000017, "Manufacturing_Material": "الزهر المرن"}, "geometry": {"type": "Point", "coordinates": [31.55320557002196, 30.280433391480983, 171.9930000000022]}}, {"type": "Feature", "properties": {"ID": "108", "Diameter": 110, "Sectors": "القطاع الخامس", "Implementing_company": "السلام", "Start": "2022-01-03 00:00:00+00:00", "End": "2025-03-02 00:00:00+00:00", "Northing": "30° 16' 39.87\" N", "Easting": "031° 32' 58.77\" E", "Google_Map": "https://www.google.com/maps/search/?api=1&query=031° 32' 58.77\" E,30° 16' 39.87\" N", "GL": 172.17950000000002, "IL": 170.7295, "Depth": 1.450000000000017, "Manufacturing_Material": "الزهر المرن"}, "geometry": {"type": "Point", "coordinates": [31.54981311208019, 30.277779431011904, 172.36599999999453]}}, {"type": "Feature", "properties": {"ID": "109", "Diameter": 225, "Sectors": "القطاع الخامس", "Implementing_company": "السلام", "Start": "2022-01-03 00:00:00+00:00", "End": "2025-03-02 00:00:00+00:00", "Northing": "30° 16' 30.46\" N", "Easting": "031° 33' 2.06\" E", "Google_Map": "https://www.google.com/maps/search/?api=1&query=031° 33' 2.06\" E,30° 16' 30.46\" N", "GL": 174.449, "IL": 172.99900000000002, "Depth": 1.4499999999999886, "Manufacturing_Material": "الزهر المرن"}, "geometry": {"type": "Point", "coordinates": [31.550724805723185, 30.27516426799327, 169.91700000000128]}}, {"type": "Feature", "properties": {"ID": "110", "Diameter": 110, "Sectors": "القطاع الخامس", "Implementing_company": "السلام", "Start": "2022-01-03 00:00:00+00:00", "End": "2025-03-02 00:00:00+00:00", "Northing": "30° 16' 38.1\" N", "Easting": "031° 32' 56.01\" E", "Google_Map": "https://www.google.com/maps/search/?api=1&query=031° 32' 56.01\" E,30° 16' 38.1\" N", "GL": 170.41475, "IL": 168.96475, "Depth": 1.4499999999999886, "Manufacturing_Material": "الزهر المرن"}, "geometry": {"type": "Point", "coordinates": [31.54904458855522, 30.277285291882603, 170.46300000000338]}}, {"type": "Feature", "properties": {"ID": "111", "Diameter": 110, "Sectors": "القطاع الخامس", "Implementing_company": "السلام", "Start": "2022-01-03 00:00:00+00:00", "End": "2025-03-02 00:00:00+00:00", "Northing": "30° 17' 3.86\" N", "Easting": "031° 33' 28.96\" E", "Google_Map": "https://www.google.com/maps/search/?api=1&query=031° 33' 28.96\" E,30° 17' 3.86\" N", "GL": 170.41475, "IL": 168.96475, "Depth": 1.4499999999999886, "Manufacturing_Material": "الزهر المرن"}, "geometry": {"type": "Point", "coordinates": [31.558197711727612, 30.284441390001742, 170.76459999999497]}}, {"type": "Feature", "properties": {"ID": "112", "Diameter": 110, "Sectors": "القطاع الخامس", "Implementing_company": "السلام", "Start": "2022-01-03 00:00:00+00:00", "End": "2025-03-02 00:00:00+00:00", "Northing": "30° 16' 48.24\" N", "Easting": "031° 33' 8.42\" E", "Google_Map": "https://www.google.com/maps/search/?api=1&query=031° 33' 8.42\" E,30° 16' 48.24\" N", "GL": 171.848, "IL": 170.398, "Depth": 1.450000000000017, "Manufacturing_Material": "الزهر المرن"}, "geometry": {"type": "Point", "coordinates": [31.55249205679132, 30.28010278614972, 171.81900000000314]}}, {"type": "Feature", "properties": {"ID": "113", "Diameter": 160, "Sectors": "القطاع الخامس", "Implementing_company": "السلام", "Start": "2022-01-03 00:00:00+00:00", "End": "2025-03-02 00:00:00+00:00", "Northing": "30° 16' 38.09\" N", "Easting": "031° 32' 55.48\" E", "Google_Map": "https://www.google.com/maps/search/?api=1&query=031° 32' 55.48\" E,30° 16' 38.09\" N", "GL": 169.917, "IL": 168.467, "Depth": 1.4499999999999886, "Manufacturing_Material": "الزهر المرن"}, "geometry": {"type": "Point", "coordinates": [31.548899291935253, 30.27728292070593, 169.99000000000524]}}, {"type": "Feature", "properties": {"ID": "114", "Diameter": 225, "Sectors": "القطاع الخامس", "Implementing_company": "السلام", "Start": "2022-01-03 00:00:00+00:00", "End": "2025-03-02 00:00:00+00:00", "Northing": "30° 16' 42.06\" N", "Easting": "031° 33' 16.89\" E", "Google_Map": "https://www.google.com/maps/search/?api=1&query=031° 33' 16.89\" E,30° 16' 42.06\" N", "GL": 174.449, "IL": 172.99900000000002, "Depth": 1.4499999999999886, "Manufacturing_Material": "الزهر المرن"}, "geometry": {"type": "Point", "coordinates": [31.55484649824025, 30.278386778529825, 171.86000000000058]}}, {"type": "Feature", "properties": {"ID": "115", "Diameter": 160, "Sectors": "القطاع الخامس", "Implementing_company": "السلام", "Start": "2022-01-03 00:00:00+00:00", "End": "2025-03-02 00:00:00+00:00", "Northing": "30° 17' 4.08\" N", "Easting": "031° 33' 28.7\" E", "Google_Map": "https://www.google.com/maps/search/?api=1&query=031° 33' 28.7\" E,30° 17' 4.08\" N", "GL": 170.603, "IL": 169.15300000000002, "Depth": 1.4499999999999886, "Manufacturing_Material": "الزهر المرن"}, "geometry": {"type": "Point", "coordinates": [31.55812706789838, 30.284504145450587, 170.76499999999942]}}, {"type": "Feature", "properties": {"ID": "116", "Diameter": 110, "Sectors": "القطاع الخامس", "Implementing_company": "السلام", "Start": "2022-01-03 00:00:00+00:00", "End": "2025-03-02 00:00:00+00:00", "Northing": "30° 16' 48.25\" N", "Easting": "031° 33' 9.0\" E", "Google_Map": "https://www.google.com/maps/search/?api=1&query=031° 33' 9.0\" E,30° 16' 48.25\" N", "GL": 170.41475, "IL": 168.96475, "Depth": 1.4499999999999886, "Manufacturing_Material": "الزهر المرن"}, "geometry": {"type": "Point", "coordinates": [31.55265272459773, 30.28010636764751, 171.87699999999313]}}, {"type": "Feature", "properties": {"ID": "117", "Diameter": 110, "Sectors": "القطاع الخامس", "Implementing_company": "السلام", "Start": "2022-01-03 00:00:00+00:00", "End": "2025-03-02 00:00:00+00:00", "Northing": "30° 16' 38.02\" N", "Easting": "031° 33' 26.38\" E", "Google_Map": "https://www.google.com/maps/search/?api=1&query=031° 33' 26.38\" E,30° 16' 38.02\" N", "GL": 176.816, "IL": 175.366, "Depth": 1.4499999999999886, "Manufacturing_Material": "الزهر المرن"}, "geometry": {"type": "Point", "coordinates": [31.557481615207934, 30.277264390007993, 176.81600000000617]}}, {"type": "Feature", "properties": {"ID": "118", "Diameter": 110, "Sectors": "القطاع الخامس", "Implementing_company": "السلام", "Start": "2022-01-03 00:00:00+00:00", "End": "2025-03-02 00:00:00+00:00", "Northing": "30° 16' 32.62\" N", "Easting": "031° 33' 19.52\" E", "Google_Map": "https://www.google.com/maps/search/?api=1&query=031° 33' 19.52\" E,30° 16' 32.62\" N", "GL": 173.44, "IL": 171.99, "Depth": 1.4499999999999886, "Manufacturing_Material": "الزهر المرن"}, "geometry": {"type": "Point", "coordinates": [31.555575980228326, 30.275765693753257, 173.44000000000233]}}, {"type": "Feature", "properties": {"ID": "119", "Diameter": 110, "Sectors": "القطاع الخامس", "Implementing_company": "السلام", "Start": "2022-01-03 00:00:00+00:00", "End": "2025-03-02 00:00:00+00:00", "Northing": "30° 16' 30.34\" N", "Easting": "031° 33' 16.59\" E", "Google_Map": "https://www.google.com/maps/search/?api=1&query=031° 33' 16.59\" E,30° 16' 30.34\" N", "GL": 171.637, "IL": 170.187, "Depth": 1.4499999999999886, "Manufacturing_Material": "الزهر المرن"}, "geometry": {"type": "Point", "coordinates": [31.554763036477937, 30.27513009226501, 171.63700000000244]}}, {"type": "Feature", "properties": {"ID": "120", "Diameter": 110, "Sectors": "القطاع الخامس", "Implementing_company": "السلام", "Start": "2022-01-03 00:00:00+00:00", "End": "2025-03-02 00:00:00+00:00", "Northing": "30° 16' 27.73\" N", "Easting": "031° 33' 13.31\" E", "Google_Map": "https://www.google.com/maps/search/?api=1&query=031° 33' 13.31\" E,30° 16' 27.73\" N", "GL": 169.536, "IL": 168.086, "Depth": 1.4499999999999886, "Manufacturing_Material": "الزهر المرن"}, "geometry": {"type": "Point", "coordinates": [31.553851687339407, 30.2744061896926, 169.53599999999278]}}, {"type": "Feature", "properties": {"ID": "121", "Diameter": 110, "Sectors": "القطاع الخامس", "Implementing_company": "السلام", "Start": "2022-01-03 00:00:00+00:00", "End": "2025-03-02 00:00:00+00:00", "Northing": "30° 16' 45.73\" N", "Easting": "031° 33' 36.53\" E", "Google_Map": "https://www.google.com/maps/search/?api=1&query=031° 33' 36.53\" E,30° 16' 45.73\" N", "GL": 179.299, "IL": 177.849, "Depth": 1.450000000000017, "Manufacturing_Material": "الزهر المرن"}, "geometry": {"type": "Point", "coordinates": [31.560301204329924, 30.279405585980644, 179.29899999999907]}}, {"type": "Feature", "properties": {"ID": "122", "Diameter": 110, "Sectors": "القطاع الخامس", "Implementing_company": "السلام", "Start": "2022-01-03 00:00:00+00:00", "End": "2025-03-02 00:00:00+00:00", "Northing": "30° 17' 2.55\" N", "Easting": "031° 33' 27.82\" E", "Google_Map": "https://www.google.com/maps/search/?api=1&query=031° 33' 27.82\" E,30° 17' 2.55\" N", "GL": 170.907, "IL": 169.457, "Depth": 1.450000000000017, "Manufacturing_Material": "الزهر المرن"}, "geometry": {"type": "Point", "coordinates": [31.557882307009326, 30.28407710927055, 170.90700000000652]}}, {"type": "Feature", "properties": {"ID": "123", "Diameter": 110, "Sectors": "القطاع الخامس", "Implementing_company": "السلام", "Start": "2022-01-03 00:00:00+00:00", "End": "2025-03-02 00:00:00+00:00", "Northing": "30° 16' 57.23\" N", "Easting": "031° 33' 25.91\" E", "Google_Map": "https://www.google.com/maps/search/?api=1&query=031° 33' 25.91\" E,30° 16' 57.23\" N", "GL": 173.725, "IL": 172.275, "Depth": 1.4499999999999886, "Manufacturing_Material": "الزهر المرن"}, "geometry": {"type": "Point", "coordinates": [31.55735185142943, 30.282599995990395, 173.72500000000582]}}, {"type": "Feature", "properties": {"ID": "124", "Diameter": 110, "Sectors": "القطاع الخامس", "Implementing_company": "السلام", "Start": "2022-01-03 00:00:00+00:00", "End": "2025-03-02 00:00:00+00:00", "Northing": "30° 16' 54.34\" N", "Easting": "031° 33' 22.22\" E", "Google_Map": "https://www.google.com/maps/search/?api=1&query=031° 33' 22.22\" E,30° 16' 54.34\" N", "GL": 175.205, "IL": 173.755, "Depth": 1.450000000000017, "Manufacturing_Material": "الزهر المرن"}, "geometry": {"type": "Point", "coordinates": [31.556326805690674, 30.2817985747713, 175.20500000000175]}}, {"type": "Feature", "properties": {"ID": "125", "Diameter": 110, "Sectors": "القطاع الخامس", "Implementing_company": "السلام", "Start": "2022-01-03 00:00:00+00:00", "End": "2025-03-02 00:00:00+00:00", "Northing": "30° 16' 51.46\" N", "Easting": "031° 33' 18.54\" E", "Google_Map": "https://www.google.com/maps/search/?api=1&query=031° 33' 18.54\" E,30° 16' 51.46\" N", "GL": 173.614, "IL": 172.164, "Depth": 1.450000000000017, "Manufacturing_Material": "الزهر المرن"}, "geometry": {"type": "Point", "coordinates": [31.555304161948317, 30.280999010677217, 173.6140000000014]}}, {"type": "Feature", "properties": {"ID": "126", "Diameter": 110, "Sectors": "القطاع الخامس", "Implementing_company": "السلام", "Start": "2022-01-03 00:00:00+00:00", "End": "2025-03-02 00:00:00+00:00", "Northing": "30° 16' 54.87\" N", "Easting": "031° 33' 27.53\" E", "Google_Map": "https://www.google.com/maps/search/?api=1&query=031° 33' 27.53\" E,30° 16' 54.87\" N", "GL": 177.586, "IL": 176.136, "Depth": 1.450000000000017, "Manufacturing_Material": "الزهر المرن"}, "geometry": {"type": "Point", "coordinates": [31.557800797673185, 30.281945170890566, 177.5859999999957]}}, {"type": "Feature", "properties": {"ID": "127", "Diameter": 110, "Sectors": "القطاع الخامس", "Implementing_company": "السلام", "Start": "2022-01-03 00:00:00+00:00", "End": "2025-03-02 00:00:00+00:00", "Northing": "30° 16' 50.89\" N", "Easting": "031° 33' 22.35\" E", "Google_Map": "https://www.google.com/maps/search/?api=1&query=031° 33' 22.35\" E,30° 16' 50.89\" N", "GL": 174.509, "IL": 173.059, "Depth": 1.4499999999999886, "Manufacturing_Material": "الزهر المرن"}, "geometry": {"type": "Point", "coordinates": [31.556362295390365, 30.280840631291614, 174.50900000000547]}}, {"type": "Feature", "properties": {"ID": "128", "Diameter": 110, "Sectors": "القطاع الخامس", "Implementing_company": "السلام", "Start": "2022-01-03 00:00:00+00:00", "End": "2025-03-02 00:00:00+00:00", "Northing": "30° 16' 42.92\" N", "Easting": "031° 33' 12.13\" E", "Google_Map": "https://www.google.com/maps/search/?api=1&query=031° 33' 12.13\" E,30° 16' 42.92\" N", "GL": 171.507, "IL": 170.057, "Depth": 1.450000000000017, "Manufacturing_Material": "الزهر المرن"}, "geometry": {"type": "Point", "coordinates": [31.553523464650404, 30.278624649712558, 171.5069999999978]}}, {"type": "Feature", "properties": {"ID": "129", "Diameter": 110, "Sectors": "القطاع الخامس", "Implementing_company": "السلام", "Start": "2022-01-03 00:00:00+00:00", "End": "2025-03-02 00:00:00+00:00", "Northing": "30° 16' 40.58\" N", "Easting": "031° 33' 9.07\" E", "Google_Map": "https://www.google.com/maps/search/?api=1&query=031° 33' 9.07\" E,30° 16' 40.58\" N", "GL": 171.263, "IL": 169.813, "Depth": 1.450000000000017, "Manufacturing_Material": "الزهر المرن"}, "geometry": {"type": "Point", "coordinates": [31.55267284745656, 30.2779759849844, 171.2630000000063]}}, {"type": "Feature", "properties": {"ID": "130", "Diameter": 110, "Sectors": "القطاع الخامس", "Implementing_company": "السلام", "Start": "2022-01-03 00:00:00+00:00", "End": "2025-03-02 00:00:00+00:00", "Northing": "30° 16' 38.22\" N", "Easting": "031° 33' 6.11\" E", "Google_Map": "https://www.google.com/maps/search/?api=1&query=031° 33' 6.11\" E,30° 16' 38.22\" N", "GL": 170.677, "IL": 169.227, "Depth": 1.4499999999999886, "Manufacturing_Material": "الزهر المرن"}, "geometry": {"type": "Point", "coordinates": [31.551852049151655, 30.277319245717273, 170.67699999999604]}}, {"type": "Feature", "properties": {"ID": "131", "Diameter": 110, "Sectors": "القطاع الخامس", "Implementing_company": "السلام", "Start": "2022-01-03 00:00:00+00:00", "End": "2025-03-02 00:00:00+00:00", "Northing": "30° 16' 57.17\" N", "Easting": "031° 33' 24.76\" E", "Google_Map": "https://www.google.com/maps/search/?api=1&query=031° 33' 24.76\" E,30° 16' 57.17\" N", "GL": 173.474, "IL": 172.024, "Depth": 1.4499999999999886, "Manufacturing_Material": "الزهر المرن"}, "geometry": {"type": "Point", "coordinates": [31.55703093002721, 30.28258408832864, 173.47400000000198]}}, {"type": "Feature", "properties": {"ID": "132", "Diameter": 110, "Sectors": "القطاع الخامس", "Implementing_company": "السلام", "Start": "2022-01-03 00:00:00+00:00", "End": "2025-03-02 00:00:00+00:00", "Northing": "30° 16' 52.45\" N", "Easting": "031° 33' 18.72\" E", "Google_Map": "https://www.google.com/maps/search/?api=1&query=031° 33' 18.72\" E,30° 16' 52.45\" N", "GL": 173.907, "IL": 172.457, "Depth": 1.450000000000017, "Manufacturing_Material": "الزهر المرن"}, "geometry": {"type": "Point", "coordinates": [31.555354002920147, 30.281272883592457, 173.90700000000652]}}, {"type": "Feature", "properties": {"ID": "133", "Diameter": 110, "Sectors": "القطاع الخامس", "Implementing_company": "السلام", "Start": "2022-01-03 00:00:00+00:00", "End": "2025-03-02 00:00:00+00:00", "Northing": "30° 16' 45.36\" N", "Easting": "031° 33' 9.64\" E", "Google_Map": "https://www.google.com/maps/search/?api=1&query=031° 33' 9.64\" E,30° 16' 45.36\" N", "GL": 171.698, "IL": 170.248, "Depth": 1.450000000000017, "Manufacturing_Material": "الزهر المرن"}, "geometry": {"type": "Point", "coordinates": [31.552832713279436, 30.279301924228882, 171.69800000000396]}}, {"type": "Feature", "properties": {"ID": "134", "Diameter": 110, "Sectors": "القطاع الخامس", "Implementing_company": "السلام", "Start": "2022-01-03 00:00:00+00:00", "End": "2025-03-02 00:00:00+00:00", "Northing": "30° 16' 40.64\" N", "Easting": "031° 33' 3.61\" E", "Google_Map": "https://www.google.com/maps/search/?api=1&query=031° 33' 3.61\" E,30° 16' 40.64\" N", "GL": 172.639, "IL": 171.189, "Depth": 1.450000000000017, "Manufacturing_Material": "الزهر المرن"}, "geometry": {"type": "Point", "coordinates": [31.551156703020805, 30.277991394519688, 172.63899999999558]}}, {"type": "Feature", "properties": {"ID": "135", "Diameter": 110, "Sectors": "القطاع الخامس", "Implementing_company": "السلام", "Start": "2022-01-03 00:00:00+00:00", "End": "2025-03-02 00:00:00+00:00", "Northing": "30° 16' 45.39\" N", "Easting": "031° 33' 10.77\" E", "Google_Map": "https://www.google.com/maps/search/?api=1&query=031° 33' 10.77\" E,30° 16' 45.39\" N", "GL": 171.672, "IL": 170.222, "Depth": 1.4499999999999886, "Manufacturing_Material": "الزهر المرن"}, "geometry": {"type": "Point", "coordinates": [31.553144746876175, 30.27931119925961, 171.67200000000594]}}, {"type": "Feature", "properties": {"ID": "136", "Diameter": 110, "Sectors": "القطاع الخامس", "Implementing_company": "السلام", "Start": "2022-01-03 00:00:00+00:00", "End": "2025-03-02 00:00:00+00:00", "Northing": "30° 16' 42.5\" N", "Easting": "031° 33' 7.07\" E", "Google_Map": "https://www.google.com/maps/search/?api=1&query=031° 33' 7.07\" E,30° 16' 42.5\" N", "GL": 172.045, "IL": 170.595, "Depth": 1.4499999999999886, "Manufacturing_Material": "الزهر المرن"}, "geometry": {"type": "Point", "coordinates": [31.55211824733213, 30.27850834855664, 172.04499999999825]}}, {"type": "Feature", "properties": {"ID": "137", "Diameter": 110, "Sectors": "القطاع الخامس", "Implementing_company": "السلام", "Start": "2022-01-03 00:00:00+00:00", "End": "2025-03-02 00:00:00+00:00", "Northing": "30° 16' 39.62\" N", "Easting": "031° 33' 3.39\" E", "Google_Map": "https://www.google.com/maps/search/?api=1&query=031° 33' 3.39\" E,30° 16' 39.62\" N", "GL": 172.488, "IL": 171.038, "Depth": 1.4499999999999886, "Manufacturing_Material": "الزهر المرن"}, "geometry": {"type": "Point", "coordinates": [31.55109612894653, 30.277709108195104, 172.48799999999756]}}, {"type": "Feature", "properties": {"ID": "138", "Diameter": 110, "Sectors": "القطاع الخامس", "Implementing_company": "السلام", "Start": "2022-01-03 00:00:00+00:00", "End": "2025-03-02 00:00:00+00:00", "Northing": "30° 16' 38.78\" N", "Easting": "031° 32' 57.43\" E", "Google_Map": "https://www.google.com/maps/search/?api=1&query=031° 32' 57.43\" E,30° 16' 38.78\" N", "GL": 171.587, "IL": 170.137, "Depth": 1.4499999999999886, "Manufacturing_Material": "الزهر المرن"}, "geometry": {"type": "Point", "coordinates": [31.54943875933509, 30.2774759738585, 171.58699999999953]}}, {"type": "Feature", "properties": {"ID": "139", "Diameter": 225, "Sectors": "القطاع الخامس", "Implementing_company": "السلام", "Start": "2022-01-03 00:00:00+00:00", "End": "2025-03-02 00:00:00+00:00", "Northing": "30° 16' 22.57\" N", "Easting": "031° 33' 6.84\" E", "Google_Map": "https://www.google.com/maps/search/?api=1&query=031° 33' 6.84\" E,30° 16' 22.57\" N", "GL": 176.3765, "IL": 174.9265, "Depth": 1.4499999999999886, "Manufacturing_Material": "الزهر المرن"}, "geometry": {"type": "Point", "coordinates": [31.55205313050674, 30.272973258016354, 165.33299999999872]}}, {"type": "Feature", "properties": {"ID": "140", "Diameter": 110, "Sectors": "القطاع الخامس", "Implementing_company": "السلام", "Start": "2022-01-03 00:00:00+00:00", "End": "2025-03-02 00:00:00+00:00", "Northing": "30° 16' 48.85\" N", "Easting": "031° 33' 26.0\" E", "Google_Map": "https://www.google.com/maps/search/?api=1&query=031° 33' 26.0\" E,30° 16' 48.85\" N", "GL": 175.098, "IL": 173.648, "Depth": 1.450000000000017, "Manufacturing_Material": "الزهر المرن"}, "geometry": {"type": "Point", "coordinates": [31.557375103036975, 30.280273534514667, 175.09799999999814]}}, {"type": "Feature", "properties": {"ID": "141", "Diameter": 110, "Sectors": "القطاع الخامس", "Implementing_company": "السلام", "Start": "2022-01-03 00:00:00+00:00", "End": "2025-03-02 00:00:00+00:00", "Northing": "30° 16' 44.27\" N", "Easting": "031° 33' 20.13\" E", "Google_Map": "https://www.google.com/maps/search/?api=1&query=031° 33' 20.13\" E,30° 16' 44.27\" N", "GL": 173.055, "IL": 171.605, "Depth": 1.450000000000017, "Manufacturing_Material": "الزهر المرن"}, "geometry": {"type": "Point", "coordinates": [31.555745806548202, 30.27899981642643, 173.05499999999302]}}, {"type": "Feature", "properties": {"ID": "142", "Diameter": 110, "Sectors": "القطاع الخامس", "Implementing_company": "السلام", "Start": "2022-01-03 00:00:00+00:00", "End": "2025-03-02 00:00:00+00:00", "Northing": "30° 16' 38.91\" N", "Easting": "031° 33' 13.27\" E", "Google_Map": "https://www.google.com/maps/search/?api=1&query=031° 33' 13.27\" E,30° 16' 38.91\" N", "GL": 170.833, "IL": 169.383, "Depth": 1.4499999999999886, "Manufacturing_Material": "الزهر المرن"}, "geometry": {"type": "Point", "coordinates": [31.55383871024807, 30.27751048270585, 170.83299999999872]}}, {"type": "Feature", "properties": {"ID": "143", "Diameter": 110, "Sectors": "القطاع الخامس", "Implementing_company": "السلام", "Start": "2022-01-03 00:00:00+00:00", "End": "2025-03-02 00:00:00+00:00", "Northing": "30° 16' 36.61\" N", "Easting": "031° 33' 10.33\" E", "Google_Map": "https://www.google.com/maps/search/?api=1&query=031° 33' 10.33\" E,30° 16' 36.61\" N", "GL": 169.83, "IL": 168.38, "Depth": 1.450000000000017, "Manufacturing_Material": "الزهر المرن"}, "geometry": {"type": "Point", "coordinates": [31.553023110651285, 30.276872824207118, 169.83000000000175]}}, {"type": "Feature", "properties": {"ID": "144", "Diameter": 160, "Sectors": "القطاع الخامس", "Implementing_company": "السلام", "Start": "2022-01-03 00:00:00+00:00", "End": "2025-03-02 00:00:00+00:00", "Northing": "30° 16' 57.61\" N", "Easting": "031° 33' 36.0\" E", "Google_Map": "https://www.google.com/maps/search/?api=1&query=031° 33' 36.0\" E,30° 16' 57.61\" N", "GL": 176.3765, "IL": 174.9265, "Depth": 1.4499999999999886, "Manufacturing_Material": "الزهر المرن"}, "geometry": {"type": "Point", "coordinates": [31.560155086420828, 30.282706128287863, 178.98099999999977]}}, {"type": "Feature", "properties": {"ID": "145", "Diameter": 110, "Sectors": "القطاع الخامس", "Implementing_company": "السلام", "Start": "2022-01-03 00:00:00+00:00", "End": "2025-03-02 00:00:00+00:00", "Northing": "30° 16' 46.08\" N", "Easting": "031° 33' 36.98\" E", "Google_Map": "https://www.google.com/maps/search/?api=1&query=031° 33' 36.98\" E,30° 16' 46.08\" N", "GL": 176.3765, "IL": 174.9265, "Depth": 1.4499999999999886, "Manufacturing_Material": "الزهر المرن"}, "geometry": {"type": "Point", "coordinates": [31.560427032465938, 30.279504292846497, 179.25500000000466]}}, {"type": "Feature", "properties": {"ID": "146", "Diameter": 225, "Sectors": "القطاع الخامس", "Implementing_company": "السلام", "Start": "2022-01-03 00:00:00+00:00", "End": "2025-03-02 00:00:00+00:00", "Northing": "30° 16' 54.83\" N", "Easting": "031° 33' 33.22\" E", "Google_Map": "https://www.google.com/maps/search/?api=1&query=031° 33' 33.22\" E,30° 16' 54.83\" N", "GL": 174.449, "IL": 172.99900000000002, "Depth": 1.4499999999999886, "Manufacturing_Material": "الزهر المرن"}, "geometry": {"type": "Point", "coordinates": [31.559382390610246, 30.281932728444, 180.75]}}, {"type": "Feature", "properties": {"ID": "147", "Diameter": 110, "Sectors": "القطاع الخامس", "Implementing_company": "السلام", "Start": "2022-01-03 00:00:00+00:00", "End": "2025-03-02 00:00:00+00:00", "Northing": "30° 16' 54.84\" N", "Easting": "031° 33' 32.74\" E", "Google_Map": "https://www.google.com/maps/search/?api=1&query=031° 33' 32.74\" E,30° 16' 54.84\" N", "GL": 180.748, "IL": 179.298, "Depth": 1.4499999999999886, "Manufacturing_Material": "الزهر المرن"}, "geometry": {"type": "Point", "coordinates": [31.559248761922536, 30.281937136644, 180.74599999999919]}}, {"type": "Feature", "properties": {"ID": "148", "Diameter": 110, "Sectors": "القطاع الخامس", "Implementing_company": "السلام", "Start": "2022-01-03 00:00:00+00:00", "End": "2025-03-02 00:00:00+00:00", "Northing": "30° 16' 48.85\" N", "Easting": "031° 33' 26.0\" E", "Google_Map": "https://www.google.com/maps/search/?api=1&query=031° 33' 26.0\" E,30° 16' 48.85\" N", "GL": 175.098, "IL": 173.648, "Depth": 1.450000000000017, "Manufacturing_Material": "الزهر المرن"}, "geometry": {"type": "Point", "coordinates": [31.557375093734144, 30.280273543574616, 175.09799999999814]}}, {"type": "Feature", "properties": {"ID": "149", "Diameter": 225, "Sectors": "القطاع الخامس", "Implementing_company": "السلام", "Start": "2022-01-03 00:00:00+00:00", "End": "2025-03-02 00:00:00+00:00", "Northing": "30° 16' 46.56\" N", "Easting": "031° 33' 23.06\" E", "Google_Map": "https://www.google.com/maps/search/?api=1&query=031° 33' 23.06\" E,30° 16' 46.56\" N", "GL": 174.008, "IL": 172.558, "Depth": 1.450000000000017, "Manufacturing_Material": "الزهر المرن"}, "geometry": {"type": "Point", "coordinates": [31.556559674772604, 30.279636594347714, 174.00750000000698]}}, {"type": "Feature", "properties": {"ID": "150", "Diameter": 110, "Sectors": "القطاع الخامس", "Implementing_company": "السلام", "Start": "2022-01-03 00:00:00+00:00", "End": "2025-03-02 00:00:00+00:00", "Northing": "30° 16' 45.34\" N", "Easting": "031° 33' 20.48\" E", "Google_Map": "https://www.google.com/maps/search/?api=1&query=031° 33' 20.48\" E,30° 16' 45.34\" N", "GL": 180.748, "IL": 179.298, "Depth": 1.4499999999999886, "Manufacturing_Material": "الزهر المرن"}, "geometry": {"type": "Point", "coordinates": [31.55584159795063, 30.279296771735694, 173.05499999999302]}}, {"type": "Feature", "properties": {"ID": "151", "Diameter": 110, "Sectors": "القطاع الخامس", "Implementing_company": "السلام", "Start": "2022-01-03 00:00:00+00:00", "End": "2025-03-02 00:00:00+00:00", "Northing": "30° 16' 44.27\" N", "Easting": "031° 33' 20.13\" E", "Google_Map": "https://www.google.com/maps/search/?api=1&query=031° 33' 20.13\" E,30° 16' 44.27\" N", "GL": 173.055, "IL": 171.605, "Depth": 1.450000000000017, "Manufacturing_Material": "الزهر المرن"}, "geometry": {"type": "Point", "coordinates": [31.555745818948655, 30.27899980374527, 173.05499999999302]}}, {"type": "Feature", "properties": {"ID": "152", "Diameter": 110, "Sectors": "القطاع الخامس", "Implementing_company": "السلام", "Start": "2022-01-03 00:00:00+00:00", "End": "2025-03-02 00:00:00+00:00", "Northing": "30° 16' 43.08\" N", "Easting": "031° 33' 17.59\" E", "Google_Map": "https://www.google.com/maps/search/?api=1&query=031° 33' 17.59\" E,30° 16' 43.08\" N", "GL": 170.809, "IL": 169.35899999999998, "Depth": 1.450000000000017, "Manufacturing_Material": "الزهر المرن"}, "geometry": {"type": "Point", "coordinates": [31.555039817914086, 30.278670501017665, 172.15200000000186]}}, {"type": "Feature", "properties": {"ID": "153", "Diameter": 225, "Sectors": "القطاع الخامس", "Implementing_company": "السلام", "Start": "2022-01-03 00:00:00+00:00", "End": "2025-03-02 00:00:00+00:00", "Northing": "30° 16' 42.06\" N", "Easting": "031° 33' 16.89\" E", "Google_Map": "https://www.google.com/maps/search/?api=1&query=031° 33' 16.89\" E,30° 16' 42.06\" N", "GL": 174.449, "IL": 172.99900000000002, "Depth": 1.4499999999999886, "Manufacturing_Material": "الزهر المرن"}, "geometry": {"type": "Point", "coordinates": [31.554846509723053, 30.27838678750168, 171.86000000000058]}}, {"type": "Feature", "properties": {"ID": "154", "Diameter": 160, "Sectors": "القطاع الخامس", "Implementing_company": "السلام", "Start": "2022-01-03 00:00:00+00:00", "End": "2025-03-02 00:00:00+00:00", "Northing": "30° 16' 41.56\" N", "Easting": "031° 33' 17.02\" E", "Google_Map": "https://www.google.com/maps/search/?api=1&query=031° 33' 17.02\" E,30° 16' 41.56\" N", "GL": 173.159, "IL": 171.70899999999997, "Depth": 1.450000000000017, "Manufacturing_Material": "الزهر المرن"}, "geometry": {"type": "Point", "coordinates": [31.554880384797418, 30.278248917445577, 171.82099999999627]}}, {"type": "Feature", "properties": {"ID": "155", "Diameter": 110, "Sectors": "القطاع الخامس", "Implementing_company": "السلام", "Start": "2022-01-03 00:00:00+00:00", "End": "2025-03-02 00:00:00+00:00", "Northing": "30° 16' 38.91\" N", "Easting": "031° 33' 13.27\" E", "Google_Map": "https://www.google.com/maps/search/?api=1&query=031° 33' 13.27\" E,30° 16' 38.91\" N", "GL": 170.833, "IL": 169.383, "Depth": 1.4499999999999886, "Manufacturing_Material": "الزهر المرن"}, "geometry": {"type": "Point", "coordinates": [31.553838724722073, 30.27751046911407, 170.83299999999872]}}, {"type": "Feature", "properties": {"ID": "156", "Diameter": 110, "Sectors": "القطاع الخامس", "Implementing_company": "السلام", "Start": "2022-01-03 00:00:00+00:00", "End": "2025-03-02 00:00:00+00:00", "Northing": "30° 16' 36.61\" N", "Easting": "031° 33' 10.33\" E", "Google_Map": "https://www.google.com/maps/search/?api=1&query=031° 33' 10.33\" E,30° 16' 36.61\" N", "GL": 169.83, "IL": 168.38, "Depth": 1.450000000000017, "Manufacturing_Material": "الزهر المرن"}, "geometry": {"type": "Point", "coordinates": [31.553023125125303, 30.27687281061542, 169.83000000000175]}}, {"type": "Feature", "properties": {"ID": "157", "Diameter": 110, "Sectors": "القطاع الخامس", "Implementing_company": "السلام", "Start": "2022-01-03 00:00:00+00:00", "End": "2025-03-02 00:00:00+00:00", "Northing": "30° 16' 33.5\" N", "Easting": "031° 33' 5.41\" E", "Google_Map": "https://www.google.com/maps/search/?api=1&query=031° 33' 5.41\" E,30° 16' 33.5\" N", "GL": 170.809, "IL": 169.35899999999998, "Depth": 1.450000000000017, "Manufacturing_Material": "الزهر المرن"}, "geometry": {"type": "Point", "coordinates": [31.55165619369721, 30.276007740966335, 169.46600000000035]}}, {"type": "Feature", "properties": {"ID": "158", "Diameter": 225, "Sectors": "القطاع الخامس", "Implementing_company": "السلام", "Start": "2022-01-03 00:00:00+00:00", "End": "2025-03-02 00:00:00+00:00", "Northing": "30° 16' 30.46\" N", "Easting": "031° 33' 2.06\" E", "Google_Map": "https://www.google.com/maps/search/?api=1&query=031° 33' 2.06\" E,30° 16' 30.46\" N", "GL": 174.449, "IL": 172.99900000000002, "Depth": 1.4499999999999886, "Manufacturing_Material": "الزهر المرن"}, "geometry": {"type": "Point", "coordinates": [31.550724797373974, 30.27516426171403, 169.91700000000128]}}, {"type": "Feature", "properties": {"ID": "159", "Diameter": 110, "Sectors": "القطاع الخامس", "Implementing_company": "السلام", "Start": "2022-01-03 00:00:00+00:00", "End": "2025-03-02 00:00:00+00:00", "Northing": "30° 16' 27.73\" N", "Easting": "031° 33' 13.31\" E", "Google_Map": "https://www.google.com/maps/search/?api=1&query=031° 33' 13.31\" E,30° 16' 27.73\" N", "GL": 169.536, "IL": 168.086, "Depth": 1.4499999999999886, "Manufacturing_Material": "الزهر المرن"}, "geometry": {"type": "Point", "coordinates": [31.553851702847137, 30.274406175194382, 169.53599999999278]}}, {"type": "Feature", "properties": {"ID": "160", "Diameter": 110, "Sectors": "القطاع الخامس", "Implementing_company": "السلام", "Start": "2022-01-03 00:00:00+00:00", "End": "2025-03-02 00:00:00+00:00", "Northing": "30° 16' 30.34\" N", "Easting": "031° 33' 16.59\" E", "Google_Map": "https://www.google.com/maps/search/?api=1&query=031° 33' 16.59\" E,30° 16' 30.34\" N", "GL": 171.637, "IL": 170.187, "Depth": 1.4499999999999886, "Manufacturing_Material": "الزهر المرن"}, "geometry": {"type": "Point", "coordinates": [31.554763048878016, 30.27513007958394, 171.63700000000244]}}, {"type": "Feature", "properties": {"ID": "161", "Diameter": 110, "Sectors": "القطاع الخامس", "Implementing_company": "السلام", "Start": "2022-01-03 00:00:00+00:00", "End": "2025-03-02 00:00:00+00:00", "Northing": "30° 16' 32.62\" N", "Easting": "031° 33' 19.52\" E", "Google_Map": "https://www.google.com/maps/search/?api=1&query=031° 33' 19.52\" E,30° 16' 32.62\" N", "GL": 173.44, "IL": 171.99, "Depth": 1.4499999999999886, "Manufacturing_Material": "الزهر المرن"}, "geometry": {"type": "Point", "coordinates": [31.55557599470183, 30.275765680161285, 173.44000000000233]}}, {"type": "Feature", "properties": {"ID": "162", "Diameter": 160, "Sectors": "القطاع الخامس", "Implementing_company": "السلام", "Start": "2022-01-03 00:00:00+00:00", "End": "2025-03-02 00:00:00+00:00", "Northing": "30° 16' 35.71\" N", "Easting": "031° 33' 23.09\" E", "Google_Map": "https://www.google.com/maps/search/?api=1&query=031° 33' 23.09\" E,30° 16' 35.71\" N", "GL": 173.159, "IL": 171.70899999999997, "Depth": 1.450000000000017, "Manufacturing_Material": "الزهر المرن"}, "geometry": {"type": "Point", "coordinates": [31.556567953478652, 30.276622956240814, 175.7960000000021]}}, {"type": "Feature", "properties": {"ID": "163", "Diameter": 110, "Sectors": "القطاع الخامس", "Implementing_company": "السلام", "Start": "2022-01-03 00:00:00+00:00", "End": "2025-03-02 00:00:00+00:00", "Northing": "30° 16' 35.72\" N", "Easting": "031° 33' 23.78\" E", "Google_Map": "https://www.google.com/maps/search/?api=1&query=031° 33' 23.78\" E,30° 16' 35.72\" N", "GL": 176.3765, "IL": 174.9265, "Depth": 1.4499999999999886, "Manufacturing_Material": "الزهر المرن"}, "geometry": {"type": "Point", "coordinates": [31.556758663340677, 30.27662648011297, 175.7960000000021]}}, {"type": "Feature", "properties": {"ID": "164", "Diameter": 110, "Sectors": "القطاع الخامس", "Implementing_company": "السلام", "Start": "2022-01-03 00:00:00+00:00", "End": "2025-03-02 00:00:00+00:00", "Northing": "30° 16' 40.51\" N", "Easting": "031° 33' 29.55\" E", "Google_Map": "https://www.google.com/maps/search/?api=1&query=031° 33' 29.55\" E,30° 16' 40.51\" N", "GL": 177.652, "IL": 176.202, "Depth": 1.4499999999999886, "Manufacturing_Material": "الزهر المرن"}, "geometry": {"type": "Point", "coordinates": [31.558361976348404, 30.277955709447617, 177.65200000000186]}}, {"type": "Feature", "properties": {"ID": "165", "Diameter": 110, "Sectors": "القطاع الخامس", "Implementing_company": "السلام", "Start": "2022-01-03 00:00:00+00:00", "End": "2025-03-02 00:00:00+00:00", "Northing": "30° 16' 42.78\" N", "Easting": "031° 33' 32.44\" E", "Google_Map": "https://www.google.com/maps/search/?api=1&query=031° 33' 32.44\" E,30° 16' 42.78\" N", "GL": 178.357, "IL": 176.907, "Depth": 1.4499999999999886, "Manufacturing_Material": "الزهر المرن"}, "geometry": {"type": "Point", "coordinates": [31.559165406041984, 30.278586724548287, 178.3570000000036]}}, {"type": "Feature", "properties": {"ID": "166", "Diameter": 110, "Sectors": "القطاع الخامس", "Implementing_company": "السلام", "Start": "2022-01-03 00:00:00+00:00", "End": "2025-03-02 00:00:00+00:00", "Northing": "30° 16' 46.08\" N", "Easting": "031° 33' 36.98\" E", "Google_Map": "https://www.google.com/maps/search/?api=1&query=031° 33' 36.98\" E,30° 16' 46.08\" N", "GL": 176.3765, "IL": 174.9265, "Depth": 1.4499999999999886, "Manufacturing_Material": "الزهر المرن"}, "geometry": {"type": "Point", "coordinates": [31.56042704289983, 30.27950430001826, 179.25500000000466]}}, {"type": "Feature", "properties": {"ID": "167", "Diameter": 225, "Sectors": "القطاع الخامس", "Implementing_company": "السلام", "Start": "2022-01-03 00:00:00+00:00", "End": "2025-03-02 00:00:00+00:00", "Northing": "30° 16' 53.25\" N", "Easting": "031° 33' 40.92\" E", "Google_Map": "https://www.google.com/maps/search/?api=1&query=031° 33' 40.92\" E,30° 16' 53.25\" N", "GL": 176.3765, "IL": 174.9265, "Depth": 1.4499999999999886, "Manufacturing_Material": "الزهر المرن"}, "geometry": {"type": "Point", "coordinates": [31.56151973984456, 30.28149563516199, 177.21379999999772]}}, {"type": "Feature", "properties": {"ID": "168", "Diameter": 300, "Sectors": "القطاع الثالث عشر", "Implementing_company": "حسن علام", "Start": "2017-07-17 00:00:00+00:00", "End": "2018-04-16 00:00:00+00:00", "Northing": "30° 16' 19.77\" N", "Easting": "031° 31' 5.26\" E", "Google_Map": "https://www.google.com/maps/search/?api=1&query=031° 31' 5.26\" E,30° 16' 19.77\" N", "GL": 158.255, "IL": 156.805, "Depth": 1.4499999999999886, "Manufacturing_Material": "الزهر المرن"}, "geometry": {"type": "Point", "coordinates": [31.518282876411853, 30.27219576539267, 153.6600000000035]}}, {"type": "Feature", "properties": {"ID": "169", "Diameter": 100, "Sectors": "القطاع الثالث عشر", "Implementing_company": "حسن علام", "Start": "2017-07-17 00:00:00+00:00", "End": "2018-04-16 00:00:00+00:00", "Northing": "30° 16' 19.85\" N", "Easting": "031° 31' 5.02\" E", "Google_Map": "https://www.google.com/maps/search/?api=1&query=031° 31' 5.02\" E,30° 16' 19.85\" N", "GL": 153.485, "IL": 152.035, "Depth": 1.450000000000017, "Manufacturing_Material": "الزهر المرن"}, "geometry": {"type": "Point", "coordinates": [31.518216061709197, 30.272217471046428, 153.67999999999302]}}, {"type": "Feature", "properties": {"ID": "170", "Diameter": 50, "Sectors": "القطاع الثالث عشر", "Implementing_company": "حسن علام", "Start": "2017-07-17 00:00:00+00:00", "End": "2018-04-16 00:00:00+00:00", "Northing": "30° 16' 21.93\" N", "Easting": "031° 31' 10.69\" E", "Google_Map": "https://www.google.com/maps/search/?api=1&query=031° 31' 10.69\" E,30° 16' 21.93\" N", "GL": 153.55, "IL": 152.1, "Depth": 1.450000000000017, "Manufacturing_Material": "الزهر المرن"}, "geometry": {"type": "Point", "coordinates": [31.519789950271782, 30.27279378433158, 153.5500000000029]}}, {"type": "Feature", "properties": {"ID": "171", "Diameter": 100, "Sectors": "القطاع الثالث عشر", "Implementing_company": "حسن علام", "Start": "2017-07-17 00:00:00+00:00", "End": "2018-04-16 00:00:00+00:00", "Northing": "30° 16' 21.95\" N", "Easting": "031° 31' 4.03\" E", "Google_Map": "https://www.google.com/maps/search/?api=1&query=031° 31' 4.03\" E,30° 16' 21.95\" N", "GL": 154.73, "IL": 153.28, "Depth": 1.4499999999999886, "Manufacturing_Material": "الزهر المرن"}, "geometry": {"type": "Point", "coordinates": [31.517941145919778, 30.272800275282417, 154.80999999999767]}}, {"type": "Feature", "properties": {"ID": "172", "Diameter": 300, "Sectors": "القطاع الثالث عشر", "Implementing_company": "حسن علام", "Start": "2017-07-17 00:00:00+00:00", "End": "2018-04-16 00:00:00+00:00", "Northing": "30° 16' 22.01\" N", "Easting": "031° 31' 11.67\" E", "Google_Map": "https://www.google.com/maps/search/?api=1&query=031° 31' 11.67\" E,30° 16' 22.01\" N", "GL": 158.255, "IL": 156.805, "Depth": 1.4499999999999886, "Manufacturing_Material": "الزهر المرن"}, "geometry": {"type": "Point", "coordinates": [31.5200615772691, 30.272816405285045, 153.38999999999942]}}, {"type": "Feature", "properties": {"ID": "173", "Diameter": 100, "Sectors": "القطاع الثالث عشر", "Implementing_company": "حسن علام", "Start": "2017-07-17 00:00:00+00:00", "End": "2018-04-16 00:00:00+00:00", "Northing": "30° 16' 22.09\" N", "Easting": "031° 31' 11.43\" E", "Google_Map": "https://www.google.com/maps/search/?api=1&query=031° 31' 11.43\" E,30° 16' 22.09\" N", "GL": 153.82666666666668, "IL": 152.37666666666667, "Depth": 1.450000000000017, "Manufacturing_Material": "الزهر المرن"}, "geometry": {"type": "Point", "coordinates": [31.519994759444742, 30.272838113674194, 153.22000000000116]}}, {"type": "Feature", "properties": {"ID": "174", "Diameter": 50, "Sectors": "القطاع الثالث عشر", "Implementing_company": "حسن علام", "Start": "2017-07-17 00:00:00+00:00", "End": "2018-04-16 00:00:00+00:00", "Northing": "30° 16' 22.29\" N", "Easting": "031° 31' 5.52\" E", "Google_Map": "https://www.google.com/maps/search/?api=1&query=031° 31' 5.52\" E,30° 16' 22.29\" N", "GL": 154.655, "IL": 153.205, "Depth": 1.4499999999999886, "Manufacturing_Material": "الزهر المرن"}, "geometry": {"type": "Point", "coordinates": [31.518352644066194, 30.272894508424457, 154.77999999999884]}}, {"type": "Feature", "properties": {"ID": "175", "Diameter": 50, "Sectors": "القطاع الثالث عشر", "Implementing_company": "حسن علام", "Start": "2017-07-17 00:00:00+00:00", "End": "2018-04-16 00:00:00+00:00", "Northing": "30° 16' 22.6\" N", "Easting": "031° 31' 5.38\" E", "Google_Map": "https://www.google.com/maps/search/?api=1&query=031° 31' 5.38\" E,30° 16' 22.6\" N", "GL": 154.655, "IL": 153.205, "Depth": 1.4499999999999886, "Manufacturing_Material": "الزهر المرن"}, "geometry": {"type": "Point", "coordinates": [31.51831432685481, 30.272981504423047, 154.77999999999884]}}, {"type": "Feature", "properties": {"ID": "176", "Diameter": 50, "Sectors": "القطاع الثالث عشر", "Implementing_company": "حسن علام", "Start": "2017-07-17 00:00:00+00:00", "End": "2018-04-16 00:00:00+00:00", "Northing": "30° 16' 22.67\" N", "Easting": "031° 31' 6.61\" E", "Google_Map": "https://www.google.com/maps/search/?api=1&query=031° 31' 6.61\" E,30° 16' 22.67\" N", "GL": 154.76, "IL": 153.31, "Depth": 1.4499999999999886, "Manufacturing_Material": "الزهر المرن"}, "geometry": {"type": "Point", "coordinates": [31.518656291407346, 30.2730018540836, 154.66999999999825]}}, {"type": "Feature", "properties": {"ID": "177", "Diameter": 50, "Sectors": "القطاع الثالث عشر", "Implementing_company": "حسن علام", "Start": "2017-07-17 00:00:00+00:00", "End": "2018-04-16 00:00:00+00:00", "Northing": "30° 16' 23.0\" N", "Easting": "031° 31' 6.47\" E", "Google_Map": "https://www.google.com/maps/search/?api=1&query=031° 31' 6.47\" E,30° 16' 23.0\" N", "GL": 154.76, "IL": 153.31, "Depth": 1.4499999999999886, "Manufacturing_Material": "الزهر المرن"}, "geometry": {"type": "Point", "coordinates": [31.518618832265545, 30.273092500967252, 154.66999999999825]}}, {"type": "Feature", "properties": {"ID": "178", "Diameter": 50, "Sectors": "القطاع الثالث عشر", "Implementing_company": "حسن علام", "Start": "2017-07-17 00:00:00+00:00", "End": "2018-04-16 00:00:00+00:00", "Northing": "30° 16' 23.05\" N", "Easting": "031° 31' 7.72\" E", "Google_Map": "https://www.google.com/maps/search/?api=1&query=031° 31' 7.72\" E,30° 16' 23.05\" N", "GL": 154.735, "IL": 153.28500000000003, "Depth": 1.4499999999999886, "Manufacturing_Material": "الزهر المرن"}, "geometry": {"type": "Point", "coordinates": [31.51896397822162, 30.273106084510776, 154.6600000000035]}}, {"type": "Feature", "properties": {"ID": "179", "Diameter": 100, "Sectors": "القطاع الثالث عشر", "Implementing_company": "حسن علام", "Start": "2017-07-17 00:00:00+00:00", "End": "2018-04-16 00:00:00+00:00", "Northing": "30° 16' 23.25\" N", "Easting": "031° 31' 7.72\" E", "Google_Map": "https://www.google.com/maps/search/?api=1&query=031° 31' 7.72\" E,30° 16' 23.25\" N", "GL": 154.73, "IL": 153.28, "Depth": 1.4499999999999886, "Manufacturing_Material": "الزهر المرن"}, "geometry": {"type": "Point", "coordinates": [31.51896391638457, 30.27316139195916, 154.64999999999418]}}, {"type": "Feature", "properties": {"ID": "180", "Diameter": 50, "Sectors": "القطاع الثالث عشر", "Implementing_company": "حسن علام", "Start": "2017-07-17 00:00:00+00:00", "End": "2018-04-16 00:00:00+00:00", "Northing": "30° 16' 23.37\" N", "Easting": "031° 31' 10.88\" E", "Google_Map": "https://www.google.com/maps/search/?api=1&query=031° 31' 10.88\" E,30° 16' 23.37\" N", "GL": 153.59, "IL": 152.14, "Depth": 1.450000000000017, "Manufacturing_Material": "الزهر المرن"}, "geometry": {"type": "Point", "coordinates": [31.519842077857565, 30.273194944400107, 153.5899999999965]}}, {"type": "Feature", "properties": {"ID": "181", "Diameter": 50, "Sectors": "القطاع الثالث عشر", "Implementing_company": "حسن علام", "Start": "2017-07-17 00:00:00+00:00", "End": "2018-04-16 00:00:00+00:00", "Northing": "30° 16' 23.22\" N", "Easting": "031° 31' 7.63\" E", "Google_Map": "https://www.google.com/maps/search/?api=1&query=031° 31' 7.63\" E,30° 16' 23.22\" N", "GL": 154.73, "IL": 153.28, "Depth": 1.4499999999999886, "Manufacturing_Material": "الزهر المرن"}, "geometry": {"type": "Point", "coordinates": [31.518940242904627, 30.2731530334453, 154.6600000000035]}}, {"type": "Feature", "properties": {"ID": "182", "Diameter": 100, "Sectors": "القطاع الثالث عشر", "Implementing_company": "حسن علام", "Start": "2017-07-17 00:00:00+00:00", "End": "2018-04-16 00:00:00+00:00", "Northing": "30° 16' 23.92\" N", "Easting": "031° 31' 13.04\" E", "Google_Map": "https://www.google.com/maps/search/?api=1&query=031° 31' 13.04\" E,30° 16' 23.92\" N", "GL": 153.61333333333334, "IL": 152.16333333333333, "Depth": 1.450000000000017, "Manufacturing_Material": "الزهر المرن"}, "geometry": {"type": "Point", "coordinates": [31.520442229259707, 30.27334868342142, 153.6999999999971]}}, {"type": "Feature", "properties": {"ID": "183", "Diameter": 50, "Sectors": "القطاع الثالث عشر", "Implementing_company": "حسن علام", "Start": "2017-07-17 00:00:00+00:00", "End": "2018-04-16 00:00:00+00:00", "Northing": "30° 16' 23.94\" N", "Easting": "031° 31' 13.03\" E", "Google_Map": "https://www.google.com/maps/search/?api=1&query=031° 31' 13.03\" E,30° 16' 23.94\" N", "GL": 153.7, "IL": 152.25, "Depth": 1.4499999999999886, "Manufacturing_Material": "الزهر المرن"}, "geometry": {"type": "Point", "coordinates": [31.520440644767035, 30.27335210936805, 153.6999999999971]}}, {"type": "Feature", "properties": {"ID": "184", "Diameter": 50, "Sectors": "القطاع الثالث عشر", "Implementing_company": "حسن علام", "Start": "2017-07-17 00:00:00+00:00", "End": "2018-04-16 00:00:00+00:00", "Northing": "30° 16' 24.05\" N", "Easting": "031° 31' 12.98\" E", "Google_Map": "https://www.google.com/maps/search/?api=1&query=031° 31' 12.98\" E,30° 16' 24.05\" N", "GL": 153.75, "IL": 152.3, "Depth": 1.4499999999999886, "Manufacturing_Material": "الزهر المرن"}, "geometry": {"type": "Point", "coordinates": [31.5204257616861, 30.273384300228233, 153.75]}}, {"type": "Feature", "properties": {"ID": "185", "Diameter": 50, "Sectors": "القطاع الثالث عشر", "Implementing_company": "حسن علام", "Start": "2017-07-17 00:00:00+00:00", "End": "2018-04-16 00:00:00+00:00", "Northing": "30° 16' 24.88\" N", "Easting": "031° 31' 12.46\" E", "Google_Map": "https://www.google.com/maps/search/?api=1&query=031° 31' 12.46\" E,30° 16' 24.88\" N", "GL": 153.67, "IL": 152.22, "Depth": 1.4499999999999886, "Manufacturing_Material": "الزهر المرن"}, "geometry": {"type": "Point", "coordinates": [31.520280368899215, 30.273614556195362, 153.8000000000029]}}, {"type": "Feature", "properties": {"ID": "186", "Diameter": 50, "Sectors": "القطاع الثالث عشر", "Implementing_company": "حسن علام", "Start": "2017-07-17 00:00:00+00:00", "End": "2018-04-16 00:00:00+00:00", "Northing": "30° 16' 24.95\" N", "Easting": "031° 31' 12.67\" E", "Google_Map": "https://www.google.com/maps/search/?api=1&query=031° 31' 12.67\" E,30° 16' 24.95\" N", "GL": 153.67, "IL": 152.22, "Depth": 1.4499999999999886, "Manufacturing_Material": "الزهر المرن"}, "geometry": {"type": "Point", "coordinates": [31.520339443253267, 30.273634414938687, 153.8000000000029]}}, {"type": "Feature", "properties": {"ID": "187", "Diameter": 250, "Sectors": "القطاع الثالث عشر", "Implementing_company": "حسن علام", "Start": "2017-07-17 00:00:00+00:00", "End": "2018-04-16 00:00:00+00:00", "Northing": "30° 16' 25.05\" N", "Easting": "031° 31' 20.29\" E", "Google_Map": "https://www.google.com/maps/search/?api=1&query=031° 31' 20.29\" E,30° 16' 25.05\" N", "GL": 158.255, "IL": 156.805, "Depth": 1.4499999999999886, "Manufacturing_Material": "الزهر المرن"}, "geometry": {"type": "Point", "coordinates": [31.522457607815298, 30.27366265102433, 153.7899999999936]}}, {"type": "Feature", "properties": {"ID": "188", "Diameter": 50, "Sectors": "القطاع الثالث عشر", "Implementing_company": "حسن علام", "Start": "2017-07-17 00:00:00+00:00", "End": "2018-04-16 00:00:00+00:00", "Northing": "30° 16' 25.39\" N", "Easting": "031° 31' 17.11\" E", "Google_Map": "https://www.google.com/maps/search/?api=1&query=031° 31' 17.11\" E,30° 16' 25.39\" N", "GL": 160.74, "IL": 159.29, "Depth": 1.450000000000017, "Manufacturing_Material": "الزهر المرن"}, "geometry": {"type": "Point", "coordinates": [31.521573178714963, 30.27375664588588, 160.74000000000524]}}, {"type": "Feature", "properties": {"ID": "189", "Diameter": 100, "Sectors": "القطاع الثالث عشر", "Implementing_company": "حسن علام", "Start": "2017-07-17 00:00:00+00:00", "End": "2018-04-16 00:00:00+00:00", "Northing": "30° 16' 25.13\" N", "Easting": "031° 31' 20.06\" E", "Google_Map": "https://www.google.com/maps/search/?api=1&query=031° 31' 20.06\" E,30° 16' 25.13\" N", "GL": 154.00333333333333, "IL": 152.5533333333333, "Depth": 1.450000000000017, "Manufacturing_Material": "الزهر المرن"}, "geometry": {"type": "Point", "coordinates": [31.522391633730667, 30.273684534967547, 153.75]}}, {"type": "Feature", "properties": {"ID": "190", "Diameter": 50, "Sectors": "القطاع الثالث عشر", "Implementing_company": "حسن علام", "Start": "2017-07-17 00:00:00+00:00", "End": "2018-04-16 00:00:00+00:00", "Northing": "30° 16' 25.37\" N", "Easting": "031° 31' 9.91\" E", "Google_Map": "https://www.google.com/maps/search/?api=1&query=031° 31' 9.91\" E,30° 16' 25.37\" N", "GL": 153.85, "IL": 152.4, "Depth": 1.4499999999999886, "Manufacturing_Material": "الزهر المرن"}, "geometry": {"type": "Point", "coordinates": [31.519572009991, 30.27375028167816, 153.85000000000582]}}, {"type": "Feature", "properties": {"ID": "191", "Diameter": 50, "Sectors": "القطاع الثالث عشر", "Implementing_company": "حسن علام", "Start": "2017-07-17 00:00:00+00:00", "End": "2018-04-16 00:00:00+00:00", "Northing": "30° 16' 25.39\" N", "Easting": "031° 31' 17.11\" E", "Google_Map": "https://www.google.com/maps/search/?api=1&query=031° 31' 17.11\" E,30° 16' 25.39\" N", "GL": 160.74, "IL": 159.29, "Depth": 1.450000000000017, "Manufacturing_Material": "الزهر المرن"}, "geometry": {"type": "Point", "coordinates": [31.52157317143075, 30.27375664411077, 160.74000000000524]}}, {"type": "Feature", "properties": {"ID": "192", "Diameter": 100, "Sectors": "القطاع الثالث عشر", "Implementing_company": "حسن علام", "Start": "2017-07-17 00:00:00+00:00", "End": "2018-04-16 00:00:00+00:00", "Northing": "30° 16' 25.5\" N", "Easting": "031° 31' 2.38\" E", "Google_Map": "https://www.google.com/maps/search/?api=1&query=031° 31' 2.38\" E,30° 16' 25.5\" N", "GL": 155.975, "IL": 154.525, "Depth": 1.4499999999999886, "Manufacturing_Material": "الزهر المرن"}, "geometry": {"type": "Point", "coordinates": [31.51748066938025, 30.273785552171702, 156.38999999999942]}}, {"type": "Feature", "properties": {"ID": "193", "Diameter": 50, "Sectors": "القطاع الثالث عشر", "Implementing_company": "حسن علام", "Start": "2017-07-17 00:00:00+00:00", "End": "2018-04-16 00:00:00+00:00", "Northing": "30° 16' 25.51\" N", "Easting": "031° 31' 17.06\" E", "Google_Map": "https://www.google.com/maps/search/?api=1&query=031° 31' 17.06\" E,30° 16' 25.51\" N", "GL": 160.22, "IL": 158.77, "Depth": 1.4499999999999886, "Manufacturing_Material": "الزهر المرن"}, "geometry": {"type": "Point", "coordinates": [31.52155982701227, 30.27378986546746, 160.22000000000116]}}, {"type": "Feature", "properties": {"ID": "194", "Diameter": 50, "Sectors": "القطاع الثالث عشر", "Implementing_company": "حسن علام", "Start": "2017-07-17 00:00:00+00:00", "End": "2018-04-16 00:00:00+00:00", "Northing": "30° 16' 25.8\" N", "Easting": "031° 31' 3.76\" E", "Google_Map": "https://www.google.com/maps/search/?api=1&query=031° 31' 3.76\" E,30° 16' 25.8\" N", "GL": 156.055, "IL": 154.60500000000002, "Depth": 1.4499999999999886, "Manufacturing_Material": "الزهر المرن"}, "geometry": {"type": "Point", "coordinates": [31.517865717737976, 30.27386986131572, 156.05999999999767]}}, {"type": "Feature", "properties": {"ID": "195", "Diameter": 50, "Sectors": "القطاع الثالث عشر", "Implementing_company": "حسن علام", "Start": "2017-07-17 00:00:00+00:00", "End": "2018-04-16 00:00:00+00:00", "Northing": "30° 16' 25.93\" N", "Easting": "031° 31' 12.11\" E", "Google_Map": "https://www.google.com/maps/search/?api=1&query=031° 31' 12.11\" E,30° 16' 25.93\" N", "GL": 153.64, "IL": 152.19, "Depth": 1.4499999999999886, "Manufacturing_Material": "الزهر المرن"}, "geometry": {"type": "Point", "coordinates": [31.52018437457469, 30.273906366615865, 153.63999999999942]}}, {"type": "Feature", "properties": {"ID": "196", "Diameter": 50, "Sectors": "القطاع الثالث عشر", "Implementing_company": "حسن علام", "Start": "2017-07-17 00:00:00+00:00", "End": "2018-04-16 00:00:00+00:00", "Northing": "30° 16' 26.12\" N", "Easting": "031° 31' 3.61\" E", "Google_Map": "https://www.google.com/maps/search/?api=1&query=031° 31' 3.61\" E,30° 16' 26.12\" N", "GL": 156.055, "IL": 154.60500000000002, "Depth": 1.4499999999999886, "Manufacturing_Material": "الزهر المرن"}, "geometry": {"type": "Point", "coordinates": [31.517824314078364, 30.27395842989173, 156.05999999999767]}}, {"type": "Feature", "properties": {"ID": "197", "Diameter": 50, "Sectors": "القطاع الثالث عشر", "Implementing_company": "حسن علام", "Start": "2017-07-17 00:00:00+00:00", "End": "2018-04-16 00:00:00+00:00", "Northing": "30° 16' 26.07\" N", "Easting": "031° 31' 12.05\" E", "Google_Map": "https://www.google.com/maps/search/?api=1&query=031° 31' 12.05\" E,30° 16' 26.07\" N", "GL": 153.95, "IL": 152.5, "Depth": 1.4499999999999886, "Manufacturing_Material": "الزهر المرن"}, "geometry": {"type": "Point", "coordinates": [31.52016712689351, 30.273943669683874, 153.9499999999971]}}, {"type": "Feature", "properties": {"ID": "198", "Diameter": 100, "Sectors": "القطاع الثالث عشر", "Implementing_company": "حسن علام", "Start": "2017-07-17 00:00:00+00:00", "End": "2018-04-16 00:00:00+00:00", "Northing": "30° 16' 25.97\" N", "Easting": "031° 31' 22.79\" E", "Google_Map": "https://www.google.com/maps/search/?api=1&query=031° 31' 22.79\" E,30° 16' 25.97\" N", "GL": 154.575, "IL": 153.125, "Depth": 1.4499999999999886, "Manufacturing_Material": "الزهر المرن"}, "geometry": {"type": "Point", "coordinates": [31.52315063011204, 30.273916825656908, 154.8399999999965]}}, {"type": "Feature", "properties": {"ID": "199", "Diameter": 50, "Sectors": "القطاع الثالث عشر", "Implementing_company": "حسن علام", "Start": "2017-07-17 00:00:00+00:00", "End": "2018-04-16 00:00:00+00:00", "Northing": "30° 16' 26.29\" N", "Easting": "031° 31' 4.94\" E", "Google_Map": "https://www.google.com/maps/search/?api=1&query=031° 31' 4.94\" E,30° 16' 26.29\" N", "GL": 155.865, "IL": 154.41500000000002, "Depth": 1.4499999999999886, "Manufacturing_Material": "الزهر المرن"}, "geometry": {"type": "Point", "coordinates": [31.518192150104547, 30.274005893352555, 155.85000000000582]}}, {"type": "Feature", "properties": {"ID": "200", "Diameter": 50, "Sectors": "القطاع الثالث عشر", "Implementing_company": "حسن علام", "Start": "2017-07-17 00:00:00+00:00", "End": "2018-04-16 00:00:00+00:00", "Northing": "30° 16' 26.34\" N", "Easting": "031° 31' 16.54\" E", "Google_Map": "https://www.google.com/maps/search/?api=1&query=031° 31' 16.54\" E,30° 16' 26.34\" N", "GL": 154.775, "IL": 153.32500000000002, "Depth": 1.4499999999999886, "Manufacturing_Material": "الزهر المرن"}, "geometry": {"type": "Point", "coordinates": [31.52141382493979, 30.274018694818935, 154.75]}}, {"type": "Feature", "properties": {"ID": "201", "Diameter": 50, "Sectors": "القطاع الثالث عشر", "Implementing_company": "حسن علام", "Start": "2017-07-17 00:00:00+00:00", "End": "2018-04-16 00:00:00+00:00", "Northing": "30° 16' 26.41\" N", "Easting": "031° 31' 16.75\" E", "Google_Map": "https://www.google.com/maps/search/?api=1&query=031° 31' 16.75\" E,30° 16' 26.41\" N", "GL": 154.775, "IL": 153.32500000000002, "Depth": 1.4499999999999886, "Manufacturing_Material": "الزهر المرن"}, "geometry": {"type": "Point", "coordinates": [31.521472388618147, 30.274039571682927, 154.75]}}, {"type": "Feature", "properties": {"ID": "202", "Diameter": 50, "Sectors": "القطاع الثالث عشر", "Implementing_company": "حسن علام", "Start": "2017-07-17 00:00:00+00:00", "End": "2018-04-16 00:00:00+00:00", "Northing": "30° 16' 26.47\" N", "Easting": "031° 31' 4.86\" E", "Google_Map": "https://www.google.com/maps/search/?api=1&query=031° 31' 4.86\" E,30° 16' 26.47\" N", "GL": 155.865, "IL": 154.41500000000002, "Depth": 1.4499999999999886, "Manufacturing_Material": "الزهر المرن"}, "geometry": {"type": "Point", "coordinates": [31.51816936463941, 30.274056710879798, 155.85000000000582]}}, {"type": "Feature", "properties": {"ID": "203", "Diameter": 50, "Sectors": "القطاع الثالث عشر", "Implementing_company": "حسن علام", "Start": "2017-07-17 00:00:00+00:00", "End": "2018-04-16 00:00:00+00:00", "Northing": "30° 16' 26.74\" N", "Easting": "031° 31' 5.93\" E", "Google_Map": "https://www.google.com/maps/search/?api=1&query=031° 31' 5.93\" E,30° 16' 26.74\" N", "GL": 155.575, "IL": 154.125, "Depth": 1.4499999999999886, "Manufacturing_Material": "الزهر المرن"}, "geometry": {"type": "Point", "coordinates": [31.51846714374896, 30.27413221173087, 155.35000000000582]}}, {"type": "Feature", "properties": {"ID": "204", "Diameter": 100, "Sectors": "القطاع الثالث عشر", "Implementing_company": "حسن علام", "Start": "2017-07-17 00:00:00+00:00", "End": "2018-04-16 00:00:00+00:00", "Northing": "30° 16' 26.81\" N", "Easting": "031° 31' 6.12\" E", "Google_Map": "https://www.google.com/maps/search/?api=1&query=031° 31' 6.12\" E,30° 16' 26.81\" N", "GL": 155.975, "IL": 154.525, "Depth": 1.4499999999999886, "Manufacturing_Material": "الزهر المرن"}, "geometry": {"type": "Point", "coordinates": [31.51852138647772, 30.27415127312375, 155.55999999999767]}}, {"type": "Feature", "properties": {"ID": "205", "Diameter": 50, "Sectors": "القطاع الثالث عشر", "Implementing_company": "حسن علام", "Start": "2017-07-17 00:00:00+00:00", "End": "2018-04-16 00:00:00+00:00", "Northing": "30° 16' 26.74\" N", "Easting": "031° 31' 5.9\" E", "Google_Map": "https://www.google.com/maps/search/?api=1&query=031° 31' 5.9\" E,30° 16' 26.74\" N", "GL": 155.575, "IL": 154.125, "Depth": 1.4499999999999886, "Manufacturing_Material": "الزهر المرن"}, "geometry": {"type": "Point", "coordinates": [31.518460220898223, 30.27412977921482, 155.35000000000582]}}, {"type": "Feature", "properties": {"ID": "206", "Diameter": 100, "Sectors": "القطاع الثالث عشر", "Implementing_company": "حسن علام", "Start": "2017-07-17 00:00:00+00:00", "End": "2018-04-16 00:00:00+00:00", "Northing": "30° 16' 27.0\" N", "Easting": "031° 31' 11.62\" E", "Google_Map": "https://www.google.com/maps/search/?api=1&query=031° 31' 11.62\" E,30° 16' 27.0\" N", "GL": 153.61333333333334, "IL": 152.16333333333333, "Depth": 1.450000000000017, "Manufacturing_Material": "الزهر المرن"}, "geometry": {"type": "Point", "coordinates": [31.52004708737813, 30.274203285689328, 153.80999999999767]}}, {"type": "Feature", "properties": {"ID": "207", "Diameter": 50, "Sectors": "القطاع الثالث عشر", "Implementing_company": "حسن علام", "Start": "2017-07-17 00:00:00+00:00", "End": "2018-04-16 00:00:00+00:00", "Northing": "30° 16' 27.08\" N", "Easting": "031° 31' 22.27\" E", "Google_Map": "https://www.google.com/maps/search/?api=1&query=031° 31' 22.27\" E,30° 16' 27.08\" N", "GL": 154.54, "IL": 153.09, "Depth": 1.4499999999999886, "Manufacturing_Material": "الزهر المرن"}, "geometry": {"type": "Point", "coordinates": [31.523006798305577, 30.274226323172126, 154.5399999999936]}}, {"type": "Feature", "properties": {"ID": "208", "Diameter": 50, "Sectors": "القطاع الثالث عشر", "Implementing_company": "حسن علام", "Start": "2017-07-17 00:00:00+00:00", "End": "2018-04-16 00:00:00+00:00", "Northing": "30° 16' 27.19\" N", "Easting": "031° 31' 16.29\" E", "Google_Map": "https://www.google.com/maps/search/?api=1&query=031° 31' 16.29\" E,30° 16' 27.19\" N", "GL": 154.19, "IL": 152.74, "Depth": 1.4499999999999886, "Manufacturing_Material": "الزهر المرن"}, "geometry": {"type": "Point", "coordinates": [31.521344533187385, 30.274255697106348, 154.19000000000233]}}, {"type": "Feature", "properties": {"ID": "209", "Diameter": 100, "Sectors": "القطاع الثالث عشر", "Implementing_company": "حسن علام", "Start": "2017-07-17 00:00:00+00:00", "End": "2018-04-16 00:00:00+00:00", "Northing": "30° 16' 27.19\" N", "Easting": "031° 31' 11.52\" E", "Google_Map": "https://www.google.com/maps/search/?api=1&query=031° 31' 11.52\" E,30° 16' 27.19\" N", "GL": 153.14333333333335, "IL": 151.69333333333336, "Depth": 1.4499999999999886, "Manufacturing_Material": "الزهر المرن"}, "geometry": {"type": "Point", "coordinates": [31.52002039810954, 30.27425643726889, 153.80999999999767]}}, {"type": "Feature", "properties": {"ID": "210", "Diameter": 50, "Sectors": "القطاع الثالث عشر", "Implementing_company": "حسن علام", "Start": "2017-07-17 00:00:00+00:00", "End": "2018-04-16 00:00:00+00:00", "Northing": "30° 16' 27.2\" N", "Easting": "031° 31' 22.22\" E", "Google_Map": "https://www.google.com/maps/search/?api=1&query=031° 31' 22.22\" E,30° 16' 27.2\" N", "GL": 154.8, "IL": 153.35, "Depth": 1.450000000000017, "Manufacturing_Material": "الزهر المرن"}, "geometry": {"type": "Point", "coordinates": [31.522991877048526, 30.274258431463863, 154.8000000000029]}}, {"type": "Feature", "properties": {"ID": "211", "Diameter": 50, "Sectors": "القطاع الثالث عشر", "Implementing_company": "حسن علام", "Start": "2017-07-17 00:00:00+00:00", "End": "2018-04-16 00:00:00+00:00", "Northing": "30° 16' 27.35\" N", "Easting": "031° 31' 8.95\" E", "Google_Map": "https://www.google.com/maps/search/?api=1&query=031° 31' 8.95\" E,30° 16' 27.35\" N", "GL": 153.85, "IL": 152.4, "Depth": 1.4499999999999886, "Manufacturing_Material": "الزهر المرن"}, "geometry": {"type": "Point", "coordinates": [31.519307980552075, 30.274300902940066, 153.85000000000582]}}, {"type": "Feature", "properties": {"ID": "212", "Diameter": 50, "Sectors": "القطاع الثالث عشر", "Implementing_company": "حسن علام", "Start": "2017-07-17 00:00:00+00:00", "End": "2018-04-16 00:00:00+00:00", "Northing": "30° 16' 27.32\" N", "Easting": "031° 31' 16.22\" E", "Google_Map": "https://www.google.com/maps/search/?api=1&query=031° 31' 16.22\" E,30° 16' 27.32\" N", "GL": 154.24, "IL": 152.79, "Depth": 1.450000000000017, "Manufacturing_Material": "الزهر المرن"}, "geometry": {"type": "Point", "coordinates": [31.52132728699326, 30.2742930129629, 154.24000000000524]}}, {"type": "Feature", "properties": {"ID": "213", "Diameter": 100, "Sectors": "القطاع الثالث عشر", "Implementing_company": "حسن علام", "Start": "2017-07-17 00:00:00+00:00", "End": "2018-04-16 00:00:00+00:00", "Northing": "30° 16' 27.41\" N", "Easting": "031° 31' 26.87\" E", "Google_Map": "https://www.google.com/maps/search/?api=1&query=031° 31' 26.87\" E,30° 16' 27.41\" N", "GL": 155.42000000000002, "IL": 153.97000000000003, "Depth": 1.4499999999999886, "Manufacturing_Material": "الزهر المرن"}, "geometry": {"type": "Point", "coordinates": [31.524285680903592, 30.274316862836475, 156.52999999999884]}}, {"type": "Feature", "properties": {"ID": "214", "Diameter": 100, "Sectors": "القطاع الثالث عشر", "Implementing_company": "حسن علام", "Start": "2017-07-17 00:00:00+00:00", "End": "2018-04-16 00:00:00+00:00", "Northing": "30° 16' 27.92\" N", "Easting": "031° 30' 57.33\" E", "Google_Map": "https://www.google.com/maps/search/?api=1&query=031° 30' 57.33\" E,30° 16' 27.92\" N", "GL": 156.09, "IL": 154.64, "Depth": 1.450000000000017, "Manufacturing_Material": "الزهر المرن"}, "geometry": {"type": "Point", "coordinates": [31.516079277069217, 30.274460030003496, 156.0899999999965]}}, {"type": "Feature", "properties": {"ID": "215", "Diameter": 50, "Sectors": "القطاع الثالث عشر", "Implementing_company": "حسن علام", "Start": "2017-07-17 00:00:00+00:00", "End": "2018-04-16 00:00:00+00:00", "Northing": "30° 16' 28.01\" N", "Easting": "031° 31' 21.69\" E", "Google_Map": "https://www.google.com/maps/search/?api=1&query=031° 31' 21.69\" E,30° 16' 28.01\" N", "GL": 154.56, "IL": 153.11, "Depth": 1.4499999999999886, "Manufacturing_Material": "الزهر المرن"}, "geometry": {"type": "Point", "coordinates": [31.52284446503844, 30.274482696063234, 154.60000000000582]}}, {"type": "Feature", "properties": {"ID": "216", "Diameter": 50, "Sectors": "القطاع الثالث عشر", "Implementing_company": "حسن علام", "Start": "2017-07-17 00:00:00+00:00", "End": "2018-04-16 00:00:00+00:00", "Northing": "30° 16' 28.07\" N", "Easting": "031° 31' 10.98\" E", "Google_Map": "https://www.google.com/maps/search/?api=1&query=031° 31' 10.98\" E,30° 16' 28.07\" N", "GL": 153.94, "IL": 152.49, "Depth": 1.4499999999999886, "Manufacturing_Material": "الزهر المرن"}, "geometry": {"type": "Point", "coordinates": [31.519871649709433, 30.274501370640664, 153.94000000000233]}}, {"type": "Feature", "properties": {"ID": "217", "Diameter": 50, "Sectors": "القطاع الثالث عشر", "Implementing_company": "حسن علام", "Start": "2017-07-17 00:00:00+00:00", "End": "2018-04-16 00:00:00+00:00", "Northing": "30° 16' 28.08\" N", "Easting": "031° 31' 21.9\" E", "Google_Map": "https://www.google.com/maps/search/?api=1&query=031° 31' 21.9\" E,30° 16' 28.08\" N", "GL": 154.56, "IL": 153.11, "Depth": 1.4499999999999886, "Manufacturing_Material": "الزهر المرن"}, "geometry": {"type": "Point", "coordinates": [31.522902925204775, 30.27450295389017, 154.60000000000582]}}, {"type": "Feature", "properties": {"ID": "218", "Diameter": 100, "Sectors": "القطاع الثالث عشر", "Implementing_company": "حسن علام", "Start": "2017-07-17 00:00:00+00:00", "End": "2018-04-16 00:00:00+00:00", "Northing": "30° 16' 28.15\" N", "Easting": "031° 31' 1.14\" E", "Google_Map": "https://www.google.com/maps/search/?api=1&query=031° 31' 1.14\" E,30° 16' 28.15\" N", "GL": 155.59, "IL": 154.14, "Depth": 1.450000000000017, "Manufacturing_Material": "الزهر المرن"}, "geometry": {"type": "Point", "coordinates": [31.517136765175774, 30.274521385883503, 155.5899999999965]}}, {"type": "Feature", "properties": {"ID": "219", "Diameter": 50, "Sectors": "القطاع الثالث عشر", "Implementing_company": "حسن علام", "Start": "2017-07-17 00:00:00+00:00", "End": "2018-04-16 00:00:00+00:00", "Northing": "30° 16' 28.26\" N", "Easting": "031° 31' 11.12\" E", "Google_Map": "https://www.google.com/maps/search/?api=1&query=031° 31' 11.12\" E,30° 16' 28.26\" N", "GL": 153.35, "IL": 151.9, "Depth": 1.4499999999999886, "Manufacturing_Material": "الزهر المرن"}, "geometry": {"type": "Point", "coordinates": [31.519909978341268, 30.274552192506402, 153.35000000000582]}}, {"type": "Feature", "properties": {"ID": "220", "Diameter": 100, "Sectors": "القطاع الثالث عشر", "Implementing_company": "حسن علام", "Start": "2017-07-17 00:00:00+00:00", "End": "2018-04-16 00:00:00+00:00", "Northing": "30° 16' 28.42\" N", "Easting": "031° 31' 15.72\" E", "Google_Map": "https://www.google.com/maps/search/?api=1&query=031° 31' 15.72\" E,30° 16' 28.42\" N", "GL": 156.41333333333333, "IL": 154.9633333333333, "Depth": 1.450000000000017, "Manufacturing_Material": "الزهر المرن"}, "geometry": {"type": "Point", "coordinates": [31.521186955652958, 30.274596643890952, 154.38999999999942]}}, {"type": "Feature", "properties": {"ID": "221", "Diameter": 50, "Sectors": "القطاع الثالث عشر", "Implementing_company": "حسن علام", "Start": "2017-07-17 00:00:00+00:00", "End": "2018-04-16 00:00:00+00:00", "Northing": "30° 16' 28.58\" N", "Easting": "031° 31' 26.31\" E", "Google_Map": "https://www.google.com/maps/search/?api=1&query=031° 31' 26.31\" E,30° 16' 28.58\" N", "GL": 155.63, "IL": 154.18, "Depth": 1.4499999999999886, "Manufacturing_Material": "الزهر المرن"}, "geometry": {"type": "Point", "coordinates": [31.52412949390498, 30.274643364032155, 155.63000000000466]}}, {"type": "Feature", "properties": {"ID": "222", "Diameter": 100, "Sectors": "القطاع الثالث عشر", "Implementing_company": "حسن علام", "Start": "2017-07-17 00:00:00+00:00", "End": "2018-04-16 00:00:00+00:00", "Northing": "30° 16' 28.61\" N", "Easting": "031° 31' 15.6\" E", "Google_Map": "https://www.google.com/maps/search/?api=1&query=031° 31' 15.6\" E,30° 16' 28.61\" N", "GL": 154.00666666666666, "IL": 152.55666666666664, "Depth": 1.450000000000017, "Manufacturing_Material": "الزهر المرن"}, "geometry": {"type": "Point", "coordinates": [31.521153956487105, 30.274650396274243, 154.38999999999942]}}, {"type": "Feature", "properties": {"ID": "223", "Diameter": 50, "Sectors": "القطاع الثالث عشر", "Implementing_company": "حسن علام", "Start": "2017-07-17 00:00:00+00:00", "End": "2018-04-16 00:00:00+00:00", "Northing": "30° 16' 28.7\" N", "Easting": "031° 31' 26.26\" E", "Google_Map": "https://www.google.com/maps/search/?api=1&query=031° 31' 26.26\" E,30° 16' 28.7\" N", "GL": 155.58, "IL": 154.13, "Depth": 1.450000000000017, "Manufacturing_Material": "الزهر المرن"}, "geometry": {"type": "Point", "coordinates": [31.52411417549078, 30.274675385655275, 155.58000000000175]}}, {"type": "Feature", "properties": {"ID": "224", "Diameter": 50, "Sectors": "القطاع الثالث عشر", "Implementing_company": "حسن علام", "Start": "2017-07-17 00:00:00+00:00", "End": "2018-04-16 00:00:00+00:00", "Northing": "30° 16' 28.99\" N", "Easting": "031° 31' 21.38\" E", "Google_Map": "https://www.google.com/maps/search/?api=1&query=031° 31' 21.38\" E,30° 16' 28.99\" N", "GL": 154.39, "IL": 152.94, "Depth": 1.4499999999999886, "Manufacturing_Material": "الزهر المرن"}, "geometry": {"type": "Point", "coordinates": [31.522760686172894, 30.274755904493524, 154.38999999999942]}}, {"type": "Feature", "properties": {"ID": "225", "Diameter": 100, "Sectors": "القطاع الثالث عشر", "Implementing_company": "حسن علام", "Start": "2017-07-17 00:00:00+00:00", "End": "2018-04-16 00:00:00+00:00", "Northing": "30° 16' 28.85\" N", "Easting": "031° 31' 30.95\" E", "Google_Map": "https://www.google.com/maps/search/?api=1&query=031° 31' 30.95\" E,30° 16' 28.85\" N", "GL": 154.935, "IL": 153.485, "Depth": 1.4499999999999886, "Manufacturing_Material": "الزهر المرن"}, "geometry": {"type": "Point", "coordinates": [31.525418443828375, 30.274716081234825, 156.10000000000582]}}, {"type": "Feature", "properties": {"ID": "226", "Diameter": 50, "Sectors": "القطاع الثالث عشر", "Implementing_company": "حسن علام", "Start": "2017-07-17 00:00:00+00:00", "End": "2018-04-16 00:00:00+00:00", "Northing": "30° 16' 29.04\" N", "Easting": "031° 31' 10.5\" E", "Google_Map": "https://www.google.com/maps/search/?api=1&query=031° 31' 10.5\" E,30° 16' 29.04\" N", "GL": 152.89, "IL": 151.44, "Depth": 1.4499999999999886, "Manufacturing_Material": "الزهر المرن"}, "geometry": {"type": "Point", "coordinates": [31.519737236767483, 30.274771285234827, 152.72000000000116]}}, {"type": "Feature", "properties": {"ID": "227", "Diameter": 50, "Sectors": "القطاع الثالث عشر", "Implementing_company": "حسن علام", "Start": "2017-07-17 00:00:00+00:00", "End": "2018-04-16 00:00:00+00:00", "Northing": "30° 16' 29.11\" N", "Easting": "031° 31' 10.71\" E", "Google_Map": "https://www.google.com/maps/search/?api=1&query=031° 31' 10.71\" E,30° 16' 29.11\" N", "GL": 152.89, "IL": 151.44, "Depth": 1.4499999999999886, "Manufacturing_Material": "الزهر المرن"}, "geometry": {"type": "Point", "coordinates": [31.51979454674884, 30.274790499027997, 152.72000000000116]}}, {"type": "Feature", "properties": {"ID": "228", "Diameter": 50, "Sectors": "القطاع الثالث عشر", "Implementing_company": "حسن علام", "Start": "2017-07-17 00:00:00+00:00", "End": "2018-04-16 00:00:00+00:00", "Northing": "30° 16' 29.13\" N", "Easting": "031° 31' 21.32\" E", "Google_Map": "https://www.google.com/maps/search/?api=1&query=031° 31' 21.32\" E,30° 16' 29.13\" N", "GL": 154.38, "IL": 152.93, "Depth": 1.4499999999999886, "Manufacturing_Material": "الزهر المرن"}, "geometry": {"type": "Point", "coordinates": [31.52274317629312, 30.27479358240397, 154.38000000000466]}}, {"type": "Feature", "properties": {"ID": "229", "Diameter": 50, "Sectors": "القطاع الثالث عشر", "Implementing_company": "حسن علام", "Start": "2017-07-17 00:00:00+00:00", "End": "2018-04-16 00:00:00+00:00", "Northing": "30° 16' 29.29\" N", "Easting": "031° 31' 8.04\" E", "Google_Map": "https://www.google.com/maps/search/?api=1&query=031° 31' 8.04\" E,30° 16' 29.29\" N", "GL": 153.24, "IL": 151.79, "Depth": 1.450000000000017, "Manufacturing_Material": "الزهر المرن"}, "geometry": {"type": "Point", "coordinates": [31.519054636519883, 30.274839337146354, 153.24000000000524]}}, {"type": "Feature", "properties": {"ID": "230", "Diameter": 100, "Sectors": "القطاع الثالث عشر", "Implementing_company": "حسن علام", "Start": "2017-07-17 00:00:00+00:00", "End": "2018-04-16 00:00:00+00:00", "Northing": "30° 16' 29.29\" N", "Easting": "031° 31' 17.92\" E", "Google_Map": "https://www.google.com/maps/search/?api=1&query=031° 31' 17.92\" E,30° 16' 29.29\" N", "GL": 153.82666666666668, "IL": 152.37666666666667, "Depth": 1.450000000000017, "Manufacturing_Material": "الزهر المرن"}, "geometry": {"type": "Point", "coordinates": [31.52179724877691, 30.274838208265507, 154.1600000000035]}}, {"type": "Feature", "properties": {"ID": "231", "Diameter": 100, "Sectors": "القطاع الثالث عشر", "Implementing_company": "حسن علام", "Start": "2017-07-17 00:00:00+00:00", "End": "2018-04-16 00:00:00+00:00", "Northing": "30° 16' 29.36\" N", "Easting": "031° 31' 21.21\" E", "Google_Map": "https://www.google.com/maps/search/?api=1&query=031° 31' 21.21\" E,30° 16' 29.36\" N", "GL": 154.575, "IL": 153.125, "Depth": 1.4499999999999886, "Manufacturing_Material": "الزهر المرن"}, "geometry": {"type": "Point", "coordinates": [31.522713109410624, 30.274858279746056, 154.30999999999767]}}, {"type": "Feature", "properties": {"ID": "232", "Diameter": 100, "Sectors": "القطاع الثالث عشر", "Implementing_company": "حسن علام", "Start": "2017-07-17 00:00:00+00:00", "End": "2018-04-16 00:00:00+00:00", "Northing": "30° 16' 29.36\" N", "Easting": "031° 31' 18.14\" E", "Google_Map": "https://www.google.com/maps/search/?api=1&query=031° 31' 18.14\" E,30° 16' 29.36\" N", "GL": 153.82666666666668, "IL": 152.37666666666667, "Depth": 1.450000000000017, "Manufacturing_Material": "الزهر المرن"}, "geometry": {"type": "Point", "coordinates": [31.52185987195005, 30.274859978061443, 154.1600000000035]}}, {"type": "Feature", "properties": {"ID": "233", "Diameter": 50, "Sectors": "القطاع الثالث عشر", "Implementing_company": "حسن علام", "Start": "2017-07-17 00:00:00+00:00", "End": "2018-04-16 00:00:00+00:00", "Northing": "30° 16' 29.43\" N", "Easting": "031° 31' 25.77\" E", "Google_Map": "https://www.google.com/maps/search/?api=1&query=031° 31' 25.77\" E,30° 16' 29.43\" N", "GL": 154.95000000000002, "IL": 153.5, "Depth": 1.450000000000017, "Manufacturing_Material": "الزهر المرن"}, "geometry": {"type": "Point", "coordinates": [31.523978484963973, 30.27487763084249, 154.94000000000233]}}, {"type": "Feature", "properties": {"ID": "234", "Diameter": 50, "Sectors": "القطاع الثالث عشر", "Implementing_company": "حسن علام", "Start": "2017-07-17 00:00:00+00:00", "End": "2018-04-16 00:00:00+00:00", "Northing": "30° 16' 29.5\" N", "Easting": "031° 31' 25.98\" E", "Google_Map": "https://www.google.com/maps/search/?api=1&query=031° 31' 25.98\" E,30° 16' 29.5\" N", "GL": 154.95000000000002, "IL": 153.5, "Depth": 1.450000000000017, "Manufacturing_Material": "الزهر المرن"}, "geometry": {"type": "Point", "coordinates": [31.52403626568603, 30.274897650928658, 154.94000000000233]}}, {"type": "Feature", "properties": {"ID": "235", "Diameter": 50, "Sectors": "القطاع الثالث عشر", "Implementing_company": "حسن علام", "Start": "2017-07-17 00:00:00+00:00", "End": "2018-04-16 00:00:00+00:00", "Northing": "30° 16' 29.55\" N", "Easting": "031° 31' 15.03\" E", "Google_Map": "https://www.google.com/maps/search/?api=1&query=031° 31' 15.03\" E,30° 16' 29.55\" N", "GL": 153.9, "IL": 152.45, "Depth": 1.450000000000017, "Manufacturing_Material": "الزهر المرن"}, "geometry": {"type": "Point", "coordinates": [31.520995158616877, 30.274911126009776, 153.89999999999418]}}, {"type": "Feature", "properties": {"ID": "236", "Diameter": 50, "Sectors": "القطاع الثالث عشر", "Implementing_company": "حسن علام", "Start": "2017-07-17 00:00:00+00:00", "End": "2018-04-16 00:00:00+00:00", "Northing": "30° 16' 29.73\" N", "Easting": "031° 31' 15.17\" E", "Google_Map": "https://www.google.com/maps/search/?api=1&query=031° 31' 15.17\" E,30° 16' 29.73\" N", "GL": 153.89, "IL": 152.44, "Depth": 1.4499999999999886, "Manufacturing_Material": "الزهر المرن"}, "geometry": {"type": "Point", "coordinates": [31.521033453056692, 30.274962024307708, 153.88999999999942]}}, {"type": "Feature", "properties": {"ID": "237", "Diameter": 50, "Sectors": "القطاع الثالث عشر", "Implementing_company": "حسن علام", "Start": "2017-07-17 00:00:00+00:00", "End": "2018-04-16 00:00:00+00:00", "Northing": "30° 16' 29.86\" N", "Easting": "031° 31' 10.14\" E", "Google_Map": "https://www.google.com/maps/search/?api=1&query=031° 31' 10.14\" E,30° 16' 29.86\" N", "GL": 152.37, "IL": 150.92, "Depth": 1.450000000000017, "Manufacturing_Material": "الزهر المرن"}, "geometry": {"type": "Point", "coordinates": [31.519637360281422, 30.274997910691607, 152.36999999999534]}}, {"type": "Feature", "properties": {"ID": "238", "Diameter": 200, "Sectors": "القطاع الثالث عشر", "Implementing_company": "حسن علام", "Start": "2017-07-17 00:00:00+00:00", "End": "2018-04-16 00:00:00+00:00", "Northing": "30° 16' 29.73\" N", "Easting": "031° 31' 33.47\" E", "Google_Map": "https://www.google.com/maps/search/?api=1&query=031° 31' 33.47\" E,30° 16' 29.73\" N", "GL": 158.255, "IL": 156.805, "Depth": 1.4499999999999886, "Manufacturing_Material": "الزهر المرن"}, "geometry": {"type": "Point", "coordinates": [31.526118565715805, 30.274962633578358, 155.5399999999936]}}, {"type": "Feature", "properties": {"ID": "239", "Diameter": 100, "Sectors": "القطاع الثالث عشر", "Implementing_company": "حسن علام", "Start": "2017-07-17 00:00:00+00:00", "End": "2018-04-16 00:00:00+00:00", "Northing": "30° 16' 29.9\" N", "Easting": "031° 31' 33.26\" E", "Google_Map": "https://www.google.com/maps/search/?api=1&query=031° 31' 33.26\" E,30° 16' 29.9\" N", "GL": 153.575, "IL": 152.125, "Depth": 1.4499999999999886, "Manufacturing_Material": "الزهر المرن"}, "geometry": {"type": "Point", "coordinates": [31.526059574723412, 30.275007594556993, 155.5399999999936]}}, {"type": "Feature", "properties": {"ID": "240", "Diameter": 50, "Sectors": "القطاع الثالث عشر", "Implementing_company": "حسن علام", "Start": "2017-07-17 00:00:00+00:00", "End": "2018-04-16 00:00:00+00:00", "Northing": "30° 16' 30.0\" N", "Easting": "031° 31' 30.41\" E", "Google_Map": "https://www.google.com/maps/search/?api=1&query=031° 31' 30.41\" E,30° 16' 30.0\" N", "GL": 155.32, "IL": 153.87, "Depth": 1.4499999999999886, "Manufacturing_Material": "الزهر المرن"}, "geometry": {"type": "Point", "coordinates": [31.525269100543014, 30.27503789905613, 155.32000000000698]}}, {"type": "Feature", "properties": {"ID": "241", "Diameter": 50, "Sectors": "القطاع الثالث عشر", "Implementing_company": "حسن علام", "Start": "2017-07-17 00:00:00+00:00", "End": "2018-04-16 00:00:00+00:00", "Northing": "30° 16' 30.09\" N", "Easting": "031° 31' 10.27\" E", "Google_Map": "https://www.google.com/maps/search/?api=1&query=031° 31' 10.27\" E,30° 16' 30.09\" N", "GL": 152.37, "IL": 150.92, "Depth": 1.450000000000017, "Manufacturing_Material": "الزهر المرن"}, "geometry": {"type": "Point", "coordinates": [31.519673944327852, 30.275061037095025, 152.36999999999534]}}, {"type": "Feature", "properties": {"ID": "242", "Diameter": 100, "Sectors": "القطاع الثالث عشر", "Implementing_company": "حسن علام", "Start": "2017-07-17 00:00:00+00:00", "End": "2018-04-16 00:00:00+00:00", "Northing": "30° 16' 30.17\" N", "Easting": "031° 30' 56.96\" E", "Google_Map": "https://www.google.com/maps/search/?api=1&query=031° 30' 56.96\" E,30° 16' 30.17\" N", "GL": 155.34, "IL": 153.89, "Depth": 1.450000000000017, "Manufacturing_Material": "الزهر المرن"}, "geometry": {"type": "Point", "coordinates": [31.51597689827214, 30.27508291467556, 155.3399999999965]}}, {"type": "Feature", "properties": {"ID": "243", "Diameter": 50, "Sectors": "القطاع الثالث عشر", "Implementing_company": "حسن علام", "Start": "2017-07-17 00:00:00+00:00", "End": "2018-04-16 00:00:00+00:00", "Northing": "30° 16' 30.12\" N", "Easting": "031° 31' 30.36\" E", "Google_Map": "https://www.google.com/maps/search/?api=1&query=031° 31' 30.36\" E,30° 16' 30.12\" N", "GL": 155.09, "IL": 153.64, "Depth": 1.450000000000017, "Manufacturing_Material": "الزهر المرن"}, "geometry": {"type": "Point", "coordinates": [31.52525417911137, 30.275070053635623, 155.0899999999965]}}, {"type": "Feature", "properties": {"ID": "244", "Diameter": 100, "Sectors": "القطاع الثالث عشر", "Implementing_company": "حسن علام", "Start": "2017-07-17 00:00:00+00:00", "End": "2018-04-16 00:00:00+00:00", "Northing": "30° 16' 30.19\" N", "Easting": "031° 31' 10.09\" E", "Google_Map": "https://www.google.com/maps/search/?api=1&query=031° 31' 10.09\" E,30° 16' 30.19\" N", "GL": 153.14333333333335, "IL": 151.69333333333336, "Depth": 1.4499999999999886, "Manufacturing_Material": "الزهر المرن"}, "geometry": {"type": "Point", "coordinates": [31.51962319362892, 30.275089750067433, 152.2899999999936]}}, {"type": "Feature", "properties": {"ID": "245", "Diameter": 50, "Sectors": "القطاع الثالث عشر", "Implementing_company": "حسن علام", "Start": "2017-07-17 00:00:00+00:00", "End": "2018-04-16 00:00:00+00:00", "Northing": "30° 16' 30.37\" N", "Easting": "031° 31' 25.46\" E", "Google_Map": "https://www.google.com/maps/search/?api=1&query=031° 31' 25.46\" E,30° 16' 30.37\" N", "GL": 154.56, "IL": 153.11, "Depth": 1.4499999999999886, "Manufacturing_Material": "الزهر المرن"}, "geometry": {"type": "Point", "coordinates": [31.52389242592483, 30.275138937558722, 154.55999999999767]}}, {"type": "Feature", "properties": {"ID": "246", "Diameter": 50, "Sectors": "القطاع الثالث عشر", "Implementing_company": "حسن علام", "Start": "2017-07-17 00:00:00+00:00", "End": "2018-04-16 00:00:00+00:00", "Northing": "30° 16' 30.41\" N", "Easting": "031° 31' 14.6\" E", "Google_Map": "https://www.google.com/maps/search/?api=1&query=031° 31' 14.6\" E,30° 16' 30.41\" N", "GL": 153.735, "IL": 152.285, "Depth": 1.450000000000017, "Manufacturing_Material": "الزهر المرن"}, "geometry": {"type": "Point", "coordinates": [31.52087553411513, 30.275149710767305, 153.77000000000407]}}, {"type": "Feature", "properties": {"ID": "247", "Diameter": 100, "Sectors": "القطاع الثالث عشر", "Implementing_company": "حسن علام", "Start": "2017-07-17 00:00:00+00:00", "End": "2018-04-16 00:00:00+00:00", "Northing": "30° 16' 30.3\" N", "Easting": "031° 31' 20.57\" E", "Google_Map": "https://www.google.com/maps/search/?api=1&query=031° 31' 20.57\" E,30° 16' 30.3\" N", "GL": 152.935, "IL": 151.12333333333333, "Depth": 1.8116666666666674, "Manufacturing_Material": "الزهر المرن"}, "geometry": {"type": "Point", "coordinates": [31.522535395143294, 30.275121138851084, 153.9100000000035]}}, {"type": "Feature", "properties": {"ID": "248", "Diameter": 50, "Sectors": "القطاع الثالث عشر", "Implementing_company": "حسن علام", "Start": "2017-07-17 00:00:00+00:00", "End": "2018-04-16 00:00:00+00:00", "Northing": "30° 16' 30.48\" N", "Easting": "031° 31' 14.81\" E", "Google_Map": "https://www.google.com/maps/search/?api=1&query=031° 31' 14.81\" E,30° 16' 30.48\" N", "GL": 153.735, "IL": 152.285, "Depth": 1.450000000000017, "Manufacturing_Material": "الزهر المرن"}, "geometry": {"type": "Point", "coordinates": [31.520933775961552, 30.275169363261263, 153.77000000000407]}}, {"type": "Feature", "properties": {"ID": "249", "Diameter": 50, "Sectors": "القطاع الثالث عشر", "Implementing_company": "حسن علام", "Start": "2017-07-17 00:00:00+00:00", "End": "2018-04-16 00:00:00+00:00", "Northing": "30° 16' 30.5\" N", "Easting": "031° 31' 25.39\" E", "Google_Map": "https://www.google.com/maps/search/?api=1&query=031° 31' 25.39\" E,30° 16' 30.5\" N", "GL": 154.56, "IL": 153.11, "Depth": 1.4499999999999886, "Manufacturing_Material": "الزهر المرن"}, "geometry": {"type": "Point", "coordinates": [31.523874512978615, 30.275176382692784, 154.55999999999767]}}, {"type": "Feature", "properties": {"ID": "250", "Diameter": 100, "Sectors": "القطاع الثالث عشر", "Implementing_company": "حسن علام", "Start": "2017-07-17 00:00:00+00:00", "End": "2018-04-16 00:00:00+00:00", "Northing": "30° 16' 30.72\" N", "Easting": "031° 31' 25.29\" E", "Google_Map": "https://www.google.com/maps/search/?api=1&query=031° 31' 25.29\" E,30° 16' 30.72\" N", "GL": 155.42000000000002, "IL": 153.97000000000003, "Depth": 1.4499999999999886, "Manufacturing_Material": "الزهر المرن"}, "geometry": {"type": "Point", "coordinates": [31.52384540634098, 30.275237227431564, 154.30999999999767]}}, {"type": "Feature", "properties": {"ID": "251", "Diameter": 50, "Sectors": "القطاع الثالث عشر", "Implementing_company": "حسن علام", "Start": "2017-07-17 00:00:00+00:00", "End": "2018-04-16 00:00:00+00:00", "Northing": "30° 16' 30.93\" N", "Easting": "031° 31' 29.85\" E", "Google_Map": "https://www.google.com/maps/search/?api=1&query=031° 31' 29.85\" E,30° 16' 30.93\" N", "GL": 154.48000000000002, "IL": 153.03, "Depth": 1.450000000000017, "Manufacturing_Material": "الزهر المرن"}, "geometry": {"type": "Point", "coordinates": [31.525111485673712, 30.27529400599026, 154.4600000000064]}}, {"type": "Feature", "properties": {"ID": "252", "Diameter": 50, "Sectors": "القطاع الثالث عشر", "Implementing_company": "حسن علام", "Start": "2017-07-17 00:00:00+00:00", "End": "2018-04-16 00:00:00+00:00", "Northing": "30° 16' 31.0\" N", "Easting": "031° 31' 30.05\" E", "Google_Map": "https://www.google.com/maps/search/?api=1&query=031° 31' 30.05\" E,30° 16' 31.0\" N", "GL": 154.48000000000002, "IL": 153.03, "Depth": 1.450000000000017, "Manufacturing_Material": "الزهر المرن"}, "geometry": {"type": "Point", "coordinates": [31.525168906799326, 30.275315305210803, 154.4600000000064]}}, {"type": "Feature", "properties": {"ID": "253", "Diameter": 50, "Sectors": "القطاع الثالث عشر", "Implementing_company": "حسن علام", "Start": "2017-07-17 00:00:00+00:00", "End": "2018-04-16 00:00:00+00:00", "Northing": "30° 16' 31.25\" N", "Easting": "031° 31' 7.44\" E", "Google_Map": "https://www.google.com/maps/search/?api=1&query=031° 31' 7.44\" E,30° 16' 31.25\" N", "GL": 152.37, "IL": 150.92, "Depth": 1.450000000000017, "Manufacturing_Material": "الزهر المرن"}, "geometry": {"type": "Point", "coordinates": [31.518887922470512, 30.275383386171562, 152.36999999999534]}}, {"type": "Feature", "properties": {"ID": "254", "Diameter": 50, "Sectors": "القطاع الثالث عشر", "Implementing_company": "حسن علام", "Start": "2017-07-17 00:00:00+00:00", "End": "2018-04-16 00:00:00+00:00", "Northing": "30° 16' 31.27\" N", "Easting": "031° 31' 20.12\" E", "Google_Map": "https://www.google.com/maps/search/?api=1&query=031° 31' 20.12\" E,30° 16' 31.27\" N", "GL": 153.39, "IL": 151.94, "Depth": 1.4499999999999886, "Manufacturing_Material": "الزهر المرن"}, "geometry": {"type": "Point", "coordinates": [31.522409204546218, 30.27538974059607, 153.38999999999942]}}, {"type": "Feature", "properties": {"ID": "255", "Diameter": 50, "Sectors": "القطاع الثالث عشر", "Implementing_company": "حسن علام", "Start": "2017-07-17 00:00:00+00:00", "End": "2018-04-16 00:00:00+00:00", "Northing": "30° 16' 31.34\" N", "Easting": "031° 31' 14.19\" E", "Google_Map": "https://www.google.com/maps/search/?api=1&query=031° 31' 14.19\" E,30° 16' 31.34\" N", "GL": 153.2, "IL": 151.75, "Depth": 1.4499999999999886, "Manufacturing_Material": "الزهر المرن"}, "geometry": {"type": "Point", "coordinates": [31.520760871863814, 30.275407668836, 153.1999999999971]}}, {"type": "Feature", "properties": {"ID": "256", "Diameter": 50, "Sectors": "القطاع الثالث عشر", "Implementing_company": "حسن علام", "Start": "2017-07-17 00:00:00+00:00", "End": "2018-04-16 00:00:00+00:00", "Northing": "30° 16' 31.39\" N", "Easting": "031° 31' 20.06\" E", "Google_Map": "https://www.google.com/maps/search/?api=1&query=031° 31' 20.06\" E,30° 16' 31.39\" N", "GL": 153.23, "IL": 151.78, "Depth": 1.4499999999999886, "Manufacturing_Material": "الزهر المرن"}, "geometry": {"type": "Point", "coordinates": [31.522394127977122, 30.275421831423376, 153.22999999999593]}}, {"type": "Feature", "properties": {"ID": "257", "Diameter": 50, "Sectors": "القطاع الثالث عشر", "Implementing_company": "حسن علام", "Start": "2017-07-17 00:00:00+00:00", "End": "2018-04-16 00:00:00+00:00", "Northing": "30° 16' 31.54\" N", "Easting": "031° 31' 14.32\" E", "Google_Map": "https://www.google.com/maps/search/?api=1&query=031° 31' 14.32\" E,30° 16' 31.54\" N", "GL": 153.24, "IL": 151.79, "Depth": 1.450000000000017, "Manufacturing_Material": "الزهر المرن"}, "geometry": {"type": "Point", "coordinates": [31.520798987434667, 30.27546523493043, 153.24000000000524]}}, {"type": "Feature", "properties": {"ID": "258", "Diameter": 100, "Sectors": "القطاع الثالث عشر", "Implementing_company": "حسن علام", "Start": "2017-07-17 00:00:00+00:00", "End": "2018-04-16 00:00:00+00:00", "Northing": "30° 16' 31.75\" N", "Easting": "031° 31' 0.57\" E", "Google_Map": "https://www.google.com/maps/search/?api=1&query=031° 31' 0.57\" E,30° 16' 31.75\" N", "GL": 153.175, "IL": 151.725, "Depth": 1.450000000000017, "Manufacturing_Material": "الزهر المرن"}, "geometry": {"type": "Point", "coordinates": [31.516979285780216, 30.275521361007243, 154.11999999999534]}}, {"type": "Feature", "properties": {"ID": "259", "Diameter": 50, "Sectors": "القطاع الثالث عشر", "Implementing_company": "حسن علام", "Start": "2017-07-17 00:00:00+00:00", "End": "2018-04-16 00:00:00+00:00", "Northing": "30° 16' 31.76\" N", "Easting": "031° 31' 2.08\" E", "Google_Map": "https://www.google.com/maps/search/?api=1&query=031° 31' 2.08\" E,30° 16' 31.76\" N", "GL": 153.465, "IL": 152.015, "Depth": 1.450000000000017, "Manufacturing_Material": "الزهر المرن"}, "geometry": {"type": "Point", "coordinates": [31.51739719555813, 30.27552572434468, 153.4499999999971]}}, {"type": "Feature", "properties": {"ID": "260", "Diameter": 100, "Sectors": "القطاع الثالث عشر", "Implementing_company": "حسن علام", "Start": "2017-07-17 00:00:00+00:00", "End": "2018-04-16 00:00:00+00:00", "Northing": "30° 16' 31.67\" N", "Easting": "031° 31' 14.13\" E", "Google_Map": "https://www.google.com/maps/search/?api=1&query=031° 31' 14.13\" E,30° 16' 31.67\" N", "GL": 154.00666666666666, "IL": 152.55666666666664, "Depth": 1.450000000000017, "Manufacturing_Material": "الزهر المرن"}, "geometry": {"type": "Point", "coordinates": [31.52074684561119, 30.275499534796555, 153.52000000000407]}}, {"type": "Feature", "properties": {"ID": "261", "Diameter": 50, "Sectors": "القطاع الثالث عشر", "Implementing_company": "حسن علام", "Start": "2017-07-17 00:00:00+00:00", "End": "2018-04-16 00:00:00+00:00", "Northing": "30° 16' 31.8\" N", "Easting": "031° 31' 29.58\" E", "Google_Map": "https://www.google.com/maps/search/?api=1&query=031° 31' 29.58\" E,30° 16' 31.8\" N", "GL": 153.94, "IL": 152.49, "Depth": 1.4499999999999886, "Manufacturing_Material": "الزهر المرن"}, "geometry": {"type": "Point", "coordinates": [31.52503812855895, 30.275535612401598, 153.94000000000233]}}, {"type": "Feature", "properties": {"ID": "262", "Diameter": 100, "Sectors": "القطاع الثالث عشر", "Implementing_company": "حسن علام", "Start": "2017-07-17 00:00:00+00:00", "End": "2018-04-16 00:00:00+00:00", "Northing": "30° 16' 31.75\" N", "Easting": "031° 31' 24.7\" E", "Google_Map": "https://www.google.com/maps/search/?api=1&query=031° 31' 24.7\" E,30° 16' 31.75\" N", "GL": 152.45000000000002, "IL": 150.63333333333333, "Depth": 1.8166666666666913, "Manufacturing_Material": "الزهر المرن"}, "geometry": {"type": "Point", "coordinates": [31.523682048065275, 30.275523245814608, 153.42999999999302]}}, {"type": "Feature", "properties": {"ID": "263", "Diameter": 50, "Sectors": "القطاع الثالث عشر", "Implementing_company": "حسن علام", "Start": "2017-07-17 00:00:00+00:00", "End": "2018-04-16 00:00:00+00:00", "Northing": "30° 16' 31.99\" N", "Easting": "031° 31' 3.27\" E", "Google_Map": "https://www.google.com/maps/search/?api=1&query=031° 31' 3.27\" E,30° 16' 31.99\" N", "GL": 153.1, "IL": 151.65, "Depth": 1.4499999999999886, "Manufacturing_Material": "الزهر المرن"}, "geometry": {"type": "Point", "coordinates": [31.51772814174732, 30.27559065388015, 153.13000000000466]}}, {"type": "Feature", "properties": {"ID": "264", "Diameter": 100, "Sectors": "القطاع الثاني عشر", "Implementing_company": "حسن علام", "Start": "2017-07-17 00:00:00+00:00", "End": "2018-04-16 00:00:00+00:00", "Northing": "30° 16' 31.55\" N", "Easting": "031° 31' 38.57\" E", "Google_Map": "https://www.google.com/maps/search/?api=1&query=031° 31' 38.57\" E,30° 16' 31.55\" N", "GL": 153.475, "IL": 152.025, "Depth": 1.4499999999999886, "Manufacturing_Material": "الزهر المرن"}, "geometry": {"type": "Point", "coordinates": [31.52753328477307, 30.2754678363091, 155.72999999999593]}}, {"type": "Feature", "properties": {"ID": "265", "Diameter": 50, "Sectors": "القطاع الثالث عشر", "Implementing_company": "حسن علام", "Start": "2017-07-17 00:00:00+00:00", "End": "2018-04-16 00:00:00+00:00", "Northing": "30° 16' 32.24\" N", "Easting": "031° 31' 4.46\" E", "Google_Map": "https://www.google.com/maps/search/?api=1&query=031° 31' 4.46\" E,30° 16' 32.24\" N", "GL": 153.175, "IL": 151.725, "Depth": 1.450000000000017, "Manufacturing_Material": "الزهر المرن"}, "geometry": {"type": "Point", "coordinates": [31.518060554676097, 30.275657543245256, 152.77999999999884]}}, {"type": "Feature", "properties": {"ID": "266", "Diameter": 50, "Sectors": "القطاع الثالث عشر", "Implementing_company": "حسن علام", "Start": "2017-07-17 00:00:00+00:00", "End": "2018-04-16 00:00:00+00:00", "Northing": "30° 16' 31.93\" N", "Easting": "031° 31' 29.52\" E", "Google_Map": "https://www.google.com/maps/search/?api=1&query=031° 31' 29.52\" E,30° 16' 31.93\" N", "GL": 153.88, "IL": 152.43, "Depth": 1.4499999999999886, "Manufacturing_Material": "الزهر المرن"}, "geometry": {"type": "Point", "coordinates": [31.525020711132772, 30.275573143206287, 153.88000000000466]}}, {"type": "Feature", "properties": {"ID": "267", "Diameter": 50, "Sectors": "القطاع الثالث عشر", "Implementing_company": "حسن علام", "Start": "2017-07-17 00:00:00+00:00", "End": "2018-04-16 00:00:00+00:00", "Northing": "30° 16' 32.11\" N", "Easting": "031° 31' 2.03\" E", "Google_Map": "https://www.google.com/maps/search/?api=1&query=031° 31' 2.03\" E,30° 16' 32.11\" N", "GL": 153.465, "IL": 152.015, "Depth": 1.450000000000017, "Manufacturing_Material": "الزهر المرن"}, "geometry": {"type": "Point", "coordinates": [31.517383193570684, 30.27562203247364, 153.4499999999971]}}, {"type": "Feature", "properties": {"ID": "268", "Diameter": 50, "Sectors": "القطاع الثالث عشر", "Implementing_company": "حسن علام", "Start": "2017-07-17 00:00:00+00:00", "End": "2018-04-16 00:00:00+00:00", "Northing": "30° 16' 32.19\" N", "Easting": "031° 31' 3.25\" E", "Google_Map": "https://www.google.com/maps/search/?api=1&query=031° 31' 3.25\" E,30° 16' 32.19\" N", "GL": 153.1, "IL": 151.65, "Depth": 1.4499999999999886, "Manufacturing_Material": "الزهر المرن"}, "geometry": {"type": "Point", "coordinates": [31.5177239246019, 30.275645049508494, 153.13000000000466]}}, {"type": "Feature", "properties": {"ID": "269", "Diameter": 50, "Sectors": "القطاع الثاني عشر", "Implementing_company": "حسن علام", "Start": "2017-07-17 00:00:00+00:00", "End": "2018-04-16 00:00:00+00:00", "Northing": "30° 16' 32.16\" N", "Easting": "031° 31' 34.35\" E", "Google_Map": "https://www.google.com/maps/search/?api=1&query=031° 31' 34.35\" E,30° 16' 32.16\" N", "GL": 154.28, "IL": 152.82999999999998, "Depth": 1.450000000000017, "Manufacturing_Material": "الزهر المرن"}, "geometry": {"type": "Point", "coordinates": [31.526363594578196, 30.275637025947454, 154.4100000000035]}}, {"type": "Feature", "properties": {"ID": "270", "Diameter": 100, "Sectors": "القطاع الثالث عشر", "Implementing_company": "حسن علام", "Start": "2017-07-17 00:00:00+00:00", "End": "2018-04-16 00:00:00+00:00", "Northing": "30° 16' 32.27\" N", "Easting": "031° 31' 4.81\" E", "Google_Map": "https://www.google.com/maps/search/?api=1&query=031° 31' 4.81\" E,30° 16' 32.27\" N", "GL": 153.175, "IL": 151.725, "Depth": 1.450000000000017, "Manufacturing_Material": "الزهر المرن"}, "geometry": {"type": "Point", "coordinates": [31.51815531162999, 30.27566711402446, 152.22999999999593]}}, {"type": "Feature", "properties": {"ID": "271", "Diameter": 100, "Sectors": "القطاع الثالث عشر", "Implementing_company": "حسن علام", "Start": "2017-07-17 00:00:00+00:00", "End": "2018-04-16 00:00:00+00:00", "Northing": "30° 16' 32.16\" N", "Easting": "031° 31' 29.41\" E", "Google_Map": "https://www.google.com/maps/search/?api=1&query=031° 31' 29.41\" E,30° 16' 32.16\" N", "GL": 154.935, "IL": 153.485, "Depth": 1.4499999999999886, "Manufacturing_Material": "الزهر المرن"}, "geometry": {"type": "Point", "coordinates": [31.524990993298484, 30.275637182067914, 153.77000000000407]}}, {"type": "Feature", "properties": {"ID": "272", "Diameter": 50, "Sectors": "القطاع الثالث عشر", "Implementing_company": "حسن علام", "Start": "2017-07-17 00:00:00+00:00", "End": "2018-04-16 00:00:00+00:00", "Northing": "30° 16' 32.23\" N", "Easting": "031° 31' 19.55\" E", "Google_Map": "https://www.google.com/maps/search/?api=1&query=031° 31' 19.55\" E,30° 16' 32.23\" N", "GL": 152.725, "IL": 151.275, "Depth": 1.4499999999999886, "Manufacturing_Material": "الزهر المرن"}, "geometry": {"type": "Point", "coordinates": [31.522251282070048, 30.27565700095593, 152.6999999999971]}}, {"type": "Feature", "properties": {"ID": "273", "Diameter": 100, "Sectors": "القطاع الثاني عشر", "Implementing_company": "حسن علام", "Start": "2017-07-17 00:00:00+00:00", "End": "2018-04-16 00:00:00+00:00", "Northing": "30° 16' 32.25\" N", "Easting": "031° 31' 34.09\" E", "Google_Map": "https://www.google.com/maps/search/?api=1&query=031° 31' 34.09\" E,30° 16' 32.25\" N", "GL": 154.125, "IL": 152.675, "Depth": 1.4499999999999886, "Manufacturing_Material": "الزهر المرن"}, "geometry": {"type": "Point", "coordinates": [31.526290462763654, 30.275661490669346, 154.27999999999884]}}, {"type": "Feature", "properties": {"ID": "274", "Diameter": 50, "Sectors": "القطاع الثالث عشر", "Implementing_company": "حسن علام", "Start": "2017-07-17 00:00:00+00:00", "End": "2018-04-16 00:00:00+00:00", "Northing": "30° 16' 32.3\" N", "Easting": "031° 31' 19.75\" E", "Google_Map": "https://www.google.com/maps/search/?api=1&query=031° 31' 19.75\" E,30° 16' 32.3\" N", "GL": 152.725, "IL": 151.275, "Depth": 1.4499999999999886, "Manufacturing_Material": "الزهر المرن"}, "geometry": {"type": "Point", "coordinates": [31.522306275054632, 30.275675944133233, 152.6999999999971]}}, {"type": "Feature", "properties": {"ID": "275", "Diameter": 50, "Sectors": "القطاع الثالث عشر", "Implementing_company": "حسن علام", "Start": "2017-07-17 00:00:00+00:00", "End": "2018-04-16 00:00:00+00:00", "Northing": "30° 16' 32.24\" N", "Easting": "031° 31' 4.46\" E", "Google_Map": "https://www.google.com/maps/search/?api=1&query=031° 31' 4.46\" E,30° 16' 32.24\" N", "GL": 152.66500000000002, "IL": 151.215, "Depth": 1.450000000000017, "Manufacturing_Material": "الزهر المرن"}, "geometry": {"type": "Point", "coordinates": [31.518060131408056, 30.275657489892303, 152.77999999999884]}}, {"type": "Feature", "properties": {"ID": "276", "Diameter": 50, "Sectors": "القطاع الثاني عشر", "Implementing_company": "حسن علام", "Start": "2017-07-17 00:00:00+00:00", "End": "2018-04-16 00:00:00+00:00", "Northing": "30° 16' 32.48\" N", "Easting": "031° 31' 34.22\" E", "Google_Map": "https://www.google.com/maps/search/?api=1&query=031° 31' 34.22\" E,30° 16' 32.48\" N", "GL": 154.28, "IL": 152.82999999999998, "Depth": 1.450000000000017, "Manufacturing_Material": "الزهر المرن"}, "geometry": {"type": "Point", "coordinates": [31.52632515279862, 30.275724472131575, 154.27999999999884]}}, {"type": "Feature", "properties": {"ID": "277", "Diameter": 50, "Sectors": "القطاع الثاني عشر", "Implementing_company": "حسن علام", "Start": "2017-07-17 00:00:00+00:00", "End": "2018-04-16 00:00:00+00:00", "Northing": "30° 16' 32.54\" N", "Easting": "031° 31' 35.25\" E", "Google_Map": "https://www.google.com/maps/search/?api=1&query=031° 31' 35.25\" E,30° 16' 32.54\" N", "GL": 154.26, "IL": 152.81, "Depth": 1.4499999999999886, "Manufacturing_Material": "الزهر المرن"}, "geometry": {"type": "Point", "coordinates": [31.52661182176588, 30.27574325570153, 154.22999999999593]}}, {"type": "Feature", "properties": {"ID": "278", "Diameter": 50, "Sectors": "القطاع الثالث عشر", "Implementing_company": "حسن علام", "Start": "2017-07-17 00:00:00+00:00", "End": "2018-04-16 00:00:00+00:00", "Northing": "30° 16' 32.76\" N", "Easting": "031° 31' 24.23\" E", "Google_Map": "https://www.google.com/maps/search/?api=1&query=031° 31' 24.23\" E,30° 16' 32.76\" N", "GL": 152.91, "IL": 151.46, "Depth": 1.4499999999999886, "Manufacturing_Material": "الزهر المرن"}, "geometry": {"type": "Point", "coordinates": [31.523551202367507, 30.275804266738653, 152.9100000000035]}}, {"type": "Feature", "properties": {"ID": "279", "Diameter": 50, "Sectors": "القطاع الثاني عشر", "Implementing_company": "حسن علام", "Start": "2017-07-17 00:00:00+00:00", "End": "2018-04-16 00:00:00+00:00", "Northing": "30° 16' 32.72\" N", "Easting": "031° 31' 35.15\" E", "Google_Map": "https://www.google.com/maps/search/?api=1&query=031° 31' 35.15\" E,30° 16' 32.72\" N", "GL": 154.26, "IL": 152.81, "Depth": 1.4499999999999886, "Manufacturing_Material": "الزهر المرن"}, "geometry": {"type": "Point", "coordinates": [31.52658579982964, 30.27579232775328, 154.22999999999593]}}, {"type": "Feature", "properties": {"ID": "280", "Diameter": 50, "Sectors": "القطاع الثالث عشر", "Implementing_company": "حسن علام", "Start": "2017-07-17 00:00:00+00:00", "End": "2018-04-16 00:00:00+00:00", "Northing": "30° 16' 32.88\" N", "Easting": "031° 31' 24.18\" E", "Google_Map": "https://www.google.com/maps/search/?api=1&query=031° 31' 24.18\" E,30° 16' 32.88\" N", "GL": 152.79, "IL": 151.34, "Depth": 1.4499999999999886, "Manufacturing_Material": "الزهر المرن"}, "geometry": {"type": "Point", "coordinates": [31.523536019727082, 30.27583687498624, 152.7899999999936]}}, {"type": "Feature", "properties": {"ID": "281", "Diameter": 50, "Sectors": "القطاع الثاني عشر", "Implementing_company": "حسن علام", "Start": "2017-07-17 00:00:00+00:00", "End": "2018-04-16 00:00:00+00:00", "Northing": "30° 16' 32.94\" N", "Easting": "031° 31' 36.62\" E", "Google_Map": "https://www.google.com/maps/search/?api=1&query=031° 31' 36.62\" E,30° 16' 32.94\" N", "GL": 154.19, "IL": 152.74, "Depth": 1.4499999999999886, "Manufacturing_Material": "الزهر المرن"}, "geometry": {"type": "Point", "coordinates": [31.52699211268255, 30.275852848516188, 154.07000000000698]}}, {"type": "Feature", "properties": {"ID": "282", "Diameter": 50, "Sectors": "القطاع الثالث عشر", "Implementing_company": "حسن علام", "Start": "2017-07-17 00:00:00+00:00", "End": "2018-04-16 00:00:00+00:00", "Northing": "30° 16' 33.1\" N", "Easting": "031° 31' 19.26\" E", "Google_Map": "https://www.google.com/maps/search/?api=1&query=031° 31' 19.26\" E,30° 16' 33.1\" N", "GL": 152.11, "IL": 150.66, "Depth": 1.450000000000017, "Manufacturing_Material": "الزهر المرن"}, "geometry": {"type": "Point", "coordinates": [31.52217097718914, 30.275896811341084, 152.11000000000058]}}, {"type": "Feature", "properties": {"ID": "283", "Diameter": 200, "Sectors": "القطاع الثاني عشر", "Implementing_company": "حسن علام", "Start": "2017-07-17 00:00:00+00:00", "End": "2018-04-16 00:00:00+00:00", "Northing": "30° 16' 32.91\" N", "Easting": "031° 31' 42.3\" E", "Google_Map": "https://www.google.com/maps/search/?api=1&query=031° 31' 42.3\" E,30° 16' 32.91\" N", "GL": 158.255, "IL": 156.805, "Depth": 1.4499999999999886, "Manufacturing_Material": "الزهر المرن"}, "geometry": {"type": "Point", "coordinates": [31.528570132777013, 30.275845193643537, 156.66999999999825]}}, {"type": "Feature", "properties": {"ID": "284", "Diameter": 50, "Sectors": "القطاع الثالث عشر", "Implementing_company": "حسن علام", "Start": "2017-07-17 00:00:00+00:00", "End": "2018-04-16 00:00:00+00:00", "Northing": "30° 16' 33.12\" N", "Easting": "031° 31' 7.16\" E", "Google_Map": "https://www.google.com/maps/search/?api=1&query=031° 31' 7.16\" E,30° 16' 33.12\" N", "GL": 151.54, "IL": 150.09, "Depth": 1.4499999999999886, "Manufacturing_Material": "الزهر المرن"}, "geometry": {"type": "Point", "coordinates": [31.518809293942432, 30.275903986930572, 151.5399999999936]}}, {"type": "Feature", "properties": {"ID": "285", "Diameter": 100, "Sectors": "القطاع الثاني عشر", "Implementing_company": "حسن علام", "Start": "2017-07-17 00:00:00+00:00", "End": "2018-04-16 00:00:00+00:00", "Northing": "30° 16' 33.02\" N", "Easting": "031° 31' 42.0\" E", "Google_Map": "https://www.google.com/maps/search/?api=1&query=031° 31' 42.0\" E,30° 16' 33.02\" N", "GL": 153.575, "IL": 152.125, "Depth": 1.4499999999999886, "Manufacturing_Material": "الزهر المرن"}, "geometry": {"type": "Point", "coordinates": [31.528487813759902, 30.275875813379734, 156.66999999999825]}}, {"type": "Feature", "properties": {"ID": "286", "Diameter": 50, "Sectors": "القطاع الثالث عشر", "Implementing_company": "حسن علام", "Start": "2017-07-17 00:00:00+00:00", "End": "2018-04-16 00:00:00+00:00", "Northing": "30° 16' 33.25\" N", "Easting": "031° 31' 19.19\" E", "Google_Map": "https://www.google.com/maps/search/?api=1&query=031° 31' 19.19\" E,30° 16' 33.25\" N", "GL": 151.905, "IL": 150.45499999999998, "Depth": 1.450000000000017, "Manufacturing_Material": "الزهر المرن"}, "geometry": {"type": "Point", "coordinates": [31.522150793707855, 30.2759397731861, 151.9600000000064]}}, {"type": "Feature", "properties": {"ID": "287", "Diameter": 50, "Sectors": "القطاع الثاني عشر", "Implementing_company": "حسن علام", "Start": "2017-07-17 00:00:00+00:00", "End": "2018-04-16 00:00:00+00:00", "Northing": "30° 16' 33.25\" N", "Easting": "031° 31' 36.47\" E", "Google_Map": "https://www.google.com/maps/search/?api=1&query=031° 31' 36.47\" E,30° 16' 33.25\" N", "GL": 154.19, "IL": 152.74, "Depth": 1.4499999999999886, "Manufacturing_Material": "الزهر المرن"}, "geometry": {"type": "Point", "coordinates": [31.526952189783483, 30.275938815150678, 154.07000000000698]}}, {"type": "Feature", "properties": {"ID": "288", "Diameter": 100, "Sectors": "القطاع الثالث عشر", "Implementing_company": "حسن علام", "Start": "2017-07-17 00:00:00+00:00", "End": "2018-04-16 00:00:00+00:00", "Northing": "30° 16' 33.2\" N", "Easting": "031° 31' 28.8\" E", "Google_Map": "https://www.google.com/maps/search/?api=1&query=031° 31' 28.8\" E,30° 16' 33.2\" N", "GL": 151.96, "IL": 150.51, "Depth": 1.450000000000017, "Manufacturing_Material": "الزهر المرن"}, "geometry": {"type": "Point", "coordinates": [31.524821689268823, 30.275924454235124, 152.6999999999971]}}, {"type": "Feature", "properties": {"ID": "289", "Diameter": 50, "Sectors": "القطاع الثالث عشر", "Implementing_company": "حسن علام", "Start": "2017-07-17 00:00:00+00:00", "End": "2018-04-16 00:00:00+00:00", "Northing": "30° 16' 33.25\" N", "Easting": "031° 31' 19.19\" E", "Google_Map": "https://www.google.com/maps/search/?api=1&query=031° 31' 19.19\" E,30° 16' 33.25\" N", "GL": 151.905, "IL": 150.45499999999998, "Depth": 1.450000000000017, "Manufacturing_Material": "الزهر المرن"}, "geometry": {"type": "Point", "coordinates": [31.522150793707855, 30.2759397731861, 151.9600000000064]}}, {"type": "Feature", "properties": {"ID": "290", "Diameter": 100, "Sectors": "القطاع الثاني عشر", "Implementing_company": "حسن علام", "Start": "2017-07-17 00:00:00+00:00", "End": "2018-04-16 00:00:00+00:00", "Northing": "30° 16' 33.49\" N", "Easting": "031° 31' 37.68\" E", "Google_Map": "https://www.google.com/maps/search/?api=1&query=031° 31' 37.68\" E,30° 16' 33.49\" N", "GL": 153.475, "IL": 152.025, "Depth": 1.4499999999999886, "Manufacturing_Material": "الزهر المرن"}, "geometry": {"type": "Point", "coordinates": [31.52728806186776, 30.276005602162595, 153.97000000000116]}}, {"type": "Feature", "properties": {"ID": "291", "Diameter": 100, "Sectors": "القطاع الثالث عشر", "Implementing_company": "حسن علام", "Start": "2017-07-17 00:00:00+00:00", "End": "2018-04-16 00:00:00+00:00", "Northing": "30° 16' 33.66\" N", "Easting": "031° 31' 0.29\" E", "Google_Map": "https://www.google.com/maps/search/?api=1&query=031° 31' 0.29\" E,30° 16' 33.66\" N", "GL": 153.485, "IL": 152.035, "Depth": 1.450000000000017, "Manufacturing_Material": "الزهر المرن"}, "geometry": {"type": "Point", "coordinates": [31.516901059359814, 30.27605203496378, 153.2899999999936]}}, {"type": "Feature", "properties": {"ID": "292", "Diameter": 50, "Sectors": "القطاع الثالث عشر", "Implementing_company": "حسن علام", "Start": "2017-07-17 00:00:00+00:00", "End": "2018-04-16 00:00:00+00:00", "Northing": "30° 16' 33.73\" N", "Easting": "031° 31' 23.78\" E", "Google_Map": "https://www.google.com/maps/search/?api=1&query=031° 31' 23.78\" E,30° 16' 33.73\" N", "GL": 152.18, "IL": 150.73, "Depth": 1.450000000000017, "Manufacturing_Material": "الزهر المرن"}, "geometry": {"type": "Point", "coordinates": [31.523426496832908, 30.2760720967664, 152.2100000000064]}}, {"type": "Feature", "properties": {"ID": "293", "Diameter": 50, "Sectors": "القطاع الثالث عشر", "Implementing_company": "حسن علام", "Start": "2017-07-17 00:00:00+00:00", "End": "2018-04-16 00:00:00+00:00", "Northing": "30° 16' 33.72\" N", "Easting": "031° 31' 23.78\" E", "Google_Map": "https://www.google.com/maps/search/?api=1&query=031° 31' 23.78\" E,30° 16' 33.72\" N", "GL": 152.18, "IL": 150.73, "Depth": 1.450000000000017, "Manufacturing_Material": "الزهر المرن"}, "geometry": {"type": "Point", "coordinates": [31.523427244921347, 30.27607048994263, 152.2100000000064]}}, {"type": "Feature", "properties": {"ID": "294", "Diameter": 100, "Sectors": "القطاع الثالث عشر", "Implementing_company": "حسن علام", "Start": "2017-07-17 00:00:00+00:00", "End": "2018-04-16 00:00:00+00:00", "Northing": "30° 16' 33.87\" N", "Easting": "031° 31' 0.26\" E", "Google_Map": "https://www.google.com/maps/search/?api=1&query=031° 31' 0.26\" E,30° 16' 33.87\" N", "GL": 153.06, "IL": 151.61, "Depth": 1.4499999999999886, "Manufacturing_Material": "الزهر المرن"}, "geometry": {"type": "Point", "coordinates": [31.516891405575965, 30.27611206003159, 153.05999999999767]}}, {"type": "Feature", "properties": {"ID": "295", "Diameter": 100, "Sectors": "القطاع الثالث عشر", "Implementing_company": "حسن علام", "Start": "2017-07-17 00:00:00+00:00", "End": "2018-04-16 00:00:00+00:00", "Northing": "30° 16' 34.09\" N", "Easting": "031° 31' 31.34\" E", "Google_Map": "https://www.google.com/maps/search/?api=1&query=031° 31' 31.34\" E,30° 16' 34.09\" N", "GL": 152.77, "IL": 151.32, "Depth": 1.450000000000017, "Manufacturing_Material": "الزهر المرن"}, "geometry": {"type": "Point", "coordinates": [31.52552611925816, 30.276171855621676, 152.77000000000407]}}, {"type": "Feature", "properties": {"ID": "296", "Diameter": 50, "Sectors": "القطاع الثالث عشر", "Implementing_company": "حسن علام", "Start": "2017-07-17 00:00:00+00:00", "End": "2018-04-16 00:00:00+00:00", "Northing": "30° 16' 34.13\" N", "Easting": "031° 31' 2.41\" E", "Google_Map": "https://www.google.com/maps/search/?api=1&query=031° 31' 2.41\" E,30° 16' 34.13\" N", "GL": 152.26, "IL": 150.81, "Depth": 1.4499999999999886, "Manufacturing_Material": "الزهر المرن"}, "geometry": {"type": "Point", "coordinates": [31.517488772097725, 30.27618514802013, 152.25999999999476]}}, {"type": "Feature", "properties": {"ID": "297", "Diameter": 50, "Sectors": "القطاع الثالث عشر", "Implementing_company": "حسن علام", "Start": "2017-07-17 00:00:00+00:00", "End": "2018-04-16 00:00:00+00:00", "Northing": "30° 16' 34.21\" N", "Easting": "031° 31' 28.33\" E", "Google_Map": "https://www.google.com/maps/search/?api=1&query=031° 31' 28.33\" E,30° 16' 34.21\" N", "GL": 152.39, "IL": 150.94, "Depth": 1.4499999999999886, "Manufacturing_Material": "الزهر المرن"}, "geometry": {"type": "Point", "coordinates": [31.524689727457684, 30.276204778016844, 152.38999999999942]}}, {"type": "Feature", "properties": {"ID": "298", "Diameter": 50, "Sectors": "القطاع الثالث عشر", "Implementing_company": "حسن علام", "Start": "2017-07-17 00:00:00+00:00", "End": "2018-04-16 00:00:00+00:00", "Northing": "30° 16' 34.32\" N", "Easting": "031° 31' 28.27\" E", "Google_Map": "https://www.google.com/maps/search/?api=1&query=031° 31' 28.27\" E,30° 16' 34.32\" N", "GL": 152.3, "IL": 150.85, "Depth": 1.450000000000017, "Manufacturing_Material": "الزهر المرن"}, "geometry": {"type": "Point", "coordinates": [31.524674633708017, 30.276236843002604, 152.3000000000029]}}, {"type": "Feature", "properties": {"ID": "299", "Diameter": 50, "Sectors": "القطاع الثالث عشر", "Implementing_company": "حسن علام", "Start": "2017-07-17 00:00:00+00:00", "End": "2018-04-16 00:00:00+00:00", "Northing": "30° 16' 34.4\" N", "Easting": "031° 31' 4.65\" E", "Google_Map": "https://www.google.com/maps/search/?api=1&query=031° 31' 4.65\" E,30° 16' 34.4\" N", "GL": 151.46, "IL": 150.01, "Depth": 1.450000000000017, "Manufacturing_Material": "الزهر المرن"}, "geometry": {"type": "Point", "coordinates": [31.51811093917121, 30.276260051252166, 151.4600000000064]}}, {"type": "Feature", "properties": {"ID": "300", "Diameter": 50, "Sectors": "القطاع الثالث عشر", "Implementing_company": "حسن علام", "Start": "2017-07-17 00:00:00+00:00", "End": "2018-04-16 00:00:00+00:00", "Northing": "30° 16' 34.55\" N", "Easting": "031° 31' 23.4\" E", "Google_Map": "https://www.google.com/maps/search/?api=1&query=031° 31' 23.4\" E,30° 16' 34.55\" N", "GL": 151.56, "IL": 150.11, "Depth": 1.4499999999999886, "Manufacturing_Material": "الزهر المرن"}, "geometry": {"type": "Point", "coordinates": [31.523319567098955, 30.276301750601665, 151.55999999999767]}}, {"type": "Feature", "properties": {"ID": "301", "Diameter": 100, "Sectors": "القطاع الثالث عشر", "Implementing_company": "حسن علام", "Start": "2017-07-17 00:00:00+00:00", "End": "2018-04-16 00:00:00+00:00", "Northing": "30° 16' 34.68\" N", "Easting": "031° 31' 6.97\" E", "Google_Map": "https://www.google.com/maps/search/?api=1&query=031° 31' 6.97\" E,30° 16' 34.68\" N", "GL": 153.06, "IL": 151.61, "Depth": 1.4499999999999886, "Manufacturing_Material": "الزهر المرن"}, "geometry": {"type": "Point", "coordinates": [31.51875568648713, 30.27633766936917, 150.77999999999884]}}, {"type": "Feature", "properties": {"ID": "302", "Diameter": 50, "Sectors": "القطاع الثالث عشر", "Implementing_company": "حسن علام", "Start": "2017-07-17 00:00:00+00:00", "End": "2018-04-16 00:00:00+00:00", "Northing": "30° 16' 34.69\" N", "Easting": "031° 31' 23.33\" E", "Google_Map": "https://www.google.com/maps/search/?api=1&query=031° 31' 23.33\" E,30° 16' 34.69\" N", "GL": 151.47, "IL": 149.96, "Depth": 1.509999999999991, "Manufacturing_Material": "الزهر المرن"}, "geometry": {"type": "Point", "coordinates": [31.52330208041697, 30.276339304911108, 151.47000000000116]}}, {"type": "Feature", "properties": {"ID": "303", "Diameter": 50, "Sectors": "القطاع الثالث عشر", "Implementing_company": "حسن علام", "Start": "2017-07-17 00:00:00+00:00", "End": "2018-04-16 00:00:00+00:00", "Northing": "30° 16' 34.73\" N", "Easting": "031° 31' 7.37\" E", "Google_Map": "https://www.google.com/maps/search/?api=1&query=031° 31' 7.37\" E,30° 16' 34.73\" N", "GL": 150.73, "IL": 149.28, "Depth": 1.4499999999999886, "Manufacturing_Material": "الزهر المرن"}, "geometry": {"type": "Point", "coordinates": [31.51886745493454, 30.276351134991472, 150.77999999999884]}}, {"type": "Feature", "properties": {"ID": "304", "Diameter": 50, "Sectors": "القطاع الثاني عشر", "Implementing_company": "حسن علام", "Start": "2017-07-17 00:00:00+00:00", "End": "2018-04-16 00:00:00+00:00", "Northing": "30° 16' 34.67\" N", "Easting": "031° 31' 37.14\" E", "Google_Map": "https://www.google.com/maps/search/?api=1&query=031° 31' 37.14\" E,30° 16' 34.67\" N", "GL": 153.12, "IL": 151.67, "Depth": 1.450000000000017, "Manufacturing_Material": "الزهر المرن"}, "geometry": {"type": "Point", "coordinates": [31.527137284232808, 30.27633380886398, 153.11999999999534]}}, {"type": "Feature", "properties": {"ID": "305", "Diameter": 100, "Sectors": "القطاع الثالث عشر", "Implementing_company": "حسن علام", "Start": "2017-07-17 00:00:00+00:00", "End": "2018-04-16 00:00:00+00:00", "Northing": "30° 16' 34.87\" N", "Easting": "031° 30' 56.8\" E", "Google_Map": "https://www.google.com/maps/search/?api=1&query=031° 30' 56.8\" E,30° 16' 34.87\" N", "GL": 153.19, "IL": 151.74, "Depth": 1.4499999999999886, "Manufacturing_Material": "الزهر المرن"}, "geometry": {"type": "Point", "coordinates": [31.515931472572678, 30.27638936640625, 153.19000000000233]}}, {"type": "Feature", "properties": {"ID": "306", "Diameter": 100, "Sectors": "القطاع الثالث عشر", "Implementing_company": "حسن علام", "Start": "2017-07-17 00:00:00+00:00", "End": "2018-04-16 00:00:00+00:00", "Northing": "30° 16' 34.71\" N", "Easting": "031° 31' 23.33\" E", "Google_Map": "https://www.google.com/maps/search/?api=1&query=031° 31' 23.33\" E,30° 16' 34.71\" N", "GL": 152.45000000000002, "IL": 150.63333333333333, "Depth": 1.8166666666666913, "Manufacturing_Material": "الزهر المرن"}, "geometry": {"type": "Point", "coordinates": [31.52329994882508, 30.276343816430803, 151.47000000000116]}}, {"type": "Feature", "properties": {"ID": "307", "Diameter": 200, "Sectors": "القطاع الثاني عشر", "Implementing_company": "حسن علام", "Start": "2017-07-17 00:00:00+00:00", "End": "2018-04-16 00:00:00+00:00", "Northing": "30° 16' 34.58\" N", "Easting": "031° 31' 47.14\" E", "Google_Map": "https://www.google.com/maps/search/?api=1&query=031° 31' 47.14\" E,30° 16' 34.58\" N", "GL": 156.315, "IL": 154.865, "Depth": 1.4499999999999886, "Manufacturing_Material": "الزهر المرن"}, "geometry": {"type": "Point", "coordinates": [31.52991575611776, 30.276310155910505, 158.0399999999936]}}, {"type": "Feature", "properties": {"ID": "308", "Diameter": 100, "Sectors": "القطاع الثاني عشر", "Implementing_company": "حسن علام", "Start": "2017-07-17 00:00:00+00:00", "End": "2018-04-16 00:00:00+00:00", "Northing": "30° 16' 34.89\" N", "Easting": "031° 31' 41.17\" E", "Google_Map": "https://www.google.com/maps/search/?api=1&query=031° 31' 41.17\" E,30° 16' 34.89\" N", "GL": 156.52, "IL": 155.07, "Depth": 1.450000000000017, "Manufacturing_Material": "الزهر المرن"}, "geometry": {"type": "Point", "coordinates": [31.528255331928666, 30.27639381357854, 155.52000000000407]}}, {"type": "Feature", "properties": {"ID": "309", "Diameter": 50, "Sectors": "القطاع الثالث عشر", "Implementing_company": "حسن علام", "Start": "2017-07-17 00:00:00+00:00", "End": "2018-04-16 00:00:00+00:00", "Northing": "30° 16' 34.98\" N", "Easting": "031° 31' 9.46\" E", "Google_Map": "https://www.google.com/maps/search/?api=1&query=031° 31' 9.46\" E,30° 16' 34.98\" N", "GL": 150.77, "IL": 149.32, "Depth": 1.450000000000017, "Manufacturing_Material": "الزهر المرن"}, "geometry": {"type": "Point", "coordinates": [31.519449695422157, 30.27642127719598, 150.77000000000407]}}, {"type": "Feature", "properties": {"ID": "310", "Diameter": 50, "Sectors": "القطاع الثالث عشر", "Implementing_company": "حسن علام", "Start": "2017-07-17 00:00:00+00:00", "End": "2018-04-16 00:00:00+00:00", "Northing": "30° 16' 35.12\" N", "Easting": "031° 31' 27.73\" E", "Google_Map": "https://www.google.com/maps/search/?api=1&query=031° 31' 27.73\" E,30° 16' 35.12\" N", "GL": 151.79, "IL": 150.34, "Depth": 1.4499999999999886, "Manufacturing_Material": "الزهر المرن"}, "geometry": {"type": "Point", "coordinates": [31.52452360146997, 30.27645929006304, 151.7899999999936]}}, {"type": "Feature", "properties": {"ID": "311", "Diameter": 50, "Sectors": "القطاع الثالث عشر", "Implementing_company": "حسن علام", "Start": "2017-07-17 00:00:00+00:00", "End": "2018-04-16 00:00:00+00:00", "Northing": "30° 16' 35.2\" N", "Easting": "031° 31' 27.94\" E", "Google_Map": "https://www.google.com/maps/search/?api=1&query=031° 31' 27.94\" E,30° 16' 35.2\" N", "GL": 151.79, "IL": 150.34, "Depth": 1.4499999999999886, "Manufacturing_Material": "الزهر المرن"}, "geometry": {"type": "Point", "coordinates": [31.524582578634508, 30.276479742602525, 151.7899999999936]}}, {"type": "Feature", "properties": {"ID": "312", "Diameter": 50, "Sectors": "القطاع الثاني عشر", "Implementing_company": "حسن علام", "Start": "2017-07-17 00:00:00+00:00", "End": "2018-04-16 00:00:00+00:00", "Northing": "30° 16' 35.16\" N", "Easting": "031° 31' 42.44\" E", "Google_Map": "https://www.google.com/maps/search/?api=1&query=031° 31' 42.44\" E,30° 16' 35.16\" N", "GL": 156.275, "IL": 154.82500000000002, "Depth": 1.4499999999999886, "Manufacturing_Material": "الزهر المرن"}, "geometry": {"type": "Point", "coordinates": [31.528608077382422, 30.27646898222748, 156.27000000000407]}}, {"type": "Feature", "properties": {"ID": "313", "Diameter": 50, "Sectors": "القطاع الثالث عشر", "Implementing_company": "حسن علام", "Start": "2017-07-17 00:00:00+00:00", "End": "2018-04-16 00:00:00+00:00", "Northing": "30° 16' 35.27\" N", "Easting": "031° 31' 11.87\" E", "Google_Map": "https://www.google.com/maps/search/?api=1&query=031° 31' 11.87\" E,30° 16' 35.27\" N", "GL": 150.8, "IL": 149.35, "Depth": 1.450000000000017, "Manufacturing_Material": "الزهر المرن"}, "geometry": {"type": "Point", "coordinates": [31.520117257423152, 30.276501693746436, 150.8000000000029]}}, {"type": "Feature", "properties": {"ID": "314", "Diameter": 50, "Sectors": "القطاع الثاني عشر", "Implementing_company": "حسن علام", "Start": "2017-07-17 00:00:00+00:00", "End": "2018-04-16 00:00:00+00:00", "Northing": "30° 16' 35.47\" N", "Easting": "031° 31' 42.29\" E", "Google_Map": "https://www.google.com/maps/search/?api=1&query=031° 31' 42.29\" E,30° 16' 35.47\" N", "GL": 156.275, "IL": 154.82500000000002, "Depth": 1.4499999999999886, "Manufacturing_Material": "الزهر المرن"}, "geometry": {"type": "Point", "coordinates": [31.528568715915974, 30.276556129656914, 156.27000000000407]}}, {"type": "Feature", "properties": {"ID": "315", "Diameter": 50, "Sectors": "القطاع الثالث عشر", "Implementing_company": "حسن علام", "Start": "2017-07-17 00:00:00+00:00", "End": "2018-04-16 00:00:00+00:00", "Northing": "30° 16' 35.65\" N", "Easting": "031° 31' 17.63\" E", "Google_Map": "https://www.google.com/maps/search/?api=1&query=031° 31' 17.63\" E,30° 16' 35.65\" N", "GL": 150.51999999999998, "IL": 149.07, "Depth": 1.4499999999999886, "Manufacturing_Material": "الزهر المرن"}, "geometry": {"type": "Point", "coordinates": [31.521717039480663, 30.276605221514625, 150.41999999999825]}}, {"type": "Feature", "properties": {"ID": "316", "Diameter": 100, "Sectors": "القطاع الثالث عشر", "Implementing_company": "حسن علام", "Start": "2017-07-17 00:00:00+00:00", "End": "2018-04-16 00:00:00+00:00", "Northing": "30° 16' 35.68\" N", "Easting": "031° 31' 16.4\" E", "Google_Map": "https://www.google.com/maps/search/?api=1&query=031° 31' 16.4\" E,30° 16' 35.68\" N", "GL": 150.63333333333335, "IL": 149.1833333333333, "Depth": 1.4500000000000455, "Manufacturing_Material": "الزهر المرن"}, "geometry": {"type": "Point", "coordinates": [31.521376370415094, 30.276613639267342, 150.4600000000064]}}, {"type": "Feature", "properties": {"ID": "317", "Diameter": 100, "Sectors": "القطاع الثالث عشر", "Implementing_company": "حسن علام", "Start": "2017-07-17 00:00:00+00:00", "End": "2018-04-16 00:00:00+00:00", "Northing": "30° 16' 35.72\" N", "Easting": "031° 31' 15.81\" E", "Google_Map": "https://www.google.com/maps/search/?api=1&query=031° 31' 15.81\" E,30° 16' 35.72\" N", "GL": 150.61, "IL": 149.16, "Depth": 1.450000000000017, "Manufacturing_Material": "الزهر المرن"}, "geometry": {"type": "Point", "coordinates": [31.521212546392725, 30.276624425820252, 150.4600000000064]}}, {"type": "Feature", "properties": {"ID": "318", "Diameter": 50, "Sectors": "القطاع الثاني عشر", "Implementing_company": "حسن علام", "Start": "2017-07-17 00:00:00+00:00", "End": "2018-04-16 00:00:00+00:00", "Northing": "30° 16' 35.67\" N", "Easting": "031° 31' 43.71\" E", "Google_Map": "https://www.google.com/maps/search/?api=1&query=031° 31' 43.71\" E,30° 16' 35.67\" N", "GL": 156.715, "IL": 155.265, "Depth": 1.450000000000017, "Manufacturing_Material": "الزهر المرن"}, "geometry": {"type": "Point", "coordinates": [31.528962884122866, 30.276610702681655, 156.7100000000064]}}, {"type": "Feature", "properties": {"ID": "319", "Diameter": 50, "Sectors": "القطاع الثاني عشر", "Implementing_company": "حسن علام", "Start": "2017-07-17 00:00:00+00:00", "End": "2018-04-16 00:00:00+00:00", "Northing": "30° 16' 35.73\" N", "Easting": "031° 31' 32.46\" E", "Google_Map": "https://www.google.com/maps/search/?api=1&query=031° 31' 32.46\" E,30° 16' 35.73\" N", "GL": 151.6, "IL": 150.15, "Depth": 1.4499999999999886, "Manufacturing_Material": "الزهر المرن"}, "geometry": {"type": "Point", "coordinates": [31.525836656962383, 30.276627519835554, 151.66999999999825]}}, {"type": "Feature", "properties": {"ID": "320", "Diameter": 100, "Sectors": "القطاع الثاني عشر", "Implementing_company": "حسن علام", "Start": "2017-07-17 00:00:00+00:00", "End": "2018-04-16 00:00:00+00:00", "Northing": "30° 16' 35.83\" N", "Easting": "031° 31' 32.25\" E", "Google_Map": "https://www.google.com/maps/search/?api=1&query=031° 31' 32.25\" E,30° 16' 35.83\" N", "GL": 151.58999999999997, "IL": 150.14000000000001, "Depth": 1.4499999999999602, "Manufacturing_Material": "الزهر المرن"}, "geometry": {"type": "Point", "coordinates": [31.525780075872376, 30.276657221034277, 151.66999999999825]}}, {"type": "Feature", "properties": {"ID": "321", "Diameter": 50, "Sectors": "القطاع الثاني عشر", "Implementing_company": "حسن علام", "Start": "2017-07-17 00:00:00+00:00", "End": "2018-04-16 00:00:00+00:00", "Northing": "30° 16' 35.84\" N", "Easting": "031° 31' 43.62\" E", "Google_Map": "https://www.google.com/maps/search/?api=1&query=031° 31' 43.62\" E,30° 16' 35.84\" N", "GL": 156.715, "IL": 155.265, "Depth": 1.450000000000017, "Manufacturing_Material": "الزهر المرن"}, "geometry": {"type": "Point", "coordinates": [31.528936797434802, 30.27665992608968, 156.7100000000064]}}, {"type": "Feature", "properties": {"ID": "322", "Diameter": 50, "Sectors": "القطاع الثالث عشر", "Implementing_company": "حسن علام", "Start": "2017-07-17 00:00:00+00:00", "End": "2018-04-16 00:00:00+00:00", "Northing": "30° 16' 35.94\" N", "Easting": "031° 31' 20.1\" E", "Google_Map": "https://www.google.com/maps/search/?api=1&query=031° 31' 20.1\" E,30° 16' 35.94\" N", "GL": 150.32, "IL": 148.87, "Depth": 1.4499999999999886, "Manufacturing_Material": "الزهر المرن"}, "geometry": {"type": "Point", "coordinates": [31.522405176196404, 30.276687202499076, 150.25999999999476]}}, {"type": "Feature", "properties": {"ID": "323", "Diameter": 50, "Sectors": "القطاع الثالث عشر", "Implementing_company": "حسن علام", "Start": "2017-07-17 00:00:00+00:00", "End": "2018-04-16 00:00:00+00:00", "Northing": "30° 16' 35.99\" N", "Easting": "031° 31' 17.58\" E", "Google_Map": "https://www.google.com/maps/search/?api=1&query=031° 31' 17.58\" E,30° 16' 35.99\" N", "GL": 150.51999999999998, "IL": 149.07, "Depth": 1.4499999999999886, "Manufacturing_Material": "الزهر المرن"}, "geometry": {"type": "Point", "coordinates": [31.521704497536916, 30.276701118329836, 150.41999999999825]}}, {"type": "Feature", "properties": {"ID": "324", "Diameter": 50, "Sectors": "القطاع الثالث عشر", "Implementing_company": "حسن علام", "Start": "2017-07-17 00:00:00+00:00", "End": "2018-04-16 00:00:00+00:00", "Northing": "30° 16' 35.99\" N", "Easting": "031° 31' 27.49\" E", "Google_Map": "https://www.google.com/maps/search/?api=1&query=031° 31' 27.49\" E,30° 16' 35.99\" N", "GL": 151.31, "IL": 149.86, "Depth": 1.4499999999999886, "Manufacturing_Material": "الزهر المرن"}, "geometry": {"type": "Point", "coordinates": [31.524455902094992, 30.276701485982045, 151.30999999999767]}}, {"type": "Feature", "properties": {"ID": "325", "Diameter": 50, "Sectors": "القطاع الثاني عشر", "Implementing_company": "حسن علام", "Start": "2017-07-17 00:00:00+00:00", "End": "2018-04-16 00:00:00+00:00", "Northing": "30° 16' 35.96\" N", "Easting": "031° 31' 44.74\" E", "Google_Map": "https://www.google.com/maps/search/?api=1&query=031° 31' 44.74\" E,30° 16' 35.96\" N", "GL": 157.16, "IL": 155.71, "Depth": 1.4499999999999886, "Manufacturing_Material": "الزهر المرن"}, "geometry": {"type": "Point", "coordinates": [31.529249254714582, 30.276690791837193, 157.52000000000407]}}, {"type": "Feature", "properties": {"ID": "326", "Diameter": 50, "Sectors": "القطاع الثاني عشر", "Implementing_company": "حسن علام", "Start": "2017-07-17 00:00:00+00:00", "End": "2018-04-16 00:00:00+00:00", "Northing": "30° 16' 36.04\" N", "Easting": "031° 31' 32.32\" E", "Google_Map": "https://www.google.com/maps/search/?api=1&query=031° 31' 32.32\" E,30° 16' 36.04\" N", "GL": 151.6, "IL": 150.15, "Depth": 1.4499999999999886, "Manufacturing_Material": "الزهر المرن"}, "geometry": {"type": "Point", "coordinates": [31.52579861218086, 30.276713754606057, 151.7899999999936]}}, {"type": "Feature", "properties": {"ID": "327", "Diameter": 50, "Sectors": "القطاع الثالث عشر", "Implementing_company": "حسن علام", "Start": "2017-07-17 00:00:00+00:00", "End": "2018-04-16 00:00:00+00:00", "Northing": "30° 16' 36.13\" N", "Easting": "031° 31' 27.42\" E", "Google_Map": "https://www.google.com/maps/search/?api=1&query=031° 31' 27.42\" E,30° 16' 36.13\" N", "GL": 151.96, "IL": 150.51, "Depth": 1.450000000000017, "Manufacturing_Material": "الزهر المرن"}, "geometry": {"type": "Point", "coordinates": [31.524438116626943, 30.27673926714449, 151.22000000000116]}}, {"type": "Feature", "properties": {"ID": "328", "Diameter": 50, "Sectors": "القطاع الثاني عشر", "Implementing_company": "حسن علام", "Start": "2017-07-17 00:00:00+00:00", "End": "2018-04-16 00:00:00+00:00", "Northing": "30° 16' 36.18\" N", "Easting": "031° 31' 33.6\" E", "Google_Map": "https://www.google.com/maps/search/?api=1&query=031° 31' 33.6\" E,30° 16' 36.18\" N", "GL": 151.655, "IL": 150.20499999999998, "Depth": 1.450000000000017, "Manufacturing_Material": "الزهر المرن"}, "geometry": {"type": "Point", "coordinates": [31.52615274302432, 30.276754311972855, 151.69000000000233]}}, {"type": "Feature", "properties": {"ID": "329", "Diameter": 50, "Sectors": "القطاع الثالث عشر", "Implementing_company": "حسن علام", "Start": "2017-07-17 00:00:00+00:00", "End": "2018-04-16 00:00:00+00:00", "Northing": "30° 16' 36.29\" N", "Easting": "031° 31' 20.05\" E", "Google_Map": "https://www.google.com/maps/search/?api=1&query=031° 31' 20.05\" E,30° 16' 36.29\" N", "GL": 150.32, "IL": 148.87, "Depth": 1.4499999999999886, "Manufacturing_Material": "الزهر المرن"}, "geometry": {"type": "Point", "coordinates": [31.522390910331556, 30.276783418348536, 150.25999999999476]}}, {"type": "Feature", "properties": {"ID": "330", "Diameter": 100, "Sectors": "القطاع الثاني عشر", "Implementing_company": "حسن علام", "Start": "2017-07-17 00:00:00+00:00", "End": "2018-04-16 00:00:00+00:00", "Northing": "30° 16' 36.2\" N", "Easting": "031° 31' 44.87\" E", "Google_Map": "https://www.google.com/maps/search/?api=1&query=031° 31' 44.87\" E,30° 16' 36.2\" N", "GL": 156.52, "IL": 155.07, "Depth": 1.450000000000017, "Manufacturing_Material": "الزهر المرن"}, "geometry": {"type": "Point", "coordinates": [31.52928512584259, 30.276759839390895, 157.52000000000407]}}, {"type": "Feature", "properties": {"ID": "331", "Diameter": 50, "Sectors": "القطاع الثالث عشر", "Implementing_company": "حسن علام", "Start": "2017-07-17 00:00:00+00:00", "End": "2018-04-16 00:00:00+00:00", "Northing": "30° 16' 36.32\" N", "Easting": "031° 31' 22.46\" E", "Google_Map": "https://www.google.com/maps/search/?api=1&query=031° 31' 22.46\" E,30° 16' 36.32\" N", "GL": 150.355, "IL": 148.905, "Depth": 1.4499999999999886, "Manufacturing_Material": "الزهر المرن"}, "geometry": {"type": "Point", "coordinates": [31.52305987142238, 30.276793099274904, 150.3000000000029]}}, {"type": "Feature", "properties": {"ID": "332", "Diameter": 50, "Sectors": "القطاع الثاني عشر", "Implementing_company": "حسن علام", "Start": "2017-07-17 00:00:00+00:00", "End": "2018-04-16 00:00:00+00:00", "Northing": "30° 16' 36.28\" N", "Easting": "031° 31' 44.59\" E", "Google_Map": "https://www.google.com/maps/search/?api=1&query=031° 31' 44.59\" E,30° 16' 36.28\" N", "GL": 157.16, "IL": 155.71, "Depth": 1.4499999999999886, "Manufacturing_Material": "الزهر المرن"}, "geometry": {"type": "Point", "coordinates": [31.529208007324037, 30.276781609386905, 157.25]}}, {"type": "Feature", "properties": {"ID": "333", "Diameter": 50, "Sectors": "القطاع الثاني عشر", "Implementing_company": "حسن علام", "Start": "2017-07-17 00:00:00+00:00", "End": "2018-04-16 00:00:00+00:00", "Northing": "30° 16' 36.36\" N", "Easting": "031° 31' 33.5\" E", "Google_Map": "https://www.google.com/maps/search/?api=1&query=031° 31' 33.5\" E,30° 16' 36.36\" N", "GL": 151.655, "IL": 150.20499999999998, "Depth": 1.450000000000017, "Manufacturing_Material": "الزهر المرن"}, "geometry": {"type": "Point", "coordinates": [31.52612569193042, 30.27680459860395, 151.69000000000233]}}, {"type": "Feature", "properties": {"ID": "334", "Diameter": 50, "Sectors": "القطاع الثالث عشر", "Implementing_company": "حسن علام", "Start": "2017-07-17 00:00:00+00:00", "End": "2018-04-16 00:00:00+00:00", "Northing": "30° 16' 36.5\" N", "Easting": "031° 31' 22.44\" E", "Google_Map": "https://www.google.com/maps/search/?api=1&query=031° 31' 22.44\" E,30° 16' 36.5\" N", "GL": 150.355, "IL": 148.905, "Depth": 1.4499999999999886, "Manufacturing_Material": "الزهر المرن"}, "geometry": {"type": "Point", "coordinates": [31.52305341739262, 30.276843352747697, 150.3000000000029]}}, {"type": "Feature", "properties": {"ID": "335", "Diameter": 50, "Sectors": "القطاع الثاني عشر", "Implementing_company": "حسن علام", "Start": "2017-07-17 00:00:00+00:00", "End": "2018-04-16 00:00:00+00:00", "Northing": "30° 16' 36.81\" N", "Easting": "031° 31' 34.63\" E", "Google_Map": "https://www.google.com/maps/search/?api=1&query=031° 31' 34.63\" E,30° 16' 36.81\" N", "GL": 151.57999999999998, "IL": 150.13, "Depth": 1.4499999999999886, "Manufacturing_Material": "الزهر المرن"}, "geometry": {"type": "Point", "coordinates": [31.526440165950326, 30.276928076987804, 151.52000000000407]}}, {"type": "Feature", "properties": {"ID": "336", "Diameter": 100, "Sectors": "القطاع الثالث عشر", "Implementing_company": "حسن علام", "Start": "2017-07-17 00:00:00+00:00", "End": "2018-04-16 00:00:00+00:00", "Northing": "30° 16' 36.87\" N", "Easting": "031° 31' 2.71\" E", "Google_Map": "https://www.google.com/maps/search/?api=1&query=031° 31' 2.71\" E,30° 16' 36.87\" N", "GL": 152.9, "IL": 151.45, "Depth": 1.450000000000017, "Manufacturing_Material": "الزهر المرن"}, "geometry": {"type": "Point", "coordinates": [31.517572143484156, 30.27694452801298, 152.89999999999418]}}, {"type": "Feature", "properties": {"ID": "337", "Diameter": 50, "Sectors": "القطاع الثاني عشر", "Implementing_company": "حسن علام", "Start": "2017-07-17 00:00:00+00:00", "End": "2018-04-16 00:00:00+00:00", "Northing": "30° 16' 36.58\" N", "Easting": "031° 31' 36.27\" E", "Google_Map": "https://www.google.com/maps/search/?api=1&query=031° 31' 36.27\" E,30° 16' 36.58\" N", "GL": 151.78, "IL": 150.33, "Depth": 1.4499999999999886, "Manufacturing_Material": "الزهر المرن"}, "geometry": {"type": "Point", "coordinates": [31.526895982560358, 30.27686359579755, 151.77999999999884]}}, {"type": "Feature", "properties": {"ID": "338", "Diameter": 200, "Sectors": "القطاع الثاني عشر", "Implementing_company": "حسن علام", "Start": "2017-07-17 00:00:00+00:00", "End": "2018-04-16 00:00:00+00:00", "Northing": "30° 16' 36.54\" N", "Easting": "031° 31' 52.75\" E", "Google_Map": "https://www.google.com/maps/search/?api=1&query=031° 31' 52.75\" E,30° 16' 36.54\" N", "GL": 158.255, "IL": 156.805, "Depth": 1.4499999999999886, "Manufacturing_Material": "الزهر المرن"}, "geometry": {"type": "Point", "coordinates": [31.531473701420765, 30.276853231554718, 159.5500000000029]}}, {"type": "Feature", "properties": {"ID": "339", "Diameter": 100, "Sectors": "القطاع الثاني عشر", "Implementing_company": "حسن علام", "Start": "2017-07-17 00:00:00+00:00", "End": "2018-04-16 00:00:00+00:00", "Northing": "30° 16' 36.7\" N", "Easting": "031° 31' 52.56\" E", "Google_Map": "https://www.google.com/maps/search/?api=1&query=031° 31' 52.56\" E,30° 16' 36.7\" N", "GL": 157.23999999999998, "IL": 155.79, "Depth": 1.4499999999999886, "Manufacturing_Material": "الزهر المرن"}, "geometry": {"type": "Point", "coordinates": [31.531421900877845, 30.27689766786647, 159.41999999999825]}}, {"type": "Feature", "properties": {"ID": "340", "Diameter": 50, "Sectors": "القطاع الثاني عشر", "Implementing_company": "حسن علام", "Start": "2017-07-17 00:00:00+00:00", "End": "2018-04-16 00:00:00+00:00", "Northing": "30° 16' 36.81\" N", "Easting": "031° 31' 34.63\" E", "Google_Map": "https://www.google.com/maps/search/?api=1&query=031° 31' 34.63\" E,30° 16' 36.81\" N", "GL": 151.57999999999998, "IL": 150.13, "Depth": 1.4499999999999886, "Manufacturing_Material": "الزهر المرن"}, "geometry": {"type": "Point", "coordinates": [31.526440165950326, 30.276928076987804, 151.52000000000407]}}, {"type": "Feature", "properties": {"ID": "341", "Diameter": 50, "Sectors": "القطاع الثالث عشر", "Implementing_company": "حسن علام", "Start": "2017-07-17 00:00:00+00:00", "End": "2018-04-16 00:00:00+00:00", "Northing": "30° 16' 36.7\" N", "Easting": "031° 31' 24.89\" E", "Google_Map": "https://www.google.com/maps/search/?api=1&query=031° 31' 24.89\" E,30° 16' 36.7\" N", "GL": 150.54, "IL": 149.09, "Depth": 1.4499999999999886, "Manufacturing_Material": "الزهر المرن"}, "geometry": {"type": "Point", "coordinates": [31.52373424942089, 30.27689649486283, 150.5399999999936]}}, {"type": "Feature", "properties": {"ID": "342", "Diameter": 50, "Sectors": "القطاع الثالث عشر", "Implementing_company": "حسن علام", "Start": "2017-07-17 00:00:00+00:00", "End": "2018-04-16 00:00:00+00:00", "Northing": "30° 16' 37.09\" N", "Easting": "031° 31' 2.68\" E", "Google_Map": "https://www.google.com/maps/search/?api=1&query=031° 31' 2.68\" E,30° 16' 37.09\" N", "GL": 152.66, "IL": 151.21, "Depth": 1.4499999999999886, "Manufacturing_Material": "الزهر المرن"}, "geometry": {"type": "Point", "coordinates": [31.517563825902077, 30.27700482297151, 152.6600000000035]}}, {"type": "Feature", "properties": {"ID": "343", "Diameter": 100, "Sectors": "القطاع الثاني عشر", "Implementing_company": "حسن علام", "Start": "2017-07-17 00:00:00+00:00", "End": "2018-04-16 00:00:00+00:00", "Northing": "30° 16' 37.09\" N", "Easting": "031° 31' 36.04\" E", "Google_Map": "https://www.google.com/maps/search/?api=1&query=031° 31' 36.04\" E,30° 16' 37.09\" N", "GL": 153.475, "IL": 152.025, "Depth": 1.4499999999999886, "Manufacturing_Material": "الزهر المرن"}, "geometry": {"type": "Point", "coordinates": [31.52683141713383, 30.277006994544895, 151.38999999999942]}}, {"type": "Feature", "properties": {"ID": "344", "Diameter": 50, "Sectors": "القطاع الثالث عشر", "Implementing_company": "حسن علام", "Start": "2017-07-17 00:00:00+00:00", "End": "2018-04-16 00:00:00+00:00", "Northing": "30° 16' 36.99\" N", "Easting": "031° 31' 27.31\" E", "Google_Map": "https://www.google.com/maps/search/?api=1&query=031° 31' 27.31\" E,30° 16' 36.99\" N", "GL": 150.71, "IL": 149.26, "Depth": 1.450000000000017, "Manufacturing_Material": "الزهر المرن"}, "geometry": {"type": "Point", "coordinates": [31.524405289265836, 30.276977713593276, 150.7100000000064]}}, {"type": "Feature", "properties": {"ID": "345", "Diameter": 50, "Sectors": "القطاع الثالث عشر", "Implementing_company": "حسن علام", "Start": "2017-07-17 00:00:00+00:00", "End": "2018-04-16 00:00:00+00:00", "Northing": "30° 16' 37.23\" N", "Easting": "031° 31' 2.66\" E", "Google_Map": "https://www.google.com/maps/search/?api=1&query=031° 31' 2.66\" E,30° 16' 37.23\" N", "GL": 152.62, "IL": 151.17, "Depth": 1.450000000000017, "Manufacturing_Material": "الزهر المرن"}, "geometry": {"type": "Point", "coordinates": [31.517558475070157, 30.277043607733898, 152.61999999999534]}}, {"type": "Feature", "properties": {"ID": "346", "Diameter": 100, "Sectors": "القطاع الثالث عشر", "Implementing_company": "حسن علام", "Start": "2017-07-17 00:00:00+00:00", "End": "2018-04-16 00:00:00+00:00", "Northing": "30° 16' 37.43\" N", "Easting": "031° 31' 7.09\" E", "Google_Map": "https://www.google.com/maps/search/?api=1&query=031° 31' 7.09\" E,30° 16' 37.43\" N", "GL": 151.675, "IL": 150.58, "Depth": 1.0949999999999989, "Manufacturing_Material": "الزهر المرن"}, "geometry": {"type": "Point", "coordinates": [31.518791384306525, 30.27710052591962, 151.32000000000698]}}, {"type": "Feature", "properties": {"ID": "347", "Diameter": 100, "Sectors": "القطاع الثالث عشر", "Implementing_company": "حسن علام", "Start": "2017-07-17 00:00:00+00:00", "End": "2018-04-16 00:00:00+00:00", "Northing": "30° 16' 37.3\" N", "Easting": "031° 31' 29.87\" E", "Google_Map": "https://www.google.com/maps/search/?api=1&query=031° 31' 29.87\" E,30° 16' 37.3\" N", "GL": 150.63333333333335, "IL": 149.1833333333333, "Depth": 1.4500000000000455, "Manufacturing_Material": "الزهر المرن"}, "geometry": {"type": "Point", "coordinates": [31.52511887622874, 30.27706407788973, 150.85000000000582]}}, {"type": "Feature", "properties": {"ID": "348", "Diameter": 50, "Sectors": "القطاع الثالث عشر", "Implementing_company": "حسن علام", "Start": "2017-07-17 00:00:00+00:00", "End": "2018-04-16 00:00:00+00:00", "Northing": "30° 16' 37.64\" N", "Easting": "031° 31' 7.07\" E", "Google_Map": "https://www.google.com/maps/search/?api=1&query=031° 31' 7.07\" E,30° 16' 37.64\" N", "GL": 151.44, "IL": 149.99, "Depth": 1.4499999999999886, "Manufacturing_Material": "الزهر المرن"}, "geometry": {"type": "Point", "coordinates": [31.518783453474335, 30.27715793464972, 151.44000000000233]}}, {"type": "Feature", "properties": {"ID": "349", "Diameter": 100, "Sectors": "القطاع الثالث عشر", "Implementing_company": "حسن علام", "Start": "2017-07-17 00:00:00+00:00", "End": "2018-04-16 00:00:00+00:00", "Northing": "30° 16' 37.76\" N", "Easting": "031° 31' 11.32\" E", "Google_Map": "https://www.google.com/maps/search/?api=1&query=031° 31' 11.32\" E,30° 16' 37.76\" N", "GL": 149.975, "IL": 148.525, "Depth": 1.4499999999999886, "Manufacturing_Material": "الزهر المرن"}, "geometry": {"type": "Point", "coordinates": [31.519965577155677, 30.27719330422795, 150.10000000000582]}}, {"type": "Feature", "properties": {"ID": "350", "Diameter": 50, "Sectors": "القطاع الثالث عشر", "Implementing_company": "حسن علام", "Start": "2017-07-17 00:00:00+00:00", "End": "2018-04-16 00:00:00+00:00", "Northing": "30° 16' 37.79\" N", "Easting": "031° 31' 7.05\" E", "Google_Map": "https://www.google.com/maps/search/?api=1&query=031° 31' 7.05\" E,30° 16' 37.79\" N", "GL": 151.46, "IL": 150.01, "Depth": 1.450000000000017, "Manufacturing_Material": "الزهر المرن"}, "geometry": {"type": "Point", "coordinates": [31.518777737396526, 30.27719931428142, 151.4600000000064]}}, {"type": "Feature", "properties": {"ID": "351", "Diameter": 100, "Sectors": "القطاع الثاني عشر", "Implementing_company": "حسن علام", "Start": "2017-07-17 00:00:00+00:00", "End": "2018-04-16 00:00:00+00:00", "Northing": "30° 16' 37.56\" N", "Easting": "031° 31' 41.53\" E", "Google_Map": "https://www.google.com/maps/search/?api=1&query=031° 31' 41.53\" E,30° 16' 37.56\" N", "GL": 155.57, "IL": 154.12, "Depth": 1.4499999999999886, "Manufacturing_Material": "الزهر المرن"}, "geometry": {"type": "Point", "coordinates": [31.528357558959232, 30.277137410018792, 155.57000000000698]}}, {"type": "Feature", "properties": {"ID": "352", "Diameter": 50, "Sectors": "القطاع الثاني عشر", "Implementing_company": "حسن علام", "Start": "2017-07-17 00:00:00+00:00", "End": "2018-04-16 00:00:00+00:00", "Northing": "30° 16' 37.66\" N", "Easting": "031° 31' 45.65\" E", "Google_Map": "https://www.google.com/maps/search/?api=1&query=031° 31' 45.65\" E,30° 16' 37.66\" N", "GL": 156.315, "IL": 154.865, "Depth": 1.4499999999999886, "Manufacturing_Material": "الزهر المرن"}, "geometry": {"type": "Point", "coordinates": [31.52950003171246, 30.277164274450783, 158.8000000000029]}}, {"type": "Feature", "properties": {"ID": "353", "Diameter": 50, "Sectors": "القطاع الثالث عشر", "Implementing_company": "حسن علام", "Start": "2017-07-17 00:00:00+00:00", "End": "2018-04-16 00:00:00+00:00", "Northing": "30° 16' 38.0\" N", "Easting": "031° 31' 11.29\" E", "Google_Map": "https://www.google.com/maps/search/?api=1&query=031° 31' 11.29\" E,30° 16' 38.0\" N", "GL": 150.27, "IL": 148.82, "Depth": 1.450000000000017, "Manufacturing_Material": "الزهر المرن"}, "geometry": {"type": "Point", "coordinates": [31.51995646555281, 30.277259249254787, 150.27000000000407]}}, {"type": "Feature", "properties": {"ID": "354", "Diameter": 50, "Sectors": "القطاع الثالث عشر", "Implementing_company": "حسن علام", "Start": "2017-07-17 00:00:00+00:00", "End": "2018-04-16 00:00:00+00:00", "Northing": "30° 16' 38.05\" N", "Easting": "031° 31' 2.42\" E", "Google_Map": "https://www.google.com/maps/search/?api=1&query=031° 31' 2.42\" E,30° 16' 38.05\" N", "GL": 152.995, "IL": 151.54500000000002, "Depth": 1.4499999999999886, "Manufacturing_Material": "الزهر المرن"}, "geometry": {"type": "Point", "coordinates": [31.517493003322137, 30.27727235984644, 152.97000000000116]}}, {"type": "Feature", "properties": {"ID": "355", "Diameter": 50, "Sectors": "القطاع الثالث عشر", "Implementing_company": "حسن علام", "Start": "2017-07-17 00:00:00+00:00", "End": "2018-04-16 00:00:00+00:00", "Northing": "30° 16' 38.06\" N", "Easting": "031° 31' 2.65\" E", "Google_Map": "https://www.google.com/maps/search/?api=1&query=031° 31' 2.65\" E,30° 16' 38.06\" N", "GL": 152.995, "IL": 151.54500000000002, "Depth": 1.4499999999999886, "Manufacturing_Material": "الزهر المرن"}, "geometry": {"type": "Point", "coordinates": [31.517557843037533, 30.277276893854243, 152.97000000000116]}}, {"type": "Feature", "properties": {"ID": "356", "Diameter": 50, "Sectors": "القطاع الثالث عشر", "Implementing_company": "حسن علام", "Start": "2017-07-17 00:00:00+00:00", "End": "2018-04-16 00:00:00+00:00", "Northing": "30° 16' 38.14\" N", "Easting": "031° 31' 11.27\" E", "Google_Map": "https://www.google.com/maps/search/?api=1&query=031° 31' 11.27\" E,30° 16' 38.14\" N", "GL": 150.17, "IL": 148.72, "Depth": 1.4499999999999886, "Manufacturing_Material": "الزهر المرن"}, "geometry": {"type": "Point", "coordinates": [31.519951244448375, 30.27729703232478, 150.16999999999825]}}, {"type": "Feature", "properties": {"ID": "357", "Diameter": 100, "Sectors": "القطاع الثالث عشر", "Implementing_company": "حسن علام", "Start": "2017-07-17 00:00:00+00:00", "End": "2018-04-16 00:00:00+00:00", "Northing": "30° 16' 38.78\" N", "Easting": "031° 31' 18.44\" E", "Google_Map": "https://www.google.com/maps/search/?api=1&query=031° 31' 18.44\" E,30° 16' 38.78\" N", "GL": 147.85500000000002, "IL": 145.4, "Depth": 2.4550000000000125, "Manufacturing_Material": "الزهر المرن"}, "geometry": {"type": "Point", "coordinates": [31.52194401375087, 30.277476319349294, 148.86000000000058]}}, {"type": "Feature", "properties": {"ID": "358", "Diameter": 100, "Sectors": "القطاع الثاني عشر", "Implementing_company": "حسن علام", "Start": "2017-07-17 00:00:00+00:00", "End": "2018-04-16 00:00:00+00:00", "Northing": "30° 16' 38.28\" N", "Easting": "031° 31' 43.82\" E", "Google_Map": "https://www.google.com/maps/search/?api=1&query=031° 31' 43.82\" E,30° 16' 38.28\" N", "GL": 157.69, "IL": 156.24, "Depth": 1.4499999999999886, "Manufacturing_Material": "الزهر المرن"}, "geometry": {"type": "Point", "coordinates": [31.528992965696585, 30.27733533349647, 157.69000000000233]}}, {"type": "Feature", "properties": {"ID": "359", "Diameter": 50, "Sectors": "القطاع الثالث عشر", "Implementing_company": "حسن علام", "Start": "2017-07-17 00:00:00+00:00", "End": "2018-04-16 00:00:00+00:00", "Northing": "30° 16' 38.53\" N", "Easting": "031° 31' 6.83\" E", "Google_Map": "https://www.google.com/maps/search/?api=1&query=031° 31' 6.83\" E,30° 16' 38.53\" N", "GL": 151.70999999999998, "IL": 150.26, "Depth": 1.4499999999999886, "Manufacturing_Material": "الزهر المرن"}, "geometry": {"type": "Point", "coordinates": [31.518717140126533, 30.277404810092392, 151.6600000000035]}}, {"type": "Feature", "properties": {"ID": "360", "Diameter": 50, "Sectors": "القطاع الثالث عشر", "Implementing_company": "حسن علام", "Start": "2017-07-17 00:00:00+00:00", "End": "2018-04-16 00:00:00+00:00", "Northing": "30° 16' 38.54\" N", "Easting": "031° 31' 7.06\" E", "Google_Map": "https://www.google.com/maps/search/?api=1&query=031° 31' 7.06\" E,30° 16' 38.54\" N", "GL": 151.70999999999998, "IL": 150.26, "Depth": 1.4499999999999886, "Manufacturing_Material": "الزهر المرن"}, "geometry": {"type": "Point", "coordinates": [31.518781880350755, 30.277409965396227, 151.6600000000035]}}, {"type": "Feature", "properties": {"ID": "361", "Diameter": 100, "Sectors": "القطاع الثالث عشر", "Implementing_company": "حسن علام", "Start": "2017-07-17 00:00:00+00:00", "End": "2018-04-16 00:00:00+00:00", "Northing": "30° 16' 38.45\" N", "Easting": "031° 31' 29.43\" E", "Google_Map": "https://www.google.com/maps/search/?api=1&query=031° 31' 29.43\" E,30° 16' 38.45\" N", "GL": 148.12, "IL": 146.67, "Depth": 1.450000000000017, "Manufacturing_Material": "الزهر المرن"}, "geometry": {"type": "Point", "coordinates": [31.52499421816043, 30.277384722110646, 150.47999999999593]}}, {"type": "Feature", "properties": {"ID": "362", "Diameter": 50, "Sectors": "القطاع الثالث عشر", "Implementing_company": "حسن علام", "Start": "2017-07-17 00:00:00+00:00", "End": "2018-04-16 00:00:00+00:00", "Northing": "30° 16' 38.74\" N", "Easting": "031° 31' 18.45\" E", "Google_Map": "https://www.google.com/maps/search/?api=1&query=031° 31' 18.45\" E,30° 16' 38.74\" N", "GL": 148.865, "IL": 147.41, "Depth": 1.4550000000000125, "Manufacturing_Material": "الزهر المرن"}, "geometry": {"type": "Point", "coordinates": [31.521946172967848, 30.277463446676343, 148.86000000000058]}}, {"type": "Feature", "properties": {"ID": "363", "Diameter": 100, "Sectors": "القطاع الثاني عشر", "Implementing_company": "حسن علام", "Start": "2017-07-17 00:00:00+00:00", "End": "2018-04-16 00:00:00+00:00", "Northing": "30° 16' 38.64\" N", "Easting": "031° 31' 51.71\" E", "Google_Map": "https://www.google.com/maps/search/?api=1&query=031° 31' 51.71\" E,30° 16' 38.64\" N", "GL": 160.76500000000001, "IL": 159.315, "Depth": 1.450000000000017, "Manufacturing_Material": "الزهر المرن"}, "geometry": {"type": "Point", "coordinates": [31.531185519817498, 30.277435301088364, 159.3000000000029]}}, {"type": "Feature", "properties": {"ID": "364", "Diameter": 50, "Sectors": "القطاع الثالث عشر", "Implementing_company": "حسن علام", "Start": "2017-07-17 00:00:00+00:00", "End": "2018-04-16 00:00:00+00:00", "Northing": "30° 16' 38.84\" N", "Easting": "031° 31' 18.44\" E", "Google_Map": "https://www.google.com/maps/search/?api=1&query=031° 31' 18.44\" E,30° 16' 38.84\" N", "GL": 148.79, "IL": 147.34, "Depth": 1.4499999999999886, "Manufacturing_Material": "الزهر المرن"}, "geometry": {"type": "Point", "coordinates": [31.52194210023034, 30.277492419472217, 148.7899999999936]}}, {"type": "Feature", "properties": {"ID": "365", "Diameter": 100, "Sectors": "القطاع الثالث عشر", "Implementing_company": "حسن علام", "Start": "2017-07-17 00:00:00+00:00", "End": "2018-04-16 00:00:00+00:00", "Northing": "30° 16' 38.98\" N", "Easting": "031° 30' 51.82\" E", "Google_Map": "https://www.google.com/maps/search/?api=1&query=031° 30' 51.82\" E,30° 16' 38.98\" N", "GL": 151.95000000000002, "IL": 150.5, "Depth": 1.450000000000017, "Manufacturing_Material": "الزهر المرن"}, "geometry": {"type": "Point", "coordinates": [31.514548078386365, 30.27753205834117, 151.94000000000233]}}, {"type": "Feature", "properties": {"ID": "366", "Diameter": 50, "Sectors": "القطاع الثالث عشر", "Implementing_company": "حسن علام", "Start": "2017-07-17 00:00:00+00:00", "End": "2018-04-16 00:00:00+00:00", "Northing": "30° 16' 39.17\" N", "Easting": "031° 31' 22.65\" E", "Google_Map": "https://www.google.com/maps/search/?api=1&query=031° 31' 22.65\" E,30° 16' 39.17\" N", "GL": 149.305, "IL": 147.855, "Depth": 1.450000000000017, "Manufacturing_Material": "الزهر المرن"}, "geometry": {"type": "Point", "coordinates": [31.52311199874308, 30.277583625031458, 149.22000000000116]}}, {"type": "Feature", "properties": {"ID": "367", "Diameter": 50, "Sectors": "القطاع الثاني عشر", "Implementing_company": "حسن علام", "Start": "2017-07-17 00:00:00+00:00", "End": "2018-04-16 00:00:00+00:00", "Northing": "30° 16' 38.79\" N", "Easting": "031° 31' 53.09\" E", "Google_Map": "https://www.google.com/maps/search/?api=1&query=031° 31' 53.09\" E,30° 16' 38.79\" N", "GL": 160.14499999999998, "IL": 158.695, "Depth": 1.4499999999999886, "Manufacturing_Material": "الزهر المرن"}, "geometry": {"type": "Point", "coordinates": [31.531567444833332, 30.277478301049502, 160.13999999999942]}}, {"type": "Feature", "properties": {"ID": "368", "Diameter": 100, "Sectors": "القطاع الثاني عشر", "Implementing_company": "حسن علام", "Start": "2017-07-17 00:00:00+00:00", "End": "2018-04-16 00:00:00+00:00", "Northing": "30° 16' 39.16\" N", "Easting": "031° 31' 35.1\" E", "Google_Map": "https://www.google.com/maps/search/?api=1&query=031° 31' 35.1\" E,30° 16' 39.16\" N", "GL": 153.475, "IL": 152.025, "Depth": 1.4499999999999886, "Manufacturing_Material": "الزهر المرن"}, "geometry": {"type": "Point", "coordinates": [31.52656982187517, 30.277580644884736, 151.22000000000116]}}, {"type": "Feature", "properties": {"ID": "369", "Diameter": 50, "Sectors": "القطاع الثالث عشر", "Implementing_company": "حسن علام", "Start": "2017-07-17 00:00:00+00:00", "End": "2018-04-16 00:00:00+00:00", "Northing": "30° 16' 39.02\" N", "Easting": "031° 31' 11.03\" E", "Google_Map": "https://www.google.com/maps/search/?api=1&query=031° 31' 11.03\" E,30° 16' 39.02\" N", "GL": 150.17, "IL": 148.72, "Depth": 1.4499999999999886, "Manufacturing_Material": "الزهر المرن"}, "geometry": {"type": "Point", "coordinates": [31.519885044840805, 30.277541874685994, 150.13999999999942]}}, {"type": "Feature", "properties": {"ID": "370", "Diameter": 50, "Sectors": "القطاع الثالث عشر", "Implementing_company": "حسن علام", "Start": "2017-07-17 00:00:00+00:00", "End": "2018-04-16 00:00:00+00:00", "Northing": "30° 16' 39.04\" N", "Easting": "031° 31' 11.27\" E", "Google_Map": "https://www.google.com/maps/search/?api=1&query=031° 31' 11.27\" E,30° 16' 39.04\" N", "GL": 150.17, "IL": 148.72, "Depth": 1.4499999999999886, "Manufacturing_Material": "الزهر المرن"}, "geometry": {"type": "Point", "coordinates": [31.519949782094127, 30.27754703032483, 150.13999999999942]}}, {"type": "Feature", "properties": {"ID": "371", "Diameter": 200, "Sectors": "القطاع الثالث عشر", "Implementing_company": "حسن علام", "Start": "2017-07-17 00:00:00+00:00", "End": "2018-04-16 00:00:00+00:00", "Northing": "30° 16' 39.16\" N", "Easting": "031° 30' 51.78\" E", "Google_Map": "https://www.google.com/maps/search/?api=1&query=031° 30' 51.78\" E,30° 16' 39.16\" N", "GL": 151.95000000000002, "IL": 150.5, "Depth": 1.450000000000017, "Manufacturing_Material": "الزهر المرن"}, "geometry": {"type": "Point", "coordinates": [31.514537203126558, 30.277579954581245, 151.94000000000233]}}, {"type": "Feature", "properties": {"ID": "372", "Diameter": 50, "Sectors": "القطاع الثالث عشر", "Implementing_company": "حسن علام", "Start": "2017-07-17 00:00:00+00:00", "End": "2018-04-16 00:00:00+00:00", "Northing": "30° 16' 39.14\" N", "Easting": "031° 31' 2.39\" E", "Google_Map": "https://www.google.com/maps/search/?api=1&query=031° 31' 2.39\" E,30° 16' 39.14\" N", "GL": 153.61, "IL": 152.16, "Depth": 1.450000000000017, "Manufacturing_Material": "الزهر المرن"}, "geometry": {"type": "Point", "coordinates": [31.517485101121224, 30.277575471370096, 153.61000000000058]}}, {"type": "Feature", "properties": {"ID": "373", "Diameter": 50, "Sectors": "القطاع الثالث عشر", "Implementing_company": "حسن علام", "Start": "2017-07-17 00:00:00+00:00", "End": "2018-04-16 00:00:00+00:00", "Northing": "30° 16' 39.17\" N", "Easting": "031° 31' 22.65\" E", "Google_Map": "https://www.google.com/maps/search/?api=1&query=031° 31' 22.65\" E,30° 16' 39.17\" N", "GL": 149.305, "IL": 147.855, "Depth": 1.450000000000017, "Manufacturing_Material": "الزهر المرن"}, "geometry": {"type": "Point", "coordinates": [31.52311199874308, 30.277583625031458, 149.22000000000116]}}, {"type": "Feature", "properties": {"ID": "374", "Diameter": 150, "Sectors": "القطاع الثاني عشر", "Implementing_company": "حسن علام", "Start": "2017-07-17 00:00:00+00:00", "End": "2018-04-16 00:00:00+00:00", "Northing": "30° 16' 38.9\" N", "Easting": "031° 31' 59.48\" E", "Google_Map": "https://www.google.com/maps/search/?api=1&query=031° 31' 59.48\" E,30° 16' 38.9\" N", "GL": 163.53, "IL": 162.07999999999998, "Depth": 1.450000000000017, "Manufacturing_Material": "الزهر المرن"}, "geometry": {"type": "Point", "coordinates": [31.53334220630595, 30.27751001113651, 164.47000000000116]}}, {"type": "Feature", "properties": {"ID": "375", "Diameter": 50, "Sectors": "القطاع الثاني عشر", "Implementing_company": "حسن علام", "Start": "2017-07-17 00:00:00+00:00", "End": "2018-04-16 00:00:00+00:00", "Northing": "30° 16' 39.1\" N", "Easting": "031° 31' 52.94\" E", "Google_Map": "https://www.google.com/maps/search/?api=1&query=031° 31' 52.94\" E,30° 16' 39.1\" N", "GL": 160.14499999999998, "IL": 158.695, "Depth": 1.4499999999999886, "Manufacturing_Material": "الزهر المرن"}, "geometry": {"type": "Point", "coordinates": [31.53152668791267, 30.277565287213267, 160.13999999999942]}}, {"type": "Feature", "properties": {"ID": "376", "Diameter": 50, "Sectors": "القطاع الثالث عشر", "Implementing_company": "حسن علام", "Start": "2017-07-17 00:00:00+00:00", "End": "2018-04-16 00:00:00+00:00", "Northing": "30° 16' 39.3\" N", "Easting": "031° 31' 2.37\" E", "Google_Map": "https://www.google.com/maps/search/?api=1&query=031° 31' 2.37\" E,30° 16' 39.3\" N", "GL": 153.61, "IL": 152.16, "Depth": 1.450000000000017, "Manufacturing_Material": "الزهر المرن"}, "geometry": {"type": "Point", "coordinates": [31.51747897927163, 30.277619850951577, 153.61000000000058]}}, {"type": "Feature", "properties": {"ID": "377", "Diameter": 100, "Sectors": "القطاع الثالث عشر", "Implementing_company": "حسن علام", "Start": "2017-07-17 00:00:00+00:00", "End": "2018-04-16 00:00:00+00:00", "Northing": "30° 16' 39.63\" N", "Easting": "031° 31' 27.01\" E", "Google_Map": "https://www.google.com/maps/search/?api=1&query=031° 31' 27.01\" E,30° 16' 39.63\" N", "GL": 148.715, "IL": 147.265, "Depth": 1.450000000000017, "Manufacturing_Material": "الزهر المرن"}, "geometry": {"type": "Point", "coordinates": [31.52432333233748, 30.277711670819873, 149.72000000000116]}}, {"type": "Feature", "properties": {"ID": "378", "Diameter": 50, "Sectors": "القطاع الثالث عشر", "Implementing_company": "حسن علام", "Start": "2017-07-17 00:00:00+00:00", "End": "2018-04-16 00:00:00+00:00", "Northing": "30° 16' 39.28\" N", "Easting": "031° 31' 22.79\" E", "Google_Map": "https://www.google.com/maps/search/?api=1&query=031° 31' 22.79\" E,30° 16' 39.28\" N", "GL": 149.22, "IL": 147.77, "Depth": 1.4499999999999886, "Manufacturing_Material": "الزهر المرن"}, "geometry": {"type": "Point", "coordinates": [31.523150982853963, 30.27761499964556, 149.22000000000116]}}, {"type": "Feature", "properties": {"ID": "379", "Diameter": 50, "Sectors": "القطاع الثالث عشر", "Implementing_company": "حسن علام", "Start": "2017-07-17 00:00:00+00:00", "End": "2018-04-16 00:00:00+00:00", "Northing": "30° 16' 39.48\" N", "Easting": "031° 31' 6.81\" E", "Google_Map": "https://www.google.com/maps/search/?api=1&query=031° 31' 6.81\" E,30° 16' 39.48\" N", "GL": 151.98, "IL": 150.53, "Depth": 1.4499999999999886, "Manufacturing_Material": "الزهر المرن"}, "geometry": {"type": "Point", "coordinates": [31.518712850689088, 30.27766902828981, 151.97999999999593]}}, {"type": "Feature", "properties": {"ID": "380", "Diameter": 50, "Sectors": "القطاع الثاني عشر", "Implementing_company": "حسن علام", "Start": "2017-07-17 00:00:00+00:00", "End": "2018-04-16 00:00:00+00:00", "Northing": "30° 16' 39.38\" N", "Easting": "031° 31' 54.3\" E", "Google_Map": "https://www.google.com/maps/search/?api=1&query=031° 31' 54.3\" E,30° 16' 39.38\" N", "GL": 161.255, "IL": 159.805, "Depth": 1.4499999999999886, "Manufacturing_Material": "الزهر المرن"}, "geometry": {"type": "Point", "coordinates": [31.531904937046114, 30.27764158653907, 161.24000000000524]}}, {"type": "Feature", "properties": {"ID": "381", "Diameter": 50, "Sectors": "القطاع الثالث عشر", "Implementing_company": "حسن علام", "Start": "2017-07-17 00:00:00+00:00", "End": "2018-04-16 00:00:00+00:00", "Northing": "30° 16' 39.53\" N", "Easting": "031° 31' 27.02\" E", "Google_Map": "https://www.google.com/maps/search/?api=1&query=031° 31' 27.02\" E,30° 16' 39.53\" N", "GL": 150.05, "IL": 148.6, "Depth": 1.450000000000017, "Manufacturing_Material": "الزهر المرن"}, "geometry": {"type": "Point", "coordinates": [31.52432672026845, 30.277684412759406, 150.0500000000029]}}, {"type": "Feature", "properties": {"ID": "382", "Diameter": 50, "Sectors": "القطاع الثالث عشر", "Implementing_company": "حسن علام", "Start": "2017-07-17 00:00:00+00:00", "End": "2018-04-16 00:00:00+00:00", "Northing": "30° 16' 39.64\" N", "Easting": "031° 31' 6.79\" E", "Google_Map": "https://www.google.com/maps/search/?api=1&query=031° 31' 6.79\" E,30° 16' 39.64\" N", "GL": 151.91, "IL": 150.46, "Depth": 1.4499999999999886, "Manufacturing_Material": "الزهر المرن"}, "geometry": {"type": "Point", "coordinates": [31.518706733042553, 30.277713312295106, 151.9100000000035]}}, {"type": "Feature", "properties": {"ID": "383", "Diameter": 50, "Sectors": "القطاع الثالث عشر", "Implementing_company": "حسن علام", "Start": "2017-07-17 00:00:00+00:00", "End": "2018-04-16 00:00:00+00:00", "Northing": "30° 16' 39.63\" N", "Easting": "031° 31' 27.01\" E", "Google_Map": "https://www.google.com/maps/search/?api=1&query=031° 31' 27.01\" E,30° 16' 39.63\" N", "GL": 149.72, "IL": 148.27, "Depth": 1.4499999999999886, "Manufacturing_Material": "الزهر المرن"}, "geometry": {"type": "Point", "coordinates": [31.52432328893088, 30.27771210848569, 149.72000000000116]}}, {"type": "Feature", "properties": {"ID": "384", "Diameter": 50, "Sectors": "القطاع الثاني عشر", "Implementing_company": "حسن علام", "Start": "2017-07-17 00:00:00+00:00", "End": "2018-04-16 00:00:00+00:00", "Northing": "30° 16' 39.55\" N", "Easting": "031° 31' 54.21\" E", "Google_Map": "https://www.google.com/maps/search/?api=1&query=031° 31' 54.21\" E,30° 16' 39.55\" N", "GL": 161.255, "IL": 159.805, "Depth": 1.4499999999999886, "Manufacturing_Material": "الزهر المرن"}, "geometry": {"type": "Point", "coordinates": [31.53187867765672, 30.277690552329616, 161.24000000000524]}}, {"type": "Feature", "properties": {"ID": "385", "Diameter": 100, "Sectors": "القطاع الثالث عشر", "Implementing_company": "حسن علام", "Start": "2017-07-17 00:00:00+00:00", "End": "2018-04-16 00:00:00+00:00", "Northing": "30° 16' 39.78\" N", "Easting": "031° 30' 59.39\" E", "Google_Map": "https://www.google.com/maps/search/?api=1&query=031° 30' 59.39\" E,30° 16' 39.78\" N", "GL": 153.485, "IL": 152.035, "Depth": 1.450000000000017, "Manufacturing_Material": "الزهر المرن"}, "geometry": {"type": "Point", "coordinates": [31.51665095318658, 30.277753979824507, 154.13000000000466]}}, {"type": "Feature", "properties": {"ID": "386", "Diameter": 50, "Sectors": "القطاع الثالث عشر", "Implementing_company": "حسن علام", "Start": "2017-07-17 00:00:00+00:00", "End": "2018-04-16 00:00:00+00:00", "Northing": "30° 16' 39.83\" N", "Easting": "031° 31' 18.19\" E", "Google_Map": "https://www.google.com/maps/search/?api=1&query=031° 31' 18.19\" E,30° 16' 39.83\" N", "GL": 148.35500000000002, "IL": 146.905, "Depth": 1.450000000000017, "Manufacturing_Material": "الزهر المرن"}, "geometry": {"type": "Point", "coordinates": [31.52187458897026, 30.277766834407874, 148.35000000000582]}}, {"type": "Feature", "properties": {"ID": "387", "Diameter": 50, "Sectors": "القطاع الثالث عشر", "Implementing_company": "حسن علام", "Start": "2017-07-17 00:00:00+00:00", "End": "2018-04-16 00:00:00+00:00", "Northing": "30° 16' 39.85\" N", "Easting": "031° 31' 18.42\" E", "Google_Map": "https://www.google.com/maps/search/?api=1&query=031° 31' 18.42\" E,30° 16' 39.85\" N", "GL": 148.35500000000002, "IL": 146.905, "Depth": 1.450000000000017, "Manufacturing_Material": "الزهر المرن"}, "geometry": {"type": "Point", "coordinates": [31.52193674633975, 30.277771685416106, 148.35000000000582]}}, {"type": "Feature", "properties": {"ID": "388", "Diameter": 50, "Sectors": "القطاع الثاني عشر", "Implementing_company": "حسن علام", "Start": "2017-07-17 00:00:00+00:00", "End": "2018-04-16 00:00:00+00:00", "Northing": "30° 16' 39.71\" N", "Easting": "031° 31' 55.46\" E", "Google_Map": "https://www.google.com/maps/search/?api=1&query=031° 31' 55.46\" E,30° 16' 39.71\" N", "GL": 162.07500000000002, "IL": 160.625, "Depth": 1.450000000000017, "Manufacturing_Material": "الزهر المرن"}, "geometry": {"type": "Point", "coordinates": [31.532225143521515, 30.27773386194916, 162.0500000000029]}}, {"type": "Feature", "properties": {"ID": "389", "Diameter": 100, "Sectors": "القطاع الثاني عشر", "Implementing_company": "حسن علام", "Start": "2017-07-17 00:00:00+00:00", "End": "2018-04-16 00:00:00+00:00", "Northing": "30° 16' 40.18\" N", "Easting": "031° 31' 32.34\" E", "Google_Map": "https://www.google.com/maps/search/?api=1&query=031° 31' 32.34\" E,30° 16' 40.18\" N", "GL": 150.385, "IL": 148.935, "Depth": 1.4499999999999886, "Manufacturing_Material": "الزهر المرن"}, "geometry": {"type": "Point", "coordinates": [31.52580503947662, 30.277865558524084, 150.36000000000058]}}, {"type": "Feature", "properties": {"ID": "390", "Diameter": 200, "Sectors": "القطاع الثالث عشر", "Implementing_company": "حسن علام", "Start": "2017-07-17 00:00:00+00:00", "End": "2018-04-16 00:00:00+00:00", "Northing": "30° 16' 40.0\" N", "Easting": "031° 30' 59.44\" E", "Google_Map": "https://www.google.com/maps/search/?api=1&query=031° 30' 59.44\" E,30° 16' 40.0\" N", "GL": 150.77499999999998, "IL": 149.325, "Depth": 1.4499999999999886, "Manufacturing_Material": "الزهر المرن"}, "geometry": {"type": "Point", "coordinates": [31.51666467867148, 30.277815468774893, 154.13000000000466]}}, {"type": "Feature", "properties": {"ID": "391", "Diameter": 50, "Sectors": "القطاع الثالث عشر", "Implementing_company": "حسن علام", "Start": "2017-07-17 00:00:00+00:00", "End": "2018-04-16 00:00:00+00:00", "Northing": "30° 16' 40.04\" N", "Easting": "031° 31' 11.01\" E", "Google_Map": "https://www.google.com/maps/search/?api=1&query=031° 31' 11.01\" E,30° 16' 40.04\" N", "GL": 150.14, "IL": 148.69, "Depth": 1.4499999999999886, "Manufacturing_Material": "الزهر المرن"}, "geometry": {"type": "Point", "coordinates": [31.51987817888989, 30.27782582727012, 150.13999999999942]}}, {"type": "Feature", "properties": {"ID": "392", "Diameter": 50, "Sectors": "القطاع الثاني عشر", "Implementing_company": "حسن علام", "Start": "2017-07-17 00:00:00+00:00", "End": "2018-04-16 00:00:00+00:00", "Northing": "30° 16' 39.94\" N", "Easting": "031° 31' 58.99\" E", "Google_Map": "https://www.google.com/maps/search/?api=1&query=031° 31' 58.99\" E,30° 16' 39.94\" N", "GL": 163.86, "IL": 162.41, "Depth": 1.450000000000017, "Manufacturing_Material": "الزهر المرن"}, "geometry": {"type": "Point", "coordinates": [31.533206468504975, 30.27779772834901, 163.86000000000058]}}, {"type": "Feature", "properties": {"ID": "393", "Diameter": 100, "Sectors": "القطاع الثاني عشر", "Implementing_company": "حسن علام", "Start": "2017-07-17 00:00:00+00:00", "End": "2018-04-16 00:00:00+00:00", "Northing": "30° 16' 39.97\" N", "Easting": "031° 31' 55.79\" E", "Google_Map": "https://www.google.com/maps/search/?api=1&query=031° 31' 55.79\" E,30° 16' 39.97\" N", "GL": 160.76500000000001, "IL": 159.315, "Depth": 1.450000000000017, "Manufacturing_Material": "الزهر المرن"}, "geometry": {"type": "Point", "coordinates": [31.5323171412794, 30.277806891584042, 162.22999999999593]}}, {"type": "Feature", "properties": {"ID": "394", "Diameter": 50, "Sectors": "القطاع الثاني عشر", "Implementing_company": "حسن علام", "Start": "2017-07-17 00:00:00+00:00", "End": "2018-04-16 00:00:00+00:00", "Northing": "30° 16' 40.01\" N", "Easting": "031° 31' 55.32\" E", "Google_Map": "https://www.google.com/maps/search/?api=1&query=031° 31' 55.32\" E,30° 16' 40.01\" N", "GL": 162.07500000000002, "IL": 160.625, "Depth": 1.450000000000017, "Manufacturing_Material": "الزهر المرن"}, "geometry": {"type": "Point", "coordinates": [31.532186028325942, 30.277817216328195, 162.0500000000029]}}, {"type": "Feature", "properties": {"ID": "395", "Diameter": 50, "Sectors": "القطاع الثاني عشر", "Implementing_company": "حسن علام", "Start": "2017-07-17 00:00:00+00:00", "End": "2018-04-16 00:00:00+00:00", "Northing": "30° 16' 40.11\" N", "Easting": "031° 31' 32.35\" E", "Google_Map": "https://www.google.com/maps/search/?api=1&query=031° 31' 32.35\" E,30° 16' 40.11\" N", "GL": 150.385, "IL": 148.935, "Depth": 1.4499999999999886, "Manufacturing_Material": "الزهر المرن"}, "geometry": {"type": "Point", "coordinates": [31.525807865366637, 30.277845058127426, 150.3399999999965]}}, {"type": "Feature", "properties": {"ID": "396", "Diameter": 100, "Sectors": "القطاع الثالث عشر", "Implementing_company": "حسن علام", "Start": "2017-07-17 00:00:00+00:00", "End": "2018-04-16 00:00:00+00:00", "Northing": "30° 16' 40.35\" N", "Easting": "031° 31' 2.23\" E", "Google_Map": "https://www.google.com/maps/search/?api=1&query=031° 31' 2.23\" E,30° 16' 40.35\" N", "GL": 154.31, "IL": 152.86, "Depth": 1.4499999999999886, "Manufacturing_Material": "الزهر المرن"}, "geometry": {"type": "Point", "coordinates": [31.51743863527029, 30.27791229025373, 154.30999999999767]}}, {"type": "Feature", "properties": {"ID": "397", "Diameter": 50, "Sectors": "القطاع الثالث عشر", "Implementing_company": "حسن علام", "Start": "2017-07-17 00:00:00+00:00", "End": "2018-04-16 00:00:00+00:00", "Northing": "30° 16' 40.22\" N", "Easting": "031° 31' 22.43\" E", "Google_Map": "https://www.google.com/maps/search/?api=1&query=031° 31' 22.43\" E,30° 16' 40.22\" N", "GL": 148.755, "IL": 147.305, "Depth": 1.4499999999999886, "Manufacturing_Material": "الزهر المرن"}, "geometry": {"type": "Point", "coordinates": [31.523050477075216, 30.27787609725066, 148.97000000000116]}}, {"type": "Feature", "properties": {"ID": "398", "Diameter": 50, "Sectors": "القطاع الثاني عشر", "Implementing_company": "حسن علام", "Start": "2017-07-17 00:00:00+00:00", "End": "2018-04-16 00:00:00+00:00", "Northing": "30° 16' 40.06\" N", "Easting": "031° 31' 58.93\" E", "Google_Map": "https://www.google.com/maps/search/?api=1&query=031° 31' 58.93\" E,30° 16' 40.06\" N", "GL": 163.85, "IL": 162.4, "Depth": 1.4499999999999886, "Manufacturing_Material": "الزهر المرن"}, "geometry": {"type": "Point", "coordinates": [31.533191130614778, 30.277829724916746, 163.85000000000582]}}, {"type": "Feature", "properties": {"ID": "399", "Diameter": 50, "Sectors": "القطاع الثالث عشر", "Implementing_company": "حسن علام", "Start": "2017-07-17 00:00:00+00:00", "End": "2018-04-16 00:00:00+00:00", "Northing": "30° 16' 40.24\" N", "Easting": "031° 31' 22.64\" E", "Google_Map": "https://www.google.com/maps/search/?api=1&query=031° 31' 22.64\" E,30° 16' 40.24\" N", "GL": 148.755, "IL": 147.305, "Depth": 1.4499999999999886, "Manufacturing_Material": "الزهر المرن"}, "geometry": {"type": "Point", "coordinates": [31.523110147004218, 30.27788065723993, 148.97000000000116]}}, {"type": "Feature", "properties": {"ID": "400", "Diameter": 100, "Sectors": "القطاع الثاني عشر", "Implementing_company": "حسن علام", "Start": "2017-07-17 00:00:00+00:00", "End": "2018-04-16 00:00:00+00:00", "Northing": "30° 16' 39.98\" N", "Easting": "031° 32' 2.52\" E", "Google_Map": "https://www.google.com/maps/search/?api=1&query=031° 32' 2.52\" E,30° 16' 39.98\" N", "GL": 162.96, "IL": 161.51, "Depth": 1.450000000000017, "Manufacturing_Material": "الزهر المرن"}, "geometry": {"type": "Point", "coordinates": [31.53418685563853, 30.27780940518259, 165.6600000000035]}}, {"type": "Feature", "properties": {"ID": "401", "Diameter": 50, "Sectors": "القطاع الثالث عشر", "Implementing_company": "حسن علام", "Start": "2017-07-17 00:00:00+00:00", "End": "2018-04-16 00:00:00+00:00", "Northing": "30° 16' 40.28\" N", "Easting": "031° 31' 10.97\" E", "Google_Map": "https://www.google.com/maps/search/?api=1&query=031° 31' 10.97\" E,30° 16' 40.28\" N", "GL": 149.91, "IL": 148.46, "Depth": 1.4499999999999886, "Manufacturing_Material": "الزهر المرن"}, "geometry": {"type": "Point", "coordinates": [31.51986891800339, 30.27789285265396, 149.9100000000035]}}, {"type": "Feature", "properties": {"ID": "402", "Diameter": 50, "Sectors": "القطاع الثاني عشر", "Implementing_company": "حسن علام", "Start": "2017-07-17 00:00:00+00:00", "End": "2018-04-16 00:00:00+00:00", "Northing": "30° 16' 40.23\" N", "Easting": "031° 31' 32.34\" E", "Google_Map": "https://www.google.com/maps/search/?api=1&query=031° 31' 32.34\" E,30° 16' 40.23\" N", "GL": 150.36, "IL": 148.91, "Depth": 1.450000000000017, "Manufacturing_Material": "الزهر المرن"}, "geometry": {"type": "Point", "coordinates": [31.525803294292754, 30.277878215811224, 150.36000000000058]}}, {"type": "Feature", "properties": {"ID": "403", "Diameter": 100, "Sectors": "القطاع الثاني عشر", "Implementing_company": "حسن علام", "Start": "2017-07-17 00:00:00+00:00", "End": "2018-04-16 00:00:00+00:00", "Northing": "30° 16' 40.62\" N", "Easting": "031° 31' 36.64\" E", "Google_Map": "https://www.google.com/maps/search/?api=1&query=031° 31' 36.64\" E,30° 16' 40.62\" N", "GL": 151.51999999999998, "IL": 150.07, "Depth": 1.4499999999999886, "Manufacturing_Material": "الزهر المرن"}, "geometry": {"type": "Point", "coordinates": [31.52699851488949, 30.277987713754268, 152.00999999999476]}}, {"type": "Feature", "properties": {"ID": "404", "Diameter": 50, "Sectors": "القطاع الثالث عشر", "Implementing_company": "حسن علام", "Start": "2017-07-17 00:00:00+00:00", "End": "2018-04-16 00:00:00+00:00", "Northing": "30° 16' 40.67\" N", "Easting": "031° 31' 26.79\" E", "Google_Map": "https://www.google.com/maps/search/?api=1&query=031° 31' 26.79\" E,30° 16' 40.67\" N", "GL": 149.26999999999998, "IL": 147.82, "Depth": 1.4499999999999886, "Manufacturing_Material": "الزهر المرن"}, "geometry": {"type": "Point", "coordinates": [31.524262040845702, 30.278001025199785, 149.25]}}, {"type": "Feature", "properties": {"ID": "405", "Diameter": 100, "Sectors": "القطاع الثالث عشر", "Implementing_company": "حسن علام", "Start": "2017-07-17 00:00:00+00:00", "End": "2018-04-16 00:00:00+00:00", "Northing": "30° 16' 40.87\" N", "Easting": "031° 31' 6.62\" E", "Google_Map": "https://www.google.com/maps/search/?api=1&query=031° 31' 6.62\" E,30° 16' 40.87\" N", "GL": 151.675, "IL": 150.58, "Depth": 1.0949999999999989, "Manufacturing_Material": "الزهر المرن"}, "geometry": {"type": "Point", "coordinates": [31.518659462823308, 30.27805549475358, 152.02999999999884]}}, {"type": "Feature", "properties": {"ID": "406", "Diameter": 50, "Sectors": "القطاع الثالث عشر", "Implementing_company": "حسن علام", "Start": "2017-07-17 00:00:00+00:00", "End": "2018-04-16 00:00:00+00:00", "Northing": "30° 16' 40.7\" N", "Easting": "031° 31' 27.0\" E", "Google_Map": "https://www.google.com/maps/search/?api=1&query=031° 31' 27.0\" E,30° 16' 40.7\" N", "GL": 149.26999999999998, "IL": 147.82, "Depth": 1.4499999999999886, "Manufacturing_Material": "الزهر المرن"}, "geometry": {"type": "Point", "coordinates": [31.5243216886224, 30.27801000384429, 149.2899999999936]}}, {"type": "Feature", "properties": {"ID": "407", "Diameter": 50, "Sectors": "القطاع الثاني عشر", "Implementing_company": "حسن علام", "Start": "2017-07-17 00:00:00+00:00", "End": "2018-04-16 00:00:00+00:00", "Northing": "30° 16' 40.76\" N", "Easting": "031° 31' 36.62\" E", "Google_Map": "https://www.google.com/maps/search/?api=1&query=031° 31' 36.62\" E,30° 16' 40.76\" N", "GL": 151.9, "IL": 150.45, "Depth": 1.450000000000017, "Manufacturing_Material": "الزهر المرن"}, "geometry": {"type": "Point", "coordinates": [31.526993116372676, 30.278025249731304, 151.89999999999418]}}, {"type": "Feature", "properties": {"ID": "408", "Diameter": 50, "Sectors": "القطاع الثالث عشر", "Implementing_company": "حسن علام", "Start": "2017-07-17 00:00:00+00:00", "End": "2018-04-16 00:00:00+00:00", "Northing": "30° 16' 40.88\" N", "Easting": "031° 31' 18.19\" E", "Google_Map": "https://www.google.com/maps/search/?api=1&query=031° 31' 18.19\" E,30° 16' 40.88\" N", "GL": 147.82, "IL": 146.37, "Depth": 1.4499999999999886, "Manufacturing_Material": "الزهر المرن"}, "geometry": {"type": "Point", "coordinates": [31.521874634521243, 30.278060150777534, 147.82000000000698]}}, {"type": "Feature", "properties": {"ID": "409", "Diameter": 50, "Sectors": "القطاع الثاني عشر", "Implementing_company": "حسن علام", "Start": "2017-07-17 00:00:00+00:00", "End": "2018-04-16 00:00:00+00:00", "Northing": "30° 16' 40.89\" N", "Easting": "031° 31' 36.6\" E", "Google_Map": "https://www.google.com/maps/search/?api=1&query=031° 31' 36.6\" E,30° 16' 40.89\" N", "GL": 151.94, "IL": 150.49, "Depth": 1.4499999999999886, "Manufacturing_Material": "الزهر المرن"}, "geometry": {"type": "Point", "coordinates": [31.526988027515834, 30.27806063307442, 151.94000000000233]}}, {"type": "Feature", "properties": {"ID": "410", "Diameter": 50, "Sectors": "القطاع الثاني عشر", "Implementing_company": "حسن علام", "Start": "2017-07-17 00:00:00+00:00", "End": "2018-04-16 00:00:00+00:00", "Northing": "30° 16' 40.96\" N", "Easting": "031° 31' 58.26\" E", "Google_Map": "https://www.google.com/maps/search/?api=1&query=031° 31' 58.26\" E,30° 16' 40.96\" N", "GL": 163.13, "IL": 161.68, "Depth": 1.4499999999999886, "Manufacturing_Material": "الزهر المرن"}, "geometry": {"type": "Point", "coordinates": [31.53300349398373, 30.278081397911304, 163.16999999999825]}}, {"type": "Feature", "properties": {"ID": "411", "Diameter": 50, "Sectors": "القطاع الثالث عشر", "Implementing_company": "حسن علام", "Start": "2017-07-17 00:00:00+00:00", "End": "2018-04-16 00:00:00+00:00", "Northing": "30° 16' 41.13\" N", "Easting": "031° 31' 18.17\" E", "Google_Map": "https://www.google.com/maps/search/?api=1&query=031° 31' 18.17\" E,30° 16' 41.13\" N", "GL": 147.68, "IL": 146.23, "Depth": 1.450000000000017, "Manufacturing_Material": "الزهر المرن"}, "geometry": {"type": "Point", "coordinates": [31.521866654002864, 30.278127304691655, 147.67999999999302]}}, {"type": "Feature", "properties": {"ID": "412", "Diameter": 100, "Sectors": "القطاع الثاني عشر", "Implementing_company": "حسن علام", "Start": "2017-07-17 00:00:00+00:00", "End": "2018-04-16 00:00:00+00:00", "Northing": "30° 16' 41.19\" N", "Easting": "031° 31' 41.1\" E", "Google_Map": "https://www.google.com/maps/search/?api=1&query=031° 31' 41.1\" E,30° 16' 41.19\" N", "GL": 154.07, "IL": 152.62, "Depth": 1.4499999999999886, "Manufacturing_Material": "الزهر المرن"}, "geometry": {"type": "Point", "coordinates": [31.528237948906625, 30.278144396235582, 154.77999999999884]}}, {"type": "Feature", "properties": {"ID": "413", "Diameter": 100, "Sectors": "القطاع الثالث عشر", "Implementing_company": "حسن علام", "Start": "2017-07-17 00:00:00+00:00", "End": "2018-04-16 00:00:00+00:00", "Northing": "30° 16' 41.36\" N", "Easting": "031° 31' 10.83\" E", "Google_Map": "https://www.google.com/maps/search/?api=1&query=031° 31' 10.83\" E,30° 16' 41.36\" N", "GL": 149.975, "IL": 148.525, "Depth": 1.4499999999999886, "Manufacturing_Material": "الزهر المرن"}, "geometry": {"type": "Point", "coordinates": [31.51982751412423, 30.278192497914652, 149.85000000000582]}}, {"type": "Feature", "properties": {"ID": "414", "Diameter": 50, "Sectors": "القطاع الثاني عشر", "Implementing_company": "حسن علام", "Start": "2017-07-17 00:00:00+00:00", "End": "2018-04-16 00:00:00+00:00", "Northing": "30° 16' 41.08\" N", "Easting": "031° 31' 58.61\" E", "Google_Map": "https://www.google.com/maps/search/?api=1&query=031° 31' 58.61\" E,30° 16' 41.08\" N", "GL": 163.13, "IL": 161.68, "Depth": 1.4499999999999886, "Manufacturing_Material": "الزهر المرن"}, "geometry": {"type": "Point", "coordinates": [31.533100528462324, 30.27811405172864, 163.16999999999825]}}, {"type": "Feature", "properties": {"ID": "415", "Diameter": 50, "Sectors": "القطاع الثالث عشر", "Implementing_company": "حسن علام", "Start": "2017-07-17 00:00:00+00:00", "End": "2018-04-16 00:00:00+00:00", "Northing": "30° 16' 41.27\" N", "Easting": "031° 31' 22.42\" E", "Google_Map": "https://www.google.com/maps/search/?api=1&query=031° 31' 22.42\" E,30° 16' 41.27\" N", "GL": 148.31, "IL": 146.86, "Depth": 1.4499999999999886, "Manufacturing_Material": "الزهر المرن"}, "geometry": {"type": "Point", "coordinates": [31.523047863572057, 30.278167676036894, 148.30999999999767]}}, {"type": "Feature", "properties": {"ID": "416", "Diameter": 50, "Sectors": "القطاع الثاني عشر", "Implementing_company": "حسن علام", "Start": "2017-07-17 00:00:00+00:00", "End": "2018-04-16 00:00:00+00:00", "Northing": "30° 16' 41.27\" N", "Easting": "031° 31' 32.06\" E", "Google_Map": "https://www.google.com/maps/search/?api=1&query=031° 31' 32.06\" E,30° 16' 41.27\" N", "GL": 147.62, "IL": 146.17, "Depth": 1.450000000000017, "Manufacturing_Material": "الزهر المرن"}, "geometry": {"type": "Point", "coordinates": [31.52572576838461, 30.27816806273853, 147.75]}}, {"type": "Feature", "properties": {"ID": "417", "Diameter": 50, "Sectors": "القطاع الثاني عشر", "Implementing_company": "حسن علام", "Start": "2017-07-17 00:00:00+00:00", "End": "2018-04-16 00:00:00+00:00", "Northing": "30° 16' 41.31\" N", "Easting": "031° 31' 32.28\" E", "Google_Map": "https://www.google.com/maps/search/?api=1&query=031° 31' 32.28\" E,30° 16' 41.31\" N", "GL": 147.62, "IL": 146.17, "Depth": 1.450000000000017, "Manufacturing_Material": "الزهر المرن"}, "geometry": {"type": "Point", "coordinates": [31.525787140704235, 30.27817764629189, 147.75]}}, {"type": "Feature", "properties": {"ID": "418", "Diameter": 50, "Sectors": "القطاع الثاني عشر", "Implementing_company": "حسن علام", "Start": "2017-07-17 00:00:00+00:00", "End": "2018-04-16 00:00:00+00:00", "Northing": "30° 16' 41.39\" N", "Easting": "031° 31' 41.07\" E", "Google_Map": "https://www.google.com/maps/search/?api=1&query=031° 31' 41.07\" E,30° 16' 41.39\" N", "GL": 154.78, "IL": 153.33, "Depth": 1.4499999999999886, "Manufacturing_Material": "الزهر المرن"}, "geometry": {"type": "Point", "coordinates": [31.528227541313708, 30.27820096754822, 154.77999999999884]}}, {"type": "Feature", "properties": {"ID": "419", "Diameter": 50, "Sectors": "القطاع الثالث عشر", "Implementing_company": "حسن علام", "Start": "2017-07-17 00:00:00+00:00", "End": "2018-04-16 00:00:00+00:00", "Northing": "30° 16' 41.52\" N", "Easting": "031° 31' 22.39\" E", "Google_Map": "https://www.google.com/maps/search/?api=1&query=031° 31' 22.39\" E,30° 16' 41.52\" N", "GL": 148.19, "IL": 146.74, "Depth": 1.4499999999999886, "Manufacturing_Material": "الزهر المرن"}, "geometry": {"type": "Point", "coordinates": [31.5230403787091, 30.278235840132737, 148.19000000000233]}}, {"type": "Feature", "properties": {"ID": "420", "Diameter": 50, "Sectors": "القطاع الثالث عشر", "Implementing_company": "حسن علام", "Start": "2017-07-17 00:00:00+00:00", "End": "2018-04-16 00:00:00+00:00", "Northing": "30° 16' 41.57\" N", "Easting": "031° 31' 26.82\" E", "Google_Map": "https://www.google.com/maps/search/?api=1&query=031° 31' 26.82\" E,30° 16' 41.57\" N", "GL": 148.87, "IL": 147.42, "Depth": 1.450000000000017, "Manufacturing_Material": "الزهر المرن"}, "geometry": {"type": "Point", "coordinates": [31.524269436936425, 30.278249624757276, 148.86999999999534]}}, {"type": "Feature", "properties": {"ID": "421", "Diameter": 50, "Sectors": "القطاع الثاني عشر", "Implementing_company": "حسن علام", "Start": "2017-07-17 00:00:00+00:00", "End": "2018-04-16 00:00:00+00:00", "Northing": "30° 16' 41.5\" N", "Easting": "031° 31' 41.05\" E", "Google_Map": "https://www.google.com/maps/search/?api=1&query=031° 31' 41.05\" E,30° 16' 41.5\" N", "GL": 154.43, "IL": 152.98, "Depth": 1.450000000000017, "Manufacturing_Material": "الزهر المرن"}, "geometry": {"type": "Point", "coordinates": [31.52822317084078, 30.278230285419948, 154.42999999999302]}}, {"type": "Feature", "properties": {"ID": "422", "Diameter": 100, "Sectors": "القطاع الثالث عشر", "Implementing_company": "حسن علام", "Start": "2017-07-17 00:00:00+00:00", "End": "2018-04-16 00:00:00+00:00", "Northing": "30° 16' 41.58\" N", "Easting": "031° 31' 15.08\" E", "Google_Map": "https://www.google.com/maps/search/?api=1&query=031° 31' 15.08\" E,30° 16' 41.58\" N", "GL": 148.9225, "IL": 147.47249999999997, "Depth": 1.4500000000000455, "Manufacturing_Material": "الزهر المرن"}, "geometry": {"type": "Point", "coordinates": [31.521008223328934, 30.278253846198403, 147.30999999999767]}}, {"type": "Feature", "properties": {"ID": "423", "Diameter": 50, "Sectors": "القطاع الثالث عشر", "Implementing_company": "حسن علام", "Start": "2017-07-17 00:00:00+00:00", "End": "2018-04-16 00:00:00+00:00", "Northing": "30° 16' 41.69\" N", "Easting": "031° 31' 26.8\" E", "Google_Map": "https://www.google.com/maps/search/?api=1&query=031° 31' 26.8\" E,30° 16' 41.69\" N", "GL": 148.89, "IL": 147.44, "Depth": 1.4499999999999886, "Manufacturing_Material": "الزهر المرن"}, "geometry": {"type": "Point", "coordinates": [31.524266032685876, 30.27828360580311, 148.88999999999942]}}, {"type": "Feature", "properties": {"ID": "424", "Diameter": 200, "Sectors": "القطاع الثالث عشر", "Implementing_company": "حسن علام", "Start": "2017-07-17 00:00:00+00:00", "End": "2018-04-16 00:00:00+00:00", "Northing": "30° 16' 41.91\" N", "Easting": "031° 31' 15.35\" E", "Google_Map": "https://www.google.com/maps/search/?api=1&query=031° 31' 15.35\" E,30° 16' 41.91\" N", "GL": 147.485, "IL": 146.035, "Depth": 1.450000000000017, "Manufacturing_Material": "الزهر المرن"}, "geometry": {"type": "Point", "coordinates": [31.521085014672447, 30.278345042855946, 147.30999999999767]}}, {"type": "Feature", "properties": {"ID": "425", "Diameter": 100, "Sectors": "القطاع الثاني عشر", "Implementing_company": "حسن علام", "Start": "2017-07-17 00:00:00+00:00", "End": "2018-04-16 00:00:00+00:00", "Northing": "30° 16' 41.58\" N", "Easting": "031° 32' 7.09\" E", "Google_Map": "https://www.google.com/maps/search/?api=1&query=031° 32' 7.09\" E,30° 16' 41.58\" N", "GL": 162.96, "IL": 161.51, "Depth": 1.450000000000017, "Manufacturing_Material": "الزهر المرن"}, "geometry": {"type": "Point", "coordinates": [31.53545702179992, 30.278254232111642, 164.85000000000582]}}, {"type": "Feature", "properties": {"ID": "426", "Diameter": 50, "Sectors": "القطاع الثاني عشر", "Implementing_company": "حسن علام", "Start": "2017-07-17 00:00:00+00:00", "End": "2018-04-16 00:00:00+00:00", "Northing": "30° 16' 41.82\" N", "Easting": "031° 31' 36.35\" E", "Google_Map": "https://www.google.com/maps/search/?api=1&query=031° 31' 36.35\" E,30° 16' 41.82\" N", "GL": 151.255, "IL": 149.805, "Depth": 1.4499999999999886, "Manufacturing_Material": "الزهر المرن"}, "geometry": {"type": "Point", "coordinates": [31.52691791541218, 30.278318942301876, 151.1600000000035]}}, {"type": "Feature", "properties": {"ID": "427", "Diameter": 50, "Sectors": "القطاع الثاني عشر", "Implementing_company": "حسن علام", "Start": "2017-07-17 00:00:00+00:00", "End": "2018-04-16 00:00:00+00:00", "Northing": "30° 16' 41.85\" N", "Easting": "031° 31' 36.57\" E", "Google_Map": "https://www.google.com/maps/search/?api=1&query=031° 31' 36.57\" E,30° 16' 41.85\" N", "GL": 151.255, "IL": 149.805, "Depth": 1.4499999999999886, "Manufacturing_Material": "الزهر المرن"}, "geometry": {"type": "Point", "coordinates": [31.526978589247303, 30.278328474880546, 151.1600000000035]}}, {"type": "Feature", "properties": {"ID": "428", "Diameter": 50, "Sectors": "القطاع الثاني عشر", "Implementing_company": "حسن علام", "Start": "2017-07-17 00:00:00+00:00", "End": "2018-04-16 00:00:00+00:00", "Northing": "30° 16' 41.85\" N", "Easting": "031° 31' 58.09\" E", "Google_Map": "https://www.google.com/maps/search/?api=1&query=031° 31' 58.09\" E,30° 16' 41.85\" N", "GL": 162.58, "IL": 161.13, "Depth": 1.450000000000017, "Manufacturing_Material": "الزهر المرن"}, "geometry": {"type": "Point", "coordinates": [31.532955431293402, 30.27832819621416, 162.58000000000175]}}, {"type": "Feature", "properties": {"ID": "429", "Diameter": 200, "Sectors": "القطاع الثالث عشر", "Implementing_company": "حسن علام", "Start": "2017-07-17 00:00:00+00:00", "End": "2018-04-16 00:00:00+00:00", "Northing": "30° 16' 42.23\" N", "Easting": "031° 31' 18.03\" E", "Google_Map": "https://www.google.com/maps/search/?api=1&query=031° 31' 18.03\" E,30° 16' 42.23\" N", "GL": 147.85500000000002, "IL": 145.4, "Depth": 2.4550000000000125, "Manufacturing_Material": "الزهر المرن"}, "geometry": {"type": "Point", "coordinates": [31.521830122670753, 30.278434718555623, 146.85000000000582]}}, {"type": "Feature", "properties": {"ID": "430", "Diameter": 50, "Sectors": "القطاع الثاني عشر", "Implementing_company": "حسن علام", "Start": "2017-07-17 00:00:00+00:00", "End": "2018-04-16 00:00:00+00:00", "Northing": "30° 16' 42.1\" N", "Easting": "031° 31' 31.9\" E", "Google_Map": "https://www.google.com/maps/search/?api=1&query=031° 31' 31.9\" E,30° 16' 42.1\" N", "GL": 149.66, "IL": 148.21, "Depth": 1.4499999999999886, "Manufacturing_Material": "الزهر المرن"}, "geometry": {"type": "Point", "coordinates": [31.525681379216905, 30.278398874697512, 149.6600000000035]}}, {"type": "Feature", "properties": {"ID": "431", "Diameter": 50, "Sectors": "القطاع الثاني عشر", "Implementing_company": "حسن علام", "Start": "2017-07-17 00:00:00+00:00", "End": "2018-04-16 00:00:00+00:00", "Northing": "30° 16' 41.99\" N", "Easting": "031° 31' 58.02\" E", "Google_Map": "https://www.google.com/maps/search/?api=1&query=031° 31' 58.02\" E,30° 16' 41.99\" N", "GL": 163.53, "IL": 162.07999999999998, "Depth": 1.450000000000017, "Manufacturing_Material": "الزهر المرن"}, "geometry": {"type": "Point", "coordinates": [31.532937195089012, 30.278366832756294, 162.5899999999965]}}, {"type": "Feature", "properties": {"ID": "432", "Diameter": 50, "Sectors": "القطاع الثاني عشر", "Implementing_company": "حسن علام", "Start": "2017-07-17 00:00:00+00:00", "End": "2018-04-16 00:00:00+00:00", "Northing": "30° 16' 42.37\" N", "Easting": "031° 31' 32.1\" E", "Google_Map": "https://www.google.com/maps/search/?api=1&query=031° 31' 32.1\" E,30° 16' 42.37\" N", "GL": 149.69, "IL": 148.24, "Depth": 1.4499999999999886, "Manufacturing_Material": "الزهر المرن"}, "geometry": {"type": "Point", "coordinates": [31.525738042584297, 30.278472911173345, 149.69000000000233]}}, {"type": "Feature", "properties": {"ID": "433", "Diameter": 200, "Sectors": "القطاع الثالث عشر", "Implementing_company": "حسن علام", "Start": "2017-07-17 00:00:00+00:00", "End": "2018-04-16 00:00:00+00:00", "Northing": "30° 16' 42.6\" N", "Easting": "031° 31' 22.27\" E", "Google_Map": "https://www.google.com/maps/search/?api=1&query=031° 31' 22.27\" E,30° 16' 42.6\" N", "GL": 148.19, "IL": 146.74, "Depth": 1.4499999999999886, "Manufacturing_Material": "الزهر المرن"}, "geometry": {"type": "Point", "coordinates": [31.523007248445378, 30.278537547029806, 147.13000000000466]}}, {"type": "Feature", "properties": {"ID": "434", "Diameter": 50, "Sectors": "القطاع الثاني عشر", "Implementing_company": "حسن علام", "Start": "2017-07-17 00:00:00+00:00", "End": "2018-04-16 00:00:00+00:00", "Northing": "30° 16' 42.44\" N", "Easting": "031° 31' 40.76\" E", "Google_Map": "https://www.google.com/maps/search/?api=1&query=031° 31' 40.76\" E,30° 16' 42.44\" N", "GL": 156.105, "IL": 154.655, "Depth": 1.4499999999999886, "Manufacturing_Material": "الزهر المرن"}, "geometry": {"type": "Point", "coordinates": [31.528142659837567, 30.278492174682377, 157.97999999999593]}}, {"type": "Feature", "properties": {"ID": "435", "Diameter": 50, "Sectors": "القطاع الثاني عشر", "Implementing_company": "حسن علام", "Start": "2017-07-17 00:00:00+00:00", "End": "2018-04-16 00:00:00+00:00", "Northing": "30° 16' 42.47\" N", "Easting": "031° 31' 40.98\" E", "Google_Map": "https://www.google.com/maps/search/?api=1&query=031° 31' 40.98\" E,30° 16' 42.47\" N", "GL": 156.105, "IL": 154.655, "Depth": 1.4499999999999886, "Manufacturing_Material": "الزهر المرن"}, "geometry": {"type": "Point", "coordinates": [31.528203304183542, 30.27850139921264, 157.97999999999593]}}, {"type": "Feature", "properties": {"ID": "436", "Diameter": 100, "Sectors": "القطاع الثاني عشر", "Implementing_company": "حسن علام", "Start": "2017-07-17 00:00:00+00:00", "End": "2018-04-16 00:00:00+00:00", "Northing": "30° 16' 42.46\" N", "Easting": "031° 31' 52.87\" E", "Google_Map": "https://www.google.com/maps/search/?api=1&query=031° 31' 52.87\" E,30° 16' 42.46\" N", "GL": 158.31, "IL": 156.86, "Depth": 1.4499999999999886, "Manufacturing_Material": "الزهر المرن"}, "geometry": {"type": "Point", "coordinates": [31.531505367360236, 30.278498653298946, 158.7899999999936]}}, {"type": "Feature", "properties": {"ID": "437", "Diameter": 50, "Sectors": "القطاع الثاني عشر", "Implementing_company": "حسن علام", "Start": "2017-07-17 00:00:00+00:00", "End": "2018-04-16 00:00:00+00:00", "Northing": "30° 16' 42.76\" N", "Easting": "031° 31' 36.33\" E", "Google_Map": "https://www.google.com/maps/search/?api=1&query=031° 31' 36.33\" E,30° 16' 42.76\" N", "GL": 151.63, "IL": 150.18, "Depth": 1.4499999999999886, "Manufacturing_Material": "الزهر المرن"}, "geometry": {"type": "Point", "coordinates": [31.52691332572589, 30.278580036169416, 151.63000000000466]}}, {"type": "Feature", "properties": {"ID": "438", "Diameter": 50, "Sectors": "القطاع الثاني عشر", "Implementing_company": "حسن علام", "Start": "2017-07-17 00:00:00+00:00", "End": "2018-04-16 00:00:00+00:00", "Northing": "30° 16' 42.74\" N", "Easting": "031° 31' 52.81\" E", "Google_Map": "https://www.google.com/maps/search/?api=1&query=031° 31' 52.81\" E,30° 16' 42.74\" N", "GL": 159.73, "IL": 158.28, "Depth": 1.4499999999999886, "Manufacturing_Material": "الزهر المرن"}, "geometry": {"type": "Point", "coordinates": [31.531489566624362, 30.278576875888657, 159.72999999999593]}}, {"type": "Feature", "properties": {"ID": "439", "Diameter": 50, "Sectors": "القطاع الثاني عشر", "Implementing_company": "حسن علام", "Start": "2017-07-17 00:00:00+00:00", "End": "2018-04-16 00:00:00+00:00", "Northing": "30° 16' 42.78\" N", "Easting": "031° 32' 1.44\" E", "Google_Map": "https://www.google.com/maps/search/?api=1&query=031° 32' 1.44\" E,30° 16' 42.78\" N", "GL": 162.5, "IL": 161.05, "Depth": 1.4499999999999886, "Manufacturing_Material": "الزهر المرن"}, "geometry": {"type": "Point", "coordinates": [31.533887598571937, 30.278585821799016, 162.5]}}, {"type": "Feature", "properties": {"ID": "440", "Diameter": 50, "Sectors": "القطاع الثاني عشر", "Implementing_company": "حسن علام", "Start": "2017-07-17 00:00:00+00:00", "End": "2018-04-16 00:00:00+00:00", "Northing": "30° 16' 42.81\" N", "Easting": "031° 32' 1.84\" E", "Google_Map": "https://www.google.com/maps/search/?api=1&query=031° 32' 1.84\" E,30° 16' 42.81\" N", "GL": 162.96, "IL": 161.51, "Depth": 1.450000000000017, "Manufacturing_Material": "الزهر المرن"}, "geometry": {"type": "Point", "coordinates": [31.533998910833038, 30.27859462534349, 162.9600000000064]}}, {"type": "Feature", "properties": {"ID": "441", "Diameter": 200, "Sectors": "القطاع الثالث عشر", "Implementing_company": "حسن علام", "Start": "2017-07-17 00:00:00+00:00", "End": "2018-04-16 00:00:00+00:00", "Northing": "30° 16' 43.06\" N", "Easting": "031° 31' 26.67\" E", "Google_Map": "https://www.google.com/maps/search/?api=1&query=031° 31' 26.67\" E,30° 16' 43.06\" N", "GL": 148.715, "IL": 147.265, "Depth": 1.450000000000017, "Manufacturing_Material": "الزهر المرن"}, "geometry": {"type": "Point", "coordinates": [31.524227954016588, 30.27866369078039, 147.7100000000064]}}, {"type": "Feature", "properties": {"ID": "442", "Diameter": 50, "Sectors": "القطاع الثاني عشر", "Implementing_company": "حسن علام", "Start": "2017-07-17 00:00:00+00:00", "End": "2018-04-16 00:00:00+00:00", "Northing": "30° 16' 43.0\" N", "Easting": "031° 31' 36.3\" E", "Google_Map": "https://www.google.com/maps/search/?api=1&query=031° 31' 36.3\" E,30° 16' 43.0\" N", "GL": 151.74, "IL": 150.29, "Depth": 1.450000000000017, "Manufacturing_Material": "الزهر المرن"}, "geometry": {"type": "Point", "coordinates": [31.526903750191586, 30.2786466149309, 151.74000000000524]}}, {"type": "Feature", "properties": {"ID": "443", "Diameter": 50, "Sectors": "القطاع الثاني عشر", "Implementing_company": "حسن علام", "Start": "2017-07-17 00:00:00+00:00", "End": "2018-04-16 00:00:00+00:00", "Northing": "30° 16' 43.25\" N", "Easting": "031° 31' 57.19\" E", "Google_Map": "https://www.google.com/maps/search/?api=1&query=031° 31' 57.19\" E,30° 16' 43.25\" N", "GL": 161.625, "IL": 160.175, "Depth": 1.4499999999999886, "Manufacturing_Material": "الزهر المرن"}, "geometry": {"type": "Point", "coordinates": [31.532706036191154, 30.27871614637866, 161.58000000000175]}}, {"type": "Feature", "properties": {"ID": "444", "Diameter": 200, "Sectors": "القطاع الثالث عشر", "Implementing_company": "حسن علام", "Start": "2017-07-17 00:00:00+00:00", "End": "2018-04-16 00:00:00+00:00", "Northing": "30° 16' 43.22\" N", "Easting": "031° 31' 28.71\" E", "Google_Map": "https://www.google.com/maps/search/?api=1&query=031° 31' 28.71\" E,30° 16' 43.22\" N", "GL": 148.12, "IL": 146.67, "Depth": 1.450000000000017, "Manufacturing_Material": "الزهر المرن"}, "geometry": {"type": "Point", "coordinates": [31.524795158934634, 30.278708516226363, 148.11999999999534]}}, {"type": "Feature", "properties": {"ID": "445", "Diameter": 50, "Sectors": "القطاع الثاني عشر", "Implementing_company": "حسن علام", "Start": "2017-07-17 00:00:00+00:00", "End": "2018-04-16 00:00:00+00:00", "Northing": "30° 16' 43.01\" N", "Easting": "031° 31' 52.77\" E", "Google_Map": "https://www.google.com/maps/search/?api=1&query=031° 31' 52.77\" E,30° 16' 43.01\" N", "GL": 158.95, "IL": 157.5, "Depth": 1.4499999999999886, "Manufacturing_Material": "الزهر المرن"}, "geometry": {"type": "Point", "coordinates": [31.531478167878763, 30.27864998058987, 158.9499999999971]}}, {"type": "Feature", "properties": {"ID": "446", "Diameter": 50, "Sectors": "القطاع الثاني عشر", "Implementing_company": "حسن علام", "Start": "2017-07-17 00:00:00+00:00", "End": "2018-04-16 00:00:00+00:00", "Northing": "30° 16' 43.24\" N", "Easting": "031° 31' 57.08\" E", "Google_Map": "https://www.google.com/maps/search/?api=1&query=031° 31' 57.08\" E,30° 16' 43.24\" N", "GL": 161.58, "IL": 160.13, "Depth": 1.450000000000017, "Manufacturing_Material": "الزهر المرن"}, "geometry": {"type": "Point", "coordinates": [31.532675134463847, 30.278713100309655, 161.58000000000175]}}, {"type": "Feature", "properties": {"ID": "447", "Diameter": 50, "Sectors": "القطاع الثاني عشر", "Implementing_company": "حسن علام", "Start": "2017-07-17 00:00:00+00:00", "End": "2018-04-16 00:00:00+00:00", "Northing": "30° 16' 43.39\" N", "Easting": "031° 31' 40.77\" E", "Google_Map": "https://www.google.com/maps/search/?api=1&query=031° 31' 40.77\" E,30° 16' 43.39\" N", "GL": 154.08, "IL": 152.63, "Depth": 1.450000000000017, "Manufacturing_Material": "الزهر المرن"}, "geometry": {"type": "Point", "coordinates": [31.528145030282307, 30.27875516218747, 154.08000000000175]}}, {"type": "Feature", "properties": {"ID": "448", "Diameter": 200, "Sectors": "القطاع الثاني عشر", "Implementing_company": "حسن علام", "Start": "2017-07-17 00:00:00+00:00", "End": "2018-04-16 00:00:00+00:00", "Northing": "30° 16' 43.62\" N", "Easting": "031° 31' 31.79\" E", "Google_Map": "https://www.google.com/maps/search/?api=1&query=031° 31' 31.79\" E,30° 16' 43.62\" N", "GL": 149.745, "IL": 148.295, "Depth": 1.450000000000017, "Manufacturing_Material": "الزهر المرن"}, "geometry": {"type": "Point", "coordinates": [31.52565173758801, 30.278818935509843, 149.13000000000466]}}, {"type": "Feature", "properties": {"ID": "449", "Diameter": 50, "Sectors": "القطاع الثاني عشر", "Implementing_company": "حسن علام", "Start": "2017-07-17 00:00:00+00:00", "End": "2018-04-16 00:00:00+00:00", "Northing": "30° 16' 43.38\" N", "Easting": "031° 31' 57.17\" E", "Google_Map": "https://www.google.com/maps/search/?api=1&query=031° 31' 57.17\" E,30° 16' 43.38\" N", "GL": 161.57, "IL": 160.12, "Depth": 1.4499999999999886, "Manufacturing_Material": "الزهر المرن"}, "geometry": {"type": "Point", "coordinates": [31.532700651754926, 30.27875454756747, 161.57000000000698]}}, {"type": "Feature", "properties": {"ID": "450", "Diameter": 50, "Sectors": "القطاع الثاني عشر", "Implementing_company": "حسن علام", "Start": "2017-07-17 00:00:00+00:00", "End": "2018-04-16 00:00:00+00:00", "Northing": "30° 16' 43.63\" N", "Easting": "031° 31' 40.73\" E", "Google_Map": "https://www.google.com/maps/search/?api=1&query=031° 31' 40.73\" E,30° 16' 43.63\" N", "GL": 154.11, "IL": 152.66, "Depth": 1.450000000000017, "Manufacturing_Material": "الزهر المرن"}, "geometry": {"type": "Point", "coordinates": [31.528135119825517, 30.278821733364737, 154.11000000000058]}}, {"type": "Feature", "properties": {"ID": "451", "Diameter": 100, "Sectors": "القطاع الثاني عشر", "Implementing_company": "حسن علام", "Start": "2017-07-17 00:00:00+00:00", "End": "2018-04-16 00:00:00+00:00", "Northing": "30° 16' 43.65\" N", "Easting": "031° 32' 1.55\" E", "Google_Map": "https://www.google.com/maps/search/?api=1&query=031° 32' 1.55\" E,30° 16' 43.65\" N", "GL": 161.005, "IL": 158.18, "Depth": 2.8249999999999886, "Manufacturing_Material": "الزهر المرن"}, "geometry": {"type": "Point", "coordinates": [31.533918537556946, 30.278827672150342, 162.38000000000466]}}, {"type": "Feature", "properties": {"ID": "452", "Diameter": 50, "Sectors": "القطاع الثاني عشر", "Implementing_company": "حسن علام", "Start": "2017-07-17 00:00:00+00:00", "End": "2018-04-16 00:00:00+00:00", "Northing": "30° 16' 43.87\" N", "Easting": "031° 31' 52.51\" E", "Google_Map": "https://www.google.com/maps/search/?api=1&query=031° 31' 52.51\" E,30° 16' 43.87\" N", "GL": 158.445, "IL": 156.995, "Depth": 1.4499999999999886, "Manufacturing_Material": "الزهر المرن"}, "geometry": {"type": "Point", "coordinates": [31.531405997800302, 30.278888566394418, 158.33000000000175]}}, {"type": "Feature", "properties": {"ID": "453", "Diameter": 50, "Sectors": "القطاع الثاني عشر", "Implementing_company": "حسن علام", "Start": "2017-07-17 00:00:00+00:00", "End": "2018-04-16 00:00:00+00:00", "Northing": "30° 16' 43.9\" N", "Easting": "031° 31' 52.73\" E", "Google_Map": "https://www.google.com/maps/search/?api=1&query=031° 31' 52.73\" E,30° 16' 43.9\" N", "GL": 158.445, "IL": 156.995, "Depth": 1.4499999999999886, "Manufacturing_Material": "الزهر المرن"}, "geometry": {"type": "Point", "coordinates": [31.5314666436967, 30.27889778669568, 158.33000000000175]}}, {"type": "Feature", "properties": {"ID": "454", "Diameter": 50, "Sectors": "القطاع الثاني عشر", "Implementing_company": "حسن علام", "Start": "2017-07-17 00:00:00+00:00", "End": "2018-04-16 00:00:00+00:00", "Northing": "30° 16' 43.93\" N", "Easting": "031° 32' 1.52\" E", "Google_Map": "https://www.google.com/maps/search/?api=1&query=031° 32' 1.52\" E,30° 16' 43.93\" N", "GL": 162.16, "IL": 160.71, "Depth": 1.4499999999999886, "Manufacturing_Material": "الزهر المرن"}, "geometry": {"type": "Point", "coordinates": [31.53390989338793, 30.27890571170629, 162.1600000000035]}}, {"type": "Feature", "properties": {"ID": "455", "Diameter": 100, "Sectors": "القطاع الثاني عشر", "Implementing_company": "حسن علام", "Start": "2017-07-17 00:00:00+00:00", "End": "2018-04-16 00:00:00+00:00", "Northing": "30° 16' 43.98\" N", "Easting": "031° 32' 6.03\" E", "Google_Map": "https://www.google.com/maps/search/?api=1&query=031° 32' 6.03\" E,30° 16' 43.98\" N", "GL": 162.36, "IL": 160.91, "Depth": 1.450000000000017, "Manufacturing_Material": "الزهر المرن"}, "geometry": {"type": "Point", "coordinates": [31.535161282063758, 30.27891992448332, 164.38000000000466]}}, {"type": "Feature", "properties": {"ID": "456", "Diameter": 200, "Sectors": "القطاع الثاني عشر", "Implementing_company": "حسن علام", "Start": "2017-07-17 00:00:00+00:00", "End": "2018-04-16 00:00:00+00:00", "Northing": "30° 16' 44.22\" N", "Easting": "031° 31' 36.12\" E", "Google_Map": "https://www.google.com/maps/search/?api=1&query=031° 31' 36.12\" E,30° 16' 44.22\" N", "GL": 153.47333333333336, "IL": 152.0233333333333, "Depth": 1.4500000000000455, "Manufacturing_Material": "الزهر المرن"}, "geometry": {"type": "Point", "coordinates": [31.526855044566357, 30.27898526718263, 151.02999999999884]}}, {"type": "Feature", "properties": {"ID": "457", "Diameter": 50, "Sectors": "القطاع الثاني عشر", "Implementing_company": "حسن علام", "Start": "2017-07-17 00:00:00+00:00", "End": "2018-04-16 00:00:00+00:00", "Northing": "30° 16' 44.07\" N", "Easting": "031° 32' 1.5\" E", "Google_Map": "https://www.google.com/maps/search/?api=1&query=031° 32' 1.5\" E,30° 16' 44.07\" N", "GL": 162.07, "IL": 160.62, "Depth": 1.4499999999999886, "Manufacturing_Material": "الزهر المرن"}, "geometry": {"type": "Point", "coordinates": [31.533904230578813, 30.278944058151897, 162.07000000000698]}}, {"type": "Feature", "properties": {"ID": "458", "Diameter": 50, "Sectors": "القطاع الثاني عشر", "Implementing_company": "حسن علام", "Start": "2017-07-17 00:00:00+00:00", "End": "2018-04-16 00:00:00+00:00", "Northing": "30° 16' 44.28\" N", "Easting": "031° 32' 5.98\" E", "Google_Map": "https://www.google.com/maps/search/?api=1&query=031° 32' 5.98\" E,30° 16' 44.28\" N", "GL": 164.77, "IL": 163.32, "Depth": 1.450000000000017, "Manufacturing_Material": "الزهر المرن"}, "geometry": {"type": "Point", "coordinates": [31.53514817059294, 30.279004055769448, 164.77000000000407]}}, {"type": "Feature", "properties": {"ID": "459", "Diameter": 50, "Sectors": "القطاع الثاني عشر", "Implementing_company": "حسن علام", "Start": "2017-07-17 00:00:00+00:00", "End": "2018-04-16 00:00:00+00:00", "Northing": "30° 16' 44.37\" N", "Easting": "031° 31' 56.92\" E", "Google_Map": "https://www.google.com/maps/search/?api=1&query=031° 31' 56.92\" E,30° 16' 44.37\" N", "GL": 160.76, "IL": 159.31, "Depth": 1.4499999999999886, "Manufacturing_Material": "الزهر المرن"}, "geometry": {"type": "Point", "coordinates": [31.532630414872408, 30.279029041110267, 160.72999999999593]}}, {"type": "Feature", "properties": {"ID": "460", "Diameter": 50, "Sectors": "القطاع الثاني عشر", "Implementing_company": "حسن علام", "Start": "2017-07-17 00:00:00+00:00", "End": "2018-04-16 00:00:00+00:00", "Northing": "30° 16' 44.41\" N", "Easting": "031° 31' 57.13\" E", "Google_Map": "https://www.google.com/maps/search/?api=1&query=031° 31' 57.13\" E,30° 16' 44.41\" N", "GL": 160.76, "IL": 159.31, "Depth": 1.4499999999999886, "Manufacturing_Material": "الزهر المرن"}, "geometry": {"type": "Point", "coordinates": [31.532690786659966, 30.279038275486652, 160.72999999999593]}}, {"type": "Feature", "properties": {"ID": "461", "Diameter": 50, "Sectors": "القطاع الثاني عشر", "Implementing_company": "حسن علام", "Start": "2017-07-17 00:00:00+00:00", "End": "2018-04-16 00:00:00+00:00", "Northing": "30° 16' 44.49\" N", "Easting": "031° 32' 5.94\" E", "Google_Map": "https://www.google.com/maps/search/?api=1&query=031° 32' 5.94\" E,30° 16' 44.49\" N", "GL": 165.4, "IL": 163.95, "Depth": 1.450000000000017, "Manufacturing_Material": "الزهر المرن"}, "geometry": {"type": "Point", "coordinates": [31.53513856069516, 30.27906269448837, 165.39999999999418]}}, {"type": "Feature", "properties": {"ID": "462", "Diameter": 200, "Sectors": "القطاع الثاني عشر", "Implementing_company": "حسن علام", "Start": "2017-07-17 00:00:00+00:00", "End": "2018-04-16 00:00:00+00:00", "Northing": "30° 16' 44.82\" N", "Easting": "031° 31' 40.55\" E", "Google_Map": "https://www.google.com/maps/search/?api=1&query=031° 31' 40.55\" E,30° 16' 44.82\" N", "GL": 153.47333333333336, "IL": 152.0233333333333, "Depth": 1.4500000000000455, "Manufacturing_Material": "الزهر المرن"}, "geometry": {"type": "Point", "coordinates": [31.5280855692725, 30.279154560420658, 153.36000000000058]}}, {"type": "Feature", "properties": {"ID": "463", "Diameter": 200, "Sectors": "القطاع الثاني عشر", "Implementing_company": "حسن علام", "Start": "2017-07-17 00:00:00+00:00", "End": "2018-04-16 00:00:00+00:00", "Northing": "30° 16' 45.05\" N", "Easting": "031° 31' 42.83\" E", "Google_Map": "https://www.google.com/maps/search/?api=1&query=031° 31' 42.83\" E,30° 16' 45.05\" N", "GL": 156.315, "IL": 154.865, "Depth": 1.4499999999999886, "Manufacturing_Material": "الزهر المرن"}, "geometry": {"type": "Point", "coordinates": [31.528716565709164, 30.279216844296265, 154.5899999999965]}}, {"type": "Feature", "properties": {"ID": "464", "Diameter": 50, "Sectors": "القطاع الثاني عشر", "Implementing_company": "حسن علام", "Start": "2017-07-17 00:00:00+00:00", "End": "2018-04-16 00:00:00+00:00", "Northing": "30° 16' 44.85\" N", "Easting": "031° 31' 52.48\" E", "Google_Map": "https://www.google.com/maps/search/?api=1&query=031° 31' 52.48\" E,30° 16' 44.85\" N", "GL": 158.8, "IL": 157.35, "Depth": 1.450000000000017, "Manufacturing_Material": "الزهر المرن"}, "geometry": {"type": "Point", "coordinates": [31.531398189450343, 30.279162927998627, 158.8000000000029]}}, {"type": "Feature", "properties": {"ID": "465", "Diameter": 50, "Sectors": "القطاع الثاني عشر", "Implementing_company": "حسن علام", "Start": "2017-07-17 00:00:00+00:00", "End": "2018-04-16 00:00:00+00:00", "Northing": "30° 16' 44.91\" N", "Easting": "031° 32' 1.27\" E", "Google_Map": "https://www.google.com/maps/search/?api=1&query=031° 32' 1.27\" E,30° 16' 44.91\" N", "GL": 161.44, "IL": 159.99, "Depth": 1.4499999999999886, "Manufacturing_Material": "الزهر المرن"}, "geometry": {"type": "Point", "coordinates": [31.533840717400754, 30.279177053403117, 161.41999999999825]}}, {"type": "Feature", "properties": {"ID": "466", "Diameter": 50, "Sectors": "القطاع الثاني عشر", "Implementing_company": "حسن علام", "Start": "2017-07-17 00:00:00+00:00", "End": "2018-04-16 00:00:00+00:00", "Northing": "30° 16' 44.94\" N", "Easting": "031° 32' 1.49\" E", "Google_Map": "https://www.google.com/maps/search/?api=1&query=031° 32' 1.49\" E,30° 16' 44.94\" N", "GL": 161.44, "IL": 159.99, "Depth": 1.4499999999999886, "Manufacturing_Material": "الزهر المرن"}, "geometry": {"type": "Point", "coordinates": [31.533901301995694, 30.27918620426704, 161.41999999999825]}}, {"type": "Feature", "properties": {"ID": "467", "Diameter": 50, "Sectors": "القطاع الثاني عشر", "Implementing_company": "حسن علام", "Start": "2017-07-17 00:00:00+00:00", "End": "2018-04-16 00:00:00+00:00", "Northing": "30° 16' 44.99\" N", "Easting": "031° 31' 52.46\" E", "Google_Map": "https://www.google.com/maps/search/?api=1&query=031° 31' 52.46\" E,30° 16' 44.99\" N", "GL": 158.79, "IL": 157.34, "Depth": 1.4499999999999886, "Manufacturing_Material": "الزهر المرن"}, "geometry": {"type": "Point", "coordinates": [31.531392242874812, 30.279201066211776, 158.7899999999936]}}, {"type": "Feature", "properties": {"ID": "468", "Diameter": 50, "Sectors": "القطاع الثاني عشر", "Implementing_company": "حسن علام", "Start": "2017-07-17 00:00:00+00:00", "End": "2018-04-16 00:00:00+00:00", "Northing": "30° 16' 45.4\" N", "Easting": "031° 31' 56.87\" E", "Google_Map": "https://www.google.com/maps/search/?api=1&query=031° 31' 56.87\" E,30° 16' 45.4\" N", "GL": 166.31, "IL": 164.86, "Depth": 1.4499999999999886, "Manufacturing_Material": "الزهر المرن"}, "geometry": {"type": "Point", "coordinates": [31.532618229718654, 30.279313328243962, 166.30999999999767]}}, {"type": "Feature", "properties": {"ID": "469", "Diameter": 50, "Sectors": "القطاع الثاني عشر", "Implementing_company": "حسن علام", "Start": "2017-07-17 00:00:00+00:00", "End": "2018-04-16 00:00:00+00:00", "Northing": "30° 16' 45.44\" N", "Easting": "031° 32' 5.79\" E", "Google_Map": "https://www.google.com/maps/search/?api=1&query=031° 32' 5.79\" E,30° 16' 45.44\" N", "GL": 168.575, "IL": 167.125, "Depth": 1.4499999999999886, "Manufacturing_Material": "الزهر المرن"}, "geometry": {"type": "Point", "coordinates": [31.535095141037008, 30.279326881901163, 169.41999999999825]}}, {"type": "Feature", "properties": {"ID": "470", "Diameter": 50, "Sectors": "القطاع الثاني عشر", "Implementing_company": "حسن علام", "Start": "2017-07-17 00:00:00+00:00", "End": "2018-04-16 00:00:00+00:00", "Northing": "30° 16' 45.43\" N", "Easting": "031° 32' 5.79\" E", "Google_Map": "https://www.google.com/maps/search/?api=1&query=031° 32' 5.79\" E,30° 16' 45.43\" N", "GL": 168.575, "IL": 167.125, "Depth": 1.4499999999999886, "Manufacturing_Material": "الزهر المرن"}, "geometry": {"type": "Point", "coordinates": [31.535095665243535, 30.279323691935442, 169.41999999999825]}}, {"type": "Feature", "properties": {"ID": "471", "Diameter": 50, "Sectors": "القطاع الثاني عشر", "Implementing_company": "حسن علام", "Start": "2017-07-17 00:00:00+00:00", "End": "2018-04-16 00:00:00+00:00", "Northing": "30° 16' 45.56\" N", "Easting": "031° 31' 56.85\" E", "Google_Map": "https://www.google.com/maps/search/?api=1&query=031° 31' 56.85\" E,30° 16' 45.56\" N", "GL": 165.37, "IL": 163.92, "Depth": 1.450000000000017, "Manufacturing_Material": "الزهر المرن"}, "geometry": {"type": "Point", "coordinates": [31.532611709346003, 30.279357532449446, 165.36999999999534]}}, {"type": "Feature", "properties": {"ID": "472", "Diameter": 100, "Sectors": "القطاع الثاني عشر", "Implementing_company": "حسن علام", "Start": "2017-07-17 00:00:00+00:00", "End": "2018-04-16 00:00:00+00:00", "Northing": "30° 16' 45.55\" N", "Easting": "031° 31' 48.66\" E", "Google_Map": "https://www.google.com/maps/search/?api=1&query=031° 31' 48.66\" E,30° 16' 45.55\" N", "GL": 157.23999999999998, "IL": 155.79, "Depth": 1.45, "Manufacturing_Material": "الزهر المرن"}, "geometry": {"type": "Point", "coordinates": [31.530337874285724, 30.279355418653193, 155.9600000000064]}}, {"type": "Feature", "properties": {"ID": "473", "Diameter": 150, "Sectors": "القطاع الثاني عشر", "Implementing_company": "حسن علام", "Start": "2017-07-17 00:00:00+00:00", "End": "2018-04-16 00:00:00+00:00", "Northing": "30° 16' 45.79\" N", "Easting": "031° 31' 48.8\" E", "Google_Map": "https://www.google.com/maps/search/?api=1&query=031° 31' 48.8\" E,30° 16' 45.79\" N", "GL": 158.255, "IL": 156.805, "Depth": 1.4499999999999886, "Manufacturing_Material": "الزهر المرن"}, "geometry": {"type": "Point", "coordinates": [31.530377377530634, 30.279423112542446, 155.9600000000064]}}, {"type": "Feature", "properties": {"ID": "474", "Diameter": 50, "Sectors": "القطاع الثاني عشر", "Implementing_company": "حسن علام", "Start": "2017-07-17 00:00:00+00:00", "End": "2018-04-16 00:00:00+00:00", "Northing": "30° 16' 45.97\" N", "Easting": "031° 32' 1.22\" E", "Google_Map": "https://www.google.com/maps/search/?api=1&query=031° 32' 1.22\" E,30° 16' 45.97\" N", "GL": 160.63, "IL": 159.18, "Depth": 1.4499999999999886, "Manufacturing_Material": "الزهر المرن"}, "geometry": {"type": "Point", "coordinates": [31.53382626643737, 30.27947203229311, 160.63000000000466]}}, {"type": "Feature", "properties": {"ID": "475", "Diameter": 150, "Sectors": "القطاع الثاني عشر", "Implementing_company": "حسن علام", "Start": "2017-07-17 00:00:00+00:00", "End": "2018-04-16 00:00:00+00:00", "Northing": "30° 16' 46.21\" N", "Easting": "031° 31' 52.27\" E", "Google_Map": "https://www.google.com/maps/search/?api=1&query=031° 31' 52.27\" E,30° 16' 46.21\" N", "GL": 158.255, "IL": 156.805, "Depth": 1.4499999999999886, "Manufacturing_Material": "الزهر المرن"}, "geometry": {"type": "Point", "coordinates": [31.531339767337975, 30.2795376145696, 157.834400000007]}}, {"type": "Feature", "properties": {"ID": "476", "Diameter": 50, "Sectors": "القطاع الثاني عشر", "Implementing_company": "حسن علام", "Start": "2017-07-17 00:00:00+00:00", "End": "2018-04-16 00:00:00+00:00", "Northing": "30° 16' 46.09\" N", "Easting": "031° 32' 1.2\" E", "Google_Map": "https://www.google.com/maps/search/?api=1&query=031° 32' 1.2\" E,30° 16' 46.09\" N", "GL": 160.49, "IL": 159.04, "Depth": 1.450000000000017, "Manufacturing_Material": "الزهر المرن"}, "geometry": {"type": "Point", "coordinates": [31.53382122720807, 30.279506156430898, 160.49000000000524]}}, {"type": "Feature", "properties": {"ID": "477", "Diameter": 50, "Sectors": "القطاع الثاني عشر", "Implementing_company": "حسن علام", "Start": "2017-07-17 00:00:00+00:00", "End": "2018-04-16 00:00:00+00:00", "Northing": "30° 16' 46.37\" N", "Easting": "031° 32' 5.64\" E", "Google_Map": "https://www.google.com/maps/search/?api=1&query=031° 32' 5.64\" E,30° 16' 46.37\" N", "GL": 162.56, "IL": 161.11, "Depth": 1.4499999999999886, "Manufacturing_Material": "الزهر المرن"}, "geometry": {"type": "Point", "coordinates": [31.53505308747702, 30.27958275392407, 162.55999999999767]}}, {"type": "Feature", "properties": {"ID": "478", "Diameter": 50, "Sectors": "القطاع الثاني عشر", "Implementing_company": "حسن علام", "Start": "2017-07-17 00:00:00+00:00", "End": "2018-04-16 00:00:00+00:00", "Northing": "30° 16' 46.53\" N", "Easting": "031° 32' 5.61\" E", "Google_Map": "https://www.google.com/maps/search/?api=1&query=031° 32' 5.61\" E,30° 16' 46.53\" N", "GL": 161.15, "IL": 159.7, "Depth": 1.450000000000017, "Manufacturing_Material": "الزهر المرن"}, "geometry": {"type": "Point", "coordinates": [31.535045694192327, 30.279627741201075, 161.14999999999418]}}, {"type": "Feature", "properties": {"ID": "479", "Diameter": 100, "Sectors": "القطاع الثاني عشر", "Implementing_company": "حسن علام", "Start": "2017-07-17 00:00:00+00:00", "End": "2018-04-16 00:00:00+00:00", "Northing": "30° 16' 46.73\" N", "Easting": "031° 31' 56.68\" E", "Google_Map": "https://www.google.com/maps/search/?api=1&query=031° 31' 56.68\" E,30° 16' 46.73\" N", "GL": 160.38500000000002, "IL": 158.935, "Depth": 1.450000000000017, "Manufacturing_Material": "الزهر المرن"}, "geometry": {"type": "Point", "coordinates": [31.532563682201854, 30.27968312354683, 159.19000000000233]}}, {"type": "Feature", "properties": {"ID": "480", "Diameter": 100, "Sectors": "القطاع الثاني عشر", "Implementing_company": "حسن علام", "Start": "2017-07-17 00:00:00+00:00", "End": "2018-04-16 00:00:00+00:00", "Northing": "30° 16' 47.24\" N", "Easting": "031° 32' 1.03\" E", "Google_Map": "https://www.google.com/maps/search/?api=1&query=031° 32' 1.03\" E,30° 16' 47.24\" N", "GL": 161.005, "IL": 158.18, "Depth": 2.8249999999999886, "Manufacturing_Material": "الزهر المرن"}, "geometry": {"type": "Point", "coordinates": [31.533773944974957, 30.279826346699593, 159.63000000000466]}}, {"type": "Feature", "properties": {"ID": "481", "Diameter": 150, "Sectors": "القطاع الثاني عشر", "Implementing_company": "حسن علام", "Start": "2017-07-17 00:00:00+00:00", "End": "2018-04-16 00:00:00+00:00", "Northing": "30° 16' 47.73\" N", "Easting": "031° 32' 5.41\" E", "Google_Map": "https://www.google.com/maps/search/?api=1&query=031° 32' 5.41\" E,30° 16' 47.73\" N", "GL": 162.36, "IL": 160.91, "Depth": 1.450000000000017, "Manufacturing_Material": "الزهر المرن"}, "geometry": {"type": "Point", "coordinates": [31.53499065473608, 30.279962616334995, 160.3399999999965]}}, {"type": "Feature", "properties": {"ID": "482", "Diameter": 150, "Sectors": "القطاع الثاني عشر", "Implementing_company": "حسن علام", "Start": "2017-07-17 00:00:00+00:00", "End": "2018-04-16 00:00:00+00:00", "Northing": "30° 16' 47.71\" N", "Easting": "031° 32' 4.97\" E", "Google_Map": "https://www.google.com/maps/search/?api=1&query=031° 32' 4.97\" E,30° 16' 47.71\" N", "GL": 158.255, "IL": 156.805, "Depth": 1.4499999999999886, "Manufacturing_Material": "الزهر المرن"}, "geometry": {"type": "Point", "coordinates": [31.534868632371403, 30.279957405954132, 160.2100000000064]}}, {"type": "Feature", "properties": {"ID": "483", "Diameter": 300, "Sectors": "القطاع الثالث عشر", "Implementing_company": "حسن علام", "Start": "2017-07-17 00:00:00+00:00", "End": "2018-04-16 00:00:00+00:00", "Northing": "30° 16' 17.45\" N", "Easting": "031° 30' 58.29\" E", "Google_Map": "https://www.google.com/maps/search/?api=1&query=031° 30' 58.29\" E,30° 16' 17.45\" N", "GL": 158.255, "IL": 156.805, "Depth": 1.4499999999999886, "Manufacturing_Material": "الزهر المرن"}, "geometry": {"type": "Point", "coordinates": [31.51634431940302, 30.271549955388195, 153.9100000000035]}}, {"type": "Feature", "properties": {"ID": "484", "Diameter": 100, "Sectors": "القطاع الثالث عشر", "Implementing_company": "حسن علام", "Start": "2017-07-17 00:00:00+00:00", "End": "2018-04-16 00:00:00+00:00", "Northing": "30° 16' 17.54\" N", "Easting": "031° 30' 57.91\" E", "Google_Map": "https://www.google.com/maps/search/?api=1&query=031° 30' 57.91\" E,30° 16' 17.54\" N", "GL": 151.95000000000002, "IL": 150.5, "Depth": 1.450000000000017, "Manufacturing_Material": "الزهر المرن"}, "geometry": {"type": "Point", "coordinates": [31.516239218939052, 30.271575214182796, 153.72000000000116]}}, {"type": "Feature", "properties": {"ID": "485", "Diameter": 100, "Sectors": "القطاع الرابع عشر", "Implementing_company": "العبد", "Start": "2017-05-23 00:00:00+00:00", "End": "2018-02-22 00:00:00+00:00", "Northing": "30° 16' 26.66\" N", "Easting": "031° 30' 53.85\" E", "Google_Map": "https://www.google.com/maps/search/?api=1&query=031° 30' 53.85\" E,30° 16' 26.66\" N", "GL": 151.95000000000002, "IL": 150.5, "Depth": 1.450000000000017, "Manufacturing_Material": "الزهر المرن"}, "geometry": {"type": "Point", "coordinates": [31.51511086005235, 30.274109055464688, 156.5399999999936]}}, {"type": "Feature", "properties": {"ID": "486", "Diameter": 100, "Sectors": "القطاع الرابع عشر", "Implementing_company": "العبد", "Start": "2017-05-23 00:00:00+00:00", "End": "2018-02-22 00:00:00+00:00", "Northing": "30° 16' 32.78\" N", "Easting": "031° 30' 52.84\" E", "Google_Map": "https://www.google.com/maps/search/?api=1&query=031° 30' 52.84\" E,30° 16' 32.78\" N", "GL": 151.95000000000002, "IL": 150.5, "Depth": 1.450000000000017, "Manufacturing_Material": "الزهر المرن"}, "geometry": {"type": "Point", "coordinates": [31.51483174435924, 30.275807922961015, 154.24000000000524]}}, {"type": "Feature", "properties": {"ID": "487", "Diameter": 100, "Sectors": "القطاع الخامس عشر", "Implementing_company": "العبد", "Start": "2017-05-23 00:00:00+00:00", "End": "2018-02-22 00:00:00+00:00", "Northing": "30° 16' 23.29\" N", "Easting": "031° 30' 25.77\" E", "Google_Map": "https://www.google.com/maps/search/?api=1&query=031° 30' 25.77\" E,30° 16' 23.29\" N", "GL": 155.04, "IL": 153.59, "Depth": 1.4499999999999886, "Manufacturing_Material": "الزهر المرن"}, "geometry": {"type": "Point", "coordinates": [31.507312750939665, 30.273172034598783, 154.9499999999971]}}, {"type": "Feature", "properties": {"ID": "488", "Diameter": 100, "Sectors": "القطاع الرابع عشر", "Implementing_company": "العبد", "Start": "2017-05-23 00:00:00+00:00", "End": "2018-02-22 00:00:00+00:00", "Northing": "30° 16' 29.17\" N", "Easting": "031° 30' 24.95\" E", "Google_Map": "https://www.google.com/maps/search/?api=1&query=031° 30' 24.95\" E,30° 16' 29.17\" N", "GL": 155.57, "IL": 154.12, "Depth": 1.4499999999999886, "Manufacturing_Material": "الزهر المرن"}, "geometry": {"type": "Point", "coordinates": [31.507084384530454, 30.274806394159828, 155.7899999999936]}}, {"type": "Feature", "properties": {"ID": "489", "Diameter": 100, "Sectors": "القطاع الخامس عشر", "Implementing_company": "العبد", "Start": "2017-05-23 00:00:00+00:00", "End": "2018-02-22 00:00:00+00:00", "Northing": "30° 16' 28.53\" N", "Easting": "031° 30' 17.88\" E", "Google_Map": "https://www.google.com/maps/search/?api=1&query=031° 30' 17.88\" E,30° 16' 28.53\" N", "GL": 156.135, "IL": 154.685, "Depth": 1.4499999999999886, "Manufacturing_Material": "الزهر المرن"}, "geometry": {"type": "Point", "coordinates": [31.505121455908913, 30.274628582152673, 155.9499999999971]}}, {"type": "Feature", "properties": {"ID": "490", "Diameter": 100, "Sectors": "القطاع الخامس عشر", "Implementing_company": "العبد", "Start": "2017-05-23 00:00:00+00:00", "End": "2018-02-22 00:00:00+00:00", "Northing": "30° 16' 31.73\" N", "Easting": "031° 30' 17.5\" E", "Google_Map": "https://www.google.com/maps/search/?api=1&query=031° 30' 17.5\" E,30° 16' 31.73\" N", "GL": 153.14, "IL": 151.69, "Depth": 1.4499999999999886, "Manufacturing_Material": "الزهر المرن"}, "geometry": {"type": "Point", "coordinates": [31.505016104048646, 30.275516041748944, 154.05999999999767]}}, {"type": "Feature", "properties": {"ID": "491", "Diameter": 100, "Sectors": "القطاع الرابع عشر", "Implementing_company": "العبد", "Start": "2017-05-23 00:00:00+00:00", "End": "2018-02-22 00:00:00+00:00", "Northing": "30° 16' 32.6\" N", "Easting": "031° 30' 24.43\" E", "Google_Map": "https://www.google.com/maps/search/?api=1&query=031° 30' 24.43\" E,30° 16' 32.6\" N", "GL": 154.89000000000001, "IL": 153.43999999999997, "Depth": 1.4500000000000455, "Manufacturing_Material": "الزهر المرن"}, "geometry": {"type": "Point", "coordinates": [31.50694025448511, 30.275759436803835, 154.99000000000524]}}, {"type": "Feature", "properties": {"ID": "492", "Diameter": 100, "Sectors": "القطاع الرابع عشر", "Implementing_company": "العبد", "Start": "2017-05-23 00:00:00+00:00", "End": "2018-02-22 00:00:00+00:00", "Northing": "30° 16' 32.56\" N", "Easting": "031° 30' 24.44\" E", "Google_Map": "https://www.google.com/maps/search/?api=1&query=031° 30' 24.44\" E,30° 16' 32.56\" N", "GL": 155.03, "IL": 153.58, "Depth": 1.4499999999999886, "Manufacturing_Material": "الزهر المرن"}, "geometry": {"type": "Point", "coordinates": [31.506942185430894, 30.27574666628429, 154.80999999999767]}}, {"type": "Feature", "properties": {"ID": "493", "Diameter": 100, "Sectors": "القطاع الرابع عشر", "Implementing_company": "العبد", "Start": "2017-05-23 00:00:00+00:00", "End": "2018-02-22 00:00:00+00:00", "Northing": "30° 16' 30.89\" N", "Easting": "031° 30' 36.42\" E", "Google_Map": "https://www.google.com/maps/search/?api=1&query=031° 30' 36.42\" E,30° 16' 30.89\" N", "GL": 158.885, "IL": 157.435, "Depth": 1.4499999999999886, "Manufacturing_Material": "الزهر المرن"}, "geometry": {"type": "Point", "coordinates": [31.510269707220285, 30.275284314010634, 158.5899999999965]}}, {"type": "Feature", "properties": {"ID": "494", "Diameter": 100, "Sectors": "القطاع الرابع عشر", "Implementing_company": "العبد", "Start": "2017-05-23 00:00:00+00:00", "End": "2018-02-22 00:00:00+00:00", "Northing": "30° 16' 33.09\" N", "Easting": "031° 30' 28.37\" E", "Google_Map": "https://www.google.com/maps/search/?api=1&query=031° 30' 28.37\" E,30° 16' 33.09\" N", "GL": 156.215, "IL": 154.765, "Depth": 1.450000000000017, "Manufacturing_Material": "الزهر المرن"}, "geometry": {"type": "Point", "coordinates": [31.508033663039804, 30.275895571792738, 157.02000000000407]}}, {"type": "Feature", "properties": {"ID": "495", "Diameter": 100, "Sectors": "القطاع الرابع عشر", "Implementing_company": "العبد", "Start": "2017-05-23 00:00:00+00:00", "End": "2018-02-22 00:00:00+00:00", "Northing": "30° 16' 28.47\" N", "Easting": "031° 30' 27.81\" E", "Google_Map": "https://www.google.com/maps/search/?api=1&query=031° 30' 27.81\" E,30° 16' 28.47\" N", "GL": 156.95499999999998, "IL": 155.505, "Depth": 1.4499999999999886, "Manufacturing_Material": "الزهر المرن"}, "geometry": {"type": "Point", "coordinates": [31.507878343022757, 30.27461270689094, 157.10000000000582]}}, {"type": "Feature", "properties": {"ID": "496", "Diameter": 100, "Sectors": "القطاع الرابع عشر", "Implementing_company": "العبد", "Start": "2017-05-23 00:00:00+00:00", "End": "2018-02-22 00:00:00+00:00", "Northing": "30° 16' 27.4\" N", "Easting": "031° 30' 29.35\" E", "Google_Map": "https://www.google.com/maps/search/?api=1&query=031° 30' 29.35\" E,30° 16' 27.4\" N", "GL": 157.02499999999998, "IL": 155.575, "Depth": 1.4499999999999886, "Manufacturing_Material": "الزهر المرن"}, "geometry": {"type": "Point", "coordinates": [31.50830667846436, 30.274314329027035, 157.00999999999476]}}, {"type": "Feature", "properties": {"ID": "497", "Diameter": 100, "Sectors": "القطاع الرابع عشر", "Implementing_company": "العبد", "Start": "2017-05-23 00:00:00+00:00", "End": "2018-02-22 00:00:00+00:00", "Northing": "30° 16' 23.77\" N", "Easting": "031° 30' 29.86\" E", "Google_Map": "https://www.google.com/maps/search/?api=1&query=031° 30' 29.86\" E,30° 16' 23.77\" N", "GL": 154.925, "IL": 153.475, "Depth": 1.450000000000017, "Manufacturing_Material": "الزهر المرن"}, "geometry": {"type": "Point", "coordinates": [31.508449381951284, 30.273307335420526, 155.14999999999418]}}, {"type": "Feature", "properties": {"ID": "498", "Diameter": 100, "Sectors": "القطاع الخامس عشر", "Implementing_company": "العبد", "Start": "2017-05-23 00:00:00+00:00", "End": "2018-02-22 00:00:00+00:00", "Northing": "30° 16' 32.37\" N", "Easting": "031° 30' 11.4\" E", "Google_Map": "https://www.google.com/maps/search/?api=1&query=031° 30' 11.4\" E,30° 16' 32.37\" N", "GL": 154.65499999999997, "IL": 153.20499999999998, "Depth": 1.4499999999999886, "Manufacturing_Material": "الزهر المرن"}, "geometry": {"type": "Point", "coordinates": [31.503319681773874, 30.27569603081779, 154.38999999999942]}}, {"type": "Feature", "properties": {"ID": "499", "Diameter": 100, "Sectors": "القطاع الرابع عشر", "Implementing_company": "العبد", "Start": "2017-05-23 00:00:00+00:00", "End": "2018-02-22 00:00:00+00:00", "Northing": "30° 16' 21.58\" N", "Easting": "031° 30' 56.09\" E", "Google_Map": "https://www.google.com/maps/search/?api=1&query=031° 30' 56.09\" E,30° 16' 21.58\" N", "GL": 151.95000000000002, "IL": 150.5, "Depth": 1.450000000000017, "Manufacturing_Material": "الزهر المرن"}, "geometry": {"type": "Point", "coordinates": [31.515735694204515, 30.272697839806217, 154.82000000000698]}}, {"type": "Feature", "properties": {"ID": "500", "Diameter": 100, "Sectors": "القطاع الرابع عشر", "Implementing_company": "العبد", "Start": "2017-05-23 00:00:00+00:00", "End": "2018-02-22 00:00:00+00:00", "Northing": "30° 16' 18.05\" N", "Easting": "031° 30' 46.09\" E", "Google_Map": "https://www.google.com/maps/search/?api=1&query=031° 30' 46.09\" E,30° 16' 18.05\" N", "GL": 154.315, "IL": 152.865, "Depth": 1.4499999999999886, "Manufacturing_Material": "الزهر المرن"}, "geometry": {"type": "Point", "coordinates": [31.51295712099602, 30.271715815045233, 154.6999999999971]}}, {"type": "Feature", "properties": {"ID": "501", "Diameter": 100, "Sectors": "القطاع الرابع عشر", "Implementing_company": "العبد", "Start": "2017-05-23 00:00:00+00:00", "End": "2018-02-22 00:00:00+00:00", "Northing": "30° 16' 19.22\" N", "Easting": "031° 30' 49.37\" E", "Google_Map": "https://www.google.com/maps/search/?api=1&query=031° 30' 49.37\" E,30° 16' 19.22\" N", "GL": 154.315, "IL": 152.865, "Depth": 1.4499999999999886, "Manufacturing_Material": "الزهر المرن"}, "geometry": {"type": "Point", "coordinates": [31.513868011216083, 30.272041324738353, 153.92999999999302]}}, {"type": "Feature", "properties": {"ID": "502", "Diameter": 100, "Sectors": "القطاع الرابع عشر", "Implementing_company": "العبد", "Start": "2017-05-23 00:00:00+00:00", "End": "2018-02-22 00:00:00+00:00", "Northing": "30° 16' 20.67\" N", "Easting": "031° 30' 53.48\" E", "Google_Map": "https://www.google.com/maps/search/?api=1&query=031° 30' 53.48\" E,30° 16' 20.67\" N", "GL": 154.325, "IL": 152.875, "Depth": 1.4499999999999886, "Manufacturing_Material": "الزهر المرن"}, "geometry": {"type": "Point", "coordinates": [31.51500880809506, 30.272444232204055, 153.83000000000175]}}, {"type": "Feature", "properties": {"ID": "503", "Diameter": 100, "Sectors": "القطاع الرابع عشر", "Implementing_company": "العبد", "Start": "2017-05-23 00:00:00+00:00", "End": "2018-02-22 00:00:00+00:00", "Northing": "30° 16' 26.08\" N", "Easting": "031° 30' 49.43\" E", "Google_Map": "https://www.google.com/maps/search/?api=1&query=031° 30' 49.43\" E,30° 16' 26.08\" N", "GL": 155.41, "IL": 153.96, "Depth": 1.4499999999999886, "Manufacturing_Material": "الزهر المرن"}, "geometry": {"type": "Point", "coordinates": [31.513883956707698, 30.273946877687536, 155.25]}}, {"type": "Feature", "properties": {"ID": "504", "Diameter": 100, "Sectors": "القطاع الرابع عشر", "Implementing_company": "العبد", "Start": "2017-05-23 00:00:00+00:00", "End": "2018-02-22 00:00:00+00:00", "Northing": "30° 16' 25.4\" N", "Easting": "031° 30' 43.84\" E", "Google_Map": "https://www.google.com/maps/search/?api=1&query=031° 30' 43.84\" E,30° 16' 25.4\" N", "GL": 155.625, "IL": 154.175, "Depth": 1.4499999999999886, "Manufacturing_Material": "الزهر المرن"}, "geometry": {"type": "Point", "coordinates": [31.512331979792584, 30.27375906480754, 155.44000000000233]}}, {"type": "Feature", "properties": {"ID": "505", "Diameter": 200, "Sectors": "القطاع الرابع عشر", "Implementing_company": "العبد", "Start": "2017-05-23 00:00:00+00:00", "End": "2018-02-22 00:00:00+00:00", "Northing": "30° 16' 38.26\" N", "Easting": "031° 30' 44.42\" E", "Google_Map": "https://www.google.com/maps/search/?api=1&query=031° 30' 44.42\" E,30° 16' 38.26\" N", "GL": 153.555, "IL": 152.105, "Depth": 1.450000000000017, "Manufacturing_Material": "الزهر المرن"}, "geometry": {"type": "Point", "coordinates": [31.51249413528107, 30.27733188543118, 153.14999999999418]}}, {"type": "Feature", "properties": {"ID": "506", "Diameter": 200, "Sectors": "القطاع الرابع عشر", "Implementing_company": "العبد", "Start": "2017-05-23 00:00:00+00:00", "End": "2018-02-22 00:00:00+00:00", "Northing": "30° 16' 38.77\" N", "Easting": "031° 30' 48.7\" E", "Google_Map": "https://www.google.com/maps/search/?api=1&query=031° 30' 48.7\" E,30° 16' 38.77\" N", "GL": 152.8, "IL": 151.35, "Depth": 1.450000000000017, "Manufacturing_Material": "الزهر المرن"}, "geometry": {"type": "Point", "coordinates": [31.5136804705017, 30.277473175698713, 152.4499999999971]}}, {"type": "Feature", "properties": {"ID": "507", "Diameter": 200, "Sectors": "القطاع الرابع عشر", "Implementing_company": "العبد", "Start": "2017-05-23 00:00:00+00:00", "End": "2018-02-22 00:00:00+00:00", "Northing": "30° 16' 37.76\" N", "Easting": "031° 30' 40.03\" E", "Google_Map": "https://www.google.com/maps/search/?api=1&query=031° 30' 40.03\" E,30° 16' 37.76\" N", "GL": 154.275, "IL": 152.825, "Depth": 1.450000000000017, "Manufacturing_Material": "الزهر المرن"}, "geometry": {"type": "Point", "coordinates": [31.511273197133917, 30.277191071973114, 153.9600000000064]}}, {"type": "Feature", "properties": {"ID": "508", "Diameter": 100, "Sectors": "القطاع الرابع عشر", "Implementing_company": "العبد", "Start": "2017-05-23 00:00:00+00:00", "End": "2018-02-22 00:00:00+00:00", "Northing": "30° 16' 26.08\" N", "Easting": "031° 30' 49.49\" E", "Google_Map": "https://www.google.com/maps/search/?api=1&query=031° 30' 49.49\" E,30° 16' 26.08\" N", "GL": 156.08499999999998, "IL": 154.635, "Depth": 1.4499999999999886, "Manufacturing_Material": "الزهر المرن"}, "geometry": {"type": "Point", "coordinates": [31.513899979671898, 30.273948992425126, 155.63000000000466]}}, {"type": "Feature", "properties": {"ID": "509", "Diameter": 100, "Sectors": "القطاع الرابع عشر", "Implementing_company": "العبد", "Start": "2017-05-23 00:00:00+00:00", "End": "2018-02-22 00:00:00+00:00", "Northing": "30° 16' 25.39\" N", "Easting": "031° 30' 43.75\" E", "Google_Map": "https://www.google.com/maps/search/?api=1&query=031° 30' 43.75\" E,30° 16' 25.39\" N", "GL": 155.88, "IL": 154.43, "Depth": 1.4499999999999886, "Manufacturing_Material": "الزهر المرن"}, "geometry": {"type": "Point", "coordinates": [31.512306916062013, 30.273756094817923, 155.80999999999767]}}, {"type": "Feature", "properties": {"ID": "510", "Diameter": 100, "Sectors": "القطاع الرابع عشر", "Implementing_company": "العبد", "Start": "2017-05-23 00:00:00+00:00", "End": "2018-02-22 00:00:00+00:00", "Northing": "30° 16' 14.99\" N", "Easting": "031° 30' 42.41\" E", "Google_Map": "https://www.google.com/maps/search/?api=1&query=031° 30' 42.41\" E,30° 16' 14.99\" N", "GL": 153.85500000000002, "IL": 152.405, "Depth": 1.450000000000017, "Manufacturing_Material": "الزهر المرن"}, "geometry": {"type": "Point", "coordinates": [31.51193500949916, 30.27086758344626, 153.47000000000116]}}, {"type": "Feature", "properties": {"ID": "511", "Diameter": 100, "Sectors": "القطاع الخامس عشر", "Implementing_company": "العبد", "Start": "2017-05-23 00:00:00+00:00", "End": "2018-02-22 00:00:00+00:00", "Northing": "30° 16' 26.75\" N", "Easting": "031° 30' 12.46\" E", "Google_Map": "https://www.google.com/maps/search/?api=1&query=031° 30' 12.46\" E,30° 16' 26.75\" N", "GL": 157.15499999999997, "IL": 155.70499999999998, "Depth": 1.4499999999999886, "Manufacturing_Material": "الزهر المرن"}, "geometry": {"type": "Point", "coordinates": [31.503615623425848, 30.27413449367177, 157.16999999999825]}}, {"type": "Feature", "properties": {"ID": "512", "Diameter": 100, "Sectors": "القطاع الرابع عشر", "Implementing_company": "العبد", "Start": "2017-05-23 00:00:00+00:00", "End": "2018-02-22 00:00:00+00:00", "Northing": "30° 16' 23.74\" N", "Easting": "031° 30' 29.62\" E", "Google_Map": "https://www.google.com/maps/search/?api=1&query=031° 30' 29.62\" E,30° 16' 23.74\" N", "GL": 155.05, "IL": 153.60000000000002, "Depth": 1.4499999999999886, "Manufacturing_Material": "الزهر المرن"}, "geometry": {"type": "Point", "coordinates": [31.508380460533782, 30.273298279925317, 154.88000000000466]}}, {"type": "Feature", "properties": {"ID": "513", "Diameter": 100, "Sectors": "القطاع الرابع عشر", "Implementing_company": "العبد", "Start": "2017-05-23 00:00:00+00:00", "End": "2018-02-22 00:00:00+00:00", "Northing": "30° 16' 19.09\" N", "Easting": "031° 30' 28.62\" E", "Google_Map": "https://www.google.com/maps/search/?api=1&query=031° 30' 28.62\" E,30° 16' 19.09\" N", "GL": 153.57, "IL": 152.12, "Depth": 1.4499999999999886, "Manufacturing_Material": "الزهر المرن"}, "geometry": {"type": "Point", "coordinates": [31.508103750498833, 30.27200531239104, 153.77000000000407]}}, {"type": "Feature", "properties": {"ID": "514", "Diameter": 200, "Sectors": "القطاع الخامس عشر", "Implementing_company": "العبد", "Start": "2017-05-23 00:00:00+00:00", "End": "2018-02-22 00:00:00+00:00", "Northing": "30° 16' 24.84\" N", "Easting": "031° 30' 22.59\" E", "Google_Map": "https://www.google.com/maps/search/?api=1&query=031° 30' 22.59\" E,30° 16' 24.84\" N", "GL": 155.92000000000002, "IL": 154.47000000000003, "Depth": 1.4499999999999886, "Manufacturing_Material": "الزهر المرن"}, "geometry": {"type": "Point", "coordinates": [31.50642881164553, 30.273603259170713, 155.52999999999884]}}, {"type": "Feature", "properties": {"ID": "515", "Diameter": 100, "Sectors": "القطاع الخامس عشر", "Implementing_company": "العبد", "Start": "2017-05-23 00:00:00+00:00", "End": "2018-02-22 00:00:00+00:00", "Northing": "30° 16' 18.03\" N", "Easting": "031° 30' 19.38\" E", "Google_Map": "https://www.google.com/maps/search/?api=1&query=031° 30' 19.38\" E,30° 16' 18.03\" N", "GL": 153.54500000000002, "IL": 152.095, "Depth": 1.450000000000017, "Manufacturing_Material": "الزهر المرن"}, "geometry": {"type": "Point", "coordinates": [31.50553605241454, 30.271712255559212, 153.07000000000698]}}, {"type": "Feature", "properties": {"ID": "516", "Diameter": 100, "Sectors": "القطاع الخامس عشر", "Implementing_company": "العبد", "Start": "2017-05-23 00:00:00+00:00", "End": "2018-02-22 00:00:00+00:00", "Northing": "30° 16' 21.3\" N", "Easting": "031° 30' 16.84\" E", "Google_Map": "https://www.google.com/maps/search/?api=1&query=031° 30' 16.84\" E,30° 16' 21.3\" N", "GL": 155.215, "IL": 153.765, "Depth": 1.450000000000017, "Manufacturing_Material": "الزهر المرن"}, "geometry": {"type": "Point", "coordinates": [31.504832674912052, 30.272620523182898, 154.9600000000064]}}, {"type": "Feature", "properties": {"ID": "517", "Diameter": 400, "Sectors": "القطاع الخامس عشر", "Implementing_company": "العبد", "Start": "2017-05-23 00:00:00+00:00", "End": "2018-02-22 00:00:00+00:00", "Northing": "30° 16' 21.63\" N", "Easting": "031° 30' 5.35\" E", "Google_Map": "https://www.google.com/maps/search/?api=1&query=031° 30' 5.35\" E,30° 16' 21.63\" N", "GL": 155.39, "IL": 153.94, "Depth": 1.4499999999999886, "Manufacturing_Material": "الزهر المرن"}, "geometry": {"type": "Point", "coordinates": [31.50163916250248, 30.272712680261307, 157.17999999999302]}}, {"type": "Feature", "properties": {"ID": "518", "Diameter": 100, "Sectors": "القطاع الخامس عشر", "Implementing_company": "العبد", "Start": "2017-05-23 00:00:00+00:00", "End": "2018-02-22 00:00:00+00:00", "Northing": "30° 16' 26.81\" N", "Easting": "031° 30' 7.37\" E", "Google_Map": "https://www.google.com/maps/search/?api=1&query=031° 30' 7.37\" E,30° 16' 26.81\" N", "GL": 158.59, "IL": 157.14, "Depth": 1.450000000000017, "Manufacturing_Material": "الزهر المرن"}, "geometry": {"type": "Point", "coordinates": [31.502200689523132, 30.274149604816486, 158.5899999999965]}}, {"type": "Feature", "properties": {"ID": "519", "Diameter": 200, "Sectors": "القطاع الخامس عشر", "Implementing_company": "العبد", "Start": "2017-05-23 00:00:00+00:00", "End": "2018-02-22 00:00:00+00:00", "Northing": "30° 16' 27.96\" N", "Easting": "031° 30' 2.6\" E", "Google_Map": "https://www.google.com/maps/search/?api=1&query=031° 30' 2.6\" E,30° 16' 27.96\" N", "GL": 159.255, "IL": 157.805, "Depth": 1.4499999999999886, "Manufacturing_Material": "الزهر المرن"}, "geometry": {"type": "Point", "coordinates": [31.500876146207805, 30.2744705702236, 159.19000000000233]}}, {"type": "Feature", "properties": {"ID": "520", "Diameter": 100, "Sectors": "القطاع الخامس عشر", "Implementing_company": "العبد", "Start": "2017-05-23 00:00:00+00:00", "End": "2018-02-22 00:00:00+00:00", "Northing": "30° 16' 23.05\" N", "Easting": "031° 30' 0.23\" E", "Google_Map": "https://www.google.com/maps/search/?api=1&query=031° 30' 0.23\" E,30° 16' 23.05\" N", "GL": 159.78, "IL": 158.32999999999998, "Depth": 1.450000000000017, "Manufacturing_Material": "الزهر المرن"}, "geometry": {"type": "Point", "coordinates": [31.50021644021908, 30.273107344437918, 159.8000000000029]}}, {"type": "Feature", "properties": {"ID": "521", "Diameter": 100, "Sectors": "القطاع الخامس عشر", "Implementing_company": "العبد", "Start": "2017-05-23 00:00:00+00:00", "End": "2018-02-22 00:00:00+00:00", "Northing": "30° 16' 23.81\" N", "Easting": "031° 29' 57.53\" E", "Google_Map": "https://www.google.com/maps/search/?api=1&query=031° 29' 57.53\" E,30° 16' 23.81\" N", "GL": 160.29000000000002, "IL": 158.84, "Depth": 1.450000000000017, "Manufacturing_Material": "الزهر المرن"}, "geometry": {"type": "Point", "coordinates": [31.49946712404616, 30.273317722294287, 160.30999999999767]}}, {"type": "Feature", "properties": {"ID": "522", "Diameter": 200, "Sectors": "القطاع الخامس عشر", "Implementing_company": "العبد", "Start": "2017-05-23 00:00:00+00:00", "End": "2018-02-22 00:00:00+00:00", "Northing": "30° 16' 28.53\" N", "Easting": "031° 29' 58.39\" E", "Google_Map": "https://www.google.com/maps/search/?api=1&query=031° 29' 58.39\" E,30° 16' 28.53\" N", "GL": 159.45, "IL": 158.0, "Depth": 1.4499999999999886, "Manufacturing_Material": "الزهر المرن"}, "geometry": {"type": "Point", "coordinates": [31.49970750785175, 30.274627027202325, 159.58000000000175]}}, {"type": "Feature", "properties": {"ID": "523", "Diameter": 100, "Sectors": "القطاع الخامس عشر", "Implementing_company": "العبد", "Start": "2017-05-23 00:00:00+00:00", "End": "2018-02-22 00:00:00+00:00", "Northing": "30° 16' 24.93\" N", "Easting": "031° 29' 53.55\" E", "Google_Map": "https://www.google.com/maps/search/?api=1&query=031° 29' 53.55\" E,30° 16' 24.93\" N", "GL": 160.175, "IL": 158.725, "Depth": 1.450000000000017, "Manufacturing_Material": "الزهر المرن"}, "geometry": {"type": "Point", "coordinates": [31.49836204355401, 30.273628918749186, 160.27000000000407]}}, {"type": "Feature", "properties": {"ID": "524", "Diameter": 200, "Sectors": "القطاع الخامس عشر", "Implementing_company": "العبد", "Start": "2017-05-23 00:00:00+00:00", "End": "2018-02-22 00:00:00+00:00", "Northing": "30° 16' 29.07\" N", "Easting": "031° 29' 54.26\" E", "Google_Map": "https://www.google.com/maps/search/?api=1&query=031° 29' 54.26\" E,30° 16' 29.07\" N", "GL": 159.52999999999997, "IL": 158.07999999999998, "Depth": 1.4499999999999886, "Manufacturing_Material": "الزهر المرن"}, "geometry": {"type": "Point", "coordinates": [31.49855810471175, 30.274779354963144, 160.16999999999825]}}, {"type": "Feature", "properties": {"ID": "525", "Diameter": 250, "Sectors": "القطاع الخامس عشر", "Implementing_company": "العبد", "Start": "2017-05-23 00:00:00+00:00", "End": "2018-02-22 00:00:00+00:00", "Northing": "30° 16' 25.86\" N", "Easting": "031° 29' 50.97\" E", "Google_Map": "https://www.google.com/maps/search/?api=1&query=031° 29' 50.97\" E,30° 16' 25.86\" N", "GL": 159.29, "IL": 157.84, "Depth": 1.4499999999999886, "Manufacturing_Material": "الزهر المرن"}, "geometry": {"type": "Point", "coordinates": [31.497645151311378, 30.273887915201584, 159.69000000000233]}}, {"type": "Feature", "properties": {"ID": "526", "Diameter": 400, "Sectors": "القطاع الخامس عشر", "Implementing_company": "العبد", "Start": "2017-05-23 00:00:00+00:00", "End": "2018-02-22 00:00:00+00:00", "Northing": "30° 16' 25.57\" N", "Easting": "031° 29' 51.18\" E", "Google_Map": "https://www.google.com/maps/search/?api=1&query=031° 29' 51.18\" E,30° 16' 25.57\" N", "GL": 160.10000000000002, "IL": 158.64999999999998, "Depth": 1.4500000000000455, "Manufacturing_Material": "الزهر المرن"}, "geometry": {"type": "Point", "coordinates": [31.49770257494495, 30.27380744387936, 159.92999999999302]}}, {"type": "Feature", "properties": {"ID": "527", "Diameter": 400, "Sectors": "القطاع الخامس عشر", "Implementing_company": "العبد", "Start": "2017-05-23 00:00:00+00:00", "End": "2018-02-22 00:00:00+00:00", "Northing": "30° 16' 24.22\" N", "Easting": "031° 29' 56.1\" E", "Google_Map": "https://www.google.com/maps/search/?api=1&query=031° 29' 56.1\" E,30° 16' 24.22\" N", "GL": 160.345, "IL": 158.895, "Depth": 1.4499999999999886, "Manufacturing_Material": "الزهر المرن"}, "geometry": {"type": "Point", "coordinates": [31.499069735869906, 30.273431096060364, 160.38000000000466]}}, {"type": "Feature", "properties": {"ID": "528", "Diameter": 100, "Sectors": "القطاع الرابع عشر", "Implementing_company": "العبد", "Start": "2017-05-23 00:00:00+00:00", "End": "2018-02-22 00:00:00+00:00", "Northing": "30° 16' 24.61\" N", "Easting": "031° 30' 39.22\" E", "Google_Map": "https://www.google.com/maps/search/?api=1&query=031° 30' 39.22\" E,30° 16' 24.61\" N", "GL": 154.91500000000002, "IL": 153.46499999999997, "Depth": 1.4500000000000455, "Manufacturing_Material": "الزهر المرن"}, "geometry": {"type": "Point", "coordinates": [31.51104779842791, 30.273539722776555, 155.9600000000064]}}, {"type": "Feature", "properties": {"ID": "529", "Diameter": 150, "Sectors": "القطاع الرابع عشر", "Implementing_company": "العبد", "Start": "2017-05-23 00:00:00+00:00", "End": "2018-02-22 00:00:00+00:00", "Northing": "30° 16' 24.82\" N", "Easting": "031° 30' 38.89\" E", "Google_Map": "https://www.google.com/maps/search/?api=1&query=031° 30' 38.89\" E,30° 16' 24.82\" N", "GL": 155.735, "IL": 154.285, "Depth": 1.450000000000017, "Manufacturing_Material": "الزهر المرن"}, "geometry": {"type": "Point", "coordinates": [31.510957232055684, 30.273596816202996, 155.9499999999971]}}, {"type": "Feature", "properties": {"ID": "530", "Diameter": 100, "Sectors": "القطاع الرابع عشر", "Implementing_company": "العبد", "Start": "2017-05-23 00:00:00+00:00", "End": "2018-02-22 00:00:00+00:00", "Northing": "30° 16' 16.22\" N", "Easting": "031° 30' 38.0\" E", "Google_Map": "https://www.google.com/maps/search/?api=1&query=031° 30' 38.0\" E,30° 16' 16.22\" N", "GL": 153.79000000000002, "IL": 152.34, "Depth": 1.450000000000017, "Manufacturing_Material": "الزهر المرن"}, "geometry": {"type": "Point", "coordinates": [31.510710651434227, 30.27120806497863, 153.72000000000116]}}, {"type": "Feature", "properties": {"ID": "531", "Diameter": 100, "Sectors": "القطاع الرابع عشر", "Implementing_company": "العبد", "Start": "2017-05-23 00:00:00+00:00", "End": "2018-02-22 00:00:00+00:00", "Northing": "30° 16' 16.05\" N", "Easting": "031° 30' 38.54\" E", "Google_Map": "https://www.google.com/maps/search/?api=1&query=031° 30' 38.54\" E,30° 16' 16.05\" N", "GL": 153.66500000000002, "IL": 152.215, "Depth": 1.450000000000017, "Manufacturing_Material": "الزهر المرن"}, "geometry": {"type": "Point", "coordinates": [31.510858815502242, 30.271161434861234, 153.86000000000058]}}, {"type": "Feature", "properties": {"ID": "532", "Diameter": 100, "Sectors": "القطاع الرابع عشر", "Implementing_company": "العبد", "Start": "2017-05-23 00:00:00+00:00", "End": "2018-02-22 00:00:00+00:00", "Northing": "30° 16' 15.89\" N", "Easting": "031° 30' 38.21\" E", "Google_Map": "https://www.google.com/maps/search/?api=1&query=031° 30' 38.21\" E,30° 16' 15.89\" N", "GL": 153.63, "IL": 152.18, "Depth": 1.4499999999999886, "Manufacturing_Material": "الزهر المرن"}, "geometry": {"type": "Point", "coordinates": [31.510768927382802, 30.271117523231194, 153.86999999999534]}}, {"type": "Feature", "properties": {"ID": "533", "Diameter": 250, "Sectors": "القطاع الخامس عشر", "Implementing_company": "العبد", "Start": "2017-05-23 00:00:00+00:00", "End": "2018-02-22 00:00:00+00:00", "Northing": "30° 16' 35.1\" N", "Easting": "031° 30' 17.1\" E", "Google_Map": "https://www.google.com/maps/search/?api=1&query=031° 30' 17.1\" E,30° 16' 35.1\" N", "GL": 152.715, "IL": 151.265, "Depth": 1.450000000000017, "Manufacturing_Material": "الزهر المرن"}, "geometry": {"type": "Point", "coordinates": [31.504904786432935, 30.276452007363517, 152.22000000000116]}}, {"type": "Feature", "properties": {"ID": "534", "Diameter": 200, "Sectors": "القطاع الثالث عشر", "Implementing_company": "حسن علام", "Start": "2017-07-17 00:00:00+00:00", "End": "2018-04-16 00:00:00+00:00", "Northing": "30° 16' 40.01\" N", "Easting": "031° 30' 59.05\" E", "Google_Map": "https://www.google.com/maps/search/?api=1&query=031° 30' 59.05\" E,30° 16' 40.01\" N", "GL": 151.95000000000002, "IL": 150.5, "Depth": 1.450000000000017, "Manufacturing_Material": "الزهر المرن"}, "geometry": {"type": "Point", "coordinates": [31.516556636895, 30.277818314545108, 154.20440000000235]}}, {"type": "Feature", "properties": {"ID": "535", "Diameter": 100, "Sectors": "القطاع الرابع عشر", "Implementing_company": "العبد", "Start": "2017-05-23 00:00:00+00:00", "End": "2018-02-22 00:00:00+00:00", "Northing": "30° 16' 25.97\" N", "Easting": "031° 30' 46.52\" E", "Google_Map": "https://www.google.com/maps/search/?api=1&query=031° 30' 46.52\" E,30° 16' 25.97\" N", "GL": 155.91500000000002, "IL": 154.46499999999997, "Depth": 1.4500000000000455, "Manufacturing_Material": "الزهر المرن"}, "geometry": {"type": "Point", "coordinates": [31.51307576536459, 30.273918213803448, 155.39999999999418]}}, {"type": "Feature", "properties": {"ID": "536", "Diameter": 100, "Sectors": "القطاع الرابع عشر", "Implementing_company": "العبد", "Start": "2017-05-23 00:00:00+00:00", "End": "2018-02-22 00:00:00+00:00", "Northing": "30° 16' 25.48\" N", "Easting": "031° 30' 46.58\" E", "Google_Map": "https://www.google.com/maps/search/?api=1&query=031° 30' 46.58\" E,30° 16' 25.48\" N", "GL": 155.23, "IL": 153.78, "Depth": 1.4499999999999886, "Manufacturing_Material": "الزهر المرن"}, "geometry": {"type": "Point", "coordinates": [31.513092094492244, 30.273782151873558, 155.38999999999942]}}, {"type": "Feature", "properties": {"ID": "537", "Diameter": 100, "Sectors": "القطاع الرابع عشر", "Implementing_company": "العبد", "Start": "2017-05-23 00:00:00+00:00", "End": "2018-02-22 00:00:00+00:00", "Northing": "30° 16' 25.67\" N", "Easting": "031° 30' 46.27\" E", "Google_Map": "https://www.google.com/maps/search/?api=1&query=031° 30' 46.27\" E,30° 16' 25.67\" N", "GL": 155.505, "IL": 154.055, "Depth": 1.4499999999999886, "Manufacturing_Material": "الزهر المرن"}, "geometry": {"type": "Point", "coordinates": [31.513007343500778, 30.273833185642175, 155.57000000000698]}}, {"type": "Feature", "properties": {"ID": "538", "Diameter": 100, "Sectors": "القطاع الرابع عشر", "Implementing_company": "العبد", "Start": "2017-05-23 00:00:00+00:00", "End": "2018-02-22 00:00:00+00:00", "Northing": "30° 16' 31.28\" N", "Easting": "031° 30' 37.82\" E", "Google_Map": "https://www.google.com/maps/search/?api=1&query=031° 30' 37.82\" E,30° 16' 31.28\" N", "GL": 158.885, "IL": 157.435, "Depth": 1.4499999999999886, "Manufacturing_Material": "الزهر المرن"}, "geometry": {"type": "Point", "coordinates": [31.51065811512643, 30.275392079016857, 159.17999999999302]}}, {"type": "Feature", "properties": {"ID": "539", "Diameter": 100, "Sectors": "القطاع الرابع عشر", "Implementing_company": "العبد", "Start": "2017-05-23 00:00:00+00:00", "End": "2018-02-22 00:00:00+00:00", "Northing": "30° 16' 31.33\" N", "Easting": "031° 30' 38.38\" E", "Google_Map": "https://www.google.com/maps/search/?api=1&query=031° 30' 38.38\" E,30° 16' 31.33\" N", "GL": 159.015, "IL": 157.565, "Depth": 1.4499999999999886, "Manufacturing_Material": "الزهر المرن"}, "geometry": {"type": "Point", "coordinates": [31.510814876648894, 30.27540625313928, 159.14999999999418]}}, {"type": "Feature", "properties": {"ID": "540", "Diameter": 100, "Sectors": "القطاع الرابع عشر", "Implementing_company": "العبد", "Start": "2017-05-23 00:00:00+00:00", "End": "2018-02-22 00:00:00+00:00", "Northing": "30° 16' 31.07\" N", "Easting": "031° 30' 38.17\" E", "Google_Map": "https://www.google.com/maps/search/?api=1&query=031° 30' 38.17\" E,30° 16' 31.07\" N", "GL": 157.7, "IL": 156.25, "Depth": 1.4499999999999886, "Manufacturing_Material": "الزهر المرن"}, "geometry": {"type": "Point", "coordinates": [31.510756078397524, 30.27533269104648, 159.27000000000407]}}, {"type": "Feature", "properties": {"ID": "541", "Diameter": 300, "Sectors": "القطاع الرابع عشر", "Implementing_company": "العبد", "Start": "2017-05-23 00:00:00+00:00", "End": "2018-02-22 00:00:00+00:00", "Northing": "30° 16' 15.1\" N", "Easting": "031° 30' 29.91\" E", "Google_Map": "https://www.google.com/maps/search/?api=1&query=031° 30' 29.91\" E,30° 16' 15.1\" N", "GL": 151.86, "IL": 150.41, "Depth": 1.450000000000017, "Manufacturing_Material": "الزهر المرن"}, "geometry": {"type": "Point", "coordinates": [31.508463374971956, 30.27089879845733, 151.7899999999936]}}, {"type": "Feature", "properties": {"ID": "542", "Diameter": 300, "Sectors": "القطاع الرابع عشر", "Implementing_company": "العبد", "Start": "2017-05-23 00:00:00+00:00", "End": "2018-02-22 00:00:00+00:00", "Northing": "30° 16' 14.93\" N", "Easting": "031° 30' 30.45\" E", "Google_Map": "https://www.google.com/maps/search/?api=1&query=031° 30' 30.45\" E,30° 16' 14.93\" N", "GL": 152.265, "IL": 150.815, "Depth": 1.4499999999999886, "Manufacturing_Material": "الزهر المرن"}, "geometry": {"type": "Point", "coordinates": [31.50861131030764, 30.27085162331797, 151.92999999999302]}}, {"type": "Feature", "properties": {"ID": "543", "Diameter": 300, "Sectors": "القطاع الرابع عشر", "Implementing_company": "العبد", "Start": "2017-05-23 00:00:00+00:00", "End": "2018-02-22 00:00:00+00:00", "Northing": "30° 16' 14.86\" N", "Easting": "031° 30' 30.16\" E", "Google_Map": "https://www.google.com/maps/search/?api=1&query=031° 30' 30.16\" E,30° 16' 14.86\" N", "GL": 152.265, "IL": 150.815, "Depth": 1.4499999999999886, "Manufacturing_Material": "الزهر المرن"}, "geometry": {"type": "Point", "coordinates": [31.508532024890666, 30.27083077769422, 151.92999999999302]}}, {"type": "Feature", "properties": {"ID": "544", "Diameter": 400, "Sectors": "القطاع الخامس عشر", "Implementing_company": "العبد", "Start": "2017-05-23 00:00:00+00:00", "End": "2018-02-22 00:00:00+00:00", "Northing": "30° 16' 23.9\" N", "Easting": "031° 29' 56.24\" E", "Google_Map": "https://www.google.com/maps/search/?api=1&query=031° 29' 56.24\" E,30° 16' 23.9\" N", "GL": 160.46, "IL": 159.01, "Depth": 1.450000000000017, "Manufacturing_Material": "الزهر المرن"}, "geometry": {"type": "Point", "coordinates": [31.49911034023804, 30.273343319296597, 160.4600000000064]}}, {"type": "Feature", "properties": {"ID": "545", "Diameter": 200, "Sectors": "القطاع الخامس عشر", "Implementing_company": "العبد", "Start": "2017-05-23 00:00:00+00:00", "End": "2018-02-22 00:00:00+00:00", "Northing": "30° 16' 29.31\" N", "Easting": "031° 29' 52.44\" E", "Google_Map": "https://www.google.com/maps/search/?api=1&query=031° 29' 52.44\" E,30° 16' 29.31\" N", "GL": 158.89, "IL": 157.44, "Depth": 1.4499999999999886, "Manufacturing_Material": "الزهر المرن"}, "geometry": {"type": "Point", "coordinates": [31.4980540471548, 30.274844807548565, 158.88999999999942]}}, {"type": "Feature", "properties": {"ID": "546", "Diameter": 250, "Sectors": "القطاع الخامس عشر", "Implementing_company": "العبد", "Start": "2017-05-23 00:00:00+00:00", "End": "2018-02-22 00:00:00+00:00", "Northing": "30° 16' 29.12\" N", "Easting": "031° 29' 52.12\" E", "Google_Map": "https://www.google.com/maps/search/?api=1&query=031° 29' 52.12\" E,30° 16' 29.12\" N", "GL": 159.29, "IL": 157.84, "Depth": 1.4499999999999886, "Manufacturing_Material": "الزهر المرن"}, "geometry": {"type": "Point", "coordinates": [31.497963846301587, 30.274791602638924, 158.88999999999942]}}, {"type": "Feature", "properties": {"ID": "547", "Diameter": 250, "Sectors": "القطاع الخامس عشر", "Implementing_company": "العبد", "Start": "2017-05-23 00:00:00+00:00", "End": "2018-02-22 00:00:00+00:00", "Northing": "30° 16' 33.83\" N", "Easting": "031° 30' 6.03\" E", "Google_Map": "https://www.google.com/maps/search/?api=1&query=031° 30' 6.03\" E,30° 16' 33.83\" N", "GL": 155.72, "IL": 154.26999999999998, "Depth": 1.450000000000017, "Manufacturing_Material": "الزهر المرن"}, "geometry": {"type": "Point", "coordinates": [31.50182752339347, 30.27609958651217, 154.92999999999302]}}, {"type": "Feature", "properties": {"ID": "548", "Diameter": 100, "Sectors": "القطاع الخامس عشر", "Implementing_company": "العبد", "Start": "2017-05-23 00:00:00+00:00", "End": "2018-02-22 00:00:00+00:00", "Northing": "30° 16' 33.59\" N", "Easting": "031° 30' 6.31\" E", "Google_Map": "https://www.google.com/maps/search/?api=1&query=031° 30' 6.31\" E,30° 16' 33.59\" N", "GL": 154.59, "IL": 153.14, "Depth": 1.450000000000017, "Manufacturing_Material": "الزهر المرن"}, "geometry": {"type": "Point", "coordinates": [31.501906610646422, 30.27603441045468, 154.5899999999965]}}, {"type": "Feature", "properties": {"ID": "549", "Diameter": 100, "Sectors": "القطاع الخامس عشر", "Implementing_company": "العبد", "Start": "2017-05-23 00:00:00+00:00", "End": "2018-02-22 00:00:00+00:00", "Northing": "30° 16' 34.2\" N", "Easting": "031° 30' 11.1\" E", "Google_Map": "https://www.google.com/maps/search/?api=1&query=031° 30' 11.1\" E,30° 16' 34.2\" N", "GL": 153.15, "IL": 151.7, "Depth": 1.450000000000017, "Manufacturing_Material": "الزهر المرن"}, "geometry": {"type": "Point", "coordinates": [31.503237523785877, 30.27620303081269, 153.14999999999418]}}, {"type": "Feature", "properties": {"ID": "550", "Diameter": 250, "Sectors": "القطاع الخامس عشر", "Implementing_company": "العبد", "Start": "2017-05-23 00:00:00+00:00", "End": "2018-02-22 00:00:00+00:00", "Northing": "30° 16' 34.46\" N", "Easting": "031° 30' 11.35\" E", "Google_Map": "https://www.google.com/maps/search/?api=1&query=031° 30' 11.35\" E,30° 16' 34.46\" N", "GL": 154.07, "IL": 152.62, "Depth": 1.4499999999999886, "Manufacturing_Material": "الزهر المرن"}, "geometry": {"type": "Point", "coordinates": [31.50330668306457, 30.27627622097821, 153.2100000000064]}}, {"type": "Feature", "properties": {"ID": "551", "Diameter": 200, "Sectors": "القطاع الخامس عشر", "Implementing_company": "العبد", "Start": "2017-05-23 00:00:00+00:00", "End": "2018-02-22 00:00:00+00:00", "Northing": "30° 16' 26.21\" N", "Easting": "031° 30' 11.96\" E", "Google_Map": "https://www.google.com/maps/search/?api=1&query=031° 30' 11.96\" E,30° 16' 26.21\" N", "GL": 157.51, "IL": 156.06, "Depth": 1.4499999999999886, "Manufacturing_Material": "الزهر المرن"}, "geometry": {"type": "Point", "coordinates": [31.50347585836771, 30.27398353487589, 157.50999999999476]}}, {"type": "Feature", "properties": {"ID": "552", "Diameter": 100, "Sectors": "القطاع الخامس عشر", "Implementing_company": "العبد", "Start": "2017-05-23 00:00:00+00:00", "End": "2018-02-22 00:00:00+00:00", "Northing": "30° 16' 26.43\" N", "Easting": "031° 30' 12.26\" E", "Google_Map": "https://www.google.com/maps/search/?api=1&query=031° 30' 12.26\" E,30° 16' 26.43\" N", "GL": 157.24, "IL": 155.79, "Depth": 1.450000000000017, "Manufacturing_Material": "الزهر المرن"}, "geometry": {"type": "Point", "coordinates": [31.503558665108997, 30.27404513358354, 157.24000000000524]}}, {"type": "Feature", "properties": {"ID": "553", "Diameter": 200, "Sectors": "القطاع الخامس عشر", "Implementing_company": "العبد", "Start": "2017-05-23 00:00:00+00:00", "End": "2018-02-22 00:00:00+00:00", "Northing": "30° 16' 27.38\" N", "Easting": "031° 30' 5.09\" E", "Google_Map": "https://www.google.com/maps/search/?api=1&query=031° 30' 5.09\" E,30° 16' 27.38\" N", "GL": 158.865, "IL": 157.41500000000002, "Depth": 1.4499999999999886, "Manufacturing_Material": "الزهر المرن"}, "geometry": {"type": "Point", "coordinates": [31.50156769499277, 30.274309329592658, 158.5399999999936]}}, {"type": "Feature", "properties": {"ID": "554", "Diameter": 200, "Sectors": "القطاع الخامس عشر", "Implementing_company": "العبد", "Start": "2017-05-23 00:00:00+00:00", "End": "2018-02-22 00:00:00+00:00", "Northing": "30° 16' 27.22\" N", "Easting": "031° 30' 5.62\" E", "Google_Map": "https://www.google.com/maps/search/?api=1&query=031° 30' 5.62\" E,30° 16' 27.22\" N", "GL": 158.60500000000002, "IL": 157.15499999999997, "Depth": 1.4500000000000455, "Manufacturing_Material": "الزهر المرن"}, "geometry": {"type": "Point", "coordinates": [31.50171610385136, 30.274263277134267, 158.61999999999534]}}, {"type": "Feature", "properties": {"ID": "555", "Diameter": 100, "Sectors": "القطاع الخامس عشر", "Implementing_company": "العبد", "Start": "2017-05-23 00:00:00+00:00", "End": "2018-02-22 00:00:00+00:00", "Northing": "30° 16' 27.06\" N", "Easting": "031° 30' 5.3\" E", "Google_Map": "https://www.google.com/maps/search/?api=1&query=031° 30' 5.3\" E,30° 16' 27.06\" N", "GL": 158.555, "IL": 156.76, "Depth": 1.795000000000016, "Manufacturing_Material": "الزهر المرن"}, "geometry": {"type": "Point", "coordinates": [31.501626439589657, 30.274219013781785, 158.89999999999418]}}, {"type": "Feature", "properties": {"ID": "556", "Diameter": 200, "Sectors": "القطاع الخامس عشر", "Implementing_company": "العبد", "Start": "2017-05-23 00:00:00+00:00", "End": "2018-02-22 00:00:00+00:00", "Northing": "30° 16' 25.48\" N", "Easting": "031° 30' 17.93\" E", "Google_Map": "https://www.google.com/maps/search/?api=1&query=031° 30' 17.93\" E,30° 16' 25.48\" N", "GL": 156.87, "IL": 155.42000000000002, "Depth": 1.4499999999999886, "Manufacturing_Material": "الزهر المرن"}, "geometry": {"type": "Point", "coordinates": [31.505133229307674, 30.273781521183896, 156.22999999999593]}}, {"type": "Feature", "properties": {"ID": "557", "Diameter": 200, "Sectors": "القطاع الخامس عشر", "Implementing_company": "العبد", "Start": "2017-05-23 00:00:00+00:00", "End": "2018-02-22 00:00:00+00:00", "Northing": "30° 16' 25.43\" N", "Easting": "031° 30' 18.49\" E", "Google_Map": "https://www.google.com/maps/search/?api=1&query=031° 30' 18.49\" E,30° 16' 25.43\" N", "GL": 155.92000000000002, "IL": 154.47000000000003, "Depth": 1.4499999999999886, "Manufacturing_Material": "الزهر المرن"}, "geometry": {"type": "Point", "coordinates": [31.505290064045553, 30.27376797631989, 156.30999999999767]}}, {"type": "Feature", "properties": {"ID": "558", "Diameter": 200, "Sectors": "القطاع الخامس عشر", "Implementing_company": "العبد", "Start": "2017-05-23 00:00:00+00:00", "End": "2018-02-22 00:00:00+00:00", "Northing": "30° 16' 25.21\" N", "Easting": "031° 30' 18.22\" E", "Google_Map": "https://www.google.com/maps/search/?api=1&query=031° 30' 18.22\" E,30° 16' 25.21\" N", "GL": 155.64, "IL": 154.19, "Depth": 1.4499999999999886, "Manufacturing_Material": "الزهر المرن"}, "geometry": {"type": "Point", "coordinates": [31.505215388899796, 30.273706212101278, 156.32000000000698]}}, {"type": "Feature", "properties": {"ID": "559", "Diameter": 200, "Sectors": "القطاع الرابع عشر", "Implementing_company": "العبد", "Start": "2017-05-23 00:00:00+00:00", "End": "2018-02-22 00:00:00+00:00", "Northing": "30° 16' 24.44\" N", "Easting": "031° 30' 25.67\" E", "Google_Map": "https://www.google.com/maps/search/?api=1&query=031° 30' 25.67\" E,30° 16' 24.44\" N", "GL": 155.32999999999998, "IL": 153.88, "Depth": 1.4499999999999886, "Manufacturing_Material": "الزهر المرن"}, "geometry": {"type": "Point", "coordinates": [31.50728334806724, 30.273492467250357, 155.13000000000466]}}, {"type": "Feature", "properties": {"ID": "560", "Diameter": 100, "Sectors": "القطاع الرابع عشر", "Implementing_company": "العبد", "Start": "2017-05-23 00:00:00+00:00", "End": "2018-02-22 00:00:00+00:00", "Northing": "30° 16' 24.84\" N", "Easting": "031° 30' 25.65\" E", "Google_Map": "https://www.google.com/maps/search/?api=1&query=031° 30' 25.65\" E,30° 16' 24.84\" N", "GL": 155.57, "IL": 154.12, "Depth": 1.4499999999999886, "Manufacturing_Material": "الزهر المرن"}, "geometry": {"type": "Point", "coordinates": [31.507278716047306, 30.27360218587404, 155.35000000000582]}}, {"type": "Feature", "properties": {"ID": "561", "Diameter": 100, "Sectors": "القطاع الرابع عشر", "Implementing_company": "العبد", "Start": "2017-05-23 00:00:00+00:00", "End": "2018-02-22 00:00:00+00:00", "Northing": "30° 16' 21.52\" N", "Easting": "031° 30' 25.41\" E", "Google_Map": "https://www.google.com/maps/search/?api=1&query=031° 30' 25.41\" E,30° 16' 21.52\" N", "GL": 153.515, "IL": 152.065, "Depth": 1.4499999999999886, "Manufacturing_Material": "الزهر المرن"}, "geometry": {"type": "Point", "coordinates": [31.5072109239234, 30.272680726700727, 154.4600000000064]}}, {"type": "Feature", "properties": {"ID": "562", "Diameter": 100, "Sectors": "القطاع الرابع عشر", "Implementing_company": "العبد", "Start": "2017-05-23 00:00:00+00:00", "End": "2018-02-22 00:00:00+00:00", "Northing": "30° 16' 21.23\" N", "Easting": "031° 30' 25.61\" E", "Google_Map": "https://www.google.com/maps/search/?api=1&query=031° 30' 25.61\" E,30° 16' 21.23\" N", "GL": 153.89, "IL": 152.44, "Depth": 1.4499999999999886, "Manufacturing_Material": "الزهر المرن"}, "geometry": {"type": "Point", "coordinates": [31.507268336913757, 30.272600249488644, 154.4100000000035]}}, {"type": "Feature", "properties": {"ID": "563", "Diameter": 200, "Sectors": "القطاع الخامس عشر", "Implementing_company": "العبد", "Start": "2017-05-23 00:00:00+00:00", "End": "2018-02-22 00:00:00+00:00", "Northing": "30° 16' 19.15\" N", "Easting": "031° 30' 16.07\" E", "Google_Map": "https://www.google.com/maps/search/?api=1&query=031° 30' 16.07\" E,30° 16' 19.15\" N", "GL": 153.62, "IL": 152.17, "Depth": 1.450000000000017, "Manufacturing_Material": "الزهر المرن"}, "geometry": {"type": "Point", "coordinates": [31.50461640688718, 30.272021836289813, 153.61999999999534]}}, {"type": "Feature", "properties": {"ID": "564", "Diameter": 400, "Sectors": "القطاع الخامس عشر", "Implementing_company": "العبد", "Start": "2017-05-23 00:00:00+00:00", "End": "2018-02-22 00:00:00+00:00", "Northing": "30° 16' 18.86\" N", "Easting": "031° 30' 16.23\" E", "Google_Map": "https://www.google.com/maps/search/?api=1&query=031° 30' 16.23\" E,30° 16' 18.86\" N", "GL": 155.39, "IL": 153.94, "Depth": 1.4499999999999886, "Manufacturing_Material": "الزهر المرن"}, "geometry": {"type": "Point", "coordinates": [31.50466152368069, 30.271941452603233, 153.60000000000582]}}, {"type": "Feature", "properties": {"ID": "565", "Diameter": 100, "Sectors": "القطاع الرابع عشر", "Implementing_company": "العبد", "Start": "2017-05-23 00:00:00+00:00", "End": "2018-02-22 00:00:00+00:00", "Northing": "30° 16' 17.08\" N", "Easting": "031° 30' 23.69\" E", "Google_Map": "https://www.google.com/maps/search/?api=1&query=031° 30' 23.69\" E,30° 16' 17.08\" N", "GL": 152.57, "IL": 151.12, "Depth": 1.4499999999999886, "Manufacturing_Material": "الزهر المرن"}, "geometry": {"type": "Point", "coordinates": [31.506735671929956, 30.27144775031724, 152.57000000000698]}}, {"type": "Feature", "properties": {"ID": "566", "Diameter": 300, "Sectors": "القطاع الرابع عشر", "Implementing_company": "العبد", "Start": "2017-05-23 00:00:00+00:00", "End": "2018-02-22 00:00:00+00:00", "Northing": "30° 16' 16.79\" N", "Easting": "031° 30' 23.9\" E", "Google_Map": "https://www.google.com/maps/search/?api=1&query=031° 30' 23.9\" E,30° 16' 16.79\" N", "GL": 152.7, "IL": 151.25, "Depth": 1.4499999999999886, "Manufacturing_Material": "الزهر المرن"}, "geometry": {"type": "Point", "coordinates": [31.50679308668656, 30.271367273307188, 152.33000000000175]}}, {"type": "Feature", "properties": {"ID": "567", "Diameter": 100, "Sectors": "القطاع الرابع عشر", "Implementing_company": "العبد", "Start": "2017-05-23 00:00:00+00:00", "End": "2018-02-22 00:00:00+00:00", "Northing": "30° 16' 13.26\" N", "Easting": "031° 30' 37.23\" E", "Google_Map": "https://www.google.com/maps/search/?api=1&query=031° 30' 37.23\" E,30° 16' 13.26\" N", "GL": 152.875, "IL": 151.425, "Depth": 1.4499999999999886, "Manufacturing_Material": "الزهر المرن"}, "geometry": {"type": "Point", "coordinates": [31.510496181028593, 30.270386241320036, 152.55999999999767]}}, {"type": "Feature", "properties": {"ID": "568", "Diameter": 300, "Sectors": "القطاع الرابع عشر", "Implementing_company": "العبد", "Start": "2017-05-23 00:00:00+00:00", "End": "2018-02-22 00:00:00+00:00", "Northing": "30° 16' 12.97\" N", "Easting": "031° 30' 37.44\" E", "Google_Map": "https://www.google.com/maps/search/?api=1&query=031° 30' 37.44\" E,30° 16' 12.97\" N", "GL": 152.69, "IL": 151.24, "Depth": 1.4499999999999886, "Manufacturing_Material": "الزهر المرن"}, "geometry": {"type": "Point", "coordinates": [31.510553592088858, 30.27030576267098, 152.60000000000582]}}, {"type": "Feature", "properties": {"ID": "569", "Diameter": 100, "Sectors": "القطاع الرابع عشر", "Implementing_company": "العبد", "Start": "2017-05-23 00:00:00+00:00", "End": "2018-02-22 00:00:00+00:00", "Northing": "30° 16' 35.65\" N", "Easting": "031° 30' 23.9\" E", "Google_Map": "https://www.google.com/maps/search/?api=1&query=031° 30' 23.9\" E,30° 16' 35.65\" N", "GL": 153.38, "IL": 151.93, "Depth": 1.4499999999999886, "Manufacturing_Material": "الزهر المرن"}, "geometry": {"type": "Point", "coordinates": [31.50679191555755, 30.276606063833576, 153.38000000000466]}}, {"type": "Feature", "properties": {"ID": "570", "Diameter": 250, "Sectors": "القطاع الرابع عشر", "Implementing_company": "العبد", "Start": "2017-05-23 00:00:00+00:00", "End": "2018-02-22 00:00:00+00:00", "Northing": "30° 16' 35.91\" N", "Easting": "031° 30' 24.15\" E", "Google_Map": "https://www.google.com/maps/search/?api=1&query=031° 30' 24.15\" E,30° 16' 35.91\" N", "GL": 153.34, "IL": 151.89, "Depth": 1.450000000000017, "Manufacturing_Material": "الزهر المرن"}, "geometry": {"type": "Point", "coordinates": [31.506861077726974, 30.276679250209895, 154.4600000000064]}}, {"type": "Feature", "properties": {"ID": "571", "Diameter": 100, "Sectors": "القطاع الرابع عشر", "Implementing_company": "العبد", "Start": "2017-05-23 00:00:00+00:00", "End": "2018-02-22 00:00:00+00:00", "Northing": "30° 16' 37.19\" N", "Easting": "031° 30' 37.3\" E", "Google_Map": "https://www.google.com/maps/search/?api=1&query=031° 30' 37.3\" E,30° 16' 37.19\" N", "GL": 154.67, "IL": 153.22, "Depth": 1.4499999999999886, "Manufacturing_Material": "الزهر المرن"}, "geometry": {"type": "Point", "coordinates": [31.510516088614043, 30.277034125197154, 154.66999999999825]}}, {"type": "Feature", "properties": {"ID": "572", "Diameter": 250, "Sectors": "القطاع الرابع عشر", "Implementing_company": "العبد", "Start": "2017-05-23 00:00:00+00:00", "End": "2018-02-22 00:00:00+00:00", "Northing": "30° 16' 37.45\" N", "Easting": "031° 30' 37.55\" E", "Google_Map": "https://www.google.com/maps/search/?api=1&query=031° 30' 37.55\" E,30° 16' 37.45\" N", "GL": 154.525, "IL": 153.075, "Depth": 1.450000000000017, "Manufacturing_Material": "الزهر المرن"}, "geometry": {"type": "Point", "coordinates": [31.51058525382728, 30.27710731145006, 154.5899999999965]}}, {"type": "Feature", "properties": {"ID": "573", "Diameter": 100, "Sectors": "القطاع الرابع عشر", "Implementing_company": "العبد", "Start": "2017-05-23 00:00:00+00:00", "End": "2018-02-22 00:00:00+00:00", "Northing": "30° 16' 25.09\" N", "Easting": "031° 30' 39.18\" E", "Google_Map": "https://www.google.com/maps/search/?api=1&query=031° 30' 39.18\" E,30° 16' 25.09\" N", "GL": 156.04500000000002, "IL": 154.595, "Depth": 1.450000000000017, "Manufacturing_Material": "الزهر المرن"}, "geometry": {"type": "Point", "coordinates": [31.51103584958794, 30.27367407335525, 156.13000000000466]}}, {"type": "Feature", "properties": {"ID": "574", "Diameter": 100, "Sectors": "القطاع الخامس عشر", "Implementing_company": "العبد", "Start": "2017-05-23 00:00:00+00:00", "End": "2018-02-22 00:00:00+00:00", "Northing": "30° 16' 31.61\" N", "Easting": "031° 29' 53.17\" E", "Google_Map": "https://www.google.com/maps/search/?api=1&query=031° 29' 53.17\" E,30° 16' 31.61\" N", "GL": 157.84666666666666, "IL": 156.39666666666668, "Depth": 1.4499999999999886, "Manufacturing_Material": "الزهر المرن"}, "geometry": {"type": "Point", "coordinates": [31.498256294207813, 30.275484513505837, 157.5500000000029]}}, {"type": "Feature", "properties": {"ID": "575", "Diameter": 100, "Sectors": "القطاع الخامس عشر", "Implementing_company": "العبد", "Start": "2017-05-23 00:00:00+00:00", "End": "2018-02-22 00:00:00+00:00", "Northing": "30° 16' 30.4\" N", "Easting": "031° 30' 6.42\" E", "Google_Map": "https://www.google.com/maps/search/?api=1&query=031° 30' 6.42\" E,30° 16' 30.4\" N", "GL": 157.31333333333333, "IL": 155.86333333333334, "Depth": 1.4499999999999886, "Manufacturing_Material": "الزهر المرن"}, "geometry": {"type": "Point", "coordinates": [31.50193772580083, 30.2751483071159, 157.07000000000698]}}, {"type": "Feature", "properties": {"ID": "576", "Diameter": 400, "Sectors": "القطاع الخامس عشر", "Implementing_company": "العبد", "Start": "2017-05-23 00:00:00+00:00", "End": "2018-02-22 00:00:00+00:00", "Northing": "30° 16' 23.63\" N", "Easting": "031° 29' 58.18\" E", "Google_Map": "https://www.google.com/maps/search/?api=1&query=031° 29' 58.18\" E,30° 16' 23.63\" N", "GL": 160.26999999999998, "IL": 158.82, "Depth": 1.4499999999999886, "Manufacturing_Material": "الزهر المرن"}, "geometry": {"type": "Point", "coordinates": [31.499647376673234, 30.273267206666034, 160.22999999999593]}}, {"type": "Feature", "properties": {"ID": "577", "Diameter": 100, "Sectors": "القطاع الرابع عشر", "Implementing_company": "العبد", "Start": "2017-05-23 00:00:00+00:00", "End": "2018-02-22 00:00:00+00:00", "Northing": "30° 16' 30.2\" N", "Easting": "031° 30' 31.93\" E", "Google_Map": "https://www.google.com/maps/search/?api=1&query=031° 30' 31.93\" E,30° 16' 30.2\" N", "GL": 156.315, "IL": 154.865, "Depth": 1.4499999999999886, "Manufacturing_Material": "الزهر المرن"}, "geometry": {"type": "Point", "coordinates": [31.509022422875073, 30.27509331807256, 157.11999999999534]}}, {"type": "Feature", "properties": {"ID": "578", "Diameter": 100, "Sectors": "القطاع الخامس عشر", "Implementing_company": "العبد", "Start": "2017-05-23 00:00:00+00:00", "End": "2018-02-22 00:00:00+00:00", "Northing": "30° 16' 32.16\" N", "Easting": "031° 30' 21.1\" E", "Google_Map": "https://www.google.com/maps/search/?api=1&query=031° 30' 21.1\" E,30° 16' 32.16\" N", "GL": 154.465, "IL": 153.015, "Depth": 1.450000000000017, "Manufacturing_Material": "الزهر المرن"}, "geometry": {"type": "Point", "coordinates": [31.50601509349033, 30.275636929296702, 154.4100000000035]}}, {"type": "Feature", "properties": {"ID": "579", "Diameter": 100, "Sectors": "القطاع الخامس عشر", "Implementing_company": "العبد", "Start": "2017-05-23 00:00:00+00:00", "End": "2018-02-22 00:00:00+00:00", "Northing": "30° 16' 32.29\" N", "Easting": "031° 30' 22.56\" E", "Google_Map": "https://www.google.com/maps/search/?api=1&query=031° 30' 22.56\" E,30° 16' 32.29\" N", "GL": 154.595, "IL": 153.145, "Depth": 1.4499999999999886, "Manufacturing_Material": "الزهر المرن"}, "geometry": {"type": "Point", "coordinates": [31.506421458236133, 30.275672522542358, 154.77999999999884]}}, {"type": "Feature", "properties": {"ID": "580", "Diameter": 100, "Sectors": "القطاع الخامس عشر", "Implementing_company": "العبد", "Start": "2017-05-23 00:00:00+00:00", "End": "2018-02-22 00:00:00+00:00", "Northing": "30° 16' 31.95\" N", "Easting": "031° 30' 19.35\" E", "Google_Map": "https://www.google.com/maps/search/?api=1&query=031° 30' 19.35\" E,30° 16' 31.95\" N", "GL": 154.29000000000002, "IL": 152.84, "Depth": 1.450000000000017, "Manufacturing_Material": "الزهر المرن"}, "geometry": {"type": "Point", "coordinates": [31.50552990168201, 30.27557822595569, 154.52000000000407]}}, {"type": "Feature", "properties": {"ID": "581", "Diameter": 400, "Sectors": "القطاع الخامس عشر", "Implementing_company": "العبد", "Start": "2017-05-23 00:00:00+00:00", "End": "2018-02-22 00:00:00+00:00", "Northing": "30° 16' 22.19\" N", "Easting": "031° 30' 3.3\" E", "Google_Map": "https://www.google.com/maps/search/?api=1&query=031° 30' 3.3\" E,30° 16' 22.19\" N", "GL": 158.21, "IL": 156.76, "Depth": 1.450000000000017, "Manufacturing_Material": "الزهر المرن"}, "geometry": {"type": "Point", "coordinates": [31.501070769694305, 30.272867201409667, 158.2100000000064]}}, {"type": "Feature", "properties": {"ID": "582", "Diameter": 100, "Sectors": "القطاع الخامس عشر", "Implementing_company": "العبد", "Start": "2017-05-23 00:00:00+00:00", "End": "2018-02-22 00:00:00+00:00", "Northing": "30° 16' 22.26\" N", "Easting": "031° 30' 3.26\" E", "Google_Map": "https://www.google.com/maps/search/?api=1&query=031° 30' 3.26\" E,30° 16' 22.26\" N", "GL": 158.21, "IL": 156.76, "Depth": 1.450000000000017, "Manufacturing_Material": "الزهر المرن"}, "geometry": {"type": "Point", "coordinates": [31.50105897472223, 30.27288781136083, 158.2100000000064]}}, {"type": "Feature", "properties": {"ID": "583", "Diameter": 400, "Sectors": "القطاع الخامس عشر", "Implementing_company": "العبد", "Start": "2017-05-23 00:00:00+00:00", "End": "2018-02-22 00:00:00+00:00", "Northing": "30° 16' 23.8\" N", "Easting": "031° 29' 58.08\" E", "Google_Map": "https://www.google.com/maps/search/?api=1&query=031° 29' 58.08\" E,30° 16' 23.8\" N", "GL": 160.26999999999998, "IL": 158.82, "Depth": 1.4499999999999886, "Manufacturing_Material": "الزهر المرن"}, "geometry": {"type": "Point", "coordinates": [31.49962097962459, 30.273313484864808, 160.27000000000407]}}, {"type": "Feature", "properties": {"ID": "584", "Diameter": 100, "Sectors": "القطاع الرابع عشر", "Implementing_company": "العبد", "Start": "2017-05-23 00:00:00+00:00", "End": "2018-02-22 00:00:00+00:00", "Northing": "30° 16' 23.83\" N", "Easting": "031° 30' 32.68\" E", "Google_Map": "https://www.google.com/maps/search/?api=1&query=031° 30' 32.68\" E,30° 16' 23.83\" N", "GL": 154.59, "IL": 153.14, "Depth": 1.450000000000017, "Manufacturing_Material": "الزهر المرن"}, "geometry": {"type": "Point", "coordinates": [31.509231720867128, 30.273323096371744, 155.4600000000064]}}, {"type": "Feature", "properties": {"ID": "585", "Diameter": 150, "Sectors": "القطاع الرابع عشر", "Implementing_company": "العبد", "Start": "2017-05-23 00:00:00+00:00", "End": "2018-02-22 00:00:00+00:00", "Northing": "30° 16' 24.09\" N", "Easting": "031° 30' 32.36\" E", "Google_Map": "https://www.google.com/maps/search/?api=1&query=031° 30' 32.36\" E,30° 16' 24.09\" N", "GL": 155.335, "IL": 153.885, "Depth": 1.450000000000017, "Manufacturing_Material": "الزهر المرن"}, "geometry": {"type": "Point", "coordinates": [31.509142688550888, 30.273396111848836, 155.52000000000407]}}, {"type": "Feature", "properties": {"ID": "586", "Diameter": 100, "Sectors": "القطاع الرابع عشر", "Implementing_company": "العبد", "Start": "2017-05-23 00:00:00+00:00", "End": "2018-02-22 00:00:00+00:00", "Northing": "30° 16' 24.32\" N", "Easting": "031° 30' 32.62\" E", "Google_Map": "https://www.google.com/maps/search/?api=1&query=031° 30' 32.62\" E,30° 16' 24.32\" N", "GL": 155.485, "IL": 154.035, "Depth": 1.450000000000017, "Manufacturing_Material": "الزهر المرن"}, "geometry": {"type": "Point", "coordinates": [31.509215387513088, 30.27345915788307, 155.50999999999476]}}, {"type": "Feature", "properties": {"ID": "587", "Diameter": 100, "Sectors": "القطاع الثاني و العشرون", "Implementing_company": "العبد", "Start": "2017-05-23 00:00:00+00:00", "End": "2018-02-22 00:00:00+00:00", "Northing": "30° 16' 25.04\" N", "Easting": "031° 29' 30.69\" E", "Google_Map": "https://www.google.com/maps/search/?api=1&query=031° 29' 30.69\" E,30° 16' 25.04\" N", "GL": 158.11, "IL": 156.51, "Depth": 1.6000000000000227, "Manufacturing_Material": "الزهر المرن"}, "geometry": {"type": "Point", "coordinates": [31.492013361022977, 30.273659632479077, 0.0]}}, {"type": "Feature", "properties": {"ID": "588", "Diameter": 150, "Sectors": "القطاع الثاني و العشرون", "Implementing_company": "العبد", "Start": "2017-05-23 00:00:00+00:00", "End": "2018-02-22 00:00:00+00:00", "Northing": "30° 16' 23.15\" N", "Easting": "031° 29' 23.8\" E", "Google_Map": "https://www.google.com/maps/search/?api=1&query=031° 29' 23.8\" E,30° 16' 23.15\" N", "GL": 156.56, "IL": 154.96, "Depth": 1.5999999999999943, "Manufacturing_Material": "الزهر المرن"}, "geometry": {"type": "Point", "coordinates": [31.49009710829093, 30.273135111454813, 0.0]}}, {"type": "Feature", "properties": {"ID": "589", "Diameter": 100, "Sectors": "القطاع الثاني و العشرون", "Implementing_company": "العبد", "Start": "2017-05-23 00:00:00+00:00", "End": "2018-02-22 00:00:00+00:00", "Northing": "30° 16' 20.1\" N", "Easting": "031° 29' 49.35\" E", "Google_Map": "https://www.google.com/maps/search/?api=1&query=031° 29' 49.35\" E,30° 16' 20.1\" N", "GL": 159.18, "IL": 157.58, "Depth": 1.5999999999999943, "Manufacturing_Material": "الزهر المرن"}, "geometry": {"type": "Point", "coordinates": [31.49719651597692, 30.272287464081945, 0.0]}}, {"type": "Feature", "properties": {"ID": "590", "Diameter": 100, "Sectors": "القطاع الثاني و العشرون", "Implementing_company": "العبد", "Start": "2017-05-23 00:00:00+00:00", "End": "2018-02-22 00:00:00+00:00", "Northing": "30° 16' 12.43\" N", "Easting": "031° 29' 33.56\" E", "Google_Map": "https://www.google.com/maps/search/?api=1&query=031° 29' 33.56\" E,30° 16' 12.43\" N", "GL": 153.21, "IL": 151.61, "Depth": 1.5999999999999943, "Manufacturing_Material": "الزهر المرن"}, "geometry": {"type": "Point", "coordinates": [31.49280996305325, 30.270154835643606, -100.0850000000064]}}, {"type": "Feature", "properties": {"ID": "591", "Diameter": 100, "Sectors": "القطاع الثاني و العشرون", "Implementing_company": "العبد", "Start": "2017-05-23 00:00:00+00:00", "End": "2018-02-22 00:00:00+00:00", "Northing": "30° 16' 10.26\" N", "Easting": "031° 29' 37.98\" E", "Google_Map": "https://www.google.com/maps/search/?api=1&query=031° 29' 37.98\" E,30° 16' 10.26\" N", "GL": 153.21, "IL": 151.61, "Depth": 1.5999999999999943, "Manufacturing_Material": "الزهر المرن"}, "geometry": {"type": "Point", "coordinates": [31.494036715876987, 30.269553194731998, -100.0850000000064]}}, {"type": "Feature", "properties": {"ID": "592", "Diameter": 100, "Sectors": "القطاع الثاني و العشرون", "Implementing_company": "العبد", "Start": "2017-05-23 00:00:00+00:00", "End": "2018-02-22 00:00:00+00:00", "Northing": "30° 16' 17.65\" N", "Easting": "031° 29' 41.31\" E", "Google_Map": "https://www.google.com/maps/search/?api=1&query=031° 29' 41.31\" E,30° 16' 17.65\" N", "GL": 153.21, "IL": 151.61, "Depth": 1.5999999999999943, "Manufacturing_Material": "الزهر المرن"}, "geometry": {"type": "Point", "coordinates": [31.49496137864808, 30.271606114036608, 0.0]}}, {"type": "Feature", "properties": {"ID": "593", "Diameter": 100, "Sectors": "القطاع الثاني و العشرون", "Implementing_company": "العبد", "Start": "2017-05-23 00:00:00+00:00", "End": "2018-02-22 00:00:00+00:00", "Northing": "30° 16' 16.82\" N", "Easting": "031° 29' 35.71\" E", "Google_Map": "https://www.google.com/maps/search/?api=1&query=031° 29' 35.71\" E,30° 16' 16.82\" N", "GL": 153.21, "IL": 151.61, "Depth": 1.5999999999999943, "Manufacturing_Material": "الزهر المرن"}, "geometry": {"type": "Point", "coordinates": [31.49340641095899, 30.27137573235528, -100.0850000000064]}}, {"type": "Feature", "properties": {"ID": "594", "Diameter": 100, "Sectors": "القطاع الثاني و العشرون", "Implementing_company": "العبد", "Start": "2017-05-23 00:00:00+00:00", "End": "2018-02-22 00:00:00+00:00", "Northing": "30° 16' 20.89\" N", "Easting": "031° 29' 37.03\" E", "Google_Map": "https://www.google.com/maps/search/?api=1&query=031° 29' 37.03\" E,30° 16' 20.89\" N", "GL": 157.31, "IL": 155.71, "Depth": 1.5999999999999943, "Manufacturing_Material": "الزهر المرن"}, "geometry": {"type": "Point", "coordinates": [31.493773621475444, 30.272507188725378, 56.356199999994715]}}, {"type": "Feature", "properties": {"ID": "595", "Diameter": 200, "Sectors": "القطاع الثاني و العشرون", "Implementing_company": "العبد", "Start": "2017-05-23 00:00:00+00:00", "End": "2018-02-22 00:00:00+00:00", "Northing": "30° 16' 23.03\" N", "Easting": "031° 29' 37.91\" E", "Google_Map": "https://www.google.com/maps/search/?api=1&query=031° 29' 37.91\" E,30° 16' 23.03\" N", "GL": 159.18, "IL": 157.58, "Depth": 1.5999999999999943, "Manufacturing_Material": "الزهر المرن"}, "geometry": {"type": "Point", "coordinates": [31.494016752704773, 30.273101664469223, 0.0]}}, {"type": "Feature", "properties": {"ID": "596", "Diameter": 100, "Sectors": "القطاع الثاني و العشرون", "Implementing_company": "العبد", "Start": "2017-05-23 00:00:00+00:00", "End": "2018-02-22 00:00:00+00:00", "Northing": "30° 16' 22.94\" N", "Easting": "031° 29' 37.88\" E", "Google_Map": "https://www.google.com/maps/search/?api=1&query=031° 29' 37.88\" E,30° 16' 22.94\" N", "GL": 157.31, "IL": 155.71, "Depth": 1.5999999999999943, "Manufacturing_Material": "الزهر المرن"}, "geometry": {"type": "Point", "coordinates": [31.49400998483018, 30.273076048323173, 0.0]}}, {"type": "Feature", "properties": {"ID": "597", "Diameter": 100, "Sectors": "القطاع الثاني و العشرون", "Implementing_company": "العبد", "Start": "2017-05-23 00:00:00+00:00", "End": "2018-02-22 00:00:00+00:00", "Northing": "30° 16' 18.77\" N", "Easting": "031° 29' 28.56\" E", "Google_Map": "https://www.google.com/maps/search/?api=1&query=031° 29' 28.56\" E,30° 16' 18.77\" N", "GL": 155.12, "IL": 153.52, "Depth": 1.5999999999999943, "Manufacturing_Material": "الزهر المرن"}, "geometry": {"type": "Point", "coordinates": [31.49142126073738, 30.27191803194102, 0.0]}}, {"type": "Feature", "properties": {"ID": "598", "Diameter": 100, "Sectors": "القطاع الثاني و العشرون", "Implementing_company": "العبد", "Start": "2017-05-23 00:00:00+00:00", "End": "2018-02-22 00:00:00+00:00", "Northing": "30° 16' 18.88\" N", "Easting": "031° 29' 28.39\" E", "Google_Map": "https://www.google.com/maps/search/?api=1&query=031° 29' 28.39\" E,30° 16' 18.88\" N", "GL": 158.11, "IL": 156.51, "Depth": 1.6000000000000227, "Manufacturing_Material": "الزهر المرن"}, "geometry": {"type": "Point", "coordinates": [31.49137231765665, 30.271946918483035, 0.0]}}, {"type": "Feature", "properties": {"ID": "599", "Diameter": 100, "Sectors": "القطاع الثاني و العشرون", "Implementing_company": "العبد", "Start": "2017-05-23 00:00:00+00:00", "End": "2018-02-22 00:00:00+00:00", "Northing": "30° 16' 18.9\" N", "Easting": "031° 29' 28.32\" E", "Google_Map": "https://www.google.com/maps/search/?api=1&query=031° 29' 28.32\" E,30° 16' 18.9\" N", "GL": 158.11, "IL": 156.51, "Depth": 1.6000000000000227, "Manufacturing_Material": "الزهر المرن"}, "geometry": {"type": "Point", "coordinates": [31.491352751589584, 30.271954616793536, 0.0]}}, {"type": "Feature", "properties": {"ID": "600", "Diameter": 500, "Sectors": "القطاع الثاني و العشرون", "Implementing_company": "العبد", "Start": "2017-05-23 00:00:00+00:00", "End": "2018-02-22 00:00:00+00:00", "Northing": "30° 16' 20.53\" N", "Easting": "031° 29' 20.26\" E", "Google_Map": "https://www.google.com/maps/search/?api=1&query=031° 29' 20.26\" E,30° 16' 20.53\" N", "GL": 156.56, "IL": 154.96, "Depth": 1.5999999999999943, "Manufacturing_Material": "الزهر المرن"}, "geometry": {"type": "Point", "coordinates": [31.489113757898732, 30.272405533193414, 0.0]}}, {"type": "Feature", "properties": {"ID": "601", "Diameter": 150, "Sectors": "القطاع الثاني و العشرون", "Implementing_company": "العبد", "Start": "2017-05-23 00:00:00+00:00", "End": "2018-02-22 00:00:00+00:00", "Northing": "30° 16' 20.64\" N", "Easting": "031° 29' 20.37\" E", "Google_Map": "https://www.google.com/maps/search/?api=1&query=031° 29' 20.37\" E,30° 16' 20.64\" N", "GL": 156.56, "IL": 154.96, "Depth": 1.5999999999999943, "Manufacturing_Material": "الزهر المرن"}, "geometry": {"type": "Point", "coordinates": [31.489144196907255, 30.272436475438337, 0.0]}}, {"type": "Feature", "properties": {"ID": "602", "Diameter": 150, "Sectors": "القطاع الثاني و العشرون", "Implementing_company": "العبد", "Start": "2017-05-23 00:00:00+00:00", "End": "2018-02-22 00:00:00+00:00", "Northing": "30° 16' 25.69\" N", "Easting": "031° 29' 27.89\" E", "Google_Map": "https://www.google.com/maps/search/?api=1&query=031° 29' 27.89\" E,30° 16' 25.69\" N", "GL": 158.11, "IL": 156.51, "Depth": 1.6000000000000227, "Manufacturing_Material": "الزهر المرن"}, "geometry": {"type": "Point", "coordinates": [31.491234278887987, 30.273839900608984, 0.0]}}, {"type": "Feature", "properties": {"ID": "603", "Diameter": 200, "Sectors": "القطاع الثاني و العشرون", "Implementing_company": "العبد", "Start": "2017-05-23 00:00:00+00:00", "End": "2018-02-22 00:00:00+00:00", "Northing": "30° 16' 25.77\" N", "Easting": "031° 29' 28.08\" E", "Google_Map": "https://www.google.com/maps/search/?api=1&query=031° 29' 28.08\" E,30° 16' 25.77\" N", "GL": 158.11, "IL": 156.51, "Depth": 1.6000000000000227, "Manufacturing_Material": "الزهر المرن"}, "geometry": {"type": "Point", "coordinates": [31.49128655650874, 30.27386277742338, 0.0]}}, {"type": "Feature", "properties": {"ID": "604", "Diameter": 500, "Sectors": "القطاع الثاني و العشرون", "Implementing_company": "العبد", "Start": "2017-05-23 00:00:00+00:00", "End": "2018-02-22 00:00:00+00:00", "Northing": "30° 16' 10.46\" N", "Easting": "031° 29' 28.61\" E", "Google_Map": "https://www.google.com/maps/search/?api=1&query=031° 29' 28.61\" E,30° 16' 10.46\" N", "GL": 156.06, "IL": 154.46, "Depth": 1.5999999999999943, "Manufacturing_Material": "الزهر المرن"}, "geometry": {"type": "Point", "coordinates": [31.491435816772086, 30.269609558455905, -100.0850000000064]}}, {"type": "Feature", "properties": {"ID": "605", "Diameter": 100, "Sectors": "القطاع الثاني و العشرون", "Implementing_company": "العبد", "Start": "2017-05-23 00:00:00+00:00", "End": "2018-02-22 00:00:00+00:00", "Northing": "30° 16' 10.52\" N", "Easting": "031° 29' 28.72\" E", "Google_Map": "https://www.google.com/maps/search/?api=1&query=031° 29' 28.72\" E,30° 16' 10.52\" N", "GL": 153.21, "IL": 151.61, "Depth": 1.5999999999999943, "Manufacturing_Material": "الزهر المرن"}, "geometry": {"type": "Point", "coordinates": [31.49146436098809, 30.26962688813364, -100.0850000000064]}}, {"type": "Feature", "properties": {"ID": "606", "Diameter": 500, "Sectors": "القطاع الثاني و العشرون", "Implementing_company": "العبد", "Start": "2017-05-23 00:00:00+00:00", "End": "2018-02-22 00:00:00+00:00", "Northing": "30° 16' 3.5\" N", "Easting": "031° 29' 36.9\" E", "Google_Map": "https://www.google.com/maps/search/?api=1&query=031° 29' 36.9\" E,30° 16' 3.5\" N", "GL": 153.21, "IL": 151.61, "Depth": 1.5999999999999943, "Manufacturing_Material": "الزهر المرن"}, "geometry": {"type": "Point", "coordinates": [31.493737901520216, 30.267674758803302, 0.0]}}, {"type": "Feature", "properties": {"ID": "607", "Diameter": 100, "Sectors": "القطاع الثاني و العشرون", "Implementing_company": "العبد", "Start": "2017-05-23 00:00:00+00:00", "End": "2018-02-22 00:00:00+00:00", "Northing": "30° 16' 3.61\" N", "Easting": "031° 29' 37.06\" E", "Google_Map": "https://www.google.com/maps/search/?api=1&query=031° 29' 37.06\" E,30° 16' 3.61\" N", "GL": 153.21, "IL": 151.61, "Depth": 1.5999999999999943, "Manufacturing_Material": "الزهر المرن"}, "geometry": {"type": "Point", "coordinates": [31.493780701795878, 30.26770653477115, 0.0]}}, {"type": "Feature", "properties": {"ID": "608", "Diameter": 500, "Sectors": "القطاع الثاني و العشرون", "Implementing_company": "العبد", "Start": "2017-05-23 00:00:00+00:00", "End": "2018-02-22 00:00:00+00:00", "Northing": "30° 15' 59.92\" N", "Easting": "031° 29' 43.74\" E", "Google_Map": "https://www.google.com/maps/search/?api=1&query=031° 29' 43.74\" E,30° 15' 59.92\" N", "GL": 153.21, "IL": 151.61, "Depth": 1.5999999999999943, "Manufacturing_Material": "الزهر المرن"}, "geometry": {"type": "Point", "coordinates": [31.495637881150717, 30.266682067417815, 0.0]}}, {"type": "Feature", "properties": {"ID": "609", "Diameter": 100, "Sectors": "القطاع الثاني و العشرون", "Implementing_company": "العبد", "Start": "2017-05-23 00:00:00+00:00", "End": "2018-02-22 00:00:00+00:00", "Northing": "30° 16' 0.02\" N", "Easting": "031° 29' 43.83\" E", "Google_Map": "https://www.google.com/maps/search/?api=1&query=031° 29' 43.83\" E,30° 16' 0.02\" N", "GL": 153.06, "IL": 151.45999999999998, "Depth": 1.6000000000000227, "Manufacturing_Material": "الزهر المرن"}, "geometry": {"type": "Point", "coordinates": [31.495661430943805, 30.26670894070001, 0.0]}}, {"type": "Feature", "properties": {"ID": "610", "Diameter": 100, "Sectors": "القطاع الثاني و العشرون", "Implementing_company": "العبد", "Start": "2017-05-23 00:00:00+00:00", "End": "2018-02-22 00:00:00+00:00", "Northing": "30° 16' 18.85\" N", "Easting": "031° 29' 53.65\" E", "Google_Map": "https://www.google.com/maps/search/?api=1&query=031° 29' 53.65\" E,30° 16' 18.85\" N", "GL": 153.06, "IL": 151.45999999999998, "Depth": 1.6000000000000227, "Manufacturing_Material": "الزهر المرن"}, "geometry": {"type": "Point", "coordinates": [31.498389753102455, 30.27193922829274, 0.0]}}, {"type": "Feature", "properties": {"ID": "611", "Diameter": 200, "Sectors": "القطاع الثاني و العشرون", "Implementing_company": "العبد", "Start": "2017-05-23 00:00:00+00:00", "End": "2018-02-22 00:00:00+00:00", "Northing": "30° 16' 18.97\" N", "Easting": "031° 29' 53.79\" E", "Google_Map": "https://www.google.com/maps/search/?api=1&query=031° 29' 53.79\" E,30° 16' 18.97\" N", "GL": 159.18, "IL": 157.58, "Depth": 1.5999999999999943, "Manufacturing_Material": "الزهر المرن"}, "geometry": {"type": "Point", "coordinates": [31.498428237819653, 30.271972897157962, 0.0]}}, {"type": "Feature", "properties": {"ID": "612", "Diameter": 500, "Sectors": "القطاع الثاني و العشرون", "Implementing_company": "العبد", "Start": "2017-05-23 00:00:00+00:00", "End": "2018-02-22 00:00:00+00:00", "Northing": "30° 16' 13.87\" N", "Easting": "031° 29' 24.7\" E", "Google_Map": "https://www.google.com/maps/search/?api=1&query=031° 29' 24.7\" E,30° 16' 13.87\" N", "GL": 156.56, "IL": 154.96, "Depth": 1.5999999999999943, "Manufacturing_Material": "الزهر المرن"}, "geometry": {"type": "Point", "coordinates": [31.49034715749524, 30.27055696238082, 0.0]}}, {"type": "Feature", "properties": {"ID": "613", "Diameter": 100, "Sectors": "القطاع الثاني و العشرون", "Implementing_company": "العبد", "Start": "2017-05-23 00:00:00+00:00", "End": "2018-02-22 00:00:00+00:00", "Northing": "30° 16' 13.86\" N", "Easting": "031° 29' 24.96\" E", "Google_Map": "https://www.google.com/maps/search/?api=1&query=031° 29' 24.96\" E,30° 16' 13.86\" N", "GL": 156.06, "IL": 154.46, "Depth": 1.5999999999999943, "Manufacturing_Material": "الزهر المرن"}, "geometry": {"type": "Point", "coordinates": [31.490421418306266, 30.27055432682061, 0.0]}}, {"type": "Feature", "properties": {"ID": "614", "Diameter": 500, "Sectors": "القطاع الثاني و العشرون", "Implementing_company": "العبد", "Start": "2017-05-23 00:00:00+00:00", "End": "2018-02-22 00:00:00+00:00", "Northing": "30° 16' 13.74\" N", "Easting": "031° 29' 24.84\" E", "Google_Map": "https://www.google.com/maps/search/?api=1&query=031° 29' 24.84\" E,30° 16' 13.74\" N", "GL": 156.06, "IL": 154.46, "Depth": 1.5999999999999943, "Manufacturing_Material": "الزهر المرن"}, "geometry": {"type": "Point", "coordinates": [31.490387404484412, 30.27051918565613, 0.0]}}, {"type": "Feature", "properties": {"ID": "615", "Diameter": 400, "Sectors": "القطاع العشرون", "Implementing_company": "البديوي", "Start": "2024-09-01 00:00:00+00:00", "End": "2025-05-30 00:00:00+00:00", "Northing": "30° 15' 26.49\" N", "Easting": "031° 30' 25.42\" E", "Google_Map": "https://www.google.com/maps/search/?api=1&query=031° 30' 25.42\" E,30° 15' 26.49\" N", "GL": 136.26, "IL": 134.66, "Depth": 1.5999999999999943, "Manufacturing_Material": "الزهر المرن"}, "geometry": {"type": "Point", "coordinates": [31.507213656076324, 30.257394231670677, 0.0]}}, {"type": "Feature", "properties": {"ID": "616", "Diameter": 50, "Sectors": "القطاع العشرون", "Implementing_company": "البديوي", "Start": "2024-09-01 00:00:00+00:00", "End": "2025-05-30 00:00:00+00:00", "Northing": "30° 15' 28.81\" N", "Easting": "031° 30' 28.07\" E", "Google_Map": "https://www.google.com/maps/search/?api=1&query=031° 30' 28.07\" E,30° 15' 28.81\" N", "GL": 136.26, "IL": 134.66, "Depth": 1.5999999999999943, "Manufacturing_Material": "الزهر المرن"}, "geometry": {"type": "Point", "coordinates": [31.507951407685084, 30.258040413283346, 0.0]}}, {"type": "Feature", "properties": {"ID": "617", "Diameter": 50, "Sectors": "القطاع العشرون", "Implementing_company": "البديوي", "Start": "2024-09-01 00:00:00+00:00", "End": "2025-05-30 00:00:00+00:00", "Northing": "30° 15' 30.59\" N", "Easting": "031° 30' 30.1\" E", "Google_Map": "https://www.google.com/maps/search/?api=1&query=031° 30' 30.1\" E,30° 15' 30.59\" N", "GL": 136.26, "IL": 134.66, "Depth": 1.5999999999999943, "Manufacturing_Material": "الزهر المرن"}, "geometry": {"type": "Point", "coordinates": [31.50851384275505, 30.25853302874151, 0.0]}}, {"type": "Feature", "properties": {"ID": "618", "Diameter": 200, "Sectors": "القطاع الحادي و العشرون", "Implementing_company": "العبد", "Start": "2017-05-23 00:00:00+00:00", "End": "2018-02-22 00:00:00+00:00", "Northing": "30° 16' 5.46\" N", "Easting": "031° 30' 43.44\" E", "Google_Map": "https://www.google.com/maps/search/?api=1&query=031° 30' 43.44\" E,30° 16' 5.46\" N", "GL": 154.10500000000002, "IL": 152.505, "Depth": 1.6000000000000227, "Manufacturing_Material": "الزهر المرن"}, "geometry": {"type": "Point", "coordinates": [31.512219682173257, 30.268218625052963, 48.90029999999388]}}, {"type": "Feature", "properties": {"ID": "619", "Diameter": 200, "Sectors": "القطاع الحادي و العشرون", "Implementing_company": "العبد", "Start": "2017-05-23 00:00:00+00:00", "End": "2018-02-22 00:00:00+00:00", "Northing": "30° 16' 5.47\" N", "Easting": "031° 30' 43.15\" E", "Google_Map": "https://www.google.com/maps/search/?api=1&query=031° 30' 43.15\" E,30° 16' 5.47\" N", "GL": 149.21, "IL": 147.61, "Depth": 1.5999999999999943, "Manufacturing_Material": "الزهر المرن"}, "geometry": {"type": "Point", "coordinates": [31.51213877793769, 30.268222632123813, 48.90029999999388]}}, {"type": "Feature", "properties": {"ID": "620", "Diameter": 150, "Sectors": "القطاع الحادي و العشرون", "Implementing_company": "العبد", "Start": "2017-05-23 00:00:00+00:00", "End": "2018-02-22 00:00:00+00:00", "Northing": "30° 16' 5.31\" N", "Easting": "031° 30' 42.99\" E", "Google_Map": "https://www.google.com/maps/search/?api=1&query=031° 30' 42.99\" E,30° 16' 5.31\" N", "GL": 154.10500000000002, "IL": 152.505, "Depth": 1.6000000000000227, "Manufacturing_Material": "الزهر المرن"}, "geometry": {"type": "Point", "coordinates": [31.51209604445919, 30.268178357149864, -100.0850000000064]}}, {"type": "Feature", "properties": {"ID": "621", "Diameter": 100, "Sectors": "القطاع الحادي و العشرون", "Implementing_company": "العبد", "Start": "2017-05-23 00:00:00+00:00", "End": "2018-02-22 00:00:00+00:00", "Northing": "30° 16' 11.3\" N", "Easting": "031° 30' 21.58\" E", "Google_Map": "https://www.google.com/maps/search/?api=1&query=031° 30' 21.58\" E,30° 16' 11.3\" N", "GL": 147.32, "IL": 145.72, "Depth": 1.5999999999999943, "Manufacturing_Material": "الزهر المرن"}, "geometry": {"type": "Point", "coordinates": [31.506148969737335, 30.269843505549836, 48.90029999999388]}}, {"type": "Feature", "properties": {"ID": "622", "Diameter": 100, "Sectors": "القطاع الحادي و العشرون", "Implementing_company": "العبد", "Start": "2017-05-23 00:00:00+00:00", "End": "2018-02-22 00:00:00+00:00", "Northing": "30° 16' 11.14\" N", "Easting": "031° 30' 21.53\" E", "Google_Map": "https://www.google.com/maps/search/?api=1&query=031° 30' 21.53\" E,30° 16' 11.14\" N", "GL": 147.32, "IL": 145.72, "Depth": 1.5999999999999943, "Manufacturing_Material": "الزهر المرن"}, "geometry": {"type": "Point", "coordinates": [31.5061340661156, 30.26979863576567, 47.06119999999646]}}, {"type": "Feature", "properties": {"ID": "623", "Diameter": 100, "Sectors": "القطاع الحادي و العشرون", "Implementing_company": "العبد", "Start": "2017-05-23 00:00:00+00:00", "End": "2018-02-22 00:00:00+00:00", "Northing": "30° 15' 55.04\" N", "Easting": "031° 30' 21.94\" E", "Google_Map": "https://www.google.com/maps/search/?api=1&query=031° 30' 21.94\" E,30° 15' 55.04\" N", "GL": 143.47, "IL": 141.87, "Depth": 1.5999999999999943, "Manufacturing_Material": "الزهر المرن"}, "geometry": {"type": "Point", "coordinates": [31.50624755611685, 30.265325252256815, -88.61320000000705]}}, {"type": "Feature", "properties": {"ID": "624", "Diameter": 150, "Sectors": "القطاع الحادي و العشرون", "Implementing_company": "العبد", "Start": "2017-05-23 00:00:00+00:00", "End": "2018-02-22 00:00:00+00:00", "Northing": "30° 15' 54.73\" N", "Easting": "031° 30' 30.72\" E", "Google_Map": "https://www.google.com/maps/search/?api=1&query=031° 30' 30.72\" E,30° 15' 54.73\" N", "GL": 141.52, "IL": 139.92, "Depth": 1.6000000000000227, "Manufacturing_Material": "الزهر المرن"}, "geometry": {"type": "Point", "coordinates": [31.508686836477242, 30.26524023659535, 14.56140000000596]}}, {"type": "Feature", "properties": {"ID": "625", "Diameter": 150, "Sectors": "القطاع الحادي و العشرون", "Implementing_company": "العبد", "Start": "2017-05-23 00:00:00+00:00", "End": "2018-02-22 00:00:00+00:00", "Northing": "30° 15' 55.37\" N", "Easting": "031° 30' 33.09\" E", "Google_Map": "https://www.google.com/maps/search/?api=1&query=031° 30' 33.09\" E,30° 15' 55.37\" N", "GL": 146.62, "IL": 145.02, "Depth": 1.5999999999999943, "Manufacturing_Material": "الزهر المرن"}, "geometry": {"type": "Point", "coordinates": [31.509345283769342, 30.265417415941315, 0.0]}}, {"type": "Feature", "properties": {"ID": "626", "Diameter": 50, "Sectors": "القطاع العشرون", "Implementing_company": "مختار إبراهيم", "Start": "2017-06-13 00:00:00+00:00", "End": "2018-03-12 00:00:00+00:00", "Northing": "30° 15' 53.56\" N", "Easting": "031° 30' 36.21\" E", "Google_Map": "https://www.google.com/maps/search/?api=1&query=031° 30' 36.21\" E,30° 15' 53.56\" N", "GL": 146.62, "IL": 145.02, "Depth": 1.5999999999999943, "Manufacturing_Material": "الزهر المرن"}, "geometry": {"type": "Point", "coordinates": [31.510212446972496, 30.26491568326575, 0.0]}}, {"type": "Feature", "properties": {"ID": "627", "Diameter": 110, "Sectors": "القطاع العشرون", "Implementing_company": "مختار إبراهيم", "Start": "2017-06-13 00:00:00+00:00", "End": "2018-03-12 00:00:00+00:00", "Northing": "30° 15' 54.13\" N", "Easting": "031° 30' 38.3\" E", "Google_Map": "https://www.google.com/maps/search/?api=1&query=031° 30' 38.3\" E,30° 15' 54.13\" N", "GL": 146.62, "IL": 145.02, "Depth": 1.5999999999999943, "Manufacturing_Material": "الزهر المرن"}, "geometry": {"type": "Point", "coordinates": [31.51079230660294, 30.265071394433054, 0.0]}}, {"type": "Feature", "properties": {"ID": "628", "Diameter": 50, "Sectors": "القطاع العشرون", "Implementing_company": "مختار إبراهيم", "Start": "2017-06-13 00:00:00+00:00", "End": "2018-03-12 00:00:00+00:00", "Northing": "30° 15' 52.32\" N", "Easting": "031° 30' 31.58\" E", "Google_Map": "https://www.google.com/maps/search/?api=1&query=031° 30' 31.58\" E,30° 15' 52.32\" N", "GL": 141.52, "IL": 139.92, "Depth": 1.6000000000000227, "Manufacturing_Material": "الزهر المرن"}, "geometry": {"type": "Point", "coordinates": [31.508925184641164, 30.264571137196747, 20.28729999999632]}}, {"type": "Feature", "properties": {"ID": "629", "Diameter": 50, "Sectors": "القطاع العشرون", "Implementing_company": "مختار إبراهيم", "Start": "2017-06-13 00:00:00+00:00", "End": "2018-03-12 00:00:00+00:00", "Northing": "30° 15' 52.17\" N", "Easting": "031° 30' 31.63\" E", "Google_Map": "https://www.google.com/maps/search/?api=1&query=031° 30' 31.63\" E,30° 15' 52.17\" N", "GL": 146.62, "IL": 145.02, "Depth": 1.5999999999999943, "Manufacturing_Material": "الزهر المرن"}, "geometry": {"type": "Point", "coordinates": [31.5089407490019, 30.264527500230148, 0.0]}}, {"type": "Feature", "properties": {"ID": "630", "Diameter": 50, "Sectors": "القطاع العشرون", "Implementing_company": "مختار إبراهيم", "Start": "2017-06-13 00:00:00+00:00", "End": "2018-03-12 00:00:00+00:00", "Northing": "30° 15' 50.59\" N", "Easting": "031° 30' 32.2\" E", "Google_Map": "https://www.google.com/maps/search/?api=1&query=031° 30' 32.2\" E,30° 15' 50.59\" N", "GL": 146.62, "IL": 145.02, "Depth": 1.5999999999999943, "Manufacturing_Material": "الزهر المرن"}, "geometry": {"type": "Point", "coordinates": [31.509097142618277, 30.264089033576923, 25.193499999993946]}}, {"type": "Feature", "properties": {"ID": "631", "Diameter": 110, "Sectors": "القطاع العشرون", "Implementing_company": "مختار إبراهيم", "Start": "2017-06-13 00:00:00+00:00", "End": "2018-03-12 00:00:00+00:00", "Northing": "30° 15' 51.99\" N", "Easting": "031° 30' 39.07\" E", "Google_Map": "https://www.google.com/maps/search/?api=1&query=031° 30' 39.07\" E,30° 15' 51.99\" N", "GL": 150.27, "IL": 148.67, "Depth": 1.6000000000000227, "Manufacturing_Material": "الزهر المرن"}, "geometry": {"type": "Point", "coordinates": [31.511006401173884, 30.264478014827375, 0.0]}}, {"type": "Feature", "properties": {"ID": "632", "Diameter": 50, "Sectors": "القطاع العشرون", "Implementing_company": "مختار إبراهيم", "Start": "2017-06-13 00:00:00+00:00", "End": "2018-03-12 00:00:00+00:00", "Northing": "30° 15' 51.27\" N", "Easting": "031° 30' 39.33\" E", "Google_Map": "https://www.google.com/maps/search/?api=1&query=031° 30' 39.33\" E,30° 15' 51.27\" N", "GL": 150.27, "IL": 148.67, "Depth": 1.6000000000000227, "Manufacturing_Material": "الزهر المرن"}, "geometry": {"type": "Point", "coordinates": [31.511079218888074, 30.264277067730216, 0.0]}}, {"type": "Feature", "properties": {"ID": "633", "Diameter": 150, "Sectors": "القطاع العشرون", "Implementing_company": "مختار إبراهيم", "Start": "2017-06-13 00:00:00+00:00", "End": "2018-03-12 00:00:00+00:00", "Northing": "30° 15' 46.19\" N", "Easting": "031° 30' 25.02\" E", "Google_Map": "https://www.google.com/maps/search/?api=1&query=031° 30' 25.02\" E,30° 15' 46.19\" N", "GL": 136.26, "IL": 134.66, "Depth": 1.5999999999999943, "Manufacturing_Material": "الزهر المرن"}, "geometry": {"type": "Point", "coordinates": [31.507102665838552, 30.26286583102565, 0.0]}}, {"type": "Feature", "properties": {"ID": "634", "Diameter": 50, "Sectors": "القطاع العشرون", "Implementing_company": "مختار إبراهيم", "Start": "2017-06-13 00:00:00+00:00", "End": "2018-03-12 00:00:00+00:00", "Northing": "30° 15' 48.21\" N", "Easting": "031° 30' 40.35\" E", "Google_Map": "https://www.google.com/maps/search/?api=1&query=031° 30' 40.35\" E,30° 15' 48.21\" N", "GL": 149.66, "IL": 148.06, "Depth": 1.5999999999999943, "Manufacturing_Material": "الزهر المرن"}, "geometry": {"type": "Point", "coordinates": [31.511363103615928, 30.263429682805395, 0.0]}}, {"type": "Feature", "properties": {"ID": "635", "Diameter": 110, "Sectors": "القطاع العشرون", "Implementing_company": "مختار إبراهيم", "Start": "2017-06-13 00:00:00+00:00", "End": "2018-03-12 00:00:00+00:00", "Northing": "30° 15' 48.25\" N", "Easting": "031° 30' 32.72\" E", "Google_Map": "https://www.google.com/maps/search/?api=1&query=031° 30' 32.72\" E,30° 15' 48.25\" N", "GL": 136.26, "IL": 134.66, "Depth": 1.5999999999999943, "Manufacturing_Material": "الزهر المرن"}, "geometry": {"type": "Point", "coordinates": [31.50924161233318, 30.263440353368495, 0.0]}}, {"type": "Feature", "properties": {"ID": "636", "Diameter": 110, "Sectors": "القطاع العشرون", "Implementing_company": "مختار إبراهيم", "Start": "2017-06-13 00:00:00+00:00", "End": "2018-03-12 00:00:00+00:00", "Northing": "30° 15' 48.72\" N", "Easting": "031° 30' 34.45\" E", "Google_Map": "https://www.google.com/maps/search/?api=1&query=031° 30' 34.45\" E,30° 15' 48.72\" N", "GL": 150.27, "IL": 148.67, "Depth": 1.6000000000000227, "Manufacturing_Material": "الزهر المرن"}, "geometry": {"type": "Point", "coordinates": [31.509722334615937, 30.263569481105076, 0.0]}}, {"type": "Feature", "properties": {"ID": "637", "Diameter": 110, "Sectors": "القطاع العشرون", "Implementing_company": "مختار إبراهيم", "Start": "2017-06-13 00:00:00+00:00", "End": "2018-03-12 00:00:00+00:00", "Northing": "30° 15' 50.79\" N", "Easting": "031° 30' 42.17\" E", "Google_Map": "https://www.google.com/maps/search/?api=1&query=031° 30' 42.17\" E,30° 15' 50.79\" N", "GL": 150.27, "IL": 148.67, "Depth": 1.6000000000000227, "Manufacturing_Material": "الزهر المرن"}, "geometry": {"type": "Point", "coordinates": [31.51186678463953, 30.26414543178413, 0.0]}}, {"type": "Feature", "properties": {"ID": "638", "Diameter": 100, "Sectors": "القطاع الحادي و العشرون", "Implementing_company": "العبد", "Start": "2017-05-23 00:00:00+00:00", "End": "2018-02-22 00:00:00+00:00", "Northing": "30° 15' 52.53\" N", "Easting": "031° 30' 22.45\" E", "Google_Map": "https://www.google.com/maps/search/?api=1&query=031° 30' 22.45\" E,30° 15' 52.53\" N", "GL": 141.52, "IL": 139.92, "Depth": 1.6000000000000227, "Manufacturing_Material": "الزهر المرن"}, "geometry": {"type": "Point", "coordinates": [31.506390286958478, 30.264626976680773, 13.525099999998929]}}, {"type": "Feature", "properties": {"ID": "639", "Diameter": 150, "Sectors": "القطاع العشرون", "Implementing_company": "مختار إبراهيم", "Start": "2017-06-13 00:00:00+00:00", "End": "2018-03-12 00:00:00+00:00", "Northing": "30° 15' 42.96\" N", "Easting": "031° 30' 42.28\" E", "Google_Map": "https://www.google.com/maps/search/?api=1&query=031° 30' 42.28\" E,30° 15' 42.96\" N", "GL": 136.26, "IL": 134.66, "Depth": 1.5999999999999943, "Manufacturing_Material": "الزهر المرن"}, "geometry": {"type": "Point", "coordinates": [31.511899312946444, 30.26196973457126, 52.323199999998906]}}, {"type": "Feature", "properties": {"ID": "640", "Diameter": 50, "Sectors": "القطاع العشرون", "Implementing_company": "مختار إبراهيم", "Start": "2017-06-13 00:00:00+00:00", "End": "2018-03-12 00:00:00+00:00", "Northing": "30° 15' 44.53\" N", "Easting": "031° 30' 38.48\" E", "Google_Map": "https://www.google.com/maps/search/?api=1&query=031° 30' 38.48\" E,30° 15' 44.53\" N", "GL": 136.26, "IL": 134.66, "Depth": 1.5999999999999943, "Manufacturing_Material": "الزهر المرن"}, "geometry": {"type": "Point", "coordinates": [31.51084308402526, 30.262406228893187, 0.22100000000500586]}}, {"type": "Feature", "properties": {"ID": "641", "Diameter": 50, "Sectors": "القطاع العشرون", "Implementing_company": "مختار إبراهيم", "Start": "2017-06-13 00:00:00+00:00", "End": "2018-03-12 00:00:00+00:00", "Northing": "30° 15' 46.53\" N", "Easting": "031° 30' 44.44\" E", "Google_Map": "https://www.google.com/maps/search/?api=1&query=031° 30' 44.44\" E,30° 15' 46.53\" N", "GL": 149.66, "IL": 148.06, "Depth": 1.5999999999999943, "Manufacturing_Material": "الزهر المرن"}, "geometry": {"type": "Point", "coordinates": [31.512497571892453, 30.26296223288186, 19.7329000000027]}}, {"type": "Feature", "properties": {"ID": "642", "Diameter": 50, "Sectors": "القطاع العشرون", "Implementing_company": "مختار إبراهيم", "Start": "2017-06-13 00:00:00+00:00", "End": "2018-03-12 00:00:00+00:00", "Northing": "30° 15' 42.39\" N", "Easting": "031° 30' 30.91\" E", "Google_Map": "https://www.google.com/maps/search/?api=1&query=031° 30' 30.91\" E,30° 15' 42.39\" N", "GL": 136.26, "IL": 134.66, "Depth": 1.5999999999999943, "Manufacturing_Material": "الزهر المرن"}, "geometry": {"type": "Point", "coordinates": [31.508739791662787, 30.261811777141144, 0.3129999999946449]}}, {"type": "Feature", "properties": {"ID": "643", "Diameter": 50, "Sectors": "القطاع العشرون", "Implementing_company": "مختار إبراهيم", "Start": "2017-06-13 00:00:00+00:00", "End": "2018-03-12 00:00:00+00:00", "Northing": "30° 15' 45.66\" N", "Easting": "031° 30' 48.09\" E", "Google_Map": "https://www.google.com/maps/search/?api=1&query=031° 30' 48.09\" E,30° 15' 45.66\" N", "GL": 140.3, "IL": 138.7, "Depth": 1.6000000000000227, "Manufacturing_Material": "الزهر المرن"}, "geometry": {"type": "Point", "coordinates": [31.513513446639852, 30.26272089683274, 50.05929999999353]}}, {"type": "Feature", "properties": {"ID": "644", "Diameter": 50, "Sectors": "القطاع العشرون", "Implementing_company": "مختار إبراهيم", "Start": "2017-06-13 00:00:00+00:00", "End": "2018-03-12 00:00:00+00:00", "Northing": "30° 15' 51.27\" N", "Easting": "031° 30' 48.86\" E", "Google_Map": "https://www.google.com/maps/search/?api=1&query=031° 30' 48.86\" E,30° 15' 51.27\" N", "GL": 155.06, "IL": 153.46, "Depth": 1.5999999999999943, "Manufacturing_Material": "الزهر المرن"}, "geometry": {"type": "Point", "coordinates": [31.51372478168868, 30.26427930107112, 36.67609999999695]}}, {"type": "Feature", "properties": {"ID": "645", "Diameter": 50, "Sectors": "القطاع العشرون", "Implementing_company": "مختار إبراهيم", "Start": "2017-06-13 00:00:00+00:00", "End": "2018-03-12 00:00:00+00:00", "Northing": "30° 15' 50.74\" N", "Easting": "031° 30' 48.99\" E", "Google_Map": "https://www.google.com/maps/search/?api=1&query=031° 30' 48.99\" E,30° 15' 50.74\" N", "GL": 155.06, "IL": 153.46, "Depth": 1.5999999999999943, "Manufacturing_Material": "الزهر المرن"}, "geometry": {"type": "Point", "coordinates": [31.513761263766483, 30.26413217290595, 38.132199999992736]}}, {"type": "Feature", "properties": {"ID": "646", "Diameter": 50, "Sectors": "القطاع العشرون", "Implementing_company": "مختار إبراهيم", "Start": "2017-06-13 00:00:00+00:00", "End": "2018-03-12 00:00:00+00:00", "Northing": "30° 16' 0.7\" N", "Easting": "031° 30' 51.81\" E", "Google_Map": "https://www.google.com/maps/search/?api=1&query=031° 30' 51.81\" E,30° 16' 0.7\" N", "GL": 150.32, "IL": 148.72, "Depth": 1.5999999999999943, "Manufacturing_Material": "الزهر المرن"}, "geometry": {"type": "Point", "coordinates": [31.514544449402244, 30.266898306438414, 17.40119999999297]}}, {"type": "Feature", "properties": {"ID": "647", "Diameter": 50, "Sectors": "القطاع العشرون", "Implementing_company": "مختار إبراهيم", "Start": "2017-06-13 00:00:00+00:00", "End": "2018-03-12 00:00:00+00:00", "Northing": "30° 16' 0.7\" N", "Easting": "031° 30' 51.81\" E", "Google_Map": "https://www.google.com/maps/search/?api=1&query=031° 30' 51.81\" E,30° 16' 0.7\" N", "GL": 150.32, "IL": 148.72, "Depth": 1.5999999999999943, "Manufacturing_Material": "الزهر المرن"}, "geometry": {"type": "Point", "coordinates": [31.514544449392222, 30.266898306634502, 14.54330000000482]}}, {"type": "Feature", "properties": {"ID": "648", "Diameter": 110, "Sectors": "القطاع العشرون", "Implementing_company": "مختار إبراهيم", "Start": "2017-06-13 00:00:00+00:00", "End": "2018-03-12 00:00:00+00:00", "Northing": "30° 16' 3.06\" N", "Easting": "031° 30' 52.73\" E", "Google_Map": "https://www.google.com/maps/search/?api=1&query=031° 30' 52.73\" E,30° 16' 3.06\" N", "GL": 150.32, "IL": 148.72, "Depth": 1.5999999999999943, "Manufacturing_Material": "الزهر المرن"}, "geometry": {"type": "Point", "coordinates": [31.51480075689244, 30.26755320369643, 0.0]}}, {"type": "Feature", "properties": {"ID": "649", "Diameter": 50, "Sectors": "القطاع العشرون", "Implementing_company": "مختار إبراهيم", "Start": "2017-06-13 00:00:00+00:00", "End": "2018-03-12 00:00:00+00:00", "Northing": "30° 15' 57.16\" N", "Easting": "031° 30' 56.55\" E", "Google_Map": "https://www.google.com/maps/search/?api=1&query=031° 30' 56.55\" E,30° 15' 57.16\" N", "GL": 149.49, "IL": 147.89, "Depth": 1.6000000000000227, "Manufacturing_Material": "الزهر المرن"}, "geometry": {"type": "Point", "coordinates": [31.515861710854004, 30.265913573054732, 0.0]}}, {"type": "Feature", "properties": {"ID": "650", "Diameter": 50, "Sectors": "القطاع العشرون", "Implementing_company": "مختار إبراهيم", "Start": "2017-06-13 00:00:00+00:00", "End": "2018-03-12 00:00:00+00:00", "Northing": "30° 15' 57.16\" N", "Easting": "031° 30' 56.55\" E", "Google_Map": "https://www.google.com/maps/search/?api=1&query=031° 30' 56.55\" E,30° 15' 57.16\" N", "GL": 149.49, "IL": 147.89, "Depth": 1.6000000000000227, "Manufacturing_Material": "الزهر المرن"}, "geometry": {"type": "Point", "coordinates": [31.515861710859493, 30.26591357294721, 1.5672000000049593]}}, {"type": "Feature", "properties": {"ID": "651", "Diameter": 110, "Sectors": "القطاع العشرون", "Implementing_company": "مختار إبراهيم", "Start": "2017-06-13 00:00:00+00:00", "End": "2018-03-12 00:00:00+00:00", "Northing": "30° 16' 0.87\" N", "Easting": "031° 31' 0.27\" E", "Google_Map": "https://www.google.com/maps/search/?api=1&query=031° 31' 0.27\" E,30° 16' 0.87\" N", "GL": 144.42, "IL": 142.82, "Depth": 1.5999999999999943, "Manufacturing_Material": "الزهر المرن"}, "geometry": {"type": "Point", "coordinates": [31.516896486712838, 30.2669447387543, 0.0]}}, {"type": "Feature", "properties": {"ID": "652", "Diameter": 100, "Sectors": "القطاع الحادي و العشرون", "Implementing_company": "العبد", "Start": "2017-05-23 00:00:00+00:00", "End": "2018-02-22 00:00:00+00:00", "Northing": "30° 15' 52.5\" N", "Easting": "031° 30' 22.46\" E", "Google_Map": "https://www.google.com/maps/search/?api=1&query=031° 30' 22.46\" E,30° 15' 52.5\" N", "GL": 141.52, "IL": 139.92, "Depth": 1.6000000000000227, "Manufacturing_Material": "الزهر المرن"}, "geometry": {"type": "Point", "coordinates": [31.50639275939107, 30.264620950496223, 0.0]}}, {"type": "Feature", "properties": {"ID": "653", "Diameter": 150, "Sectors": "القطاع العشرون", "Implementing_company": " أولاد حجازى ", "Start": "2021-10-06 00:00:00+00:00", "End": "2025-01-13 00:00:00+00:00", "Northing": "30° 15' 44.74\" N", "Easting": "031° 30' 48.97\" E", "Google_Map": "https://www.google.com/maps/search/?api=1&query=031° 30' 48.97\" E,30° 15' 44.74\" N", "GL": 140.3, "IL": 138.7, "Depth": 1.6000000000000227, "Manufacturing_Material": "الزهر المرن"}, "geometry": {"type": "Point", "coordinates": [31.51375666419712, 30.26246418022385, 0.0]}}, {"type": "Feature", "properties": {"ID": "654", "Diameter": 150, "Sectors": "القطاع الحادي و العشرون", "Implementing_company": "العبد", "Start": "2017-05-23 00:00:00+00:00", "End": "2018-02-22 00:00:00+00:00", "Northing": "30° 16' 5.05\" N", "Easting": "031° 30' 46.45\" E", "Google_Map": "https://www.google.com/maps/search/?api=1&query=031° 30' 46.45\" E,30° 16' 5.05\" N", "GL": 154.55, "IL": 152.95, "Depth": 1.6000000000000227, "Manufacturing_Material": "الزهر المرن"}, "geometry": {"type": "Point", "coordinates": [31.513057348088555, 30.26810553767815, 0.0]}}, {"type": "Feature", "properties": {"ID": "655", "Diameter": 150, "Sectors": "القطاع الحادي و العشرون", "Implementing_company": "العبد", "Start": "2017-05-23 00:00:00+00:00", "End": "2018-02-22 00:00:00+00:00", "Northing": "30° 16' 5.0\" N", "Easting": "031° 30' 46.42\" E", "Google_Map": "https://www.google.com/maps/search/?api=1&query=031° 30' 46.42\" E,30° 16' 5.0\" N", "GL": 154.55, "IL": 152.95, "Depth": 1.6000000000000227, "Manufacturing_Material": "الزهر المرن"}, "geometry": {"type": "Point", "coordinates": [31.51304765421581, 30.268093491757007, 0.0]}}, {"type": "Feature", "properties": {"ID": "656", "Diameter": 200, "Sectors": "القطاع الحادي و العشرون", "Implementing_company": "العبد", "Start": "2017-05-23 00:00:00+00:00", "End": "2018-02-22 00:00:00+00:00", "Northing": "30° 16' 5.03\" N", "Easting": "031° 30' 46.43\" E", "Google_Map": "https://www.google.com/maps/search/?api=1&query=031° 30' 46.43\" E,30° 16' 5.03\" N", "GL": 154.55, "IL": 152.95, "Depth": 1.6000000000000227, "Manufacturing_Material": "الزهر المرن"}, "geometry": {"type": "Point", "coordinates": [31.51305231514236, 30.268099515362852, 1.1999000000068918]}}, {"type": "Feature", "properties": {"ID": "657", "Diameter": 150, "Sectors": "القطاع العشرون", "Implementing_company": " أولاد حجازى ", "Start": "2021-10-06 00:00:00+00:00", "End": "2025-01-13 00:00:00+00:00", "Northing": "30° 15' 44.77\" N", "Easting": "031° 30' 48.95\" E", "Google_Map": "https://www.google.com/maps/search/?api=1&query=031° 30' 48.95\" E,30° 15' 44.77\" N", "GL": 140.3, "IL": 138.7, "Depth": 1.6000000000000227, "Manufacturing_Material": "الزهر المرن"}, "geometry": {"type": "Point", "coordinates": [31.513752121718543, 30.262473273252276, 43.43039999999746]}}, {"type": "Feature", "properties": {"ID": "658", "Diameter": 150, "Sectors": "القطاع العشرون", "Implementing_company": " أولاد حجازى ", "Start": "2021-10-06 00:00:00+00:00", "End": "2025-01-13 00:00:00+00:00", "Northing": "30° 15' 44.75\" N", "Easting": "031° 30' 48.96\" E", "Google_Map": "https://www.google.com/maps/search/?api=1&query=031° 30' 48.96\" E,30° 15' 44.75\" N", "GL": 140.3, "IL": 138.7, "Depth": 1.6000000000000227, "Manufacturing_Material": "الزهر المرن"}, "geometry": {"type": "Point", "coordinates": [31.513754181103394, 30.26246842863909, 53.127699999997276]}}, {"type": "Feature", "properties": {"ID": "659", "Diameter": 50, "Sectors": "القطاع العشرون", "Implementing_company": "مختار إبراهيم", "Start": "2017-06-13 00:00:00+00:00", "End": "2018-03-12 00:00:00+00:00", "Northing": "30° 15' 43.66\" N", "Easting": "031° 30' 35.31\" E", "Google_Map": "https://www.google.com/maps/search/?api=1&query=031° 30' 35.31\" E,30° 15' 43.66\" N", "GL": 136.26, "IL": 134.66, "Depth": 1.5999999999999943, "Manufacturing_Material": "الزهر المرن"}, "geometry": {"type": "Point", "coordinates": [31.509961104158354, 30.262164910876564, 0.0]}}, {"type": "Feature", "properties": {"ID": "660", "Diameter": 100, "Sectors": "القطاع الثامن عشر", "Implementing_company": " أولاد حجازى ", "Start": "2021-10-06 00:00:00+00:00", "End": "2025-01-13 00:00:00+00:00", "Northing": "30° 15' 50.69\" N", "Easting": "031° 31' 36.63\" E", "Google_Map": "https://www.google.com/maps/search/?api=1&query=031° 31' 36.63\" E,30° 15' 50.69\" N", "GL": 160.72, "IL": 159.12, "Depth": 1.5999999999999943, "Manufacturing_Material": "الزهر المرن"}, "geometry": {"type": "Point", "coordinates": [31.526995502788093, 30.264117973675464, -1.0]}}, {"type": "Feature", "properties": {"ID": "661", "Diameter": 100, "Sectors": "القطاع الثامن عشر", "Implementing_company": " أولاد حجازى ", "Start": "2021-10-06 00:00:00+00:00", "End": "2025-01-13 00:00:00+00:00", "Northing": "30° 15' 50.53\" N", "Easting": "031° 31' 36.58\" E", "Google_Map": "https://www.google.com/maps/search/?api=1&query=031° 31' 36.58\" E,30° 15' 50.53\" N", "GL": 160.72, "IL": 159.12, "Depth": 1.5999999999999943, "Manufacturing_Material": "الزهر المرن"}, "geometry": {"type": "Point", "coordinates": [31.526981016751105, 30.264071362564827, 0.0]}}, {"type": "Feature", "properties": {"ID": "662", "Diameter": 200, "Sectors": "القطاع الثامن عشر", "Implementing_company": " أولاد حجازى ", "Start": "2021-10-06 00:00:00+00:00", "End": "2025-01-13 00:00:00+00:00", "Northing": "30° 15' 46.23\" N", "Easting": "031° 31' 52.81\" E", "Google_Map": "https://www.google.com/maps/search/?api=1&query=031° 31' 52.81\" E,30° 15' 46.23\" N", "GL": 152.45, "IL": 150.85, "Depth": 1.5999999999999943, "Manufacturing_Material": "الزهر المرن"}, "geometry": {"type": "Point", "coordinates": [31.531490686147727, 30.26287728678009, 0.0]}}, {"type": "Feature", "properties": {"ID": "663", "Diameter": 200, "Sectors": "القطاع الثامن عشر", "Implementing_company": " أولاد حجازى ", "Start": "2021-10-06 00:00:00+00:00", "End": "2025-01-13 00:00:00+00:00", "Northing": "30° 15' 46.27\" N", "Easting": "031° 31' 52.64\" E", "Google_Map": "https://www.google.com/maps/search/?api=1&query=031° 31' 52.64\" E,30° 15' 46.27\" N", "GL": 152.45, "IL": 150.85, "Depth": 1.5999999999999943, "Manufacturing_Material": "الزهر المرن"}, "geometry": {"type": "Point", "coordinates": [31.53144240577239, 30.262890523349824, -1.0]}}, {"type": "Feature", "properties": {"ID": "664", "Diameter": 200, "Sectors": "القطاع الثامن عشر", "Implementing_company": " أولاد حجازى ", "Start": "2021-10-06 00:00:00+00:00", "End": "2025-01-13 00:00:00+00:00", "Northing": "30° 15' 46.45\" N", "Easting": "031° 31' 52.69\" E", "Google_Map": "https://www.google.com/maps/search/?api=1&query=031° 31' 52.69\" E,30° 15' 46.45\" N", "GL": 152.45, "IL": 150.85, "Depth": 1.5999999999999943, "Manufacturing_Material": "الزهر المرن"}, "geometry": {"type": "Point", "coordinates": [31.531457988172686, 30.2629406537491, -1.0]}}, {"type": "Feature", "properties": {"ID": "665", "Diameter": 200, "Sectors": "القطاع التاسع عشر", "Implementing_company": " أولاد حجازى ", "Start": "2021-10-06 00:00:00+00:00", "End": "2025-01-13 00:00:00+00:00", "Northing": "30° 15' 40.33\" N", "Easting": "031° 31' 18.84\" E", "Google_Map": "https://www.google.com/maps/search/?api=1&query=031° 31' 18.84\" E,30° 15' 40.33\" N", "GL": 143.51, "IL": 141.91, "Depth": 1.5999999999999943, "Manufacturing_Material": "الزهر المرن"}, "geometry": {"type": "Point", "coordinates": [31.522053963916846, 30.26123939553431, 0.0]}}, {"type": "Feature", "properties": {"ID": "666", "Diameter": 200, "Sectors": "القطاع التاسع عشر", "Implementing_company": " أولاد حجازى ", "Start": "2021-10-06 00:00:00+00:00", "End": "2025-01-13 00:00:00+00:00", "Northing": "30° 15' 43.1\" N", "Easting": "031° 31' 29.43\" E", "Google_Map": "https://www.google.com/maps/search/?api=1&query=031° 31' 29.43\" E,30° 15' 43.1\" N", "GL": 152.24, "IL": 150.64, "Depth": 1.6000000000000227, "Manufacturing_Material": "الزهر المرن"}, "geometry": {"type": "Point", "coordinates": [31.524994269581825, 30.26200750607122, -1.0]}}, {"type": "Feature", "properties": {"ID": "667", "Diameter": 100, "Sectors": "القطاع التاسع عشر", "Implementing_company": " أولاد حجازى ", "Start": "2021-10-06 00:00:00+00:00", "End": "2025-01-13 00:00:00+00:00", "Northing": "30° 15' 40.43\" N", "Easting": "031° 31' 18.62\" E", "Google_Map": "https://www.google.com/maps/search/?api=1&query=031° 31' 18.62\" E,30° 15' 40.43\" N", "GL": 146.595, "IL": 144.995, "Depth": 1.5999999999999943, "Manufacturing_Material": "الزهر المرن"}, "geometry": {"type": "Point", "coordinates": [31.52199205667501, 30.261267937323158, 0.0]}}, {"type": "Feature", "properties": {"ID": "668", "Diameter": 100, "Sectors": "القطاع التاسع عشر", "Implementing_company": " أولاد حجازى ", "Start": "2021-10-06 00:00:00+00:00", "End": "2025-01-13 00:00:00+00:00", "Northing": "30° 15' 43.27\" N", "Easting": "031° 31' 29.48\" E", "Google_Map": "https://www.google.com/maps/search/?api=1&query=031° 31' 29.48\" E,30° 15' 43.27\" N", "GL": 152.24, "IL": 150.64, "Depth": 1.6000000000000227, "Manufacturing_Material": "الزهر المرن"}, "geometry": {"type": "Point", "coordinates": [31.525008319827297, 30.262055060770894, 0.0]}}, {"type": "Feature", "properties": {"ID": "669", "Diameter": 150, "Sectors": "القطاع التاسع عشر", "Implementing_company": " أولاد حجازى ", "Start": "2021-10-06 00:00:00+00:00", "End": "2025-01-13 00:00:00+00:00", "Northing": "30° 15' 47.58\" N", "Easting": "031° 31' 0.14\" E", "Google_Map": "https://www.google.com/maps/search/?api=1&query=031° 31' 0.14\" E,30° 15' 47.58\" N", "GL": 139.235, "IL": 137.635, "Depth": 1.6000000000000227, "Manufacturing_Material": "الزهر المرن"}, "geometry": {"type": "Point", "coordinates": [31.516859312277575, 30.26325193616771, -1.0]}}, {"type": "Feature", "properties": {"ID": "670", "Diameter": 110, "Sectors": "القطاع التاسع عشر", "Implementing_company": " أولاد حجازى ", "Start": "2021-10-06 00:00:00+00:00", "End": "2025-01-13 00:00:00+00:00", "Northing": "30° 15' 47.76\" N", "Easting": "031° 31' 0.2\" E", "Google_Map": "https://www.google.com/maps/search/?api=1&query=031° 31' 0.2\" E,30° 15' 47.76\" N", "GL": 138.17, "IL": 136.57, "Depth": 1.5999999999999943, "Manufacturing_Material": "الزهر المرن"}, "geometry": {"type": "Point", "coordinates": [31.51687558024922, 30.26330321750282, 0.0]}}, {"type": "Feature", "properties": {"ID": "671", "Diameter": 100, "Sectors": "القطاع التاسع عشر", "Implementing_company": " أولاد حجازى ", "Start": "2021-10-06 00:00:00+00:00", "End": "2025-01-13 00:00:00+00:00", "Northing": "30° 15' 47.55\" N", "Easting": "031° 31' 16.36\" E", "Google_Map": "https://www.google.com/maps/search/?api=1&query=031° 31' 16.36\" E,30° 15' 47.55\" N", "GL": 147.93, "IL": 146.33, "Depth": 1.5999999999999943, "Manufacturing_Material": "الزهر المرن"}, "geometry": {"type": "Point", "coordinates": [31.521364396787106, 30.26324602356787, -1.0]}}, {"type": "Feature", "properties": {"ID": "672", "Diameter": 100, "Sectors": "القطاع التاسع عشر", "Implementing_company": " أولاد حجازى ", "Start": "2021-10-06 00:00:00+00:00", "End": "2025-01-13 00:00:00+00:00", "Northing": "30° 15' 47.5\" N", "Easting": "031° 31' 16.18\" E", "Google_Map": "https://www.google.com/maps/search/?api=1&query=031° 31' 16.18\" E,30° 15' 47.5\" N", "GL": 147.93, "IL": 146.33, "Depth": 1.5999999999999943, "Manufacturing_Material": "الزهر المرن"}, "geometry": {"type": "Point", "coordinates": [31.5213141597022, 30.263232171039018, 0.0]}}, {"type": "Feature", "properties": {"ID": "673", "Diameter": 100, "Sectors": "القطاع التاسع عشر", "Implementing_company": " أولاد حجازى ", "Start": "2021-10-06 00:00:00+00:00", "End": "2025-01-13 00:00:00+00:00", "Northing": "30° 15' 39.36\" N", "Easting": "031° 31' 14.71\" E", "Google_Map": "https://www.google.com/maps/search/?api=1&query=031° 31' 14.71\" E,30° 15' 39.36\" N", "GL": 138.29, "IL": 136.69, "Depth": 1.5999999999999943, "Manufacturing_Material": "الزهر المرن"}, "geometry": {"type": "Point", "coordinates": [31.52090697776382, 30.260968720864188, 0.0]}}, {"type": "Feature", "properties": {"ID": "674", "Diameter": 200, "Sectors": "القطاع التاسع عشر", "Implementing_company": " أولاد حجازى ", "Start": "2021-10-06 00:00:00+00:00", "End": "2025-01-13 00:00:00+00:00", "Northing": "30° 15' 39.16\" N", "Easting": "031° 31' 14.58\" E", "Google_Map": "https://www.google.com/maps/search/?api=1&query=031° 31' 14.58\" E,30° 15' 39.16\" N", "GL": 143.51, "IL": 141.91, "Depth": 1.5999999999999943, "Manufacturing_Material": "الزهر المرن"}, "geometry": {"type": "Point", "coordinates": [31.520871841299538, 30.26091341776729, 0.0]}}, {"type": "Feature", "properties": {"ID": "675", "Diameter": 110, "Sectors": "القطاع التاسع عشر", "Implementing_company": " أولاد حجازى ", "Start": "2021-10-06 00:00:00+00:00", "End": "2025-01-13 00:00:00+00:00", "Northing": "30° 15' 59.39\" N", "Easting": "031° 31' 3.89\" E", "Google_Map": "https://www.google.com/maps/search/?api=1&query=031° 31' 3.89\" E,30° 15' 59.39\" N", "GL": 143.98, "IL": 142.38, "Depth": 1.5999999999999943, "Manufacturing_Material": "الزهر المرن"}, "geometry": {"type": "Point", "coordinates": [31.517900833524184, 30.266535079518704, 0.0]}}, {"type": "Feature", "properties": {"ID": "676", "Diameter": 110, "Sectors": "القطاع التاسع عشر", "Implementing_company": " أولاد حجازى ", "Start": "2021-10-06 00:00:00+00:00", "End": "2025-01-13 00:00:00+00:00", "Northing": "30° 15' 59.57\" N", "Easting": "031° 31' 3.94\" E", "Google_Map": "https://www.google.com/maps/search/?api=1&query=031° 31' 3.94\" E,30° 15' 59.57\" N", "GL": 143.98, "IL": 142.38, "Depth": 1.5999999999999943, "Manufacturing_Material": "الزهر المرن"}, "geometry": {"type": "Point", "coordinates": [31.51791620657442, 30.266583538245023, -1.0]}}, {"type": "Feature", "properties": {"ID": "677", "Diameter": 200, "Sectors": "القطاع الثامن عشر", "Implementing_company": " أولاد حجازى ", "Start": "2021-10-06 00:00:00+00:00", "End": "2025-01-13 00:00:00+00:00", "Northing": "30° 15' 42.07\" N", "Easting": "031° 31' 33.95\" E", "Google_Map": "https://www.google.com/maps/search/?api=1&query=031° 31' 33.95\" E,30° 15' 42.07\" N", "GL": 152.24, "IL": 150.64, "Depth": 1.6000000000000227, "Manufacturing_Material": "الزهر المرن"}, "geometry": {"type": "Point", "coordinates": [31.5262514178212, 30.261723709212244, -1.0]}}, {"type": "Feature", "properties": {"ID": "678", "Diameter": 200, "Sectors": "القطاع الثامن عشر", "Implementing_company": " أولاد حجازى ", "Start": "2021-10-06 00:00:00+00:00", "End": "2025-01-13 00:00:00+00:00", "Northing": "30° 15' 41.45\" N", "Easting": "031° 31' 36.24\" E", "Google_Map": "https://www.google.com/maps/search/?api=1&query=031° 31' 36.24\" E,30° 15' 41.45\" N", "GL": 152.24, "IL": 150.64, "Depth": 1.6000000000000227, "Manufacturing_Material": "الزهر المرن"}, "geometry": {"type": "Point", "coordinates": [31.526886410548123, 30.26155052357239, -0.13659999999799766]}}, {"type": "Feature", "properties": {"ID": "679", "Diameter": 100, "Sectors": "القطاع الثامن عشر", "Implementing_company": " أولاد حجازى ", "Start": "2021-10-06 00:00:00+00:00", "End": "2025-01-13 00:00:00+00:00", "Northing": "30° 15' 46.92\" N", "Easting": "031° 31' 50.3\" E", "Google_Map": "https://www.google.com/maps/search/?api=1&query=031° 31' 50.3\" E,30° 15' 46.92\" N", "GL": 151.97, "IL": 150.37, "Depth": 1.5999999999999943, "Manufacturing_Material": "الزهر المرن"}, "geometry": {"type": "Point", "coordinates": [31.53079278703354, 30.263068616067674, -0.13659999999799766]}}, {"type": "Feature", "properties": {"ID": "680", "Diameter": 50, "Sectors": "القطاع الثامن عشر", "Implementing_company": " أولاد حجازى ", "Start": "2021-10-06 00:00:00+00:00", "End": "2025-01-13 00:00:00+00:00", "Northing": "30° 15' 44.98\" N", "Easting": "031° 31' 49.1\" E", "Google_Map": "https://www.google.com/maps/search/?api=1&query=031° 31' 49.1\" E,30° 15' 44.98\" N", "GL": 150.98, "IL": 149.38, "Depth": 1.5999999999999943, "Manufacturing_Material": "الزهر المرن"}, "geometry": {"type": "Point", "coordinates": [31.530459151956496, 30.26253076850714, -0.13659999999799766]}}, {"type": "Feature", "properties": {"ID": "681", "Diameter": 100, "Sectors": "القطاع الثامن عشر", "Implementing_company": " أولاد حجازى ", "Start": "2021-10-06 00:00:00+00:00", "End": "2025-01-13 00:00:00+00:00", "Northing": "30° 15' 48.62\" N", "Easting": "031° 31' 35.99\" E", "Google_Map": "https://www.google.com/maps/search/?api=1&query=031° 31' 35.99\" E,30° 15' 48.62\" N", "GL": 160.28, "IL": 158.68, "Depth": 1.5999999999999943, "Manufacturing_Material": "الزهر المرن"}, "geometry": {"type": "Point", "coordinates": [31.52681668508012, 30.263542599127273, 0.0]}}, {"type": "Feature", "properties": {"ID": "682", "Diameter": 200, "Sectors": "القطاع التاسع عشر", "Implementing_company": " أولاد حجازى ", "Start": "2021-10-06 00:00:00+00:00", "End": "2025-01-13 00:00:00+00:00", "Northing": "30° 15' 40.93\" N", "Easting": "031° 31' 21.01\" E", "Google_Map": "https://www.google.com/maps/search/?api=1&query=031° 31' 21.01\" E,30° 15' 40.93\" N", "GL": 143.51, "IL": 141.91, "Depth": 1.5999999999999943, "Manufacturing_Material": "الزهر المرن"}, "geometry": {"type": "Point", "coordinates": [31.522655901847287, 30.261405378772025, -0.13659999999799766]}}, {"type": "Feature", "properties": {"ID": "683", "Diameter": 100, "Sectors": "القطاع التاسع عشر", "Implementing_company": " أولاد حجازى ", "Start": "2021-10-06 00:00:00+00:00", "End": "2025-01-13 00:00:00+00:00", "Northing": "30° 15' 43.59\" N", "Easting": "031° 31' 22.58\" E", "Google_Map": "https://www.google.com/maps/search/?api=1&query=031° 31' 22.58\" E,30° 15' 43.59\" N", "GL": 143.51, "IL": 141.91, "Depth": 1.5999999999999943, "Manufacturing_Material": "الزهر المرن"}, "geometry": {"type": "Point", "coordinates": [31.5230935837943, 30.262145991120846, -0.13659999999799766]}}, {"type": "Feature", "properties": {"ID": "684", "Diameter": 100, "Sectors": "القطاع التاسع عشر", "Implementing_company": " أولاد حجازى ", "Start": "2021-10-06 00:00:00+00:00", "End": "2025-01-13 00:00:00+00:00", "Northing": "30° 15' 53.53\" N", "Easting": "031° 31' 17.91\" E", "Google_Map": "https://www.google.com/maps/search/?api=1&query=031° 31' 17.91\" E,30° 15' 53.53\" N", "GL": 156.36, "IL": 154.76, "Depth": 1.6000000000000227, "Manufacturing_Material": "الزهر المرن"}, "geometry": {"type": "Point", "coordinates": [31.52179495000118, 30.264906374728245, 0.0]}}, {"type": "Feature", "properties": {"ID": "685", "Diameter": 50, "Sectors": "القطاع التاسع عشر", "Implementing_company": " أولاد حجازى ", "Start": "2021-10-06 00:00:00+00:00", "End": "2025-01-13 00:00:00+00:00", "Northing": "30° 15' 50.6\" N", "Easting": "031° 31' 29.28\" E", "Google_Map": "https://www.google.com/maps/search/?api=1&query=031° 31' 29.28\" E,30° 15' 50.6\" N", "GL": 157.23, "IL": 155.63, "Depth": 1.5999999999999943, "Manufacturing_Material": "الزهر المرن"}, "geometry": {"type": "Point", "coordinates": [31.52495298421886, 30.264091215103413, -0.13659999999799766]}}, {"type": "Feature", "properties": {"ID": "686", "Diameter": 50, "Sectors": "القطاع التاسع عشر", "Implementing_company": " أولاد حجازى ", "Start": "2021-10-06 00:00:00+00:00", "End": "2025-01-13 00:00:00+00:00", "Northing": "30° 15' 49.06\" N", "Easting": "031° 31' 26.28\" E", "Google_Map": "https://www.google.com/maps/search/?api=1&query=031° 31' 26.28\" E,30° 15' 49.06\" N", "GL": 154.99, "IL": 153.39, "Depth": 1.6000000000000227, "Manufacturing_Material": "الزهر المرن"}, "geometry": {"type": "Point", "coordinates": [31.52412073995258, 30.263664348132313, 0.0]}}, {"type": "Feature", "properties": {"ID": "687", "Diameter": 50, "Sectors": "القطاع التاسع عشر", "Implementing_company": " أولاد حجازى ", "Start": "2021-10-06 00:00:00+00:00", "End": "2025-01-13 00:00:00+00:00", "Northing": "30° 15' 50.86\" N", "Easting": "031° 31' 19.61\" E", "Google_Map": "https://www.google.com/maps/search/?api=1&query=031° 31' 19.61\" E,30° 15' 50.86\" N", "GL": 154.76, "IL": 153.16, "Depth": 1.5999999999999943, "Manufacturing_Material": "الزهر المرن"}, "geometry": {"type": "Point", "coordinates": [31.522266786267075, 30.264164944104902, 0.0]}}, {"type": "Feature", "properties": {"ID": "688", "Diameter": 100, "Sectors": "القطاع التاسع عشر", "Implementing_company": " أولاد حجازى ", "Start": "2021-10-06 00:00:00+00:00", "End": "2025-01-13 00:00:00+00:00", "Northing": "30° 15' 42.95\" N", "Easting": "031° 31' 20.27\" E", "Google_Map": "https://www.google.com/maps/search/?api=1&query=031° 31' 20.27\" E,30° 15' 42.95\" N", "GL": 143.51, "IL": 141.91, "Depth": 1.5999999999999943, "Manufacturing_Material": "الزهر المرن"}, "geometry": {"type": "Point", "coordinates": [31.522449845825136, 30.26196848589186, -0.13659999999799766]}}, {"type": "Feature", "properties": {"ID": "689", "Diameter": 100, "Sectors": "القطاع التاسع عشر", "Implementing_company": " أولاد حجازى ", "Start": "2021-10-06 00:00:00+00:00", "End": "2025-01-13 00:00:00+00:00", "Northing": "30° 15' 51.22\" N", "Easting": "031° 31' 26.95\" E", "Google_Map": "https://www.google.com/maps/search/?api=1&query=031° 31' 26.95\" E,30° 15' 51.22\" N", "GL": 157.23, "IL": 155.63, "Depth": 1.5999999999999943, "Manufacturing_Material": "الزهر المرن"}, "geometry": {"type": "Point", "coordinates": [31.524307606861296, 30.264265527978555, 0.0]}}, {"type": "Feature", "properties": {"ID": "690", "Diameter": 100, "Sectors": "القطاع التاسع عشر", "Implementing_company": " أولاد حجازى ", "Start": "2021-10-06 00:00:00+00:00", "End": "2025-01-13 00:00:00+00:00", "Northing": "30° 15' 52.9\" N", "Easting": "031° 31' 20.24\" E", "Google_Map": "https://www.google.com/maps/search/?api=1&query=031° 31' 20.24\" E,30° 15' 52.9\" N", "GL": 156.36, "IL": 154.76, "Depth": 1.6000000000000227, "Manufacturing_Material": "الزهر المرن"}, "geometry": {"type": "Point", "coordinates": [31.522442819579673, 30.264731447250877, 0.0]}}, {"type": "Feature", "properties": {"ID": "691", "Diameter": 100, "Sectors": "القطاع التاسع عشر", "Implementing_company": " أولاد حجازى ", "Start": "2021-10-06 00:00:00+00:00", "End": "2025-01-13 00:00:00+00:00", "Northing": "30° 15' 52.54\" N", "Easting": "031° 31' 29.88\" E", "Google_Map": "https://www.google.com/maps/search/?api=1&query=031° 31' 29.88\" E,30° 15' 52.54\" N", "GL": 161.66, "IL": 160.06, "Depth": 1.5999999999999943, "Manufacturing_Material": "الزهر المرن"}, "geometry": {"type": "Point", "coordinates": [31.52512097341856, 30.26463178128552, -0.13659999999799766]}}, {"type": "Feature", "properties": {"ID": "692", "Diameter": 100, "Sectors": "القطاع التاسع عشر", "Implementing_company": " أولاد حجازى ", "Start": "2021-10-06 00:00:00+00:00", "End": "2025-01-13 00:00:00+00:00", "Northing": "30° 15' 55.45\" N", "Easting": "031° 31' 18.51\" E", "Google_Map": "https://www.google.com/maps/search/?api=1&query=031° 31' 18.51\" E,30° 15' 55.45\" N", "GL": 157.77, "IL": 156.17, "Depth": 1.6000000000000227, "Manufacturing_Material": "الزهر المرن"}, "geometry": {"type": "Point", "coordinates": [31.52196200675748, 30.265439839690142, 0.0]}}, {"type": "Feature", "properties": {"ID": "693", "Diameter": 100, "Sectors": "القطاع التاسع عشر", "Implementing_company": " أولاد حجازى ", "Start": "2021-10-06 00:00:00+00:00", "End": "2025-01-13 00:00:00+00:00", "Northing": "30° 15' 51.96\" N", "Easting": "031° 31' 32.04\" E", "Google_Map": "https://www.google.com/maps/search/?api=1&query=031° 31' 32.04\" E,30° 15' 51.96\" N", "GL": 162.44, "IL": 160.84, "Depth": 1.5999999999999943, "Manufacturing_Material": "الزهر المرن"}, "geometry": {"type": "Point", "coordinates": [31.52572171218174, 30.264469562042695, 0.0]}}, {"type": "Feature", "properties": {"ID": "694", "Diameter": 150, "Sectors": "القطاع التاسع عشر", "Implementing_company": " أولاد حجازى ", "Start": "2021-10-06 00:00:00+00:00", "End": "2025-01-13 00:00:00+00:00", "Northing": "30° 15' 46.59\" N", "Easting": "031° 30' 55.38\" E", "Google_Map": "https://www.google.com/maps/search/?api=1&query=031° 30' 55.38\" E,30° 15' 46.59\" N", "GL": 140.3, "IL": 138.7, "Depth": 1.6000000000000227, "Manufacturing_Material": "الزهر المرن"}, "geometry": {"type": "Point", "coordinates": [31.515537929889675, 30.262977168483825, 0.0]}}, {"type": "Feature", "properties": {"ID": "695", "Diameter": 200, "Sectors": "القطاع التاسع عشر", "Implementing_company": " أولاد حجازى ", "Start": "2021-10-06 00:00:00+00:00", "End": "2025-01-13 00:00:00+00:00", "Northing": "30° 15' 35.83\" N", "Easting": "031° 31' 2.52\" E", "Google_Map": "https://www.google.com/maps/search/?api=1&query=031° 31' 2.52\" E,30° 15' 35.83\" N", "GL": 135.23, "IL": 133.63, "Depth": 1.5999999999999943, "Manufacturing_Material": "الزهر المرن"}, "geometry": {"type": "Point", "coordinates": [31.51751975529682, 30.259988989570118, 0.0]}}, {"type": "Feature", "properties": {"ID": "696", "Diameter": 200, "Sectors": "القطاع التاسع عشر", "Implementing_company": " أولاد حجازى ", "Start": "2021-10-06 00:00:00+00:00", "End": "2025-01-13 00:00:00+00:00", "Northing": "30° 15' 36.44\" N", "Easting": "031° 31' 4.73\" E", "Google_Map": "https://www.google.com/maps/search/?api=1&query=031° 31' 4.73\" E,30° 15' 36.44\" N", "GL": 135.23, "IL": 133.63, "Depth": 1.5999999999999943, "Manufacturing_Material": "الزهر المرن"}, "geometry": {"type": "Point", "coordinates": [31.518133761995205, 30.260158327004138, 0.0]}}, {"type": "Feature", "properties": {"ID": "697", "Diameter": 50, "Sectors": "القطاع التاسع عشر", "Implementing_company": " أولاد حجازى ", "Start": "2021-10-06 00:00:00+00:00", "End": "2025-01-13 00:00:00+00:00", "Northing": "30° 15' 55.25\" N", "Easting": "031° 31' 2.6\" E", "Google_Map": "https://www.google.com/maps/search/?api=1&query=031° 31' 2.6\" E,30° 15' 55.25\" N", "GL": 146.53, "IL": 144.93, "Depth": 1.5999999999999943, "Manufacturing_Material": "الزهر المرن"}, "geometry": {"type": "Point", "coordinates": [31.517543848302868, 30.265385058429366, 0.0]}}, {"type": "Feature", "properties": {"ID": "698", "Diameter": 50, "Sectors": "القطاع التاسع عشر", "Implementing_company": " أولاد حجازى ", "Start": "2021-10-06 00:00:00+00:00", "End": "2025-01-13 00:00:00+00:00", "Northing": "30° 15' 57.63\" N", "Easting": "031° 31' 11.1\" E", "Google_Map": "https://www.google.com/maps/search/?api=1&query=031° 31' 11.1\" E,30° 15' 57.63\" N", "GL": 149.37, "IL": 147.77, "Depth": 1.5999999999999943, "Manufacturing_Material": "الزهر المرن"}, "geometry": {"type": "Point", "coordinates": [31.519902658727098, 30.2660440673946, 0.0]}}, {"type": "Feature", "properties": {"ID": "699", "Diameter": 100, "Sectors": "القطاع التاسع عشر", "Implementing_company": " أولاد حجازى ", "Start": "2021-10-06 00:00:00+00:00", "End": "2025-01-13 00:00:00+00:00", "Northing": "30° 15' 48.54\" N", "Easting": "031° 31' 11.35\" E", "Google_Map": "https://www.google.com/maps/search/?api=1&query=031° 31' 11.35\" E,30° 15' 48.54\" N", "GL": 146.18, "IL": 144.58, "Depth": 1.5999999999999943, "Manufacturing_Material": "الزهر المرن"}, "geometry": {"type": "Point", "coordinates": [31.51997326268362, 30.26352020003589, 0.0]}}, {"type": "Feature", "properties": {"ID": "700", "Diameter": 100, "Sectors": "القطاع التاسع عشر", "Implementing_company": " أولاد حجازى ", "Start": "2021-10-06 00:00:00+00:00", "End": "2025-01-13 00:00:00+00:00", "Northing": "30° 15' 46.56\" N", "Easting": "031° 31' 12.07\" E", "Google_Map": "https://www.google.com/maps/search/?api=1&query=031° 31' 12.07\" E,30° 15' 46.56\" N", "GL": 146.18, "IL": 144.58, "Depth": 1.5999999999999943, "Manufacturing_Material": "الزهر المرن"}, "geometry": {"type": "Point", "coordinates": [31.520174371647368, 30.262970658877013, 0.0]}}, {"type": "Feature", "properties": {"ID": "701", "Diameter": 100, "Sectors": "القطاع التاسع عشر", "Implementing_company": " أولاد حجازى ", "Start": "2021-10-06 00:00:00+00:00", "End": "2025-01-13 00:00:00+00:00", "Northing": "30° 15' 46.39\" N", "Easting": "031° 31' 12.14\" E", "Google_Map": "https://www.google.com/maps/search/?api=1&query=031° 31' 12.14\" E,30° 15' 46.39\" N", "GL": 146.18, "IL": 144.58, "Depth": 1.5999999999999943, "Manufacturing_Material": "الزهر المرن"}, "geometry": {"type": "Point", "coordinates": [31.52019191993695, 30.262922705877443, -0.13659999999799766]}}, {"type": "Feature", "properties": {"ID": "702", "Diameter": 100, "Sectors": "القطاع التاسع عشر", "Implementing_company": " أولاد حجازى ", "Start": "2021-10-06 00:00:00+00:00", "End": "2025-01-13 00:00:00+00:00", "Northing": "30° 15' 55.6\" N", "Easting": "031° 31' 18.56\" E", "Google_Map": "https://www.google.com/maps/search/?api=1&query=031° 31' 18.56\" E,30° 15' 55.6\" N", "GL": 157.77, "IL": 156.17, "Depth": 1.6000000000000227, "Manufacturing_Material": "الزهر المرن"}, "geometry": {"type": "Point", "coordinates": [31.521974974026715, 30.26548124808074, -1.0]}}, {"type": "Feature", "properties": {"ID": "703", "Diameter": 100, "Sectors": "القطاع التاسع عشر", "Implementing_company": " أولاد حجازى ", "Start": "2021-10-06 00:00:00+00:00", "End": "2025-01-13 00:00:00+00:00", "Northing": "30° 15' 55.78\" N", "Easting": "031° 31' 18.61\" E", "Google_Map": "https://www.google.com/maps/search/?api=1&query=031° 31' 18.61\" E,30° 15' 55.78\" N", "GL": 157.77, "IL": 156.17, "Depth": 1.6000000000000227, "Manufacturing_Material": "الزهر المرن"}, "geometry": {"type": "Point", "coordinates": [31.521990415760765, 30.26553055924898, 0.0]}}, {"type": "Feature", "properties": {"ID": "704", "Diameter": 100, "Sectors": "القطاع الحادي و العشرون", "Implementing_company": "العبد", "Start": "2017-05-23 00:00:00+00:00", "End": "2018-02-22 00:00:00+00:00", "Northing": "30° 16' 8.94\" N", "Easting": "031° 30' 30.23\" E", "Google_Map": "https://www.google.com/maps/search/?api=1&query=031° 30' 30.23\" E,30° 16' 8.94\" N", "GL": 151.17, "IL": 149.57, "Depth": 1.5999999999999943, "Manufacturing_Material": "الزهر المرن"}, "geometry": {"type": "Point", "coordinates": [31.50855098212141, 30.269187059445002, 0.0]}}, {"type": "Feature", "properties": {"ID": "705", "Diameter": 100, "Sectors": "القطاع الحادي و العشرون", "Implementing_company": "العبد", "Start": "2017-05-23 00:00:00+00:00", "End": "2018-02-22 00:00:00+00:00", "Northing": "30° 15' 57.92\" N", "Easting": "031° 30' 23.59\" E", "Google_Map": "https://www.google.com/maps/search/?api=1&query=031° 30' 23.59\" E,30° 15' 57.92\" N", "GL": 145.92, "IL": 144.32, "Depth": 1.5999999999999943, "Manufacturing_Material": "الزهر المرن"}, "geometry": {"type": "Point", "coordinates": [31.506707333586366, 30.266124627537884, 0.0]}}, {"type": "Feature", "properties": {"ID": "706", "Diameter": 150, "Sectors": "القطاع الحادي و العشرون", "Implementing_company": "العبد", "Start": "2017-05-23 00:00:00+00:00", "End": "2018-02-22 00:00:00+00:00", "Northing": "30° 16' 3.52\" N", "Easting": "031° 30' 41.53\" E", "Google_Map": "https://www.google.com/maps/search/?api=1&query=031° 30' 41.53\" E,30° 16' 3.52\" N", "GL": 143.47, "IL": 141.87, "Depth": 1.5999999999999943, "Manufacturing_Material": "الزهر المرن"}, "geometry": {"type": "Point", "coordinates": [31.511689492465774, 30.26768005381464, -100.0850000000064]}}, {"type": "Feature", "properties": {"ID": "707", "Diameter": 150, "Sectors": "القطاع الحادي و العشرون", "Implementing_company": "العبد", "Start": "2017-05-23 00:00:00+00:00", "End": "2018-02-22 00:00:00+00:00", "Northing": "30° 15' 55.64\" N", "Easting": "031° 30' 24.46\" E", "Google_Map": "https://www.google.com/maps/search/?api=1&query=031° 30' 24.46\" E,30° 15' 55.64\" N", "GL": 143.47, "IL": 141.87, "Depth": 1.5999999999999943, "Manufacturing_Material": "الزهر المرن"}, "geometry": {"type": "Point", "coordinates": [31.50694804419844, 30.26549237763582, -100.0850000000064]}}, {"type": "Feature", "properties": {"ID": "708", "Diameter": 100, "Sectors": "القطاع الحادي و العشرون", "Implementing_company": "العبد", "Start": "2017-05-23 00:00:00+00:00", "End": "2018-02-22 00:00:00+00:00", "Northing": "30° 16' 4.15\" N", "Easting": "031° 30' 19.39\" E", "Google_Map": "https://www.google.com/maps/search/?api=1&query=031° 30' 19.39\" E,30° 16' 4.15\" N", "GL": 147.32, "IL": 145.72, "Depth": 1.5999999999999943, "Manufacturing_Material": "الزهر المرن"}, "geometry": {"type": "Point", "coordinates": [31.50553913613888, 30.267855532172735, 0.0]}}, {"type": "Feature", "properties": {"ID": "709", "Diameter": 100, "Sectors": "القطاع الحادي و العشرون", "Implementing_company": "العبد", "Start": "2017-05-23 00:00:00+00:00", "End": "2018-02-22 00:00:00+00:00", "Northing": "30° 16' 1.14\" N", "Easting": "031° 30' 27.85\" E", "Google_Map": "https://www.google.com/maps/search/?api=1&query=031° 30' 27.85\" E,30° 16' 1.14\" N", "GL": 145.49, "IL": 143.89, "Depth": 1.6000000000000227, "Manufacturing_Material": "الزهر المرن"}, "geometry": {"type": "Point", "coordinates": [31.507889140249247, 30.267019361760735, 42.666400000001886]}}, {"type": "Feature", "properties": {"ID": "710", "Diameter": 100, "Sectors": "القطاع الحادي و العشرون", "Implementing_company": "العبد", "Start": "2017-05-23 00:00:00+00:00", "End": "2018-02-22 00:00:00+00:00", "Northing": "30° 15' 59.3\" N", "Easting": "031° 30' 28.64\" E", "Google_Map": "https://www.google.com/maps/search/?api=1&query=031° 30' 28.64\" E,30° 15' 59.3\" N", "GL": 145.92, "IL": 144.32, "Depth": 1.5999999999999943, "Manufacturing_Material": "الزهر المرن"}, "geometry": {"type": "Point", "coordinates": [31.50811067577804, 30.266509226418727, 0.0]}}, {"type": "Feature", "properties": {"ID": "711", "Diameter": 150, "Sectors": "القطاع العشرون", "Implementing_company": "مختار إبراهيم", "Start": "2017-06-13 00:00:00+00:00", "End": "2018-03-12 00:00:00+00:00", "Northing": "30° 15' 38.89\" N", "Easting": "031° 30' 27.82\" E", "Google_Map": "https://www.google.com/maps/search/?api=1&query=031° 30' 27.82\" E,30° 15' 38.89\" N", "GL": 136.26, "IL": 134.66, "Depth": 1.5999999999999943, "Manufacturing_Material": "الزهر المرن"}, "geometry": {"type": "Point", "coordinates": [31.507881595289373, 30.260838942374786, 52.035799999997835]}}, {"type": "Feature", "properties": {"ID": "712", "Diameter": 150, "Sectors": "القطاع العشرون", "Implementing_company": "مختار إبراهيم", "Start": "2017-06-13 00:00:00+00:00", "End": "2018-03-12 00:00:00+00:00", "Northing": "30° 15' 38.91\" N", "Easting": "031° 30' 27.82\" E", "Google_Map": "https://www.google.com/maps/search/?api=1&query=031° 30' 27.82\" E,30° 15' 38.91\" N", "GL": 136.26, "IL": 134.66, "Depth": 1.5999999999999943, "Manufacturing_Material": "الزهر المرن"}, "geometry": {"type": "Point", "coordinates": [31.507880384336893, 30.260845141439663, 51.97629999999481]}}, {"type": "Feature", "properties": {"ID": "713", "Diameter": 100, "Sectors": "القطاع الحادي و العشرون", "Implementing_company": "العبد", "Start": "2017-05-23 00:00:00+00:00", "End": "2018-02-22 00:00:00+00:00", "Northing": "30° 15' 54.92\" N", "Easting": "031° 30' 21.99\" E", "Google_Map": "https://www.google.com/maps/search/?api=1&query=031° 30' 21.99\" E,30° 15' 54.92\" N", "GL": 141.52, "IL": 139.92, "Depth": 1.6000000000000227, "Manufacturing_Material": "الزهر المرن"}, "geometry": {"type": "Point", "coordinates": [31.50626112758958, 30.265293171621547, -100.0850000000064]}}, {"type": "Feature", "properties": {"ID": "714", "Diameter": 100, "Sectors": "القطاع الحادي و العشرون", "Implementing_company": "العبد", "Start": "2017-05-23 00:00:00+00:00", "End": "2018-02-22 00:00:00+00:00", "Northing": "30° 15' 54.7\" N", "Easting": "031° 30' 22.14\" E", "Google_Map": "https://www.google.com/maps/search/?api=1&query=031° 30' 22.14\" E,30° 15' 54.7\" N", "GL": 141.52, "IL": 139.92, "Depth": 1.6000000000000227, "Manufacturing_Material": "الزهر المرن"}, "geometry": {"type": "Point", "coordinates": [31.506302677692428, 30.26523116263906, 0.0]}}, {"type": "Feature", "properties": {"ID": "715", "Diameter": 100, "Sectors": "القطاع السادس عشر", "Implementing_company": "العبد", "Start": "2017-05-23 00:00:00+00:00", "End": "2018-02-22 00:00:00+00:00", "Northing": "30° 16' 1.62\" N", "Easting": "031° 31' 57.29\" E", "Google_Map": "https://www.google.com/maps/search/?api=1&query=031° 31' 57.29\" E,30° 16' 1.62\" N", "GL": 157.54500000000002, "IL": 155.945, "Depth": 1.6000000000000227, "Manufacturing_Material": "الزهر المرن"}, "geometry": {"type": "Point", "coordinates": [31.532735340529342, 30.267152112187176, 0.0]}}, {"type": "Feature", "properties": {"ID": "716", "Diameter": 100, "Sectors": "القطاع السابع عشر", "Implementing_company": "العبد", "Start": "2017-05-23 00:00:00+00:00", "End": "2018-02-22 00:00:00+00:00", "Northing": "30° 15' 55.91\" N", "Easting": "031° 31' 37.9\" E", "Google_Map": "https://www.google.com/maps/search/?api=1&query=031° 31' 37.9\" E,30° 15' 55.91\" N", "GL": 161.57, "IL": 159.97, "Depth": 1.5999999999999943, "Manufacturing_Material": "الزهر المرن"}, "geometry": {"type": "Point", "coordinates": [31.527348269539683, 30.26556725123743, 0.0]}}, {"type": "Feature", "properties": {"ID": "717", "Diameter": 100, "Sectors": "القطاع السابع عشر", "Implementing_company": "العبد", "Start": "2017-05-23 00:00:00+00:00", "End": "2018-02-22 00:00:00+00:00", "Northing": "30° 15' 57.28\" N", "Easting": "031° 31' 33.73\" E", "Google_Map": "https://www.google.com/maps/search/?api=1&query=031° 31' 33.73\" E,30° 15' 57.28\" N", "GL": 164.01, "IL": 162.41, "Depth": 1.5999999999999943, "Manufacturing_Material": "الزهر المرن"}, "geometry": {"type": "Point", "coordinates": [31.526190956615363, 30.265947891879545, 0.0]}}, {"type": "Feature", "properties": {"ID": "718", "Diameter": 100, "Sectors": "القطاع السابع عشر", "Implementing_company": "العبد", "Start": "2017-05-23 00:00:00+00:00", "End": "2018-02-22 00:00:00+00:00", "Northing": "30° 16' 10.9\" N", "Easting": "031° 31' 23.39\" E", "Google_Map": "https://www.google.com/maps/search/?api=1&query=031° 31' 23.39\" E,30° 16' 10.9\" N", "GL": 154.71, "IL": 153.11, "Depth": 1.5999999999999943, "Manufacturing_Material": "الزهر المرن"}, "geometry": {"type": "Point", "coordinates": [31.52331660892662, 30.269729763226128, 0.0]}}, {"type": "Feature", "properties": {"ID": "719", "Diameter": 100, "Sectors": "القطاع السابع عشر", "Implementing_company": "العبد", "Start": "2017-05-23 00:00:00+00:00", "End": "2018-02-22 00:00:00+00:00", "Northing": "30° 16' 1.0\" N", "Easting": "031° 31' 20.27\" E", "Google_Map": "https://www.google.com/maps/search/?api=1&query=031° 31' 20.27\" E,30° 16' 1.0\" N", "GL": 156.65, "IL": 155.05, "Depth": 1.5999999999999943, "Manufacturing_Material": "الزهر المرن"}, "geometry": {"type": "Point", "coordinates": [31.522449881642537, 30.266981327180464, 0.0]}}, {"type": "Feature", "properties": {"ID": "720", "Diameter": 100, "Sectors": "القطاع السابع عشر", "Implementing_company": "العبد", "Start": "2017-05-23 00:00:00+00:00", "End": "2018-02-22 00:00:00+00:00", "Northing": "30° 16' 11.14\" N", "Easting": "031° 31' 23.49\" E", "Google_Map": "https://www.google.com/maps/search/?api=1&query=031° 31' 23.49\" E,30° 16' 11.14\" N", "GL": 154.71, "IL": 153.11, "Depth": 1.5999999999999943, "Manufacturing_Material": "الزهر المرن"}, "geometry": {"type": "Point", "coordinates": [31.523344216968532, 30.26979709552801, 0.0]}}, {"type": "Feature", "properties": {"ID": "721", "Diameter": 100, "Sectors": "القطاع السابع عشر", "Implementing_company": "العبد", "Start": "2017-05-23 00:00:00+00:00", "End": "2018-02-22 00:00:00+00:00", "Northing": "30° 16' 0.7\" N", "Easting": "031° 31' 20.46\" E", "Google_Map": "https://www.google.com/maps/search/?api=1&query=031° 31' 20.46\" E,30° 16' 0.7\" N", "GL": 156.65, "IL": 155.05, "Depth": 1.5999999999999943, "Manufacturing_Material": "الزهر المرن"}, "geometry": {"type": "Point", "coordinates": [31.522502944250604, 30.26689727863154, 0.0]}}, {"type": "Feature", "properties": {"ID": "722", "Diameter": 100, "Sectors": "القطاع السابع عشر", "Implementing_company": "العبد", "Start": "2017-05-23 00:00:00+00:00", "End": "2018-02-22 00:00:00+00:00", "Northing": "30° 15' 57.13\" N", "Easting": "031° 31' 33.54\" E", "Google_Map": "https://www.google.com/maps/search/?api=1&query=031° 31' 33.54\" E,30° 15' 57.13\" N", "GL": 164.01, "IL": 162.41, "Depth": 1.5999999999999943, "Manufacturing_Material": "الزهر المرن"}, "geometry": {"type": "Point", "coordinates": [31.526135962102938, 30.265905714436595, 0.0]}}, {"type": "Feature", "properties": {"ID": "723", "Diameter": 100, "Sectors": "القطاع السابع عشر", "Implementing_company": "العبد", "Start": "2017-05-23 00:00:00+00:00", "End": "2018-02-22 00:00:00+00:00", "Northing": "30° 15' 57.02\" N", "Easting": "031° 31' 33.87\" E", "Google_Map": "https://www.google.com/maps/search/?api=1&query=031° 31' 33.87\" E,30° 15' 57.02\" N", "GL": 161.57, "IL": 159.97, "Depth": 1.5999999999999943, "Manufacturing_Material": "الزهر المرن"}, "geometry": {"type": "Point", "coordinates": [31.526229876942782, 30.265876241279255, 0.0]}}, {"type": "Feature", "properties": {"ID": "724", "Diameter": 100, "Sectors": "القطاع السادس عشر", "Implementing_company": "العبد", "Start": "2017-05-23 00:00:00+00:00", "End": "2018-02-22 00:00:00+00:00", "Northing": "30° 15' 55.65\" N", "Easting": "031° 31' 38.27\" E", "Google_Map": "https://www.google.com/maps/search/?api=1&query=031° 31' 38.27\" E,30° 15' 55.65\" N", "GL": 159.7, "IL": 158.1, "Depth": 1.5999999999999943, "Manufacturing_Material": "الزهر المرن"}, "geometry": {"type": "Point", "coordinates": [31.527450132611655, 30.26549479156426, 0.0]}}, {"type": "Feature", "properties": {"ID": "725", "Diameter": 100, "Sectors": "القطاع السادس عشر", "Implementing_company": "العبد", "Start": "2017-05-23 00:00:00+00:00", "End": "2018-02-22 00:00:00+00:00", "Northing": "30° 16' 1.71\" N", "Easting": "031° 31' 57.41\" E", "Google_Map": "https://www.google.com/maps/search/?api=1&query=031° 31' 57.41\" E,30° 16' 1.71\" N", "GL": 155.35, "IL": 153.75, "Depth": 1.5999999999999943, "Manufacturing_Material": "الزهر المرن"}, "geometry": {"type": "Point", "coordinates": [31.532769034798804, 30.267177272336454, 0.0]}}, {"type": "Feature", "properties": {"ID": "726", "Diameter": 100, "Sectors": "القطاع السادس عشر", "Implementing_company": "العبد", "Start": "2017-05-23 00:00:00+00:00", "End": "2018-02-22 00:00:00+00:00", "Northing": "30° 16' 1.92\" N", "Easting": "031° 31' 57.04\" E", "Google_Map": "https://www.google.com/maps/search/?api=1&query=031° 31' 57.04\" E,30° 16' 1.92\" N", "GL": 154.52, "IL": 152.92, "Depth": 1.6000000000000227, "Manufacturing_Material": "الزهر المرن"}, "geometry": {"type": "Point", "coordinates": [31.532666296297414, 30.2672353556292, 0.0]}}, {"type": "Feature", "properties": {"ID": "727", "Diameter": 100, "Sectors": "القطاع السادس عشر", "Implementing_company": "أولاد حجازى", "Start": "2019-01-31 00:00:00+00:00", "End": "2020-01-30 00:00:00+00:00", "Northing": "30° 15' 51.47\" N", "Easting": "031° 31' 54.48\" E", "Google_Map": "https://www.google.com/maps/search/?api=1&query=031° 31' 54.48\" E,30° 15' 51.47\" N", "GL": 158.22, "IL": 156.62, "Depth": 1.5999999999999943, "Manufacturing_Material": "الزهر المرن"}, "geometry": {"type": "Point", "coordinates": [31.531954206066487, 30.264332814241513, 0.0]}}, {"type": "Feature", "properties": {"ID": "728", "Diameter": 100, "Sectors": "القطاع السادس عشر", "Implementing_company": "العبد", "Start": "2017-05-23 00:00:00+00:00", "End": "2018-02-22 00:00:00+00:00", "Northing": "30° 15' 51.33\" N", "Easting": "031° 31' 54.04\" E", "Google_Map": "https://www.google.com/maps/search/?api=1&query=031° 31' 54.04\" E,30° 15' 51.33\" N", "GL": 158.22, "IL": 156.62, "Depth": 1.5999999999999943, "Manufacturing_Material": "الزهر المرن"}, "geometry": {"type": "Point", "coordinates": [31.531831029969208, 30.26429535103058, 0.0]}}, {"type": "Feature", "properties": {"ID": "729", "Diameter": 100, "Sectors": "القطاع السادس عشر", "Implementing_company": "أولاد حجازى", "Start": "2019-01-31 00:00:00+00:00", "End": "2020-01-30 00:00:00+00:00", "Northing": "30° 15' 49.71\" N", "Easting": "031° 32' 1.93\" E", "Google_Map": "https://www.google.com/maps/search/?api=1&query=031° 32' 1.93\" E,30° 15' 49.71\" N", "GL": 154.76, "IL": 153.16, "Depth": 1.5999999999999943, "Manufacturing_Material": "الزهر المرن"}, "geometry": {"type": "Point", "coordinates": [31.534021988360994, 30.26384448834263, 1.0001999999949476]}}, {"type": "Feature", "properties": {"ID": "730", "Diameter": 100, "Sectors": "القطاع السادس عشر", "Implementing_company": "أولاد حجازى", "Start": "2019-01-31 00:00:00+00:00", "End": "2020-01-30 00:00:00+00:00", "Northing": "30° 15' 49.65\" N", "Easting": "031° 32' 2.18\" E", "Google_Map": "https://www.google.com/maps/search/?api=1&query=031° 32' 2.18\" E,30° 15' 49.65\" N", "GL": 154.76, "IL": 153.16, "Depth": 1.5999999999999943, "Manufacturing_Material": "الزهر المرن"}, "geometry": {"type": "Point", "coordinates": [31.53409152045493, 30.263829100483303, 1.0001999999949476]}}, {"type": "Feature", "properties": {"ID": "731", "Diameter": 150, "Sectors": "القطاع السادس عشر", "Implementing_company": "أولاد حجازى", "Start": "2019-01-31 00:00:00+00:00", "End": "2020-01-30 00:00:00+00:00", "Northing": "30° 15' 47.08\" N", "Easting": "031° 32' 12.54\" E", "Google_Map": "https://www.google.com/maps/search/?api=1&query=031° 32' 12.54\" E,30° 15' 47.08\" N", "GL": 154.87, "IL": 153.27, "Depth": 1.5999999999999943, "Manufacturing_Material": "الزهر المرن"}, "geometry": {"type": "Point", "coordinates": [31.536971533461237, 30.26311391591351, 0.06489999999757856]}}, {"type": "Feature", "properties": {"ID": "732", "Diameter": 150, "Sectors": "القطاع السادس عشر", "Implementing_company": "أولاد حجازى", "Start": "2019-01-31 00:00:00+00:00", "End": "2020-01-30 00:00:00+00:00", "Northing": "30° 15' 46.91\" N", "Easting": "031° 32' 12.56\" E", "Google_Map": "https://www.google.com/maps/search/?api=1&query=031° 32' 12.56\" E,30° 15' 46.91\" N", "GL": 154.87, "IL": 153.27, "Depth": 1.5999999999999943, "Manufacturing_Material": "الزهر المرن"}, "geometry": {"type": "Point", "coordinates": [31.53697714676359, 30.26306663379543, 0.0]}}, {"type": "Feature", "properties": {"ID": "733", "Diameter": 100, "Sectors": "القطاع السادس عشر", "Implementing_company": "أولاد حجازى", "Start": "2019-01-31 00:00:00+00:00", "End": "2020-01-30 00:00:00+00:00", "Northing": "30° 15' 54.44\" N", "Easting": "031° 31' 55.38\" E", "Google_Map": "https://www.google.com/maps/search/?api=1&query=031° 31' 55.38\" E,30° 15' 54.44\" N", "GL": 158.22, "IL": 156.62, "Depth": 1.5999999999999943, "Manufacturing_Material": "الزهر المرن"}, "geometry": {"type": "Point", "coordinates": [31.532203368140337, 30.265159991042434, 1.0001999999949476]}}, {"type": "Feature", "properties": {"ID": "734", "Diameter": 100, "Sectors": "القطاع السادس عشر", "Implementing_company": "أولاد حجازى", "Start": "2019-01-31 00:00:00+00:00", "End": "2020-01-30 00:00:00+00:00", "Northing": "30° 15' 54.42\" N", "Easting": "031° 31' 55.48\" E", "Google_Map": "https://www.google.com/maps/search/?api=1&query=031° 31' 55.48\" E,30° 15' 54.42\" N", "GL": 158.22, "IL": 156.62, "Depth": 1.5999999999999943, "Manufacturing_Material": "الزهر المرن"}, "geometry": {"type": "Point", "coordinates": [31.532230552642766, 30.2651537738888, 1.0001999999949476]}}, {"type": "Feature", "properties": {"ID": "735", "Diameter": 100, "Sectors": "القطاع السادس عشر", "Implementing_company": "أولاد حجازى", "Start": "2019-01-31 00:00:00+00:00", "End": "2020-01-30 00:00:00+00:00", "Northing": "30° 15' 55.38\" N", "Easting": "031° 32' 4.1\" E", "Google_Map": "https://www.google.com/maps/search/?api=1&query=031° 32' 4.1\" E,30° 15' 55.38\" N", "GL": 154.99, "IL": 153.39, "Depth": 1.6000000000000227, "Manufacturing_Material": "الزهر المرن"}, "geometry": {"type": "Point", "coordinates": [31.53462545135697, 30.265418617149628, 1.0001999999949476]}}, {"type": "Feature", "properties": {"ID": "736", "Diameter": 100, "Sectors": "القطاع السادس عشر", "Implementing_company": "أولاد حجازى", "Start": "2019-01-31 00:00:00+00:00", "End": "2020-01-30 00:00:00+00:00", "Northing": "30° 15' 55.45\" N", "Easting": "031° 32' 3.79\" E", "Google_Map": "https://www.google.com/maps/search/?api=1&query=031° 32' 3.79\" E,30° 15' 55.45\" N", "GL": 154.8, "IL": 153.2, "Depth": 1.6000000000000227, "Manufacturing_Material": "الزهر المرن"}, "geometry": {"type": "Point", "coordinates": [31.534541224555902, 30.265438277738255, 1.0001999999949476]}}, {"type": "Feature", "properties": {"ID": "737", "Diameter": 100, "Sectors": "القطاع السادس عشر", "Implementing_company": "أولاد حجازى", "Start": "2019-01-31 00:00:00+00:00", "End": "2020-01-30 00:00:00+00:00", "Northing": "30° 15' 55.26\" N", "Easting": "031° 32' 3.91\" E", "Google_Map": "https://www.google.com/maps/search/?api=1&query=031° 32' 3.91\" E,30° 15' 55.26\" N", "GL": 154.8, "IL": 153.2, "Depth": 1.6000000000000227, "Manufacturing_Material": "الزهر المرن"}, "geometry": {"type": "Point", "coordinates": [31.534574004654456, 30.26538781715506, 1.0001999999949476]}}, {"type": "Feature", "properties": {"ID": "738", "Diameter": 100, "Sectors": "القطاع السادس عشر", "Implementing_company": "أولاد حجازى", "Start": "2019-01-31 00:00:00+00:00", "End": "2020-01-30 00:00:00+00:00", "Northing": "30° 15' 57.18\" N", "Easting": "031° 31' 56.33\" E", "Google_Map": "https://www.google.com/maps/search/?api=1&query=031° 31' 56.33\" E,30° 15' 57.18\" N", "GL": 157.54500000000002, "IL": 155.945, "Depth": 1.6000000000000227, "Manufacturing_Material": "الزهر المرن"}, "geometry": {"type": "Point", "coordinates": [31.53246861406626, 30.265919332197324, 0.0]}}, {"type": "Feature", "properties": {"ID": "739", "Diameter": 100, "Sectors": "القطاع السادس عشر", "Implementing_company": "أولاد حجازى", "Start": "2019-01-31 00:00:00+00:00", "End": "2020-01-30 00:00:00+00:00", "Northing": "30° 15' 51.36\" N", "Easting": "031° 32' 7.67\" E", "Google_Map": "https://www.google.com/maps/search/?api=1&query=031° 32' 7.67\" E,30° 15' 51.36\" N", "GL": 154.87, "IL": 153.27, "Depth": 1.5999999999999943, "Manufacturing_Material": "الزهر المرن"}, "geometry": {"type": "Point", "coordinates": [31.535618268103143, 30.26430317945697, 0.0]}}, {"type": "Feature", "properties": {"ID": "740", "Diameter": 100, "Sectors": "القطاع السادس عشر", "Implementing_company": "أولاد حجازى", "Start": "2019-01-31 00:00:00+00:00", "End": "2020-01-30 00:00:00+00:00", "Northing": "30° 15' 54.46\" N", "Easting": "031° 32' 8.06\" E", "Google_Map": "https://www.google.com/maps/search/?api=1&query=031° 32' 8.06\" E,30° 15' 54.46\" N", "GL": 154.87, "IL": 153.27, "Depth": 1.5999999999999943, "Manufacturing_Material": "الزهر المرن"}, "geometry": {"type": "Point", "coordinates": [31.535724761766748, 30.26516524572055, 0.0]}}, {"type": "Feature", "properties": {"ID": "741", "Diameter": 100, "Sectors": "القطاع السادس عشر", "Implementing_company": "أولاد حجازى", "Start": "2019-01-31 00:00:00+00:00", "End": "2020-01-30 00:00:00+00:00", "Northing": "30° 15' 56.91\" N", "Easting": "031° 32' 8.88\" E", "Google_Map": "https://www.google.com/maps/search/?api=1&query=031° 32' 8.88\" E,30° 15' 56.91\" N", "GL": 153.71, "IL": 152.11, "Depth": 1.5999999999999943, "Manufacturing_Material": "الزهر المرن"}, "geometry": {"type": "Point", "coordinates": [31.535953585917866, 30.265844170997468, 0.0]}}, {"type": "Feature", "properties": {"ID": "742", "Diameter": 150, "Sectors": "القطاع السادس عشر", "Implementing_company": "أولاد حجازى", "Start": "2019-01-31 00:00:00+00:00", "End": "2020-01-30 00:00:00+00:00", "Northing": "30° 15' 56.81\" N", "Easting": "031° 32' 12.06\" E", "Google_Map": "https://www.google.com/maps/search/?api=1&query=031° 32' 12.06\" E,30° 15' 56.81\" N", "GL": 153.71, "IL": 152.11, "Depth": 1.5999999999999943, "Manufacturing_Material": "الزهر المرن"}, "geometry": {"type": "Point", "coordinates": [31.536837486973422, 30.265817931381655, 0.0]}}, {"type": "Feature", "properties": {"ID": "743", "Diameter": 150, "Sectors": "القطاع السادس عشر", "Implementing_company": "أولاد حجازى", "Start": "2019-01-31 00:00:00+00:00", "End": "2020-01-30 00:00:00+00:00", "Northing": "30° 15' 57.63\" N", "Easting": "031° 32' 12.01\" E", "Google_Map": "https://www.google.com/maps/search/?api=1&query=031° 32' 12.01\" E,30° 15' 57.63\" N", "GL": 153.71, "IL": 152.11, "Depth": 1.5999999999999943, "Manufacturing_Material": "الزهر المرن"}, "geometry": {"type": "Point", "coordinates": [31.53682210518765, 30.26604429521235, 1.0001999999949476]}}, {"type": "Feature", "properties": {"ID": "744", "Diameter": 150, "Sectors": "القطاع السادس عشر", "Implementing_company": "أولاد حجازى", "Start": "2019-01-31 00:00:00+00:00", "End": "2020-01-30 00:00:00+00:00", "Northing": "30° 15' 57.77\" N", "Easting": "031° 32' 12.0\" E", "Google_Map": "https://www.google.com/maps/search/?api=1&query=031° 32' 12.0\" E,30° 15' 57.77\" N", "GL": 153.71, "IL": 152.11, "Depth": 1.5999999999999943, "Manufacturing_Material": "الزهر المرن"}, "geometry": {"type": "Point", "coordinates": [31.53681950611843, 30.26608254631112, 1.0001999999949476]}}, {"type": "Feature", "properties": {"ID": "745", "Diameter": 100, "Sectors": "القطاع السادس عشر", "Implementing_company": "أولاد حجازى", "Start": "2019-01-31 00:00:00+00:00", "End": "2020-01-30 00:00:00+00:00", "Northing": "30° 15' 58.83\" N", "Easting": "031° 32' 8.11\" E", "Google_Map": "https://www.google.com/maps/search/?api=1&query=031° 32' 8.11\" E,30° 15' 58.83\" N", "GL": 153.71, "IL": 152.11, "Depth": 1.5999999999999943, "Manufacturing_Material": "الزهر المرن"}, "geometry": {"type": "Point", "coordinates": [31.535738989393472, 30.266379447151316, 0.0]}}, {"type": "Feature", "properties": {"ID": "746", "Diameter": 100, "Sectors": "القطاع السادس عشر", "Implementing_company": "أولاد حجازى", "Start": "2019-01-31 00:00:00+00:00", "End": "2020-01-30 00:00:00+00:00", "Northing": "30° 15' 58.74\" N", "Easting": "031° 32' 8.37\" E", "Google_Map": "https://www.google.com/maps/search/?api=1&query=031° 32' 8.37\" E,30° 15' 58.74\" N", "GL": 153.71, "IL": 152.11, "Depth": 1.5999999999999943, "Manufacturing_Material": "الزهر المرن"}, "geometry": {"type": "Point", "coordinates": [31.535812084677556, 30.26635339869809, 1.0001999999949476]}}, {"type": "Feature", "properties": {"ID": "747", "Diameter": 100, "Sectors": "القطاع السادس عشر", "Implementing_company": "أولاد حجازى", "Start": "2019-01-31 00:00:00+00:00", "End": "2020-01-30 00:00:00+00:00", "Northing": "30° 15' 59.56\" N", "Easting": "031° 32' 5.33\" E", "Google_Map": "https://www.google.com/maps/search/?api=1&query=031° 32' 5.33\" E,30° 15' 59.56\" N", "GL": 154.96, "IL": 153.36, "Depth": 1.5999999999999943, "Manufacturing_Material": "الزهر المرن"}, "geometry": {"type": "Point", "coordinates": [31.53496852674534, 30.26658043395274, 0.0]}}, {"type": "Feature", "properties": {"ID": "748", "Diameter": 100, "Sectors": "القطاع السادس عشر", "Implementing_company": "أولاد حجازى", "Start": "2019-01-31 00:00:00+00:00", "End": "2020-01-30 00:00:00+00:00", "Northing": "30° 15' 59.78\" N", "Easting": "031° 32' 4.44\" E", "Google_Map": "https://www.google.com/maps/search/?api=1&query=031° 32' 4.44\" E,30° 15' 59.78\" N", "GL": 158.9, "IL": 157.3, "Depth": 1.5999999999999943, "Manufacturing_Material": "الزهر المرن"}, "geometry": {"type": "Point", "coordinates": [31.534720968227063, 30.266642006776163, 0.0]}}, {"type": "Feature", "properties": {"ID": "749", "Diameter": 100, "Sectors": "القطاع السادس عشر", "Implementing_company": "أولاد حجازى", "Start": "2019-01-31 00:00:00+00:00", "End": "2020-01-30 00:00:00+00:00", "Northing": "30° 16' 0.91\" N", "Easting": "031° 32' 0.69\" E", "Google_Map": "https://www.google.com/maps/search/?api=1&query=031° 32' 0.69\" E,30° 16' 0.91\" N", "GL": 158.9, "IL": 157.3, "Depth": 1.5999999999999943, "Manufacturing_Material": "الزهر المرن"}, "geometry": {"type": "Point", "coordinates": [31.53367847100221, 30.26695734845705, 0.0]}}, {"type": "Feature", "properties": {"ID": "750", "Diameter": 100, "Sectors": "القطاع السادس عشر", "Implementing_company": "أولاد حجازى", "Start": "2019-01-31 00:00:00+00:00", "End": "2020-01-30 00:00:00+00:00", "Northing": "30° 16' 1.53\" N", "Easting": "031° 31' 57.62\" E", "Google_Map": "https://www.google.com/maps/search/?api=1&query=031° 31' 57.62\" E,30° 16' 1.53\" N", "GL": 157.54500000000002, "IL": 155.945, "Depth": 1.6000000000000227, "Manufacturing_Material": "الزهر المرن"}, "geometry": {"type": "Point", "coordinates": [31.532826348011582, 30.267128632934103, 1.0001999999949476]}}, {"type": "Feature", "properties": {"ID": "751", "Diameter": 100, "Sectors": "القطاع السادس عشر", "Implementing_company": "أولاد حجازى", "Start": "2019-01-31 00:00:00+00:00", "End": "2020-01-30 00:00:00+00:00", "Northing": "30° 16' 1.64\" N", "Easting": "031° 31' 57.72\" E", "Google_Map": "https://www.google.com/maps/search/?api=1&query=031° 31' 57.72\" E,30° 16' 1.64\" N", "GL": 157.54500000000002, "IL": 155.945, "Depth": 1.6000000000000227, "Manufacturing_Material": "الزهر المرن"}, "geometry": {"type": "Point", "coordinates": [31.53285388739426, 30.267158270634425, 0.0]}}, {"type": "Feature", "properties": {"ID": "752", "Diameter": 100, "Sectors": "القطاع السادس عشر", "Implementing_company": "أولاد حجازى", "Start": "2019-01-31 00:00:00+00:00", "End": "2020-01-30 00:00:00+00:00", "Northing": "30° 16' 0.04\" N", "Easting": "031° 31' 57.22\" E", "Google_Map": "https://www.google.com/maps/search/?api=1&query=031° 31' 57.22\" E,30° 16' 0.04\" N", "GL": 157.54500000000002, "IL": 155.945, "Depth": 1.6000000000000227, "Manufacturing_Material": "الزهر المرن"}, "geometry": {"type": "Point", "coordinates": [31.532716130320505, 30.266715284744432, 0.0]}}, {"type": "Feature", "properties": {"ID": "753", "Diameter": 100, "Sectors": "القطاع السادس عشر", "Implementing_company": "أولاد حجازى", "Start": "2019-01-31 00:00:00+00:00", "End": "2020-01-30 00:00:00+00:00", "Northing": "30° 15' 58.2\" N", "Easting": "031° 32' 4.63\" E", "Google_Map": "https://www.google.com/maps/search/?api=1&query=031° 32' 4.63\" E,30° 15' 58.2\" N", "GL": 154.92, "IL": 153.32, "Depth": 1.5999999999999943, "Manufacturing_Material": "الزهر المرن"}, "geometry": {"type": "Point", "coordinates": [31.534772573553585, 30.266203597369287, 1.0001999999949476]}}, {"type": "Feature", "properties": {"ID": "754", "Diameter": 100, "Sectors": "القطاع السادس عشر", "Implementing_company": "أولاد حجازى", "Start": "2019-01-31 00:00:00+00:00", "End": "2020-01-30 00:00:00+00:00", "Northing": "30° 15' 58.03\" N", "Easting": "031° 32' 4.77\" E", "Google_Map": "https://www.google.com/maps/search/?api=1&query=031° 32' 4.77\" E,30° 15' 58.03\" N", "GL": 154.92, "IL": 153.32, "Depth": 1.5999999999999943, "Manufacturing_Material": "الزهر المرن"}, "geometry": {"type": "Point", "coordinates": [31.534811765573252, 30.266155832967716, 1.0001999999949476]}}, {"type": "Feature", "properties": {"ID": "755", "Diameter": 100, "Sectors": "القطاع السادس عشر", "Implementing_company": "أولاد حجازى", "Start": "2019-01-31 00:00:00+00:00", "End": "2020-01-30 00:00:00+00:00", "Northing": "30° 15' 57.41\" N", "Easting": "031° 32' 7.58\" E", "Google_Map": "https://www.google.com/maps/search/?api=1&query=031° 32' 7.58\" E,30° 15' 57.41\" N", "GL": 153.71, "IL": 152.11, "Depth": 1.5999999999999943, "Manufacturing_Material": "الزهر المرن"}, "geometry": {"type": "Point", "coordinates": [31.53559267916213, 30.265984527837443, 0.0]}}, {"type": "Feature", "properties": {"ID": "756", "Diameter": 100, "Sectors": "القطاع السادس عشر", "Implementing_company": "أولاد حجازى", "Start": "2019-01-31 00:00:00+00:00", "End": "2020-01-30 00:00:00+00:00", "Northing": "30° 16' 2.34\" N", "Easting": "031° 32' 11.92\" E", "Google_Map": "https://www.google.com/maps/search/?api=1&query=031° 32' 11.92\" E,30° 16' 2.34\" N", "GL": 153.51, "IL": 151.91, "Depth": 1.5999999999999943, "Manufacturing_Material": "الزهر المرن"}, "geometry": {"type": "Point", "coordinates": [31.53679873759684, 30.26735270837029, 0.0]}}, {"type": "Feature", "properties": {"ID": "757", "Diameter": 100, "Sectors": "القطاع السادس عشر", "Implementing_company": "أولاد حجازى", "Start": "2019-01-31 00:00:00+00:00", "End": "2020-01-30 00:00:00+00:00", "Northing": "30° 16' 5.57\" N", "Easting": "031° 31' 58.59\" E", "Google_Map": "https://www.google.com/maps/search/?api=1&query=031° 31' 58.59\" E,30° 16' 5.57\" N", "GL": 157.97, "IL": 156.37, "Depth": 1.5999999999999943, "Manufacturing_Material": "الزهر المرن"}, "geometry": {"type": "Point", "coordinates": [31.53309607400811, 30.26825173520875, 1.0001999999949476]}}, {"type": "Feature", "properties": {"ID": "758", "Diameter": 100, "Sectors": "القطاع السادس عشر", "Implementing_company": "أولاد حجازى", "Start": "2019-01-31 00:00:00+00:00", "End": "2020-01-30 00:00:00+00:00", "Northing": "30° 16' 5.57\" N", "Easting": "031° 31' 58.47\" E", "Google_Map": "https://www.google.com/maps/search/?api=1&query=031° 31' 58.47\" E,30° 16' 5.57\" N", "GL": 154.61, "IL": 153.01, "Depth": 1.6000000000000227, "Manufacturing_Material": "الزهر المرن"}, "geometry": {"type": "Point", "coordinates": [31.533061909476718, 30.268251220073157, 1.0001999999949476]}}, {"type": "Feature", "properties": {"ID": "759", "Diameter": 100, "Sectors": "القطاع السادس عشر", "Implementing_company": "أولاد حجازى", "Start": "2019-01-31 00:00:00+00:00", "End": "2020-01-30 00:00:00+00:00", "Northing": "30° 16' 5.63\" N", "Easting": "031° 32' 1.86\" E", "Google_Map": "https://www.google.com/maps/search/?api=1&query=031° 32' 1.86\" E,30° 16' 5.63\" N", "GL": 154.61, "IL": 153.01, "Depth": 1.6000000000000227, "Manufacturing_Material": "الزهر المرن"}, "geometry": {"type": "Point", "coordinates": [31.534004800777893, 30.26826674999728, 0.0]}}, {"type": "Feature", "properties": {"ID": "760", "Diameter": 100, "Sectors": "القطاع السادس عشر", "Implementing_company": "أولاد حجازى", "Start": "2019-01-31 00:00:00+00:00", "End": "2020-01-30 00:00:00+00:00", "Northing": "30° 16' 5.7\" N", "Easting": "031° 32' 5.37\" E", "Google_Map": "https://www.google.com/maps/search/?api=1&query=031° 32' 5.37\" E,30° 16' 5.7\" N", "GL": 154.38, "IL": 152.78, "Depth": 1.5999999999999943, "Manufacturing_Material": "الزهر المرن"}, "geometry": {"type": "Point", "coordinates": [31.534979945509544, 30.268287548381462, 0.0]}}, {"type": "Feature", "properties": {"ID": "761", "Diameter": 100, "Sectors": "القطاع السادس عشر", "Implementing_company": "أولاد حجازى", "Start": "2019-01-31 00:00:00+00:00", "End": "2020-01-30 00:00:00+00:00", "Northing": "30° 16' 5.79\" N", "Easting": "031° 32' 8.77\" E", "Google_Map": "https://www.google.com/maps/search/?api=1&query=031° 32' 8.77\" E,30° 16' 5.79\" N", "GL": 153.73000000000002, "IL": 152.13, "Depth": 1.6000000000000227, "Manufacturing_Material": "الزهر المرن"}, "geometry": {"type": "Point", "coordinates": [31.535923136086282, 30.268311222206673, 0.0]}}, {"type": "Feature", "properties": {"ID": "762", "Diameter": 100, "Sectors": "القطاع السادس عشر", "Implementing_company": "أولاد حجازى", "Start": "2019-01-31 00:00:00+00:00", "End": "2020-01-30 00:00:00+00:00", "Northing": "30° 16' 5.88\" N", "Easting": "031° 32' 12.05\" E", "Google_Map": "https://www.google.com/maps/search/?api=1&query=031° 32' 12.05\" E,30° 16' 5.88\" N", "GL": 154.22, "IL": 152.62, "Depth": 1.5999999999999943, "Manufacturing_Material": "الزهر المرن"}, "geometry": {"type": "Point", "coordinates": [31.536833259760634, 30.268337802807874, 1.0001999999949476]}}, {"type": "Feature", "properties": {"ID": "763", "Diameter": 100, "Sectors": "القطاع السادس عشر", "Implementing_company": "أولاد حجازى", "Start": "2019-01-31 00:00:00+00:00", "End": "2020-01-30 00:00:00+00:00", "Northing": "30° 16' 5.88\" N", "Easting": "031° 32' 11.83\" E", "Google_Map": "https://www.google.com/maps/search/?api=1&query=031° 32' 11.83\" E,30° 16' 5.88\" N", "GL": 154.22, "IL": 152.62, "Depth": 1.5999999999999943, "Manufacturing_Material": "الزهر المرن"}, "geometry": {"type": "Point", "coordinates": [31.536773333934264, 30.26833606355556, 1.0001999999949476]}}, {"type": "Feature", "properties": {"ID": "764", "Diameter": 100, "Sectors": "القطاع السادس عشر", "Implementing_company": "أولاد حجازى", "Start": "2019-01-31 00:00:00+00:00", "End": "2020-01-30 00:00:00+00:00", "Northing": "30° 16' 9.14\" N", "Easting": "031° 31' 58.61\" E", "Google_Map": "https://www.google.com/maps/search/?api=1&query=031° 31' 58.61\" E,30° 16' 9.14\" N", "GL": 157.97, "IL": 156.37, "Depth": 1.5999999999999943, "Manufacturing_Material": "الزهر المرن"}, "geometry": {"type": "Point", "coordinates": [31.533101420922605, 30.269242955254782, 1.0001999999949476]}}, {"type": "Feature", "properties": {"ID": "765", "Diameter": 100, "Sectors": "القطاع السادس عشر", "Implementing_company": "أولاد حجازى", "Start": "2019-01-31 00:00:00+00:00", "End": "2020-01-30 00:00:00+00:00", "Northing": "30° 16' 9.14\" N", "Easting": "031° 31' 58.48\" E", "Google_Map": "https://www.google.com/maps/search/?api=1&query=031° 31' 58.48\" E,30° 16' 9.14\" N", "GL": 157.97, "IL": 156.37, "Depth": 1.5999999999999943, "Manufacturing_Material": "الزهر المرن"}, "geometry": {"type": "Point", "coordinates": [31.53306633580218, 30.26924311047706, 1.0001999999949476]}}, {"type": "Feature", "properties": {"ID": "766", "Diameter": 100, "Sectors": "القطاع السادس عشر", "Implementing_company": "أولاد حجازى", "Start": "2019-01-31 00:00:00+00:00", "End": "2020-01-30 00:00:00+00:00", "Northing": "30° 16' 11.77\" N", "Easting": "031° 31' 58.63\" E", "Google_Map": "https://www.google.com/maps/search/?api=1&query=031° 31' 58.63\" E,30° 16' 11.77\" N", "GL": 157.97, "IL": 156.37, "Depth": 1.5999999999999943, "Manufacturing_Material": "الزهر المرن"}, "geometry": {"type": "Point", "coordinates": [31.533105354667587, 30.26997216800727, 1.0001999999949476]}}, {"type": "Feature", "properties": {"ID": "767", "Diameter": 100, "Sectors": "القطاع السادس عشر", "Implementing_company": "أولاد حجازى", "Start": "2019-01-31 00:00:00+00:00", "End": "2020-01-30 00:00:00+00:00", "Northing": "30° 16' 11.77\" N", "Easting": "031° 31' 58.57\" E", "Google_Map": "https://www.google.com/maps/search/?api=1&query=031° 31' 58.57\" E,30° 16' 11.77\" N", "GL": 157.97, "IL": 156.37, "Depth": 1.5999999999999943, "Manufacturing_Material": "الزهر المرن"}, "geometry": {"type": "Point", "coordinates": [31.533090745696505, 30.269971859348868, 1.0001999999949476]}}, {"type": "Feature", "properties": {"ID": "768", "Diameter": 100, "Sectors": "القطاع السادس عشر", "Implementing_company": "أولاد حجازى", "Start": "2019-01-31 00:00:00+00:00", "End": "2020-01-30 00:00:00+00:00", "Northing": "30° 16' 12.06\" N", "Easting": "031° 32' 11.79\" E", "Google_Map": "https://www.google.com/maps/search/?api=1&query=031° 32' 11.79\" E,30° 16' 12.06\" N", "GL": 157.92, "IL": 156.32, "Depth": 1.5999999999999943, "Manufacturing_Material": "الزهر المرن"}, "geometry": {"type": "Point", "coordinates": [31.536761535662826, 30.270054181482436, 1.0001999999949476]}}, {"type": "Feature", "properties": {"ID": "769", "Diameter": 100, "Sectors": "القطاع السادس عشر", "Implementing_company": "أولاد حجازى", "Start": "2019-01-31 00:00:00+00:00", "End": "2020-01-30 00:00:00+00:00", "Northing": "30° 16' 12.06\" N", "Easting": "031° 32' 11.67\" E", "Google_Map": "https://www.google.com/maps/search/?api=1&query=031° 32' 11.67\" E,30° 16' 12.06\" N", "GL": 158.41, "IL": 156.81, "Depth": 1.5999999999999943, "Manufacturing_Material": "الزهر المرن"}, "geometry": {"type": "Point", "coordinates": [31.536728965572255, 30.270053450607094, 1.0001999999949476]}}, {"type": "Feature", "properties": {"ID": "770", "Diameter": 100, "Sectors": "القطاع السادس عشر", "Implementing_company": "أولاد حجازى", "Start": "2019-01-31 00:00:00+00:00", "End": "2020-01-30 00:00:00+00:00", "Northing": "30° 16' 14.99\" N", "Easting": "031° 31' 58.64\" E", "Google_Map": "https://www.google.com/maps/search/?api=1&query=031° 31' 58.64\" E,30° 16' 14.99\" N", "GL": 159.98, "IL": 158.38, "Depth": 1.5999999999999943, "Manufacturing_Material": "الزهر المرن"}, "geometry": {"type": "Point", "coordinates": [31.5331101766083, 30.270865992388185, 1.0001999999949476]}}, {"type": "Feature", "properties": {"ID": "771", "Diameter": 100, "Sectors": "القطاع السادس عشر", "Implementing_company": "أولاد حجازى", "Start": "2019-01-31 00:00:00+00:00", "End": "2020-01-30 00:00:00+00:00", "Northing": "30° 16' 14.98\" N", "Easting": "031° 31' 58.48\" E", "Google_Map": "https://www.google.com/maps/search/?api=1&query=031° 31' 58.48\" E,30° 16' 14.98\" N", "GL": 159.98, "IL": 158.38, "Depth": 1.5999999999999943, "Manufacturing_Material": "الزهر المرن"}, "geometry": {"type": "Point", "coordinates": [31.53306581851678, 30.270865693689764, 1.0001999999949476]}}, {"type": "Feature", "properties": {"ID": "772", "Diameter": 150, "Sectors": "القطاع السادس عشر", "Implementing_company": "أولاد حجازى", "Start": "2019-01-31 00:00:00+00:00", "End": "2020-01-30 00:00:00+00:00", "Northing": "30° 16' 14.97\" N", "Easting": "031° 32' 11.6\" E", "Google_Map": "https://www.google.com/maps/search/?api=1&query=031° 32' 11.6\" E,30° 16' 14.97\" N", "GL": 157.92, "IL": 156.32, "Depth": 1.5999999999999943, "Manufacturing_Material": "الزهر المرن"}, "geometry": {"type": "Point", "coordinates": [31.536708067309622, 30.270862349373225, 1.0001999999949476]}}, {"type": "Feature", "properties": {"ID": "773", "Diameter": 100, "Sectors": "القطاع السادس عشر", "Implementing_company": "أولاد حجازى", "Start": "2019-01-31 00:00:00+00:00", "End": "2020-01-30 00:00:00+00:00", "Northing": "30° 16' 24.04\" N", "Easting": "031° 32' 11.36\" E", "Google_Map": "https://www.google.com/maps/search/?api=1&query=031° 32' 11.36\" E,30° 16' 24.04\" N", "GL": 161.21, "IL": 159.61, "Depth": 1.5999999999999943, "Manufacturing_Material": "الزهر المرن"}, "geometry": {"type": "Point", "coordinates": [31.536642918052163, 30.273380627179883, 1.0001999999949476]}}, {"type": "Feature", "properties": {"ID": "774", "Diameter": 150, "Sectors": "القطاع السادس عشر", "Implementing_company": "أولاد حجازى", "Start": "2019-01-31 00:00:00+00:00", "End": "2020-01-30 00:00:00+00:00", "Northing": "30° 16' 23.92\" N", "Easting": "031° 32' 11.36\" E", "Google_Map": "https://www.google.com/maps/search/?api=1&query=031° 32' 11.36\" E,30° 16' 23.92\" N", "GL": 161.21, "IL": 159.61, "Depth": 1.5999999999999943, "Manufacturing_Material": "الزهر المرن"}, "geometry": {"type": "Point", "coordinates": [31.536643829766394, 30.27334872440987, 1.0001999999949476]}}, {"type": "Feature", "properties": {"ID": "775", "Diameter": 100, "Sectors": "القطاع السادس عشر", "Implementing_company": "مختار إبراهيم", "Start": "2017-06-13 00:00:00+00:00", "End": "2018-03-12 00:00:00+00:00", "Northing": "30° 16' 24.02\" N", "Easting": "031° 31' 58.48\" E", "Google_Map": "https://www.google.com/maps/search/?api=1&query=031° 31' 58.48\" E,30° 16' 24.02\" N", "GL": 161.19, "IL": 159.59, "Depth": 1.5999999999999943, "Manufacturing_Material": "الزهر المرن"}, "geometry": {"type": "Point", "coordinates": [31.53306480088671, 30.273374444934603, 0.0]}}, {"type": "Feature", "properties": {"ID": "776", "Diameter": 100, "Sectors": "القطاع السادس عشر", "Implementing_company": "أولاد حجازى", "Start": "2019-01-31 00:00:00+00:00", "End": "2020-01-30 00:00:00+00:00", "Northing": "30° 16' 24.09\" N", "Easting": "031° 31' 58.69\" E", "Google_Map": "https://www.google.com/maps/search/?api=1&query=031° 31' 58.69\" E,30° 16' 24.09\" N", "GL": 163.95, "IL": 162.35, "Depth": 1.5999999999999943, "Manufacturing_Material": "الزهر المرن"}, "geometry": {"type": "Point", "coordinates": [31.533123822134854, 30.273395192868037, 1.0001999999949476]}}, {"type": "Feature", "properties": {"ID": "777", "Diameter": 100, "Sectors": "القطاع السادس عشر", "Implementing_company": "أولاد حجازى", "Start": "2019-01-31 00:00:00+00:00", "End": "2020-01-30 00:00:00+00:00", "Northing": "30° 16' 14.98\" N", "Easting": "031° 32' 11.69\" E", "Google_Map": "https://www.google.com/maps/search/?api=1&query=031° 32' 11.69\" E,30° 16' 14.98\" N", "GL": 157.92, "IL": 156.32, "Depth": 1.5999999999999943, "Manufacturing_Material": "الزهر المرن"}, "geometry": {"type": "Point", "coordinates": [31.536734850670822, 30.270864699651607, 1.0001999999949476]}}, {"type": "Feature", "properties": {"ID": "778", "Diameter": 100, "Sectors": "القطاع السادس عشر", "Implementing_company": "أولاد حجازى", "Start": "2019-01-31 00:00:00+00:00", "End": "2020-01-30 00:00:00+00:00", "Northing": "30° 16' 5.65\" N", "Easting": "031° 32' 2.92\" E", "Google_Map": "https://www.google.com/maps/search/?api=1&query=031° 32' 2.92\" E,30° 16' 5.65\" N", "GL": 154.56, "IL": 152.95999999999998, "Depth": 1.6000000000000227, "Manufacturing_Material": "الزهر المرن"}, "geometry": {"type": "Point", "coordinates": [31.534298015668252, 30.268272772243325, 1.0001999999949476]}}, {"type": "Feature", "properties": {"ID": "779", "Diameter": 100, "Sectors": "القطاع السادس عشر", "Implementing_company": "أولاد حجازى", "Start": "2019-01-31 00:00:00+00:00", "End": "2020-01-30 00:00:00+00:00", "Northing": "30° 16' 5.88\" N", "Easting": "031° 32' 2.92\" E", "Google_Map": "https://www.google.com/maps/search/?api=1&query=031° 32' 2.92\" E,30° 16' 5.88\" N", "GL": 154.51, "IL": 152.91, "Depth": 1.5999999999999943, "Manufacturing_Material": "الزهر المرن"}, "geometry": {"type": "Point", "coordinates": [31.534298476234856, 30.268337202645952, 1.0001999999949476]}}, {"type": "Feature", "properties": {"ID": "780", "Diameter": 100, "Sectors": "القطاع السادس عشر", "Implementing_company": "أولاد حجازى", "Start": "2019-01-31 00:00:00+00:00", "End": "2020-01-30 00:00:00+00:00", "Northing": "30° 16' 11.88\" N", "Easting": "031° 32' 3.67\" E", "Google_Map": "https://www.google.com/maps/search/?api=1&query=031° 32' 3.67\" E,30° 16' 11.88\" N", "GL": 154.62, "IL": 153.02, "Depth": 1.5999999999999943, "Manufacturing_Material": "الزهر المرن"}, "geometry": {"type": "Point", "coordinates": [31.534507322988294, 30.270002446781575, 0.0]}}, {"type": "Feature", "properties": {"ID": "781", "Diameter": 100, "Sectors": "القطاع السادس عشر", "Implementing_company": "أولاد حجازى", "Start": "2019-01-31 00:00:00+00:00", "End": "2020-01-30 00:00:00+00:00", "Northing": "30° 16' 3.42\" N", "Easting": "031° 32' 5.36\" E", "Google_Map": "https://www.google.com/maps/search/?api=1&query=031° 32' 5.36\" E,30° 16' 3.42\" N", "GL": 154.38, "IL": 152.78, "Depth": 1.5999999999999943, "Manufacturing_Material": "الزهر المرن"}, "geometry": {"type": "Point", "coordinates": [31.534974933510167, 30.267651923657237, 1.0001999999949476]}}, {"type": "Feature", "properties": {"ID": "782", "Diameter": 100, "Sectors": "القطاع السادس عشر", "Implementing_company": "أولاد حجازى", "Start": "2019-01-31 00:00:00+00:00", "End": "2020-01-30 00:00:00+00:00", "Northing": "30° 16' 3.29\" N", "Easting": "031° 32' 5.32\" E", "Google_Map": "https://www.google.com/maps/search/?api=1&query=031° 32' 5.32\" E,30° 16' 3.29\" N", "GL": 154.38, "IL": 152.78, "Depth": 1.5999999999999943, "Manufacturing_Material": "الزهر المرن"}, "geometry": {"type": "Point", "coordinates": [31.5349661181882, 30.267617017936026, 1.0001999999949476]}}, {"type": "Feature", "properties": {"ID": "783", "Diameter": 100, "Sectors": "القطاع السادس عشر", "Implementing_company": "أولاد حجازى", "Start": "2019-01-31 00:00:00+00:00", "End": "2020-01-30 00:00:00+00:00", "Northing": "30° 15' 58.16\" N", "Easting": "031° 32' 4.81\" E", "Google_Map": "https://www.google.com/maps/search/?api=1&query=031° 32' 4.81\" E,30° 15' 58.16\" N", "GL": 154.92, "IL": 153.32, "Depth": 1.5999999999999943, "Manufacturing_Material": "الزهر المرن"}, "geometry": {"type": "Point", "coordinates": [31.534822711452833, 30.266191201792125, 1.0001999999949476]}}, {"type": "Feature", "properties": {"ID": "784", "Diameter": 100, "Sectors": "القطاع السادس عشر", "Implementing_company": "أولاد حجازى", "Start": "2019-01-31 00:00:00+00:00", "End": "2020-01-30 00:00:00+00:00", "Northing": "30° 16' 3.42\" N", "Easting": "031° 32' 5.22\" E", "Google_Map": "https://www.google.com/maps/search/?api=1&query=031° 32' 5.22\" E,30° 16' 3.42\" N", "GL": 155.35, "IL": 153.75, "Depth": 1.5999999999999943, "Manufacturing_Material": "الزهر المرن"}, "geometry": {"type": "Point", "coordinates": [31.53493833707712, 30.267652681793347, 1.0001999999949476]}}, {"type": "Feature", "properties": {"ID": "785", "Diameter": 100, "Sectors": "القطاع السادس عشر", "Implementing_company": "أولاد حجازى", "Start": "2019-01-31 00:00:00+00:00", "End": "2020-01-30 00:00:00+00:00", "Northing": "30° 16' 9.01\" N", "Easting": "031° 32' 6.04\" E", "Google_Map": "https://www.google.com/maps/search/?api=1&query=031° 32' 6.04\" E,30° 16' 9.01\" N", "GL": 154.62, "IL": 153.02, "Depth": 1.5999999999999943, "Manufacturing_Material": "الزهر المرن"}, "geometry": {"type": "Point", "coordinates": [31.535166358856774, 30.269206745269216, 1.0001999999949476]}}, {"type": "Feature", "properties": {"ID": "786", "Diameter": 100, "Sectors": "القطاع السادس عشر", "Implementing_company": "أولاد حجازى", "Start": "2019-01-31 00:00:00+00:00", "End": "2020-01-30 00:00:00+00:00", "Northing": "30° 16' 9.0\" N", "Easting": "031° 32' 5.9\" E", "Google_Map": "https://www.google.com/maps/search/?api=1&query=031° 32' 5.9\" E,30° 16' 9.0\" N", "GL": 154.62, "IL": 153.02, "Depth": 1.5999999999999943, "Manufacturing_Material": "الزهر المرن"}, "geometry": {"type": "Point", "coordinates": [31.535126060693145, 30.269202418395803, 1.0001999999949476]}}, {"type": "Feature", "properties": {"ID": "787", "Diameter": 100, "Sectors": "القطاع السادس عشر", "Implementing_company": "أولاد حجازى", "Start": "2019-01-31 00:00:00+00:00", "End": "2020-01-30 00:00:00+00:00", "Northing": "30° 16' 8.99\" N", "Easting": "031° 32' 5.76\" E", "Google_Map": "https://www.google.com/maps/search/?api=1&query=031° 32' 5.76\" E,30° 16' 8.99\" N", "GL": 154.62, "IL": 153.02, "Depth": 1.5999999999999943, "Manufacturing_Material": "الزهر المرن"}, "geometry": {"type": "Point", "coordinates": [31.53508629189547, 30.26920142872584, 1.0001999999949476]}}, {"type": "Feature", "properties": {"ID": "788", "Diameter": 100, "Sectors": "القطاع السادس عشر", "Implementing_company": "أولاد حجازى", "Start": "2019-01-31 00:00:00+00:00", "End": "2020-01-30 00:00:00+00:00", "Northing": "30° 16' 24.07\" N", "Easting": "031° 32' 2.97\" E", "Google_Map": "https://www.google.com/maps/search/?api=1&query=031° 32' 2.97\" E,30° 16' 24.07\" N", "GL": 163.78, "IL": 162.18, "Depth": 1.5999999999999943, "Manufacturing_Material": "الزهر المرن"}, "geometry": {"type": "Point", "coordinates": [31.53431106900876, 30.273390667293008, 1.0001999999949476]}}, {"type": "Feature", "properties": {"ID": "789", "Diameter": 100, "Sectors": "القطاع السادس عشر", "Implementing_company": "أولاد حجازى", "Start": "2019-01-31 00:00:00+00:00", "End": "2020-01-30 00:00:00+00:00", "Northing": "30° 16' 24.07\" N", "Easting": "031° 32' 3.15\" E", "Google_Map": "https://www.google.com/maps/search/?api=1&query=031° 32' 3.15\" E,30° 16' 24.07\" N", "GL": 162.69, "IL": 161.09, "Depth": 1.5999999999999943, "Manufacturing_Material": "الزهر المرن"}, "geometry": {"type": "Point", "coordinates": [31.5343634098224, 30.273390597475448, 1.0001999999949476]}}, {"type": "Feature", "properties": {"ID": "790", "Diameter": 100, "Sectors": "القطاع السادس عشر", "Implementing_company": "أولاد حجازى", "Start": "2019-01-31 00:00:00+00:00", "End": "2020-01-30 00:00:00+00:00", "Northing": "30° 16' 14.98\" N", "Easting": "031° 32' 7.26\" E", "Google_Map": "https://www.google.com/maps/search/?api=1&query=031° 32' 7.26\" E,30° 16' 14.98\" N", "GL": 158.41, "IL": 156.81, "Depth": 1.5999999999999943, "Manufacturing_Material": "الزهر المرن"}, "geometry": {"type": "Point", "coordinates": [31.535504314935057, 30.270865720814104, 1.0001999999949476]}}, {"type": "Feature", "properties": {"ID": "791", "Diameter": 100, "Sectors": "القطاع السادس عشر", "Implementing_company": "أولاد حجازى", "Start": "2019-01-31 00:00:00+00:00", "End": "2020-01-30 00:00:00+00:00", "Northing": "30° 16' 14.99\" N", "Easting": "031° 32' 6.94\" E", "Google_Map": "https://www.google.com/maps/search/?api=1&query=031° 32' 6.94\" E,30° 16' 14.99\" N", "GL": 158.41, "IL": 156.81, "Depth": 1.5999999999999943, "Manufacturing_Material": "الزهر المرن"}, "geometry": {"type": "Point", "coordinates": [31.535414571954803, 30.27086588332662, 1.0001999999949476]}}, {"type": "Feature", "properties": {"ID": "792", "Diameter": 100, "Sectors": "القطاع السادس عشر", "Implementing_company": "أولاد حجازى", "Start": "2019-01-31 00:00:00+00:00", "End": "2020-01-30 00:00:00+00:00", "Northing": "30° 16' 14.84\" N", "Easting": "031° 32' 6.94\" E", "Google_Map": "https://www.google.com/maps/search/?api=1&query=031° 32' 6.94\" E,30° 16' 14.84\" N", "GL": 158.41, "IL": 156.81, "Depth": 1.5999999999999943, "Manufacturing_Material": "الزهر المرن"}, "geometry": {"type": "Point", "coordinates": [31.535415614159184, 30.270825195059366, 0.0]}}, {"type": "Feature", "properties": {"ID": "793", "Diameter": 150, "Sectors": "القطاع السادس عشر", "Implementing_company": "أولاد حجازى", "Start": "2019-01-31 00:00:00+00:00", "End": "2020-01-30 00:00:00+00:00", "Northing": "30° 15' 50.82\" N", "Easting": "031° 32' 12.22\" E", "Google_Map": "https://www.google.com/maps/search/?api=1&query=031° 32' 12.22\" E,30° 15' 50.82\" N", "GL": 154.87, "IL": 153.27, "Depth": 1.5999999999999943, "Manufacturing_Material": "الزهر المرن"}, "geometry": {"type": "Point", "coordinates": [31.53688140028364, 30.264152889960915, 0.0]}}, {"type": "Feature", "properties": {"ID": "794", "Diameter": 100, "Sectors": "القطاع السادس عشر", "Implementing_company": "أولاد حجازى", "Start": "2019-01-31 00:00:00+00:00", "End": "2020-01-30 00:00:00+00:00", "Northing": "30° 15' 48.84\" N", "Easting": "031° 32' 5.72\" E", "Google_Map": "https://www.google.com/maps/search/?api=1&query=031° 32' 5.72\" E,30° 15' 48.84\" N", "GL": 154.87, "IL": 153.27, "Depth": 1.5999999999999943, "Manufacturing_Material": "الزهر المرن"}, "geometry": {"type": "Point", "coordinates": [31.53507740775598, 30.26360264342442, 0.0]}}, {"type": "Feature", "properties": {"ID": "795", "Diameter": 100, "Sectors": "القطاع السادس عشر", "Implementing_company": "أولاد حجازى", "Start": "2019-01-31 00:00:00+00:00", "End": "2020-01-30 00:00:00+00:00", "Northing": "30° 15' 52.23\" N", "Easting": "031° 32' 2.96\" E", "Google_Map": "https://www.google.com/maps/search/?api=1&query=031° 32' 2.96\" E,30° 15' 52.23\" N", "GL": 154.76, "IL": 153.16, "Depth": 1.5999999999999943, "Manufacturing_Material": "الزهر المرن"}, "geometry": {"type": "Point", "coordinates": [31.534309326541635, 30.264544954907333, 0.0]}}, {"type": "Feature", "properties": {"ID": "796", "Diameter": 100, "Sectors": "القطاع السادس عشر", "Implementing_company": "أولاد حجازى", "Start": "2019-01-31 00:00:00+00:00", "End": "2020-01-30 00:00:00+00:00", "Northing": "30° 15' 51.53\" N", "Easting": "031° 32' 6.61\" E", "Google_Map": "https://www.google.com/maps/search/?api=1&query=031° 32' 6.61\" E,30° 15' 51.53\" N", "GL": 154.87, "IL": 153.27, "Depth": 1.5999999999999943, "Manufacturing_Material": "الزهر المرن"}, "geometry": {"type": "Point", "coordinates": [31.535323385181922, 30.26434925460885, 0.0]}}, {"type": "Feature", "properties": {"ID": "797", "Diameter": 100, "Sectors": "القطاع السادس عشر", "Implementing_company": "أولاد حجازى", "Start": "2019-01-31 00:00:00+00:00", "End": "2020-01-30 00:00:00+00:00", "Northing": "30° 15' 52.53\" N", "Easting": "031° 32' 3.06\" E", "Google_Map": "https://www.google.com/maps/search/?api=1&query=031° 32' 3.06\" E,30° 15' 52.53\" N", "GL": 154.76, "IL": 153.16, "Depth": 1.5999999999999943, "Manufacturing_Material": "الزهر المرن"}, "geometry": {"type": "Point", "coordinates": [31.534336946479822, 30.264629145910888, 0.0]}}, {"type": "Feature", "properties": {"ID": "798", "Diameter": 100, "Sectors": "القطاع السادس عشر", "Implementing_company": "أولاد حجازى", "Start": "2019-01-31 00:00:00+00:00", "End": "2020-01-30 00:00:00+00:00", "Northing": "30° 16' 3.4\" N", "Easting": "031° 32' 8.58\" E", "Google_Map": "https://www.google.com/maps/search/?api=1&query=031° 32' 8.58\" E,30° 16' 3.4\" N", "GL": 153.51, "IL": 151.91, "Depth": 1.5999999999999943, "Manufacturing_Material": "الزهر المرن"}, "geometry": {"type": "Point", "coordinates": [31.53586996425434, 30.267646766542175, 0.0]}}, {"type": "Feature", "properties": {"ID": "799", "Diameter": 100, "Sectors": "القطاع السادس عشر", "Implementing_company": "أولاد حجازى", "Start": "2019-01-31 00:00:00+00:00", "End": "2020-01-30 00:00:00+00:00", "Northing": "30° 16' 2.26\" N", "Easting": "031° 32' 8.59\" E", "Google_Map": "https://www.google.com/maps/search/?api=1&query=031° 32' 8.59\" E,30° 16' 2.26\" N", "GL": 153.51, "IL": 151.91, "Depth": 1.5999999999999943, "Manufacturing_Material": "الزهر المرن"}, "geometry": {"type": "Point", "coordinates": [31.535873264367154, 30.267330843751587, 0.0]}}, {"type": "Feature", "properties": {"ID": "800", "Diameter": 100, "Sectors": "القطاع السادس عشر", "Implementing_company": "أولاد حجازى", "Start": "2019-01-31 00:00:00+00:00", "End": "2020-01-30 00:00:00+00:00", "Northing": "30° 16' 5.72\" N", "Easting": "031° 32' 5.9\" E", "Google_Map": "https://www.google.com/maps/search/?api=1&query=031° 32' 5.9\" E,30° 16' 5.72\" N", "GL": 153.81, "IL": 152.20999999999998, "Depth": 1.6000000000000227, "Manufacturing_Material": "الزهر المرن"}, "geometry": {"type": "Point", "coordinates": [31.535124975702175, 30.268292326660028, 0.0]}}, {"type": "Feature", "properties": {"ID": "801", "Diameter": 100, "Sectors": "القطاع السادس عشر", "Implementing_company": "أولاد حجازى", "Start": "2019-01-31 00:00:00+00:00", "End": "2020-01-30 00:00:00+00:00", "Northing": "30° 16' 9.13\" N", "Easting": "031° 32' 2.93\" E", "Google_Map": "https://www.google.com/maps/search/?api=1&query=031° 32' 2.93\" E,30° 16' 9.13\" N", "GL": 159.04, "IL": 157.44, "Depth": 1.5999999999999943, "Manufacturing_Material": "الزهر المرن"}, "geometry": {"type": "Point", "coordinates": [31.534300672304603, 30.269240276643625, 0.0]}}, {"type": "Feature", "properties": {"ID": "802", "Diameter": 100, "Sectors": "القطاع السادس عشر", "Implementing_company": "أولاد حجازى", "Start": "2019-01-31 00:00:00+00:00", "End": "2020-01-30 00:00:00+00:00", "Northing": "30° 16' 9.06\" N", "Easting": "031° 32' 3.77\" E", "Google_Map": "https://www.google.com/maps/search/?api=1&query=031° 32' 3.77\" E,30° 16' 9.06\" N", "GL": 154.62, "IL": 153.02, "Depth": 1.5999999999999943, "Manufacturing_Material": "الزهر المرن"}, "geometry": {"type": "Point", "coordinates": [31.53453407592706, 30.269219956924093, 0.0]}}, {"type": "Feature", "properties": {"ID": "803", "Diameter": 100, "Sectors": "القطاع السادس عشر", "Implementing_company": "أولاد حجازى", "Start": "2019-01-31 00:00:00+00:00", "End": "2020-01-30 00:00:00+00:00", "Northing": "30° 16' 11.9\" N", "Easting": "031° 32' 5.81\" E", "Google_Map": "https://www.google.com/maps/search/?api=1&query=031° 32' 5.81\" E,30° 16' 11.9\" N", "GL": 154.62, "IL": 153.02, "Depth": 1.5999999999999943, "Manufacturing_Material": "الزهر المرن"}, "geometry": {"type": "Point", "coordinates": [31.53510168942044, 30.270008948144966, 0.0]}}, {"type": "Feature", "properties": {"ID": "804", "Diameter": 100, "Sectors": "القطاع السادس عشر", "Implementing_company": "أولاد حجازى", "Start": "2019-01-31 00:00:00+00:00", "End": "2020-01-30 00:00:00+00:00", "Northing": "30° 16' 11.96\" N", "Easting": "031° 32' 7.02\" E", "Google_Map": "https://www.google.com/maps/search/?api=1&query=031° 32' 7.02\" E,30° 16' 11.96\" N", "GL": 154.62, "IL": 153.02, "Depth": 1.5999999999999943, "Manufacturing_Material": "الزهر المرن"}, "geometry": {"type": "Point", "coordinates": [31.535436217898418, 30.270024427755242, 0.0]}}, {"type": "Feature", "properties": {"ID": "805", "Diameter": 150, "Sectors": "القطاع السادس عشر", "Implementing_company": "أولاد حجازى", "Start": "2019-01-31 00:00:00+00:00", "End": "2020-01-30 00:00:00+00:00", "Northing": "30° 16' 18.0\" N", "Easting": "031° 32' 11.52\" E", "Google_Map": "https://www.google.com/maps/search/?api=1&query=031° 32' 11.52\" E,30° 16' 18.0\" N", "GL": 157.92, "IL": 156.32, "Depth": 1.5999999999999943, "Manufacturing_Material": "الزهر المرن"}, "geometry": {"type": "Point", "coordinates": [31.53668634366246, 30.271703204655843, 0.0]}}, {"type": "Feature", "properties": {"ID": "806", "Diameter": 150, "Sectors": "القطاع السادس عشر", "Implementing_company": "أولاد حجازى", "Start": "2019-01-31 00:00:00+00:00", "End": "2020-01-30 00:00:00+00:00", "Northing": "30° 16' 20.66\" N", "Easting": "031° 32' 11.45\" E", "Google_Map": "https://www.google.com/maps/search/?api=1&query=031° 32' 11.45\" E,30° 16' 20.66\" N", "GL": 159.46, "IL": 157.86, "Depth": 1.5999999999999943, "Manufacturing_Material": "الزهر المرن"}, "geometry": {"type": "Point", "coordinates": [31.536667236226652, 30.272442769998083, 1.0001999999949476]}}, {"type": "Feature", "properties": {"ID": "807", "Diameter": 100, "Sectors": "القطاع السادس عشر", "Implementing_company": "أولاد حجازى", "Start": "2019-01-31 00:00:00+00:00", "End": "2020-01-30 00:00:00+00:00", "Northing": "30° 16' 3.21\" N", "Easting": "031° 32' 1.74\" E", "Google_Map": "https://www.google.com/maps/search/?api=1&query=031° 32' 1.74\" E,30° 16' 3.21\" N", "GL": 155.35, "IL": 153.75, "Depth": 1.5999999999999943, "Manufacturing_Material": "الزهر المرن"}, "geometry": {"type": "Point", "coordinates": [31.53397022460498, 30.267594562980108, 0.0]}}, {"type": "Feature", "properties": {"ID": "808", "Diameter": 100, "Sectors": "القطاع السادس عشر", "Implementing_company": "أولاد حجازى", "Start": "2019-01-31 00:00:00+00:00", "End": "2020-01-30 00:00:00+00:00", "Northing": "30° 16' 20.88\" N", "Easting": "031° 32' 2.88\" E", "Google_Map": "https://www.google.com/maps/search/?api=1&query=031° 32' 2.88\" E,30° 16' 20.88\" N", "GL": 163.78, "IL": 162.18, "Depth": 1.5999999999999943, "Manufacturing_Material": "الزهر المرن"}, "geometry": {"type": "Point", "coordinates": [31.53428810227099, 30.272502110381335, 1.0001999999949476]}}, {"type": "Feature", "properties": {"ID": "809", "Diameter": 100, "Sectors": "القطاع السادس عشر", "Implementing_company": "أولاد حجازى", "Start": "2019-01-31 00:00:00+00:00", "End": "2020-01-30 00:00:00+00:00", "Northing": "30° 16' 18.08\" N", "Easting": "031° 32' 6.11\" E", "Google_Map": "https://www.google.com/maps/search/?api=1&query=031° 32' 6.11\" E,30° 16' 18.08\" N", "GL": 158.41, "IL": 156.81, "Depth": 1.5999999999999943, "Manufacturing_Material": "الزهر المرن"}, "geometry": {"type": "Point", "coordinates": [31.535184027256317, 30.27172580033495, 0.0]}}, {"type": "Feature", "properties": {"ID": "810", "Diameter": 50, "Sectors": "القطاع السادس عشر", "Implementing_company": "أولاد حجازى", "Start": "2019-01-31 00:00:00+00:00", "End": "2020-01-30 00:00:00+00:00", "Northing": "30° 16' 1.37\" N", "Easting": "031° 32' 8.57\" E", "Google_Map": "https://www.google.com/maps/search/?api=1&query=031° 32' 8.57\" E,30° 16' 1.37\" N", "GL": 153.51, "IL": 151.91, "Depth": 1.5999999999999943, "Manufacturing_Material": "الزهر المرن"}, "geometry": {"type": "Point", "coordinates": [31.535866419955624, 30.267082780955242, 0.0]}}, {"type": "Feature", "properties": {"ID": "811", "Diameter": 100, "Sectors": "القطاع السادس عشر", "Implementing_company": "أولاد حجازى", "Start": "2019-01-31 00:00:00+00:00", "End": "2020-01-30 00:00:00+00:00", "Northing": "30° 16' 3.04\" N", "Easting": "031° 32' 1.66\" E", "Google_Map": "https://www.google.com/maps/search/?api=1&query=031° 32' 1.66\" E,30° 16' 3.04\" N", "GL": 155.35, "IL": 153.75, "Depth": 1.5999999999999943, "Manufacturing_Material": "الزهر المرن"}, "geometry": {"type": "Point", "coordinates": [31.533948218472872, 30.267546842287352, 0.0]}}, {"type": "Feature", "properties": {"ID": "812", "Diameter": 100, "Sectors": "القطاع السادس عشر", "Implementing_company": "أولاد حجازى", "Start": "2019-01-31 00:00:00+00:00", "End": "2020-01-30 00:00:00+00:00", "Northing": "30° 16' 14.99\" N", "Easting": "031° 32' 2.38\" E", "Google_Map": "https://www.google.com/maps/search/?api=1&query=031° 32' 2.38\" E,30° 16' 14.99\" N", "GL": 159.98, "IL": 158.38, "Depth": 1.5999999999999943, "Manufacturing_Material": "الزهر المرن"}, "geometry": {"type": "Point", "coordinates": [31.53414800837435, 30.270868130284377, 1.0001999999949476]}}, {"type": "Feature", "properties": {"ID": "813", "Diameter": 50, "Sectors": "القطاع السادس عشر", "Implementing_company": "أولاد حجازى", "Start": "2019-01-31 00:00:00+00:00", "End": "2020-01-30 00:00:00+00:00", "Northing": "30° 16' 24.07\" N", "Easting": "031° 32' 6.69\" E", "Google_Map": "https://www.google.com/maps/search/?api=1&query=031° 32' 6.69\" E,30° 16' 24.07\" N", "GL": 161.6, "IL": 160.0, "Depth": 1.5999999999999943, "Manufacturing_Material": "الزهر المرن"}, "geometry": {"type": "Point", "coordinates": [31.535345048495355, 30.27338815392106, 1.0001999999949476]}}, {"type": "Feature", "properties": {"ID": "814", "Diameter": 50, "Sectors": "القطاع السادس عشر", "Implementing_company": "أولاد حجازى", "Start": "2019-01-31 00:00:00+00:00", "End": "2020-01-30 00:00:00+00:00", "Northing": "30° 16' 20.88\" N", "Easting": "031° 32' 6.7\" E", "Google_Map": "https://www.google.com/maps/search/?api=1&query=031° 32' 6.7\" E,30° 16' 20.88\" N", "GL": 161.6, "IL": 160.0, "Depth": 1.5999999999999943, "Manufacturing_Material": "الزهر المرن"}, "geometry": {"type": "Point", "coordinates": [31.535347731786025, 30.27250425543993, 0.0]}}, {"type": "Feature", "properties": {"ID": "815", "Diameter": 100, "Sectors": "القطاع السادس عشر", "Implementing_company": "أولاد حجازى", "Start": "2019-01-31 00:00:00+00:00", "End": "2020-01-30 00:00:00+00:00", "Northing": "30° 16' 20.88\" N", "Easting": "031° 32' 5.89\" E", "Google_Map": "https://www.google.com/maps/search/?api=1&query=031° 32' 5.89\" E,30° 16' 20.88\" N", "GL": 163.78, "IL": 162.18, "Depth": 1.5999999999999943, "Manufacturing_Material": "الزهر المرن"}, "geometry": {"type": "Point", "coordinates": [31.535124061239078, 30.272502656924704, 0.0]}}, {"type": "Feature", "properties": {"ID": "816", "Diameter": 100, "Sectors": "القطاع السادس عشر", "Implementing_company": "أولاد حجازى", "Start": "2019-01-31 00:00:00+00:00", "End": "2020-01-30 00:00:00+00:00", "Northing": "30° 16' 9.11\" N", "Easting": "031° 32' 11.9\" E", "Google_Map": "https://www.google.com/maps/search/?api=1&query=031° 32' 11.9\" E,30° 16' 9.11\" N", "GL": 154.3, "IL": 152.7, "Depth": 1.6000000000000227, "Manufacturing_Material": "الزهر المرن"}, "geometry": {"type": "Point", "coordinates": [31.5367926029082, 30.269234328944243, 1.0001999999949476]}}, {"type": "Feature", "properties": {"ID": "817", "Diameter": 100, "Sectors": "القطاع السادس عشر", "Implementing_company": "أولاد حجازى", "Start": "2019-01-31 00:00:00+00:00", "End": "2020-01-30 00:00:00+00:00", "Northing": "30° 16' 9.11\" N", "Easting": "031° 32' 11.75\" E", "Google_Map": "https://www.google.com/maps/search/?api=1&query=031° 32' 11.75\" E,30° 16' 9.11\" N", "GL": 154.3, "IL": 152.7, "Depth": 1.6000000000000227, "Manufacturing_Material": "الزهر المرن"}, "geometry": {"type": "Point", "coordinates": [31.536750124606336, 30.269234441442432, 1.0001999999949476]}}, {"type": "Feature", "properties": {"ID": "818", "Diameter": 100, "Sectors": "القطاع السابع عشر", "Implementing_company": "مختار إبراهيم", "Start": "2017-06-13 00:00:00+00:00", "End": "2018-03-12 00:00:00+00:00", "Northing": "30° 16' 14.27\" N", "Easting": "031° 31' 19.19\" E", "Google_Map": "https://www.google.com/maps/search/?api=1&query=031° 31' 19.19\" E,30° 16' 14.27\" N", "GL": 154.71, "IL": 153.11, "Depth": 1.5999999999999943, "Manufacturing_Material": "الزهر المرن"}, "geometry": {"type": "Point", "coordinates": [31.52215013022191, 30.270668059504956, 0.0]}}, {"type": "Feature", "properties": {"ID": "819", "Diameter": 100, "Sectors": "القطاع السابع عشر", "Implementing_company": "مختار إبراهيم", "Start": "2017-06-13 00:00:00+00:00", "End": "2018-03-12 00:00:00+00:00", "Northing": "30° 16' 9.39\" N", "Easting": "031° 31' 11.39\" E", "Google_Map": "https://www.google.com/maps/search/?api=1&query=031° 31' 11.39\" E,30° 16' 9.39\" N", "GL": 152.25, "IL": 150.65, "Depth": 1.5999999999999943, "Manufacturing_Material": "الزهر المرن"}, "geometry": {"type": "Point", "coordinates": [31.519984667868112, 30.26931210795305, 0.0]}}, {"type": "Feature", "properties": {"ID": "820", "Diameter": 100, "Sectors": "القطاع السابع عشر", "Implementing_company": "مختار إبراهيم", "Start": "2017-06-13 00:00:00+00:00", "End": "2018-03-12 00:00:00+00:00", "Northing": "30° 16' 19.99\" N", "Easting": "031° 31' 22.4\" E", "Google_Map": "https://www.google.com/maps/search/?api=1&query=031° 31' 22.4\" E,30° 16' 19.99\" N", "GL": 153.52, "IL": 151.92, "Depth": 1.6000000000000227, "Manufacturing_Material": "الزهر المرن"}, "geometry": {"type": "Point", "coordinates": [31.52304197107823, 30.272255000645426, 0.0]}}, {"type": "Feature", "properties": {"ID": "821", "Diameter": 100, "Sectors": "القطاع السابع عشر", "Implementing_company": "مختار إبراهيم", "Start": "2017-06-13 00:00:00+00:00", "End": "2018-03-12 00:00:00+00:00", "Northing": "30° 16' 17.29\" N", "Easting": "031° 31' 8.51\" E", "Google_Map": "https://www.google.com/maps/search/?api=1&query=031° 31' 8.51\" E,30° 16' 17.29\" N", "GL": 152.72, "IL": 151.12, "Depth": 1.5999999999999943, "Manufacturing_Material": "الزهر المرن"}, "geometry": {"type": "Point", "coordinates": [31.519183615906908, 30.271504836625553, 0.0]}}, {"type": "Feature", "properties": {"ID": "822", "Diameter": 100, "Sectors": "القطاع السابع عشر", "Implementing_company": "مختار إبراهيم", "Start": "2017-06-13 00:00:00+00:00", "End": "2018-03-12 00:00:00+00:00", "Northing": "30° 16' 14.98\" N", "Easting": "031° 31' 14.11\" E", "Google_Map": "https://www.google.com/maps/search/?api=1&query=031° 31' 14.11\" E,30° 16' 14.98\" N", "GL": 152.25, "IL": 150.65, "Depth": 1.5999999999999943, "Manufacturing_Material": "الزهر المرن"}, "geometry": {"type": "Point", "coordinates": [31.520739903676212, 30.270865430177256, 0.0]}}, {"type": "Feature", "properties": {"ID": "823", "Diameter": 100, "Sectors": "القطاع السابع عشر", "Implementing_company": "مختار إبراهيم", "Start": "2017-06-13 00:00:00+00:00", "End": "2018-03-12 00:00:00+00:00", "Northing": "30° 16' 14.26\" N", "Easting": "031° 31' 11.98\" E", "Google_Map": "https://www.google.com/maps/search/?api=1&query=031° 31' 11.98\" E,30° 16' 14.26\" N", "GL": 152.72, "IL": 151.12, "Depth": 1.5999999999999943, "Manufacturing_Material": "الزهر المرن"}, "geometry": {"type": "Point", "coordinates": [31.52014727073376, 30.270663213573574, 0.0]}}, {"type": "Feature", "properties": {"ID": "824", "Diameter": 100, "Sectors": "القطاع السابع عشر", "Implementing_company": "مختار إبراهيم", "Start": "2017-06-13 00:00:00+00:00", "End": "2018-03-12 00:00:00+00:00", "Northing": "30° 16' 16.68\" N", "Easting": "031° 31' 18.9\" E", "Google_Map": "https://www.google.com/maps/search/?api=1&query=031° 31' 18.9\" E,30° 16' 16.68\" N", "GL": 152.25, "IL": 150.65, "Depth": 1.5999999999999943, "Manufacturing_Material": "الزهر المرن"}, "geometry": {"type": "Point", "coordinates": [31.52207105255864, 30.271336388787166, 0.0]}}, {"type": "Feature", "properties": {"ID": "825", "Diameter": 100, "Sectors": "القطاع السابع عشر", "Implementing_company": "مختار إبراهيم", "Start": "2017-06-13 00:00:00+00:00", "End": "2018-03-12 00:00:00+00:00", "Northing": "30° 16' 6.81\" N", "Easting": "031° 31' 5.83\" E", "Google_Map": "https://www.google.com/maps/search/?api=1&query=031° 31' 5.83\" E,30° 16' 6.81\" N", "GL": 152.25, "IL": 150.65, "Depth": 1.5999999999999943, "Manufacturing_Material": "الزهر المرن"}, "geometry": {"type": "Point", "coordinates": [31.518438874207018, 30.268593983505212, 0.0]}}, {"type": "Feature", "properties": {"ID": "826", "Diameter": 100, "Sectors": "القطاع السابع عشر", "Implementing_company": "مختار إبراهيم", "Start": "2017-06-13 00:00:00+00:00", "End": "2018-03-12 00:00:00+00:00", "Northing": "30° 16' 16.57\" N", "Easting": "031° 31' 6.31\" E", "Google_Map": "https://www.google.com/maps/search/?api=1&query=031° 31' 6.31\" E,30° 16' 16.57\" N", "GL": 152.25, "IL": 150.65, "Depth": 1.5999999999999943, "Manufacturing_Material": "الزهر المرن"}, "geometry": {"type": "Point", "coordinates": [31.5185727862613, 30.271307381905174, 0.0]}}, {"type": "Feature", "properties": {"ID": "827", "Diameter": 100, "Sectors": "القطاع السادس عشر", "Implementing_company": "العبد", "Start": "2017-05-23 00:00:00+00:00", "End": "2018-02-22 00:00:00+00:00", "Northing": "30° 15' 54.8\" N", "Easting": "031° 31' 55.16\" E", "Google_Map": "https://www.google.com/maps/search/?api=1&query=031° 31' 55.16\" E,30° 15' 54.8\" N", "GL": 158.22, "IL": 156.62, "Depth": 1.5999999999999943, "Manufacturing_Material": "الزهر المرن"}, "geometry": {"type": "Point", "coordinates": [31.532143873356613, 30.265259563195112, 0.0]}}, {"type": "Feature", "properties": {"ID": "828", "Diameter": 100, "Sectors": "القطاع السادس عشر", "Implementing_company": "العبد", "Start": "2017-05-23 00:00:00+00:00", "End": "2018-02-22 00:00:00+00:00", "Northing": "30° 16' 4.09\" N", "Easting": "031° 31' 49.12\" E", "Google_Map": "https://www.google.com/maps/search/?api=1&query=031° 31' 49.12\" E,30° 16' 4.09\" N", "GL": 154.52, "IL": 152.92, "Depth": 1.6000000000000227, "Manufacturing_Material": "الزهر المرن"}, "geometry": {"type": "Point", "coordinates": [31.530464746822755, 30.26784049332888, 0.0]}}, {"type": "Feature", "properties": {"ID": "829", "Diameter": 100, "Sectors": "القطاع السادس عشر", "Implementing_company": "العبد", "Start": "2017-05-23 00:00:00+00:00", "End": "2018-02-22 00:00:00+00:00", "Northing": "30° 15' 59.2\" N", "Easting": "031° 31' 47.14\" E", "Google_Map": "https://www.google.com/maps/search/?api=1&query=031° 31' 47.14\" E,30° 15' 59.2\" N", "GL": 155.41, "IL": 153.81, "Depth": 1.5999999999999943, "Manufacturing_Material": "الزهر المرن"}, "geometry": {"type": "Point", "coordinates": [31.529915896481963, 30.266479808480998, 100.0850000000064]}}, {"type": "Feature", "properties": {"ID": "830", "Diameter": 100, "Sectors": "القطاع السادس عشر", "Implementing_company": "العبد", "Start": "2017-05-23 00:00:00+00:00", "End": "2018-02-22 00:00:00+00:00", "Northing": "30° 15' 52.82\" N", "Easting": "031° 31' 48.63\" E", "Google_Map": "https://www.google.com/maps/search/?api=1&query=031° 31' 48.63\" E,30° 15' 52.82\" N", "GL": 157.4, "IL": 155.8, "Depth": 1.5999999999999943, "Manufacturing_Material": "الزهر المرن"}, "geometry": {"type": "Point", "coordinates": [31.530329267858104, 30.26470773650772, 0.0]}}, {"type": "Feature", "properties": {"ID": "831", "Diameter": 100, "Sectors": "القطاع السادس عشر", "Implementing_company": "العبد", "Start": "2017-05-23 00:00:00+00:00", "End": "2018-02-22 00:00:00+00:00", "Northing": "30° 15' 54.63\" N", "Easting": "031° 31' 42.0\" E", "Google_Map": "https://www.google.com/maps/search/?api=1&query=031° 31' 42.0\" E,30° 15' 54.63\" N", "GL": 157.68, "IL": 156.08, "Depth": 1.5999999999999943, "Manufacturing_Material": "الزهر المرن"}, "geometry": {"type": "Point", "coordinates": [31.5284866622997, 30.265210654863797, 0.0]}}, {"type": "Feature", "properties": {"ID": "832", "Diameter": 100, "Sectors": "القطاع السادس عشر", "Implementing_company": "العبد", "Start": "2017-05-23 00:00:00+00:00", "End": "2018-02-22 00:00:00+00:00", "Northing": "30° 15' 51.59\" N", "Easting": "031° 31' 54.13\" E", "Google_Map": "https://www.google.com/maps/search/?api=1&query=031° 31' 54.13\" E,30° 15' 51.59\" N", "GL": 158.22, "IL": 156.62, "Depth": 1.5999999999999943, "Manufacturing_Material": "الزهر المرن"}, "geometry": {"type": "Point", "coordinates": [31.531857786822844, 30.264366482244487, 45.05819999999949]}}, {"type": "Feature", "properties": {"ID": "833", "Diameter": 100, "Sectors": "القطاع السابع عشر", "Implementing_company": "العبد", "Start": "2017-05-23 00:00:00+00:00", "End": "2018-02-22 00:00:00+00:00", "Northing": "30° 16' 6.14\" N", "Easting": "031° 31' 41.15\" E", "Google_Map": "https://www.google.com/maps/search/?api=1&query=031° 31' 41.15\" E,30° 16' 6.14\" N", "GL": 151.59, "IL": 149.99, "Depth": 1.5999999999999943, "Manufacturing_Material": "الزهر المرن"}, "geometry": {"type": "Point", "coordinates": [31.52825062971979, 30.26840800001039, 100.0850000000064]}}, {"type": "Feature", "properties": {"ID": "834", "Diameter": 100, "Sectors": "القطاع السابع عشر", "Implementing_company": "العبد", "Start": "2017-05-23 00:00:00+00:00", "End": "2018-02-22 00:00:00+00:00", "Northing": "30° 16' 8.16\" N", "Easting": "031° 31' 34.34\" E", "Google_Map": "https://www.google.com/maps/search/?api=1&query=031° 31' 34.34\" E,30° 16' 8.16\" N", "GL": 162.16, "IL": 160.56, "Depth": 1.5999999999999943, "Manufacturing_Material": "الزهر المرن"}, "geometry": {"type": "Point", "coordinates": [31.52635866148874, 30.26896866395837, 0.0]}}, {"type": "Feature", "properties": {"ID": "835", "Diameter": 100, "Sectors": "القطاع السابع عشر", "Implementing_company": "العبد", "Start": "2017-05-23 00:00:00+00:00", "End": "2018-02-22 00:00:00+00:00", "Northing": "30° 15' 59.42\" N", "Easting": "031° 31' 23.94\" E", "Google_Map": "https://www.google.com/maps/search/?api=1&query=031° 31' 23.94\" E,30° 15' 59.42\" N", "GL": 160.92, "IL": 159.32, "Depth": 1.5999999999999943, "Manufacturing_Material": "الزهر المرن"}, "geometry": {"type": "Point", "coordinates": [31.523470648844672, 30.26654173380061, 0.0]}}, {"type": "Feature", "properties": {"ID": "836", "Diameter": 100, "Sectors": "القطاع السابع عشر", "Implementing_company": "العبد", "Start": "2017-05-23 00:00:00+00:00", "End": "2018-02-22 00:00:00+00:00", "Northing": "30° 15' 57.53\" N", "Easting": "031° 31' 30.75\" E", "Google_Map": "https://www.google.com/maps/search/?api=1&query=031° 31' 30.75\" E,30° 15' 57.53\" N", "GL": 164.01, "IL": 162.41, "Depth": 1.5999999999999943, "Manufacturing_Material": "الزهر المرن"}, "geometry": {"type": "Point", "coordinates": [31.525361385267747, 30.266017311748826, 0.0]}}, {"type": "Feature", "properties": {"ID": "837", "Diameter": 100, "Sectors": "القطاع السابع عشر", "Implementing_company": "العبد", "Start": "2017-05-23 00:00:00+00:00", "End": "2018-02-22 00:00:00+00:00", "Northing": "30° 16' 4.27\" N", "Easting": "031° 31' 29.21\" E", "Google_Map": "https://www.google.com/maps/search/?api=1&query=031° 31' 29.21\" E,30° 16' 4.27\" N", "GL": 163.8, "IL": 162.2, "Depth": 1.6000000000000227, "Manufacturing_Material": "الزهر المرن"}, "geometry": {"type": "Point", "coordinates": [31.524933219932546, 30.267888268204995, 0.0]}}, {"type": "Feature", "properties": {"ID": "838", "Diameter": 100, "Sectors": "القطاع السابع عشر", "Implementing_company": "العبد", "Start": "2017-05-23 00:00:00+00:00", "End": "2018-02-22 00:00:00+00:00", "Northing": "30° 16' 3.23\" N", "Easting": "031° 31' 32.48\" E", "Google_Map": "https://www.google.com/maps/search/?api=1&query=031° 31' 32.48\" E,30° 16' 3.23\" N", "GL": 163.8, "IL": 162.2, "Depth": 1.6000000000000227, "Manufacturing_Material": "الزهر المرن"}, "geometry": {"type": "Point", "coordinates": [31.52584302735147, 30.267599313810976, 0.0]}}, {"type": "Feature", "properties": {"ID": "839", "Diameter": 100, "Sectors": "القطاع السابع عشر", "Implementing_company": "العبد", "Start": "2017-05-23 00:00:00+00:00", "End": "2018-02-22 00:00:00+00:00", "Northing": "30° 16' 1.27\" N", "Easting": "031° 31' 31.89\" E", "Google_Map": "https://www.google.com/maps/search/?api=1&query=031° 31' 31.89\" E,30° 16' 1.27\" N", "GL": 164.6, "IL": 163.0, "Depth": 1.5999999999999943, "Manufacturing_Material": "الزهر المرن"}, "geometry": {"type": "Point", "coordinates": [31.52567768204748, 30.26705622516969, 0.0]}}, {"type": "Feature", "properties": {"ID": "840", "Diameter": 100, "Sectors": "القطاع السابع عشر", "Implementing_company": "العبد", "Start": "2017-05-23 00:00:00+00:00", "End": "2018-02-22 00:00:00+00:00", "Northing": "30° 16' 3.06\" N", "Easting": "031° 31' 25.14\" E", "Google_Map": "https://www.google.com/maps/search/?api=1&query=031° 31' 25.14\" E,30° 16' 3.06\" N", "GL": 160.79, "IL": 159.19, "Depth": 1.5999999999999943, "Manufacturing_Material": "الزهر المرن"}, "geometry": {"type": "Point", "coordinates": [31.523804518964457, 30.267553960453483, 0.0]}}, {"type": "Feature", "properties": {"ID": "841", "Diameter": 100, "Sectors": "القطاع السابع عشر", "Implementing_company": "العبد", "Start": "2017-05-23 00:00:00+00:00", "End": "2018-02-22 00:00:00+00:00", "Northing": "30° 16' 6.55\" N", "Easting": "031° 31' 29.91\" E", "Google_Map": "https://www.google.com/maps/search/?api=1&query=031° 31' 29.91\" E,30° 16' 6.55\" N", "GL": 158.45, "IL": 156.85, "Depth": 1.5999999999999943, "Manufacturing_Material": "الزهر المرن"}, "geometry": {"type": "Point", "coordinates": [31.525128515914197, 30.268522472136265, 100.0850000000064]}}, {"type": "Feature", "properties": {"ID": "842", "Diameter": 100, "Sectors": "القطاع السادس عشر", "Implementing_company": "العبد", "Start": "2017-05-23 00:00:00+00:00", "End": "2018-02-22 00:00:00+00:00", "Northing": "30° 16' 1.51\" N", "Easting": "031° 31' 47.88\" E", "Google_Map": "https://www.google.com/maps/search/?api=1&query=031° 31' 47.88\" E,30° 16' 1.51\" N", "GL": 155.17000000000002, "IL": 153.57, "Depth": 1.6000000000000227, "Manufacturing_Material": "الزهر المرن"}, "geometry": {"type": "Point", "coordinates": [31.53011989736709, 30.26712300571293, 0.0]}}, {"type": "Feature", "properties": {"ID": "843", "Diameter": 100, "Sectors": "القطاع السادس عشر", "Implementing_company": "العبد", "Start": "2017-05-23 00:00:00+00:00", "End": "2018-02-22 00:00:00+00:00", "Northing": "30° 15' 58.29\" N", "Easting": "031° 31' 50.36\" E", "Google_Map": "https://www.google.com/maps/search/?api=1&query=031° 31' 50.36\" E,30° 15' 58.29\" N", "GL": 157.16, "IL": 155.56, "Depth": 1.5999999999999943, "Manufacturing_Material": "الزهر المرن"}, "geometry": {"type": "Point", "coordinates": [31.53081043245377, 30.266229080956396, 0.0]}}, {"type": "Feature", "properties": {"ID": "844", "Diameter": 100, "Sectors": "القطاع السادس عشر", "Implementing_company": "العبد", "Start": "2017-05-23 00:00:00+00:00", "End": "2018-02-22 00:00:00+00:00", "Northing": "30° 15' 56.22\" N", "Easting": "031° 31' 49.71\" E", "Google_Map": "https://www.google.com/maps/search/?api=1&query=031° 31' 49.71\" E,30° 15' 56.22\" N", "GL": 157.16, "IL": 155.56, "Depth": 1.5999999999999943, "Manufacturing_Material": "الزهر المرن"}, "geometry": {"type": "Point", "coordinates": [31.53062799242344, 30.26565224827293, 0.0]}}, {"type": "Feature", "properties": {"ID": "845", "Diameter": 100, "Sectors": "القطاع السادس عشر", "Implementing_company": "العبد", "Start": "2017-05-23 00:00:00+00:00", "End": "2018-02-22 00:00:00+00:00", "Northing": "30° 15' 58.02\" N", "Easting": "031° 31' 43.11\" E", "Google_Map": "https://www.google.com/maps/search/?api=1&query=031° 31' 43.11\" E,30° 15' 58.02\" N", "GL": 157.91500000000002, "IL": 156.315, "Depth": 1.6000000000000227, "Manufacturing_Material": "الزهر المرن"}, "geometry": {"type": "Point", "coordinates": [31.52879531360082, 30.266152416610566, 0.0]}}, {"type": "Feature", "properties": {"ID": "846", "Diameter": 100, "Sectors": "القطاع السادس عشر", "Implementing_company": "العبد", "Start": "2017-05-23 00:00:00+00:00", "End": "2018-02-22 00:00:00+00:00", "Northing": "30° 16' 6.21\" N", "Easting": "031° 31' 41.44\" E", "Google_Map": "https://www.google.com/maps/search/?api=1&query=031° 31' 41.44\" E,30° 16' 6.21\" N", "GL": 154.52, "IL": 152.92, "Depth": 1.6000000000000227, "Manufacturing_Material": "الزهر المرن"}, "geometry": {"type": "Point", "coordinates": [31.528331954020526, 30.268429296892588, 0.0]}}, {"type": "Feature", "properties": {"ID": "847", "Diameter": 100, "Sectors": "القطاع السابع عشر", "Implementing_company": "العبد", "Start": "2017-05-23 00:00:00+00:00", "End": "2018-02-22 00:00:00+00:00", "Northing": "30° 16' 6.26\" N", "Easting": "031° 31' 41.18\" E", "Google_Map": "https://www.google.com/maps/search/?api=1&query=031° 31' 41.18\" E,30° 16' 6.26\" N", "GL": 151.59, "IL": 149.99, "Depth": 1.5999999999999943, "Manufacturing_Material": "الزهر المرن"}, "geometry": {"type": "Point", "coordinates": [31.528258395055264, 30.26844275131573, 0.0]}}, {"type": "Feature", "properties": {"ID": "848", "Diameter": 100, "Sectors": "القطاع السادس عشر", "Implementing_company": "العبد", "Start": "2017-05-23 00:00:00+00:00", "End": "2018-02-22 00:00:00+00:00", "Northing": "30° 15' 56.23\" N", "Easting": "031° 31' 43.71\" E", "Google_Map": "https://www.google.com/maps/search/?api=1&query=031° 31' 43.71\" E,30° 15' 56.23\" N", "GL": 157.9, "IL": 156.3, "Depth": 1.5999999999999943, "Manufacturing_Material": "الزهر المرن"}, "geometry": {"type": "Point", "coordinates": [31.528961749944838, 30.265656273585236, 0.0]}}, {"type": "Feature", "properties": {"ID": "849", "Diameter": 100, "Sectors": "القطاع السادس عشر", "Implementing_company": "العبد", "Start": "2017-05-23 00:00:00+00:00", "End": "2018-02-22 00:00:00+00:00", "Northing": "30° 15' 56.5\" N", "Easting": "031° 31' 42.61\" E", "Google_Map": "https://www.google.com/maps/search/?api=1&query=031° 31' 42.61\" E,30° 15' 56.5\" N", "GL": 157.9, "IL": 156.3, "Depth": 1.5999999999999943, "Manufacturing_Material": "الزهر المرن"}, "geometry": {"type": "Point", "coordinates": [31.528657540215857, 30.265732044227164, 0.0]}}, {"type": "Feature", "properties": {"ID": "850", "Diameter": 100, "Sectors": "القطاع السادس عشر", "Implementing_company": "العبد", "Start": "2017-05-23 00:00:00+00:00", "End": "2018-02-22 00:00:00+00:00", "Northing": "30° 16' 2.45\" N", "Easting": "031° 31' 55.08\" E", "Google_Map": "https://www.google.com/maps/search/?api=1&query=031° 31' 55.08\" E,30° 16' 2.45\" N", "GL": 154.52, "IL": 152.92, "Depth": 1.6000000000000227, "Manufacturing_Material": "الزهر المرن"}, "geometry": {"type": "Point", "coordinates": [31.532121616722595, 30.267383609548098, 0.0]}}, {"type": "Feature", "properties": {"ID": "851", "Diameter": 100, "Sectors": "القطاع السادس عشر", "Implementing_company": "العبد", "Start": "2017-05-23 00:00:00+00:00", "End": "2018-02-22 00:00:00+00:00", "Northing": "30° 15' 54.77\" N", "Easting": "031° 31' 49.25\" E", "Google_Map": "https://www.google.com/maps/search/?api=1&query=031° 31' 49.25\" E,30° 15' 54.77\" N", "GL": 157.4, "IL": 155.8, "Depth": 1.5999999999999943, "Manufacturing_Material": "الزهر المرن"}, "geometry": {"type": "Point", "coordinates": [31.53050082557529, 30.265250173566695, 0.0]}}, {"type": "Feature", "properties": {"ID": "852", "Diameter": 100, "Sectors": "القطاع السادس عشر", "Implementing_company": "العبد", "Start": "2017-05-23 00:00:00+00:00", "End": "2018-02-22 00:00:00+00:00", "Northing": "30° 16' 0.24\" N", "Easting": "031° 31' 49.68\" E", "Google_Map": "https://www.google.com/maps/search/?api=1&query=031° 31' 49.68\" E,30° 16' 0.24\" N", "GL": 155.41, "IL": 153.81, "Depth": 1.5999999999999943, "Manufacturing_Material": "الزهر المرن"}, "geometry": {"type": "Point", "coordinates": [31.530619642148288, 30.26676961795414, 0.0]}}, {"type": "Feature", "properties": {"ID": "853", "Diameter": 100, "Sectors": "القطاع السادس عشر", "Implementing_company": "العبد", "Start": "2017-05-23 00:00:00+00:00", "End": "2018-02-22 00:00:00+00:00", "Northing": "30° 16' 0.21\" N", "Easting": "031° 31' 47.46\" E", "Google_Map": "https://www.google.com/maps/search/?api=1&query=031° 31' 47.46\" E,30° 16' 0.21\" N", "GL": 155.41, "IL": 153.81, "Depth": 1.5999999999999943, "Manufacturing_Material": "الزهر المرن"}, "geometry": {"type": "Point", "coordinates": [31.530004920464766, 30.266760500155474, 0.0]}}, {"type": "Feature", "properties": {"ID": "854", "Diameter": 100, "Sectors": "القطاع السابع عشر", "Implementing_company": "العبد", "Start": "2017-05-23 00:00:00+00:00", "End": "2018-02-22 00:00:00+00:00", "Northing": "30° 16' 4.85\" N", "Easting": "031° 31' 40.73\" E", "Google_Map": "https://www.google.com/maps/search/?api=1&query=031° 31' 40.73\" E,30° 16' 4.85\" N", "GL": 160.05, "IL": 158.45, "Depth": 1.6000000000000227, "Manufacturing_Material": "الزهر المرن"}, "geometry": {"type": "Point", "coordinates": [31.528134337838296, 30.268051701161305, 0.0]}}, {"type": "Feature", "properties": {"ID": "855", "Diameter": 100, "Sectors": "القطاع السادس عشر", "Implementing_company": "العبد", "Start": "2017-05-23 00:00:00+00:00", "End": "2018-02-22 00:00:00+00:00", "Northing": "30° 15' 55.14\" N", "Easting": "031° 31' 40.12\" E", "Google_Map": "https://www.google.com/maps/search/?api=1&query=031° 31' 40.12\" E,30° 15' 55.14\" N", "GL": 158.69, "IL": 157.09, "Depth": 1.5999999999999943, "Manufacturing_Material": "الزهر المرن"}, "geometry": {"type": "Point", "coordinates": [31.527965628503296, 30.26535285986242, 0.0]}}, {"type": "Feature", "properties": {"ID": "856", "Diameter": 100, "Sectors": "القطاع السابع عشر", "Implementing_company": "العبد", "Start": "2017-05-23 00:00:00+00:00", "End": "2018-02-22 00:00:00+00:00", "Northing": "30° 16' 5.21\" N", "Easting": "031° 31' 36.19\" E", "Google_Map": "https://www.google.com/maps/search/?api=1&query=031° 31' 36.19\" E,30° 16' 5.21\" N", "GL": 163.8, "IL": 162.2, "Depth": 1.6000000000000227, "Manufacturing_Material": "الزهر المرن"}, "geometry": {"type": "Point", "coordinates": [31.526872542199268, 30.26815184041777, 0.0]}}, {"type": "Feature", "properties": {"ID": "857", "Diameter": 100, "Sectors": "القطاع السابع عشر", "Implementing_company": "العبد", "Start": "2017-05-23 00:00:00+00:00", "End": "2018-02-22 00:00:00+00:00", "Northing": "30° 15' 59.46\" N", "Easting": "031° 31' 34.4\" E", "Google_Map": "https://www.google.com/maps/search/?api=1&query=031° 31' 34.4\" E,30° 15' 59.46\" N", "GL": 164.01, "IL": 162.41, "Depth": 1.5999999999999943, "Manufacturing_Material": "الزهر المرن"}, "geometry": {"type": "Point", "coordinates": [31.52637495602676, 30.266554174701064, 0.0]}}, {"type": "Feature", "properties": {"ID": "858", "Diameter": 100, "Sectors": "القطاع السابع عشر", "Implementing_company": "العبد", "Start": "2017-05-23 00:00:00+00:00", "End": "2018-02-22 00:00:00+00:00", "Northing": "30° 16' 5.69\" N", "Easting": "031° 31' 33.41\" E", "Google_Map": "https://www.google.com/maps/search/?api=1&query=031° 31' 33.41\" E,30° 16' 5.69\" N", "GL": 162.16, "IL": 160.56, "Depth": 1.5999999999999943, "Manufacturing_Material": "الزهر المرن"}, "geometry": {"type": "Point", "coordinates": [31.526099850113226, 30.268283297697685, 0.0]}}, {"type": "Feature", "properties": {"ID": "859", "Diameter": 100, "Sectors": "القطاع السابع عشر", "Implementing_company": "العبد", "Start": "2017-05-23 00:00:00+00:00", "End": "2018-02-22 00:00:00+00:00", "Northing": "30° 16' 3.47\" N", "Easting": "031° 31' 32.57\" E", "Google_Map": "https://www.google.com/maps/search/?api=1&query=031° 31' 32.57\" E,30° 16' 3.47\" N", "GL": 163.8, "IL": 162.2, "Depth": 1.6000000000000227, "Manufacturing_Material": "الزهر المرن"}, "geometry": {"type": "Point", "coordinates": [31.52586695831759, 30.267666561109344, 0.0]}}, {"type": "Feature", "properties": {"ID": "860", "Diameter": 100, "Sectors": "القطاع السابع عشر", "Implementing_company": "العبد", "Start": "2017-05-23 00:00:00+00:00", "End": "2018-02-22 00:00:00+00:00", "Northing": "30° 16' 8.07\" N", "Easting": "031° 31' 22.47\" E", "Google_Map": "https://www.google.com/maps/search/?api=1&query=031° 31' 22.47\" E,30° 16' 8.07\" N", "GL": 154.71, "IL": 153.11, "Depth": 1.5999999999999943, "Manufacturing_Material": "الزهر المرن"}, "geometry": {"type": "Point", "coordinates": [31.523063511868678, 30.268944536728213, 0.0]}}, {"type": "Feature", "properties": {"ID": "861", "Diameter": 100, "Sectors": "القطاع السابع عشر", "Implementing_company": "العبد", "Start": "2017-05-23 00:00:00+00:00", "End": "2018-02-22 00:00:00+00:00", "Northing": "30° 16' 10.31\" N", "Easting": "031° 31' 23.18\" E", "Google_Map": "https://www.google.com/maps/search/?api=1&query=031° 31' 23.18\" E,30° 16' 10.31\" N", "GL": 154.71, "IL": 153.11, "Depth": 1.5999999999999943, "Manufacturing_Material": "الزهر المرن"}, "geometry": {"type": "Point", "coordinates": [31.52325823204495, 30.269567497745008, 0.0]}}, {"type": "Feature", "properties": {"ID": "862", "Diameter": 100, "Sectors": "القطاع السابع عشر", "Implementing_company": "العبد", "Start": "2017-05-23 00:00:00+00:00", "End": "2018-02-22 00:00:00+00:00", "Northing": "30° 16' 4.1\" N", "Easting": "031° 31' 21.23\" E", "Google_Map": "https://www.google.com/maps/search/?api=1&query=031° 31' 21.23\" E,30° 16' 4.1\" N", "GL": 156.65, "IL": 155.05, "Depth": 1.5999999999999943, "Manufacturing_Material": "الزهر المرن"}, "geometry": {"type": "Point", "coordinates": [31.52271892488075, 30.267842092223223, 0.0]}}, {"type": "Feature", "properties": {"ID": "863", "Diameter": 100, "Sectors": "القطاع السابع عشر", "Implementing_company": "العبد", "Start": "2017-05-23 00:00:00+00:00", "End": "2018-02-22 00:00:00+00:00", "Northing": "30° 16' 9.31\" N", "Easting": "031° 31' 22.86\" E", "Google_Map": "https://www.google.com/maps/search/?api=1&query=031° 31' 22.86\" E,30° 16' 9.31\" N", "GL": 154.71, "IL": 153.11, "Depth": 1.5999999999999943, "Manufacturing_Material": "الزهر المرن"}, "geometry": {"type": "Point", "coordinates": [31.523171653718798, 30.26929051050809, 0.0]}}, {"type": "Feature", "properties": {"ID": "864", "Diameter": 100, "Sectors": "القطاع السابع عشر", "Implementing_company": "العبد", "Start": "2017-05-23 00:00:00+00:00", "End": "2018-02-22 00:00:00+00:00", "Northing": "30° 16' 7.15\" N", "Easting": "031° 31' 22.19\" E", "Google_Map": "https://www.google.com/maps/search/?api=1&query=031° 31' 22.19\" E,30° 16' 7.15\" N", "GL": 154.71, "IL": 153.11, "Depth": 1.5999999999999943, "Manufacturing_Material": "الزهر المرن"}, "geometry": {"type": "Point", "coordinates": [31.522983671607523, 30.268689104845606, 0.0]}}, {"type": "Feature", "properties": {"ID": "865", "Diameter": 100, "Sectors": "القطاع السابع عشر", "Implementing_company": "العبد", "Start": "2017-05-23 00:00:00+00:00", "End": "2018-02-22 00:00:00+00:00", "Northing": "30° 16' 6.25\" N", "Easting": "031° 31' 21.91\" E", "Google_Map": "https://www.google.com/maps/search/?api=1&query=031° 31' 21.91\" E,30° 16' 6.25\" N", "GL": 156.65, "IL": 155.05, "Depth": 1.5999999999999943, "Manufacturing_Material": "الزهر المرن"}, "geometry": {"type": "Point", "coordinates": [31.522905430100923, 30.268438785646268, 0.0]}}, {"type": "Feature", "properties": {"ID": "866", "Diameter": 100, "Sectors": "القطاع السابع عشر", "Implementing_company": "العبد", "Start": "2017-05-23 00:00:00+00:00", "End": "2018-02-22 00:00:00+00:00", "Northing": "30° 16' 4.97\" N", "Easting": "031° 31' 21.51\" E", "Google_Map": "https://www.google.com/maps/search/?api=1&query=031° 31' 21.51\" E,30° 16' 4.97\" N", "GL": 156.65, "IL": 155.05, "Depth": 1.5999999999999943, "Manufacturing_Material": "الزهر المرن"}, "geometry": {"type": "Point", "coordinates": [31.52279420026758, 30.26808292392504, 0.0]}}, {"type": "Feature", "properties": {"ID": "867", "Diameter": 100, "Sectors": "القطاع السابع عشر", "Implementing_company": "العبد", "Start": "2017-05-23 00:00:00+00:00", "End": "2018-02-22 00:00:00+00:00", "Northing": "30° 16' 3.22\" N", "Easting": "031° 31' 20.96\" E", "Google_Map": "https://www.google.com/maps/search/?api=1&query=031° 31' 20.96\" E,30° 16' 3.22\" N", "GL": 156.65, "IL": 155.05, "Depth": 1.5999999999999943, "Manufacturing_Material": "الزهر المرن"}, "geometry": {"type": "Point", "coordinates": [31.52264264669636, 30.267598050467, 0.0]}}, {"type": "Feature", "properties": {"ID": "868", "Diameter": 100, "Sectors": "القطاع السابع عشر", "Implementing_company": "العبد", "Start": "2017-05-23 00:00:00+00:00", "End": "2018-02-22 00:00:00+00:00", "Northing": "30° 16' 1.99\" N", "Easting": "031° 31' 20.58\" E", "Google_Map": "https://www.google.com/maps/search/?api=1&query=031° 31' 20.58\" E,30° 16' 1.99\" N", "GL": 156.65, "IL": 155.05, "Depth": 1.5999999999999943, "Manufacturing_Material": "الزهر المرن"}, "geometry": {"type": "Point", "coordinates": [31.522536077336834, 30.267257094272995, 0.0]}}, {"type": "Feature", "properties": {"ID": "869", "Diameter": 100, "Sectors": "القطاع السابع عشر", "Implementing_company": "العبد", "Start": "2017-05-23 00:00:00+00:00", "End": "2018-02-22 00:00:00+00:00", "Northing": "30° 15' 59.68\" N", "Easting": "031° 31' 31.4\" E", "Google_Map": "https://www.google.com/maps/search/?api=1&query=031° 31' 31.4\" E,30° 15' 59.68\" N", "GL": 164.6, "IL": 163.0, "Depth": 1.5999999999999943, "Manufacturing_Material": "الزهر المرن"}, "geometry": {"type": "Point", "coordinates": [31.525542910584655, 30.26661354820345, 100.0850000000064]}}, {"type": "Feature", "properties": {"ID": "870", "Diameter": 100, "Sectors": "القطاع السابع عشر", "Implementing_company": "العبد", "Start": "2017-05-23 00:00:00+00:00", "End": "2018-02-22 00:00:00+00:00", "Northing": "30° 16' 1.46\" N", "Easting": "031° 31' 24.62\" E", "Google_Map": "https://www.google.com/maps/search/?api=1&query=031° 31' 24.62\" E,30° 16' 1.46\" N", "GL": 160.92, "IL": 159.32, "Depth": 1.5999999999999943, "Manufacturing_Material": "الزهر المرن"}, "geometry": {"type": "Point", "coordinates": [31.52365812950681, 30.2671101386638, 0.0]}}, {"type": "Feature", "properties": {"ID": "871", "Diameter": 100, "Sectors": "القطاع السابع عشر", "Implementing_company": "العبد", "Start": "2017-05-23 00:00:00+00:00", "End": "2018-02-22 00:00:00+00:00", "Northing": "30° 16' 10.09\" N", "Easting": "031° 31' 23.11\" E", "Google_Map": "https://www.google.com/maps/search/?api=1&query=031° 31' 23.11\" E,30° 16' 10.09\" N", "GL": 154.71, "IL": 153.11, "Depth": 1.5999999999999943, "Manufacturing_Material": "الزهر المرن"}, "geometry": {"type": "Point", "coordinates": [31.523238770378367, 30.269505234904116, 0.0]}}, {"type": "Feature", "properties": {"ID": "872", "Diameter": 100, "Sectors": "القطاع السابع عشر", "Implementing_company": "العبد", "Start": "2017-05-23 00:00:00+00:00", "End": "2018-02-22 00:00:00+00:00", "Northing": "30° 16' 4.5\" N", "Easting": "031° 31' 32.96\" E", "Google_Map": "https://www.google.com/maps/search/?api=1&query=031° 31' 32.96\" E,30° 16' 4.5\" N", "GL": 163.8, "IL": 162.2, "Depth": 1.6000000000000227, "Manufacturing_Material": "الزهر المرن"}, "geometry": {"type": "Point", "coordinates": [31.525975177990123, 30.267953146892452, 0.0]}}, {"type": "Feature", "properties": {"ID": "873", "Diameter": 100, "Sectors": "القطاع السابع عشر", "Implementing_company": "العبد", "Start": "2017-05-23 00:00:00+00:00", "End": "2018-02-22 00:00:00+00:00", "Northing": "30° 16' 7.14\" N", "Easting": "031° 31' 27.32\" E", "Google_Map": "https://www.google.com/maps/search/?api=1&query=031° 31' 27.32\" E,30° 16' 7.14\" N", "GL": 158.45, "IL": 156.85, "Depth": 1.5999999999999943, "Manufacturing_Material": "الزهر المرن"}, "geometry": {"type": "Point", "coordinates": [31.524409524102108, 30.268686181434273, 0.0]}}, {"type": "Feature", "properties": {"ID": "874", "Diameter": 100, "Sectors": "القطاع السابع عشر", "Implementing_company": "العبد", "Start": "2017-05-23 00:00:00+00:00", "End": "2018-02-22 00:00:00+00:00", "Northing": "30° 16' 7.41\" N", "Easting": "031° 31' 26.11\" E", "Google_Map": "https://www.google.com/maps/search/?api=1&query=031° 31' 26.11\" E,30° 16' 7.41\" N", "GL": 158.45, "IL": 156.85, "Depth": 1.5999999999999943, "Manufacturing_Material": "الزهر المرن"}, "geometry": {"type": "Point", "coordinates": [31.524073273016782, 30.268762738003737, 0.0]}}, {"type": "Feature", "properties": {"ID": "875", "Diameter": 100, "Sectors": "القطاع السابع عشر", "Implementing_company": "العبد", "Start": "2017-05-23 00:00:00+00:00", "End": "2018-02-22 00:00:00+00:00", "Northing": "30° 16' 4.08\" N", "Easting": "031° 31' 25.48\" E", "Google_Map": "https://www.google.com/maps/search/?api=1&query=031° 31' 25.48\" E,30° 16' 4.08\" N", "GL": 161.2, "IL": 159.6, "Depth": 1.5999999999999943, "Manufacturing_Material": "الزهر المرن"}, "geometry": {"type": "Point", "coordinates": [31.523897306036, 30.26783526174362, 100.0850000000064]}}, {"type": "Feature", "properties": {"ID": "876", "Diameter": 100, "Sectors": "القطاع السابع عشر", "Implementing_company": "العبد", "Start": "2017-05-23 00:00:00+00:00", "End": "2018-02-22 00:00:00+00:00", "Northing": "30° 16' 0.17\" N", "Easting": "031° 31' 24.19\" E", "Google_Map": "https://www.google.com/maps/search/?api=1&query=031° 31' 24.19\" E,30° 16' 0.17\" N", "GL": 160.92, "IL": 159.32, "Depth": 1.5999999999999943, "Manufacturing_Material": "الزهر المرن"}, "geometry": {"type": "Point", "coordinates": [31.523539703999987, 30.266751094047713, 0.0]}}, {"type": "Feature", "properties": {"ID": "877", "Diameter": 100, "Sectors": "القطاع السابع عشر", "Implementing_company": "العبد", "Start": "2017-05-23 00:00:00+00:00", "End": "2018-02-22 00:00:00+00:00", "Northing": "30° 16' 6.59\" N", "Easting": "031° 31' 33.75\" E", "Google_Map": "https://www.google.com/maps/search/?api=1&query=031° 31' 33.75\" E,30° 16' 6.59\" N", "GL": 162.16, "IL": 160.56, "Depth": 1.5999999999999943, "Manufacturing_Material": "الزهر المرن"}, "geometry": {"type": "Point", "coordinates": [31.52619423965573, 30.26853325428296, 0.0]}}, {"type": "Feature", "properties": {"ID": "878", "Diameter": 100, "Sectors": "القطاع السابع عشر", "Implementing_company": "العبد", "Start": "2017-05-23 00:00:00+00:00", "End": "2018-02-22 00:00:00+00:00", "Northing": "30° 16' 6.61\" N", "Easting": "031° 31' 33.75\" E", "Google_Map": "https://www.google.com/maps/search/?api=1&query=031° 31' 33.75\" E,30° 16' 6.61\" N", "GL": 162.16, "IL": 160.56, "Depth": 1.5999999999999943, "Manufacturing_Material": "الزهر المرن"}, "geometry": {"type": "Point", "coordinates": [31.52619682213106, 30.26854009406842, 0.0]}}, {"type": "Feature", "properties": {"ID": "879", "Diameter": 100, "Sectors": "القطاع السابع عشر", "Implementing_company": "العبد", "Start": "2017-05-23 00:00:00+00:00", "End": "2018-02-22 00:00:00+00:00", "Northing": "30° 16' 1.81\" N", "Easting": "031° 31' 32.05\" E", "Google_Map": "https://www.google.com/maps/search/?api=1&query=031° 31' 32.05\" E,30° 16' 1.81\" N", "GL": 163.8, "IL": 162.2, "Depth": 1.6000000000000227, "Manufacturing_Material": "الزهر المرن"}, "geometry": {"type": "Point", "coordinates": [31.52572339457675, 30.26720637085246, 0.0]}}, {"type": "Feature", "properties": {"ID": "880", "Diameter": 100, "Sectors": "القطاع السابع عشر", "Implementing_company": "العبد", "Start": "2017-05-23 00:00:00+00:00", "End": "2018-02-22 00:00:00+00:00", "Northing": "30° 16' 1.4\" N", "Easting": "031° 31' 31.41\" E", "Google_Map": "https://www.google.com/maps/search/?api=1&query=031° 31' 31.41\" E,30° 16' 1.4\" N", "GL": 164.6, "IL": 163.0, "Depth": 1.5999999999999943, "Manufacturing_Material": "الزهر المرن"}, "geometry": {"type": "Point", "coordinates": [31.525546128517277, 30.26709118254562, 0.0]}}, {"type": "Feature", "properties": {"ID": "881", "Diameter": 100, "Sectors": "القطاع السابع عشر", "Implementing_company": "العبد", "Start": "2017-05-23 00:00:00+00:00", "End": "2018-02-22 00:00:00+00:00", "Northing": "30° 15' 59.77\" N", "Easting": "031° 31' 31.06\" E", "Google_Map": "https://www.google.com/maps/search/?api=1&query=031° 31' 31.06\" E,30° 15' 59.77\" N", "GL": 164.6, "IL": 163.0, "Depth": 1.5999999999999943, "Manufacturing_Material": "الزهر المرن"}, "geometry": {"type": "Point", "coordinates": [31.525446998177884, 30.266638845177887, 100.0850000000064]}}, {"type": "Feature", "properties": {"ID": "882", "Diameter": 100, "Sectors": "القطاع السابع عشر", "Implementing_company": "العبد", "Start": "2017-05-23 00:00:00+00:00", "End": "2018-02-22 00:00:00+00:00", "Northing": "30° 15' 59.83\" N", "Easting": "031° 31' 30.82\" E", "Google_Map": "https://www.google.com/maps/search/?api=1&query=031° 31' 30.82\" E,30° 15' 59.83\" N", "GL": 164.6, "IL": 163.0, "Depth": 1.5999999999999943, "Manufacturing_Material": "الزهر المرن"}, "geometry": {"type": "Point", "coordinates": [31.52538266809295, 30.266655813275953, 100.0850000000064]}}, {"type": "Feature", "properties": {"ID": "883", "Diameter": 100, "Sectors": "القطاع السابع عشر", "Implementing_company": "العبد", "Start": "2017-05-23 00:00:00+00:00", "End": "2018-02-22 00:00:00+00:00", "Northing": "30° 16' 1.85\" N", "Easting": "031° 31' 29.69\" E", "Google_Map": "https://www.google.com/maps/search/?api=1&query=031° 31' 29.69\" E,30° 16' 1.85\" N", "GL": 163.83, "IL": 162.23, "Depth": 1.6000000000000227, "Manufacturing_Material": "الزهر المرن"}, "geometry": {"type": "Point", "coordinates": [31.52506720067941, 30.26721844537325, 0.0]}}, {"type": "Feature", "properties": {"ID": "884", "Diameter": 100, "Sectors": "القطاع السابع عشر", "Implementing_company": "العبد", "Start": "2017-05-23 00:00:00+00:00", "End": "2018-02-22 00:00:00+00:00", "Northing": "30° 16' 2.1\" N", "Easting": "031° 31' 28.76\" E", "Google_Map": "https://www.google.com/maps/search/?api=1&query=031° 31' 28.76\" E,30° 16' 2.1\" N", "GL": 163.83, "IL": 162.23, "Depth": 1.6000000000000227, "Manufacturing_Material": "الزهر المرن"}, "geometry": {"type": "Point", "coordinates": [31.52481014468436, 30.267286750567326, 0.0]}}, {"type": "Feature", "properties": {"ID": "885", "Diameter": 100, "Sectors": "القطاع السابع عشر", "Implementing_company": "العبد", "Start": "2017-05-23 00:00:00+00:00", "End": "2018-02-22 00:00:00+00:00", "Northing": "30° 16' 2.77\" N", "Easting": "031° 31' 26.22\" E", "Google_Map": "https://www.google.com/maps/search/?api=1&query=031° 31' 26.22\" E,30° 16' 2.77\" N", "GL": 160.79, "IL": 159.19, "Depth": 1.5999999999999943, "Manufacturing_Material": "الزهر المرن"}, "geometry": {"type": "Point", "coordinates": [31.52410504915226, 30.267474106008084, 0.0]}}, {"type": "Feature", "properties": {"ID": "886", "Diameter": 100, "Sectors": "القطاع السابع عشر", "Implementing_company": "العبد", "Start": "2017-05-23 00:00:00+00:00", "End": "2018-02-22 00:00:00+00:00", "Northing": "30° 16' 0.5\" N", "Easting": "031° 31' 28.28\" E", "Google_Map": "https://www.google.com/maps/search/?api=1&query=031° 31' 28.28\" E,30° 16' 0.5\" N", "GL": 163.83, "IL": 162.23, "Depth": 1.6000000000000227, "Manufacturing_Material": "الزهر المرن"}, "geometry": {"type": "Point", "coordinates": [31.524676313765028, 30.26684212106282, 0.0]}}, {"type": "Feature", "properties": {"ID": "887", "Diameter": 100, "Sectors": "القطاع السابع عشر", "Implementing_company": "العبد", "Start": "2017-05-23 00:00:00+00:00", "End": "2018-02-22 00:00:00+00:00", "Northing": "30° 16' 0.78\" N", "Easting": "031° 31' 27.23\" E", "Google_Map": "https://www.google.com/maps/search/?api=1&query=031° 31' 27.23\" E,30° 16' 0.78\" N", "GL": 163.83, "IL": 162.23, "Depth": 1.6000000000000227, "Manufacturing_Material": "الزهر المرن"}, "geometry": {"type": "Point", "coordinates": [31.52438464859062, 30.26691904073614, 100.0850000000064]}}, {"type": "Feature", "properties": {"ID": "888", "Diameter": 50, "Sectors": "القطاع السابع عشر", "Implementing_company": "العبد", "Start": "2017-05-23 00:00:00+00:00", "End": "2018-02-22 00:00:00+00:00", "Northing": "30° 16' 1.25\" N", "Easting": "031° 31' 25.91\" E", "Google_Map": "https://www.google.com/maps/search/?api=1&query=031° 31' 25.91\" E,30° 16' 1.25\" N", "GL": 160.79, "IL": 159.19, "Depth": 1.5999999999999943, "Manufacturing_Material": "الزهر المرن"}, "geometry": {"type": "Point", "coordinates": [31.524017253828248, 30.267050963566447, 0.0]}}, {"type": "Feature", "properties": {"ID": "889", "Diameter": 100, "Sectors": "القطاع السابع عشر", "Implementing_company": "العبد", "Start": "2017-05-23 00:00:00+00:00", "End": "2018-02-22 00:00:00+00:00", "Northing": "30° 16' 1.17\" N", "Easting": "031° 31' 25.73\" E", "Google_Map": "https://www.google.com/maps/search/?api=1&query=031° 31' 25.73\" E,30° 16' 1.17\" N", "GL": 160.92, "IL": 159.32, "Depth": 1.5999999999999943, "Manufacturing_Material": "الزهر المرن"}, "geometry": {"type": "Point", "coordinates": [31.523967263094484, 30.26702912985034, 0.0]}}, {"type": "Feature", "properties": {"ID": "890", "Diameter": 100, "Sectors": "القطاع السابع عشر", "Implementing_company": "العبد", "Start": "2017-05-23 00:00:00+00:00", "End": "2018-02-22 00:00:00+00:00", "Northing": "30° 16' 5.77\" N", "Easting": "031° 31' 41.02\" E", "Google_Map": "https://www.google.com/maps/search/?api=1&query=031° 31' 41.02\" E,30° 16' 5.77\" N", "GL": 151.59, "IL": 149.99, "Depth": 1.5999999999999943, "Manufacturing_Material": "الزهر المرن"}, "geometry": {"type": "Point", "coordinates": [31.52821481675955, 30.26830679981314, 0.0]}}, {"type": "Feature", "properties": {"ID": "891", "Diameter": 100, "Sectors": "القطاع السابع عشر", "Implementing_company": "العبد", "Start": "2017-05-23 00:00:00+00:00", "End": "2018-02-22 00:00:00+00:00", "Northing": "30° 16' 4.71\" N", "Easting": "031° 31' 40.68\" E", "Google_Map": "https://www.google.com/maps/search/?api=1&query=031° 31' 40.68\" E,30° 16' 4.71\" N", "GL": 160.05, "IL": 158.45, "Depth": 1.6000000000000227, "Manufacturing_Material": "الزهر المرن"}, "geometry": {"type": "Point", "coordinates": [31.52812139143453, 30.268010663243434, 0.0]}}, {"type": "Feature", "properties": {"ID": "892", "Diameter": 100, "Sectors": "القطاع السابع عشر", "Implementing_company": "العبد", "Start": "2017-05-23 00:00:00+00:00", "End": "2018-02-22 00:00:00+00:00", "Northing": "30° 16' 3.53\" N", "Easting": "031° 31' 40.31\" E", "Google_Map": "https://www.google.com/maps/search/?api=1&query=031° 31' 40.31\" E,30° 16' 3.53\" N", "GL": 160.05, "IL": 158.45, "Depth": 1.6000000000000227, "Manufacturing_Material": "الزهر المرن"}, "geometry": {"type": "Point", "coordinates": [31.52801849611382, 30.267684505797362, 0.0]}}, {"type": "Feature", "properties": {"ID": "893", "Diameter": 100, "Sectors": "القطاع السابع عشر", "Implementing_company": "العبد", "Start": "2017-05-23 00:00:00+00:00", "End": "2018-02-22 00:00:00+00:00", "Northing": "30° 16' 2.55\" N", "Easting": "031° 31' 40.0\" E", "Google_Map": "https://www.google.com/maps/search/?api=1&query=031° 31' 40.0\" E,30° 16' 2.55\" N", "GL": 160.05, "IL": 158.45, "Depth": 1.6000000000000227, "Manufacturing_Material": "الزهر المرن"}, "geometry": {"type": "Point", "coordinates": [31.527932846921047, 30.267413014153476, 0.0]}}, {"type": "Feature", "properties": {"ID": "894", "Diameter": 100, "Sectors": "القطاع السابع عشر", "Implementing_company": "العبد", "Start": "2017-05-23 00:00:00+00:00", "End": "2018-02-22 00:00:00+00:00", "Northing": "30° 16' 1.71\" N", "Easting": "031° 31' 39.74\" E", "Google_Map": "https://www.google.com/maps/search/?api=1&query=031° 31' 39.74\" E,30° 16' 1.71\" N", "GL": 161.85, "IL": 160.25, "Depth": 1.5999999999999943, "Manufacturing_Material": "الزهر المرن"}, "geometry": {"type": "Point", "coordinates": [31.52785892555917, 30.267178697316588, 0.0]}}, {"type": "Feature", "properties": {"ID": "895", "Diameter": 100, "Sectors": "القطاع السابع عشر", "Implementing_company": "العبد", "Start": "2017-05-23 00:00:00+00:00", "End": "2018-02-22 00:00:00+00:00", "Northing": "30° 16' 0.44\" N", "Easting": "031° 31' 39.34\" E", "Google_Map": "https://www.google.com/maps/search/?api=1&query=031° 31' 39.34\" E,30° 16' 0.44\" N", "GL": 161.85, "IL": 160.25, "Depth": 1.5999999999999943, "Manufacturing_Material": "الزهر المرن"}, "geometry": {"type": "Point", "coordinates": [31.527747526725054, 30.266825577354332, 0.0]}}, {"type": "Feature", "properties": {"ID": "896", "Diameter": 100, "Sectors": "القطاع السابع عشر", "Implementing_company": "العبد", "Start": "2017-05-23 00:00:00+00:00", "End": "2018-02-22 00:00:00+00:00", "Northing": "30° 15' 59.42\" N", "Easting": "031° 31' 39.02\" E", "Google_Map": "https://www.google.com/maps/search/?api=1&query=031° 31' 39.02\" E,30° 15' 59.42\" N", "GL": 161.82999999999998, "IL": 160.23000000000002, "Depth": 1.599999999999966, "Manufacturing_Material": "الزهر المرن"}, "geometry": {"type": "Point", "coordinates": [31.52765855455796, 30.266543547606897, 0.0]}}, {"type": "Feature", "properties": {"ID": "897", "Diameter": 100, "Sectors": "القطاع السابع عشر", "Implementing_company": "العبد", "Start": "2017-05-23 00:00:00+00:00", "End": "2018-02-22 00:00:00+00:00", "Northing": "30° 15' 58.48\" N", "Easting": "031° 31' 38.72\" E", "Google_Map": "https://www.google.com/maps/search/?api=1&query=031° 31' 38.72\" E,30° 15' 58.48\" N", "GL": 161.81, "IL": 160.21, "Depth": 1.5999999999999943, "Manufacturing_Material": "الزهر المرن"}, "geometry": {"type": "Point", "coordinates": [31.52757572871944, 30.266281000736942, 0.0]}}, {"type": "Feature", "properties": {"ID": "898", "Diameter": 100, "Sectors": "القطاع السابع عشر", "Implementing_company": "العبد", "Start": "2017-05-23 00:00:00+00:00", "End": "2018-02-22 00:00:00+00:00", "Northing": "30° 15' 57.24\" N", "Easting": "031° 31' 38.33\" E", "Google_Map": "https://www.google.com/maps/search/?api=1&query=031° 31' 38.33\" E,30° 15' 57.24\" N", "GL": 161.57, "IL": 159.97, "Depth": 1.5999999999999943, "Manufacturing_Material": "الزهر المرن"}, "geometry": {"type": "Point", "coordinates": [31.52746721141199, 30.265937011132493, 0.0]}}, {"type": "Feature", "properties": {"ID": "899", "Diameter": 100, "Sectors": "القطاع السابع عشر", "Implementing_company": "العبد", "Start": "2017-05-23 00:00:00+00:00", "End": "2018-02-22 00:00:00+00:00", "Northing": "30° 15' 56.33\" N", "Easting": "031° 31' 38.04\" E", "Google_Map": "https://www.google.com/maps/search/?api=1&query=031° 31' 38.04\" E,30° 15' 56.33\" N", "GL": 161.57, "IL": 159.97, "Depth": 1.5999999999999943, "Manufacturing_Material": "الزهر المرن"}, "geometry": {"type": "Point", "coordinates": [31.52738727024811, 30.26568360197799, 0.0]}}, {"type": "Feature", "properties": {"ID": "900", "Diameter": 100, "Sectors": "القطاع السابع عشر", "Implementing_company": "العبد", "Start": "2017-05-23 00:00:00+00:00", "End": "2018-02-22 00:00:00+00:00", "Northing": "30° 16' 1.04\" N", "Easting": "031° 31' 34.89\" E", "Google_Map": "https://www.google.com/maps/search/?api=1&query=031° 31' 34.89\" E,30° 16' 1.04\" N", "GL": 164.6, "IL": 163.0, "Depth": 1.5999999999999943, "Manufacturing_Material": "الزهر المرن"}, "geometry": {"type": "Point", "coordinates": [31.526511192759788, 30.266991611577737, 0.0]}}, {"type": "Feature", "properties": {"ID": "901", "Diameter": 100, "Sectors": "القطاع السادس عشر", "Implementing_company": "العبد", "Start": "2017-05-23 00:00:00+00:00", "End": "2018-02-22 00:00:00+00:00", "Northing": "30° 15' 58.6\" N", "Easting": "031° 31' 41.22\" E", "Google_Map": "https://www.google.com/maps/search/?api=1&query=031° 31' 41.22\" E,30° 15' 58.6\" N", "GL": 158.21, "IL": 156.61, "Depth": 1.5999999999999943, "Manufacturing_Material": "الزهر المرن"}, "geometry": {"type": "Point", "coordinates": [31.528271421909018, 30.266314807194192, 100.0850000000064]}}, {"type": "Feature", "properties": {"ID": "902", "Diameter": 100, "Sectors": "القطاع السادس عشر", "Implementing_company": "العبد", "Start": "2017-05-23 00:00:00+00:00", "End": "2018-02-22 00:00:00+00:00", "Northing": "30° 15' 56.67\" N", "Easting": "031° 31' 40.61\" E", "Google_Map": "https://www.google.com/maps/search/?api=1&query=031° 31' 40.61\" E,30° 15' 56.67\" N", "GL": 159.7, "IL": 158.1, "Depth": 1.5999999999999943, "Manufacturing_Material": "الزهر المرن"}, "geometry": {"type": "Point", "coordinates": [31.52810120131031, 30.265779335564826, 100.0850000000064]}}, {"type": "Feature", "properties": {"ID": "903", "Diameter": 100, "Sectors": "القطاع السادس عشر", "Implementing_company": "العبد", "Start": "2017-05-23 00:00:00+00:00", "End": "2018-02-22 00:00:00+00:00", "Northing": "30° 16' 1.84\" N", "Easting": "031° 31' 46.43\" E", "Google_Map": "https://www.google.com/maps/search/?api=1&query=031° 31' 46.43\" E,30° 16' 1.84\" N", "GL": 154.93, "IL": 153.33, "Depth": 1.5999999999999943, "Manufacturing_Material": "الزهر المرن"}, "geometry": {"type": "Point", "coordinates": [31.529718984796542, 30.267213271314073, 0.0]}}, {"type": "Feature", "properties": {"ID": "904", "Diameter": 100, "Sectors": "القطاع السادس عشر", "Implementing_company": "العبد", "Start": "2017-05-23 00:00:00+00:00", "End": "2018-02-22 00:00:00+00:00", "Northing": "30° 16' 2.13\" N", "Easting": "031° 31' 45.13\" E", "Google_Map": "https://www.google.com/maps/search/?api=1&query=031° 31' 45.13\" E,30° 16' 2.13\" N", "GL": 156.33, "IL": 154.73, "Depth": 1.6000000000000227, "Manufacturing_Material": "الزهر المرن"}, "geometry": {"type": "Point", "coordinates": [31.529357394970376, 30.267294682176143, 0.0]}}, {"type": "Feature", "properties": {"ID": "905", "Diameter": 100, "Sectors": "القطاع السادس عشر", "Implementing_company": "العبد", "Start": "2017-05-23 00:00:00+00:00", "End": "2018-02-22 00:00:00+00:00", "Northing": "30° 16' 2.89\" N", "Easting": "031° 31' 48.31\" E", "Google_Map": "https://www.google.com/maps/search/?api=1&query=031° 31' 48.31\" E,30° 16' 2.89\" N", "GL": 154.93, "IL": 153.33, "Depth": 1.5999999999999943, "Manufacturing_Material": "الزهر المرن"}, "geometry": {"type": "Point", "coordinates": [31.530241322245402, 30.26750583796192, 0.0]}}, {"type": "Feature", "properties": {"ID": "906", "Diameter": 100, "Sectors": "القطاع السادس عشر", "Implementing_company": "العبد", "Start": "2017-05-23 00:00:00+00:00", "End": "2018-02-22 00:00:00+00:00", "Northing": "30° 16' 0.03\" N", "Easting": "031° 31' 47.41\" E", "Google_Map": "https://www.google.com/maps/search/?api=1&query=031° 31' 47.41\" E,30° 16' 0.03\" N", "GL": 155.41, "IL": 153.81, "Depth": 1.5999999999999943, "Manufacturing_Material": "الزهر المرن"}, "geometry": {"type": "Point", "coordinates": [31.529989010649928, 30.266710337558408, 0.0]}}, {"type": "Feature", "properties": {"ID": "907", "Diameter": 100, "Sectors": "القطاع السادس عشر", "Implementing_company": "العبد", "Start": "2017-05-23 00:00:00+00:00", "End": "2018-02-22 00:00:00+00:00", "Northing": "30° 15' 59.66\" N", "Easting": "031° 31' 47.29\" E", "Google_Map": "https://www.google.com/maps/search/?api=1&query=031° 31' 47.29\" E,30° 15' 59.66\" N", "GL": 155.59, "IL": 153.99, "Depth": 1.5999999999999943, "Manufacturing_Material": "الزهر المرن"}, "geometry": {"type": "Point", "coordinates": [31.52995704204713, 30.266609546600492, 0.0]}}, {"type": "Feature", "properties": {"ID": "908", "Diameter": 100, "Sectors": "القطاع السادس عشر", "Implementing_company": "العبد", "Start": "2017-05-23 00:00:00+00:00", "End": "2018-02-22 00:00:00+00:00", "Northing": "30° 15' 59.92\" N", "Easting": "031° 31' 44.51\" E", "Google_Map": "https://www.google.com/maps/search/?api=1&query=031° 31' 44.51\" E,30° 15' 59.92\" N", "GL": 155.41, "IL": 153.81, "Depth": 1.5999999999999943, "Manufacturing_Material": "الزهر المرن"}, "geometry": {"type": "Point", "coordinates": [31.529185753815657, 30.266679901731077, 0.0]}}, {"type": "Feature", "properties": {"ID": "909", "Diameter": 100, "Sectors": "القطاع السادس عشر", "Implementing_company": "العبد", "Start": "2017-05-23 00:00:00+00:00", "End": "2018-02-22 00:00:00+00:00", "Northing": "30° 15' 59.64\" N", "Easting": "031° 31' 43.67\" E", "Google_Map": "https://www.google.com/maps/search/?api=1&query=031° 31' 43.67\" E,30° 15' 59.64\" N", "GL": 157.93, "IL": 156.33, "Depth": 1.5999999999999943, "Manufacturing_Material": "الزهر المرن"}, "geometry": {"type": "Point", "coordinates": [31.528951293925278, 30.26660195795895, 0.0]}}, {"type": "Feature", "properties": {"ID": "910", "Diameter": 100, "Sectors": "القطاع السادس عشر", "Implementing_company": "العبد", "Start": "2017-05-23 00:00:00+00:00", "End": "2018-02-22 00:00:00+00:00", "Northing": "30° 16' 2.02\" N", "Easting": "031° 31' 50.35\" E", "Google_Map": "https://www.google.com/maps/search/?api=1&query=031° 31' 50.35\" E,30° 16' 2.02\" N", "GL": 155.4, "IL": 153.8, "Depth": 1.5999999999999943, "Manufacturing_Material": "الزهر المرن"}, "geometry": {"type": "Point", "coordinates": [31.530806067303377, 30.267264489213083, 100.0850000000064]}}, {"type": "Feature", "properties": {"ID": "911", "Diameter": 100, "Sectors": "القطاع السادس عشر", "Implementing_company": "العبد", "Start": "2017-05-23 00:00:00+00:00", "End": "2018-02-22 00:00:00+00:00", "Northing": "30° 16' 1.25\" N", "Easting": "031° 31' 50.06\" E", "Google_Map": "https://www.google.com/maps/search/?api=1&query=031° 31' 50.06\" E,30° 16' 1.25\" N", "GL": 155.4, "IL": 153.8, "Depth": 1.5999999999999943, "Manufacturing_Material": "الزهر المرن"}, "geometry": {"type": "Point", "coordinates": [31.53072579677709, 30.26705140595586, 100.0850000000064]}}, {"type": "Feature", "properties": {"ID": "912", "Diameter": 100, "Sectors": "القطاع السادس عشر", "Implementing_company": "العبد", "Start": "2017-05-23 00:00:00+00:00", "End": "2018-02-22 00:00:00+00:00", "Northing": "30° 16' 1.12\" N", "Easting": "031° 31' 50.01\" E", "Google_Map": "https://www.google.com/maps/search/?api=1&query=031° 31' 50.01\" E,30° 16' 1.12\" N", "GL": 155.4, "IL": 153.8, "Depth": 1.5999999999999943, "Manufacturing_Material": "الزهر المرن"}, "geometry": {"type": "Point", "coordinates": [31.53071135785654, 30.267013085536497, 0.0]}}, {"type": "Feature", "properties": {"ID": "913", "Diameter": 100, "Sectors": "القطاع السادس عشر", "Implementing_company": "العبد", "Start": "2017-05-23 00:00:00+00:00", "End": "2018-02-22 00:00:00+00:00", "Northing": "30° 15' 56.32\" N", "Easting": "031° 31' 42.55\" E", "Google_Map": "https://www.google.com/maps/search/?api=1&query=031° 31' 42.55\" E,30° 15' 56.32\" N", "GL": 157.9, "IL": 156.3, "Depth": 1.5999999999999943, "Manufacturing_Material": "الزهر المرن"}, "geometry": {"type": "Point", "coordinates": [31.5286405994932, 30.265680353028166, 0.0]}}, {"type": "Feature", "properties": {"ID": "914", "Diameter": 100, "Sectors": "القطاع السادس عشر", "Implementing_company": "العبد", "Start": "2017-05-23 00:00:00+00:00", "End": "2018-02-22 00:00:00+00:00", "Northing": "30° 15' 55.84\" N", "Easting": "031° 31' 42.4\" E", "Google_Map": "https://www.google.com/maps/search/?api=1&query=031° 31' 42.4\" E,30° 15' 55.84\" N", "GL": 157.68, "IL": 156.08, "Depth": 1.5999999999999943, "Manufacturing_Material": "الزهر المرن"}, "geometry": {"type": "Point", "coordinates": [31.528597235744257, 30.265548041388627, 0.0]}}, {"type": "Feature", "properties": {"ID": "915", "Diameter": 100, "Sectors": "القطاع السادس عشر", "Implementing_company": "العبد", "Start": "2017-05-23 00:00:00+00:00", "End": "2018-02-22 00:00:00+00:00", "Northing": "30° 15' 56.2\" N", "Easting": "031° 31' 43.81\" E", "Google_Map": "https://www.google.com/maps/search/?api=1&query=031° 31' 43.81\" E,30° 15' 56.2\" N", "GL": 157.9, "IL": 156.3, "Depth": 1.5999999999999943, "Manufacturing_Material": "الزهر المرن"}, "geometry": {"type": "Point", "coordinates": [31.528991324986524, 30.265648907274354, 0.0]}}, {"type": "Feature", "properties": {"ID": "916", "Diameter": 100, "Sectors": "القطاع السادس عشر", "Implementing_company": "العبد", "Start": "2017-05-23 00:00:00+00:00", "End": "2018-02-22 00:00:00+00:00", "Northing": "30° 15' 55.84\" N", "Easting": "031° 31' 45.26\" E", "Google_Map": "https://www.google.com/maps/search/?api=1&query=031° 31' 45.26\" E,30° 15' 55.84\" N", "GL": 155.03, "IL": 153.43, "Depth": 1.5999999999999943, "Manufacturing_Material": "الزهر المرن"}, "geometry": {"type": "Point", "coordinates": [31.529393828622464, 30.265548652742552, 0.0]}}, {"type": "Feature", "properties": {"ID": "917", "Diameter": 100, "Sectors": "القطاع السادس عشر", "Implementing_company": "العبد", "Start": "2017-05-23 00:00:00+00:00", "End": "2018-02-22 00:00:00+00:00", "Northing": "30° 15' 55.57\" N", "Easting": "031° 31' 46.29\" E", "Google_Map": "https://www.google.com/maps/search/?api=1&query=031° 31' 46.29\" E,30° 15' 55.57\" N", "GL": 155.03, "IL": 153.43, "Depth": 1.5999999999999943, "Manufacturing_Material": "الزهر المرن"}, "geometry": {"type": "Point", "coordinates": [31.52967849243814, 30.265472695023227, 0.0]}}, {"type": "Feature", "properties": {"ID": "918", "Diameter": 100, "Sectors": "القطاع السادس عشر", "Implementing_company": "العبد", "Start": "2017-05-23 00:00:00+00:00", "End": "2018-02-22 00:00:00+00:00", "Northing": "30° 15' 55.3\" N", "Easting": "031° 31' 47.3\" E", "Google_Map": "https://www.google.com/maps/search/?api=1&query=031° 31' 47.3\" E,30° 15' 55.3\" N", "GL": 155.03, "IL": 153.43, "Depth": 1.5999999999999943, "Manufacturing_Material": "الزهر المرن"}, "geometry": {"type": "Point", "coordinates": [31.529958965159512, 30.265396800526386, 0.0]}}, {"type": "Feature", "properties": {"ID": "919", "Diameter": 100, "Sectors": "القطاع السادس عشر", "Implementing_company": "العبد", "Start": "2017-05-23 00:00:00+00:00", "End": "2018-02-22 00:00:00+00:00", "Northing": "30° 15' 54.94\" N", "Easting": "031° 31' 48.63\" E", "Google_Map": "https://www.google.com/maps/search/?api=1&query=031° 31' 48.63\" E,30° 15' 54.94\" N", "GL": 157.4, "IL": 155.8, "Depth": 1.5999999999999943, "Manufacturing_Material": "الزهر المرن"}, "geometry": {"type": "Point", "coordinates": [31.530328418405094, 30.26529682729652, 0.0]}}, {"type": "Feature", "properties": {"ID": "920", "Diameter": 100, "Sectors": "القطاع السادس عشر", "Implementing_company": "العبد", "Start": "2017-05-23 00:00:00+00:00", "End": "2018-02-22 00:00:00+00:00", "Northing": "30° 15' 56.78\" N", "Easting": "031° 31' 47.63\" E", "Google_Map": "https://www.google.com/maps/search/?api=1&query=031° 31' 47.63\" E,30° 15' 56.78\" N", "GL": 155.03, "IL": 153.43, "Depth": 1.5999999999999943, "Manufacturing_Material": "الزهر المرن"}, "geometry": {"type": "Point", "coordinates": [31.5300514073127, 30.26580961062915, 0.0]}}, {"type": "Feature", "properties": {"ID": "921", "Diameter": 100, "Sectors": "القطاع السادس عشر", "Implementing_company": "العبد", "Start": "2017-05-23 00:00:00+00:00", "End": "2018-02-22 00:00:00+00:00", "Northing": "30° 15' 57.04\" N", "Easting": "031° 31' 46.7\" E", "Google_Map": "https://www.google.com/maps/search/?api=1&query=031° 31' 46.7\" E,30° 15' 57.04\" N", "GL": 155.03, "IL": 153.43, "Depth": 1.5999999999999943, "Manufacturing_Material": "الزهر المرن"}, "geometry": {"type": "Point", "coordinates": [31.529793621301568, 30.265879965337426, 0.0]}}, {"type": "Feature", "properties": {"ID": "922", "Diameter": 100, "Sectors": "القطاع السادس عشر", "Implementing_company": "العبد", "Start": "2017-05-23 00:00:00+00:00", "End": "2018-02-22 00:00:00+00:00", "Northing": "30° 15' 57.28\" N", "Easting": "031° 31' 45.79\" E", "Google_Map": "https://www.google.com/maps/search/?api=1&query=031° 31' 45.79\" E,30° 15' 57.28\" N", "GL": 155.03, "IL": 153.43, "Depth": 1.5999999999999943, "Manufacturing_Material": "الزهر المرن"}, "geometry": {"type": "Point", "coordinates": [31.529540816734528, 30.26594895989082, 0.0]}}, {"type": "Feature", "properties": {"ID": "923", "Diameter": 100, "Sectors": "القطاع السادس عشر", "Implementing_company": "العبد", "Start": "2017-05-23 00:00:00+00:00", "End": "2018-02-22 00:00:00+00:00", "Northing": "30° 15' 56.68\" N", "Easting": "031° 31' 49.85\" E", "Google_Map": "https://www.google.com/maps/search/?api=1&query=031° 31' 49.85\" E,30° 15' 56.68\" N", "GL": 157.16, "IL": 155.56, "Depth": 1.5999999999999943, "Manufacturing_Material": "الزهر المرن"}, "geometry": {"type": "Point", "coordinates": [31.530668301544317, 30.265779696911146, 0.0]}}, {"type": "Feature", "properties": {"ID": "924", "Diameter": 100, "Sectors": "القطاع السادس عشر", "Implementing_company": "العبد", "Start": "2017-05-23 00:00:00+00:00", "End": "2018-02-22 00:00:00+00:00", "Northing": "30° 15' 55.6\" N", "Easting": "031° 31' 49.51\" E", "Google_Map": "https://www.google.com/maps/search/?api=1&query=031° 31' 49.51\" E,30° 15' 55.6\" N", "GL": 157.16, "IL": 155.56, "Depth": 1.5999999999999943, "Manufacturing_Material": "الزهر المرن"}, "geometry": {"type": "Point", "coordinates": [31.53057392078586, 30.265481282800643, 0.0]}}, {"type": "Feature", "properties": {"ID": "925", "Diameter": 50, "Sectors": "القطاع السادس عشر", "Implementing_company": "العبد", "Start": "2017-05-23 00:00:00+00:00", "End": "2018-02-22 00:00:00+00:00", "Northing": "30° 15' 55.48\" N", "Easting": "031° 31' 49.24\" E", "Google_Map": "https://www.google.com/maps/search/?api=1&query=031° 31' 49.24\" E,30° 15' 55.48\" N", "GL": 157.16, "IL": 155.56, "Depth": 1.5999999999999943, "Manufacturing_Material": "الزهر المرن"}, "geometry": {"type": "Point", "coordinates": [31.530499395181653, 30.265448150741445, 0.0]}}, {"type": "Feature", "properties": {"ID": "926", "Diameter": 100, "Sectors": "القطاع السادس عشر", "Implementing_company": "العبد", "Start": "2017-05-23 00:00:00+00:00", "End": "2018-02-22 00:00:00+00:00", "Northing": "30° 15' 54.6\" N", "Easting": "031° 31' 49.2\" E", "Google_Map": "https://www.google.com/maps/search/?api=1&query=031° 31' 49.2\" E,30° 15' 54.6\" N", "GL": 157.4, "IL": 155.8, "Depth": 1.5999999999999943, "Manufacturing_Material": "الزهر المرن"}, "geometry": {"type": "Point", "coordinates": [31.530486010144326, 30.265203327028406, 0.0]}}, {"type": "Feature", "properties": {"ID": "927", "Diameter": 100, "Sectors": "القطاع السادس عشر", "Implementing_company": "العبد", "Start": "2017-05-23 00:00:00+00:00", "End": "2018-02-22 00:00:00+00:00", "Northing": "30° 15' 53.55\" N", "Easting": "031° 31' 48.86\" E", "Google_Map": "https://www.google.com/maps/search/?api=1&query=031° 31' 48.86\" E,30° 15' 53.55\" N", "GL": 157.4, "IL": 155.8, "Depth": 1.5999999999999943, "Manufacturing_Material": "الزهر المرن"}, "geometry": {"type": "Point", "coordinates": [31.530393420205304, 30.26491057397573, 0.0]}}, {"type": "Feature", "properties": {"ID": "928", "Diameter": 100, "Sectors": "القطاع السادس عشر", "Implementing_company": "العبد", "Start": "2017-05-23 00:00:00+00:00", "End": "2018-02-22 00:00:00+00:00", "Northing": "30° 15' 54.59\" N", "Easting": "031° 31' 52.78\" E", "Google_Map": "https://www.google.com/maps/search/?api=1&query=031° 31' 52.78\" E,30° 15' 54.59\" N", "GL": 157.69, "IL": 156.08999999999997, "Depth": 1.6000000000000227, "Manufacturing_Material": "الزهر المرن"}, "geometry": {"type": "Point", "coordinates": [31.531480542270238, 30.265201160423686, 0.0]}}, {"type": "Feature", "properties": {"ID": "929", "Diameter": 100, "Sectors": "القطاع السادس عشر", "Implementing_company": "العبد", "Start": "2017-05-23 00:00:00+00:00", "End": "2018-02-22 00:00:00+00:00", "Northing": "30° 15' 55.18\" N", "Easting": "031° 31' 52.95\" E", "Google_Map": "https://www.google.com/maps/search/?api=1&query=031° 31' 52.95\" E,30° 15' 55.18\" N", "GL": 157.69, "IL": 156.08999999999997, "Depth": 1.6000000000000227, "Manufacturing_Material": "الزهر المرن"}, "geometry": {"type": "Point", "coordinates": [31.531529864891027, 30.26536510247938, 0.0]}}, {"type": "Feature", "properties": {"ID": "930", "Diameter": 100, "Sectors": "القطاع السادس عشر", "Implementing_company": "العبد", "Start": "2017-05-23 00:00:00+00:00", "End": "2018-02-22 00:00:00+00:00", "Northing": "30° 15' 56.01\" N", "Easting": "031° 31' 53.2\" E", "Google_Map": "https://www.google.com/maps/search/?api=1&query=031° 31' 53.2\" E,30° 15' 56.01\" N", "GL": 157.69, "IL": 156.08999999999997, "Depth": 1.6000000000000227, "Manufacturing_Material": "الزهر المرن"}, "geometry": {"type": "Point", "coordinates": [31.531599116825504, 30.265595286757428, 0.0]}}, {"type": "Feature", "properties": {"ID": "931", "Diameter": 100, "Sectors": "القطاع السادس عشر", "Implementing_company": "العبد", "Start": "2017-05-23 00:00:00+00:00", "End": "2018-02-22 00:00:00+00:00", "Northing": "30° 15' 57.67\" N", "Easting": "031° 31' 53.7\" E", "Google_Map": "https://www.google.com/maps/search/?api=1&query=031° 31' 53.7\" E,30° 15' 57.67\" N", "GL": 157.54500000000002, "IL": 155.945, "Depth": 1.6000000000000227, "Manufacturing_Material": "الزهر المرن"}, "geometry": {"type": "Point", "coordinates": [31.53173783755326, 30.266056375028448, 0.0]}}, {"type": "Feature", "properties": {"ID": "932", "Diameter": 100, "Sectors": "القطاع السادس عشر", "Implementing_company": "العبد", "Start": "2017-05-23 00:00:00+00:00", "End": "2018-02-22 00:00:00+00:00", "Northing": "30° 15' 59.12\" N", "Easting": "031° 31' 54.12\" E", "Google_Map": "https://www.google.com/maps/search/?api=1&query=031° 31' 54.12\" E,30° 15' 59.12\" N", "GL": 157.54500000000002, "IL": 155.945, "Depth": 1.6000000000000227, "Manufacturing_Material": "الزهر المرن"}, "geometry": {"type": "Point", "coordinates": [31.531854767235334, 30.266459022152105, 0.0]}}, {"type": "Feature", "properties": {"ID": "933", "Diameter": 100, "Sectors": "القطاع السادس عشر", "Implementing_company": "العبد", "Start": "2017-05-23 00:00:00+00:00", "End": "2018-02-22 00:00:00+00:00", "Northing": "30° 16' 1.33\" N", "Easting": "031° 31' 54.76\" E", "Google_Map": "https://www.google.com/maps/search/?api=1&query=031° 31' 54.76\" E,30° 16' 1.33\" N", "GL": 157.54500000000002, "IL": 155.945, "Depth": 1.6000000000000227, "Manufacturing_Material": "الزهر المرن"}, "geometry": {"type": "Point", "coordinates": [31.53203215908647, 30.26707365569429, 0.0]}}, {"type": "Feature", "properties": {"ID": "934", "Diameter": 100, "Sectors": "القطاع السادس عشر", "Implementing_company": "العبد", "Start": "2017-05-23 00:00:00+00:00", "End": "2018-02-22 00:00:00+00:00", "Northing": "30° 16' 1.54\" N", "Easting": "031° 31' 54.82\" E", "Google_Map": "https://www.google.com/maps/search/?api=1&query=031° 31' 54.82\" E,30° 16' 1.54\" N", "GL": 154.52, "IL": 152.92, "Depth": 1.6000000000000227, "Manufacturing_Material": "الزهر المرن"}, "geometry": {"type": "Point", "coordinates": [31.532048437163905, 30.267130056897834, 0.0]}}, {"type": "Feature", "properties": {"ID": "935", "Diameter": 100, "Sectors": "القطاع السادس عشر", "Implementing_company": "العبد", "Start": "2017-05-23 00:00:00+00:00", "End": "2018-02-22 00:00:00+00:00", "Northing": "30° 15' 53.24\" N", "Easting": "031° 31' 54.67\" E", "Google_Map": "https://www.google.com/maps/search/?api=1&query=031° 31' 54.67\" E,30° 15' 53.24\" N", "GL": 158.22, "IL": 156.62, "Depth": 1.5999999999999943, "Manufacturing_Material": "الزهر المرن"}, "geometry": {"type": "Point", "coordinates": [31.53200754485559, 30.264825841831097, 0.0]}}, {"type": "Feature", "properties": {"ID": "936", "Diameter": 100, "Sectors": "القطاع السادس عشر", "Implementing_company": "العبد", "Start": "2017-05-23 00:00:00+00:00", "End": "2018-02-22 00:00:00+00:00", "Northing": "30° 15' 55.8\" N", "Easting": "031° 31' 55.48\" E", "Google_Map": "https://www.google.com/maps/search/?api=1&query=031° 31' 55.48\" E,30° 15' 55.8\" N", "GL": 157.69, "IL": 156.08999999999997, "Depth": 1.6000000000000227, "Manufacturing_Material": "الزهر المرن"}, "geometry": {"type": "Point", "coordinates": [31.53223095345599, 30.265536599292563, 0.0]}}, {"type": "Feature", "properties": {"ID": "937", "Diameter": 100, "Sectors": "القطاع السادس عشر", "Implementing_company": "العبد", "Start": "2017-05-23 00:00:00+00:00", "End": "2018-02-22 00:00:00+00:00", "Northing": "30° 15' 51.9\" N", "Easting": "031° 31' 54.25\" E", "Google_Map": "https://www.google.com/maps/search/?api=1&query=031° 31' 54.25\" E,30° 15' 51.9\" N", "GL": 158.22, "IL": 156.62, "Depth": 1.5999999999999943, "Manufacturing_Material": "الزهر المرن"}, "geometry": {"type": "Point", "coordinates": [31.53189046402842, 30.264453356196597, 0.0]}}, {"type": "Feature", "properties": {"ID": "938", "Diameter": 100, "Sectors": "القطاع السادس عشر", "Implementing_company": "العبد", "Start": "2017-05-23 00:00:00+00:00", "End": "2018-02-22 00:00:00+00:00", "Northing": "30° 16' 4.26\" N", "Easting": "031° 31' 42.73\" E", "Google_Map": "https://www.google.com/maps/search/?api=1&query=031° 31' 42.73\" E,30° 16' 4.26\" N", "GL": 157.51, "IL": 155.91, "Depth": 1.5999999999999943, "Manufacturing_Material": "الزهر المرن"}, "geometry": {"type": "Point", "coordinates": [31.528688829900727, 30.2678869104444, 0.0]}}, {"type": "Feature", "properties": {"ID": "939", "Diameter": 100, "Sectors": "القطاع السادس عشر", "Implementing_company": "العبد", "Start": "2017-05-23 00:00:00+00:00", "End": "2018-02-22 00:00:00+00:00", "Northing": "30° 16' 2.75\" N", "Easting": "031° 31' 42.73\" E", "Google_Map": "https://www.google.com/maps/search/?api=1&query=031° 31' 42.73\" E,30° 16' 2.75\" N", "GL": 157.51, "IL": 155.91, "Depth": 1.5999999999999943, "Manufacturing_Material": "الزهر المرن"}, "geometry": {"type": "Point", "coordinates": [31.528689335682895, 30.26746794311404, 100.0850000000064]}}, {"type": "Feature", "properties": {"ID": "940", "Diameter": 100, "Sectors": "القطاع السادس عشر", "Implementing_company": "العبد", "Start": "2017-05-23 00:00:00+00:00", "End": "2018-02-22 00:00:00+00:00", "Northing": "30° 15' 51.91\" N", "Easting": "031° 31' 51.97\" E", "Google_Map": "https://www.google.com/maps/search/?api=1&query=031° 31' 51.97\" E,30° 15' 51.91\" N", "GL": 158.22, "IL": 156.62, "Depth": 1.5999999999999943, "Manufacturing_Material": "الزهر المرن"}, "geometry": {"type": "Point", "coordinates": [31.53125599654673, 30.264454784357117, 0.0]}}, {"type": "Feature", "properties": {"ID": "941", "Diameter": 100, "Sectors": "القطاع السابع عشر", "Implementing_company": "العبد", "Start": "2017-05-23 00:00:00+00:00", "End": "2018-02-22 00:00:00+00:00", "Northing": "30° 16' 10.39\" N", "Easting": "031° 31' 26.26\" E", "Google_Map": "https://www.google.com/maps/search/?api=1&query=031° 31' 26.26\" E,30° 16' 10.39\" N", "GL": 158.45, "IL": 156.85, "Depth": 1.5999999999999943, "Manufacturing_Material": "الزهر المرن"}, "geometry": {"type": "Point", "coordinates": [31.524115028346092, 30.269588666806648, 0.0]}}, {"type": "Feature", "properties": {"ID": "942", "Diameter": 100, "Sectors": "القطاع السادس عشر", "Implementing_company": "العبد", "Start": "2017-05-23 00:00:00+00:00", "End": "2018-02-22 00:00:00+00:00", "Northing": "30° 16' 2.68\" N", "Easting": "031° 31' 42.7\" E", "Google_Map": "https://www.google.com/maps/search/?api=1&query=031° 31' 42.7\" E,30° 16' 2.68\" N", "GL": 158.21, "IL": 156.61, "Depth": 1.5999999999999943, "Manufacturing_Material": "الزهر المرن"}, "geometry": {"type": "Point", "coordinates": [31.528682218832138, 30.267446686195132, 100.0850000000064]}}, {"type": "Feature", "properties": {"ID": "943", "Diameter": 100, "Sectors": "القطاع السابع عشر", "Implementing_company": "العبد", "Start": "2017-05-23 00:00:00+00:00", "End": "2018-02-22 00:00:00+00:00", "Northing": "30° 16' 7.45\" N", "Easting": "031° 31' 36.88\" E", "Google_Map": "https://www.google.com/maps/search/?api=1&query=031° 31' 36.88\" E,30° 16' 7.45\" N", "GL": 162.16, "IL": 160.56, "Depth": 1.5999999999999943, "Manufacturing_Material": "الزهر المرن"}, "geometry": {"type": "Point", "coordinates": [31.527066058083513, 30.2687731723143, 0.0]}}, {"type": "Feature", "properties": {"ID": "944", "Diameter": 100, "Sectors": "القطاع السابع عشر", "Implementing_company": "العبد", "Start": "2017-05-23 00:00:00+00:00", "End": "2018-02-22 00:00:00+00:00", "Northing": "30° 16' 9.16\" N", "Easting": "031° 31' 30.71\" E", "Google_Map": "https://www.google.com/maps/search/?api=1&query=031° 31' 30.71\" E,30° 16' 9.16\" N", "GL": 159.86, "IL": 158.26, "Depth": 1.6000000000000227, "Manufacturing_Material": "الزهر المرن"}, "geometry": {"type": "Point", "coordinates": [31.525351610400897, 30.269246956889322, 0.0]}}, {"type": "Feature", "properties": {"ID": "945", "Diameter": 100, "Sectors": "القطاع السادس عشر", "Implementing_company": "مختار إبراهيم", "Start": "2017-06-13 00:00:00+00:00", "End": "2018-03-12 00:00:00+00:00", "Northing": "30° 16' 15.69\" N", "Easting": "031° 31' 58.01\" E", "Google_Map": "https://www.google.com/maps/search/?api=1&query=031° 31' 58.01\" E,30° 16' 15.69\" N", "GL": 156.43, "IL": 154.83, "Depth": 1.5999999999999943, "Manufacturing_Material": "الزهر المرن"}, "geometry": {"type": "Point", "coordinates": [31.532933469063725, 30.27106143799876, 0.0]}}, {"type": "Feature", "properties": {"ID": "946", "Diameter": 100, "Sectors": "القطاع السادس عشر", "Implementing_company": "مختار إبراهيم", "Start": "2017-06-13 00:00:00+00:00", "End": "2018-03-12 00:00:00+00:00", "Northing": "30° 16' 11.55\" N", "Easting": "031° 31' 58.34\" E", "Google_Map": "https://www.google.com/maps/search/?api=1&query=031° 31' 58.34\" E,30° 16' 11.55\" N", "GL": 159.5, "IL": 157.9, "Depth": 1.5999999999999943, "Manufacturing_Material": "الزهر المرن"}, "geometry": {"type": "Point", "coordinates": [31.533024977814605, 30.269911422591633, 0.0]}}, {"type": "Feature", "properties": {"ID": "947", "Diameter": 100, "Sectors": "القطاع السابع عشر", "Implementing_company": "مختار إبراهيم", "Start": "2017-06-13 00:00:00+00:00", "End": "2018-03-12 00:00:00+00:00", "Northing": "30° 16' 23.45\" N", "Easting": "031° 31' 36.36\" E", "Google_Map": "https://www.google.com/maps/search/?api=1&query=031° 31' 36.36\" E,30° 16' 23.45\" N", "GL": 156.89, "IL": 155.29, "Depth": 1.5999999999999943, "Manufacturing_Material": "الزهر المرن"}, "geometry": {"type": "Point", "coordinates": [31.526921251836548, 30.273218324677714, 0.0]}}, {"type": "Feature", "properties": {"ID": "948", "Diameter": 100, "Sectors": "القطاع السابع عشر", "Implementing_company": "مختار إبراهيم", "Start": "2017-06-13 00:00:00+00:00", "End": "2018-03-12 00:00:00+00:00", "Northing": "30° 16' 22.07\" N", "Easting": "031° 31' 29.49\" E", "Google_Map": "https://www.google.com/maps/search/?api=1&query=031° 31' 29.49\" E,30° 16' 22.07\" N", "GL": 156.13, "IL": 154.53, "Depth": 1.5999999999999943, "Manufacturing_Material": "الزهر المرن"}, "geometry": {"type": "Point", "coordinates": [31.52501137855774, 30.27283305485066, 0.0]}}, {"type": "Feature", "properties": {"ID": "949", "Diameter": 100, "Sectors": "القطاع السابع عشر", "Implementing_company": "مختار إبراهيم", "Start": "2017-06-13 00:00:00+00:00", "End": "2018-03-12 00:00:00+00:00", "Northing": "30° 16' 17.17\" N", "Easting": "031° 31' 31.7\" E", "Google_Map": "https://www.google.com/maps/search/?api=1&query=031° 31' 31.7\" E,30° 16' 17.17\" N", "GL": 154.71, "IL": 153.11, "Depth": 1.5999999999999943, "Manufacturing_Material": "الزهر المرن"}, "geometry": {"type": "Point", "coordinates": [31.5256271702503, 30.271472287632037, 0.0]}}, {"type": "Feature", "properties": {"ID": "950", "Diameter": 100, "Sectors": "القطاع السابع عشر", "Implementing_company": "مختار إبراهيم", "Start": "2017-06-13 00:00:00+00:00", "End": "2018-03-12 00:00:00+00:00", "Northing": "30° 16' 17.52\" N", "Easting": "031° 31' 23.53\" E", "Google_Map": "https://www.google.com/maps/search/?api=1&query=031° 31' 23.53\" E,30° 16' 17.52\" N", "GL": 154.71, "IL": 153.11, "Depth": 1.5999999999999943, "Manufacturing_Material": "الزهر المرن"}, "geometry": {"type": "Point", "coordinates": [31.523357991777242, 30.271568852009008, 0.0]}}, {"type": "Feature", "properties": {"ID": "951", "Diameter": 100, "Sectors": "القطاع السادس عشر", "Implementing_company": "مختار إبراهيم", "Start": "2017-06-13 00:00:00+00:00", "End": "2018-03-12 00:00:00+00:00", "Northing": "30° 16' 19.86\" N", "Easting": "031° 31' 58.43\" E", "Google_Map": "https://www.google.com/maps/search/?api=1&query=031° 31' 58.43\" E,30° 16' 19.86\" N", "GL": 159.13, "IL": 157.53, "Depth": 1.5999999999999943, "Manufacturing_Material": "الزهر المرن"}, "geometry": {"type": "Point", "coordinates": [31.533051530800336, 30.272220543939277, 0.0]}}, {"type": "Feature", "properties": {"ID": "952", "Diameter": 100, "Sectors": "القطاع السادس عشر", "Implementing_company": "مختار إبراهيم", "Start": "2017-06-13 00:00:00+00:00", "End": "2018-03-12 00:00:00+00:00", "Northing": "30° 16' 19.81\" N", "Easting": "031° 31' 46.08\" E", "Google_Map": "https://www.google.com/maps/search/?api=1&query=031° 31' 46.08\" E,30° 16' 19.81\" N", "GL": 158.19, "IL": 156.59, "Depth": 1.5999999999999943, "Manufacturing_Material": "الزهر المرن"}, "geometry": {"type": "Point", "coordinates": [31.529620986739143, 30.272206303016937, 0.0]}}, {"type": "Feature", "properties": {"ID": "953", "Diameter": 100, "Sectors": "القطاع السادس عشر", "Implementing_company": "مختار إبراهيم", "Start": "2017-06-13 00:00:00+00:00", "End": "2018-03-12 00:00:00+00:00", "Northing": "30° 16' 19.71\" N", "Easting": "031° 31' 46.13\" E", "Google_Map": "https://www.google.com/maps/search/?api=1&query=031° 31' 46.13\" E,30° 16' 19.71\" N", "GL": 159.99, "IL": 158.39, "Depth": 1.6000000000000227, "Manufacturing_Material": "الزهر المرن"}, "geometry": {"type": "Point", "coordinates": [31.5296339158664, 30.272179133492678, 0.0]}}, {"type": "Feature", "properties": {"ID": "954", "Diameter": 100, "Sectors": "القطاع السادس عشر", "Implementing_company": "مختار إبراهيم", "Start": "2017-06-13 00:00:00+00:00", "End": "2018-03-12 00:00:00+00:00", "Northing": "30° 16' 32.33\" N", "Easting": "031° 31' 51.52\" E", "Google_Map": "https://www.google.com/maps/search/?api=1&query=031° 31' 51.52\" E,30° 16' 32.33\" N", "GL": 159.925, "IL": 158.325, "Depth": 1.6000000000000227, "Manufacturing_Material": "الزهر المرن"}, "geometry": {"type": "Point", "coordinates": [31.531131702259195, 30.275683848562533, 0.0]}}, {"type": "Feature", "properties": {"ID": "955", "Diameter": 150, "Sectors": "القطاع السادس عشر", "Implementing_company": "مختار إبراهيم", "Start": "2017-06-13 00:00:00+00:00", "End": "2018-03-12 00:00:00+00:00", "Northing": "30° 16' 30.79\" N", "Easting": "031° 31' 47.12\" E", "Google_Map": "https://www.google.com/maps/search/?api=1&query=031° 31' 47.12\" E,30° 16' 30.79\" N", "GL": 157.95, "IL": 156.35, "Depth": 1.5999999999999943, "Manufacturing_Material": "الزهر المرن"}, "geometry": {"type": "Point", "coordinates": [31.52991060361436, 30.27525582414408, 0.0]}}, {"type": "Feature", "properties": {"ID": "956", "Diameter": 150, "Sectors": "القطاع السادس عشر", "Implementing_company": "مختار إبراهيم", "Start": "2017-06-13 00:00:00+00:00", "End": "2018-03-12 00:00:00+00:00", "Northing": "30° 16' 29.91\" N", "Easting": "031° 31' 44.61\" E", "Google_Map": "https://www.google.com/maps/search/?api=1&query=031° 31' 44.61\" E,30° 16' 29.91\" N", "GL": 157.66, "IL": 156.06, "Depth": 1.5999999999999943, "Manufacturing_Material": "الزهر المرن"}, "geometry": {"type": "Point", "coordinates": [31.529212174659758, 30.27501099656856, 0.0]}}, {"type": "Feature", "properties": {"ID": "957", "Diameter": 150, "Sectors": "القطاع السادس عشر", "Implementing_company": "مختار إبراهيم", "Start": "2017-06-13 00:00:00+00:00", "End": "2018-03-12 00:00:00+00:00", "Northing": "30° 16' 28.99\" N", "Easting": "031° 31' 42.03\" E", "Google_Map": "https://www.google.com/maps/search/?api=1&query=031° 31' 42.03\" E,30° 16' 28.99\" N", "GL": 156.92, "IL": 155.32, "Depth": 1.5999999999999943, "Manufacturing_Material": "الزهر المرن"}, "geometry": {"type": "Point", "coordinates": [31.52849677050739, 30.274756059458525, 0.0]}}, {"type": "Feature", "properties": {"ID": "958", "Diameter": 100, "Sectors": "القطاع السادس عشر", "Implementing_company": "مختار إبراهيم", "Start": "2017-06-13 00:00:00+00:00", "End": "2018-03-12 00:00:00+00:00", "Northing": "30° 16' 27.47\" N", "Easting": "031° 31' 37.8\" E", "Google_Map": "https://www.google.com/maps/search/?api=1&query=031° 31' 37.8\" E,30° 16' 27.47\" N", "GL": 156.92, "IL": 155.32, "Depth": 1.5999999999999943, "Manufacturing_Material": "الزهر المرن"}, "geometry": {"type": "Point", "coordinates": [31.527320266587374, 30.274334238168116, 0.0]}}, {"type": "Feature", "properties": {"ID": "959", "Diameter": 100, "Sectors": "القطاع السابع عشر", "Implementing_company": "مختار إبراهيم", "Start": "2017-06-13 00:00:00+00:00", "End": "2018-03-12 00:00:00+00:00", "Northing": "30° 16' 26.47\" N", "Easting": "031° 31' 35.0\" E", "Google_Map": "https://www.google.com/maps/search/?api=1&query=031° 31' 35.0\" E,30° 16' 26.47\" N", "GL": 156.89, "IL": 155.29, "Depth": 1.5999999999999943, "Manufacturing_Material": "الزهر المرن"}, "geometry": {"type": "Point", "coordinates": [31.52654224060908, 30.274055278796148, 0.0]}}, {"type": "Feature", "properties": {"ID": "960", "Diameter": 100, "Sectors": "القطاع السابع عشر", "Implementing_company": "مختار إبراهيم", "Start": "2017-06-13 00:00:00+00:00", "End": "2018-03-12 00:00:00+00:00", "Northing": "30° 16' 19.6\" N", "Easting": "031° 31' 38.11\" E", "Google_Map": "https://www.google.com/maps/search/?api=1&query=031° 31' 38.11\" E,30° 16' 19.6\" N", "GL": 157.90666666666667, "IL": 156.30666666666667, "Depth": 1.5999999999999943, "Manufacturing_Material": "الزهر المرن"}, "geometry": {"type": "Point", "coordinates": [31.527405884893508, 30.272148111210328, 0.0]}}, {"type": "Feature", "properties": {"ID": "961", "Diameter": 100, "Sectors": "القطاع السادس عشر", "Implementing_company": "مختار إبراهيم", "Start": "2017-06-13 00:00:00+00:00", "End": "2018-03-12 00:00:00+00:00", "Northing": "30° 16' 19.82\" N", "Easting": "031° 31' 38.71\" E", "Google_Map": "https://www.google.com/maps/search/?api=1&query=031° 31' 38.71\" E,30° 16' 19.82\" N", "GL": 158.0, "IL": 156.4, "Depth": 1.5999999999999943, "Manufacturing_Material": "الزهر المرن"}, "geometry": {"type": "Point", "coordinates": [31.527573683159552, 30.272207795907377, 0.0]}}, {"type": "Feature", "properties": {"ID": "962", "Diameter": 100, "Sectors": "القطاع السادس عشر", "Implementing_company": "مختار إبراهيم", "Start": "2017-06-13 00:00:00+00:00", "End": "2018-03-12 00:00:00+00:00", "Northing": "30° 16' 13.25\" N", "Easting": "031° 31' 44.19\" E", "Google_Map": "https://www.google.com/maps/search/?api=1&query=031° 31' 44.19\" E,30° 16' 13.25\" N", "GL": 157.39499999999998, "IL": 155.79500000000002, "Depth": 1.599999999999966, "Manufacturing_Material": "الزهر المرن"}, "geometry": {"type": "Point", "coordinates": [31.529095487461785, 30.2703826990453, 0.0]}}, {"type": "Feature", "properties": {"ID": "963", "Diameter": 100, "Sectors": "القطاع السابع عشر", "Implementing_company": "مختار إبراهيم", "Start": "2017-06-13 00:00:00+00:00", "End": "2018-03-12 00:00:00+00:00", "Northing": "30° 16' 24.18\" N", "Easting": "031° 31' 28.54\" E", "Google_Map": "https://www.google.com/maps/search/?api=1&query=031° 31' 28.54\" E,30° 16' 24.18\" N", "GL": 153.52, "IL": 151.92, "Depth": 1.6000000000000227, "Manufacturing_Material": "الزهر المرن"}, "geometry": {"type": "Point", "coordinates": [31.524747020492082, 30.2734187399413, 0.0]}}, {"type": "Feature", "properties": {"ID": "964", "Diameter": 100, "Sectors": "القطاع السادس عشر", "Implementing_company": "مختار إبراهيم", "Start": "2017-06-13 00:00:00+00:00", "End": "2018-03-12 00:00:00+00:00", "Northing": "30° 16' 21.75\" N", "Easting": "031° 31' 51.96\" E", "Google_Map": "https://www.google.com/maps/search/?api=1&query=031° 31' 51.96\" E,30° 16' 21.75\" N", "GL": 160.59, "IL": 158.99, "Depth": 1.5999999999999943, "Manufacturing_Material": "الزهر المرن"}, "geometry": {"type": "Point", "coordinates": [31.531254287236774, 30.272745580694174, 0.0]}}, {"type": "Feature", "properties": {"ID": "965", "Diameter": 100, "Sectors": "القطاع السادس عشر", "Implementing_company": "مختار إبراهيم", "Start": "2017-06-13 00:00:00+00:00", "End": "2018-03-12 00:00:00+00:00", "Northing": "30° 16' 26.24\" N", "Easting": "031° 31' 57.47\" E", "Google_Map": "https://www.google.com/maps/search/?api=1&query=031° 31' 57.47\" E,30° 16' 26.24\" N", "GL": 164.14, "IL": 162.54, "Depth": 1.5999999999999943, "Manufacturing_Material": "الزهر المرن"}, "geometry": {"type": "Point", "coordinates": [31.532784988104844, 30.273991419442687, 0.0]}}, {"type": "Feature", "properties": {"ID": "966", "Diameter": 100, "Sectors": "القطاع السادس عشر", "Implementing_company": "مختار إبراهيم", "Start": "2017-06-13 00:00:00+00:00", "End": "2018-03-12 00:00:00+00:00", "Northing": "30° 16' 14.68\" N", "Easting": "031° 31' 51.06\" E", "Google_Map": "https://www.google.com/maps/search/?api=1&query=031° 31' 51.06\" E,30° 16' 14.68\" N", "GL": 158.63, "IL": 157.03, "Depth": 1.5999999999999943, "Manufacturing_Material": "الزهر المرن"}, "geometry": {"type": "Point", "coordinates": [31.531004111078236, 30.270782001103292, 0.0]}}, {"type": "Feature", "properties": {"ID": "967", "Diameter": 100, "Sectors": "القطاع السادس عشر", "Implementing_company": "مختار إبراهيم", "Start": "2017-06-13 00:00:00+00:00", "End": "2018-03-12 00:00:00+00:00", "Northing": "30° 16' 14.22\" N", "Easting": "031° 31' 51.06\" E", "Google_Map": "https://www.google.com/maps/search/?api=1&query=031° 31' 51.06\" E,30° 16' 14.22\" N", "GL": 158.63, "IL": 157.03, "Depth": 1.5999999999999943, "Manufacturing_Material": "الزهر المرن"}, "geometry": {"type": "Point", "coordinates": [31.531003426006585, 30.270654509540996, 0.0]}}, {"type": "Feature", "properties": {"ID": "968", "Diameter": 100, "Sectors": "القطاع السابع عشر", "Implementing_company": "مختار إبراهيم", "Start": "2017-06-13 00:00:00+00:00", "End": "2018-03-12 00:00:00+00:00", "Northing": "30° 16' 14.91\" N", "Easting": "031° 31' 32.73\" E", "Google_Map": "https://www.google.com/maps/search/?api=1&query=031° 31' 32.73\" E,30° 16' 14.91\" N", "GL": 154.71, "IL": 153.11, "Depth": 1.5999999999999943, "Manufacturing_Material": "الزهر المرن"}, "geometry": {"type": "Point", "coordinates": [31.525910838552175, 30.27084542690087, 0.0]}}, {"type": "Feature", "properties": {"ID": "969", "Diameter": 100, "Sectors": "القطاع السابع عشر", "Implementing_company": "مختار إبراهيم", "Start": "2017-06-13 00:00:00+00:00", "End": "2018-03-12 00:00:00+00:00", "Northing": "30° 16' 19.82\" N", "Easting": "031° 31' 30.47\" E", "Google_Map": "https://www.google.com/maps/search/?api=1&query=031° 31' 30.47\" E,30° 16' 19.82\" N", "GL": 154.94, "IL": 153.34, "Depth": 1.5999999999999943, "Manufacturing_Material": "الزهر المرن"}, "geometry": {"type": "Point", "coordinates": [31.525283663922075, 30.27220766363738, 0.0]}}, {"type": "Feature", "properties": {"ID": "970", "Diameter": 100, "Sectors": "القطاع السابع عشر", "Implementing_company": "مختار إبراهيم", "Start": "2017-06-13 00:00:00+00:00", "End": "2018-03-12 00:00:00+00:00", "Northing": "30° 16' 17.98\" N", "Easting": "031° 31' 26.32\" E", "Google_Map": "https://www.google.com/maps/search/?api=1&query=031° 31' 26.32\" E,30° 16' 17.98\" N", "GL": 154.94, "IL": 153.34, "Depth": 1.5999999999999943, "Manufacturing_Material": "الزهر المرن"}, "geometry": {"type": "Point", "coordinates": [31.52413073228424, 30.27169822835668, 0.0]}}, {"type": "Feature", "properties": {"ID": "971", "Diameter": 100, "Sectors": "القطاع السادس عشر", "Implementing_company": "مختار إبراهيم", "Start": "2017-06-13 00:00:00+00:00", "End": "2018-03-12 00:00:00+00:00", "Northing": "30° 16' 23.85\" N", "Easting": "031° 31' 47.48\" E", "Google_Map": "https://www.google.com/maps/search/?api=1&query=031° 31' 47.48\" E,30° 16' 23.85\" N", "GL": 161.19, "IL": 159.59, "Depth": 1.5999999999999943, "Manufacturing_Material": "الزهر المرن"}, "geometry": {"type": "Point", "coordinates": [31.530009297893255, 30.27332890769626, 0.0]}}, {"type": "Feature", "properties": {"ID": "972", "Diameter": 100, "Sectors": "القطاع السادس عشر", "Implementing_company": "مختار إبراهيم", "Start": "2017-06-13 00:00:00+00:00", "End": "2018-03-12 00:00:00+00:00", "Northing": "30° 16' 14.63\" N", "Easting": "031° 31' 48.37\" E", "Google_Map": "https://www.google.com/maps/search/?api=1&query=031° 31' 48.37\" E,30° 16' 14.63\" N", "GL": 158.63, "IL": 157.03, "Depth": 1.5999999999999943, "Manufacturing_Material": "الزهر المرن"}, "geometry": {"type": "Point", "coordinates": [31.530256592979242, 30.270765854072394, 0.0]}}, {"type": "Feature", "properties": {"ID": "973", "Diameter": 100, "Sectors": "القطاع السادس عشر", "Implementing_company": "مختار إبراهيم", "Start": "2017-06-13 00:00:00+00:00", "End": "2018-03-12 00:00:00+00:00", "Northing": "30° 16' 15.69\" N", "Easting": "031° 31' 58.38\" E", "Google_Map": "https://www.google.com/maps/search/?api=1&query=031° 31' 58.38\" E,30° 16' 15.69\" N", "GL": 157.965, "IL": 156.365, "Depth": 1.5999999999999943, "Manufacturing_Material": "الزهر المرن"}, "geometry": {"type": "Point", "coordinates": [31.53303819616944, 30.271060937558254, 0.0]}}, {"type": "Feature", "properties": {"ID": "974", "Diameter": 150, "Sectors": "القطاع الثامن", "Implementing_company": null, "Start": null, "End": null, "Northing": "30° 15' 33.03\" N", "Easting": "031° 34' 36.95\" E", "Google_Map": "https://www.google.com/maps/search/?api=1&query=031° 34' 36.95\" E,30° 15' 33.03\" N", "GL": 163.5, "IL": 162.05, "Depth": 1.45, "Manufacturing_Material": null}, "geometry": {"type": "Point", "coordinates": [31.57693128769471, 30.25917385778056, 0.0]}}, {"type": "Feature", "properties": {"ID": "975", "Diameter": 100, "Sectors": "القطاع الثامن", "Implementing_company": null, "Start": null, "End": null, "Northing": "30° 15' 19.85\" N", "Easting": "031° 34' 38.12\" E", "Google_Map": "https://www.google.com/maps/search/?api=1&query=031° 34' 38.12\" E,30° 15' 19.85\" N", "GL": 151.68, "IL": 150.23000000000002, "Depth": 1.45, "Manufacturing_Material": null}, "geometry": {"type": "Point", "coordinates": [31.577254658237848, 30.25551450115168, 0.0]}}, {"type": "Feature", "properties": {"ID": "976", "Diameter": 100, "Sectors": "القطاع الثامن", "Implementing_company": null, "Start": null, "End": null, "Northing": "30° 15' 19.84\" N", "Easting": "031° 34' 37.83\" E", "Google_Map": "https://www.google.com/maps/search/?api=1&query=031° 34' 37.83\" E,30° 15' 19.84\" N", "GL": 151.68, "IL": 150.23000000000002, "Depth": 1.45, "Manufacturing_Material": null}, "geometry": {"type": "Point", "coordinates": [31.577174028383833, 30.255510871595096, 0.0]}}, {"type": "Feature", "properties": {"ID": "977", "Diameter": 100, "Sectors": "القطاع الثامن", "Implementing_company": null, "Start": null, "End": null, "Northing": "30° 15' 18.71\" N", "Easting": "031° 34' 15.03\" E", "Google_Map": "https://www.google.com/maps/search/?api=1&query=031° 34' 15.03\" E,30° 15' 18.71\" N", "GL": 141.73, "IL": 140.28, "Depth": 1.45, "Manufacturing_Material": null}, "geometry": {"type": "Point", "coordinates": [31.570842566759538, 30.25519601642862, 0.0]}}, {"type": "Feature", "properties": {"ID": "978", "Diameter": 100, "Sectors": "القطاع الثامن", "Implementing_company": null, "Start": null, "End": null, "Northing": "30° 15' 24.41\" N", "Easting": "031° 34' 12.1\" E", "Google_Map": "https://www.google.com/maps/search/?api=1&query=031° 34' 12.1\" E,30° 15' 24.41\" N", "GL": 146.39, "IL": 144.94, "Depth": 1.45, "Manufacturing_Material": null}, "geometry": {"type": "Point", "coordinates": [31.570027969166773, 30.25677994854611, 0.0]}}, {"type": "Feature", "properties": {"ID": "979", "Diameter": 100, "Sectors": "القطاع الثامن", "Implementing_company": null, "Start": null, "End": null, "Northing": "30° 15' 28.21\" N", "Easting": "031° 34' 10.4\" E", "Google_Map": "https://www.google.com/maps/search/?api=1&query=031° 34' 10.4\" E,30° 15' 28.21\" N", "GL": 146.79, "IL": 145.34, "Depth": 1.45, "Manufacturing_Material": null}, "geometry": {"type": "Point", "coordinates": [31.569554881533058, 30.257836014528106, 0.0]}}, {"type": "Feature", "properties": {"ID": "980", "Diameter": 100, "Sectors": "القطاع الثامن", "Implementing_company": null, "Start": null, "End": null, "Northing": "30° 15' 3.49\" N", "Easting": "031° 34' 38.96\" E", "Google_Map": "https://www.google.com/maps/search/?api=1&query=031° 34' 38.96\" E,30° 15' 3.49\" N", "GL": 135.45, "IL": 134.0, "Depth": 1.45, "Manufacturing_Material": null}, "geometry": {"type": "Point", "coordinates": [31.577489803838013, 30.25096981898606, 0.0]}}, {"type": "Feature", "properties": {"ID": "981", "Diameter": 100, "Sectors": "القطاع الثامن", "Implementing_company": null, "Start": null, "End": null, "Northing": "30° 15' 7.02\" N", "Easting": "031° 34' 38.93\" E", "Google_Map": "https://www.google.com/maps/search/?api=1&query=031° 34' 38.93\" E,30° 15' 7.02\" N", "GL": 137.67, "IL": 136.22, "Depth": 1.45, "Manufacturing_Material": null}, "geometry": {"type": "Point", "coordinates": [31.577480442367936, 30.251950488325402, 0.0]}}, {"type": "Feature", "properties": {"ID": "982", "Diameter": 100, "Sectors": "القطاع الثامن", "Implementing_company": null, "Start": null, "End": null, "Northing": "30° 15' 6.01\" N", "Easting": "031° 34' 19.89\" E", "Google_Map": "https://www.google.com/maps/search/?api=1&query=031° 34' 19.89\" E,30° 15' 6.01\" N", "GL": 133.83, "IL": 132.38000000000002, "Depth": 1.45, "Manufacturing_Material": null}, "geometry": {"type": "Point", "coordinates": [31.572192327355612, 30.25167018432779, 0.0]}}, {"type": "Feature", "properties": {"ID": "983", "Diameter": 100, "Sectors": "القطاع الثامن", "Implementing_company": null, "Start": null, "End": null, "Northing": "30° 15' 14.72\" N", "Easting": "031° 34' 31.9\" E", "Google_Map": "https://www.google.com/maps/search/?api=1&query=031° 34' 31.9\" E,30° 15' 14.72\" N", "GL": 144.08, "IL": 142.63000000000002, "Depth": 1.45, "Manufacturing_Material": null}, "geometry": {"type": "Point", "coordinates": [31.575527652431845, 30.25409007528616, 0.0]}}, {"type": "Feature", "properties": {"ID": "984", "Diameter": 100, "Sectors": "القطاع الثامن", "Implementing_company": null, "Start": null, "End": null, "Northing": "30° 15' 14.35\" N", "Easting": "031° 34' 24.74\" E", "Google_Map": "https://www.google.com/maps/search/?api=1&query=031° 34' 24.74\" E,30° 15' 14.35\" N", "GL": 141.91, "IL": 140.46, "Depth": 1.45, "Manufacturing_Material": null}, "geometry": {"type": "Point", "coordinates": [31.573537980216138, 30.253986509579526, 0.0]}}, {"type": "Feature", "properties": {"ID": "985", "Diameter": 100, "Sectors": "القطاع الثامن", "Implementing_company": null, "Start": null, "End": null, "Northing": "30° 15' 6.32\" N", "Easting": "031° 34' 25.29\" E", "Google_Map": "https://www.google.com/maps/search/?api=1&query=031° 34' 25.29\" E,30° 15' 6.32\" N", "GL": 135.19, "IL": 133.74, "Depth": 1.45, "Manufacturing_Material": null}, "geometry": {"type": "Point", "coordinates": [31.573691781920875, 30.251756298696186, 0.0]}}, {"type": "Feature", "properties": {"ID": "986", "Diameter": 100, "Sectors": "القطاع الثامن", "Implementing_company": null, "Start": null, "End": null, "Northing": "30° 15' 6.7\" N", "Easting": "031° 34' 32.43\" E", "Google_Map": "https://www.google.com/maps/search/?api=1&query=031° 34' 32.43\" E,30° 15' 6.7\" N", "GL": 137.09, "IL": 135.64000000000001, "Depth": 1.45, "Manufacturing_Material": null}, "geometry": {"type": "Point", "coordinates": [31.575676122591677, 30.251860022989753, 0.0]}}, {"type": "Feature", "properties": {"ID": "987", "Diameter": 100, "Sectors": "القطاع الثامن", "Implementing_company": null, "Start": null, "End": null, "Northing": "30° 15' 15.37\" N", "Easting": "031° 34' 38.38\" E", "Google_Map": "https://www.google.com/maps/search/?api=1&query=031° 34' 38.38\" E,30° 15' 15.37\" N", "GL": 145.62, "IL": 144.17000000000002, "Depth": 1.45, "Manufacturing_Material": null}, "geometry": {"type": "Point", "coordinates": [31.57732862472941, 30.254270078688815, 0.0]}}, {"type": "Feature", "properties": {"ID": "988", "Diameter": 100, "Sectors": "القطاع الثامن", "Implementing_company": null, "Start": null, "End": null, "Northing": "30° 15' 14.29\" N", "Easting": "031° 34' 17.01\" E", "Google_Map": "https://www.google.com/maps/search/?api=1&query=031° 34' 17.01\" E,30° 15' 14.29\" N", "GL": 138.45, "IL": 137.0, "Depth": 1.45, "Manufacturing_Material": null}, "geometry": {"type": "Point", "coordinates": [31.5713917461491, 30.25396930798285, 0.0]}}, {"type": "Feature", "properties": {"ID": "989", "Diameter": 100, "Sectors": "القطاع الثامن", "Implementing_company": null, "Start": null, "End": null, "Northing": "30° 15' 19.14\" N", "Easting": "031° 34' 22.39\" E", "Google_Map": "https://www.google.com/maps/search/?api=1&query=031° 34' 22.39\" E,30° 15' 19.14\" N", "GL": 145.41, "IL": 143.96, "Depth": 1.45, "Manufacturing_Material": null}, "geometry": {"type": "Point", "coordinates": [31.572885844018863, 30.25531778781779, 0.0]}}, {"type": "Feature", "properties": {"ID": "990", "Diameter": 100, "Sectors": "القطاع الثامن", "Implementing_company": null, "Start": null, "End": null, "Northing": "30° 15' 32.68\" N", "Easting": "031° 34' 21.37\" E", "Google_Map": "https://www.google.com/maps/search/?api=1&query=031° 34' 21.37\" E,30° 15' 32.68\" N", "GL": 153.79, "IL": 152.34, "Depth": 1.45, "Manufacturing_Material": null}, "geometry": {"type": "Point", "coordinates": [31.572602959990977, 30.2590764287161, 0.0]}}, {"type": "Feature", "properties": {"ID": "991", "Diameter": 100, "Sectors": "القطاع الثامن", "Implementing_company": null, "Start": null, "End": null, "Northing": "30° 15' 19.16\" N", "Easting": "031° 34' 17.94\" E", "Google_Map": "https://www.google.com/maps/search/?api=1&query=031° 34' 17.94\" E,30° 15' 19.16\" N", "GL": 143.27, "IL": 141.82000000000002, "Depth": 1.45, "Manufacturing_Material": null}, "geometry": {"type": "Point", "coordinates": [31.571650363213784, 30.255322824630117, 0.0]}}, {"type": "Feature", "properties": {"ID": "992", "Diameter": 100, "Sectors": "القطاع الثامن", "Implementing_company": null, "Start": null, "End": null, "Northing": "30° 15' 32.44\" N", "Easting": "031° 34' 17.08\" E", "Google_Map": "https://www.google.com/maps/search/?api=1&query=031° 34' 17.08\" E,30° 15' 32.44\" N", "GL": 151.08, "IL": 149.63000000000002, "Depth": 1.45, "Manufacturing_Material": null}, "geometry": {"type": "Point", "coordinates": [31.571409967607348, 30.259011859507343, 0.0]}}, {"type": "Feature", "properties": {"ID": "993", "Diameter": 100, "Sectors": "القطاع الثامن", "Implementing_company": null, "Start": null, "End": null, "Northing": "30° 15' 27.9\" N", "Easting": "031° 34' 10.54\" E", "Google_Map": "https://www.google.com/maps/search/?api=1&query=031° 34' 10.54\" E,30° 15' 27.9\" N", "GL": 146.79, "IL": 145.34, "Depth": 1.45, "Manufacturing_Material": null}, "geometry": {"type": "Point", "coordinates": [31.569593692219563, 30.25774937775822, 0.0]}}, {"type": "Feature", "properties": {"ID": "994", "Diameter": 100, "Sectors": "القطاع الثامن", "Implementing_company": null, "Start": null, "End": null, "Northing": "30° 15' 29.5\" N", "Easting": "031° 34' 17.26\" E", "Google_Map": "https://www.google.com/maps/search/?api=1&query=031° 34' 17.26\" E,30° 15' 29.5\" N", "GL": 150.55, "IL": 149.10000000000002, "Depth": 1.45, "Manufacturing_Material": null}, "geometry": {"type": "Point", "coordinates": [31.571460498654282, 30.258195692748252, 0.0]}}, {"type": "Feature", "properties": {"ID": "995", "Diameter": 100, "Sectors": "القطاع الثامن", "Implementing_company": null, "Start": null, "End": null, "Northing": "30° 15' 25.63\" N", "Easting": "031° 34' 17.22\" E", "Google_Map": "https://www.google.com/maps/search/?api=1&query=031° 34' 17.22\" E,30° 15' 25.63\" N", "GL": 151.21, "IL": 149.76000000000002, "Depth": 1.45, "Manufacturing_Material": null}, "geometry": {"type": "Point", "coordinates": [31.5714493632695, 30.257118673179594, 0.0]}}, {"type": "Feature", "properties": {"ID": "996", "Diameter": 100, "Sectors": "القطاع الثامن", "Implementing_company": null, "Start": null, "End": null, "Northing": "30° 15' 25.89\" N", "Easting": "031° 34' 21.96\" E", "Google_Map": "https://www.google.com/maps/search/?api=1&query=031° 34' 21.96\" E,30° 15' 25.89\" N", "GL": 152.72, "IL": 151.27, "Depth": 1.45, "Manufacturing_Material": null}, "geometry": {"type": "Point", "coordinates": [31.57276556932892, 30.257192954258784, 0.0]}}, {"type": "Feature", "properties": {"ID": "997", "Diameter": 100, "Sectors": "القطاع الثامن", "Implementing_company": null, "Start": null, "End": null, "Northing": "30° 15' 25.35\" N", "Easting": "031° 34' 21.95\" E", "Google_Map": "https://www.google.com/maps/search/?api=1&query=031° 34' 21.95\" E,30° 15' 25.35\" N", "GL": 152.74, "IL": 151.29000000000002, "Depth": 1.45, "Manufacturing_Material": null}, "geometry": {"type": "Point", "coordinates": [31.572763340761842, 30.257042167300817, 0.0]}}, {"type": "Feature", "properties": {"ID": "998", "Diameter": 100, "Sectors": "القطاع الثامن", "Implementing_company": null, "Start": null, "End": null, "Northing": "30° 15' 26.25\" N", "Easting": "031° 34' 37.64\" E", "Google_Map": "https://www.google.com/maps/search/?api=1&query=031° 34' 37.64\" E,30° 15' 26.25\" N", "GL": 158.19, "IL": 156.74, "Depth": 1.45, "Manufacturing_Material": null}, "geometry": {"type": "Point", "coordinates": [31.57712353529589, 30.25729302839191, 0.0]}}, {"type": "Feature", "properties": {"ID": "999", "Diameter": 100, "Sectors": "القطاع الثامن", "Implementing_company": null, "Start": null, "End": null, "Northing": "30° 15' 30.41\" N", "Easting": "031° 34' 37.34\" E", "Google_Map": "https://www.google.com/maps/search/?api=1&query=031° 34' 37.34\" E,30° 15' 30.41\" N", "GL": 161.37, "IL": 159.92000000000002, "Depth": 1.45, "Manufacturing_Material": null}, "geometry": {"type": "Point", "coordinates": [31.577040250473015, 30.258447968687488, 0.0]}}, {"type": "Feature", "properties": {"ID": "1000", "Diameter": 100, "Sectors": "القطاع الثامن", "Implementing_company": null, "Start": null, "End": null, "Northing": "30° 15' 29.57\" N", "Easting": "031° 34' 21.57\" E", "Google_Map": "https://www.google.com/maps/search/?api=1&query=031° 34' 21.57\" E,30° 15' 29.57\" N", "GL": 151.94, "IL": 150.49, "Depth": 1.45, "Manufacturing_Material": null}, "geometry": {"type": "Point", "coordinates": [31.57265912215253, 30.258215188879056, 0.0]}}, {"type": "Feature", "properties": {"ID": "1001", "Diameter": 100, "Sectors": "القطاع الثامن", "Implementing_company": null, "Start": null, "End": null, "Northing": "30° 15' 21.87\" N", "Easting": "031° 34' 38.0\" E", "Google_Map": "https://www.google.com/maps/search/?api=1&query=031° 34' 38.0\" E,30° 15' 21.87\" N", "GL": 154.64, "IL": 153.19, "Depth": 1.45, "Manufacturing_Material": null}, "geometry": {"type": "Point", "coordinates": [31.577221357324845, 30.256074768894837, 0.0]}}, {"type": "Feature", "properties": {"ID": "1002", "Diameter": 100, "Sectors": "القطاع الثامن", "Implementing_company": null, "Start": null, "End": null, "Northing": "30° 15' 21.18\" N", "Easting": "031° 34' 22.26\" E", "Google_Map": "https://www.google.com/maps/search/?api=1&query=031° 34' 22.26\" E,30° 15' 21.18\" N", "GL": 148.29, "IL": 146.84, "Depth": 1.45, "Manufacturing_Material": null}, "geometry": {"type": "Point", "coordinates": [31.572849612075633, 30.255883796366945, 0.0]}}, {"type": "Feature", "properties": {"ID": "1003", "Diameter": 100, "Sectors": "القطاع الثامن", "Implementing_company": null, "Start": null, "End": null, "Northing": "30° 15' 30.0\" N", "Easting": "031° 34' 29.65\" E", "Google_Map": "https://www.google.com/maps/search/?api=1&query=031° 34' 29.65\" E,30° 15' 30.0\" N", "GL": 156.51, "IL": 155.06, "Depth": 1.45, "Manufacturing_Material": null}, "geometry": {"type": "Point", "coordinates": [31.57490154991539, 30.25833435289951, 0.0]}}, {"type": "Feature", "properties": {"ID": "1004", "Diameter": 100, "Sectors": "القطاع الثامن", "Implementing_company": null, "Start": null, "End": null, "Northing": "30° 15' 21.46\" N", "Easting": "031° 34' 30.27\" E", "Google_Map": "https://www.google.com/maps/search/?api=1&query=031° 34' 30.27\" E,30° 15' 21.46\" N", "GL": 150.56, "IL": 149.11, "Depth": 1.45, "Manufacturing_Material": null}, "geometry": {"type": "Point", "coordinates": [31.575074831804596, 30.255961850185322, 0.0]}}, {"type": "Feature", "properties": {"ID": "1005", "Diameter": 100, "Sectors": "القطاع الثامن", "Implementing_company": null, "Start": null, "End": null, "Northing": "30° 15' 5.82\" N", "Easting": "031° 34' 19.63\" E", "Google_Map": "https://www.google.com/maps/search/?api=1&query=031° 34' 19.63\" E,30° 15' 5.82\" N", "GL": 133.83, "IL": 132.38000000000002, "Depth": 1.45, "Manufacturing_Material": null}, "geometry": {"type": "Point", "coordinates": [31.572119970602394, 30.251617024797042, 0.0]}}, {"type": "Feature", "properties": {"ID": "1006", "Diameter": 100, "Sectors": "القطاع الثامن", "Implementing_company": null, "Start": null, "End": null, "Northing": "30° 15' 25.55\" N", "Easting": "031° 34' 29.94\" E", "Google_Map": "https://www.google.com/maps/search/?api=1&query=031° 34' 29.94\" E,30° 15' 25.55\" N", "GL": 155.31, "IL": 153.86, "Depth": 1.45, "Manufacturing_Material": null}, "geometry": {"type": "Point", "coordinates": [31.574982143138847, 30.257096089203447, 0.0]}}, {"type": "Feature", "properties": {"ID": "1007", "Diameter": 100, "Sectors": "القطاع الثامن", "Implementing_company": null, "Start": null, "End": null, "Northing": "30° 15' 25.79\" N", "Easting": "031° 34' 29.92\" E", "Google_Map": "https://www.google.com/maps/search/?api=1&query=031° 34' 29.92\" E,30° 15' 25.79\" N", "GL": 155.31, "IL": 153.86, "Depth": 1.45, "Manufacturing_Material": null}, "geometry": {"type": "Point", "coordinates": [31.574976639077004, 30.257163436551686, 0.0]}}, {"type": "Feature", "properties": {"ID": "1008", "Diameter": 100, "Sectors": "القطاع الثامن", "Implementing_company": null, "Start": null, "End": null, "Northing": "30° 15' 18.45\" N", "Easting": "031° 34' 14.79\" E", "Google_Map": "https://www.google.com/maps/search/?api=1&query=031° 34' 14.79\" E,30° 15' 18.45\" N", "GL": 141.73, "IL": 140.28, "Depth": 1.45, "Manufacturing_Material": null}, "geometry": {"type": "Point", "coordinates": [31.570774087485937, 30.255126214626504, 0.0]}}, {"type": "Feature", "properties": {"ID": "1009", "Diameter": 100, "Sectors": "القطاع الثامن", "Implementing_company": null, "Start": null, "End": null, "Northing": "30° 15' 33.35\" N", "Easting": "031° 34' 36.55\" E", "Google_Map": "https://www.google.com/maps/search/?api=1&query=031° 34' 36.55\" E,30° 15' 33.35\" N", "GL": 163.5, "IL": 162.05, "Depth": 1.45, "Manufacturing_Material": null}, "geometry": {"type": "Point", "coordinates": [31.57681857626388, 30.25926525248796, 0.0]}}, {"type": "Feature", "properties": {"ID": "1010", "Diameter": 100, "Sectors": "القطاع الثامن", "Implementing_company": null, "Start": null, "End": null, "Northing": "30° 15' 20.33\" N", "Easting": "031° 34' 38.09\" E", "Google_Map": "https://www.google.com/maps/search/?api=1&query=031° 34' 38.09\" E,30° 15' 20.33\" N", "GL": 151.68, "IL": 150.23000000000002, "Depth": 1.45, "Manufacturing_Material": null}, "geometry": {"type": "Point", "coordinates": [31.57724682151583, 30.255646356882508, 0.0]}}, {"type": "Feature", "properties": {"ID": "1011", "Diameter": 100, "Sectors": "القطاع الثامن", "Implementing_company": null, "Start": null, "End": null, "Northing": "30° 15' 25.68\" N", "Easting": "031° 34' 21.95\" E", "Google_Map": "https://www.google.com/maps/search/?api=1&query=031° 34' 21.95\" E,30° 15' 25.68\" N", "GL": 152.72, "IL": 151.27, "Depth": 1.45, "Manufacturing_Material": null}, "geometry": {"type": "Point", "coordinates": [31.57276468377255, 30.257133007304397, 0.0]}}, {"type": "Feature", "properties": {"ID": "1012", "Diameter": 100, "Sectors": "القطاع الثامن", "Implementing_company": null, "Start": null, "End": null, "Northing": "30° 15' 25.33\" N", "Easting": "031° 34' 17.52\" E", "Google_Map": "https://www.google.com/maps/search/?api=1&query=031° 34' 17.52\" E,30° 15' 25.33\" N", "GL": 151.21, "IL": 149.76000000000002, "Depth": 1.45, "Manufacturing_Material": null}, "geometry": {"type": "Point", "coordinates": [31.5715345404137, 30.25703749418691, 0.0]}}, {"type": "Feature", "properties": {"ID": "1013", "Diameter": 450, "Sectors": "القطاع الثامن", "Implementing_company": null, "Start": null, "End": null, "Northing": "30° 15' 33.05\" N", "Easting": "031° 34' 11.4\" E", "Google_Map": "https://www.google.com/maps/search/?api=1&query=031° 34' 11.4\" E,30° 15' 33.05\" N", "GL": 148.7, "IL": 147.25, "Depth": 1.45, "Manufacturing_Material": null}, "geometry": {"type": "Point", "coordinates": [31.569832633163173, 30.259180525282197, 0.0]}}, {"type": "Feature", "properties": {"ID": "1014", "Diameter": 500, "Sectors": "القطاع الثامن", "Implementing_company": null, "Start": null, "End": null, "Northing": "30° 15' 33.08\" N", "Easting": "031° 34' 12.09\" E", "Google_Map": "https://www.google.com/maps/search/?api=1&query=031° 34' 12.09\" E,30° 15' 33.08\" N", "GL": 148.0, "IL": 146.55, "Depth": 1.45, "Manufacturing_Material": null}, "geometry": {"type": "Point", "coordinates": [31.570025181443985, 30.259188452978258, 0.0]}}, {"type": "Feature", "properties": {"ID": "1015", "Diameter": 225, "Sectors": "القطاع الثامن", "Implementing_company": null, "Start": null, "End": null, "Northing": "30° 15' 32.64\" N", "Easting": "031° 34' 13.06\" E", "Google_Map": "https://www.google.com/maps/search/?api=1&query=031° 34' 13.06\" E,30° 15' 32.64\" N", "GL": 149.0, "IL": 147.55, "Depth": 1.45, "Manufacturing_Material": null}, "geometry": {"type": "Point", "coordinates": [31.570294725932268, 30.259066611225606, 0.0]}}, {"type": "Feature", "properties": {"ID": "1016", "Diameter": 225, "Sectors": "القطاع الثامن", "Implementing_company": null, "Start": null, "End": null, "Northing": "30° 15' 32.61\" N", "Easting": "031° 34' 12.33\" E", "Google_Map": "https://www.google.com/maps/search/?api=1&query=031° 34' 12.33\" E,30° 15' 32.61\" N", "GL": 149.5, "IL": 148.05, "Depth": 1.45, "Manufacturing_Material": null}, "geometry": {"type": "Point", "coordinates": [31.57009032383383, 30.25905725247866, 0.0]}}, {"type": "Feature", "properties": {"ID": "1017", "Diameter": 110, "Sectors": "القطاع السابع", "Implementing_company": null, "Start": null, "End": null, "Northing": "30° 15' 23.7\" N", "Easting": "031° 34' 43.48\" E", "Google_Map": "https://www.google.com/maps/search/?api=1&query=031° 34' 43.48\" E,30° 15' 23.7\" N", "GL": 159.4, "IL": 157.95000000000002, "Depth": 1.45, "Manufacturing_Material": null}, "geometry": {"type": "Point", "coordinates": [31.578744357428906, 30.256582989046183, 0.0004999999946448952]}}, {"type": "Feature", "properties": {"ID": "1018", "Diameter": 110, "Sectors": "القطاع السابع", "Implementing_company": null, "Start": null, "End": null, "Northing": "30° 15' 23.58\" N", "Easting": "031° 34' 43.54\" E", "Google_Map": "https://www.google.com/maps/search/?api=1&query=031° 34' 43.54\" E,30° 15' 23.58\" N", "GL": 159.4, "IL": 157.95000000000002, "Depth": 1.45, "Manufacturing_Material": null}, "geometry": {"type": "Point", "coordinates": [31.578762252443134, 30.256550335455593, 0.0004999999946448952]}}, {"type": "Feature", "properties": {"ID": "1019", "Diameter": 110, "Sectors": "القطاع السابع", "Implementing_company": null, "Start": null, "End": null, "Northing": "30° 15' 20.66\" N", "Easting": "031° 34' 53.49\" E", "Google_Map": "https://www.google.com/maps/search/?api=1&query=031° 34' 53.49\" E,30° 15' 20.66\" N", "GL": 154.27, "IL": 152.82000000000002, "Depth": 1.45, "Manufacturing_Material": null}, "geometry": {"type": "Point", "coordinates": [31.581524357918745, 30.25573822115802, 0.0]}}, {"type": "Feature", "properties": {"ID": "1020", "Diameter": 110, "Sectors": "القطاع السابع", "Implementing_company": null, "Start": null, "End": null, "Northing": "30° 15' 20.62\" N", "Easting": "031° 34' 53.61\" E", "Google_Map": "https://www.google.com/maps/search/?api=1&query=031° 34' 53.61\" E,30° 15' 20.62\" N", "GL": 154.27, "IL": 152.82000000000002, "Depth": 1.45, "Manufacturing_Material": null}, "geometry": {"type": "Point", "coordinates": [31.58155967517484, 30.255728392869784, 0.0004999999946448952]}}, {"type": "Feature", "properties": {"ID": "1021", "Diameter": 110, "Sectors": "القطاع السابع", "Implementing_company": null, "Start": null, "End": null, "Northing": "30° 15' 17.2\" N", "Easting": "031° 34' 44.23\" E", "Google_Map": "https://www.google.com/maps/search/?api=1&query=031° 34' 44.23\" E,30° 15' 17.2\" N", "GL": 148.23, "IL": 146.78, "Depth": 1.45, "Manufacturing_Material": null}, "geometry": {"type": "Point", "coordinates": [31.578953786600398, 30.254778644545496, 0.0]}}, {"type": "Feature", "properties": {"ID": "1022", "Diameter": 110, "Sectors": "القطاع السابع", "Implementing_company": null, "Start": null, "End": null, "Northing": "30° 15' 17.07\" N", "Easting": "031° 34' 44.24\" E", "Google_Map": "https://www.google.com/maps/search/?api=1&query=031° 34' 44.24\" E,30° 15' 17.07\" N", "GL": 148.23, "IL": 146.78, "Depth": 1.45, "Manufacturing_Material": null}, "geometry": {"type": "Point", "coordinates": [31.57895623771376, 30.25474155516962, 0.0005999999993946403]}}, {"type": "Feature", "properties": {"ID": "1023", "Diameter": 110, "Sectors": "القطاع السابع", "Implementing_company": null, "Start": null, "End": null, "Northing": "30° 15' 14.6\" N", "Easting": "031° 34' 55.52\" E", "Google_Map": "https://www.google.com/maps/search/?api=1&query=031° 34' 55.52\" E,30° 15' 14.6\" N", "GL": 149.58, "IL": 148.13000000000002, "Depth": 1.45, "Manufacturing_Material": null}, "geometry": {"type": "Point", "coordinates": [31.582089956556143, 30.254054333794915, 0.0004999999946448952]}}, {"type": "Feature", "properties": {"ID": "1024", "Diameter": 110, "Sectors": "القطاع السابع", "Implementing_company": null, "Start": null, "End": null, "Northing": "30° 15' 14.63\" N", "Easting": "031° 34' 55.35\" E", "Google_Map": "https://www.google.com/maps/search/?api=1&query=031° 34' 55.35\" E,30° 15' 14.63\" N", "GL": 149.57, "IL": 148.12, "Depth": 1.45, "Manufacturing_Material": null}, "geometry": {"type": "Point", "coordinates": [31.582041022212472, 30.254064348024038, 0.0]}}, {"type": "Feature", "properties": {"ID": "1025", "Diameter": 110, "Sectors": "القطاع السابع", "Implementing_company": null, "Start": null, "End": null, "Northing": "30° 15' 1.92\" N", "Easting": "031° 34' 41.93\" E", "Google_Map": "https://www.google.com/maps/search/?api=1&query=031° 34' 41.93\" E,30° 15' 1.92\" N", "GL": 136.21, "IL": 134.76000000000002, "Depth": 1.45, "Manufacturing_Material": null}, "geometry": {"type": "Point", "coordinates": [31.578312944202153, 30.250532430983377, 0.0]}}, {"type": "Feature", "properties": {"ID": "1026", "Diameter": 110, "Sectors": "القطاع السابع", "Implementing_company": null, "Start": null, "End": null, "Northing": "30° 14' 59.89\" N", "Easting": "031° 35' 12.97\" E", "Google_Map": "https://www.google.com/maps/search/?api=1&query=031° 35' 12.97\" E,30° 14' 59.89\" N", "GL": 139.5, "IL": 138.05, "Depth": 1.45, "Manufacturing_Material": null}, "geometry": {"type": "Point", "coordinates": [31.58693676585789, 30.249970421194647, 0.0]}}, {"type": "Feature", "properties": {"ID": "1027", "Diameter": 110, "Sectors": "القطاع السابع", "Implementing_company": null, "Start": null, "End": null, "Northing": "30° 15' 18.64\" N", "Easting": "031° 35' 25.87\" E", "Google_Map": "https://www.google.com/maps/search/?api=1&query=031° 35' 25.87\" E,30° 15' 18.64\" N", "GL": 156.65, "IL": 155.20000000000002, "Depth": 1.45, "Manufacturing_Material": null}, "geometry": {"type": "Point", "coordinates": [31.590518889221528, 30.25517870953506, 0.0004999999946448952]}}, {"type": "Feature", "properties": {"ID": "1028", "Diameter": 110, "Sectors": "القطاع السابع", "Implementing_company": null, "Start": null, "End": null, "Northing": "30° 15' 14.74\" N", "Easting": "031° 35' 12.55\" E", "Google_Map": "https://www.google.com/maps/search/?api=1&query=031° 35' 12.55\" E,30° 15' 14.74\" N", "GL": 151.05, "IL": 149.60000000000002, "Depth": 1.45, "Manufacturing_Material": null}, "geometry": {"type": "Point", "coordinates": [31.58682022299586, 30.254095579887906, 0.0004999999946448952]}}, {"type": "Feature", "properties": {"ID": "1029", "Diameter": 110, "Sectors": "القطاع السابع", "Implementing_company": null, "Start": null, "End": null, "Northing": "30° 15' 14.64\" N", "Easting": "031° 35' 12.52\" E", "Google_Map": "https://www.google.com/maps/search/?api=1&query=031° 35' 12.52\" E,30° 15' 14.64\" N", "GL": 151.05, "IL": 149.60000000000002, "Depth": 1.45, "Manufacturing_Material": null}, "geometry": {"type": "Point", "coordinates": [31.586810332417983, 30.25406741810328, 0.0004999999946448952]}}, {"type": "Feature", "properties": {"ID": "1030", "Diameter": 110, "Sectors": "القطاع السابع", "Implementing_company": null, "Start": null, "End": null, "Northing": "30° 15' 30.38\" N", "Easting": "031° 34' 40.53\" E", "Google_Map": "https://www.google.com/maps/search/?api=1&query=031° 34' 40.53\" E,30° 15' 30.38\" N", "GL": 163.22, "IL": 161.77, "Depth": 1.45, "Manufacturing_Material": null}, "geometry": {"type": "Point", "coordinates": [31.57792560670169, 30.25843800748398, 0.0]}}, {"type": "Feature", "properties": {"ID": "1031", "Diameter": 110, "Sectors": "القطاع السابع", "Implementing_company": null, "Start": null, "End": null, "Northing": "30° 15' 26.74\" N", "Easting": "031° 34' 40.93\" E", "Google_Map": "https://www.google.com/maps/search/?api=1&query=031° 34' 40.93\" E,30° 15' 26.74\" N", "GL": 160.62, "IL": 159.17000000000002, "Depth": 1.45, "Manufacturing_Material": null}, "geometry": {"type": "Point", "coordinates": [31.578035403248997, 30.25742745384225, 0.0]}}, {"type": "Feature", "properties": {"ID": "1032", "Diameter": 110, "Sectors": "القطاع السابع", "Implementing_company": null, "Start": null, "End": null, "Northing": "30° 15' 24.35\" N", "Easting": "031° 34' 50.5\" E", "Google_Map": "https://www.google.com/maps/search/?api=1&query=031° 34' 50.5\" E,30° 15' 24.35\" N", "GL": 161.59, "IL": 160.14000000000001, "Depth": 1.45, "Manufacturing_Material": null}, "geometry": {"type": "Point", "coordinates": [31.58069453880617, 30.25676413196312, 0.0]}}, {"type": "Feature", "properties": {"ID": "1033", "Diameter": 110, "Sectors": "القطاع السابع", "Implementing_company": null, "Start": null, "End": null, "Northing": "30° 15' 19.8\" N", "Easting": "031° 34' 44.06\" E", "Google_Map": "https://www.google.com/maps/search/?api=1&query=031° 34' 44.06\" E,30° 15' 19.8\" N", "GL": 152.35, "IL": 150.9, "Depth": 1.45, "Manufacturing_Material": null}, "geometry": {"type": "Point", "coordinates": [31.57890609118528, 30.255500431430512, 0.0]}}, {"type": "Feature", "properties": {"ID": "1034", "Diameter": 110, "Sectors": "القطاع السابع", "Implementing_company": null, "Start": null, "End": null, "Northing": "30° 15' 14.22\" N", "Easting": "031° 34' 44.43\" E", "Google_Map": "https://www.google.com/maps/search/?api=1&query=031° 34' 44.43\" E,30° 15' 14.22\" N", "GL": 150.57, "IL": 149.12, "Depth": 1.45, "Manufacturing_Material": null}, "geometry": {"type": "Point", "coordinates": [31.579008582508262, 30.253949374623126, 0.0]}}, {"type": "Feature", "properties": {"ID": "1035", "Diameter": 110, "Sectors": "القطاع السابع", "Implementing_company": null, "Start": null, "End": null, "Northing": "30° 15' 10.13\" N", "Easting": "031° 34' 52.13\" E", "Google_Map": "https://www.google.com/maps/search/?api=1&query=031° 34' 52.13\" E,30° 15' 10.13\" N", "GL": 146.7, "IL": 145.25, "Depth": 1.45, "Manufacturing_Material": null}, "geometry": {"type": "Point", "coordinates": [31.581148327829688, 30.252815155029396, 0.0004999999946448952]}}, {"type": "Feature", "properties": {"ID": "1036", "Diameter": 110, "Sectors": "القطاع السابع", "Implementing_company": null, "Start": null, "End": null, "Northing": "30° 15' 7.87\" N", "Easting": "031° 34' 55.47\" E", "Google_Map": "https://www.google.com/maps/search/?api=1&query=031° 34' 55.47\" E,30° 15' 7.87\" N", "GL": 147.35, "IL": 145.9, "Depth": 1.45, "Manufacturing_Material": null}, "geometry": {"type": "Point", "coordinates": [31.582076032100236, 30.252185206006743, 0.0]}}, {"type": "Feature", "properties": {"ID": "1037", "Diameter": 110, "Sectors": "القطاع السابع", "Implementing_company": null, "Start": null, "End": null, "Northing": "30° 15' 5.06\" N", "Easting": "031° 34' 52.45\" E", "Google_Map": "https://www.google.com/maps/search/?api=1&query=031° 34' 52.45\" E,30° 15' 5.06\" N", "GL": 140.41, "IL": 138.96, "Depth": 1.45, "Manufacturing_Material": null}, "geometry": {"type": "Point", "coordinates": [31.58123666793375, 30.251404472000523, 0.0]}}, {"type": "Feature", "properties": {"ID": "1038", "Diameter": 110, "Sectors": "القطاع السابع", "Implementing_company": null, "Start": null, "End": null, "Northing": "30° 15' 4.95\" N", "Easting": "031° 34' 55.71\" E", "Google_Map": "https://www.google.com/maps/search/?api=1&query=031° 34' 55.71\" E,30° 15' 4.95\" N", "GL": 143.27, "IL": 141.82000000000002, "Depth": 1.45, "Manufacturing_Material": null}, "geometry": {"type": "Point", "coordinates": [31.582141681128228, 30.25137407807813, 0.0]}}, {"type": "Feature", "properties": {"ID": "1039", "Diameter": 110, "Sectors": "القطاع السابع", "Implementing_company": null, "Start": null, "End": null, "Northing": "30° 15' 4.41\" N", "Easting": "031° 34' 55.74\" E", "Google_Map": "https://www.google.com/maps/search/?api=1&query=031° 34' 55.74\" E,30° 15' 4.41\" N", "GL": 142.4, "IL": 140.95000000000002, "Depth": 1.45, "Manufacturing_Material": null}, "geometry": {"type": "Point", "coordinates": [31.58214972160597, 30.251225567565832, 0.0]}}, {"type": "Feature", "properties": {"ID": "1040", "Diameter": 110, "Sectors": "القطاع السابع", "Implementing_company": null, "Start": null, "End": null, "Northing": "30° 15' 4.03\" N", "Easting": "031° 35' 1.96\" E", "Google_Map": "https://www.google.com/maps/search/?api=1&query=031° 35' 1.96\" E,30° 15' 4.03\" N", "GL": 141.87, "IL": 140.42000000000002, "Depth": 1.45, "Manufacturing_Material": null}, "geometry": {"type": "Point", "coordinates": [31.583877044893917, 30.251119591947578, 0.0]}}, {"type": "Feature", "properties": {"ID": "1041", "Diameter": 110, "Sectors": "القطاع السابع", "Implementing_company": null, "Start": null, "End": null, "Northing": "30° 15' 3.64\" N", "Easting": "031° 35' 8.36\" E", "Google_Map": "https://www.google.com/maps/search/?api=1&query=031° 35' 8.36\" E,30° 15' 3.64\" N", "GL": 142.15, "IL": 140.70000000000002, "Depth": 1.45, "Manufacturing_Material": null}, "geometry": {"type": "Point", "coordinates": [31.585656436876924, 30.251010317650177, 0.0]}}, {"type": "Feature", "properties": {"ID": "1042", "Diameter": 110, "Sectors": "القطاع السابع", "Implementing_company": null, "Start": null, "End": null, "Northing": "30° 15' 3.35\" N", "Easting": "031° 35' 13.03\" E", "Google_Map": "https://www.google.com/maps/search/?api=1&query=031° 35' 13.03\" E,30° 15' 3.35\" N", "GL": 141.03, "IL": 139.58, "Depth": 1.45, "Manufacturing_Material": null}, "geometry": {"type": "Point", "coordinates": [31.58695217531172, 30.250930869533526, 0.0]}}, {"type": "Feature", "properties": {"ID": "1043", "Diameter": 110, "Sectors": "القطاع السابع", "Implementing_company": null, "Start": null, "End": null, "Northing": "30° 15' 4.16\" N", "Easting": "031° 35' 12.97\" E", "Google_Map": "https://www.google.com/maps/search/?api=1&query=031° 35' 12.97\" E,30° 15' 4.16\" N", "GL": 141.99, "IL": 140.54000000000002, "Depth": 1.45, "Manufacturing_Material": null}, "geometry": {"type": "Point", "coordinates": [31.586937338485686, 30.25115568218947, 0.0]}}, {"type": "Feature", "properties": {"ID": "1044", "Diameter": 110, "Sectors": "القطاع السابع", "Implementing_company": null, "Start": null, "End": null, "Northing": "30° 15' 4.02\" N", "Easting": "031° 35' 15.75\" E", "Google_Map": "https://www.google.com/maps/search/?api=1&query=031° 35' 15.75\" E,30° 15' 4.02\" N", "GL": 141.4, "IL": 139.95000000000002, "Depth": 1.45, "Manufacturing_Material": null}, "geometry": {"type": "Point", "coordinates": [31.587708075702242, 30.251117051964783, 0.0]}}, {"type": "Feature", "properties": {"ID": "1045", "Diameter": 110, "Sectors": "القطاع السابع", "Implementing_company": null, "Start": null, "End": null, "Northing": "30° 15' 3.61\" N", "Easting": "031° 35' 21.51\" E", "Google_Map": "https://www.google.com/maps/search/?api=1&query=031° 35' 21.51\" E,30° 15' 3.61\" N", "GL": 141.04, "IL": 139.59, "Depth": 1.45, "Manufacturing_Material": null}, "geometry": {"type": "Point", "coordinates": [31.589309513350806, 30.251003064174547, 0.0]}}, {"type": "Feature", "properties": {"ID": "1046", "Diameter": 110, "Sectors": "القطاع السابع", "Implementing_company": null, "Start": null, "End": null, "Northing": "30° 15' 3.35\" N", "Easting": "031° 35' 25.22\" E", "Google_Map": "https://www.google.com/maps/search/?api=1&query=031° 35' 25.22\" E,30° 15' 3.35\" N", "GL": 140.83, "IL": 139.38000000000002, "Depth": 1.45, "Manufacturing_Material": null}, "geometry": {"type": "Point", "coordinates": [31.590338187566655, 30.25092983522241, 0.0]}}, {"type": "Feature", "properties": {"ID": "1047", "Diameter": 110, "Sectors": "القطاع السابع", "Implementing_company": null, "Start": null, "End": null, "Northing": "30° 15' 7.86\" N", "Easting": "031° 35' 24.66\" E", "Google_Map": "https://www.google.com/maps/search/?api=1&query=031° 35' 24.66\" E,30° 15' 7.86\" N", "GL": 145.37, "IL": 143.92000000000002, "Depth": 1.45, "Manufacturing_Material": null}, "geometry": {"type": "Point", "coordinates": [31.590183158362056, 30.252182904280936, 0.0]}}, {"type": "Feature", "properties": {"ID": "1048", "Diameter": 110, "Sectors": "القطاع السابع", "Implementing_company": null, "Start": null, "End": null, "Northing": "30° 15' 7.7\" N", "Easting": "031° 35' 21.35\" E", "Google_Map": "https://www.google.com/maps/search/?api=1&query=031° 35' 21.35\" E,30° 15' 7.7\" N", "GL": 145.56, "IL": 144.11, "Depth": 1.45, "Manufacturing_Material": null}, "geometry": {"type": "Point", "coordinates": [31.589264822286726, 30.252138976938014, 0.0]}}, {"type": "Feature", "properties": {"ID": "1049", "Diameter": 110, "Sectors": "القطاع السابع", "Implementing_company": null, "Start": null, "End": null, "Northing": "30° 15' 7.47\" N", "Easting": "031° 35' 15.56\" E", "Google_Map": "https://www.google.com/maps/search/?api=1&query=031° 35' 15.56\" E,30° 15' 7.47\" N", "GL": 145.27, "IL": 143.82000000000002, "Depth": 1.45, "Manufacturing_Material": null}, "geometry": {"type": "Point", "coordinates": [31.587656774181717, 30.25207475532844, 0.0]}}, {"type": "Feature", "properties": {"ID": "1050", "Diameter": 110, "Sectors": "القطاع السابع", "Implementing_company": null, "Start": null, "End": null, "Northing": "30° 15' 12.89\" N", "Easting": "031° 35' 12.4\" E", "Google_Map": "https://www.google.com/maps/search/?api=1&query=031° 35' 12.4\" E,30° 15' 12.89\" N", "GL": 150.32, "IL": 148.87, "Depth": 1.45, "Manufacturing_Material": null}, "geometry": {"type": "Point", "coordinates": [31.586777277659642, 30.2535809697936, 0.0]}}, {"type": "Feature", "properties": {"ID": "1051", "Diameter": 110, "Sectors": "القطاع السابع", "Implementing_company": null, "Start": null, "End": null, "Northing": "30° 15' 15.97\" N", "Easting": "031° 35' 22.9\" E", "Google_Map": "https://www.google.com/maps/search/?api=1&query=031° 35' 22.9\" E,30° 15' 15.97\" N", "GL": 153.33, "IL": 151.88000000000002, "Depth": 1.45, "Manufacturing_Material": null}, "geometry": {"type": "Point", "coordinates": [31.58969538527748, 30.254436418150657, 0.0]}}, {"type": "Feature", "properties": {"ID": "1052", "Diameter": 110, "Sectors": "القطاع السابع", "Implementing_company": null, "Start": null, "End": null, "Northing": "30° 15' 17.95\" N", "Easting": "031° 35' 16.12\" E", "Google_Map": "https://www.google.com/maps/search/?api=1&query=031° 35' 16.12\" E,30° 15' 17.95\" N", "GL": 153.86, "IL": 152.41000000000003, "Depth": 1.45, "Manufacturing_Material": null}, "geometry": {"type": "Point", "coordinates": [31.587811405190017, 30.254985134954318, 0.0]}}, {"type": "Feature", "properties": {"ID": "1053", "Diameter": 110, "Sectors": "القطاع السابع", "Implementing_company": null, "Start": null, "End": null, "Northing": "30° 15' 24.1\" N", "Easting": "031° 35' 20.31\" E", "Google_Map": "https://www.google.com/maps/search/?api=1&query=031° 35' 20.31\" E,30° 15' 24.1\" N", "GL": 160.01, "IL": 158.56, "Depth": 1.45, "Manufacturing_Material": null}, "geometry": {"type": "Point", "coordinates": [31.58897382802194, 30.256694553415734, 0.0]}}, {"type": "Feature", "properties": {"ID": "1054", "Diameter": 110, "Sectors": "القطاع السابع", "Implementing_company": null, "Start": null, "End": null, "Northing": "30° 15' 25.06\" N", "Easting": "031° 35' 23.72\" E", "Google_Map": "https://www.google.com/maps/search/?api=1&query=031° 35' 23.72\" E,30° 15' 25.06\" N", "GL": 163.51, "IL": 162.06, "Depth": 1.45, "Manufacturing_Material": null}, "geometry": {"type": "Point", "coordinates": [31.58992276889768, 30.25696224827712, 0.0]}}, {"type": "Feature", "properties": {"ID": "1055", "Diameter": 110, "Sectors": "القطاع السابع", "Implementing_company": null, "Start": null, "End": null, "Northing": "30° 15' 27.31\" N", "Easting": "031° 35' 19.03\" E", "Google_Map": "https://www.google.com/maps/search/?api=1&query=031° 35' 19.03\" E,30° 15' 27.31\" N", "GL": 161.83, "IL": 160.38000000000002, "Depth": 1.45, "Manufacturing_Material": null}, "geometry": {"type": "Point", "coordinates": [31.588619440218384, 30.257585245469784, 0.0]}}, {"type": "Feature", "properties": {"ID": "1056", "Diameter": 110, "Sectors": "القطاع السابع", "Implementing_company": null, "Start": null, "End": null, "Northing": "30° 15' 32.23\" N", "Easting": "031° 35' 16.8\" E", "Google_Map": "https://www.google.com/maps/search/?api=1&query=031° 35' 16.8\" E,30° 15' 32.23\" N", "GL": 167.76, "IL": 166.31, "Depth": 1.45, "Manufacturing_Material": null}, "geometry": {"type": "Point", "coordinates": [31.587998856346346, 30.258953120463136, 0.0]}}, {"type": "Feature", "properties": {"ID": "1057", "Diameter": 110, "Sectors": "القطاع السابع", "Implementing_company": null, "Start": null, "End": null, "Northing": "30° 15' 32.65\" N", "Easting": "031° 35' 20.49\" E", "Google_Map": "https://www.google.com/maps/search/?api=1&query=031° 35' 20.49\" E,30° 15' 32.65\" N", "GL": 168.98, "IL": 167.53, "Depth": 1.45, "Manufacturing_Material": null}, "geometry": {"type": "Point", "coordinates": [31.589024437171187, 30.259068627982504, 0.0]}}, {"type": "Feature", "properties": {"ID": "1058", "Diameter": 110, "Sectors": "القطاع السابع", "Implementing_company": null, "Start": null, "End": null, "Northing": "30° 15' 17.96\" N", "Easting": "031° 34' 50.94\" E", "Google_Map": "https://www.google.com/maps/search/?api=1&query=031° 34' 50.94\" E,30° 15' 17.96\" N", "GL": 151.62, "IL": 150.17000000000002, "Depth": 1.45, "Manufacturing_Material": null}, "geometry": {"type": "Point", "coordinates": [31.580817070608543, 30.25499007946697, 0.0]}}, {"type": "Feature", "properties": {"ID": "1059", "Diameter": 110, "Sectors": "القطاع السابع", "Implementing_company": null, "Start": null, "End": null, "Northing": "30° 15' 12.03\" N", "Easting": "031° 34' 55.25\" E", "Google_Map": "https://www.google.com/maps/search/?api=1&query=031° 34' 55.25\" E,30° 15' 12.03\" N", "GL": 148.53, "IL": 147.08, "Depth": 1.45, "Manufacturing_Material": null}, "geometry": {"type": "Point", "coordinates": [31.582013655425467, 30.253342539478602, 0.0]}}, {"type": "Feature", "properties": {"ID": "1060", "Diameter": 110, "Sectors": "القطاع السابع", "Implementing_company": null, "Start": null, "End": null, "Northing": "30° 15' 8.12\" N", "Easting": "031° 35' 1.69\" E", "Google_Map": "https://www.google.com/maps/search/?api=1&query=031° 35' 1.69\" E,30° 15' 8.12\" N", "GL": 145.88, "IL": 144.43, "Depth": 1.45, "Manufacturing_Material": null}, "geometry": {"type": "Point", "coordinates": [31.583801952280858, 30.25225457065434, 0.0]}}, {"type": "Feature", "properties": {"ID": "1061", "Diameter": 110, "Sectors": "القطاع السابع", "Implementing_company": null, "Start": null, "End": null, "Northing": "30° 15' 8.37\" N", "Easting": "031° 35' 8.05\" E", "Google_Map": "https://www.google.com/maps/search/?api=1&query=031° 35' 8.05\" E,30° 15' 8.37\" N", "GL": 145.95, "IL": 144.5, "Depth": 1.45, "Manufacturing_Material": null}, "geometry": {"type": "Point", "coordinates": [31.585569432590333, 30.252325658315073, 0.0]}}, {"type": "Feature", "properties": {"ID": "1062", "Diameter": 110, "Sectors": "القطاع السابع", "Implementing_company": null, "Start": null, "End": null, "Northing": "30° 15' 0.95\" N", "Easting": "031° 34' 55.72\" E", "Google_Map": "https://www.google.com/maps/search/?api=1&query=031° 34' 55.72\" E,30° 15' 0.95\" N", "GL": 138.74, "IL": 137.29000000000002, "Depth": 1.45, "Manufacturing_Material": null}, "geometry": {"type": "Point", "coordinates": [31.582143358761716, 30.25026478048262, 0.0]}}, {"type": "Feature", "properties": {"ID": "1063", "Diameter": 110, "Sectors": "القطاع السابع", "Implementing_company": null, "Start": null, "End": null, "Northing": "30° 15' 5.45\" N", "Easting": "031° 34' 41.96\" E", "Google_Map": "https://www.google.com/maps/search/?api=1&query=031° 34' 41.96\" E,30° 15' 5.45\" N", "GL": 136.88, "IL": 135.43, "Depth": 1.45, "Manufacturing_Material": null}, "geometry": {"type": "Point", "coordinates": [31.578321887553756, 30.251515141297332, 0.0]}}, {"type": "Feature", "properties": {"ID": "1064", "Diameter": 110, "Sectors": "القطاع السابع", "Implementing_company": null, "Start": null, "End": null, "Northing": "30° 15' 10.22\" N", "Easting": "031° 35' 24.59\" E", "Google_Map": "https://www.google.com/maps/search/?api=1&query=031° 35' 24.59\" E,30° 15' 10.22\" N", "GL": 147.94, "IL": 146.49, "Depth": 1.45, "Manufacturing_Material": null}, "geometry": {"type": "Point", "coordinates": [31.5901625838234, 30.252838536849357, 0.0]}}, {"type": "Feature", "properties": {"ID": "1065", "Diameter": 110, "Sectors": "القطاع السابع", "Implementing_company": null, "Start": null, "End": null, "Northing": "30° 15' 10.2\" N", "Easting": "031° 35' 24.06\" E", "Google_Map": "https://www.google.com/maps/search/?api=1&query=031° 35' 24.06\" E,30° 15' 10.2\" N", "GL": 147.94, "IL": 146.49, "Depth": 1.45, "Manufacturing_Material": null}, "geometry": {"type": "Point", "coordinates": [31.590016370924715, 30.252832674556824, 0.0]}}, {"type": "Feature", "properties": {"ID": "1066", "Diameter": 110, "Sectors": "القطاع السابع", "Implementing_company": null, "Start": null, "End": null, "Northing": "30° 15' 9.85\" N", "Easting": "031° 35' 15.3\" E", "Google_Map": "https://www.google.com/maps/search/?api=1&query=031° 35' 15.3\" E,30° 15' 9.85\" N", "GL": 147.13, "IL": 145.68, "Depth": 1.45, "Manufacturing_Material": null}, "geometry": {"type": "Point", "coordinates": [31.58758246960961, 30.2527350573628, 0.0]}}, {"type": "Feature", "properties": {"ID": "1067", "Diameter": 110, "Sectors": "القطاع السابع", "Implementing_company": null, "Start": null, "End": null, "Northing": "30° 15' 9.75\" N", "Easting": "031° 35' 15.42\" E", "Google_Map": "https://www.google.com/maps/search/?api=1&query=031° 35' 15.42\" E,30° 15' 9.75\" N", "GL": 147.13, "IL": 145.68, "Depth": 1.45, "Manufacturing_Material": null}, "geometry": {"type": "Point", "coordinates": [31.587616042528904, 30.25270701576833, 0.0005999999993946403]}}, {"type": "Feature", "properties": {"ID": "1068", "Diameter": 110, "Sectors": "القطاع السابع", "Implementing_company": null, "Start": null, "End": null, "Northing": "30° 15' 9.74\" N", "Easting": "031° 35' 12.61\" E", "Google_Map": "https://www.google.com/maps/search/?api=1&query=031° 35' 12.61\" E,30° 15' 9.74\" N", "GL": 147.77, "IL": 146.32000000000002, "Depth": 1.45, "Manufacturing_Material": null}, "geometry": {"type": "Point", "coordinates": [31.586835084589623, 30.252705073104075, 0.00010000000474974513]}}, {"type": "Feature", "properties": {"ID": "1069", "Diameter": 110, "Sectors": "القطاع السابع", "Implementing_company": null, "Start": null, "End": null, "Northing": "30° 14' 59.9\" N", "Easting": "031° 35' 12.83\" E", "Google_Map": "https://www.google.com/maps/search/?api=1&query=031° 35' 12.83\" E,30° 14' 59.9\" N", "GL": 139.4, "IL": 137.95000000000002, "Depth": 1.45, "Manufacturing_Material": null}, "geometry": {"type": "Point", "coordinates": [31.586897824574788, 30.249972813533176, 0.0]}}, {"type": "Feature", "properties": {"ID": "1070", "Diameter": 110, "Sectors": "القطاع السابع", "Implementing_company": null, "Start": null, "End": null, "Northing": "30° 15' 31.84\" N", "Easting": "031° 35' 9.88\" E", "Google_Map": "https://www.google.com/maps/search/?api=1&query=031° 35' 9.88\" E,30° 15' 31.84\" N", "GL": 170.02, "IL": 168.57000000000002, "Depth": 1.45, "Manufacturing_Material": null}, "geometry": {"type": "Point", "coordinates": [31.586078723276348, 30.258844015092365, 0.00010000000474974513]}}, {"type": "Feature", "properties": {"ID": "1071", "Diameter": 110, "Sectors": "القطاع السابع", "Implementing_company": null, "Start": null, "End": null, "Northing": "30° 15' 26.58\" N", "Easting": "031° 35' 10.23\" E", "Google_Map": "https://www.google.com/maps/search/?api=1&query=031° 35' 10.23\" E,30° 15' 26.58\" N", "GL": 160.89, "IL": 159.44, "Depth": 1.45, "Manufacturing_Material": null}, "geometry": {"type": "Point", "coordinates": [31.58617521871981, 30.257384385318932, 0.00010000000474974513]}}, {"type": "Feature", "properties": {"ID": "1072", "Diameter": 110, "Sectors": "القطاع السابع", "Implementing_company": null, "Start": null, "End": null, "Northing": "30° 15' 26.43\" N", "Easting": "031° 35' 5.92\" E", "Google_Map": "https://www.google.com/maps/search/?api=1&query=031° 35' 5.92\" E,30° 15' 26.43\" N", "GL": 162.48, "IL": 161.03, "Depth": 1.45, "Manufacturing_Material": null}, "geometry": {"type": "Point", "coordinates": [31.584977501066433, 30.257341757696604, 0.0]}}, {"type": "Feature", "properties": {"ID": "1073", "Diameter": 110, "Sectors": "القطاع السابع", "Implementing_company": null, "Start": null, "End": null, "Northing": "30° 15' 20.73\" N", "Easting": "031° 35' 5.92\" E", "Google_Map": "https://www.google.com/maps/search/?api=1&query=031° 35' 5.92\" E,30° 15' 20.73\" N", "GL": 155.26, "IL": 153.81, "Depth": 1.45, "Manufacturing_Material": null}, "geometry": {"type": "Point", "coordinates": [31.58497734016486, 30.255758555298794, 0.0]}}, {"type": "Feature", "properties": {"ID": "1074", "Diameter": 110, "Sectors": "القطاع السابع", "Implementing_company": null, "Start": null, "End": null, "Northing": "30° 15' 35.27\" N", "Easting": "031° 35' 14.02\" E", "Google_Map": "https://www.google.com/maps/search/?api=1&query=031° 35' 14.02\" E,30° 15' 35.27\" N", "GL": 172.62, "IL": 171.17000000000002, "Depth": 1.45, "Manufacturing_Material": null}, "geometry": {"type": "Point", "coordinates": [31.587226715371617, 30.259796487672233, 0.0]}}, {"type": "Feature", "properties": {"ID": "1075", "Diameter": 110, "Sectors": "القطاع السابع", "Implementing_company": null, "Start": null, "End": null, "Northing": "30° 15' 35.26\" N", "Easting": "031° 35' 13.78\" E", "Google_Map": "https://www.google.com/maps/search/?api=1&query=031° 35' 13.78\" E,30° 15' 35.26\" N", "GL": 172.62, "IL": 171.17000000000002, "Depth": 1.45, "Manufacturing_Material": null}, "geometry": {"type": "Point", "coordinates": [31.58716059283498, 30.259793198054776, 0.0]}}, {"type": "Feature", "properties": {"ID": "1076", "Diameter": 110, "Sectors": "القطاع السابع", "Implementing_company": null, "Start": null, "End": null, "Northing": "30° 15' 35.26\" N", "Easting": "031° 35' 13.78\" E", "Google_Map": "https://www.google.com/maps/search/?api=1&query=031° 35' 13.78\" E,30° 15' 35.26\" N", "GL": 172.62, "IL": 171.17000000000002, "Depth": 1.45, "Manufacturing_Material": null}, "geometry": {"type": "Point", "coordinates": [31.58716059283498, 30.259793198054776, 0.0]}}, {"type": "Feature", "properties": {"ID": "1077", "Diameter": 110, "Sectors": "القطاع السابع", "Implementing_company": null, "Start": null, "End": null, "Northing": "30° 15' 1.81\" N", "Easting": "031° 34' 41.92\" E", "Google_Map": "https://www.google.com/maps/search/?api=1&query=031° 34' 41.92\" E,30° 15' 1.81\" N", "GL": 136.21, "IL": 134.76000000000002, "Depth": 1.45, "Manufacturing_Material": null}, "geometry": {"type": "Point", "coordinates": [31.578310469147105, 30.25050202942612, 0.0]}}, {"type": "Feature", "properties": {"ID": "1078", "Diameter": 110, "Sectors": "القطاع السابع", "Implementing_company": null, "Start": null, "End": null, "Northing": "30° 15' 21.61\" N", "Easting": "031° 35' 11.54\" E", "Google_Map": "https://www.google.com/maps/search/?api=1&query=031° 35' 11.54\" E,30° 15' 21.61\" N", "GL": 155.27, "IL": 153.82000000000002, "Depth": 1.45, "Manufacturing_Material": null}, "geometry": {"type": "Point", "coordinates": [31.586537519067512, 30.256003373515505, 0.0]}}, {"type": "Feature", "properties": {"ID": "1079", "Diameter": 110, "Sectors": "القطاع السابع", "Implementing_company": null, "Start": null, "End": null, "Northing": "30° 15' 21.67\" N", "Easting": "031° 35' 11.63\" E", "Google_Map": "https://www.google.com/maps/search/?api=1&query=031° 35' 11.63\" E,30° 15' 21.67\" N", "GL": 155.27, "IL": 153.82000000000002, "Depth": 1.45, "Manufacturing_Material": null}, "geometry": {"type": "Point", "coordinates": [31.586565091035745, 30.256018999922087, 0.0]}}, {"type": "Feature", "properties": {"ID": "1080", "Diameter": 110, "Sectors": "القطاع السابع", "Implementing_company": null, "Start": null, "End": null, "Northing": "30° 15' 18.64\" N", "Easting": "031° 35' 25.87\" E", "Google_Map": "https://www.google.com/maps/search/?api=1&query=031° 35' 25.87\" E,30° 15' 18.64\" N", "GL": 156.65, "IL": 155.20000000000002, "Depth": 1.45, "Manufacturing_Material": null}, "geometry": {"type": "Point", "coordinates": [31.59051888922152, 30.25517870953509, 0.0]}}, {"type": "Feature", "properties": {"ID": "1081", "Diameter": 110, "Sectors": "القطاع السابع", "Implementing_company": null, "Start": null, "End": null, "Northing": "30° 15' 10.21\" N", "Easting": "031° 35' 24.33\" E", "Google_Map": "https://www.google.com/maps/search/?api=1&query=031° 35' 24.33\" E,30° 15' 10.21\" N", "GL": 147.94, "IL": 146.49, "Depth": 1.45, "Manufacturing_Material": null}, "geometry": {"type": "Point", "coordinates": [31.59009091262557, 30.25283566331271, 0.0]}}, {"type": "Feature", "properties": {"ID": "1082", "Diameter": 110, "Sectors": "القطاع السابع", "Implementing_company": null, "Start": null, "End": null, "Northing": "30° 15' 3.16\" N", "Easting": "031° 35' 28.92\" E", "Google_Map": "https://www.google.com/maps/search/?api=1&query=031° 35' 28.92\" E,30° 15' 3.16\" N", "GL": 140.78, "IL": 139.33, "Depth": 1.45, "Manufacturing_Material": null}, "geometry": {"type": "Point", "coordinates": [31.59136692289201, 30.250877866334054, 0.0]}}, {"type": "Feature", "properties": {"ID": "1083", "Diameter": 110, "Sectors": "القطاع السابع", "Implementing_company": null, "Start": null, "End": null, "Northing": "30° 15' 3.27\" N", "Easting": "031° 35' 28.91\" E", "Google_Map": "https://www.google.com/maps/search/?api=1&query=031° 35' 28.91\" E,30° 15' 3.27\" N", "GL": 140.78, "IL": 139.33, "Depth": 1.45, "Manufacturing_Material": null}, "geometry": {"type": "Point", "coordinates": [31.59136284228183, 30.25090959339677, 0.0]}}, {"type": "Feature", "properties": {"ID": "1084", "Diameter": 110, "Sectors": "القطاع السابع", "Implementing_company": null, "Start": null, "End": null, "Northing": "30° 15' 8.56\" N", "Easting": "031° 35' 12.69\" E", "Google_Map": "https://www.google.com/maps/search/?api=1&query=031° 35' 12.69\" E,30° 15' 8.56\" N", "GL": 146.27, "IL": 144.82000000000002, "Depth": 1.45, "Manufacturing_Material": null}, "geometry": {"type": "Point", "coordinates": [31.586857725755586, 30.25237745925657, 0.0]}}, {"type": "Feature", "properties": {"ID": "1085", "Diameter": 110, "Sectors": "القطاع السابع", "Implementing_company": null, "Start": null, "End": null, "Northing": "30° 15' 8.46\" N", "Easting": "031° 35' 12.69\" E", "Google_Map": "https://www.google.com/maps/search/?api=1&query=031° 35' 12.69\" E,30° 15' 8.46\" N", "GL": 146.27, "IL": 144.82000000000002, "Depth": 1.45, "Manufacturing_Material": null}, "geometry": {"type": "Point", "coordinates": [31.586859445972536, 30.252349904019166, 0.0]}}, {"type": "Feature", "properties": {"ID": "1086", "Diameter": 110, "Sectors": "القطاع السابع", "Implementing_company": null, "Start": null, "End": null, "Northing": "30° 15' 27.01\" N", "Easting": "031° 35' 14.32\" E", "Google_Map": "https://www.google.com/maps/search/?api=1&query=031° 35' 14.32\" E,30° 15' 27.01\" N", "GL": 159.82, "IL": 158.37, "Depth": 1.45, "Manufacturing_Material": null}, "geometry": {"type": "Point", "coordinates": [31.587311999017167, 30.25750308169915, 0.0]}}, {"type": "Feature", "properties": {"ID": "1087", "Diameter": 110, "Sectors": "القطاع السابع", "Implementing_company": null, "Start": null, "End": null, "Northing": "30° 15' 26.63\" N", "Easting": "031° 35' 14.35\" E", "Google_Map": "https://www.google.com/maps/search/?api=1&query=031° 35' 14.35\" E,30° 15' 26.63\" N", "GL": 159.35, "IL": 157.9, "Depth": 1.45, "Manufacturing_Material": null}, "geometry": {"type": "Point", "coordinates": [31.58731901770612, 30.25739756254977, 0.0]}}, {"type": "Feature", "properties": {"ID": "1088", "Diameter": 110, "Sectors": "القطاع السابع", "Implementing_company": null, "Start": null, "End": null, "Northing": "30° 15' 26.91\" N", "Easting": "031° 35' 14.33\" E", "Google_Map": "https://www.google.com/maps/search/?api=1&query=031° 35' 14.33\" E,30° 15' 26.91\" N", "GL": 159.82, "IL": 158.37, "Depth": 1.45, "Manufacturing_Material": null}, "geometry": {"type": "Point", "coordinates": [31.587313808574518, 30.257475883286876, 0.0]}}, {"type": "Feature", "properties": {"ID": "1089", "Diameter": 110, "Sectors": "القطاع السابع", "Implementing_company": null, "Start": null, "End": null, "Northing": "30° 15' 32.09\" N", "Easting": "031° 35' 13.99\" E", "Google_Map": "https://www.google.com/maps/search/?api=1&query=031° 35' 13.99\" E,30° 15' 32.09\" N", "GL": 167.75, "IL": 166.3, "Depth": 1.45, "Manufacturing_Material": null}, "geometry": {"type": "Point", "coordinates": [31.587218763622356, 30.258914305603437, 0.0]}}, {"type": "Feature", "properties": {"ID": "1090", "Diameter": 110, "Sectors": "القطاع السابع", "Implementing_company": null, "Start": null, "End": null, "Northing": "30° 15' 32.09\" N", "Easting": "031° 35' 13.9\" E", "Google_Map": "https://www.google.com/maps/search/?api=1&query=031° 35' 13.9\" E,30° 15' 32.09\" N", "GL": 167.75, "IL": 166.3, "Depth": 1.45, "Manufacturing_Material": null}, "geometry": {"type": "Point", "coordinates": [31.587195062585284, 30.258914274594073, 0.0]}}, {"type": "Feature", "properties": {"ID": "1091", "Diameter": 110, "Sectors": "القطاع السابع", "Implementing_company": null, "Start": null, "End": null, "Northing": "30° 15' 10.07\" N", "Easting": "031° 34' 44.36\" E", "Google_Map": "https://www.google.com/maps/search/?api=1&query=031° 34' 44.36\" E,30° 15' 10.07\" N", "GL": 143.76, "IL": 142.31, "Depth": 1.45, "Manufacturing_Material": null}, "geometry": {"type": "Point", "coordinates": [31.57898758923682, 30.252796678827906, 0.0]}}, {"type": "Feature", "properties": {"ID": "1092", "Diameter": 110, "Sectors": "القطاع السابع", "Implementing_company": null, "Start": null, "End": null, "Northing": "30° 15' 33.58\" N", "Easting": "031° 34' 40.29\" E", "Google_Map": "https://www.google.com/maps/search/?api=1&query=031° 34' 40.29\" E,30° 15' 33.58\" N", "GL": 165.5, "IL": 164.05, "Depth": 1.45, "Manufacturing_Material": null}, "geometry": {"type": "Point", "coordinates": [31.577858815725, 30.25932911486525, 0.0]}}, {"type": "Feature", "properties": {"ID": "1093", "Diameter": 110, "Sectors": "القطاع السابع", "Implementing_company": null, "Start": null, "End": null, "Northing": "30° 15' 33.58\" N", "Easting": "031° 34' 40.29\" E", "Google_Map": "https://www.google.com/maps/search/?api=1&query=031° 34' 40.29\" E,30° 15' 33.58\" N", "GL": 165.5, "IL": 164.05, "Depth": 1.45, "Manufacturing_Material": null}, "geometry": {"type": "Point", "coordinates": [31.577858815725, 30.25932911486525, 0.0]}}, {"type": "Feature", "properties": {"ID": "1094", "Diameter": 110, "Sectors": "القطاع السابع", "Implementing_company": null, "Start": null, "End": null, "Northing": "30° 15' 10.28\" N", "Easting": "031° 34' 55.34\" E", "Google_Map": "https://www.google.com/maps/search/?api=1&query=031° 34' 55.34\" E,30° 15' 10.28\" N", "GL": 149.03, "IL": 147.58, "Depth": 1.45, "Manufacturing_Material": null}, "geometry": {"type": "Point", "coordinates": [31.582039875396728, 30.252856036904912, 0.0]}}, {"type": "Feature", "properties": {"ID": "1095", "Diameter": 110, "Sectors": "القطاع السابع", "Implementing_company": null, "Start": null, "End": null, "Northing": "30° 15' 18.46\" N", "Easting": "031° 35' 22.3\" E", "Google_Map": "https://www.google.com/maps/search/?api=1&query=031° 35' 22.3\" E,30° 15' 18.46\" N", "GL": 155.77, "IL": 154.32000000000002, "Depth": 1.45, "Manufacturing_Material": null}, "geometry": {"type": "Point", "coordinates": [31.58952700070928, 30.255126513487262, -0.0004999999946448952]}}, {"type": "Feature", "properties": {"ID": "1096", "Diameter": 110, "Sectors": "القطاع السابع", "Implementing_company": null, "Start": null, "End": null, "Northing": "30° 15' 18.1\" N", "Easting": "031° 35' 22.39\" E", "Google_Map": "https://www.google.com/maps/search/?api=1&query=031° 35' 22.39\" E,30° 15' 18.1\" N", "GL": 155.77, "IL": 154.32000000000002, "Depth": 1.45, "Manufacturing_Material": null}, "geometry": {"type": "Point", "coordinates": [31.58955294340825, 30.255028143549627, 0.0]}}, {"type": "Feature", "properties": {"ID": "1097", "Diameter": 110, "Sectors": "القطاع السابع", "Implementing_company": null, "Start": null, "End": null, "Northing": "30° 15' 18.35\" N", "Easting": "031° 35' 22.08\" E", "Google_Map": "https://www.google.com/maps/search/?api=1&query=031° 35' 22.08\" E,30° 15' 18.35\" N", "GL": 155.77, "IL": 154.32000000000002, "Depth": 1.45, "Manufacturing_Material": null}, "geometry": {"type": "Point", "coordinates": [31.58946533954038, 30.255097031243597, 0.0004000000044470653]}}, {"type": "Feature", "properties": {"ID": "1098", "Diameter": 110, "Sectors": "القطاع السابع", "Implementing_company": null, "Start": null, "End": null, "Northing": "30° 15' 9.86\" N", "Easting": "031° 35' 15.69\" E", "Google_Map": "https://www.google.com/maps/search/?api=1&query=031° 35' 15.69\" E,30° 15' 9.86\" N", "GL": 147.13, "IL": 145.68, "Depth": 1.45, "Manufacturing_Material": null}, "geometry": {"type": "Point", "coordinates": [31.587690764004634, 30.252739401816466, 0.0]}}, {"type": "Feature", "properties": {"ID": "1099", "Diameter": 110, "Sectors": "القطاع السابع", "Implementing_company": null, "Start": null, "End": null, "Northing": "30° 15' 31.92\" N", "Easting": "031° 35' 13.99\" E", "Google_Map": "https://www.google.com/maps/search/?api=1&query=031° 35' 13.99\" E,30° 15' 31.92\" N", "GL": 167.75, "IL": 166.3, "Depth": 1.45, "Manufacturing_Material": null}, "geometry": {"type": "Point", "coordinates": [31.587219100532394, 30.258867293183172, -0.00019999999494757503]}}, {"type": "Feature", "properties": {"ID": "1100", "Diameter": 110, "Sectors": "القطاع السابع", "Implementing_company": null, "Start": null, "End": null, "Northing": "30° 15' 35.49\" N", "Easting": "031° 35' 18.93\" E", "Google_Map": "https://www.google.com/maps/search/?api=1&query=031° 35' 18.93\" E,30° 15' 35.49\" N", "GL": 171.01, "IL": 169.56, "Depth": 1.45, "Manufacturing_Material": null}, "geometry": {"type": "Point", "coordinates": [31.588591502701668, 30.25985831699945, 0.0]}}, {"type": "Feature", "properties": {"ID": "1101", "Diameter": 100, "Sectors": "القطاع الثامن", "Implementing_company": null, "Start": null, "End": null, "Northing": "30° 15' 18.86\" N", "Easting": "031° 34' 17.97\" E", "Google_Map": "https://www.google.com/maps/search/?api=1&query=031° 34' 17.97\" E,30° 15' 18.86\" N", "GL": 143.27, "IL": 141.82000000000002, "Depth": 1.45, "Manufacturing_Material": null}, "geometry": {"type": "Point", "coordinates": [31.571658422236005, 30.255237557145204, 143.1640000000043]}}]}