{"type": "FeatureCollection", "features": [{"type": "Feature", "properties": {"Description": null, "Telecom_Feature_Type": "بوكس", "Easting": "031° 33' 41.54\" E", "Northing": "30° 16' 42.13\" N", "ID": "14", "GlobalID": "{4016BD7C-7EDE-4266-AF7B-7BAFFA0FB9B8}", "القطاع": "القطاع الثالث", "المسافة_بين_الكبنة_والبوكس": "110m", "I_D": "8-3", "created_user": null, "created_date": null, "last_edited_user": null, "last_edited_date": null}, "geometry": {"type": "Point", "coordinates": [31.563216469921123, 30.278534708869838, 0.0]}}, {"type": "Feature", "properties": {"Description": null, "Telecom_Feature_Type": "بوكس", "Easting": "031° 33' 42.4\" E", "Northing": "30° 16' 43.86\" N", "ID": "16", "GlobalID": "{A02053FF-D8EC-48BE-8546-512DE7AE2478}", "القطاع": "القطاع الثالث", "المسافة_بين_الكبنة_والبوكس": "40m", "I_D": "8-3", "created_user": null, "created_date": null, "last_edited_user": null, "last_edited_date": null}, "geometry": {"type": "Point", "coordinates": [31.5634560322965, 30.2790174308689, 0.0]}}, {"type": "Feature", "properties": {"Description": null, "Telecom_Feature_Type": "بوكس", "Easting": "031° 33' 41.71\" E", "Northing": "30° 16' 42.75\" N", "ID": "15", "GlobalID": "{C3EB3459-2F1A-4BF6-899D-31E430E64A38}", "القطاع": "القطاع الثالث", "المسافة_بين_الكبنة_والبوكس": "90m", "I_D": "8-3", "created_user": null, "created_date": null, "last_edited_user": null, "last_edited_date": null}, "geometry": {"type": "Point", "coordinates": [31.56326418800171, 30.27870771960053, 0.0]}}, {"type": "Feature", "properties": {"Description": null, "Telecom_Feature_Type": "بوكس", "Easting": "031° 33' 42.76\" E", "Northing": "30° 16' 41.63\" N", "ID": "11", "GlobalID": "{4D25F7E5-E456-44CB-B4C7-89D32AA926A5}", "القطاع": "القطاع الثالث", "المسافة_بين_الكبنة_والبوكس": "180m", "I_D": "8-3", "created_user": null, "created_date": null, "last_edited_user": null, "last_edited_date": null}, "geometry": {"type": "Point", "coordinates": [31.563554971503777, 30.278397801957368, 0.0]}}, {"type": "Feature", "properties": {"Description": null, "Telecom_Feature_Type": "بوكس", "Easting": "031° 33' 39.49\" E", "Northing": "30° 16' 44.15\" N", "ID": "32", "GlobalID": "{C00C95F7-6F77-4AAA-A631-DBD83E2564C8}", "القطاع": "القطاع الثالث", "المسافة_بين_الكبنة_والبوكس": "95m", "I_D": "8-3", "created_user": null, "created_date": null, "last_edited_user": null, "last_edited_date": null}, "geometry": {"type": "Point", "coordinates": [31.56264692669096, 30.279097890843563, 0.0]}}, {"type": "Feature", "properties": {"Description": null, "Telecom_Feature_Type": "بوكس", "Easting": "031° 33' 39.75\" E", "Northing": "30° 16' 43.24\" N", "ID": "31", "GlobalID": "{69D29342-4743-48F9-924A-661AAB6863BE}", "القطاع": "القطاع الثالث", "المسافة_بين_الكبنة_والبوكس": "120m", "I_D": "8-3", "created_user": null, "created_date": null, "last_edited_user": null, "last_edited_date": null}, "geometry": {"type": "Point", "coordinates": [31.56271940021774, 30.278842837520695, 0.0]}}, {"type": "Feature", "properties": {"Description": null, "Telecom_Feature_Type": "بوكس", "Easting": "031° 33' 39.74\" E", "Northing": "30° 16' 42.05\" N", "ID": "30", "GlobalID": "{9A60AF3A-A17D-4B8D-947F-9ACAB1EC80AD}", "القطاع": "القطاع الثالث", "المسافة_بين_الكبنة_والبوكس": "150m", "I_D": "8-3", "created_user": null, "created_date": null, "last_edited_user": null, "last_edited_date": null}, "geometry": {"type": "Point", "coordinates": [31.56271672581631, 30.27851385589015, 0.0]}}, {"type": "Feature", "properties": {"Description": null, "Telecom_Feature_Type": "بوكس", "Easting": "031° 33' 37.72\" E", "Northing": "30° 16' 41.92\" N", "ID": "25", "GlobalID": "{F47C6882-21D5-407B-A204-C414E729E633}", "القطاع": "القطاع الثالث", "المسافة_بين_الكبنة_والبوكس": "215m", "I_D": "8-3", "created_user": null, "created_date": null, "last_edited_user": null, "last_edited_date": null}, "geometry": {"type": "Point", "coordinates": [31.56215540412709, 30.278477892382046, 0.0]}}, {"type": "Feature", "properties": {"Description": null, "Telecom_Feature_Type": "بوكس", "Easting": "031° 33' 39.05\" E", "Northing": "30° 16' 41.82\" N", "ID": "29", "GlobalID": "{784BB947-918E-4F94-AE71-AB8E21851E0B}", "القطاع": "القطاع الثالث", "المسافة_بين_الكبنة_والبوكس": "160m", "I_D": "8-3", "created_user": null, "created_date": null, "last_edited_user": null, "last_edited_date": null}, "geometry": {"type": "Point", "coordinates": [31.56252493983284, 30.27844850127886, 0.0]}}, {"type": "Feature", "properties": {"Description": null, "Telecom_Feature_Type": "بوكس", "Easting": "031° 33' 37.62\" E", "Northing": "30° 16' 42.57\" N", "ID": "26", "GlobalID": "{C62EC59A-4F7D-4D4D-B49F-F63404100897}", "القطاع": "القطاع الثالث", "المسافة_بين_الكبنة_والبوكس": "200m", "I_D": "8-3", "created_user": null, "created_date": null, "last_edited_user": null, "last_edited_date": null}, "geometry": {"type": "Point", "coordinates": [31.562126038290806, 30.27865921886766, 0.0]}}, {"type": "Feature", "properties": {"Description": null, "Telecom_Feature_Type": "بوكس", "Easting": "031° 33' 37.87\" E", "Northing": "30° 16' 43.79\" N", "ID": "27", "GlobalID": "{793EDBCF-9396-4B66-ACB2-CF6CC03B4AC9}", "القطاع": "القطاع الثالث", "المسافة_بين_الكبنة_والبوكس": "160m", "I_D": "8-3", "created_user": null, "created_date": null, "last_edited_user": null, "last_edited_date": null}, "geometry": {"type": "Point", "coordinates": [31.562196696979992, 30.278997422008274, 0.0]}}, {"type": "Feature", "properties": {"Description": null, "Telecom_Feature_Type": "بوكس", "Easting": "031° 33' 38.35\" E", "Northing": "30° 16' 44.64\" N", "ID": "28", "GlobalID": "{ECCB3F77-C6E8-46DB-972A-186A74FDF7C9}", "القطاع": "القطاع الثالث", "المسافة_بين_الكبنة_والبوكس": "130m", "I_D": "8-3", "created_user": null, "created_date": null, "last_edited_user": null, "last_edited_date": null}, "geometry": {"type": "Point", "coordinates": [31.562330050134147, 30.279233791625558, 0.0]}}, {"type": "Feature", "properties": {"Description": null, "Telecom_Feature_Type": "بوكس", "Easting": "031° 33' 35.33\" E", "Northing": "30° 16' 41.67\" N", "ID": "21", "GlobalID": "{914A4789-9A24-4098-A035-F9EC664F7768}", "القطاع": "القطاع الثالث", "المسافة_بين_الكبنة_والبوكس": "290m", "I_D": "8-3", "created_user": null, "created_date": null, "last_edited_user": null, "last_edited_date": null}, "geometry": {"type": "Point", "coordinates": [31.561490780124167, 30.278407634766783, 0.0]}}, {"type": "Feature", "properties": {"Description": null, "Telecom_Feature_Type": "بوكس", "Easting": "031° 33' 35.77\" E", "Northing": "30° 16' 42.07\" N", "ID": "22", "GlobalID": "{0A67C40B-2154-4627-887B-C65C22CD38B0}", "القطاع": "القطاع الثالث", "المسافة_بين_الكبنة_والبوكس": "280m", "I_D": "8-3", "created_user": null, "created_date": null, "last_edited_user": null, "last_edited_date": null}, "geometry": {"type": "Point", "coordinates": [31.5616142523645, 30.278520292569507, 0.0]}}, {"type": "Feature", "properties": {"Description": null, "Telecom_Feature_Type": "بوكس", "Easting": "031° 33' 35.3\" E", "Northing": "30° 16' 43.24\" N", "ID": "23", "GlobalID": "{393BC282-0060-48E3-B39C-6A480D8B4FFE}", "القطاع": "القطاع الثالث", "المسافة_بين_الكبنة_والبوكس": "250m", "I_D": "8-3", "created_user": null, "created_date": null, "last_edited_user": null, "last_edited_date": null}, "geometry": {"type": "Point", "coordinates": [31.561482540177497, 30.278844570996537, 0.0]}}, {"type": "Feature", "properties": {"Description": null, "Telecom_Feature_Type": "بوكس", "Easting": "031° 33' 34.7\" E", "Northing": "30° 16' 44.02\" N", "ID": "24", "GlobalID": "{F603CE3E-5EC6-4A9E-A2B2-7814934F8A01}", "القطاع": "القطاع الثالث", "المسافة_بين_الكبنة_والبوكس": "230m", "I_D": "8-3", "created_user": null, "created_date": null, "last_edited_user": null, "last_edited_date": null}, "geometry": {"type": "Point", "coordinates": [31.561317303677587, 30.279060706138598, 0.0]}}, {"type": "Feature", "properties": {"Description": null, "Telecom_Feature_Type": "بوكس", "Easting": "031° 33' 33.99\" E", "Northing": "30° 16' 41.33\" N", "ID": "17", "GlobalID": "{076F2790-63AB-4154-97F8-B514853A7520}", "القطاع": "القطاع الثالث", "المسافة_بين_الكبنة_والبوكس": "310m", "I_D": "8-3", "created_user": null, "created_date": null, "last_edited_user": null, "last_edited_date": null}, "geometry": {"type": "Point", "coordinates": [31.56111830148967, 30.278313080387868, 0.0]}}, {"type": "Feature", "properties": {"Description": null, "Telecom_Feature_Type": "بوكس", "Easting": "031° 33' 33.6\" E", "Northing": "30° 16' 41.84\" N", "ID": "18", "GlobalID": "{71F69D3E-2163-495D-A415-0CE1E8CD92DB}", "القطاع": "القطاع الثالث", "المسافة_بين_الكبنة_والبوكس": "290m", "I_D": "8-3", "created_user": null, "created_date": null, "last_edited_user": null, "last_edited_date": null}, "geometry": {"type": "Point", "coordinates": [31.561010896885794, 30.27845463571824, 0.0]}}, {"type": "Feature", "properties": {"Description": null, "Telecom_Feature_Type": "بوكس", "Easting": "031° 33' 33.3\" E", "Northing": "30° 16' 43.05\" N", "ID": "19", "GlobalID": "{6D44E9AF-414A-4AD1-A0E6-BA9524338A10}", "القطاع": "القطاع الثالث", "المسافة_بين_الكبنة_والبوكس": "280m", "I_D": "8-3", "created_user": null, "created_date": null, "last_edited_user": null, "last_edited_date": null}, "geometry": {"type": "Point", "coordinates": [31.560928105680446, 30.27879069245142, 0.0]}}, {"type": "Feature", "properties": {"Description": null, "Telecom_Feature_Type": "بوكس", "Easting": "031° 33' 33.39\" E", "Northing": "30° 16' 44.0\" N", "ID": "20", "GlobalID": "{BA984667-0DD4-4671-9548-D78167909043}", "القطاع": "القطاع الثالث", "المسافة_بين_الكبنة_والبوكس": "260m", "I_D": "8-3", "created_user": null, "created_date": null, "last_edited_user": null, "last_edited_date": null}, "geometry": {"type": "Point", "coordinates": [31.560952166286754, 30.279055054117975, 0.0]}}, {"type": "Feature", "properties": {"Description": null, "Telecom_Feature_Type": "بوكس", "Easting": "031° 33' 41.5\" E", "Northing": "30° 16' 39.68\" N", "ID": "14", "GlobalID": "{A7ADEFB9-3785-4C87-8952-713920B2AE83}", "القطاع": "القطاع الثالث", "المسافة_بين_الكبنة_والبوكس": "135m", "I_D": "6-1", "created_user": null, "created_date": null, "last_edited_user": null, "last_edited_date": null}, "geometry": {"type": "Point", "coordinates": [31.563205394825278, 30.277854390516055, 0.0]}}, {"type": "Feature", "properties": {"Description": null, "Telecom_Feature_Type": "بوكس", "Easting": "031° 33' 43.43\" E", "Northing": "30° 16' 39.34\" N", "ID": "9", "GlobalID": "{62C32A58-F28B-430B-85C1-1804472E24D9}", "القطاع": "القطاع الثالث", "المسافة_بين_الكبنة_والبوكس": null, "I_D": "6-1", "created_user": null, "created_date": null, "last_edited_user": null, "last_edited_date": null}, "geometry": {"type": "Point", "coordinates": [31.56373984489617, 30.277760994846293, 0.0]}}, {"type": "Feature", "properties": {"Description": null, "Telecom_Feature_Type": "بوكس", "Easting": "031° 33' 38.65\" E", "Northing": "30° 16' 40.26\" N", "ID": "25", "GlobalID": "{FA3B9A1E-6B95-4980-AA19-4D05D4373E2A}", "القطاع": "القطاع الثالث", "المسافة_بين_الكبنة_والبوكس": "240m", "I_D": "6-1", "created_user": null, "created_date": null, "last_edited_user": null, "last_edited_date": null}, "geometry": {"type": "Point", "coordinates": [31.5624123398398, 30.278015292795782, 0.0]}}, {"type": "Feature", "properties": {"Description": null, "Telecom_Feature_Type": "بوكس", "Easting": "031° 33' 38.9\" E", "Northing": "30° 16' 39.68\" N", "ID": "26", "GlobalID": "{8C54D815-43F6-4919-AA68-27706B299260}", "القطاع": "القطاع الثالث", "المسافة_بين_الكبنة_والبوكس": "240m", "I_D": "6-1", "created_user": null, "created_date": null, "last_edited_user": null, "last_edited_date": null}, "geometry": {"type": "Point", "coordinates": [31.56248250869842, 30.27785453279656, 0.0]}}, {"type": "Feature", "properties": {"Description": null, "Telecom_Feature_Type": "بوكس", "Easting": "031° 33' 37.26\" E", "Northing": "30° 16' 40.15\" N", "ID": "18", "GlobalID": "{3C868B33-AA44-45A1-9F42-CA9C7A61D442}", "القطاع": "القطاع الثالث", "المسافة_بين_الكبنة_والبوكس": "175m", "I_D": "6-1", "created_user": null, "created_date": null, "last_edited_user": null, "last_edited_date": null}, "geometry": {"type": "Point", "coordinates": [31.562025919779092, 30.277985619795412, 0.0]}}, {"type": "Feature", "properties": {"Description": null, "Telecom_Feature_Type": "بوكس", "Easting": "031° 33' 36.72\" E", "Northing": "30° 16' 39.82\" N", "ID": "19", "GlobalID": "{09AA9A4D-6193-4E68-BB4C-0B232FFFEBD4}", "القطاع": "القطاع الثالث", "المسافة_بين_الكبنة_والبوكس": "160m", "I_D": "6-1", "created_user": null, "created_date": null, "last_edited_user": null, "last_edited_date": null}, "geometry": {"type": "Point", "coordinates": [31.561878168230255, 30.27789427524354, 0.0]}}, {"type": "Feature", "properties": {"Description": null, "Telecom_Feature_Type": "بوكس", "Easting": "031° 33' 33.98\" E", "Northing": "30° 16' 39.3\" N", "ID": "17", "GlobalID": "{107BDE3A-AAFA-4714-8899-565D8B7B0178}", "القطاع": "القطاع الثالث", "المسافة_بين_الكبنة_والبوكس": "230m", "I_D": "6-1", "created_user": null, "created_date": null, "last_edited_user": null, "last_edited_date": null}, "geometry": {"type": "Point", "coordinates": [31.561115093724272, 30.277749468677573, 0.0]}}, {"type": "Feature", "properties": {"Description": null, "Telecom_Feature_Type": "بوكس", "Easting": "031° 33' 34.5\" E", "Northing": "30° 16' 38.89\" N", "ID": "18", "GlobalID": "{B4ECCCAB-470C-4E09-A1A8-CECDEA347555}", "القطاع": "القطاع الثالث", "المسافة_بين_الكبنة_والبوكس": "210m", "I_D": "6-1", "created_user": null, "created_date": null, "last_edited_user": null, "last_edited_date": null}, "geometry": {"type": "Point", "coordinates": [31.56125952964908, 30.27763679333692, 0.0]}}, {"type": "Feature", "properties": {"Description": null, "Telecom_Feature_Type": "بوكس", "Easting": "031° 33' 32.13\" E", "Northing": "30° 16' 40.85\" N", "ID": "2", "GlobalID": "{5724C741-93B3-470B-A763-1A932F4CD409}", "القطاع": "القطاع الثالث", "المسافة_بين_الكبنة_والبوكس": "280m", "I_D": "8-2", "created_user": null, "created_date": null, "last_edited_user": null, "last_edited_date": null}, "geometry": {"type": "Point", "coordinates": [31.560601226904843, 30.278179336020926, 0.0]}}, {"type": "Feature", "properties": {"Description": null, "Telecom_Feature_Type": "بوكس", "Easting": "031° 33' 31.89\" E", "Northing": "30° 16' 40.32\" N", "ID": "1", "GlobalID": "{048BB9DE-699A-42D9-9845-03CB62FD6F21}", "القطاع": "القطاع الثالث", "المسافة_بين_الكبنة_والبوكس": "290m", "I_D": "8-2", "created_user": null, "created_date": null, "last_edited_user": null, "last_edited_date": null}, "geometry": {"type": "Point", "coordinates": [31.560534734730467, 30.278033644418617, 0.0]}}, {"type": "Feature", "properties": {"Description": null, "Telecom_Feature_Type": "بوكس", "Easting": "031° 33' 44.42\" E", "Northing": "30° 15' 53.77\" N", "ID": "25", "GlobalID": "{58920259-FFC3-426E-BA5C-ADFA0D286311}", "القطاع": "القطاع الثاني", "المسافة_بين_الكبنة_والبوكس": "85m", "I_D": "12-1", "created_user": null, "created_date": null, "last_edited_user": null, "last_edited_date": null}, "geometry": {"type": "Point", "coordinates": [31.56401624581138, 30.265102285515578, 0.0]}}, {"type": "Feature", "properties": {"Description": null, "Telecom_Feature_Type": "بوكس", "Easting": "031° 33' 30.24\" E", "Northing": "30° 16' 42.26\" N", "ID": "4", "GlobalID": "{3F818DBC-7927-47A1-8CB1-081A325421EA}", "القطاع": "القطاع الثالث", "المسافة_بين_الكبنة_والبوكس": "210m", "I_D": "8-2", "created_user": null, "created_date": null, "last_edited_user": null, "last_edited_date": null}, "geometry": {"type": "Point", "coordinates": [31.560076061986223, 30.278570625928243, 0.0]}}, {"type": "Feature", "properties": {"Description": null, "Telecom_Feature_Type": "بوكس", "Easting": "031° 33' 28.07\" E", "Northing": "30° 16' 39.49\" N", "ID": "11", "GlobalID": "{EC648A7C-1AD8-4A5A-A593-B843E9D50C3D}", "القطاع": "القطاع الثالث", "المسافة_بين_الكبنة_والبوكس": "135m", "I_D": "8-2", "created_user": null, "created_date": null, "last_edited_user": null, "last_edited_date": null}, "geometry": {"type": "Point", "coordinates": [31.559474117151968, 30.277802650326514, 0.0]}}, {"type": "Feature", "properties": {"Description": null, "Telecom_Feature_Type": "بوكس", "Easting": "031° 33' 27.1\" E", "Northing": "30° 16' 39.92\" N", "ID": "12", "GlobalID": "{B8221695-3B65-4559-BEC0-ED1F4A301227}", "القطاع": "القطاع الثالث", "المسافة_بين_الكبنة_والبوكس": "95m", "I_D": "8-2", "created_user": null, "created_date": null, "last_edited_user": null, "last_edited_date": null}, "geometry": {"type": "Point", "coordinates": [31.55920588766744, 30.27792086704259, 0.0]}}, {"type": "Feature", "properties": {"Description": null, "Telecom_Feature_Type": "بوكس", "Easting": "031° 33' 30.78\" E", "Northing": "30° 16' 39.58\" N", "ID": "5", "GlobalID": "{C6CD3DC4-1C62-47E5-B726-E2D9C661B87A}", "القطاع": "القطاع الثالث", "المسافة_بين_الكبنة_والبوكس": "280m", "I_D": "8-2", "created_user": null, "created_date": null, "last_edited_user": null, "last_edited_date": null}, "geometry": {"type": "Point", "coordinates": [31.56022608577427, 30.277826862026807, 0.0]}}, {"type": "Feature", "properties": {"Description": null, "Telecom_Feature_Type": "بوكس", "Easting": "031° 33' 29.41\" E", "Northing": "30° 16' 40.95\" N", "ID": "7", "GlobalID": "{09C3391C-003D-4A66-97DF-24317077E8D4}", "القطاع": "القطاع الثالث", "المسافة_بين_الكبنة_والبوكس": "210m", "I_D": "8-2", "created_user": null, "created_date": null, "last_edited_user": null, "last_edited_date": null}, "geometry": {"type": "Point", "coordinates": [31.55984735343331, 30.278207175311135, 0.0]}}, {"type": "Feature", "properties": {"Description": null, "Telecom_Feature_Type": "بوكس", "Easting": "031° 33' 29.08\" E", "Northing": "30° 16' 41.85\" N", "ID": "8", "GlobalID": "{FCD51A46-DB01-4EFF-B01C-4D6D7C0232B2}", "القطاع": "القطاع الثالث", "المسافة_بين_الكبنة_والبوكس": "185m", "I_D": "8-2", "created_user": null, "created_date": null, "last_edited_user": null, "last_edited_date": null}, "geometry": {"type": "Point", "coordinates": [31.559754374748675, 30.278457669135328, 0.0]}}, {"type": "Feature", "properties": {"Description": null, "Telecom_Feature_Type": "بوكس", "Easting": "031° 33' 30.21\" E", "Northing": "30° 16' 39.92\" N", "ID": "6", "GlobalID": "{28EDFF20-03BC-417E-BFC2-65F83C60D9CB}", "القطاع": "القطاع الثالث", "المسافة_بين_الكبنة_والبوكس": "250m", "I_D": "8-2", "created_user": null, "created_date": null, "last_edited_user": null, "last_edited_date": null}, "geometry": {"type": "Point", "coordinates": [31.56006847523904, 30.27792212894839, 0.0]}}, {"type": "Feature", "properties": {"Description": null, "Telecom_Feature_Type": "بوكس", "Easting": "031° 33' 25.9\" E", "Northing": "30° 16' 39.5\" N", "ID": "16", "GlobalID": "{D86E3891-6221-4D77-9B9F-033B23F17A46}", "القطاع": "القطاع الثالث", "المسافة_بين_الكبنة_والبوكس": "65m", "I_D": "8-2", "created_user": null, "created_date": null, "last_edited_user": null, "last_edited_date": null}, "geometry": {"type": "Point", "coordinates": [31.558872400837128, 30.277804904044558, 0.0]}}, {"type": "Feature", "properties": {"Description": null, "Telecom_Feature_Type": "بوكس", "Easting": "031° 33' 28.1\" E", "Northing": "30° 16' 44.36\" N", "ID": "20", "GlobalID": "{AED499B6-360D-40E2-9CA6-5B83FD93EF37}", "القطاع": "القطاع الثالث", "المسافة_بين_الكبنة_والبوكس": "175m", "I_D": "8-1", "created_user": null, "created_date": null, "last_edited_user": null, "last_edited_date": null}, "geometry": {"type": "Point", "coordinates": [31.559482404427353, 30.27915573393706, 0.0]}}, {"type": "Feature", "properties": {"Description": null, "Telecom_Feature_Type": "بوكس", "Easting": "031° 33' 27.69\" E", "Northing": "30° 16' 45.24\" N", "ID": "19", "GlobalID": "{AAB81992-E623-4FD0-81F4-677B85F137AE}", "القطاع": "القطاع الثالث", "المسافة_بين_الكبنة_والبوكس": "210m", "I_D": "8-1", "created_user": null, "created_date": null, "last_edited_user": null, "last_edited_date": null}, "geometry": {"type": "Point", "coordinates": [31.55936853407484, 30.279398963147067, 0.0]}}, {"type": "Feature", "properties": {"Description": null, "Telecom_Feature_Type": "بوكس", "Easting": "031° 33' 26.81\" E", "Northing": "30° 16' 46.21\" N", "ID": "18", "GlobalID": "{BDC36615-E57E-45E1-BF70-90342EDE41E1}", "القطاع": "القطاع الثالث", "المسافة_بين_الكبنة_والبوكس": "250m", "I_D": "8-1", "created_user": null, "created_date": null, "last_edited_user": null, "last_edited_date": null}, "geometry": {"type": "Point", "coordinates": [31.55912550818064, 30.279670370808223, 0.0]}}, {"type": "Feature", "properties": {"Description": null, "Telecom_Feature_Type": "بوكس", "Easting": "031° 33' 26.22\" E", "Northing": "30° 16' 46.53\" N", "ID": "17", "GlobalID": "{3452314C-C5AD-49B5-8306-81C0FCF19244}", "القطاع": "القطاع الثالث", "المسافة_بين_الكبنة_والبوكس": "270m", "I_D": "8-1", "created_user": null, "created_date": null, "last_edited_user": null, "last_edited_date": null}, "geometry": {"type": "Point", "coordinates": [31.558959633632995, 30.279757648867434, 0.0]}}, {"type": "Feature", "properties": {"Description": null, "Telecom_Feature_Type": "بوكس", "Easting": "031° 33' 25.19\" E", "Northing": "30° 16' 45.71\" N", "ID": "21", "GlobalID": "{0468A3F2-861B-445E-A177-522A82681975}", "القطاع": "القطاع الثالث", "المسافة_بين_الكبنة_والبوكس": "250m", "I_D": "8-1", "created_user": null, "created_date": null, "last_edited_user": null, "last_edited_date": null}, "geometry": {"type": "Point", "coordinates": [31.5586731436204, 30.2795315188263, 0.0]}}, {"type": "Feature", "properties": {"Description": null, "Telecom_Feature_Type": "بوكس", "Easting": "031° 33' 24.99\" E", "Northing": "30° 16' 45.19\" N", "ID": "22", "GlobalID": "{8432D330-B89E-4F05-B3A5-13AFB1F5F914}", "القطاع": "القطاع الثالث", "المسافة_بين_الكبنة_والبوكس": "230m", "I_D": "8-1", "created_user": null, "created_date": null, "last_edited_user": null, "last_edited_date": null}, "geometry": {"type": "Point", "coordinates": [31.558619571304266, 30.279384955772425, 0.0]}}, {"type": "Feature", "properties": {"Description": null, "Telecom_Feature_Type": "بوكس", "Easting": "031° 33' 26.02\" E", "Northing": "30° 16' 44.33\" N", "ID": "23", "GlobalID": "{AFDC4366-261A-4227-8AD2-0ACF8FB254EC}", "القطاع": "القطاع الثالث", "المسافة_بين_الكبنة_والبوكس": "195m", "I_D": "8-1", "created_user": null, "created_date": null, "last_edited_user": null, "last_edited_date": null}, "geometry": {"type": "Point", "coordinates": [31.558905283248674, 30.27914745531381, 0.0]}}, {"type": "Feature", "properties": {"Description": null, "Telecom_Feature_Type": "بوكس", "Easting": "031° 33' 26.99\" E", "Northing": "30° 16' 43.89\" N", "ID": "24", "GlobalID": "{DEA43D08-4880-4DC1-9EA3-761B842BD16E}", "القطاع": "القطاع الثالث", "المسافة_بين_الكبنة_والبوكس": "160m", "I_D": "8-1", "created_user": null, "created_date": null, "last_edited_user": null, "last_edited_date": null}, "geometry": {"type": "Point", "coordinates": [31.559175572119052, 30.279025923532892, 0.0]}}, {"type": "Feature", "properties": {"Description": null, "Telecom_Feature_Type": "بوكس", "Easting": "031° 33' 24.98\" E", "Northing": "30° 16' 41.91\" N", "ID": "28", "GlobalID": "{910D4030-C6D4-4F5C-B9BA-3A561C61CEB0}", "القطاع": "القطاع الثالث", "المسافة_بين_الكبنة_والبوكس": "70m", "I_D": "8-1", "created_user": null, "created_date": null, "last_edited_user": null, "last_edited_date": null}, "geometry": {"type": "Point", "coordinates": [31.558615316284087, 30.278474135742957, 0.0]}}, {"type": "Feature", "properties": {"Description": null, "Telecom_Feature_Type": "بوكس", "Easting": "031° 33' 23.11\" E", "Northing": "30° 16' 44.08\" N", "ID": "25", "GlobalID": "{BD43202F-F2F7-4050-8CF3-87CED93A9755}", "القطاع": "القطاع الثالث", "المسافة_بين_الكبنة_والبوكس": "170m", "I_D": "8-1", "created_user": null, "created_date": null, "last_edited_user": null, "last_edited_date": null}, "geometry": {"type": "Point", "coordinates": [31.558095556305325, 30.279077272076055, 0.0]}}, {"type": "Feature", "properties": {"Description": null, "Telecom_Feature_Type": "بوكس", "Easting": "031° 33' 23.7\" E", "Northing": "30° 16' 43.77\" N", "ID": "26", "GlobalID": "{6D6372B2-7007-4E3E-995B-4A0F34DF12AF}", "القطاع": "القطاع الثالث", "المسافة_بين_الكبنة_والبوكس": "160m", "I_D": "8-1", "created_user": null, "created_date": null, "last_edited_user": null, "last_edited_date": null}, "geometry": {"type": "Point", "coordinates": [31.558260017007346, 30.278990358334127, 0.0]}}, {"type": "Feature", "properties": {"Description": null, "Telecom_Feature_Type": "بوكس", "Easting": "031° 33' 24.57\" E", "Northing": "30° 16' 42.79\" N", "ID": "27", "GlobalID": "{6F31F654-1630-4ED7-8D11-40E309ADABDE}", "القطاع": "القطاع الثالث", "المسافة_بين_الكبنة_والبوكس": "100m", "I_D": "8-1", "created_user": null, "created_date": null, "last_edited_user": null, "last_edited_date": null}, "geometry": {"type": "Point", "coordinates": [31.558501969652536, 30.278718697028538, 0.0]}}, {"type": "Feature", "properties": {"Description": null, "Telecom_Feature_Type": "بوكس", "Easting": "031° 33' 23.85\" E", "Northing": "30° 16' 41.43\" N", "ID": "32", "GlobalID": "{C1F2124D-0F54-4F3C-AF82-96D0FD88302F}", "القطاع": "القطاع الثالث", "المسافة_بين_الكبنة_والبوكس": "60m", "I_D": "8-1", "created_user": null, "created_date": null, "last_edited_user": null, "last_edited_date": null}, "geometry": {"type": "Point", "coordinates": [31.558303386623688, 30.27834254268598, 0.0]}}, {"type": "Feature", "properties": {"Description": null, "Telecom_Feature_Type": "بوكس", "Easting": "031° 33' 22.91\" E", "Northing": "30° 16' 41.89\" N", "ID": "31", "GlobalID": "{2740D60B-13D1-4730-845D-DC9B1E25D13C}", "القطاع": "القطاع الثالث", "المسافة_بين_الكبنة_والبوكس": "90m", "I_D": "8-1", "created_user": null, "created_date": null, "last_edited_user": null, "last_edited_date": null}, "geometry": {"type": "Point", "coordinates": [31.558042081630585, 30.278468737694656, 0.0]}}, {"type": "Feature", "properties": {"Description": null, "Telecom_Feature_Type": "بوكس", "Easting": "031° 33' 22.07\" E", "Northing": "30° 16' 43.26\" N", "ID": "29", "GlobalID": "{CD6057DB-C6A4-4CD2-AE42-9A4264BFB36D}", "القطاع": "القطاع الثالث", "المسافة_بين_الكبنة_والبوكس": "145m", "I_D": "8-1", "created_user": null, "created_date": null, "last_edited_user": null, "last_edited_date": null}, "geometry": {"type": "Point", "coordinates": [31.557808449514848, 30.278850909984335, 0.0]}}, {"type": "Feature", "properties": {"Description": null, "Telecom_Feature_Type": "بوكس", "Easting": "031° 33' 21.88\" E", "Northing": "30° 16' 42.74\" N", "ID": "30", "GlobalID": "{58E9F82E-FD95-40AF-8C55-915306ED2BFE}", "القطاع": "القطاع الثالث", "المسافة_بين_الكبنة_والبوكس": "120m", "I_D": "8-1", "created_user": null, "created_date": null, "last_edited_user": null, "last_edited_date": null}, "geometry": {"type": "Point", "coordinates": [31.557755410131215, 30.27870603471022, 0.0]}}, {"type": "Feature", "properties": {"Description": null, "Telecom_Feature_Type": "بوكس", "Easting": "031° 33' 20.2\" E", "Northing": "30° 16' 41.79\" N", "ID": "13", "GlobalID": "{D8BC4FD3-D0B2-4DBB-BB6E-AA9CB83C11A5}", "القطاع": "القطاع الثالث", "المسافة_بين_الكبنة_والبوكس": "180m", "I_D": "8-1", "created_user": null, "created_date": null, "last_edited_user": null, "last_edited_date": null}, "geometry": {"type": "Point", "coordinates": [31.557288157504736, 30.27844024972082, 0.0]}}, {"type": "Feature", "properties": {"Description": null, "Telecom_Feature_Type": "بوكس", "Easting": "031° 33' 19.15\" E", "Northing": "30° 16' 40.99\" N", "ID": "19", "GlobalID": "{79FF3BCD-7A8E-4FE0-AB14-A4C74BBF5FE9}", "القطاع": "القطاع الثالث", "المسافة_بين_الكبنة_والبوكس": "215m", "I_D": "8-1", "created_user": null, "created_date": null, "last_edited_user": null, "last_edited_date": null}, "geometry": {"type": "Point", "coordinates": [31.556996390281693, 30.27821835808799, 0.0]}}, {"type": "Feature", "properties": {"Description": null, "Telecom_Feature_Type": "بوكس", "Easting": "031° 33' 18.96\" E", "Northing": "30° 16' 40.45\" N", "ID": "10", "GlobalID": "{33D2FE10-E671-4F84-B32F-E0D2C0234E47}", "القطاع": "القطاع الثالث", "المسافة_بين_الكبنة_والبوكس": "210m", "I_D": "8-1", "created_user": null, "created_date": null, "last_edited_user": null, "last_edited_date": null}, "geometry": {"type": "Point", "coordinates": [31.556944468308515, 30.27806973423205, 0.0]}}, {"type": "Feature", "properties": {"Description": null, "Telecom_Feature_Type": "بوكس", "Easting": "031° 33' 20.0\" E", "Northing": "30° 16' 39.6\" N", "ID": "11", "GlobalID": "{F6911501-8232-4E21-A4E0-A780AFB1B85B}", "القطاع": "القطاع الثالث", "المسافة_بين_الكبنة_والبوكس": "170m", "I_D": "8-1", "created_user": null, "created_date": null, "last_edited_user": null, "last_edited_date": null}, "geometry": {"type": "Point", "coordinates": [31.557233024499798, 30.27783414664657, 0.0]}}, {"type": "Feature", "properties": {"Description": null, "Telecom_Feature_Type": "بوكس", "Easting": "031° 33' 20.97\" E", "Northing": "30° 16' 39.17\" N", "ID": "12", "GlobalID": "{62AAD475-1F5C-4483-AA29-1709112C348A}", "القطاع": "القطاع الثالث", "المسافة_بين_الكبنة_والبوكس": "130m", "I_D": "8-1", "created_user": null, "created_date": null, "last_edited_user": null, "last_edited_date": null}, "geometry": {"type": "Point", "coordinates": [31.557502528413305, 30.27771264148897, 0.0]}}, {"type": "Feature", "properties": {"Description": null, "Telecom_Feature_Type": "بوكس", "Easting": "031° 33' 24.62\" E", "Northing": "30° 16' 47.35\" N", "ID": "1", "GlobalID": "{00DBC8C5-39F8-43F1-B334-6A9A46946E4E}", "القطاع": "القطاع الثالث", "المسافة_بين_الكبنة_والبوكس": "315m", "I_D": "1-2", "created_user": null, "created_date": null, "last_edited_user": null, "last_edited_date": null}, "geometry": {"type": "Point", "coordinates": [31.558515038975816, 30.27998606435652, 0.0]}}, {"type": "Feature", "properties": {"Description": null, "Telecom_Feature_Type": "بوكس", "Easting": "031° 33' 24.86\" E", "Northing": "30° 16' 47.98\" N", "ID": "4", "GlobalID": "{814C15E3-C2AF-4471-9EA7-71DC9AD17D04}", "القطاع": "القطاع الثالث", "المسافة_بين_الكبنة_والبوكس": "310m", "I_D": "1-2", "created_user": null, "created_date": null, "last_edited_user": null, "last_edited_date": null}, "geometry": {"type": "Point", "coordinates": [31.55858267495717, 30.280159704593633, 0.0]}}, {"type": "Feature", "properties": {"Description": null, "Telecom_Feature_Type": "بوكس", "Easting": "031° 33' 23.82\" E", "Northing": "30° 16' 48.82\" N", "ID": "3", "GlobalID": "{6F7852A1-298E-412A-B183-90BDD78526B0}", "القطاع": "القطاع الثالث", "المسافة_بين_الكبنة_والبوكس": "280m", "I_D": "1-2", "created_user": null, "created_date": null, "last_edited_user": null, "last_edited_date": null}, "geometry": {"type": "Point", "coordinates": [31.558294140073713, 30.280394524665137, 0.0]}}, {"type": "Feature", "properties": {"Description": null, "Telecom_Feature_Type": "بوكس", "Easting": "031° 33' 22.81\" E", "Northing": "30° 16' 49.31\" N", "ID": "4", "GlobalID": "{7A243A4F-0152-4C72-A7C7-4489BB067D4B}", "القطاع": "القطاع الثالث", "المسافة_بين_الكبنة_والبوكس": "240m", "I_D": "1-2", "created_user": null, "created_date": null, "last_edited_user": null, "last_edited_date": null}, "geometry": {"type": "Point", "coordinates": [31.558014350365337, 30.280529181913383, 0.0]}}, {"type": "Feature", "properties": {"Description": null, "Telecom_Feature_Type": "بوكس", "Easting": "031° 33' 23.58\" E", "Northing": "30° 16' 46.54\" N", "ID": "5", "GlobalID": "{E8D5D6E8-81B9-440C-AE4F-E73FC78B8419}", "القطاع": "القطاع الثالث", "المسافة_بين_الكبنة_والبوكس": "250m", "I_D": "1-2", "created_user": null, "created_date": null, "last_edited_user": null, "last_edited_date": null}, "geometry": {"type": "Point", "coordinates": [31.558226356957626, 30.27976041354544, 0.0]}}, {"type": "Feature", "properties": {"Description": null, "Telecom_Feature_Type": "بوكس", "Easting": "031° 33' 22.8\" E", "Northing": "30° 16' 46.83\" N", "ID": "6", "GlobalID": "{1C43274F-807C-4969-9C5F-76ED8048BCEB}", "القطاع": "القطاع الثالث", "المسافة_بين_الكبنة_والبوكس": "220m", "I_D": "1-2", "created_user": null, "created_date": null, "last_edited_user": null, "last_edited_date": null}, "geometry": {"type": "Point", "coordinates": [31.558010886277366, 30.279840207108066, 0.0]}}, {"type": "Feature", "properties": {"Description": null, "Telecom_Feature_Type": "بوكس", "Easting": "031° 33' 21.81\" E", "Northing": "30° 16' 47.77\" N", "ID": "7", "GlobalID": "{80C4A522-4500-4EBC-8D0F-E5B396744240}", "القطاع": "القطاع الثالث", "المسافة_بين_الكبنة_والبوكس": "290m", "I_D": "1-2", "created_user": null, "created_date": null, "last_edited_user": null, "last_edited_date": null}, "geometry": {"type": "Point", "coordinates": [31.55773563525558, 30.280102941791313, 0.0]}}, {"type": "Feature", "properties": {"Description": null, "Telecom_Feature_Type": "بوكس", "Easting": "031° 33' 21.41\" E", "Northing": "30° 16' 48.65\" N", "ID": "8", "GlobalID": "{494C088B-C8E5-41FB-A8F4-65D80EF52E6E}", "القطاع": "القطاع الثالث", "المسافة_بين_الكبنة_والبوكس": "100m", "I_D": "1-2", "created_user": null, "created_date": null, "last_edited_user": null, "last_edited_date": null}, "geometry": {"type": "Point", "coordinates": [31.557623470338388, 30.280347657826756, 0.0]}}, {"type": "Feature", "properties": {"Description": null, "Telecom_Feature_Type": "بوكس", "Easting": "031° 33' 21.68\" E", "Northing": "30° 16' 45.06\" N", "ID": "210", "GlobalID": "{8ABAE943-7A1A-45F3-ABAB-ABA0223FE0EF}", "القطاع": "القطاع الثالث", "المسافة_بين_الكبنة_والبوكس": null, "I_D": "1-2", "created_user": null, "created_date": null, "last_edited_user": null, "last_edited_date": null}, "geometry": {"type": "Point", "coordinates": [31.55769953296425, 30.27934928671073, 0.0]}}, {"type": "Feature", "properties": {"Description": null, "Telecom_Feature_Type": "بوكس", "Easting": "031° 33' 21.92\" E", "Northing": "30° 16' 45.68\" N", "ID": "10", "GlobalID": "{B62F9624-6EFB-41B1-907F-CB86D54703C9}", "القطاع": "القطاع الثالث", "المسافة_بين_الكبنة_والبوكس": "210m", "I_D": "1-2", "created_user": null, "created_date": null, "last_edited_user": null, "last_edited_date": null}, "geometry": {"type": "Point", "coordinates": [31.55776716498274, 30.279522927418313, 0.0]}}, {"type": "Feature", "properties": {"Description": null, "Telecom_Feature_Type": "بوكس", "Easting": "031° 33' 20.89\" E", "Northing": "30° 16' 46.53\" N", "ID": "170", "GlobalID": "{6895BE30-7F8A-4A07-A2FD-AC0B1B635479}", "القطاع": "القطاع الثالث", "المسافة_بين_الكبنة_والبوكس": null, "I_D": "1-2", "created_user": null, "created_date": null, "last_edited_user": null, "last_edited_date": null}, "geometry": {"type": "Point", "coordinates": [31.55747863204405, 30.279757745707368, 0.0]}}, {"type": "Feature", "properties": {"Description": null, "Telecom_Feature_Type": "بوكس", "Easting": "031° 33' 19.88\" E", "Northing": "30° 16' 47.01\" N", "ID": "12", "GlobalID": "{05D14BA8-5E65-4CAB-9FF1-5AE6DB621D04}", "القطاع": "القطاع الثالث", "المسافة_بين_الكبنة_والبوكس": "140m", "I_D": "1-2", "created_user": null, "created_date": null, "last_edited_user": null, "last_edited_date": null}, "geometry": {"type": "Point", "coordinates": [31.55719884298536, 30.279892401217143, 0.0]}}, {"type": "Feature", "properties": {"Description": null, "Telecom_Feature_Type": "بوكس", "Easting": "031° 33' 20.64\" E", "Northing": "30° 16' 44.25\" N", "ID": "13", "GlobalID": "{86AB7DBC-0F70-4B9B-BB07-C4D740F86382}", "القطاع": "القطاع الثالث", "المسافة_بين_الكبنة_والبوكس": "180m", "I_D": "1-2", "created_user": null, "created_date": null, "last_edited_user": null, "last_edited_date": null}, "geometry": {"type": "Point", "coordinates": [31.55741085467041, 30.279123634032803, 0.0]}}, {"type": "Feature", "properties": {"Description": null, "Telecom_Feature_Type": "بوكس", "Easting": "031° 33' 19.87\" E", "Northing": "30° 16' 44.53\" N", "ID": "14", "GlobalID": "{5526E730-D75B-400D-8FE3-A85C9914C01A}", "القطاع": "القطاع الثالث", "المسافة_بين_الكبنة_والبوكس": "100m", "I_D": "1-2", "created_user": null, "created_date": null, "last_edited_user": null, "last_edited_date": null}, "geometry": {"type": "Point", "coordinates": [31.55719538470091, 30.279203428055883, 0.0]}}, {"type": "Feature", "properties": {"Description": null, "Telecom_Feature_Type": "بوكس", "Easting": "031° 33' 18.88\" E", "Northing": "30° 16' 45.48\" N", "ID": "15", "GlobalID": "{E7B57544-7ED0-4AB5-9895-92CD44368879}", "القطاع": "القطاع الثالث", "المسافة_بين_الكبنة_والبوكس": "120m", "I_D": "1-2", "created_user": null, "created_date": null, "last_edited_user": null, "last_edited_date": null}, "geometry": {"type": "Point", "coordinates": [31.556920133216973, 30.279466159250944, 0.0]}}, {"type": "Feature", "properties": {"Description": null, "Telecom_Feature_Type": "بوكس", "Easting": "031° 33' 18.47\" E", "Northing": "30° 16' 46.36\" N", "ID": "16", "GlobalID": "{85189DFE-7891-4834-A7AB-115D4C665889}", "القطاع": "القطاع الثالث", "المسافة_بين_الكبنة_والبوكس": "100m", "I_D": "1-2", "created_user": null, "created_date": null, "last_edited_user": null, "last_edited_date": null}, "geometry": {"type": "Point", "coordinates": [31.556807964883955, 30.2797108746365, 0.0]}}, {"type": "Feature", "properties": {"Description": null, "Telecom_Feature_Type": "بوكس", "Easting": "031° 33' 18.75\" E", "Northing": "30° 16' 42.76\" N", "ID": "29", "GlobalID": "{EE7423F1-F0DA-4B95-A66F-6A49684C1EB4}", "القطاع": "القطاع الثالث", "المسافة_بين_الكبنة_والبوكس": "130m", "I_D": "1-2", "created_user": null, "created_date": null, "last_edited_user": null, "last_edited_date": null}, "geometry": {"type": "Point", "coordinates": [31.556884456489513, 30.278711982435063, 0.0]}}, {"type": "Feature", "properties": {"Description": null, "Telecom_Feature_Type": "بوكس", "Easting": "031° 33' 18.99\" E", "Northing": "30° 16' 43.39\" N", "ID": "30", "GlobalID": "{5B8598E4-DF51-4FD7-8DA3-303FC3F263F5}", "القطاع": "القطاع الثالث", "المسافة_بين_الكبنة_والبوكس": "120m", "I_D": "1-2", "created_user": null, "created_date": null, "last_edited_user": null, "last_edited_date": null}, "geometry": {"type": "Point", "coordinates": [31.556952088702776, 30.278885623595148, 0.0]}}, {"type": "Feature", "properties": {"Description": null, "Telecom_Feature_Type": "بوكس", "Easting": "031° 33' 17.95\" E", "Northing": "30° 16' 44.23\" N", "ID": "31", "GlobalID": "{9FF3E03B-74E3-40E0-ACA8-021D593F80DA}", "القطاع": "القطاع الثالث", "المسافة_بين_الكبنة_والبوكس": "85m", "I_D": "1-2", "created_user": null, "created_date": null, "last_edited_user": null, "last_edited_date": null}, "geometry": {"type": "Point", "coordinates": [31.556663553544144, 30.279120438316344, 0.0]}}, {"type": "Feature", "properties": {"Description": null, "Telecom_Feature_Type": "بوكس", "Easting": "031° 33' 16.94\" E", "Northing": "30° 16' 44.72\" N", "ID": "32", "GlobalID": "{CB21ECF1-A367-4248-BE92-EFA9700EF5B8}", "القطاع": "القطاع الثالث", "المسافة_بين_الكبنة_والبوكس": "50m", "I_D": "1-2", "created_user": null, "created_date": null, "last_edited_user": null, "last_edited_date": null}, "geometry": {"type": "Point", "coordinates": [31.55638376514745, 30.2792550938926, 0.0]}}, {"type": "Feature", "properties": {"Description": null, "Telecom_Feature_Type": "بوكس", "Easting": "031° 33' 17.71\" E", "Northing": "30° 16' 41.95\" N", "ID": "25", "GlobalID": "{8CB251D9-5D1E-4D27-B340-56F3B0CC3556}", "القطاع": "القطاع الثالث", "المسافة_بين_الكبنة_والبوكس": "160m", "I_D": "1-2", "created_user": null, "created_date": null, "last_edited_user": null, "last_edited_date": null}, "geometry": {"type": "Point", "coordinates": [31.556595781920507, 30.278486327891333, 0.0]}}, {"type": "Feature", "properties": {"Description": null, "Telecom_Feature_Type": "بوكس", "Easting": "031° 33' 16.93\" E", "Northing": "30° 16' 42.24\" N", "ID": "26", "GlobalID": "{D4DE1110-7525-4010-83DF-2DCC8743EBB2}", "القطاع": "القطاع الثالث", "المسافة_بين_الكبنة_والبوكس": "140m", "I_D": "1-2", "created_user": null, "created_date": null, "last_edited_user": null, "last_edited_date": null}, "geometry": {"type": "Point", "coordinates": [31.55638031264297, 30.2785661187675, 0.0]}}, {"type": "Feature", "properties": {"Description": null, "Telecom_Feature_Type": "بوكس", "Easting": "031° 33' 15.94\" E", "Northing": "30° 16' 43.18\" N", "ID": "29", "GlobalID": "{013BD333-1FCD-4862-A34F-C093F722E8B1}", "القطاع": "القطاع الثالث", "المسافة_بين_الكبنة_والبوكس": "100m", "I_D": "1-2", "created_user": null, "created_date": null, "last_edited_user": null, "last_edited_date": null}, "geometry": {"type": "Point", "coordinates": [31.556105060719933, 30.27882885008336, 0.0]}}, {"type": "Feature", "properties": {"Description": null, "Telecom_Feature_Type": "بوكس", "Easting": "031° 33' 15.54\" E", "Northing": "30° 16' 44.07\" N", "ID": "28", "GlobalID": "{1E27AF3A-BAE4-4BF4-AF2A-40300BE19C08}", "القطاع": "القطاع الثالث", "المسافة_بين_الكبنة_والبوكس": "60m", "I_D": "1-2", "created_user": null, "created_date": null, "last_edited_user": null, "last_edited_date": null}, "geometry": {"type": "Point", "coordinates": [31.55599289313004, 30.279073564801735, 0.0]}}, {"type": "Feature", "properties": {"Description": null, "Telecom_Feature_Type": "بوكس", "Easting": "031° 33' 15.82\" E", "Northing": "30° 16' 40.48\" N", "ID": "21", "GlobalID": "{B26E061A-A8C6-4106-8D8B-619BFFC5112A}", "القطاع": "القطاع الثالث", "المسافة_بين_الكبنة_والبوكس": "230m", "I_D": "1-2", "created_user": null, "created_date": null, "last_edited_user": null, "last_edited_date": null}, "geometry": {"type": "Point", "coordinates": [31.556071568719545, 30.278076483978715, 0.0]}}, {"type": "Feature", "properties": {"Description": null, "Telecom_Feature_Type": "بوكس", "Easting": "031° 33' 16.06\" E", "Northing": "30° 16' 41.1\" N", "ID": "22", "GlobalID": "{37F3AA2F-F3F3-4717-A37D-63AAD3F883E9}", "القطاع": "القطاع الثالث", "المسافة_بين_الكبنة_والبوكس": "225m", "I_D": "1-2", "created_user": null, "created_date": null, "last_edited_user": null, "last_edited_date": null}, "geometry": {"type": "Point", "coordinates": [31.55613919697562, 30.27825012560765, 0.0]}}, {"type": "Feature", "properties": {"Description": null, "Telecom_Feature_Type": "بوكس", "Easting": "031° 33' 15.03\" E", "Northing": "30° 16' 41.95\" N", "ID": "23", "GlobalID": "{592FFE8C-C3CE-4CAE-9305-9277A0993057}", "القطاع": "القطاع الثالث", "المسافة_بين_الكبنة_والبوكس": "185m", "I_D": "1-2", "created_user": null, "created_date": null, "last_edited_user": null, "last_edited_date": null}, "geometry": {"type": "Point", "coordinates": [31.555850663774713, 30.278484940356268, 0.0]}}, {"type": "Feature", "properties": {"Description": null, "Telecom_Feature_Type": "بوكس", "Easting": "031° 33' 14.02\" E", "Northing": "30° 16' 42.43\" N", "ID": "24", "GlobalID": "{F4C58101-0D01-44A0-91C8-678A3B7B7950}", "القطاع": "القطاع الثالث", "المسافة_بين_الكبنة_والبوكس": "150m", "I_D": "1-2", "created_user": null, "created_date": null, "last_edited_user": null, "last_edited_date": null}, "geometry": {"type": "Point", "coordinates": [31.555570876017725, 30.27861959239564, 0.0]}}, {"type": "Feature", "properties": {"Description": null, "Telecom_Feature_Type": "بوكس", "Easting": "031° 33' 14.78\" E", "Northing": "30° 16' 39.66\" N", "ID": "19", "GlobalID": "{118680C9-9E84-462E-9246-37934544A527}", "القطاع": "القطاع الثالث", "المسافة_بين_الكبنة_والبوكس": "260m", "I_D": "1-2", "created_user": null, "created_date": null, "last_edited_user": null, "last_edited_date": null}, "geometry": {"type": "Point", "coordinates": [31.555782897875158, 30.277850829378377, 0.0]}}, {"type": "Feature", "properties": {"Description": null, "Telecom_Feature_Type": "بوكس", "Easting": "031° 33' 14.01\" E", "Northing": "30° 16' 39.95\" N", "ID": "18", "GlobalID": "{50A7CD27-2054-4172-B71A-0FAE365A33DD}", "القطاع": "القطاع الثالث", "المسافة_بين_الكبنة_والبوكس": "240m", "I_D": "1-2", "created_user": null, "created_date": null, "last_edited_user": null, "last_edited_date": null}, "geometry": {"type": "Point", "coordinates": [31.555567429297696, 30.277930618915313, 0.0]}}, {"type": "Feature", "properties": {"Description": null, "Telecom_Feature_Type": "بوكس", "Easting": "031° 33' 13.01\" E", "Northing": "30° 16' 40.9\" N", "ID": "19", "GlobalID": "{F959C970-6A9C-4B3B-99FE-C9656B045E39}", "القطاع": "القطاع الثالث", "المسافة_بين_الكبنة_والبوكس": "200m", "I_D": "1-2", "created_user": null, "created_date": null, "last_edited_user": null, "last_edited_date": null}, "geometry": {"type": "Point", "coordinates": [31.555292174847878, 30.27819334856126, 0.0]}}, {"type": "Feature", "properties": {"Description": null, "Telecom_Feature_Type": "بوكس", "Easting": "031° 33' 12.61\" E", "Northing": "30° 16' 41.78\" N", "ID": "20", "GlobalID": "{CDE65507-5CAB-43A4-8DAB-3B48C069283E}", "القطاع": "القطاع الثالث", "المسافة_بين_الكبنة_والبوكس": "160m", "I_D": "1-2", "created_user": null, "created_date": null, "last_edited_user": null, "last_edited_date": null}, "geometry": {"type": "Point", "coordinates": [31.555180005915943, 30.27843806081896, 0.0]}}, {"type": "Feature", "properties": {"Description": null, "Telecom_Feature_Type": "بوكس", "Easting": "031° 33' 9.97\" E", "Northing": "30° 16' 39.3\" N", "ID": "16", "GlobalID": "{594418BF-18D5-4663-A1E0-50BF9606AA20}", "القطاع": "القطاع الثالث", "المسافة_بين_الكبنة_والبوكس": "160m", "I_D": "3-3", "created_user": null, "created_date": null, "last_edited_user": null, "last_edited_date": null}, "geometry": {"type": "Point", "coordinates": [31.55444638329701, 30.277749041052257, 0.0]}}, {"type": "Feature", "properties": {"Description": null, "Telecom_Feature_Type": "بوكس", "Easting": "031° 33' 43.64\" E", "Northing": "30° 15' 54.43\" N", "ID": "24", "GlobalID": "{FC6C1A8D-51A9-4B00-AFB4-C417863E3DB1}", "القطاع": "القطاع الثاني", "المسافة_بين_الكبنة_والبوكس": "120m", "I_D": "12-1", "created_user": null, "created_date": null, "last_edited_user": null, "last_edited_date": null}, "geometry": {"type": "Point", "coordinates": [31.563799139563667, 30.265286066986718, 0.0]}}, {"type": "Feature", "properties": {"Description": null, "Telecom_Feature_Type": "بوكس", "Easting": "031° 33' 43.54\" E", "Northing": "30° 15' 55.38\" N", "ID": "23", "GlobalID": "{2CE9BBFA-AE31-4DE6-AA18-E28660C30D6B}", "القطاع": "القطاع الثاني", "المسافة_بين_الكبنة_والبوكس": "160m", "I_D": "12-1", "created_user": null, "created_date": null, "last_edited_user": null, "last_edited_date": null}, "geometry": {"type": "Point", "coordinates": [31.563771963839663, 30.265549234461652, 0.0]}}, {"type": "Feature", "properties": {"Description": null, "Telecom_Feature_Type": "بوكس", "Easting": "031° 33' 43.04\" E", "Northing": "30° 15' 56.53\" N", "ID": "22", "GlobalID": "{B121E052-3F72-44B7-B1FC-8FD44EA66D24}", "القطاع": "القطاع الثاني", "المسافة_بين_الكبنة_والبوكس": "195m", "I_D": "12-1", "created_user": null, "created_date": null, "last_edited_user": null, "last_edited_date": null}, "geometry": {"type": "Point", "coordinates": [31.563633155256213, 30.265869560754894, 0.0]}}, {"type": "Feature", "properties": {"Description": null, "Telecom_Feature_Type": "بوكس", "Easting": "031° 33' 48.19\" E", "Northing": "30° 15' 55.47\" N", "ID": "15", "GlobalID": "{B545D081-C512-40CB-ACF5-A33835424816}", "القطاع": "القطاع الثاني", "المسافة_بين_الكبنة_والبوكس": "200m", "I_D": "12-1", "created_user": null, "created_date": null, "last_edited_user": null, "last_edited_date": null}, "geometry": {"type": "Point", "coordinates": [31.565064031266456, 30.26557493929439, 0.0]}}, {"type": "Feature", "properties": {"Description": null, "Telecom_Feature_Type": "بوكس", "Easting": "031° 33' 47.44\" E", "Northing": "30° 15' 56.14\" N", "ID": "14", "GlobalID": "{54220851-B1AF-4429-B0BE-30690BAFCB03}", "القطاع": "القطاع الثاني", "المسافة_بين_الكبنة_والبوكس": "235m", "I_D": "12-1", "created_user": null, "created_date": null, "last_edited_user": null, "last_edited_date": null}, "geometry": {"type": "Point", "coordinates": [31.56485482703384, 30.265760759545994, 0.0]}}, {"type": "Feature", "properties": {"Description": null, "Telecom_Feature_Type": "بوكس", "Easting": "031° 33' 47.19\" E", "Northing": "30° 15' 57.03\" N", "ID": "13", "GlobalID": "{01E00729-48DA-41E3-94B4-AFB50BF679BD}", "القطاع": "القطاع الثاني", "المسافة_بين_الكبنة_والبوكس": "265m", "I_D": "12-1", "created_user": null, "created_date": null, "last_edited_user": null, "last_edited_date": null}, "geometry": {"type": "Point", "coordinates": [31.56478659318599, 30.26600668732806, 0.0]}}, {"type": "Feature", "properties": {"Description": null, "Telecom_Feature_Type": "بوكس", "Easting": "031° 33' 46.73\" E", "Northing": "30° 15' 58.19\" N", "ID": "12", "GlobalID": "{092E9942-DAB6-4A16-94CC-02EA8D5D270B}", "القطاع": "القطاع الثاني", "المسافة_بين_الكبنة_والبوكس": "305m", "I_D": "12-1", "created_user": null, "created_date": null, "last_edited_user": null, "last_edited_date": null}, "geometry": {"type": "Point", "coordinates": [31.564656835012524, 30.26633148591238, 0.0]}}, {"type": "Feature", "properties": {"Description": null, "Telecom_Feature_Type": "بوكس", "Easting": "031° 33' 45.97\" E", "Northing": "30° 15' 58.65\" N", "ID": "11", "GlobalID": "{80675152-35E7-4C14-B0A7-537AAE692165}", "القطاع": "القطاع الثاني", "المسافة_بين_الكبنة_والبوكس": "320m", "I_D": "12-1", "created_user": null, "created_date": null, "last_edited_user": null, "last_edited_date": null}, "geometry": {"type": "Point", "coordinates": [31.564447197557154, 30.266458970355018, 0.0]}}, {"type": "Feature", "properties": {"Description": null, "Telecom_Feature_Type": "بوكس", "Easting": "031° 33' 46.18\" E", "Northing": "30° 15' 54.53\" N", "ID": "20", "GlobalID": "{4E3C31C6-115D-4026-96C3-F2BE21217643}", "القطاع": "القطاع الثاني", "المسافة_بين_الكبنة_والبوكس": "150m", "I_D": "12-1", "created_user": null, "created_date": null, "last_edited_user": null, "last_edited_date": null}, "geometry": {"type": "Point", "coordinates": [31.564504272800608, 30.26531303069549, 0.0]}}, {"type": "Feature", "properties": {"Description": null, "Telecom_Feature_Type": "بوكس", "Easting": "031° 33' 46.03\" E", "Northing": "30° 15' 55.47\" N", "ID": "19", "GlobalID": "{4C87B25D-4C3D-474D-9E23-7870277BE3C1}", "القطاع": "القطاع الثاني", "المسافة_بين_الكبنة_والبوكس": "190m", "I_D": "12-1", "created_user": null, "created_date": null, "last_edited_user": null, "last_edited_date": null}, "geometry": {"type": "Point", "coordinates": [31.564462666326257, 30.26557391148008, 0.0]}}, {"type": "Feature", "properties": {"Description": null, "Telecom_Feature_Type": "بوكس", "Easting": "031° 33' 45.19\" E", "Northing": "30° 15' 56.09\" N", "ID": "18", "GlobalID": "{AA50C890-B135-4E57-ABEA-F8A85E6F9FF3}", "القطاع": "القطاع الثاني", "المسافة_بين_الكبنة_والبوكس": "225m", "I_D": "12-1", "created_user": null, "created_date": null, "last_edited_user": null, "last_edited_date": null}, "geometry": {"type": "Point", "coordinates": [31.564229887754585, 30.265745801792473, 0.0]}}, {"type": "Feature", "properties": {"Description": null, "Telecom_Feature_Type": "بوكس", "Easting": "031° 33' 44.44\" E", "Northing": "30° 15' 57.14\" N", "ID": "17", "GlobalID": "{26D6A35F-2581-4BB4-9543-F83416A369FC}", "القطاع": "القطاع الثاني", "المسافة_بين_الكبنة_والبوكس": "265m", "I_D": "12-1", "created_user": null, "created_date": null, "last_edited_user": null, "last_edited_date": null}, "geometry": {"type": "Point", "coordinates": [31.56402212499745, 30.266038142382314, 0.0]}}, {"type": "Feature", "properties": {"Description": null, "Telecom_Feature_Type": "بوكس", "Easting": "031° 33' 44.66\" E", "Northing": "30° 15' 58.03\" N", "ID": "16", "GlobalID": "{F8E2B12D-5910-425D-9BC6-1DD2D7081DEC}", "القطاع": "القطاع الثاني", "المسافة_بين_الكبنة_والبوكس": "285m", "I_D": "12-1", "created_user": null, "created_date": null, "last_edited_user": null, "last_edited_date": null}, "geometry": {"type": "Point", "coordinates": [31.56408283760798, 30.266286786055016, 0.0]}}, {"type": "Feature", "properties": {"Description": null, "Telecom_Feature_Type": "بوكس", "Easting": "031° 33' 43.7\" E", "Northing": "30° 16' 2.06\" N", "ID": "20", "GlobalID": "{0E91D87A-3DD4-4A82-A410-86AC1ACEAEA2}", "القطاع": "القطاع الثاني", "المسافة_بين_الكبنة_والبوكس": "130m", "I_D": "11-2", "created_user": null, "created_date": null, "last_edited_user": null, "last_edited_date": null}, "geometry": {"type": "Point", "coordinates": [31.563815931697533, 30.26740469000403, 0.0]}}, {"type": "Feature", "properties": {"Description": null, "Telecom_Feature_Type": "بوكس", "Easting": "031° 33' 44.5\" E", "Northing": "30° 16' 1.42\" N", "ID": "19", "GlobalID": "{8B662D16-8222-4EEA-8E83-58AD7F6CF406}", "القطاع": "القطاع الثاني", "المسافة_بين_الكبنة_والبوكس": "165m", "I_D": "11-2", "created_user": null, "created_date": null, "last_edited_user": null, "last_edited_date": null}, "geometry": {"type": "Point", "coordinates": [31.564039348451228, 30.26722821500856, 0.0]}}, {"type": "Feature", "properties": {"Description": null, "Telecom_Feature_Type": "بوكس", "Easting": "031° 33' 45.27\" E", "Northing": "30° 16' 0.38\" N", "ID": "18", "GlobalID": "{FD1DD18A-D949-44E3-80DE-66F0FDA4DDCC}", "القطاع": "القطاع الثاني", "المسافة_بين_الكبنة_والبوكس": "200m", "I_D": "11-2", "created_user": null, "created_date": null, "last_edited_user": null, "last_edited_date": null}, "geometry": {"type": "Point", "coordinates": [31.564253312080307, 30.266938920110498, 0.0]}}, {"type": "Feature", "properties": {"Description": null, "Telecom_Feature_Type": "بوكس", "Easting": "031° 33' 45.25\" E", "Northing": "30° 16' 0.05\" N", "ID": "17", "GlobalID": "{103C4CB6-3D02-4746-BAD6-4E7DEC9EA9E8}", "القطاع": "القطاع الثاني", "المسافة_بين_الكبنة_والبوكس": "220m", "I_D": "11-2", "created_user": null, "created_date": null, "last_edited_user": null, "last_edited_date": null}, "geometry": {"type": "Point", "coordinates": [31.56424602261452, 30.266845625951117, 0.0]}}, {"type": "Feature", "properties": {"Description": null, "Telecom_Feature_Type": "بوكس", "Easting": "031° 33' 44.01\" E", "Northing": "30° 15' 59.48\" N", "ID": "21", "GlobalID": "{5B920D77-19BD-4C00-BA87-3C1C011FC3BF}", "القطاع": "القطاع الثاني", "المسافة_بين_الكبنة_والبوكس": "190m", "I_D": "11-2", "created_user": null, "created_date": null, "last_edited_user": null, "last_edited_date": null}, "geometry": {"type": "Point", "coordinates": [31.56390208509328, 30.26668863213847, 0.0]}}, {"type": "Feature", "properties": {"Description": null, "Telecom_Feature_Type": "بوكس", "Easting": "031° 33' 43.38\" E", "Northing": "30° 15' 59.5\" N", "ID": "22", "GlobalID": "{D4B98401-E56E-443B-B8EC-569DA9F7F98E}", "القطاع": "القطاع الثاني", "المسافة_بين_الكبنة_والبوكس": "170m", "I_D": "11-2", "created_user": null, "created_date": null, "last_edited_user": null, "last_edited_date": null}, "geometry": {"type": "Point", "coordinates": [31.56372764462895, 30.266694684222696, 0.0]}}, {"type": "Feature", "properties": {"Description": null, "Telecom_Feature_Type": "بوكس", "Easting": "031° 33' 48.99\" E", "Northing": "30° 15' 59.95\" N", "ID": "1", "GlobalID": "{ED77F25C-B46C-4429-B895-76D5A0B35CFA}", "القطاع": "القطاع الثاني", "المسافة_بين_الكبنة_والبوكس": "315m", "I_D": "12-2", "created_user": null, "created_date": null, "last_edited_user": null, "last_edited_date": null}, "geometry": {"type": "Point", "coordinates": [31.565285066291466, 30.266820300203168, 0.0]}}, {"type": "Feature", "properties": {"Description": null, "Telecom_Feature_Type": "بوكس", "Easting": "031° 33' 50.18\" E", "Northing": "30° 16' 0.6\" N", "ID": "06", "GlobalID": "{767BD5B6-D331-47E2-9812-8CAC488458E8}", "القطاع": "القطاع الثاني", "المسافة_بين_الكبنة_والبوكس": "270m", "I_D": "12-2", "created_user": null, "created_date": null, "last_edited_user": null, "last_edited_date": null}, "geometry": {"type": "Point", "coordinates": [31.565614676789117, 30.266999576711633, 0.0]}}, {"type": "Feature", "properties": {"Description": null, "Telecom_Feature_Type": "بوكس", "Easting": "031° 33' 49.17\" E", "Northing": "30° 15' 59.37\" N", "ID": "2", "GlobalID": "{687AD108-E9CE-4334-BAF2-CDD9D4CB14E2}", "القطاع": "القطاع الثاني", "المسافة_بين_الكبنة_والبوكس": "300m", "I_D": "12-2", "created_user": null, "created_date": null, "last_edited_user": null, "last_edited_date": null}, "geometry": {"type": "Point", "coordinates": [31.565335945853075, 30.266657711111648, 0.0]}}, {"type": "Feature", "properties": {"Description": null, "Telecom_Feature_Type": "بوكس", "Easting": "031° 33' 50.02\" E", "Northing": "30° 15' 58.38\" N", "ID": "3", "GlobalID": "{F56B4E52-9657-4F3E-ABFA-A9E278E08031}", "القطاع": "القطاع الثاني", "المسافة_بين_الكبنة_والبوكس": "260m", "I_D": "12-2", "created_user": null, "created_date": null, "last_edited_user": null, "last_edited_date": null}, "geometry": {"type": "Point", "coordinates": [31.565571668872717, 30.266381820282376, 0.0]}}, {"type": "Feature", "properties": {"Description": null, "Telecom_Feature_Type": "بوكس", "Easting": "031° 33' 50.58\" E", "Northing": "30° 15' 57.96\" N", "ID": "04", "GlobalID": "{FC849876-E635-4AD7-90CA-3E8CFF54D312}", "القطاع": "القطاع الثاني", "المسافة_بين_الكبنة_والبوكس": "220m", "I_D": "12-2", "created_user": null, "created_date": null, "last_edited_user": null, "last_edited_date": null}, "geometry": {"type": "Point", "coordinates": [31.565727370510327, 30.266265826020568, 0.0]}}, {"type": "Feature", "properties": {"Description": null, "Telecom_Feature_Type": "بوكس", "Easting": "031° 33' 50.8\" E", "Northing": "30° 15' 57.03\" N", "ID": "05", "GlobalID": "{914C545D-331F-40D1-B415-4125670FB51A}", "القطاع": "القطاع الثاني", "المسافة_بين_الكبنة_والبوكس": "195m", "I_D": "12-2", "created_user": null, "created_date": null, "last_edited_user": null, "last_edited_date": null}, "geometry": {"type": "Point", "coordinates": [31.56578682136174, 30.26600687045175, 0.0]}}, {"type": "Feature", "properties": {"Description": null, "Telecom_Feature_Type": "بوكس", "Easting": "031° 33' 50.81\" E", "Northing": "30° 16' 0.62\" N", "ID": "07", "GlobalID": "{E460E2DF-48D7-4111-9038-23D1B067CA57}", "القطاع": "القطاع الثاني", "المسافة_بين_الكبنة_والبوكس": "255m", "I_D": "12-2", "created_user": null, "created_date": null, "last_edited_user": null, "last_edited_date": null}, "geometry": {"type": "Point", "coordinates": [31.565792160426927, 30.26700478453651, 0.0]}}, {"type": "Feature", "properties": {"Description": null, "Telecom_Feature_Type": "بوكس", "Easting": "031° 33' 51.48\" E", "Northing": "30° 15' 59.52\" N", "ID": "08", "GlobalID": "{1DDFB029-F8B2-4DAC-A926-C061BAC7D817}", "القطاع": "القطاع الثاني", "المسافة_بين_الكبنة_والبوكس": "220m", "I_D": "12-2", "created_user": null, "created_date": null, "last_edited_user": null, "last_edited_date": null}, "geometry": {"type": "Point", "coordinates": [31.565976715971235, 30.266700656017637, 0.0]}}, {"type": "Feature", "properties": {"Description": null, "Telecom_Feature_Type": "بوكس", "Easting": "031° 33' 52.02\" E", "Northing": "30° 15' 58.41\" N", "ID": "09", "GlobalID": "{A8BF4A1E-0923-415F-8F29-DB81427AC82C}", "القطاع": "القطاع الثاني", "المسافة_بين_الكبنة_والبوكس": "180m", "I_D": "12-2", "created_user": null, "created_date": null, "last_edited_user": null, "last_edited_date": null}, "geometry": {"type": "Point", "coordinates": [31.566126083674614, 30.266391806277213, 0.0]}}, {"type": "Feature", "properties": {"Description": null, "Telecom_Feature_Type": "بوكس", "Easting": "031° 33' 52.9\" E", "Northing": "30° 15' 57.85\" N", "ID": "10", "GlobalID": "{30FD3E62-7D39-41E2-BCB3-773DE6E4DF54}", "القطاع": "القطاع الثاني", "المسافة_بين_الكبنة_والبوكس": "155m", "I_D": "12-2", "created_user": null, "created_date": null, "last_edited_user": null, "last_edited_date": null}, "geometry": {"type": "Point", "coordinates": [31.56637211074434, 30.266235648409886, 0.0]}}, {"type": "Feature", "properties": {"Description": null, "Telecom_Feature_Type": "بوكس", "Easting": "031° 33' 52.23\" E", "Northing": "30° 16' 1.82\" N", "ID": "11", "GlobalID": "{3F713A03-C993-4BE9-B38C-36F8ADE349A7}", "القطاع": "القطاع الثاني", "المسافة_بين_الكبنة_والبوكس": "200m", "I_D": "12-2", "created_user": null, "created_date": null, "last_edited_user": null, "last_edited_date": null}, "geometry": {"type": "Point", "coordinates": [31.56618424354019, 30.267337361311576, 0.0]}}, {"type": "Feature", "properties": {"Description": null, "Telecom_Feature_Type": "بوكس", "Easting": "031° 33' 53.38\" E", "Northing": "30° 16' 2.5\" N", "ID": "16", "GlobalID": "{AEC5DE8C-454A-4499-A9BB-74E7E087E138}", "القطاع": "القطاع الثاني", "المسافة_بين_الكبنة_والبوكس": "165m", "I_D": "12-2", "created_user": null, "created_date": null, "last_edited_user": null, "last_edited_date": null}, "geometry": {"type": "Point", "coordinates": [31.56650595133818, 30.26752717485547, 0.0]}}, {"type": "Feature", "properties": {"Description": null, "Telecom_Feature_Type": "بوكس", "Easting": "031° 33' 52.45\" E", "Northing": "30° 16' 1.23\" N", "ID": "12", "GlobalID": "{D03950B9-5DF3-42B1-AF0C-3E6CEB37396D}", "القطاع": "القطاع الثاني", "المسافة_بين_الكبنة_والبوكس": "190m", "I_D": "12-2", "created_user": null, "created_date": null, "last_edited_user": null, "last_edited_date": null}, "geometry": {"type": "Point", "coordinates": [31.566246526178624, 30.267175902537403, 0.0]}}, {"type": "Feature", "properties": {"Description": null, "Telecom_Feature_Type": "بوكس", "Easting": "031° 33' 53.36\" E", "Northing": "30° 16' 0.28\" N", "ID": "13", "GlobalID": "{25560F25-C22B-4B5A-9E8A-728EA13CE9D5}", "القطاع": "القطاع الثاني", "المسافة_بين_الكبنة_والبوكس": "150m", "I_D": "12-2", "created_user": null, "created_date": null, "last_edited_user": null, "last_edited_date": null}, "geometry": {"type": "Point", "coordinates": [31.566499051083774, 30.266911178807476, 0.0]}}, {"type": "Feature", "properties": {"Description": null, "Telecom_Feature_Type": "بوكس", "Easting": "031° 33' 53.8\" E", "Northing": "30° 15' 59.79\" N", "ID": "14", "GlobalID": "{31E3C2A4-C5D6-4276-ADDF-89C7E890D4D2}", "القطاع": "القطاع الثاني", "المسافة_بين_الكبنة_والبوكس": "110m", "I_D": "12-2", "created_user": null, "created_date": null, "last_edited_user": null, "last_edited_date": null}, "geometry": {"type": "Point", "coordinates": [31.566622532271193, 30.266775028463105, 0.0]}}, {"type": "Feature", "properties": {"Description": null, "Telecom_Feature_Type": "بوكس", "Easting": "031° 33' 54.19\" E", "Northing": "30° 15' 58.96\" N", "ID": "15", "GlobalID": "{450B4D12-A9D5-4D7F-B755-C82FEA70AD54}", "القطاع": "القطاع الثاني", "المسافة_بين_الكبنة_والبوكس": "85m", "I_D": "12-2", "created_user": null, "created_date": null, "last_edited_user": null, "last_edited_date": null}, "geometry": {"type": "Point", "coordinates": [31.566730720419628, 30.266544274534386, 0.0]}}, {"type": "Feature", "properties": {"Description": null, "Telecom_Feature_Type": "بوكس", "Easting": "031° 33' 54.01\" E", "Northing": "30° 16' 2.56\" N", "ID": "17", "GlobalID": "{460824E0-F2A0-4BBE-A147-D301F24E92BF}", "القطاع": "القطاع الثاني", "المسافة_بين_الكبنة_والبوكس": "150m", "I_D": "12-2", "created_user": null, "created_date": null, "last_edited_user": null, "last_edited_date": null}, "geometry": {"type": "Point", "coordinates": [31.566680742553125, 30.2675432879861, 0.0]}}, {"type": "Feature", "properties": {"Description": null, "Telecom_Feature_Type": "بوكس", "Easting": "031° 33' 54.77\" E", "Northing": "30° 16' 1.51\" N", "ID": "18", "GlobalID": "{786DF448-6F31-4562-AC39-FC43DC1EC2C5}", "القطاع": "القطاع الثاني", "المسافة_بين_الكبنة_والبوكس": "115m", "I_D": "12-2", "created_user": null, "created_date": null, "last_edited_user": null, "last_edited_date": null}, "geometry": {"type": "Point", "coordinates": [31.5668914916591, 30.267253189095047, 0.0]}}, {"type": "Feature", "properties": {"Description": null, "Telecom_Feature_Type": "بوكس", "Easting": "031° 33' 55.34\" E", "Northing": "30° 16' 0.44\" N", "ID": "19", "GlobalID": "{1CF4B6B1-3BF9-4CDB-8B2E-44C8B077DE5F}", "القطاع": "القطاع الثاني", "المسافة_بين_الكبنة_والبوكس": "75m", "I_D": "12-2", "created_user": null, "created_date": null, "last_edited_user": null, "last_edited_date": null}, "geometry": {"type": "Point", "coordinates": [31.567050642197152, 30.266955190949176, 0.0]}}, {"type": "Feature", "properties": {"Description": null, "Telecom_Feature_Type": "بوكس", "Easting": "031° 33' 56.1\" E", "Northing": "30° 15' 59.77\" N", "ID": "20", "GlobalID": "{4FD42E22-D090-48A9-BD34-1CB855890EAF}", "القطاع": "القطاع الثاني", "المسافة_بين_الكبنة_والبوكس": "50m", "I_D": "12-2", "created_user": null, "created_date": null, "last_edited_user": null, "last_edited_date": null}, "geometry": {"type": "Point", "coordinates": [31.56726077475435, 30.266768453960836, 0.0]}}, {"type": "Feature", "properties": {"Description": null, "Telecom_Feature_Type": "بوكس", "Easting": "031° 33' 55.21\" E", "Northing": "30° 16' 3.78\" N", "ID": "26", "GlobalID": "{A2A6D21C-1191-4E7D-A2B7-D248936F04D9}", "القطاع": "القطاع الثاني", "المسافة_بين_الكبنة_والبوكس": "220m", "I_D": "12-2", "created_user": null, "created_date": null, "last_edited_user": null, "last_edited_date": null}, "geometry": {"type": "Point", "coordinates": [31.567011895274607, 30.26788363046616, 0.0]}}, {"type": "Feature", "properties": {"Description": null, "Telecom_Feature_Type": "بوكس", "Easting": "031° 33' 55.5\" E", "Northing": "30° 16' 3.18\" N", "ID": "27", "GlobalID": "{7C48A4D0-86DF-4019-81C8-10F4A93E7506}", "القطاع": "القطاع الثاني", "المسافة_بين_الكبنة_والبوكس": "205m", "I_D": "12-2", "created_user": null, "created_date": null, "last_edited_user": null, "last_edited_date": null}, "geometry": {"type": "Point", "coordinates": [31.567093222582884, 30.267715534723262, 0.0]}}, {"type": "Feature", "properties": {"Description": null, "Telecom_Feature_Type": "بوكس", "Easting": "031° 33' 56.48\" E", "Northing": "30° 16' 2.28\" N", "ID": "28", "GlobalID": "{50111D46-F425-4531-BE8E-D0E7850CC649}", "القطاع": "القطاع الثاني", "المسافة_بين_الكبنة_والبوكس": "170m", "I_D": "12-2", "created_user": null, "created_date": null, "last_edited_user": null, "last_edited_date": null}, "geometry": {"type": "Point", "coordinates": [31.567366592556457, 30.26746706606167, 0.0]}}, {"type": "Feature", "properties": {"Description": null, "Telecom_Feature_Type": "بوكس", "Easting": "031° 33' 57.41\" E", "Northing": "30° 16' 1.79\" N", "ID": "29", "GlobalID": "{01999DC7-A2E5-46CC-9900-44DD9D8485E3}", "القطاع": "القطاع الثاني", "المسافة_بين_الكبنة_والبوكس": "130m", "I_D": "12-2", "created_user": null, "created_date": null, "last_edited_user": null, "last_edited_date": null}, "geometry": {"type": "Point", "coordinates": [31.56762362964042, 30.267331199329057, 0.0]}}, {"type": "Feature", "properties": {"Description": null, "Telecom_Feature_Type": "بوكس", "Easting": "031° 33' 57.75\" E", "Northing": "30° 16' 0.89\" N", "ID": "30", "GlobalID": "{C7A5FBD3-79BF-46EC-9488-878BF4285E84}", "القطاع": "القطاع الثاني", "المسافة_بين_الكبنة_والبوكس": "105m", "I_D": "12-2", "created_user": null, "created_date": null, "last_edited_user": null, "last_edited_date": null}, "geometry": {"type": "Point", "coordinates": [31.56771953398535, 30.26707966597106, 0.0]}}, {"type": "Feature", "properties": {"Description": null, "Telecom_Feature_Type": "بوكس", "Easting": "031° 33' 56.95\" E", "Northing": "30° 16' 4.59\" N", "ID": "22", "GlobalID": "{4F1A4742-F097-4ABF-99E1-C7832E9A0C73}", "القطاع": "القطاع الثاني", "المسافة_بين_الكبنة_والبوكس": "220m", "I_D": "12-2", "created_user": null, "created_date": null, "last_edited_user": null, "last_edited_date": null}, "geometry": {"type": "Point", "coordinates": [31.56749674338066, 30.26810806559413, 0.0]}}, {"type": "Feature", "properties": {"Description": null, "Telecom_Feature_Type": "بوكس", "Easting": "031° 33' 57.76\" E", "Northing": "30° 16' 3.57\" N", "ID": "23", "GlobalID": "{25C20A72-7F20-48BB-81AD-1C2452088BF2}", "القطاع": "القطاع الثاني", "المسافة_بين_الكبنة_والبوكس": "185m", "I_D": "12-2", "created_user": null, "created_date": null, "last_edited_user": null, "last_edited_date": null}, "geometry": {"type": "Point", "coordinates": [31.567722385308866, 30.267825615240614, 0.0]}}, {"type": "Feature", "properties": {"Description": null, "Telecom_Feature_Type": "بوكس", "Easting": "031° 33' 58.12\" E", "Northing": "30° 16' 2.68\" N", "ID": "24", "GlobalID": "{241E5443-FD90-432F-B34E-ED5E0F8D6B61}", "القطاع": "القطاع الثاني", "المسافة_بين_الكبنة_والبوكس": "150m", "I_D": "12-2", "created_user": null, "created_date": null, "last_edited_user": null, "last_edited_date": null}, "geometry": {"type": "Point", "coordinates": [31.567820824077558, 30.26757709089838, 0.0]}}, {"type": "Feature", "properties": {"Description": null, "Telecom_Feature_Type": "بوكس", "Easting": "031° 33' 59.05\" E", "Northing": "30° 16' 2.18\" N", "ID": "25", "GlobalID": "{D5B86F7D-11CD-402E-89B9-3BD2D6284B00}", "القطاع": "القطاع الثاني", "المسافة_بين_الكبنة_والبوكس": "120m", "I_D": "12-2", "created_user": null, "created_date": null, "last_edited_user": null, "last_edited_date": null}, "geometry": {"type": "Point", "coordinates": [31.568078699970663, 30.267439689779298, 0.0]}}, {"type": "Feature", "properties": {"Description": null, "Telecom_Feature_Type": "بوكس", "Easting": "031° 33' 58.15\" E", "Northing": "30° 16' 5.79\" N", "ID": "21", "GlobalID": "{5AFBCA40-8076-4286-99D2-AB2E60D98E21}", "القطاع": "القطاع الثاني", "المسافة_بين_الكبنة_والبوكس": "235m", "I_D": "12-3", "created_user": null, "created_date": null, "last_edited_user": null, "last_edited_date": null}, "geometry": {"type": "Point", "coordinates": [31.567829697465694, 30.268442415787124, 0.0]}}, {"type": "Feature", "properties": {"Description": null, "Telecom_Feature_Type": "بوكس", "Easting": "031° 33' 59.41\" E", "Northing": "30° 16' 6.84\" N", "ID": "26", "GlobalID": "{B30101B5-C1C3-49B5-99C3-BE4752F9347B}", "القطاع": "القطاع الثاني", "المسافة_بين_الكبنة_والبوكس": "195m", "I_D": "12-3", "created_user": null, "created_date": null, "last_edited_user": null, "last_edited_date": null}, "geometry": {"type": "Point", "coordinates": [31.568178672264082, 30.268732686776065, 0.0]}}, {"type": "Feature", "properties": {"Description": null, "Telecom_Feature_Type": "بوكس", "Easting": "031° 33' 58.41\" E", "Northing": "30° 16' 5.29\" N", "ID": "22", "GlobalID": "{0246FE4D-D1C8-41C2-A929-9385F5374A74}", "القطاع": "القطاع الثاني", "المسافة_بين_الكبنة_والبوكس": "220m", "I_D": null, "created_user": null, "created_date": null, "last_edited_user": null, "last_edited_date": null}, "geometry": {"type": "Point", "coordinates": [31.56790321644593, 30.26830201184156, 0.0]}}, {"type": "Feature", "properties": {"Description": null, "Telecom_Feature_Type": "بوكس", "Easting": "031° 33' 59.44\" E", "Northing": "30° 16' 4.43\" N", "ID": "23", "GlobalID": "{25D638D8-C219-476B-8632-53F4BC2F6E38}", "القطاع": "القطاع الثاني", "المسافة_بين_الكبنة_والبوكس": "185m", "I_D": "12-3", "created_user": null, "created_date": null, "last_edited_user": null, "last_edited_date": null}, "geometry": {"type": "Point", "coordinates": [31.56818956359424, 30.268064046426147, 0.0]}}, {"type": "Feature", "properties": {"Description": null, "Telecom_Feature_Type": "بوكس", "Easting": "031° 34' 0.41\" E", "Northing": "30° 16' 4.0\" N", "ID": null, "GlobalID": "{256D2AAB-FA5E-4093-ADEE-FEE9EFFDA3AE}", "القطاع": "القطاع الثاني", "المسافة_بين_الكبنة_والبوكس": "145m", "I_D": null, "created_user": null, "created_date": null, "last_edited_user": null, "last_edited_date": null}, "geometry": {"type": "Point", "coordinates": [31.568458332999626, 30.26794360991926, 0.0]}}, {"type": "Feature", "properties": {"Description": null, "Telecom_Feature_Type": "بوكس", "Easting": "031° 34' 0.59\" E", "Northing": "30° 16' 3.34\" N", "ID": "25", "GlobalID": "{20946CF0-BDA6-46AE-80E4-5B56D1904918}", "القطاع": "القطاع الثاني", "المسافة_بين_الكبنة_والبوكس": "120m", "I_D": "12-3", "created_user": null, "created_date": null, "last_edited_user": null, "last_edited_date": null}, "geometry": {"type": "Point", "coordinates": [31.56850881612072, 30.26776133697568, 0.0]}}, {"type": "Feature", "properties": {"Description": null, "Telecom_Feature_Type": "بوكس", "Easting": "031° 34' 2.02\" E", "Northing": "30° 16' 4.46\" N", "ID": "30", "GlobalID": "{CD0547E4-9085-447A-A7C7-1DA3C2F50F5C}", "القطاع": "القطاع الثاني", "المسافة_بين_الكبنة_والبوكس": "80m", "I_D": "12-3", "created_user": null, "created_date": null, "last_edited_user": null, "last_edited_date": null}, "geometry": {"type": "Point", "coordinates": [31.56890391242992, 30.26807295235743, 0.0]}}, {"type": "Feature", "properties": {"Description": null, "Telecom_Feature_Type": "بوكس", "Easting": "031° 34' 1.08\" E", "Northing": "30° 16' 4.93\" N", "ID": "29", "GlobalID": "{C632D103-4E67-45C9-8BB0-C9005F68A1BE}", "القطاع": "القطاع الثاني", "المسافة_بين_الكبنة_والبوكس": "110m", "I_D": "12-3", "created_user": null, "created_date": null, "last_edited_user": null, "last_edited_date": null}, "geometry": {"type": "Point", "coordinates": [31.568643176797156, 30.268201069222926, 0.0]}}, {"type": "Feature", "properties": {"Description": null, "Telecom_Feature_Type": "بوكس", "Easting": "031° 34' 0.65\" E", "Northing": "30° 16' 5.79\" N", "ID": "28", "GlobalID": "{3858DF35-56AF-4BA4-BA61-FC7C6DE2B711}", "القطاع": "القطاع الثاني", "المسافة_بين_الكبنة_والبوكس": "140m", "I_D": "12-3", "created_user": null, "created_date": null, "last_edited_user": null, "last_edited_date": null}, "geometry": {"type": "Point", "coordinates": [31.568523664549357, 30.268440214037778, 0.0]}}, {"type": "Feature", "properties": {"Description": null, "Telecom_Feature_Type": "بوكس", "Easting": "031° 34' 0.0\" E", "Northing": "30° 16' 6.54\" N", "ID": "27", "GlobalID": "{B1FF077C-E1AB-4C61-B254-761861DB9D13}", "القطاع": "القطاع الثاني", "المسافة_بين_الكبنة_والبوكس": "180m", "I_D": "12-3", "created_user": null, "created_date": null, "last_edited_user": null, "last_edited_date": null}, "geometry": {"type": "Point", "coordinates": [31.568342963488718, 30.268648672982252, 0.0]}}, {"type": "Feature", "properties": {"Description": null, "Telecom_Feature_Type": "بوكس", "Easting": "031° 34' 4.84\" E", "Northing": "30° 16' 6.94\" N", "ID": "15", "GlobalID": "{CCF9C234-251C-41A2-A4EC-E445A6FDCC61}", "القطاع": "القطاع الثاني", "المسافة_بين_الكبنة_والبوكس": "80m", "I_D": "12-3", "created_user": null, "created_date": null, "last_edited_user": null, "last_edited_date": null}, "geometry": {"type": "Point", "coordinates": [31.569688658200427, 30.268759530178368, 0.0]}}, {"type": "Feature", "properties": {"Description": null, "Telecom_Feature_Type": "بوكس", "Easting": "031° 34' 2.64\" E", "Northing": "30° 16' 8.87\" N", "ID": "12", "GlobalID": "{4DC9F782-7899-4D2C-AA32-7FC07E93F586}", "القطاع": "القطاع الثاني", "المسافة_بين_الكبنة_والبوكس": "180m", "I_D": "12-3", "created_user": null, "created_date": null, "last_edited_user": null, "last_edited_date": null}, "geometry": {"type": "Point", "coordinates": [31.56907738870428, 30.26929689204452, 0.0]}}, {"type": "Feature", "properties": {"Description": null, "Telecom_Feature_Type": "بوكس", "Easting": "031° 34' 3.35\" E", "Northing": "30° 16' 8.16\" N", "ID": "13", "GlobalID": "{771CC903-E686-46E4-B511-D061D2ACB1B6}", "القطاع": "القطاع الثاني", "المسافة_بين_الكبنة_والبوكس": "140m", "I_D": "12-3", "created_user": null, "created_date": null, "last_edited_user": null, "last_edited_date": null}, "geometry": {"type": "Point", "coordinates": [31.569273529455014, 30.269098810760404, 0.0]}}, {"type": "Feature", "properties": {"Description": null, "Telecom_Feature_Type": "بوكس", "Easting": "031° 34' 3.84\" E", "Northing": "30° 16' 7.31\" N", "ID": "14", "GlobalID": "{285213FA-BF3E-4566-8343-A953A681EF7F}", "القطاع": "القطاع الثاني", "المسافة_بين_الكبنة_والبوكس": "110m", "I_D": "12-3", "created_user": null, "created_date": null, "last_edited_user": null, "last_edited_date": null}, "geometry": {"type": "Point", "coordinates": [31.569410750389356, 30.26886319838972, 0.0]}}, {"type": "Feature", "properties": {"Description": null, "Telecom_Feature_Type": "بوكس", "Easting": "031° 34' 1.06\" E", "Northing": "30° 16' 8.25\" N", "ID": "16", "GlobalID": "{BBD20F97-B7E9-4236-A137-CA5EF27065E1}", "القطاع": "القطاع الثاني", "المسافة_بين_الكبنة_والبوكس": "155m", "I_D": "12-3", "created_user": null, "created_date": null, "last_edited_user": null, "last_edited_date": null}, "geometry": {"type": "Point", "coordinates": [31.568636963103167, 30.269124375952188, 0.0]}}, {"type": "Feature", "properties": {"Description": null, "Telecom_Feature_Type": "بوكس", "Easting": "031° 34' 3.28\" E", "Northing": "30° 16' 6.36\" N", "ID": "19", "GlobalID": "{2861195F-125A-4914-BE00-33576399A074}", "القطاع": "القطاع الثاني", "المسافة_بين_الكبنة_والبوكس": "70m", "I_D": "12-3", "created_user": null, "created_date": null, "last_edited_user": null, "last_edited_date": null}, "geometry": {"type": "Point", "coordinates": [31.569254687699065, 30.268598967241438, 0.0]}}, {"type": "Feature", "properties": {"Description": null, "Telecom_Feature_Type": "بوكس", "Easting": "031° 34' 3.77\" E", "Northing": "30° 16' 5.51\" N", "ID": "20", "GlobalID": "{59B67CCE-33E5-4858-B7C7-755836C8E30A}", "القطاع": "القطاع الثاني", "المسافة_بين_الكبنة_والبوكس": "40m", "I_D": "12-3", "created_user": null, "created_date": null, "last_edited_user": null, "last_edited_date": null}, "geometry": {"type": "Point", "coordinates": [31.569390060182474, 30.26836333403767, 0.0]}}, {"type": "Feature", "properties": {"Description": null, "Telecom_Feature_Type": "بوكس", "Easting": "031° 34' 0.91\" E", "Northing": "30° 16' 7.71\" N", "ID": "17", "GlobalID": "{835F304A-8C54-418B-BF33-8BFCF5B2DCA5}", "القطاع": "القطاع الثاني", "المسافة_بين_الكبنة_والبوكس": "145m", "I_D": "12-3", "created_user": null, "created_date": null, "last_edited_user": null, "last_edited_date": null}, "geometry": {"type": "Point", "coordinates": [31.568596380310797, 30.26897419202117, 0.0]}}, {"type": "Feature", "properties": {"Description": null, "Telecom_Feature_Type": "بوكس", "Easting": "031° 34' 4.53\" E", "Northing": "30° 16' 11.53\" N", "ID": "1", "GlobalID": "{228741FB-F3B6-4344-8D2C-4D4BA26464B7}", "القطاع": "القطاع الثاني", "المسافة_بين_الكبنة_والبوكس": "285m", "I_D": "12-3", "created_user": null, "created_date": null, "last_edited_user": null, "last_edited_date": null}, "geometry": {"type": "Point", "coordinates": [31.56960288677198, 30.270034918030525, 0.0]}}, {"type": "Feature", "properties": {"Description": null, "Telecom_Feature_Type": "بوكس", "Easting": "031° 34' 5.17\" E", "Northing": "30° 16' 11.29\" N", "ID": "2", "GlobalID": "{27DC160A-E7CB-4146-9A86-4BF8C299E7C5}", "القطاع": "القطاع الثاني", "المسافة_بين_الكبنة_والبوكس": "275m", "I_D": "12-3", "created_user": null, "created_date": null, "last_edited_user": null, "last_edited_date": null}, "geometry": {"type": "Point", "coordinates": [31.569778568719165, 30.269968920904915, 0.0]}}, {"type": "Feature", "properties": {"Description": null, "Telecom_Feature_Type": "بوكس", "Easting": "031° 34' 7.46\" E", "Northing": "30° 16' 9.45\" N", "ID": "5", "GlobalID": "{A7F83482-2C9B-4E08-9F9B-9994023D52EF}", "القطاع": "القطاع الثاني", "المسافة_بين_الكبنة_والبوكس": "175m", "I_D": "12-3", "created_user": null, "created_date": null, "last_edited_user": null, "last_edited_date": null}, "geometry": {"type": "Point", "coordinates": [31.570416249201603, 30.269457152800925, 0.0]}}, {"type": "Feature", "properties": {"Description": null, "Telecom_Feature_Type": "بوكس", "Easting": "031° 34' 5.91\" E", "Northing": "30° 16' 10.61\" N", "ID": "3", "GlobalID": "{AAD7CCA9-E1F6-457E-B3FB-3586F7A3187F}", "القطاع": "القطاع الثاني", "المسافة_بين_الكبنة_والبوكس": "235m", "I_D": "12-3", "created_user": null, "created_date": null, "last_edited_user": null, "last_edited_date": null}, "geometry": {"type": "Point", "coordinates": [31.569985477081822, 30.269779014824323, 0.0]}}, {"type": "Feature", "properties": {"Description": null, "Telecom_Feature_Type": "بوكس", "Easting": "031° 34' 6.45\" E", "Northing": "30° 16' 9.8\" N", "ID": "4", "GlobalID": "{3BFB377A-34DD-4350-9930-E6E8B9E8DBA1}", "القطاع": "القطاع الثاني", "المسافة_بين_الكبنة_والبوكس": "200m", "I_D": "12-3", "created_user": null, "created_date": null, "last_edited_user": null, "last_edited_date": null}, "geometry": {"type": "Point", "coordinates": [31.57013666012675, 30.269553851654997, 0.0]}}, {"type": "Feature", "properties": {"Description": null, "Telecom_Feature_Type": "بوكس", "Easting": "031° 34' 3.61\" E", "Northing": "30° 16' 10.61\" N", "ID": "6", "GlobalID": "{8CFF77B4-26C8-40D0-AC65-78260415B86B}", "القطاع": "القطاع الثاني", "المسافة_بين_الكبنة_والبوكس": "265m", "I_D": "12-3", "created_user": null, "created_date": null, "last_edited_user": null, "last_edited_date": null}, "geometry": {"type": "Point", "coordinates": [31.569347115565478, 30.269780517562193, 0.0]}}, {"type": "Feature", "properties": {"Description": null, "Telecom_Feature_Type": "بوكس", "Easting": "031° 34' 4.65\" E", "Northing": "30° 16' 9.34\" N", "ID": "8", "GlobalID": "{D4AD56B3-E1CF-4108-8CC5-2423AE34008D}", "القطاع": "القطاع الثاني", "المسافة_بين_الكبنة_والبوكس": "215m", "I_D": "12-3", "created_user": null, "created_date": null, "last_edited_user": null, "last_edited_date": null}, "geometry": {"type": "Point", "coordinates": [31.569634953108626, 30.269426362944074, 0.0]}}, {"type": "Feature", "properties": {"Description": null, "Telecom_Feature_Type": "بوكس", "Easting": "031° 34' 5.67\" E", "Northing": "30° 16' 9.01\" N", "ID": "9", "GlobalID": "{FD12B289-BFCA-4708-81FE-FF63C54FFF12}", "القطاع": "القطاع الثاني", "المسافة_بين_الكبنة_والبوكس": "180m", "I_D": "12-3", "created_user": null, "created_date": null, "last_edited_user": null, "last_edited_date": null}, "geometry": {"type": "Point", "coordinates": [31.569918911955057, 30.269335204562545, 0.0]}}, {"type": "Feature", "properties": {"Description": null, "Telecom_Feature_Type": "بوكس", "Easting": "031° 34' 6.21\" E", "Northing": "30° 16' 8.18\" N", "ID": "10", "GlobalID": "{5675441E-BE4B-442E-ABDA-00B48E3028B7}", "القطاع": "القطاع الثاني", "المسافة_بين_الكبنة_والبوكس": "150m", "I_D": "12-3", "created_user": null, "created_date": null, "last_edited_user": null, "last_edited_date": null}, "geometry": {"type": "Point", "coordinates": [31.570068008736047, 30.269105527680622, 0.0]}}, {"type": "Feature", "properties": {"Description": null, "Telecom_Feature_Type": "بوكس", "Easting": "031° 34' 3.51\" E", "Northing": "30° 16' 10.08\" N", "ID": "7", "GlobalID": "{0858D99A-194D-4956-B9AF-2339AF43B27F}", "القطاع": "القطاع الثاني", "المسافة_بين_الكبنة_والبوكس": "250m", "I_D": "12-3", "created_user": null, "created_date": null, "last_edited_user": null, "last_edited_date": null}, "geometry": {"type": "Point", "coordinates": [31.56931855526919, 30.269632161547893, 0.0]}}, {"type": "Feature", "properties": {"Description": null, "Telecom_Feature_Type": "بوكس", "Easting": "031° 34' 5.79\" E", "Northing": "30° 16' 13.21\" N", "ID": "17", "GlobalID": "{391CFB6C-9B14-4284-A7D9-DC7A39EC9F30}", "القطاع": "القطاع الثاني", "المسافة_بين_الكبنة_والبوكس": "275m", "I_D": "12-4", "created_user": null, "created_date": null, "last_edited_user": null, "last_edited_date": null}, "geometry": {"type": "Point", "coordinates": [31.56995205840781, 30.27050227967873, 0.0]}}, {"type": "Feature", "properties": {"Description": null, "Telecom_Feature_Type": "بوكس", "Easting": "031° 34' 5.88\" E", "Northing": "30° 16' 12.66\" N", "ID": "18", "GlobalID": "{77FD1C6E-CF39-4F09-A449-DDAD651F409E}", "القطاع": "القطاع الثاني", "المسافة_بين_الكبنة_والبوكس": "265m", "I_D": "12-4", "created_user": null, "created_date": null, "last_edited_user": null, "last_edited_date": null}, "geometry": {"type": "Point", "coordinates": [31.569977553879042, 30.27034971810741, 0.0]}}, {"type": "Feature", "properties": {"Description": null, "Telecom_Feature_Type": "بوكس", "Easting": "031° 34' 7.24\" E", "Northing": "30° 16' 12.28\" N", "ID": "19", "GlobalID": "{0BC68F15-9881-475B-99D3-3913EB577E0A}", "القطاع": "القطاع الثاني", "المسافة_بين_الكبنة_والبوكس": "225m", "I_D": "12-4", "created_user": null, "created_date": null, "last_edited_user": null, "last_edited_date": null}, "geometry": {"type": "Point", "coordinates": [31.57035489105022, 30.270244488756738, 0.0]}}, {"type": "Feature", "properties": {"Description": null, "Telecom_Feature_Type": "بوكس", "Easting": "031° 34' 8.33\" E", "Northing": "30° 16' 12.24\" N", "ID": "20", "GlobalID": "{A8F17884-6018-46B7-A500-AE6280BA849A}", "القطاع": "القطاع الثاني", "المسافة_بين_الكبنة_والبوكس": "190m", "I_D": "12-4", "created_user": null, "created_date": null, "last_edited_user": null, "last_edited_date": null}, "geometry": {"type": "Point", "coordinates": [31.57065801545187, 30.270234059495877, 0.0]}}, {"type": "Feature", "properties": {"Description": null, "Telecom_Feature_Type": "بوكس", "Easting": "031° 34' 9.27\" E", "Northing": "30° 16' 11.88\" N", "ID": "21", "GlobalID": "{5A043E3C-117A-4FDF-9791-33898FED007A}", "القطاع": "القطاع الثاني", "المسافة_بين_الكبنة_والبوكس": "165m", "I_D": "12-4", "created_user": null, "created_date": null, "last_edited_user": null, "last_edited_date": null}, "geometry": {"type": "Point", "coordinates": [31.570919699094897, 30.270133221323157, 0.0]}}, {"type": "Feature", "properties": {"Description": null, "Telecom_Feature_Type": "بوكس", "Easting": "031° 33' 48.43\" E", "Northing": "30° 16' 3.79\" N", "ID": "23", "GlobalID": "{AE3A4D1A-549D-48A6-BAAE-55D5DFEE5C5C}", "القطاع": "القطاع الثاني", "المسافة_بين_الكبنة_والبوكس": "200m", "I_D": "11-3", "created_user": null, "created_date": null, "last_edited_user": null, "last_edited_date": null}, "geometry": {"type": "Point", "coordinates": [31.56512974611382, 30.267885313273787, 0.0]}}, {"type": "Feature", "properties": {"Description": null, "Telecom_Feature_Type": "بوكس", "Easting": "031° 33' 49.27\" E", "Northing": "30° 16' 2.79\" N", "ID": "22", "GlobalID": "{3BDA283F-28FC-4B71-A9B7-B1D627081830}", "القطاع": "القطاع الثاني", "المسافة_بين_الكبنة_والبوكس": "240m", "I_D": "11-3", "created_user": null, "created_date": null, "last_edited_user": null, "last_edited_date": null}, "geometry": {"type": "Point", "coordinates": [31.565364044644095, 30.267607953233583, 0.0]}}, {"type": "Feature", "properties": {"Description": null, "Telecom_Feature_Type": "بوكس", "Easting": "031° 33' 50.59\" E", "Northing": "30° 16' 6.1\" N", "ID": "32", "GlobalID": "{493D6C03-EE8C-4A03-8F31-BF37BADC9C93}", "القطاع": "القطاع الثاني", "المسافة_بين_الكبنة_والبوكس": "70m", "I_D": "11-3", "created_user": null, "created_date": null, "last_edited_user": null, "last_edited_date": null}, "geometry": {"type": "Point", "coordinates": [31.565728625371804, 30.268526854102497, 0.0]}}, {"type": "Feature", "properties": {"Description": null, "Telecom_Feature_Type": "بوكس", "Easting": "031° 33' 51.47\" E", "Northing": "30° 16' 5.55\" N", "ID": "31", "GlobalID": "{6FE311C1-135C-4FF4-A1A7-7078E929E7F6}", "القطاع": "القطاع الثاني", "المسافة_بين_الكبنة_والبوكس": "100m", "I_D": "11-3", "created_user": null, "created_date": null, "last_edited_user": null, "last_edited_date": null}, "geometry": {"type": "Point", "coordinates": [31.565973817040206, 30.268373314711337, 0.0]}}, {"type": "Feature", "properties": {"Description": null, "Telecom_Feature_Type": "بوكس", "Easting": "031° 33' 52.37\" E", "Northing": "30° 16' 4.59\" N", "ID": "30", "GlobalID": "{018D0838-FB56-40C1-A1E9-7EF0FCC6E470}", "القطاع": "القطاع الثاني", "المسافة_بين_الكبنة_والبوكس": "140m", "I_D": "11-3", "created_user": null, "created_date": null, "last_edited_user": null, "last_edited_date": null}, "geometry": {"type": "Point", "coordinates": [31.566224548062962, 30.26810680961252, 0.0]}}, {"type": "Feature", "properties": {"Description": null, "Telecom_Feature_Type": "بوكس", "Easting": "031° 33' 53.47\" E", "Northing": "30° 16' 7.92\" N", "ID": "12", "GlobalID": "{5833BDD5-962D-4620-8520-5279B05F1C50}", "القطاع": "القطاع الثاني", "المسافة_بين_الكبنة_والبوكس": "170m", "I_D": "11-3", "created_user": null, "created_date": null, "last_edited_user": null, "last_edited_date": null}, "geometry": {"type": "Point", "coordinates": [31.566530783794512, 30.26903202171084, 0.0]}}, {"type": "Feature", "properties": {"Description": null, "Telecom_Feature_Type": "بوكس", "Easting": "031° 33' 54.39\" E", "Northing": "30° 16' 7.41\" N", "ID": "11", "GlobalID": "{4051573F-5114-4991-B620-339BF2805643}", "القطاع": "القطاع الثاني", "المسافة_بين_الكبنة_والبوكس": "130m", "I_D": "11-3", "created_user": null, "created_date": null, "last_edited_user": null, "last_edited_date": null}, "geometry": {"type": "Point", "coordinates": [31.566784938844663, 30.26889066298563, 0.0]}}, {"type": "Feature", "properties": {"Description": null, "Telecom_Feature_Type": "بوكس", "Easting": "031° 33' 55.33\" E", "Northing": "30° 16' 6.48\" N", "ID": "10", "GlobalID": "{B2E2C7A8-2C78-45E2-AABD-77861B0C379D}", "القطاع": "القطاع الثاني", "المسافة_بين_الكبنة_والبوكس": "170m", "I_D": "11-3", "created_user": null, "created_date": null, "last_edited_user": null, "last_edited_date": null}, "geometry": {"type": "Point", "coordinates": [31.567046827378014, 30.268631667251054, 0.0]}}, {"type": "Feature", "properties": {"Description": null, "Telecom_Feature_Type": "بوكس", "Easting": "031° 33' 56.56\" E", "Northing": "30° 16' 9.69\" N", "ID": "4", "GlobalID": "{6A0F4B92-6414-4C50-814F-EF99C369595F}", "القطاع": "القطاع الثاني", "المسافة_بين_الكبنة_والبوكس": "190m", "I_D": "11-3", "created_user": null, "created_date": null, "last_edited_user": null, "last_edited_date": null}, "geometry": {"type": "Point", "coordinates": [31.567389090529076, 30.269524460719822, 0.0]}}, {"type": "Feature", "properties": {"Description": null, "Telecom_Feature_Type": "بوكس", "Easting": "031° 33' 57.48\" E", "Northing": "30° 16' 9.2\" N", "ID": "3", "GlobalID": "{3E9CE614-ACA3-4291-8AD0-96943E8492F3}", "القطاع": "القطاع الثاني", "المسافة_بين_الكبنة_والبوكس": "220m", "I_D": "11-3", "created_user": null, "created_date": null, "last_edited_user": null, "last_edited_date": null}, "geometry": {"type": "Point", "coordinates": [31.567643376301145, 30.269388127765424, 0.0]}}, {"type": "Feature", "properties": {"Description": null, "Telecom_Feature_Type": "بوكس", "Easting": "031° 33' 58.48\" E", "Northing": "30° 16' 8.31\" N", "ID": "2", "GlobalID": "{BB443F6A-947F-4F32-91AB-A630F8444EAC}", "القطاع": "القطاع الثاني", "المسافة_بين_الكبنة_والبوكس": "260m", "I_D": "11-3", "created_user": null, "created_date": null, "last_edited_user": null, "last_edited_date": null}, "geometry": {"type": "Point", "coordinates": [31.567920202200476, 30.26914010848047, 0.0]}}, {"type": "Feature", "properties": {"Description": null, "Telecom_Feature_Type": "بوكس", "Easting": "031° 34' 2.04\" E", "Northing": "30° 16' 14.31\" N", "ID": "21", "GlobalID": "{D3A650AA-745F-4A0C-AED2-B362DCF1FB95}", "القطاع": "القطاع الثاني", "المسافة_بين_الكبنة_والبوكس": "50m", "I_D": "10-4", "created_user": null, "created_date": null, "last_edited_user": null, "last_edited_date": null}, "geometry": {"type": "Point", "coordinates": [31.568909923297976, 30.27080863372785, 0.0]}}, {"type": "Feature", "properties": {"Description": null, "Telecom_Feature_Type": "بوكس", "Easting": "031° 34' 3.12\" E", "Northing": "30° 16' 13.51\" N", "ID": "20", "GlobalID": "{EE36DA33-2DCD-4091-BAC3-F7BA7422BD13}", "القطاع": "القطاع الثاني", "المسافة_بين_الكبنة_والبوكس": "100m", "I_D": "10-4", "created_user": null, "created_date": null, "last_edited_user": null, "last_edited_date": null}, "geometry": {"type": "Point", "coordinates": [31.56920937609457, 30.270584457452347, 0.0]}}, {"type": "Feature", "properties": {"Description": null, "Telecom_Feature_Type": "بوكس", "Easting": "031° 34' 5.34\" E", "Northing": "30° 16' 16.74\" N", "ID": "8", "GlobalID": "{AD05BA56-4CA0-4DFC-9839-E872F42DB636}", "القطاع": "القطاع الثاني", "المسافة_بين_الكبنة_والبوكس": "140m", "I_D": "10-4", "created_user": null, "created_date": null, "last_edited_user": null, "last_edited_date": null}, "geometry": {"type": "Point", "coordinates": [31.56982730987359, 30.271481845613117, 0.0]}}, {"type": "Feature", "properties": {"Description": null, "Telecom_Feature_Type": "بوكس", "Easting": "031° 33' 46.74\" E", "Northing": "30° 16' 3.58\" N", "ID": "20", "GlobalID": "{F5E2EC85-9662-496E-B728-A70FB8A90BC6}", "القطاع": "القطاع الثاني", "المسافة_بين_الكبنة_والبوكس": "180m", "I_D": "11-3", "created_user": null, "created_date": null, "last_edited_user": null, "last_edited_date": null}, "geometry": {"type": "Point", "coordinates": [31.564661114739117, 30.267827641617483, 0.0]}}, {"type": "Feature", "properties": {"Description": null, "Telecom_Feature_Type": "بوكس", "Easting": "031° 33' 46.95\" E", "Northing": "30° 16' 2.65\" N", "ID": "19", "GlobalID": "{E9C3E23D-1993-4BDA-825A-120EB9A9EF0B}", "القطاع": "القطاع الثاني", "المسافة_بين_الكبنة_والبوكس": "220m", "I_D": "11-3", "created_user": null, "created_date": null, "last_edited_user": null, "last_edited_date": null}, "geometry": {"type": "Point", "coordinates": [31.56471862358892, 30.267568996207117, 0.0]}}, {"type": "Feature", "properties": {"Description": null, "Telecom_Feature_Type": "بوكس", "Easting": "031° 33' 47.62\" E", "Northing": "30° 16' 1.55\" N", "ID": "18", "GlobalID": "{5AAC14FA-0CA5-4926-9639-23A85451CF2F}", "القطاع": "القطاع الثاني", "المسافة_بين_الكبنة_والبوكس": "260m", "I_D": "11-3", "created_user": null, "created_date": null, "last_edited_user": null, "last_edited_date": null}, "geometry": {"type": "Point", "coordinates": [31.564903604745986, 30.267264026652256, 0.0]}}, {"type": "Feature", "properties": {"Description": null, "Telecom_Feature_Type": "بوكس", "Easting": "031° 33' 48.25\" E", "Northing": "30° 16' 1.56\" N", "ID": "17", "GlobalID": "{689F8E68-C958-4237-A58A-4BA91DF73256}", "القطاع": "القطاع الثاني", "المسافة_بين_الكبنة_والبوكس": "275m", "I_D": "11-3", "created_user": null, "created_date": null, "last_edited_user": null, "last_edited_date": null}, "geometry": {"type": "Point", "coordinates": [31.565081018951453, 30.267266100230103, 0.0]}}, {"type": "Feature", "properties": {"Description": null, "Telecom_Feature_Type": "بوكس", "Easting": "031° 33' 49.45\" E", "Northing": "30° 16' 2.2\" N", "ID": "21", "GlobalID": "{493F6C75-6419-4B63-8CF1-4B2D90D8D956}", "القطاع": "القطاع الثاني", "المسافة_بين_الكبنة_والبوكس": "250m", "I_D": "11-3", "created_user": null, "created_date": null, "last_edited_user": null, "last_edited_date": null}, "geometry": {"type": "Point", "coordinates": [31.565411966031057, 30.26744302976183, 0.0]}}, {"type": "Feature", "properties": {"Description": null, "Telecom_Feature_Type": "بوكس", "Easting": "031° 33' 50.07\" E", "Northing": "30° 16' 4.36\" N", "ID": "28", "GlobalID": "{2978B836-F35D-4F11-B217-3428FFA9979A}", "القطاع": "القطاع الثاني", "المسافة_بين_الكبنة_والبوكس": "120m", "I_D": "11-3", "created_user": null, "created_date": null, "last_edited_user": null, "last_edited_date": null}, "geometry": {"type": "Point", "coordinates": [31.56558485629347, 30.268043267687, 0.0]}}, {"type": "Feature", "properties": {"Description": null, "Telecom_Feature_Type": "بوكس", "Easting": "031° 33' 49.81\" E", "Northing": "30° 16' 5.28\" N", "ID": "29", "GlobalID": "{5CA8488A-A8D5-4537-8B7C-ADF5B633A5EF}", "القطاع": "القطاع الثاني", "المسافة_بين_الكبنة_والبوكس": "80m", "I_D": "11-3", "created_user": null, "created_date": null, "last_edited_user": null, "last_edited_date": null}, "geometry": {"type": "Point", "coordinates": [31.56551206298048, 30.268299401304635, 0.0]}}, {"type": "Feature", "properties": {"Description": null, "Telecom_Feature_Type": "بوكس", "Easting": "031° 33' 50.78\" E", "Northing": "30° 16' 3.28\" N", "ID": "27", "GlobalID": "{B970C327-73D9-4114-9F37-033DD8932AE3}", "القطاع": "القطاع الثاني", "المسافة_بين_الكبنة_والبوكس": "165m", "I_D": "11-3", "created_user": null, "created_date": null, "last_edited_user": null, "last_edited_date": null}, "geometry": {"type": "Point", "coordinates": [31.565781261291008, 30.26774423723922, 0.0]}}, {"type": "Feature", "properties": {"Description": null, "Telecom_Feature_Type": "بوكس", "Easting": "031° 33' 51.13\" E", "Northing": "30° 16' 3.15\" N", "ID": "26", "GlobalID": "{EAAE7FA0-0992-4CD0-869A-4A2216FAF2FD}", "القطاع": "القطاع الثاني", "المسافة_بين_الكبنة_والبوكس": "179m", "I_D": "11-3", "created_user": null, "created_date": null, "last_edited_user": null, "last_edited_date": null}, "geometry": {"type": "Point", "coordinates": [31.56587939074388, 30.267707625681723, 0.0]}}, {"type": "Feature", "properties": {"Description": null, "Telecom_Feature_Type": "بوكس", "Easting": "031° 33' 52.56\" E", "Northing": "30° 16' 4.01\" N", "ID": "29", "GlobalID": "{716AB94C-7CE0-4697-B6AF-350162BB7EFA}", "القطاع": "القطاع الثاني", "المسافة_بين_الكبنة_والبوكس": "155m", "I_D": null, "created_user": null, "created_date": null, "last_edited_user": null, "last_edited_date": null}, "geometry": {"type": "Point", "coordinates": [31.56627838585413, 30.267946675415388, 0.0]}}, {"type": "Feature", "properties": {"Description": null, "Telecom_Feature_Type": "بوكس", "Easting": "031° 33' 53.06\" E", "Northing": "30° 16' 6.17\" N", "ID": "15", "GlobalID": "{5BD8D6F7-874E-4C05-92D6-224693EA498E}", "القطاع": "القطاع الثاني", "المسافة_بين_الكبنة_والبوكس": "90m", "I_D": "11-3", "created_user": null, "created_date": null, "last_edited_user": null, "last_edited_date": null}, "geometry": {"type": "Point", "coordinates": [31.566415536743303, 30.268546359249516, 0.0]}}, {"type": "Feature", "properties": {"Description": null, "Telecom_Feature_Type": "بوكس", "Easting": "031° 33' 52.75\" E", "Northing": "30° 16' 7.08\" N", "ID": "16", "GlobalID": "{84BCE841-7657-4284-90FB-0447B425682E}", "القطاع": "القطاع الثاني", "المسافة_بين_الكبنة_والبوكس": "50m", "I_D": "11-3", "created_user": null, "created_date": null, "last_edited_user": null, "last_edited_date": null}, "geometry": {"type": "Point", "coordinates": [31.56632918455315, 30.268798308628284, 0.0]}}, {"type": "Feature", "properties": {"Description": null, "Telecom_Feature_Type": "بوكس", "Easting": "031° 33' 53.83\" E", "Northing": "30° 16' 5.13\" N", "ID": "14", "GlobalID": "{EA2D26EC-DA74-48DD-ADB3-2D149E57B162}", "القطاع": "القطاع الثاني", "المسافة_بين_الكبنة_والبوكس": "130m", "I_D": "11-3", "created_user": null, "created_date": null, "last_edited_user": null, "last_edited_date": null}, "geometry": {"type": "Point", "coordinates": [31.566630960853118, 30.268256964046678, 0.0]}}, {"type": "Feature", "properties": {"Description": null, "Telecom_Feature_Type": "بوكس", "Easting": "031° 33' 54.45\" E", "Northing": "30° 16' 5.2\" N", "ID": "15", "GlobalID": "{E8D76DD9-93B2-4A35-B4F3-D90EA9810C2F}", "القطاع": "القطاع الثاني", "المسافة_بين_الكبنة_والبوكس": "150m", "I_D": "11-3", "created_user": null, "created_date": null, "last_edited_user": null, "last_edited_date": null}, "geometry": {"type": "Point", "coordinates": [31.56680227471045, 30.268276438609046, 0.0]}}, {"type": "Feature", "properties": {"Description": null, "Telecom_Feature_Type": "بوكس", "Easting": "031° 33' 55.78\" E", "Northing": "30° 16' 8.36\" N", "ID": "7", "GlobalID": "{D4F39878-1B70-46CD-909E-30A3DC309C5D}", "القطاع": "القطاع الثاني", "المسافة_بين_الكبنة_والبوكس": "190m", "I_D": "11-3", "created_user": null, "created_date": null, "last_edited_user": null, "last_edited_date": null}, "geometry": {"type": "Point", "coordinates": [31.56717182483154, 30.269155609391763, 0.0]}}, {"type": "Feature", "properties": {"Description": null, "Telecom_Feature_Type": "بوكس", "Easting": "031° 33' 55.41\" E", "Northing": "30° 16' 9.25\" N", "ID": "8", "GlobalID": "{DE98DCC1-33D8-4BC3-9BD7-A2D2996435F8}", "القطاع": "القطاع الثاني", "المسافة_بين_الكبنة_والبوكس": "150m", "I_D": "11-3", "created_user": null, "created_date": null, "last_edited_user": null, "last_edited_date": null}, "geometry": {"type": "Point", "coordinates": [31.567068690832187, 30.26940141130145, 0.0]}}, {"type": "Feature", "properties": {"Description": null, "Telecom_Feature_Type": "بوكس", "Easting": "031° 33' 56.6\" E", "Northing": "30° 16' 7.34\" N", "ID": "6", "GlobalID": "{373DDB2F-CE24-4F5C-84A7-86DAF9B5C2C1}", "القطاع": "القطاع الثاني", "المسافة_بين_الكبنة_والبوكس": "230m", "I_D": "11-3", "created_user": null, "created_date": null, "last_edited_user": null, "last_edited_date": null}, "geometry": {"type": "Point", "coordinates": [31.56739833224331, 30.268872013883076, 0.0]}}, {"type": "Feature", "properties": {"Description": null, "Telecom_Feature_Type": "بوكس", "Easting": "031° 33' 57.18\" E", "Northing": "30° 16' 7.01\" N", "ID": "5", "GlobalID": "{6B6A5664-0D1D-43EB-9FCC-416BCC3D5258}", "القطاع": "القطاع الثاني", "المسافة_بين_الكبنة_والبوكس": "250m", "I_D": "11-3", "created_user": null, "created_date": null, "last_edited_user": null, "last_edited_date": null}, "geometry": {"type": "Point", "coordinates": [31.56756086505969, 30.268780954688523, 0.0]}}, {"type": "Feature", "properties": {"Description": null, "Telecom_Feature_Type": "بوكس", "Easting": "031° 33' 58.62\" E", "Northing": "30° 16' 10.21\" N", "ID": "11", "GlobalID": "{22063381-3D38-4D48-B6B4-33089303D3B1}", "القطاع": "القطاع الثاني", "المسافة_بين_الكبنة_والبوكس": "220m", "I_D": "10-4", "created_user": null, "created_date": null, "last_edited_user": null, "last_edited_date": null}, "geometry": {"type": "Point", "coordinates": [31.567961458368423, 30.269667966433087, 0.0]}}, {"type": "Feature", "properties": {"Description": null, "Telecom_Feature_Type": "بوكس", "Easting": "031° 33' 59.22\" E", "Northing": "30° 16' 9.9\" N", "ID": "10", "GlobalID": "{EFE70CE2-2282-4EF7-AFDF-776D9DA6F503}", "القطاع": "القطاع الثاني", "المسافة_بين_الكبنة_والبوكس": "235m", "I_D": "10-4", "created_user": null, "created_date": null, "last_edited_user": null, "last_edited_date": null}, "geometry": {"type": "Point", "coordinates": [31.5681280259126, 30.26958408917941, 0.0]}}, {"type": "Feature", "properties": {"Description": null, "Telecom_Feature_Type": "بوكس", "Easting": "031° 34' 0.43\" E", "Northing": "30° 16' 13.34\" N", "ID": "18", "GlobalID": "{461474B9-B1DA-4857-81E1-D5CB7A8CF8BC}", "القطاع": "القطاع الثاني", "المسافة_بين_الكبنة_والبوكس": "90m", "I_D": "10-4", "created_user": null, "created_date": null, "last_edited_user": null, "last_edited_date": null}, "geometry": {"type": "Point", "coordinates": [31.56846196079538, 30.270537823472228, 0.0]}}, {"type": "Feature", "properties": {"Description": null, "Telecom_Feature_Type": "بوكس", "Easting": "031° 34' 1.35\" E", "Northing": "30° 16' 12.4\" N", "ID": "17", "GlobalID": "{6518A327-64CF-4936-8F24-DCAB41087F07}", "القطاع": "القطاع الثاني", "المسافة_بين_الكبنة_والبوكس": "130m", "I_D": "10-4", "created_user": null, "created_date": null, "last_edited_user": null, "last_edited_date": null}, "geometry": {"type": "Point", "coordinates": [31.568718899229594, 30.27027609468107, 0.0]}}, {"type": "Feature", "properties": {"Description": null, "Telecom_Feature_Type": "بوكس", "Easting": "031° 34' 1.96\" E", "Northing": "30° 16' 12.11\" N", "ID": "16", "GlobalID": "{79ED60FA-2427-48EB-B74B-007A3474A679}", "القطاع": "القطاع الثاني", "المسافة_بين_الكبنة_والبوكس": "140m", "I_D": "10-4", "created_user": null, "created_date": null, "last_edited_user": null, "last_edited_date": null}, "geometry": {"type": "Point", "coordinates": [31.568889070182824, 30.270197463360308, 0.0]}}, {"type": "Feature", "properties": {"Description": null, "Telecom_Feature_Type": "بوكس", "Easting": "031° 33' 55.57\" E", "Northing": "30° 16' 5.92\" N", "ID": "9", "GlobalID": "{33D1A857-38AF-4EDB-BEC5-F8F92FD8E996}", "القطاع": "القطاع الثاني", "المسافة_بين_الكبنة_والبوكس": "185m", "I_D": "11-3", "created_user": null, "created_date": null, "last_edited_user": null, "last_edited_date": null}, "geometry": {"type": "Point", "coordinates": [31.567114061793003, 30.268476289921455, 0.0]}}, {"type": "Feature", "properties": {"Description": null, "Telecom_Feature_Type": "بوكس", "Easting": "031° 33' 58.26\" E", "Northing": "30° 16' 7.79\" N", "ID": "1", "GlobalID": "{AFB1CEC9-2A7C-4D47-9011-C71155CC2DBD}", "القطاع": "القطاع الثاني", "المسافة_بين_الكبنة_والبوكس": "275m", "I_D": "11-3", "created_user": null, "created_date": null, "last_edited_user": null, "last_edited_date": null}, "geometry": {"type": "Point", "coordinates": [31.56785966686027, 30.26899737680057, 0.0]}}, {"type": "Feature", "properties": {"Description": null, "Telecom_Feature_Type": "بوكس", "Easting": "031° 33' 59.43\" E", "Northing": "30° 16' 12.1\" N", "ID": "15", "GlobalID": "{7935A273-FE28-4144-B8DE-CDF12B8AF022}", "القطاع": "القطاع الثاني", "المسافة_بين_الكبنة_والبوكس": "160m", "I_D": "10-4", "created_user": null, "created_date": null, "last_edited_user": null, "last_edited_date": null}, "geometry": {"type": "Point", "coordinates": [31.568184947404642, 30.27019306128242, 0.0]}}, {"type": "Feature", "properties": {"Description": null, "Telecom_Feature_Type": "بوكس", "Easting": "031° 34' 0.45\" E", "Northing": "30° 16' 11.24\" N", "ID": "14", "GlobalID": "{2FB38E87-BC08-4E9C-8E8A-8F3B118168D0}", "القطاع": "القطاع الثاني", "المسافة_بين_الكبنة_والبوكس": "190m", "I_D": "10-4", "created_user": null, "created_date": null, "last_edited_user": null, "last_edited_date": null}, "geometry": {"type": "Point", "coordinates": [31.568468306499707, 30.26995548708863, 0.0]}}, {"type": "Feature", "properties": {"Description": null, "Telecom_Feature_Type": "بوكس", "Easting": "031° 34' 0.27\" E", "Northing": "30° 16' 10.7\" N", "ID": "13", "GlobalID": "{0886EE25-1AEF-4D03-BFF0-C6D001B94350}", "القطاع": "القطاع الثاني", "المسافة_بين_الكبنة_والبوكس": "200m", "I_D": "10-4", "created_user": null, "created_date": null, "last_edited_user": null, "last_edited_date": null}, "geometry": {"type": "Point", "coordinates": [31.56841990357372, 30.269806221021565, 0.0]}}, {"type": "Feature", "properties": {"Description": null, "Telecom_Feature_Type": "بوكس", "Easting": "031° 33' 56.44\" E", "Northing": "30° 16' 12.45\" N", "ID": "3", "GlobalID": "{166A0867-0E49-4124-83FD-69D9BB7B90DC}", "القطاع": "القطاع الثاني", "المسافة_بين_الكبنة_والبوكس": "265m", "I_D": "7-4", "created_user": null, "created_date": null, "last_edited_user": null, "last_edited_date": null}, "geometry": {"type": "Point", "coordinates": [31.5673544260582, 30.270291071886806, 0.0]}}, {"type": "Feature", "properties": {"Description": null, "Telecom_Feature_Type": "بوكس", "Easting": "031° 33' 55.01\" E", "Northing": "30° 16' 10.98\" N", "ID": "6", "GlobalID": "{E5B1CD21-E3A7-4791-9883-9CC8F4B46056}", "القطاع": "القطاع الثاني", "المسافة_بين_الكبنة_والبوكس": "190m", "I_D": "11-4", "created_user": null, "created_date": null, "last_edited_user": null, "last_edited_date": null}, "geometry": {"type": "Point", "coordinates": [31.566956382121482, 30.269883393434508, 0.0]}}, {"type": "Feature", "properties": {"Description": null, "Telecom_Feature_Type": "بوكس", "Easting": "031° 33' 53.63\" E", "Northing": "30° 16' 12.33\" N", "ID": "4", "GlobalID": "{277B45CA-D1B7-4A6D-99C7-C96A8F56D8BB}", "القطاع": "القطاع الثاني", "المسافة_بين_الكبنة_والبوكس": "260m", "I_D": "11-4", "created_user": null, "created_date": null, "last_edited_user": null, "last_edited_date": null}, "geometry": {"type": "Point", "coordinates": [31.566573473363928, 30.27025775825407, 0.0]}}, {"type": "Feature", "properties": {"Description": null, "Telecom_Feature_Type": "بوكس", "Easting": "031° 33' 52.53\" E", "Northing": "30° 16' 11.57\" N", "ID": "7", "GlobalID": "{E04D62B3-78C1-4C0D-8EC1-66C35D1A1B2E}", "القطاع": "القطاع الثاني", "المسافة_بين_الكبنة_والبوكس": "210m", "I_D": "11-4", "created_user": null, "created_date": null, "last_edited_user": null, "last_edited_date": null}, "geometry": {"type": "Point", "coordinates": [31.566269386933378, 30.27004711111406, 0.0]}}, {"type": "Feature", "properties": {"Description": null, "Telecom_Feature_Type": "بوكس", "Easting": "031° 33' 52.31\" E", "Northing": "30° 16' 11.06\" N", "ID": "8", "GlobalID": "{8FC25B27-7FD6-42F9-9921-D9750DF66EEC}", "القطاع": "القطاع الثاني", "المسافة_بين_الكبنة_والبوكس": "200m", "I_D": "11-4", "created_user": null, "created_date": null, "last_edited_user": null, "last_edited_date": null}, "geometry": {"type": "Point", "coordinates": [31.56620854893192, 30.269904565802843, 0.0]}}, {"type": "Feature", "properties": {"Description": null, "Telecom_Feature_Type": "بوكس", "Easting": "031° 33' 53.3\" E", "Northing": "30° 16' 10.16\" N", "ID": "9", "GlobalID": "{3C7A1816-71ED-44B9-B9EC-59E9C64C7C3D}", "القطاع": "القطاع الثاني", "المسافة_بين_الكبنة_والبوكس": "160m", "I_D": "11-4", "created_user": null, "created_date": null, "last_edited_user": null, "last_edited_date": null}, "geometry": {"type": "Point", "coordinates": [31.566483092073295, 30.269655188281583, 0.0]}}, {"type": "Feature", "properties": {"Description": null, "Telecom_Feature_Type": "بوكس", "Easting": "031° 33' 50.4\" E", "Northing": "30° 16' 10.15\" N", "ID": "10", "GlobalID": "{425713C4-BA8C-4318-8E25-1266B616B369}", "القطاع": "القطاع الثاني", "المسافة_بين_الكبنة_والبوكس": "200m", "I_D": "11-4", "created_user": null, "created_date": null, "last_edited_user": null, "last_edited_date": null}, "geometry": {"type": "Point", "coordinates": [31.565676795354857, 30.269653330159212, 0.0]}}, {"type": "Feature", "properties": {"Description": null, "Telecom_Feature_Type": "بوكس", "Easting": "031° 33' 51.71\" E", "Northing": "30° 16' 8.72\" N", "ID": "12", "GlobalID": "{0D029246-F390-410F-89C1-7CEE9F52C4BA}", "القطاع": "القطاع الثاني", "المسافة_بين_الكبنة_والبوكس": "70m", "I_D": "11-4", "created_user": null, "created_date": null, "last_edited_user": null, "last_edited_date": null}, "geometry": {"type": "Point", "coordinates": [31.5660408759979, 30.269255967679065, 0.0]}}, {"type": "Feature", "properties": {"Description": null, "Telecom_Feature_Type": "بوكس", "Easting": "031° 33' 50.97\" E", "Northing": "30° 16' 9.78\" N", "ID": "11", "GlobalID": "{604DC447-2E6D-47F6-974B-00925A241831}", "القطاع": "القطاع الثاني", "المسافة_بين_الكبنة_والبوكس": "120m", "I_D": "11-4", "created_user": null, "created_date": null, "last_edited_user": null, "last_edited_date": null}, "geometry": {"type": "Point", "coordinates": [31.56583414626257, 30.269548633087048, 0.0]}}, {"type": "Feature", "properties": {"Description": null, "Telecom_Feature_Type": "بوكس", "Easting": "031° 33' 49.02\" E", "Northing": "30° 16' 8.93\" N", "ID": "26", "GlobalID": "{43B943DB-D68D-4B3E-A788-6D2D01B85524}", "القطاع": "القطاع الثاني", "المسافة_بين_الكبنة_والبوكس": "70m", "I_D": "11-4", "created_user": null, "created_date": null, "last_edited_user": null, "last_edited_date": null}, "geometry": {"type": "Point", "coordinates": [31.565294598542156, 30.269312872473865, 0.0]}}, {"type": "Feature", "properties": {"Description": null, "Telecom_Feature_Type": "بوكس", "Easting": "031° 33' 49.89\" E", "Northing": "30° 16' 7.97\" N", "ID": "27", "GlobalID": "{A3348800-1EBF-4C19-BCD2-2A055808097E}", "القطاع": "القطاع الثاني", "المسافة_بين_الكبنة_والبوكس": "40m", "I_D": "11-4", "created_user": null, "created_date": null, "last_edited_user": null, "last_edited_date": null}, "geometry": {"type": "Point", "coordinates": [31.565536597856735, 30.2690466769432, 0.0]}}, {"type": "Feature", "properties": {"Description": null, "Telecom_Feature_Type": "بوكس", "Easting": "031° 33' 47.04\" E", "Northing": "30° 16' 8.09\" N", "ID": "22", "GlobalID": "{E1D105F1-F705-41C0-9357-A3F6B27201E6}", "القطاع": "القطاع الثاني", "المسافة_بين_الكبنة_والبوكس": "140m", "I_D": "11-4", "created_user": null, "created_date": null, "last_edited_user": null, "last_edited_date": null}, "geometry": {"type": "Point", "coordinates": [31.564744345397504, 30.26908039043546, 0.0]}}, {"type": "Feature", "properties": {"Description": null, "Telecom_Feature_Type": "بوكس", "Easting": "031° 33' 48.26\" E", "Northing": "30° 16' 6.62\" N", "ID": "24", "GlobalID": "{BFF6A915-6A86-46CF-883B-A68EF82A5F20}", "القطاع": "القطاع الثاني", "المسافة_بين_الكبنة_والبوكس": "70m", "I_D": "11-4", "created_user": null, "created_date": null, "last_edited_user": null, "last_edited_date": null}, "geometry": {"type": "Point", "coordinates": [31.565081859802724, 30.26867073824909, 0.0]}}, {"type": "Feature", "properties": {"Description": null, "Telecom_Feature_Type": "بوكس", "Easting": "031° 33' 47.57\" E", "Northing": "30° 16' 7.7\" N", "ID": "23", "GlobalID": "{0DD227C1-86F8-48A4-9042-C549A1188FCC}", "القطاع": "القطاع الثاني", "المسافة_بين_الكبنة_والبوكس": "120m", "I_D": "11-4", "created_user": null, "created_date": null, "last_edited_user": null, "last_edited_date": null}, "geometry": {"type": "Point", "coordinates": [31.5648918087211, 30.268971580442166, 0.0]}}, {"type": "Feature", "properties": {"Description": null, "Telecom_Feature_Type": "بوكس", "Easting": "031° 33' 45.87\" E", "Northing": "30° 16' 7.43\" N", "ID": "19", "GlobalID": "{1F649B3C-91FA-4EC3-BA43-0E6E21E173D3}", "القطاع": "القطاع الثاني", "المسافة_بين_الكبنة_والبوكس": "185m", "I_D": "11-4", "created_user": null, "created_date": null, "last_edited_user": null, "last_edited_date": null}, "geometry": {"type": "Point", "coordinates": [31.564418233755816, 30.268897129590176, 0.0]}}, {"type": "Feature", "properties": {"Description": null, "Telecom_Feature_Type": "بوكس", "Easting": "031° 33' 45.58\" E", "Northing": "30° 16' 6.94\" N", "ID": "20", "GlobalID": "{D5334ECB-2810-42B2-B8E1-60319A021879}", "القطاع": "القطاع الثاني", "المسافة_بين_الكبنة_والبوكس": "175m", "I_D": "11-4", "created_user": null, "created_date": null, "last_edited_user": null, "last_edited_date": null}, "geometry": {"type": "Point", "coordinates": [31.564337681100245, 30.26876110879204, 0.0]}}, {"type": "Feature", "properties": {"Description": null, "Telecom_Feature_Type": "بوكس", "Easting": "031° 33' 46.44\" E", "Northing": "30° 16' 5.96\" N", "ID": "21", "GlobalID": "{5B1D90E3-CC08-420F-963A-0FC6C4722532}", "القطاع": "القطاع الثاني", "المسافة_بين_الكبنة_والبوكس": "135m", "I_D": "11-4", "created_user": null, "created_date": null, "last_edited_user": null, "last_edited_date": null}, "geometry": {"type": "Point", "coordinates": [31.56457753577144, 30.26848746251972, 0.0]}}, {"type": "Feature", "properties": {"Description": null, "Telecom_Feature_Type": "بوكس", "Easting": "031° 33' 43.62\" E", "Northing": "30° 16' 6.25\" N", "ID": "16", "GlobalID": "{9E1D9AEE-3541-45D4-91CC-1DE825684510}", "القطاع": "القطاع الثاني", "المسافة_بين_الكبنة_والبوكس": "250m", "I_D": "11-4", "created_user": null, "created_date": null, "last_edited_user": null, "last_edited_date": null}, "geometry": {"type": "Point", "coordinates": [31.563794303449946, 30.268568153165692, 0.0]}}, {"type": "Feature", "properties": {"Description": null, "Telecom_Feature_Type": "بوكس", "Easting": "031° 33' 44.57\" E", "Northing": "30° 16' 4.97\" N", "ID": "18", "GlobalID": "{DD1037BE-CD5B-47D8-B8F0-F901898DFD76}", "القطاع": "القطاع الثاني", "المسافة_بين_الكبنة_والبوكس": "190m", "I_D": "11-4", "created_user": null, "created_date": null, "last_edited_user": null, "last_edited_date": null}, "geometry": {"type": "Point", "coordinates": [31.564058456254454, 30.26821340160333, 0.0]}}, {"type": "Feature", "properties": {"Description": null, "Telecom_Feature_Type": "بوكس", "Easting": "031° 33' 44.13\" E", "Northing": "30° 16' 5.83\" N", "ID": "17", "GlobalID": "{21E038D6-04A2-478F-A71E-10802410E278}", "القطاع": "القطاع الثاني", "المسافة_بين_الكبنة_والبوكس": "230m", "I_D": "11-4", "created_user": null, "created_date": null, "last_edited_user": null, "last_edited_date": null}, "geometry": {"type": "Point", "coordinates": [31.563935634962473, 30.268452644955048, 0.0]}}, {"type": "Feature", "properties": {"Description": null, "Telecom_Feature_Type": "بوكس", "Easting": "031° 33' 42.89\" E", "Northing": "30° 16' 4.14\" N", "ID": "15", "GlobalID": "{8529D5E9-842C-4450-A5DA-D08687A27D9E}", "القطاع": "القطاع الثاني", "المسافة_بين_الكبنة_والبوكس": "250m", "I_D": "11-4", "created_user": null, "created_date": null, "last_edited_user": null, "last_edited_date": null}, "geometry": {"type": "Point", "coordinates": [31.563592145563504, 30.267982642707786, 0.0]}}, {"type": "Feature", "properties": {"Description": null, "Telecom_Feature_Type": "بوكس", "Easting": "031° 33' 46.13\" E", "Northing": "30° 16' 9.78\" N", "ID": "23", "GlobalID": "{901C8831-69ED-4061-B5A8-604A82A9DA43}", "القطاع": "القطاع الثاني", "المسافة_بين_الكبنة_والبوكس": "190m", "I_D": "10-2", "created_user": null, "created_date": null, "last_edited_user": null, "last_edited_date": null}, "geometry": {"type": "Point", "coordinates": [31.56449126178007, 30.269549256585695, 0.0]}}, {"type": "Feature", "properties": {"Description": null, "Telecom_Feature_Type": "بوكس", "Easting": "031° 33' 45.21\" E", "Northing": "30° 16' 8.84\" N", "ID": "20", "GlobalID": "{FA55EB86-84A0-4974-9312-7F28E964F137}", "القطاع": "القطاع الثاني", "المسافة_بين_الكبنة_والبوكس": "230m", "I_D": "10-2", "created_user": null, "created_date": null, "last_edited_user": null, "last_edited_date": null}, "geometry": {"type": "Point", "coordinates": [31.564234619303754, 30.26928863104807, 0.0]}}, {"type": "Feature", "properties": {"Description": null, "Telecom_Feature_Type": "بوكس", "Easting": "031° 33' 44.43\" E", "Northing": "30° 16' 8.79\" N", "ID": "21", "GlobalID": "{47576690-2782-4071-91A3-3010F8E43AF6}", "القطاع": "القطاع الثاني", "المسافة_بين_الكبنة_والبوكس": "220m", "I_D": "10-2", "created_user": null, "created_date": null, "last_edited_user": null, "last_edited_date": null}, "geometry": {"type": "Point", "coordinates": [31.56401967771746, 30.269274199176834, 0.0]}}, {"type": "Feature", "properties": {"Description": null, "Telecom_Feature_Type": "بوكس", "Easting": "031° 33' 45.28\" E", "Northing": "30° 16' 10.44\" N", "ID": "24", "GlobalID": "{B8496737-0958-48EA-954C-9985A554F214}", "القطاع": "القطاع الثاني", "المسافة_بين_الكبنة_والبوكس": "150m", "I_D": "10-2", "created_user": null, "created_date": null, "last_edited_user": null, "last_edited_date": null}, "geometry": {"type": "Point", "coordinates": [31.564253569208272, 30.26973284953575, 0.0]}}, {"type": "Feature", "properties": {"Description": null, "Telecom_Feature_Type": "بوكس", "Easting": "031° 33' 43.84\" E", "Northing": "30° 16' 9.62\" N", "ID": "22", "GlobalID": "{D49993FA-5E30-4069-AA1B-D74EC807BDB1}", "القطاع": "القطاع الثاني", "المسافة_بين_الكبنة_والبوكس": "175m", "I_D": "10-2", "created_user": null, "created_date": null, "last_edited_user": null, "last_edited_date": null}, "geometry": {"type": "Point", "coordinates": [31.563854835046968, 30.269505723029823, 0.0]}}, {"type": "Feature", "properties": {"Description": null, "Telecom_Feature_Type": "بوكس", "Easting": "031° 33' 43.48\" E", "Northing": "30° 16' 41.6\" N", "ID": "12", "GlobalID": "{1847934A-35D3-4E52-B2CE-63719B102F94}", "القطاع": "القطاع الثالث", "المسافة_بين_الكبنة_والبوكس": "160m", "I_D": "8-3", "created_user": null, "created_date": null, "last_edited_user": null, "last_edited_date": null}, "geometry": {"type": "Point", "coordinates": [31.563754263209805, 30.278388729503636, 0.0]}}, {"type": "Feature", "properties": {"Description": null, "Telecom_Feature_Type": "بوكس", "Easting": "031° 33' 43.98\" E", "Northing": "30° 16' 42.75\" N", "ID": "13", "GlobalID": "{3456032B-4747-4F9B-AA55-58114C45A82B}", "القطاع": "القطاع الثالث", "المسافة_بين_الكبنة_والبوكس": "125m", "I_D": "8-3", "created_user": null, "created_date": null, "last_edited_user": null, "last_edited_date": null}, "geometry": {"type": "Point", "coordinates": [31.56389319786273, 30.278708777695815, 0.0]}}, {"type": "Feature", "properties": {"Description": null, "Telecom_Feature_Type": "بوكس", "Easting": "031° 33' 46.09\" E", "Northing": "30° 16' 42.05\" N", "ID": "10", "GlobalID": "{CD199A48-8EEC-4EEB-A116-7458A397EB33}", "القطاع": "القطاع الثالث", "المسافة_بين_الكبنة_والبوكس": "170m", "I_D": "8-3", "created_user": null, "created_date": null, "last_edited_user": null, "last_edited_date": null}, "geometry": {"type": "Point", "coordinates": [31.564480996703924, 30.278513379275598, 0.0]}}, {"type": "Feature", "properties": {"Description": null, "Telecom_Feature_Type": "بوكس", "Easting": "031° 33' 45.1\" E", "Northing": "30° 16' 41.47\" N", "ID": "9", "GlobalID": "{A403F1A7-EE6F-46D6-8EAA-11F80E40ECD6}", "القطاع": "القطاع الثالث", "المسافة_بين_الكبنة_والبوكس": "200m", "I_D": "8-3", "created_user": null, "created_date": null, "last_edited_user": null, "last_edited_date": null}, "geometry": {"type": "Point", "coordinates": [31.564206293901535, 30.2783512881534, 0.0]}}, {"type": "Feature", "properties": {"Description": null, "Telecom_Feature_Type": "بوكس", "Easting": "031° 33' 45.61\" E", "Northing": "30° 16' 40.63\" N", "ID": "25", "GlobalID": "{F82454A9-479A-4F89-BDA2-49F2CB7507CF}", "القطاع": "القطاع الثالث", "المسافة_بين_الكبنة_والبوكس": "280m", "I_D": "8-3", "created_user": null, "created_date": null, "last_edited_user": null, "last_edited_date": null}, "geometry": {"type": "Point", "coordinates": [31.56434775868374, 30.278118881438825, 0.0]}}, {"type": "Feature", "properties": {"Description": null, "Telecom_Feature_Type": "بوكس", "Easting": "031° 33' 46.66\" E", "Northing": "30° 16' 40.26\" N", "ID": "7", "GlobalID": "{F43DE37A-A890-4DDC-BC8F-7E40A06ADACE}", "القطاع": "القطاع الثالث", "المسافة_بين_الكبنة_والبوكس": "250m", "I_D": "8-3", "created_user": null, "created_date": null, "last_edited_user": null, "last_edited_date": null}, "geometry": {"type": "Point", "coordinates": [31.564636926752538, 30.278017076876928, 0.0]}}, {"type": "Feature", "properties": {"Description": null, "Telecom_Feature_Type": "بوكس", "Easting": "031° 33' 47.17\" E", "Northing": "30° 16' 40.84\" N", "ID": "8", "GlobalID": "{FADF85C1-A327-4491-8B61-C1CBD8FDC236}", "القطاع": "القطاع الثالث", "المسافة_بين_الكبنة_والبوكس": "212m", "I_D": "8-3", "created_user": null, "created_date": null, "last_edited_user": null, "last_edited_date": null}, "geometry": {"type": "Point", "coordinates": [31.564781078742445, 30.278177853209478, 0.0]}}, {"type": "Feature", "properties": {"Description": null, "Telecom_Feature_Type": "بوكس", "Easting": "031° 33' 47.81\" E", "Northing": "30° 16' 39.37\" N", "ID": "4", "GlobalID": "{4502E1E7-16D4-45B9-854A-B7BAECBE7E2C}", "القطاع": "القطاع الثالث", "المسافة_بين_الكبنة_والبوكس": "290m", "I_D": "8-3", "created_user": null, "created_date": null, "last_edited_user": null, "last_edited_date": null}, "geometry": {"type": "Point", "coordinates": [31.564956429260985, 30.277768782726877, 0.0]}}, {"type": "Feature", "properties": {"Description": null, "Telecom_Feature_Type": "بوكس", "Easting": "031° 33' 48.8\" E", "Northing": "30° 16' 39.84\" N", "ID": "5", "GlobalID": "{7D7053BE-9545-4857-88A8-089B97FE535E}", "القطاع": "القطاع الثالث", "المسافة_بين_الكبنة_والبوكس": "270m", "I_D": "8-3", "created_user": null, "created_date": null, "last_edited_user": null, "last_edited_date": null}, "geometry": {"type": "Point", "coordinates": [31.56523314270967, 30.277900181539597, 0.0]}}, {"type": "Feature", "properties": {"Description": null, "Telecom_Feature_Type": "بوكس", "Easting": "031° 33' 55.59\" E", "Northing": "30° 16' 13.82\" N", "ID": "1", "GlobalID": "{5B3AE98E-0A57-439F-9BA4-E7634793D47F}", "القطاع": "القطاع الثاني", "المسافة_بين_الكبنة_والبوكس": "315m", "I_D": "7-4", "created_user": null, "created_date": null, "last_edited_user": null, "last_edited_date": null}, "geometry": {"type": "Point", "coordinates": [31.56711953342673, 30.2706718031415, 0.0]}}, {"type": "Feature", "properties": {"Description": null, "Telecom_Feature_Type": "بوكس", "Easting": "031° 33' 56.63\" E", "Northing": "30° 16' 14.63\" N", "ID": "22", "GlobalID": "{4B91FCBA-A9E4-4C54-AE87-9DD1D5B609AE}", "القطاع": "القطاع الثاني", "المسافة_بين_الكبنة_والبوكس": "215m", "I_D": "10-4", "created_user": null, "created_date": null, "last_edited_user": null, "last_edited_date": null}, "geometry": {"type": "Point", "coordinates": [31.56740762478765, 30.270898214822903, 0.0]}}, {"type": "Feature", "properties": {"Description": null, "Telecom_Feature_Type": "بوكس", "Easting": "031° 33' 58.1\" E", "Northing": "30° 16' 13.36\" N", "ID": "24", "GlobalID": "{FD2B0EA7-7E0A-495C-89F7-97757DE00AB1}", "القطاع": "القطاع الثاني", "المسافة_بين_الكبنة_والبوكس": "160m", "I_D": "10-4", "created_user": null, "created_date": null, "last_edited_user": null, "last_edited_date": null}, "geometry": {"type": "Point", "coordinates": [31.56781625353638, 30.270543005708827, 0.0]}}, {"type": "Feature", "properties": {"Description": null, "Telecom_Feature_Type": "بوكس", "Easting": "031° 33' 57.22\" E", "Northing": "30° 16' 14.33\" N", "ID": "23", "GlobalID": "{DD1C9CFC-9E58-4946-8D5A-2FC5862AA6FE}", "القطاع": "القطاع الثاني", "المسافة_بين_الكبنة_والبوكس": "200m", "I_D": "10-4", "created_user": null, "created_date": null, "last_edited_user": null, "last_edited_date": null}, "geometry": {"type": "Point", "coordinates": [31.567572807885405, 30.27081349994666, 0.0]}}, {"type": "Feature", "properties": {"Description": null, "Telecom_Feature_Type": "بوكس", "Easting": "031° 33' 54.1\" E", "Northing": "30° 16' 14.61\" N", "ID": "7", "GlobalID": "{51F7FA59-B66A-464A-86F1-B40558B5B696}", "القطاع": "القطاع الثاني", "المسافة_بين_الكبنة_والبوكس": "230m", "I_D": "10-2", "created_user": null, "created_date": null, "last_edited_user": null, "last_edited_date": null}, "geometry": {"type": "Point", "coordinates": [31.566704310352087, 30.270891396478625, 0.0]}}, {"type": "Feature", "properties": {"Description": null, "Telecom_Feature_Type": "بوكس", "Easting": "031° 34' 2.96\" E", "Northing": "30° 16' 12.97\" N", "ID": "19", "GlobalID": "{47755CE0-1C78-4C46-8786-AC5AAE07CF46}", "القطاع": "القطاع الثاني", "المسافة_بين_الكبنة_والبوكس": "110m", "I_D": "10-4", "created_user": null, "created_date": null, "last_edited_user": null, "last_edited_date": null}, "geometry": {"type": "Point", "coordinates": [31.56916553194599, 30.270434488152034, 0.0]}}, {"type": "Feature", "properties": {"Description": null, "Telecom_Feature_Type": "بوكس", "Easting": "031° 34' 3.29\" E", "Northing": "30° 16' 15.48\" N", "ID": "31", "GlobalID": "{6DD565FC-B123-4C18-8DEE-A8AA6C8C3113}", "القطاع": "القطاع الثاني", "المسافة_بين_الكبنة_والبوكس": "50m", "I_D": "10-4", "created_user": null, "created_date": null, "last_edited_user": null, "last_edited_date": null}, "geometry": {"type": "Point", "coordinates": [31.569259014528562, 30.271133328522588, 0.0]}}, {"type": "Feature", "properties": {"Description": null, "Telecom_Feature_Type": "بوكس", "Easting": "031° 34' 4.24\" E", "Northing": "30° 16' 15.09\" N", "ID": "30", "GlobalID": "{774148EE-E736-4182-BD05-7873E63A0163}", "القطاع": "القطاع الثاني", "المسافة_بين_الكبنة_والبوكس": "80m", "I_D": "10-4", "created_user": null, "created_date": null, "last_edited_user": null, "last_edited_date": null}, "geometry": {"type": "Point", "coordinates": [31.569520413678067, 30.271025739861305, 0.0]}}, {"type": "Feature", "properties": {"Description": null, "Telecom_Feature_Type": "بوكس", "Easting": "031° 34' 4.93\" E", "Northing": "30° 16' 15.05\" N", "ID": "29", "GlobalID": "{AC32073B-34B7-466E-ABC9-6DB7B6EF7134}", "القطاع": "القطاع الثاني", "المسافة_بين_الكبنة_والبوكس": "100m", "I_D": "10-4", "created_user": null, "created_date": null, "last_edited_user": null, "last_edited_date": null}, "geometry": {"type": "Point", "coordinates": [31.569712121528234, 30.271013310532755, 0.0]}}, {"type": "Feature", "properties": {"Description": null, "Telecom_Feature_Type": "بوكس", "Easting": "031° 34' 5.46\" E", "Northing": "30° 16' 16.18\" N", "ID": "7", "GlobalID": "{B909F1F4-8158-4BA6-8911-6C557EEBED2D}", "القطاع": "القطاع الثاني", "المسافة_بين_الكبنة_والبوكس": "160m", "I_D": "10-4", "created_user": null, "created_date": null, "last_edited_user": null, "last_edited_date": null}, "geometry": {"type": "Point", "coordinates": [31.56985915549107, 30.271326763244147, 0.0]}}, {"type": "Feature", "properties": {"Description": null, "Telecom_Feature_Type": "بوكس", "Easting": "031° 34' 3.99\" E", "Northing": "30° 16' 17.11\" N", "ID": "9", "GlobalID": "{516952EE-F8C2-4772-BAC2-C6E465E18162}", "القطاع": "القطاع الثاني", "المسافة_بين_الكبنة_والبوكس": "100m", "I_D": "10-4", "created_user": null, "created_date": null, "last_edited_user": null, "last_edited_date": null}, "geometry": {"type": "Point", "coordinates": [31.569452026934425, 30.271584868974877, 0.0]}}, {"type": "Feature", "properties": {"Description": null, "Telecom_Feature_Type": "بوكس", "Easting": "031° 34' 3.4\" E", "Northing": "30° 16' 20.54\" N", "ID": "3", "GlobalID": "{66AD1C2E-41E8-4BAF-9E45-BE2630E253EB}", "القطاع": "القطاع الثاني", "المسافة_بين_الكبنة_والبوكس": "210m", "I_D": "10-4", "created_user": null, "created_date": null, "last_edited_user": null, "last_edited_date": null}, "geometry": {"type": "Point", "coordinates": [31.569287027056077, 30.2725389387144, 0.0]}}, {"type": "Feature", "properties": {"Description": null, "Telecom_Feature_Type": "بوكس", "Easting": "031° 34' 5.19\" E", "Northing": "30° 16' 20.68\" N", "ID": "1", "GlobalID": "{1A57C93D-0910-443C-ABAA-2E473373CE65}", "القطاع": "القطاع الثاني", "المسافة_بين_الكبنة_والبوكس": "255m", "I_D": "10-4", "created_user": null, "created_date": null, "last_edited_user": null, "last_edited_date": null}, "geometry": {"type": "Point", "coordinates": [31.56978546108247, 30.27257663716788, 0.0]}}, {"type": "Feature", "properties": {"Description": null, "Telecom_Feature_Type": "بوكس", "Easting": "031° 34' 4.7\" E", "Northing": "30° 16' 21.04\" N", "ID": "2", "GlobalID": "{D8D7AD53-2C8B-4680-A683-AD90F994D106}", "القطاع": "القطاع الثاني", "المسافة_بين_الكبنة_والبوكس": "240m", "I_D": "10-4", "created_user": null, "created_date": null, "last_edited_user": null, "last_edited_date": null}, "geometry": {"type": "Point", "coordinates": [31.56965047214745, 30.27267664319621, 0.0]}}, {"type": "Feature", "properties": {"Description": null, "Telecom_Feature_Type": "بوكس", "Easting": "031° 34' 5.64\" E", "Northing": "30° 16' 19.53\" N", "ID": "4", "GlobalID": "{ECF20E00-B5F0-4E0D-9DCF-76C6E17F06F1}", "القطاع": "القطاع الثاني", "المسافة_بين_الكبنة_والبوكس": "200m", "I_D": "10-4", "created_user": null, "created_date": null, "last_edited_user": null, "last_edited_date": null}, "geometry": {"type": "Point", "coordinates": [31.569910240761967, 30.272257285817066, 0.0]}}, {"type": "Feature", "properties": {"Description": null, "Telecom_Feature_Type": "بوكس", "Easting": "031° 34' 3.72\" E", "Northing": "30° 16' 18.84\" N", "ID": "6", "GlobalID": "{C821847C-675D-474A-8088-8323D35C8CB4}", "القطاع": "القطاع الثاني", "المسافة_بين_الكبنة_والبوكس": "140m", "I_D": "10-4", "created_user": null, "created_date": null, "last_edited_user": null, "last_edited_date": null}, "geometry": {"type": "Point", "coordinates": [31.5693759016159, 30.272067594261266, 0.0]}}, {"type": "Feature", "properties": {"Description": null, "Telecom_Feature_Type": "بوكس", "Easting": "031° 34' 5.08\" E", "Northing": "30° 16' 19.17\" N", "ID": "5", "GlobalID": "{C4260ECE-6B9B-4E1E-8BBD-D036B7A619A0}", "القطاع": "القطاع الثاني", "المسافة_بين_الكبنة_والبوكس": "180m", "I_D": "10-4", "created_user": null, "created_date": null, "last_edited_user": null, "last_edited_date": null}, "geometry": {"type": "Point", "coordinates": [31.569755870485864, 30.272156891644297, 0.0]}}, {"type": "Feature", "properties": {"Description": null, "Telecom_Feature_Type": "بوكس", "Easting": "031° 34' 6.34\" E", "Northing": "30° 16' 14.34\" N", "ID": "22", "GlobalID": "{2EB5BC77-4656-4D0F-9C4A-F21A904A15F1}", "القطاع": "القطاع الثاني", "المسافة_بين_الكبنة_والبوكس": "245m", "I_D": "12-4", "created_user": null, "created_date": null, "last_edited_user": null, "last_edited_date": null}, "geometry": {"type": "Point", "coordinates": [31.570103876619452, 30.27081495543509, 0.0]}}, {"type": "Feature", "properties": {"Description": null, "Telecom_Feature_Type": "بوكس", "Easting": "031° 34' 7.04\" E", "Northing": "30° 16' 14.3\" N", "ID": "23", "GlobalID": "{1DCC9CE7-7D6A-4F64-9AD0-ECD35DC1B485}", "القطاع": "القطاع الثاني", "المسافة_بين_الكبنة_والبوكس": "230m", "I_D": "12-4", "created_user": null, "created_date": null, "last_edited_user": null, "last_edited_date": null}, "geometry": {"type": "Point", "coordinates": [31.57029940319404, 30.270805236429396, 0.0]}}, {"type": "Feature", "properties": {"Description": null, "Telecom_Feature_Type": "بوكس", "Easting": "031° 34' 8.31\" E", "Northing": "30° 16' 13.73\" N", "ID": "24", "GlobalID": "{3F7AFD3D-C0A6-49DC-8082-3A5DA94A3696}", "القطاع": "القطاع الثاني", "المسافة_بين_الكبنة_والبوكس": "190m", "I_D": "12-4", "created_user": null, "created_date": null, "last_edited_user": null, "last_edited_date": null}, "geometry": {"type": "Point", "coordinates": [31.570651557161355, 30.27064639002002, 0.0]}}, {"type": "Feature", "properties": {"Description": null, "Telecom_Feature_Type": "بوكس", "Easting": "031° 34' 9.11\" E", "Northing": "30° 16' 13.09\" N", "ID": "25", "GlobalID": "{BDFA4F3B-0ACA-4A1C-9040-0F65E9160DA2}", "القطاع": "القطاع الثاني", "المسافة_بين_الكبنة_والبوكس": "150m", "I_D": "12-4", "created_user": null, "created_date": null, "last_edited_user": null, "last_edited_date": null}, "geometry": {"type": "Point", "coordinates": [31.570873603523285, 30.27046780228034, 0.0]}}, {"type": "Feature", "properties": {"Description": null, "Telecom_Feature_Type": "بوكس", "Easting": "031° 34' 10.1\" E", "Northing": "30° 16' 12.76\" N", "ID": "26", "GlobalID": "{94F95D99-6BA5-43D4-8606-DC921E0BA83C}", "القطاع": "القطاع الثاني", "المسافة_بين_الكبنة_والبوكس": "115m", "I_D": "12-4", "created_user": null, "created_date": null, "last_edited_user": null, "last_edited_date": null}, "geometry": {"type": "Point", "coordinates": [31.571148212675624, 30.270378702506893, 0.0]}}, {"type": "Feature", "properties": {"Description": null, "Telecom_Feature_Type": "بوكس", "Easting": "031° 34' 10.53\" E", "Northing": "30° 16' 15.71\" N", "ID": "16", "GlobalID": "{8E07BED4-3F47-42C5-96E1-D131C295E5E5}", "القطاع": "القطاع الثاني", "المسافة_بين_الكبنة_والبوكس": "45m", "I_D": "12-4", "created_user": null, "created_date": null, "last_edited_user": null, "last_edited_date": null}, "geometry": {"type": "Point", "coordinates": [31.571268505533737, 30.27119774812665, 0.0]}}, {"type": "Feature", "properties": {"Description": null, "Telecom_Feature_Type": "بوكس", "Easting": "031° 34' 9.49\" E", "Northing": "30° 16' 15.43\" N", "ID": "15", "GlobalID": "{6BA98898-E604-48F9-8842-2BBD6FD2BA5C}", "القطاع": "القطاع الثاني", "المسافة_بين_الكبنة_والبوكس": "80m", "I_D": "12-4", "created_user": null, "created_date": null, "last_edited_user": null, "last_edited_date": null}, "geometry": {"type": "Point", "coordinates": [31.570979169898685, 30.271118439445498, 0.0]}}, {"type": "Feature", "properties": {"Description": null, "Telecom_Feature_Type": "بوكس", "Easting": "031° 34' 8.06\" E", "Northing": "30° 16' 15.39\" N", "ID": "14", "GlobalID": "{B7CCA437-D4F2-4A5A-B563-8CE3E764F914}", "القطاع": "القطاع الثاني", "المسافة_بين_الكبنة_والبوكس": "120m", "I_D": "12-4", "created_user": null, "created_date": null, "last_edited_user": null, "last_edited_date": null}, "geometry": {"type": "Point", "coordinates": [31.570583156060643, 30.271109022769867, 0.0]}}, {"type": "Feature", "properties": {"Description": null, "Telecom_Feature_Type": "بوكس", "Easting": "031° 34' 7.58\" E", "Northing": "30° 16' 15.94\" N", "ID": "13", "GlobalID": "{084C4E04-5DB5-4065-9E02-7B6065F6BA99}", "القطاع": "القطاع الثاني", "المسافة_بين_الكبنة_والبوكس": "140m", "I_D": "12-4", "created_user": null, "created_date": null, "last_edited_user": null, "last_edited_date": null}, "geometry": {"type": "Point", "coordinates": [31.570450635488204, 30.27126167656668, 0.0]}}, {"type": "Feature", "properties": {"Description": null, "Telecom_Feature_Type": "بوكس", "Easting": "031° 34' 7.66\" E", "Northing": "30° 16' 17.2\" N", "ID": "9", "GlobalID": "{730CA004-5B9D-42BB-8F99-25F677DB1290}", "القطاع": "القطاع الثاني", "المسافة_بين_الكبنة_والبوكس": "160m", "I_D": "12-4", "created_user": null, "created_date": null, "last_edited_user": null, "last_edited_date": null}, "geometry": {"type": "Point", "coordinates": [31.570470274996048, 30.271610882168595, 0.0]}}, {"type": "Feature", "properties": {"Description": null, "Telecom_Feature_Type": "بوكس", "Easting": "031° 34' 8.42\" E", "Northing": "30° 16' 17.49\" N", "ID": "10", "GlobalID": "{EABE3CB0-6E24-4646-ADB3-E1E9A39B0EB5}", "القطاع": "القطاع الثاني", "المسافة_بين_الكبنة_والبوكس": "145m", "I_D": "12-4", "created_user": null, "created_date": null, "last_edited_user": null, "last_edited_date": null}, "geometry": {"type": "Point", "coordinates": [31.57068403581065, 30.271691186559266, 0.0]}}, {"type": "Feature", "properties": {"Description": null, "Telecom_Feature_Type": "بوكس", "Easting": "031° 34' 9.84\" E", "Northing": "30° 16' 17.34\" N", "ID": "11", "GlobalID": "{9A989CE8-03CB-4C91-B5E5-16D197A3940D}", "القطاع": "القطاع الثاني", "المسافة_بين_الكبنة_والبوكس": "110m", "I_D": "12-4", "created_user": null, "created_date": null, "last_edited_user": null, "last_edited_date": null}, "geometry": {"type": "Point", "coordinates": [31.571077108314423, 30.2716483639588, 0.0]}}, {"type": "Feature", "properties": {"Description": null, "Telecom_Feature_Type": "بوكس", "Easting": "031° 34' 10.84\" E", "Northing": "30° 16' 16.96\" N", "ID": "12", "GlobalID": "{E22832D3-58BC-423D-95AE-53E303478CD8}", "القطاع": "القطاع الثاني", "المسافة_بين_الكبنة_والبوكس": "70m", "I_D": "12-4", "created_user": null, "created_date": null, "last_edited_user": null, "last_edited_date": null}, "geometry": {"type": "Point", "coordinates": [31.571356168915006, 30.27154496320561, 0.0]}}, {"type": "Feature", "properties": {"Description": null, "Telecom_Feature_Type": "بوكس", "Easting": "031° 34' 7.73\" E", "Northing": "30° 16' 20.85\" N", "ID": "2", "GlobalID": "{16D62BC2-D8A3-485F-8816-618216B52ACD}", "القطاع": "القطاع الثاني", "المسافة_بين_الكبنة_والبوكس": "270m", "I_D": "12-4", "created_user": null, "created_date": null, "last_edited_user": null, "last_edited_date": null}, "geometry": {"type": "Point", "coordinates": [31.570489690348115, 30.272624255938975, 0.0]}}, {"type": "Feature", "properties": {"Description": null, "Telecom_Feature_Type": "بوكس", "Easting": "031° 34' 9.13\" E", "Northing": "30° 16' 21.05\" N", "ID": "3", "GlobalID": "{68CD365C-384E-4C82-AB2C-9978CAFEB800}", "القطاع": "القطاع الثاني", "المسافة_بين_الكبنة_والبوكس": "230m", "I_D": "12-4", "created_user": null, "created_date": null, "last_edited_user": null, "last_edited_date": null}, "geometry": {"type": "Point", "coordinates": [31.570880603189195, 30.27268003841826, 0.0]}}, {"type": "Feature", "properties": {"Description": null, "Telecom_Feature_Type": "بوكس", "Easting": "031° 34' 10.22\" E", "Northing": "30° 16' 20.93\" N", "ID": "4", "GlobalID": "{A5C852F5-B552-4574-B308-CBED8AEB8DBD}", "القطاع": "القطاع الثاني", "المسافة_بين_الكبنة_والبوكس": "205m", "I_D": "12-4", "created_user": null, "created_date": null, "last_edited_user": null, "last_edited_date": null}, "geometry": {"type": "Point", "coordinates": [31.571182861904436, 30.272646577078376, 0.0]}}, {"type": "Feature", "properties": {"Description": null, "Telecom_Feature_Type": "بوكس", "Easting": "031° 34' 7.05\" E", "Northing": "30° 16' 20.37\" N", "ID": "1", "GlobalID": "{53320903-F710-4E0F-B95B-ACB1479D22E4}", "القطاع": "القطاع الثاني", "المسافة_بين_الكبنة_والبوكس": "285m", "I_D": "12-4", "created_user": null, "created_date": null, "last_edited_user": null, "last_edited_date": null}, "geometry": {"type": "Point", "coordinates": [31.570301734215022, 30.272490659987213, 0.0]}}, {"type": "Feature", "properties": {"Description": null, "Telecom_Feature_Type": "بوكس", "Easting": "031° 34' 7.38\" E", "Northing": "30° 16' 19.17\" N", "ID": "5", "GlobalID": "{352F791A-DA3E-499E-B9CA-EB867CC114E0}", "القطاع": "القطاع الثاني", "المسافة_بين_الكبنة_والبوكس": "280m", "I_D": "12-4", "created_user": null, "created_date": null, "last_edited_user": null, "last_edited_date": null}, "geometry": {"type": "Point", "coordinates": [31.57039374756092, 30.272158823871848, 0.0]}}, {"type": "Feature", "properties": {"Description": null, "Telecom_Feature_Type": "بوكس", "Easting": "031° 34' 9.41\" E", "Northing": "30° 16' 19.12\" N", "ID": "7", "GlobalID": "{90FB1207-C68E-45B2-9764-A19163ED1E1A}", "القطاع": "القطاع الثاني", "المسافة_بين_الكبنة_والبوكس": "210m", "I_D": "12-4", "created_user": null, "created_date": null, "last_edited_user": null, "last_edited_date": null}, "geometry": {"type": "Point", "coordinates": [31.570958515751563, 30.272143082761378, 0.0]}}, {"type": "Feature", "properties": {"Description": null, "Telecom_Feature_Type": "بوكس", "Easting": "031° 34' 10.32\" E", "Northing": "30° 16' 19.65\" N", "ID": "08", "GlobalID": "{558E874A-F8BA-4AAE-BDB7-99AB3D69B455}", "القطاع": "القطاع الثاني", "المسافة_بين_الكبنة_والبوكس": "175m", "I_D": "12-4", "created_user": null, "created_date": null, "last_edited_user": null, "last_edited_date": null}, "geometry": {"type": "Point", "coordinates": [31.571210018085534, 30.272290415148817, 0.0]}}, {"type": "Feature", "properties": {"Description": null, "Telecom_Feature_Type": "بوكس", "Easting": "031° 34' 4.55\" E", "Northing": "30° 16' 27.07\" N", "ID": "26", "GlobalID": "{9D04A007-B05C-4135-B8DE-A72E33C80D47}", "القطاع": "القطاع الثاني", "المسافة_بين_الكبنة_والبوكس": "45m", "I_D": "10-3", "created_user": null, "created_date": null, "last_edited_user": null, "last_edited_date": null}, "geometry": {"type": "Point", "coordinates": [31.569609075688895, 30.274351742109545, 0.0]}}, {"type": "Feature", "properties": {"Description": null, "Telecom_Feature_Type": "بوكس", "Easting": "031° 34' 5.69\" E", "Northing": "30° 16' 26.32\" N", "ID": "25", "GlobalID": "{CD41CFD7-D3FF-47A6-B3A5-DF53922208E7}", "القطاع": "القطاع الثاني", "المسافة_بين_الكبنة_والبوكس": "85m", "I_D": "10-3", "created_user": null, "created_date": null, "last_edited_user": null, "last_edited_date": null}, "geometry": {"type": "Point", "coordinates": [31.569925359599743, 30.274144963704437, 0.0]}}, {"type": "Feature", "properties": {"Description": null, "Telecom_Feature_Type": "بوكس", "Easting": "031° 34' 5.63\" E", "Northing": "30° 16' 25.59\" N", "ID": "24", "GlobalID": "{3314434A-F30A-461A-A8A1-70B7D32F3CC3}", "القطاع": "القطاع الثاني", "المسافة_بين_الكبنة_والبوكس": "100m", "I_D": "10-3", "created_user": null, "created_date": null, "last_edited_user": null, "last_edited_date": null}, "geometry": {"type": "Point", "coordinates": [31.569906696532186, 30.273941386947673, 0.0]}}, {"type": "Feature", "properties": {"Description": null, "Telecom_Feature_Type": "بوكس", "Easting": "031° 34' 4.69\" E", "Northing": "30° 16' 24.67\" N", "ID": "21", "GlobalID": "{2122C843-BDF1-47F4-9872-D7F40B196955}", "القطاع": "القطاع الثاني", "المسافة_بين_الكبنة_والبوكس": "240m", "I_D": "10-3", "created_user": null, "created_date": null, "last_edited_user": null, "last_edited_date": null}, "geometry": {"type": "Point", "coordinates": [31.56964744763896, 30.273685966876695, 0.0]}}, {"type": "Feature", "properties": {"Description": null, "Telecom_Feature_Type": "بوكس", "Easting": "031° 34' 3.89\" E", "Northing": "30° 16' 24.88\" N", "ID": "22", "GlobalID": "{BD8D66ED-FBE2-4E2C-99EA-719AF43D4792}", "القطاع": "القطاع الثاني", "المسافة_بين_الكبنة_والبوكس": "230m", "I_D": "10-3", "created_user": null, "created_date": null, "last_edited_user": null, "last_edited_date": null}, "geometry": {"type": "Point", "coordinates": [31.569425195823044, 30.273745068791815, 0.0]}}, {"type": "Feature", "properties": {"Description": null, "Telecom_Feature_Type": "بوكس", "Easting": "031° 34' 2.9\" E", "Northing": "30° 16' 25.77\" N", "ID": "23", "GlobalID": "{12D32551-5428-445C-B44C-021D53E42584}", "القطاع": "القطاع الثاني", "المسافة_بين_الكبنة_والبوكس": "180m", "I_D": "10-3", "created_user": null, "created_date": null, "last_edited_user": null, "last_edited_date": null}, "geometry": {"type": "Point", "coordinates": [31.569148693818608, 30.273991325360818, 0.0]}}, {"type": "Feature", "properties": {"Description": null, "Telecom_Feature_Type": "بوكس", "Easting": "031° 34' 3.18\" E", "Northing": "30° 16' 23.85\" N", "ID": "19", "GlobalID": "{8D2D1FCF-887F-461E-B446-7B01784015B4}", "القطاع": "القطاع الثاني", "المسافة_بين_الكبنة_والبوكس": "185m", "I_D": "10-3", "created_user": null, "created_date": null, "last_edited_user": null, "last_edited_date": null}, "geometry": {"type": "Point", "coordinates": [31.56922707748712, 30.273458581249493, 0.0]}}, {"type": "Feature", "properties": {"Description": null, "Telecom_Feature_Type": "بوكس", "Easting": "031° 34' 3.11\" E", "Northing": "30° 16' 23.12\" N", "ID": "18", "GlobalID": "{D28C6E9A-D9A7-4CE1-A0C4-EDE26AE4CBA4}", "القطاع": "القطاع الثاني", "المسافة_بين_الكبنة_والبوكس": "200m", "I_D": "10-3", "created_user": null, "created_date": null, "last_edited_user": null, "last_edited_date": null}, "geometry": {"type": "Point", "coordinates": [31.569209110944207, 30.27325476680432, 0.0]}}, {"type": "Feature", "properties": {"Description": null, "Telecom_Feature_Type": "بوكس", "Easting": "031° 34' 2.19\" E", "Northing": "30° 16' 22.21\" N", "ID": "15", "GlobalID": "{C2F2C23E-97E8-4089-B492-32512AD4695C}", "القطاع": "القطاع الثاني", "المسافة_بين_الكبنة_والبوكس": "240m", "I_D": "10-3", "created_user": null, "created_date": null, "last_edited_user": null, "last_edited_date": null}, "geometry": {"type": "Point", "coordinates": [31.568951876886533, 30.27300173779283, 0.0]}}, {"type": "Feature", "properties": {"Description": null, "Telecom_Feature_Type": "بوكس", "Easting": "031° 34' 1.38\" E", "Northing": "30° 16' 22.41\" N", "ID": "16", "GlobalID": "{0DEC5DA6-F667-4503-9F90-7D1AFD291867}", "القطاع": "القطاع الثاني", "المسافة_بين_الكبنة_والبوكس": "225m", "I_D": "10-3", "created_user": null, "created_date": null, "last_edited_user": null, "last_edited_date": null}, "geometry": {"type": "Point", "coordinates": [31.568727614954675, 30.273058446002015, 0.0]}}, {"type": "Feature", "properties": {"Description": null, "Telecom_Feature_Type": "بوكس", "Easting": "031° 34' 0.39\" E", "Northing": "30° 16' 23.3\" N", "ID": "17", "GlobalID": "{57D6E46B-B950-4185-869C-F53F25A44F2D}", "القطاع": "القطاع الثاني", "المسافة_بين_الكبنة_والبوكس": "185m", "I_D": "10-3", "created_user": null, "created_date": null, "last_edited_user": null, "last_edited_date": null}, "geometry": {"type": "Point", "coordinates": [31.568451113079362, 30.273304701121287, 0.0]}}, {"type": "Feature", "properties": {"Description": null, "Telecom_Feature_Type": "بوكس", "Easting": "031° 34' 5.77\" E", "Northing": "30° 16' 23.84\" N", "ID": "6", "GlobalID": "{AD5064E8-9D7C-45C9-88C4-CCBF3526C5F9}", "القطاع": "القطاع الثاني", "المسافة_بين_الكبنة_والبوكس": "345m", "I_D": "10-3", "created_user": null, "created_date": null, "last_edited_user": null, "last_edited_date": null}, "geometry": {"type": "Point", "coordinates": [31.569946571867273, 30.27345515675538, 0.0]}}, {"type": "Feature", "properties": {"Description": null, "Telecom_Feature_Type": "بوكس", "Easting": "031° 34' 6.99\" E", "Northing": "30° 16' 24.48\" N", "ID": "7", "GlobalID": "{D8EEC3AE-BF16-4833-8BC9-7F37A2086DA2}", "القطاع": "القطاع الثاني", "المسافة_بين_الكبنة_والبوكس": "305m", "I_D": "10-3", "created_user": null, "created_date": null, "last_edited_user": null, "last_edited_date": null}, "geometry": {"type": "Point", "coordinates": [31.57028468939088, 30.27363301479507, 0.0]}}, {"type": "Feature", "properties": {"Description": null, "Telecom_Feature_Type": "بوكس", "Easting": "031° 34' 8.05\" E", "Northing": "30° 16' 24.73\" N", "ID": "8", "GlobalID": "{BBA0AB7F-59D1-424C-817C-CFC7897B4424}", "القطاع": "القطاع الثاني", "المسافة_بين_الكبنة_والبوكس": "275m", "I_D": "10-3", "created_user": null, "created_date": null, "last_edited_user": null, "last_edited_date": null}, "geometry": {"type": "Point", "coordinates": [31.570578648956833, 30.273703443133897, 0.0]}}, {"type": "Feature", "properties": {"Description": null, "Telecom_Feature_Type": "بوكس", "Easting": "031° 34' 6.98\" E", "Northing": "30° 16' 21.99\" N", "ID": "2", "GlobalID": "{44C004CB-D0EA-4379-87A0-DEC4CD082925}", "القطاع": "القطاع الثاني", "المسافة_بين_الكبنة_والبوكس": "385m", "I_D": "10-3", "created_user": null, "created_date": null, "last_edited_user": null, "last_edited_date": null}, "geometry": {"type": "Point", "coordinates": [31.570282586315802, 30.27294063188404, 0.0]}}, {"type": "Feature", "properties": {"Description": null, "Telecom_Feature_Type": "بوكس", "Easting": "031° 34' 8.07\" E", "Northing": "30° 16' 22.78\" N", "ID": "3", "GlobalID": "{5A1CCA1C-4DD9-4055-82BB-B34CE7D77040}", "القطاع": "القطاع الثاني", "المسافة_بين_الكبنة_والبوكس": "345m", "I_D": "10-3", "created_user": null, "created_date": null, "last_edited_user": null, "last_edited_date": null}, "geometry": {"type": "Point", "coordinates": [31.570586775093954, 30.27316093350796, 0.0]}}, {"type": "Feature", "properties": {"Description": null, "Telecom_Feature_Type": "بوكس", "Easting": "031° 34' 8.69\" E", "Northing": "30° 16' 23.56\" N", "ID": "4", "GlobalID": "{1EEAF2CB-8553-4B75-95EF-F4DF0F646327}", "القطاع": "القطاع الثاني", "المسافة_بين_الكبنة_والبوكس": "310m", "I_D": "10-3", "created_user": null, "created_date": null, "last_edited_user": null, "last_edited_date": null}, "geometry": {"type": "Point", "coordinates": [31.570757338060705, 30.273378752713644, 0.0]}}, {"type": "Feature", "properties": {"Description": null, "Telecom_Feature_Type": "بوكس", "Easting": "031° 34' 5.36\" E", "Northing": "30° 16' 23.17\" N", "ID": " 5", "GlobalID": "{32417852-CFE3-4E9D-9A1D-E244ED3CE85B}", "القطاع": "القطاع الثاني", "المسافة_بين_الكبنة_والبوكس": "360m", "I_D": "10-3", "created_user": null, "created_date": null, "last_edited_user": null, "last_edited_date": null}, "geometry": {"type": "Point", "coordinates": [31.56983404216621, 30.27326791977067, 0.0]}}, {"type": "Feature", "properties": {"Description": null, "Telecom_Feature_Type": "بوكس", "Easting": "031° 34' 6.19\" E", "Northing": "30° 16' 22.18\" N", "ID": "1", "GlobalID": "{48FC2EEF-9B63-41EC-B2CF-91F344D5389C}", "القطاع": "القطاع الثاني", "المسافة_بين_الكبنة_والبوكس": "400m", "I_D": "10-3", "created_user": null, "created_date": null, "last_edited_user": null, "last_edited_date": null}, "geometry": {"type": "Point", "coordinates": [31.570062943224812, 30.272995088828832, 0.0]}}, {"type": "Feature", "properties": {"Description": null, "Telecom_Feature_Type": "بوكس", "Easting": "031° 33' 59.69\" E", "Northing": "30° 16' 27.22\" N", "ID": "13A", "GlobalID": "{1B5F8C46-CC40-4C00-A898-C0D02A4BAF15}", "القطاع": "القطاع الاول", "المسافة_بين_الكبنة_والبوكس": "5m", "I_D": "10-3", "created_user": null, "created_date": null, "last_edited_user": null, "last_edited_date": null}, "geometry": {"type": "Point", "coordinates": [31.568256437482653, 30.27439451302045, 0.0]}}, {"type": "Feature", "properties": {"Description": null, "Telecom_Feature_Type": "بوكس", "Easting": "031° 34' 1.89\" E", "Northing": "30° 16' 27.44\" N", "ID": "14", "GlobalID": "{01979C3B-ADE3-43E1-825F-C9F081124689}", "القطاع": "القطاع الاول", "المسافة_بين_الكبنة_والبوكس": "190m", "I_D": null, "created_user": null, "created_date": null, "last_edited_user": null, "last_edited_date": null}, "geometry": {"type": "Point", "coordinates": [31.568867751453404, 30.274456462420137, 0.0]}}, {"type": "Feature", "properties": {"Description": null, "Telecom_Feature_Type": "بوكس", "Easting": "031° 33' 58.99\" E", "Northing": "30° 16' 27.75\" N", "ID": "12", "GlobalID": "{F66E9B86-83F2-4D6E-A5CC-98677AB4E664}", "القطاع": "القطاع الاول", "المسافة_بين_الكبنة_والبوكس": "220m", "I_D": "10-3", "created_user": null, "created_date": null, "last_edited_user": null, "last_edited_date": null}, "geometry": {"type": "Point", "coordinates": [31.56806360166927, 30.274540541348777, 0.0]}}, {"type": "Feature", "properties": {"Description": null, "Telecom_Feature_Type": "بوكس", "Easting": "031° 34' 0.69\" E", "Northing": "30° 16' 29.42\" N", "ID": "10", "GlobalID": "{7F5AC945-333A-4135-BCDF-DF3E207F45D8}", "القطاع": "القطاع الاول", "المسافة_بين_الكبنة_والبوكس": "140m", "I_D": "10-3", "created_user": null, "created_date": null, "last_edited_user": null, "last_edited_date": null}, "geometry": {"type": "Point", "coordinates": [31.56853470065207, 30.27500451146483, 0.0]}}, {"type": "Feature", "properties": {"Description": null, "Telecom_Feature_Type": "بوكس", "Easting": "031° 33' 57.62\" E", "Northing": "30° 16' 23.23\" N", "ID": "15", "GlobalID": "{90202819-8F06-4BED-AD03-B56CD82EA51D}", "القطاع": "القطاع الاول", "المسافة_بين_الكبنة_والبوكس": "200m", "I_D": "7-3", "created_user": null, "created_date": null, "last_edited_user": null, "last_edited_date": null}, "geometry": {"type": "Point", "coordinates": [31.567683749873982, 30.27328612081565, 0.0]}}, {"type": "Feature", "properties": {"Description": null, "Telecom_Feature_Type": "بوكس", "Easting": "031° 33' 46.82\" E", "Northing": "30° 16' 15.27\" N", "ID": "25", "GlobalID": "{524CF237-CC6A-4FF5-A231-92956EBD5C14}", "القطاع": "القطاع الاول", "المسافة_بين_الكبنة_والبوكس": "70m", "I_D": "7-2", "created_user": null, "created_date": null, "last_edited_user": null, "last_edited_date": null}, "geometry": {"type": "Point", "coordinates": [31.564683533984415, 30.271074378750416, 0.0]}}, {"type": "Feature", "properties": {"Description": null, "Telecom_Feature_Type": "بوكس", "Easting": "031° 33' 45.94\" E", "Northing": "30° 16' 14.43\" N", "ID": "24", "GlobalID": "{47152D13-9961-49BF-B69D-F06992081847}", "القطاع": "القطاع الاول", "المسافة_بين_الكبنة_والبوكس": "70m", "I_D": "7-2", "created_user": null, "created_date": null, "last_edited_user": null, "last_edited_date": null}, "geometry": {"type": "Point", "coordinates": [31.56443885331304, 30.27084152304453, 0.0]}}, {"type": "Feature", "properties": {"Description": null, "Telecom_Feature_Type": "بوكس", "Easting": "031° 33' 45.34\" E", "Northing": "30° 16' 13.37\" N", "ID": "23", "GlobalID": "{B0654621-6949-470C-962E-539186F0FF2C}", "القطاع": "القطاع الاول", "المسافة_بين_الكبنة_والبوكس": "270m", "I_D": "7-2", "created_user": null, "created_date": null, "last_edited_user": null, "last_edited_date": null}, "geometry": {"type": "Point", "coordinates": [31.56427221754896, 30.27054642021291, 0.0]}}, {"type": "Feature", "properties": {"Description": null, "Telecom_Feature_Type": "بوكس", "Easting": "031° 33' 44.22\" E", "Northing": "30° 16' 13.34\" N", "ID": "22", "GlobalID": "{EB746727-EA71-42A8-B4AC-F5AE7FA275AF}", "القطاع": "القطاع الاول", "المسافة_بين_الكبنة_والبوكس": "300m", "I_D": "7-2", "created_user": null, "created_date": null, "last_edited_user": null, "last_edited_date": null}, "geometry": {"type": "Point", "coordinates": [31.563961047437683, 30.27053822405203, 0.0]}}, {"type": "Feature", "properties": {"Description": null, "Telecom_Feature_Type": "بوكس", "Easting": "031° 33' 43.26\" E", "Northing": "30° 16' 14.1\" N", "ID": "18", "GlobalID": "{A74C9A14-41EC-4803-8B23-72EE0F242ABA}", "القطاع": "القطاع الاول", "المسافة_بين_الكبنة_والبوكس": "305m", "I_D": "7-2", "created_user": null, "created_date": null, "last_edited_user": null, "last_edited_date": null}, "geometry": {"type": "Point", "coordinates": [31.563692895827934, 30.270750947673463, 0.0]}}, {"type": "Feature", "properties": {"Description": null, "Telecom_Feature_Type": "بوكس", "Easting": "031° 33' 46.0\" E", "Northing": "30° 16' 16.53\" N", "ID": "21", "GlobalID": "{9A830BA5-6F8F-421B-A56A-4245F1DBB20C}", "القطاع": "القطاع الاول", "المسافة_بين_الكبنة_والبوكس": "110m", "I_D": "7-2", "created_user": null, "created_date": null, "last_edited_user": null, "last_edited_date": null}, "geometry": {"type": "Point", "coordinates": [31.564455948716446, 30.271425493999082, 0.0]}}, {"type": "Feature", "properties": {"Description": null, "Telecom_Feature_Type": "بوكس", "Easting": "031° 33' 45.11\" E", "Northing": "30° 16' 15.69\" N", "ID": "20", "GlobalID": "{6021CB5C-BFE2-45DC-B848-DA2DCDE63217}", "القطاع": "القطاع الاول", "المسافة_بين_الكبنة_والبوكس": "210m", "I_D": "7-2", "created_user": null, "created_date": null, "last_edited_user": null, "last_edited_date": null}, "geometry": {"type": "Point", "coordinates": [31.564207600348936, 30.27119247505713, 0.0]}}, {"type": "Feature", "properties": {"Description": null, "Telecom_Feature_Type": "بوكس", "Easting": "031° 33' 44.12\" E", "Northing": "30° 16' 15.22\" N", "ID": "19", "GlobalID": "{065FA286-5A68-442E-A484-736F81863E4D}", "القطاع": "القطاع الاول", "المسافة_بين_الكبنة_والبوكس": "275m", "I_D": "7-2", "created_user": null, "created_date": null, "last_edited_user": null, "last_edited_date": null}, "geometry": {"type": "Point", "coordinates": [31.563932392604784, 30.271061680689677, 0.0]}}, {"type": "Feature", "properties": {"Description": null, "Telecom_Feature_Type": "بوكس", "Easting": "031° 33' 43.72\" E", "Northing": "30° 16' 17.83\" N", "ID": "7.1", "GlobalID": "{E80DE614-BC99-45DF-85A7-102B0FFD67D1}", "القطاع": "القطاع الاول", "المسافة_بين_الكبنة_والبوكس": "110m", "I_D": null, "created_user": null, "created_date": null, "last_edited_user": null, "last_edited_date": null}, "geometry": {"type": "Point", "coordinates": [31.56382244081853, 30.27178577211791, 0.0]}}, {"type": "Feature", "properties": {"Description": null, "Telecom_Feature_Type": "بوكس", "Easting": "031° 33' 42.87\" E", "Northing": "30° 16' 16.98\" N", "ID": "7.1", "GlobalID": "{6B179E39-710E-4AAD-A9DF-27117BE37448}", "القطاع": "القطاع الاول", "المسافة_بين_الكبنة_والبوكس": "140m", "I_D": null, "created_user": null, "created_date": null, "last_edited_user": null, "last_edited_date": null}, "geometry": {"type": "Point", "coordinates": [31.563586697122176, 30.271548971472637, 0.0]}}, {"type": "Feature", "properties": {"Description": null, "Telecom_Feature_Type": "بوكس", "Easting": "031° 33' 42.82\" E", "Northing": "30° 16' 19.09\" N", "ID": null, "GlobalID": "{FDCC5504-56E1-4314-AC54-EC0BAC56344C}", "القطاع": "القطاع الاول", "المسافة_بين_الكبنة_والبوكس": null, "I_D": null, "created_user": null, "created_date": null, "last_edited_user": null, "last_edited_date": null}, "geometry": {"type": "Point", "coordinates": [31.563572148114726, 30.272135340832236, 0.0]}}, {"type": "Feature", "properties": {"Description": null, "Telecom_Feature_Type": "بوكس", "Easting": "031° 33' 44.81\" E", "Northing": "30° 16' 19.54\" N", "ID": "8", "GlobalID": "{284491DE-090B-4155-92E8-AE0A1EE37CCE}", "القطاع": "القطاع الاول", "المسافة_بين_الكبنة_والبوكس": "210m", "I_D": "7-2", "created_user": null, "created_date": null, "last_edited_user": null, "last_edited_date": null}, "geometry": {"type": "Point", "coordinates": [31.564124707803156, 30.272259619308034, 0.0]}}, {"type": "Feature", "properties": {"Description": null, "Telecom_Feature_Type": "بوكس", "Easting": "031° 33' 44.78\" E", "Northing": "30° 16' 21.03\" N", "ID": "7", "GlobalID": "{01E1E50A-1B8D-40DC-8758-46E42DA9009B}", "القطاع": "القطاع الاول", "المسافة_بين_الكبنة_والبوكس": "300m", "I_D": "7-2", "created_user": null, "created_date": null, "last_edited_user": null, "last_edited_date": null}, "geometry": {"type": "Point", "coordinates": [31.564116131833092, 30.272674237285862, 0.0]}}, {"type": "Feature", "properties": {"Description": null, "Telecom_Feature_Type": "بوكس", "Easting": "031° 33' 45.71\" E", "Northing": "30° 16' 21.82\" N", "ID": "10", "GlobalID": "{AD9619C0-6765-47DF-AC49-EB6D16E726EF}", "القطاع": "القطاع الاول", "المسافة_بين_الكبنة_والبوكس": "280m", "I_D": "7-2", "created_user": null, "created_date": null, "last_edited_user": null, "last_edited_date": null}, "geometry": {"type": "Point", "coordinates": [31.564373980022353, 30.272894810533668, 0.0]}}, {"type": "Feature", "properties": {"Description": null, "Telecom_Feature_Type": "بوكس", "Easting": "031° 33' 47.28\" E", "Northing": "30° 16' 21.77\" N", "ID": "11", "GlobalID": "{EEF856AF-3432-4E3B-BE7E-0083FA60046C}", "القطاع": "القطاع الاول", "المسافة_بين_الكبنة_والبوكس": "210m", "I_D": "7-2", "created_user": null, "created_date": null, "last_edited_user": null, "last_edited_date": null}, "geometry": {"type": "Point", "coordinates": [31.56481123868031, 30.27288105897637, 0.0]}}, {"type": "Feature", "properties": {"Description": null, "Telecom_Feature_Type": "بوكس", "Easting": "031° 33' 55.29\" E", "Northing": "30° 16' 30.32\" N", "ID": "11A", "GlobalID": "{C0AC869E-D1E2-4F03-A35C-DA654E8875C8}", "القطاع": "القطاع الاول", "المسافة_بين_الكبنة_والبوكس": "5m", "I_D": "7-4", "created_user": null, "created_date": null, "last_edited_user": null, "last_edited_date": null}, "geometry": {"type": "Point", "coordinates": [31.567034693327173, 30.2752542293686, 0.0]}}, {"type": "Feature", "properties": {"Description": null, "Telecom_Feature_Type": "بوكس", "Easting": "031° 33' 55.27\" E", "Northing": "30° 16' 28.43\" N", "ID": "13A", "GlobalID": "{A4A861F3-8473-44EA-A80A-F1775BC7A95D}", "القطاع": "القطاع الاول", "المسافة_بين_الكبنة_والبوكس": "5m", "I_D": "7-4", "created_user": null, "created_date": null, "last_edited_user": null, "last_edited_date": null}, "geometry": {"type": "Point", "coordinates": [31.567030174905536, 30.27473027550478, 0.0]}}, {"type": "Feature", "properties": {"Description": null, "Telecom_Feature_Type": "بوكس", "Easting": "031° 33' 49.23\" E", "Northing": "30° 16' 38.06\" N", "ID": "2", "GlobalID": "{983C87EE-21C6-4DD5-BCF7-8DDCBD533F57}", "القطاع": "القطاع الثالث", "المسافة_بين_الكبنة_والبوكس": "290m", "I_D": "8-3", "created_user": null, "created_date": null, "last_edited_user": null, "last_edited_date": null}, "geometry": {"type": "Point", "coordinates": [31.56535211056474, 30.277404232441814, 0.0]}}, {"type": "Feature", "properties": {"Description": null, "Telecom_Feature_Type": "بوكس", "Easting": "031° 33' 47.01\" E", "Northing": "30° 16' 36.98\" N", "ID": "1", "GlobalID": "{F5BD6654-F9FF-43A4-A0C4-930FB3FAAF7B}", "القطاع": "القطاع الثالث", "المسافة_بين_الكبنة_والبوكس": "260m", "I_D": "6-1", "created_user": null, "created_date": null, "last_edited_user": null, "last_edited_date": null}, "geometry": {"type": "Point", "coordinates": [31.56473492249149, 30.277105526545316, 0.0]}}, {"type": "Feature", "properties": {"Description": null, "Telecom_Feature_Type": "بوكس", "Easting": "031° 33' 46.04\" E", "Northing": "30° 16' 37.85\" N", "ID": "5", "GlobalID": "{2EFA1A6B-8F39-49C7-A623-D4449D75BB6A}", "القطاع": "القطاع الثالث", "المسافة_بين_الكبنة_والبوكس": "215m", "I_D": "6-1", "created_user": null, "created_date": null, "last_edited_user": null, "last_edited_date": null}, "geometry": {"type": "Point", "coordinates": [31.564464890626144, 30.277346289853632, 0.0]}}, {"type": "Feature", "properties": {"Description": null, "Telecom_Feature_Type": "بوكس", "Easting": "031° 33' 45.41\" E", "Northing": "30° 16' 37.58\" N", "ID": "6", "GlobalID": "{6EDBADE7-72E3-424D-80F9-94E41505B53B}", "القطاع": "القطاع الثالث", "المسافة_بين_الكبنة_والبوكس": "215m", "I_D": "6-1", "created_user": null, "created_date": null, "last_edited_user": null, "last_edited_date": null}, "geometry": {"type": "Point", "coordinates": [31.56429064642263, 30.277271730013947, 0.0]}}, {"type": "Feature", "properties": {"Description": null, "Telecom_Feature_Type": "بوكس", "Easting": "031° 33' 44.45\" E", "Northing": "30° 16' 36.65\" N", "ID": "7", "GlobalID": "{E2040B28-7474-41F0-B35D-11E74B18A855}", "القطاع": "القطاع الثالث", "المسافة_بين_الكبنة_والبوكس": "215m", "I_D": "6-1", "created_user": null, "created_date": null, "last_edited_user": null, "last_edited_date": null}, "geometry": {"type": "Point", "coordinates": [31.56402570622981, 30.27701240851452, 0.0]}}, {"type": "Feature", "properties": {"Description": null, "Telecom_Feature_Type": "بوكس", "Easting": "031° 33' 43.96\" E", "Northing": "30° 16' 35.8\" N", "ID": "8", "GlobalID": "{E632B9EB-F267-443E-A15F-F18924395E71}", "القطاع": "القطاع الثالث", "المسافة_بين_الكبنة_والبوكس": "215m", "I_D": "6-1", "created_user": null, "created_date": null, "last_edited_user": null, "last_edited_date": null}, "geometry": {"type": "Point", "coordinates": [31.563887536836802, 30.27677872589956, 0.0]}}, {"type": "Feature", "properties": {"Description": null, "Telecom_Feature_Type": "بوكس", "Easting": "031° 33' 47.15\" E", "Northing": "30° 16' 36.43\" N", "ID": "2", "GlobalID": "{26B027F3-79A7-40B6-92A1-93C41A65015D}", "القطاع": "القطاع الثالث", "المسافة_بين_الكبنة_والبوكس": "240m", "I_D": "6-1", "created_user": null, "created_date": null, "last_edited_user": null, "last_edited_date": null}, "geometry": {"type": "Point", "coordinates": [31.564775393987023, 30.276953431962326, 0.0]}}, {"type": "Feature", "properties": {"Description": null, "Telecom_Feature_Type": "بوكس", "Easting": "031° 33' 45.04\" E", "Northing": "30° 16' 35.27\" N", "ID": "4", "GlobalID": "{B9B7E187-4F5A-4CD8-8AB9-E26B3E7C1541}", "القطاع": "القطاع الثالث", "المسافة_بين_الكبنة_والبوكس": "170m", "I_D": "6-1", "created_user": null, "created_date": null, "last_edited_user": null, "last_edited_date": null}, "geometry": {"type": "Point", "coordinates": [31.56418737930912, 30.276630363485978, 0.0]}}, {"type": "Feature", "properties": {"Description": null, "Telecom_Feature_Type": "بوكس", "Easting": "031° 33' 50.45\" E", "Northing": "30° 16' 34.88\" N", "ID": "6", "GlobalID": "{F558179B-F92E-4E89-959B-BD75CCC25A04}", "القطاع": "القطاع الاول", "المسافة_بين_الكبنة_والبوكس": "200m", "I_D": "6-2", "created_user": null, "created_date": null, "last_edited_user": null, "last_edited_date": null}, "geometry": {"type": "Point", "coordinates": [31.56569027863743, 30.27652099457654, 0.0]}}, {"type": "Feature", "properties": {"Description": null, "Telecom_Feature_Type": "بوكس", "Easting": "031° 33' 50.71\" E", "Northing": "30° 16' 36.0\" N", "ID": "8", "GlobalID": "{B97BCD4E-2B25-422B-AFAC-17DA2C32F054}", "القطاع": "القطاع الاول", "المسافة_بين_الكبنة_والبوكس": "280m", "I_D": "6-2", "created_user": null, "created_date": null, "last_edited_user": null, "last_edited_date": null}, "geometry": {"type": "Point", "coordinates": [31.56576197842295, 30.27683335500699, 0.0]}}, {"type": "Feature", "properties": {"Description": null, "Telecom_Feature_Type": "بوكس", "Easting": "031° 33' 52.19\" E", "Northing": "30° 16' 36.17\" N", "ID": "7", "GlobalID": "{B5DA1814-AC8A-4B30-BAD2-5BDB3B7B8B2A}", "القطاع": "القطاع الاول", "المسافة_بين_الكبنة_والبوكس": "300m", "I_D": "6-2", "created_user": null, "created_date": null, "last_edited_user": null, "last_edited_date": null}, "geometry": {"type": "Point", "coordinates": [31.56617321977766, 30.276880667465203, 0.0]}}, {"type": "Feature", "properties": {"Description": null, "Telecom_Feature_Type": "بوكس", "Easting": "031° 33' 43.37\" E", "Northing": "30° 16' 38.73\" N", "ID": "10", "GlobalID": "{5A429B48-D3C4-4D16-9AD9-EC44B90A99C7}", "القطاع": "القطاع الثالث", "المسافة_بين_الكبنة_والبوكس": "150m", "I_D": "6-1", "created_user": null, "created_date": null, "last_edited_user": null, "last_edited_date": null}, "geometry": {"type": "Point", "coordinates": [31.56372306296723, 30.27759102105838, 0.0]}}, {"type": "Feature", "properties": {"Description": null, "Telecom_Feature_Type": "بوكس", "Easting": "031° 33' 53.54\" E", "Northing": "30° 16' 34.94\" N", "ID": "1", "GlobalID": "{8118063F-68CC-4724-A519-BF04230BDEAF}", "القطاع": "القطاع الاول", "المسافة_بين_الكبنة_والبوكس": "5m", "I_D": "6-2", "created_user": null, "created_date": null, "last_edited_user": null, "last_edited_date": null}, "geometry": {"type": "Point", "coordinates": [31.566550086606707, 30.276539223965436, 0.0]}}, {"type": "Feature", "properties": {"Description": null, "Telecom_Feature_Type": "بوكس", "Easting": "031° 33' 53.23\" E", "Northing": "30° 16' 33.74\" N", "ID": "2", "GlobalID": "{8BFCEB90-02A3-4CE3-8593-E13D1F2D8CB5}", "القطاع": "القطاع الاول", "المسافة_بين_الكبنة_والبوكس": "325m", "I_D": "6-2", "created_user": null, "created_date": null, "last_edited_user": null, "last_edited_date": null}, "geometry": {"type": "Point", "coordinates": [31.5664618768477, 30.276205165385353, 0.0]}}, {"type": "Feature", "properties": {"Description": null, "Telecom_Feature_Type": "بوكس", "Easting": "031° 33' 51.43\" E", "Northing": "30° 16' 33.78\" N", "ID": "3", "GlobalID": "{4871DFF2-A20C-40AC-A5AB-1B6EF4877EF1}", "القطاع": "القطاع الاول", "المسافة_بين_الكبنة_والبوكس": "260m", "I_D": "6-2", "created_user": null, "created_date": null, "last_edited_user": null, "last_edited_date": null}, "geometry": {"type": "Point", "coordinates": [31.565962762214173, 30.276215666169144, 0.0]}}, {"type": "Feature", "properties": {"Description": null, "Telecom_Feature_Type": "بوكس", "Easting": "031° 33' 49.78\" E", "Northing": "30° 16' 34.26\" N", "ID": "5", "GlobalID": "{A1CCCEF9-2573-43E6-A33C-319FC9D4D720}", "القطاع": "القطاع الاول", "المسافة_بين_الكبنة_والبوكس": "200m", "I_D": "6-2", "created_user": null, "created_date": null, "last_edited_user": null, "last_edited_date": null}, "geometry": {"type": "Point", "coordinates": [31.56550599643529, 30.27634965434104, 0.0]}}, {"type": "Feature", "properties": {"Description": null, "Telecom_Feature_Type": "بوكس", "Easting": "031° 33' 48.31\" E", "Northing": "30° 16' 32.8\" N", "ID": "18A", "GlobalID": "{FA959191-3BE5-48ED-8950-B8A6E446C719}", "القطاع": "القطاع الاول", "المسافة_بين_الكبنة_والبوكس": "5m", "I_D": "6-2", "created_user": null, "created_date": null, "last_edited_user": null, "last_edited_date": null}, "geometry": {"type": "Point", "coordinates": [31.565096135050975, 30.275944495111755, 0.0]}}, {"type": "Feature", "properties": {"Description": null, "Telecom_Feature_Type": "بوكس", "Easting": "031° 33' 48.41\" E", "Northing": "30° 16' 34.29\" N", "ID": "9", "GlobalID": "{57815749-430F-456B-BE3C-5C0D68B023BA}", "القطاع": "القطاع الاول", "المسافة_بين_الكبنة_والبوكس": "5m", "I_D": "6-2", "created_user": null, "created_date": null, "last_edited_user": null, "last_edited_date": null}, "geometry": {"type": "Point", "coordinates": [31.565123751964816, 30.276357089692503, 0.0]}}, {"type": "Feature", "properties": {"Description": null, "Telecom_Feature_Type": "بوكس", "Easting": "031° 33' 47.35\" E", "Northing": "30° 16' 32.34\" N", "ID": "14", "GlobalID": "{4CE1D255-8E17-4A70-A983-F66CA04386A4}", "القطاع": "القطاع الاول", "المسافة_بين_الكبنة_والبوكس": "5m", "I_D": "6-2", "created_user": null, "created_date": null, "last_edited_user": null, "last_edited_date": null}, "geometry": {"type": "Point", "coordinates": [31.564830961138103, 30.275816893434307, 0.0]}}, {"type": "Feature", "properties": {"Description": null, "Telecom_Feature_Type": "بوكس", "Easting": "031° 33' 45.66\" E", "Northing": "30° 16' 31.2\" N", "ID": "12", "GlobalID": "{289E7CA6-5B30-4ABC-94CF-DF0CC6916724}", "القطاع": "القطاع الاول", "المسافة_بين_الكبنة_والبوكس": "180m", "I_D": "6-2", "created_user": null, "created_date": null, "last_edited_user": null, "last_edited_date": null}, "geometry": {"type": "Point", "coordinates": [31.564361423439568, 30.275499273267215, 0.0]}}, {"type": "Feature", "properties": {"Description": null, "Telecom_Feature_Type": "بوكس", "Easting": "031° 33' 44.91\" E", "Northing": "30° 16' 30.44\" N", "ID": "16", "GlobalID": "{A0DB7467-8C23-46ED-98F2-3AB459D84B97}", "القطاع": "القطاع الاول", "المسافة_بين_الكبنة_والبوكس": "5m", "I_D": "6-4", "created_user": null, "created_date": null, "last_edited_user": null, "last_edited_date": null}, "geometry": {"type": "Point", "coordinates": [31.564151606942918, 30.275287279417235, 0.0]}}, {"type": "Feature", "properties": {"Description": null, "Telecom_Feature_Type": "بوكس", "Easting": "031° 33' 43.39\" E", "Northing": "30° 16' 29.16\" N", "ID": "18", "GlobalID": "{6CA44144-0083-47C5-9889-EAC546A595F2}", "القطاع": "القطاع الاول", "المسافة_بين_الكبنة_والبوكس": "290m", "I_D": "6-4", "created_user": null, "created_date": null, "last_edited_user": null, "last_edited_date": null}, "geometry": {"type": "Point", "coordinates": [31.56373005588348, 30.274933921692273, 0.0]}}, {"type": "Feature", "properties": {"Description": null, "Telecom_Feature_Type": "بوكس", "Easting": "031° 33' 43.53\" E", "Northing": "30° 16' 30.3\" N", "ID": "17", "GlobalID": "{EADC633B-6ABF-4B54-836D-75352B333385}", "القطاع": "القطاع الاول", "المسافة_بين_الكبنة_والبوكس": "--m", "I_D": "--m", "created_user": null, "created_date": null, "last_edited_user": null, "last_edited_date": null}, "geometry": {"type": "Point", "coordinates": [31.563768100048506, 30.27525054495067, 0.0]}}, {"type": "Feature", "properties": {"Description": null, "Telecom_Feature_Type": "بوكس", "Easting": "031° 33' 17.87\" E", "Northing": "30° 16' 39.19\" N", "ID": "6", "GlobalID": "{D178C2F3-511B-4807-923E-3D12F3EA58AB}", "القطاع": "القطاع الثالث", "المسافة_بين_الكبنة_والبوكس": "270m", "I_D": "8-1", "created_user": null, "created_date": null, "last_edited_user": null, "last_edited_date": null}, "geometry": {"type": "Point", "coordinates": [31.556641063429296, 30.277719959782793, 0.0]}}, {"type": "Feature", "properties": {"Description": null, "Telecom_Feature_Type": "بوكس", "Easting": "031° 33' 17.28\" E", "Northing": "30° 16' 39.5\" N", "ID": "5", "GlobalID": "{2A0B17EB-FFE7-4D97-99A2-03F04806A5D8}", "القطاع": "القطاع الثالث", "المسافة_بين_الكبنة_والبوكس": "300m", "I_D": "8-1", "created_user": null, "created_date": null, "last_edited_user": null, "last_edited_date": null}, "geometry": {"type": "Point", "coordinates": [31.55647749954511, 30.277805817717464, 0.0]}}, {"type": "Feature", "properties": {"Description": null, "Telecom_Feature_Type": "بوكس", "Easting": "031° 33' 31.17\" E", "Northing": "30° 16' 41.76\" N", "ID": "3", "GlobalID": "{B847BC88-CB2C-4223-B16B-5893AEEE02BA}", "القطاع": "القطاع الثالث", "المسافة_بين_الكبنة_والبوكس": "245m", "I_D": "8-2", "created_user": null, "created_date": null, "last_edited_user": null, "last_edited_date": null}, "geometry": {"type": "Point", "coordinates": [31.560334127361966, 30.278432925241063, 0.0]}}, {"type": "Feature", "properties": {"Description": null, "Telecom_Feature_Type": "بوكس", "Easting": "031° 33' 19.37\" E", "Northing": "30° 15' 52.68\" N", "ID": "14", "GlobalID": "{110EEFB5-05B8-412D-A385-E3293C2C3331}", "القطاع": "القطاع الثاني", "المسافة_بين_الكبنة_والبوكس": "135m", "I_D": "4-3", "created_user": null, "created_date": null, "last_edited_user": null, "last_edited_date": null}, "geometry": {"type": "Point", "coordinates": [31.55705886320631, 30.264800648213335, 0.0]}}, {"type": "Feature", "properties": {"Description": null, "Telecom_Feature_Type": "بوكس", "Easting": "031° 33' 20.32\" E", "Northing": "30° 15' 53.16\" N", "ID": "13", "GlobalID": "{D5671FA3-5F4D-4561-889B-F218F22DEE6D}", "القطاع": "القطاع الثاني", "المسافة_بين_الكبنة_والبوكس": "165m", "I_D": "4-3", "created_user": null, "created_date": null, "last_edited_user": null, "last_edited_date": null}, "geometry": {"type": "Point", "coordinates": [31.557320473733764, 30.264932332400505, 0.0]}}, {"type": "Feature", "properties": {"Description": null, "Telecom_Feature_Type": "بوكس", "Easting": "031° 33' 21.26\" E", "Northing": "30° 15' 54.11\" N", "ID": "12", "GlobalID": "{1F64ECF0-1605-4DA6-A0FE-E7DC207935B6}", "القطاع": "القطاع الثاني", "المسافة_بين_الكبنة_والبوكس": "200m", "I_D": "4-3", "created_user": null, "created_date": null, "last_edited_user": null, "last_edited_date": null}, "geometry": {"type": "Point", "coordinates": [31.557581129097866, 30.265196301437268, 0.0]}}, {"type": "Feature", "properties": {"Description": null, "Telecom_Feature_Type": "بوكس", "Easting": "031° 33' 21.69\" E", "Northing": "30° 15' 54.79\" N", "ID": "11", "GlobalID": "{E1EAB07C-C2EF-4090-95E5-2B555FA01554}", "القطاع": "القطاع الثاني", "المسافة_بين_الكبنة_والبوكس": "215m", "I_D": "4-3", "created_user": null, "created_date": null, "last_edited_user": null, "last_edited_date": null}, "geometry": {"type": "Point", "coordinates": [31.557702934941414, 30.265386825930022, 0.0]}}, {"type": "Feature", "properties": {"Description": null, "Telecom_Feature_Type": "بوكس", "Easting": "031° 33' 17.76\" E", "Northing": "30° 15' 53.32\" N", "ID": "21", "GlobalID": "{BBD1D4DB-23FC-44DA-980F-357F21449DC6}", "القطاع": "القطاع الثاني", "المسافة_بين_الكبنة_والبوكس": "40m", "I_D": "4-3", "created_user": null, "created_date": null, "last_edited_user": null, "last_edited_date": null}, "geometry": {"type": "Point", "coordinates": [31.556610342067874, 30.264978783077616, 0.0]}}, {"type": "Feature", "properties": {"Description": null, "Telecom_Feature_Type": "بوكس", "Easting": "031° 33' 18.72\" E", "Northing": "30° 15' 53.8\" N", "ID": "20", "GlobalID": "{4F77D20B-F5C6-4202-9262-896D3F336073}", "القطاع": "القطاع الثاني", "المسافة_بين_الكبنة_والبوكس": "90m", "I_D": "4-3", "created_user": null, "created_date": null, "last_edited_user": null, "last_edited_date": null}, "geometry": {"type": "Point", "coordinates": [31.556878234760863, 30.265110003093003, 0.0]}}, {"type": "Feature", "properties": {"Description": null, "Telecom_Feature_Type": "بوكس", "Easting": "031° 33' 19.09\" E", "Northing": "30° 15' 54.66\" N", "ID": "19", "GlobalID": "{64CB6EBC-0D17-48AB-8B24-A13A008565FC}", "القطاع": "القطاع الثاني", "المسافة_بين_الكبنة_والبوكس": "120m", "I_D": "4-3", "created_user": null, "created_date": null, "last_edited_user": null, "last_edited_date": null}, "geometry": {"type": "Point", "coordinates": [31.556979200155027, 30.265350779486884, 0.0]}}, {"type": "Feature", "properties": {"Description": null, "Telecom_Feature_Type": "بوكس", "Easting": "031° 33' 19.99\" E", "Northing": "30° 15' 55.59\" N", "ID": "18", "GlobalID": "{ECB8F6FC-AAE8-4EF1-9634-2FA98C620BBD}", "القطاع": "القطاع الثاني", "المسافة_بين_الكبنة_والبوكس": "160m", "I_D": "4-3", "created_user": null, "created_date": null, "last_edited_user": null, "last_edited_date": null}, "geometry": {"type": "Point", "coordinates": [31.557229807858235, 30.26560827910464, 0.0]}}, {"type": "Feature", "properties": {"Description": null, "Telecom_Feature_Type": "بوكس", "Easting": "031° 33' 20.66\" E", "Northing": "30° 15' 55.48\" N", "ID": "17", "GlobalID": "{CD8E598B-5941-4AD2-BEA0-BACAE00628E4}", "القطاع": "القطاع الثاني", "المسافة_بين_الكبنة_والبوكس": "175m", "I_D": "4-3", "created_user": null, "created_date": null, "last_edited_user": null, "last_edited_date": null}, "geometry": {"type": "Point", "coordinates": [31.55741478327968, 30.265577388284676, 0.0]}}, {"type": "Feature", "properties": {"Description": null, "Telecom_Feature_Type": "بوكس", "Easting": "031° 33' 15.14\" E", "Northing": "30° 15' 55.51\" N", "ID": "10", "GlobalID": "{DC10E93B-D9B8-41D5-941E-0766FE63DC89}", "القطاع": "القطاع الثاني", "المسافة_بين_الكبنة_والبوكس": "120m", "I_D": "4-3", "created_user": null, "created_date": null, "last_edited_user": null, "last_edited_date": null}, "geometry": {"type": "Point", "coordinates": [31.555882595065686, 30.265586405607852, 0.0]}}, {"type": "Feature", "properties": {"Description": null, "Telecom_Feature_Type": "بوكس", "Easting": "031° 33' 15.89\" E", "Northing": "30° 15' 56.2\" N", "ID": "9", "GlobalID": "{1331BD4C-280D-4FAE-A701-3AE7F5633543}", "القطاع": "القطاع الثاني", "المسافة_بين_الكبنة_والبوكس": "170m", "I_D": "4-3", "created_user": null, "created_date": null, "last_edited_user": null, "last_edited_date": null}, "geometry": {"type": "Point", "coordinates": [31.556090913418963, 30.26577688065534, 0.0]}}, {"type": "Feature", "properties": {"Description": null, "Telecom_Feature_Type": "بوكس", "Easting": "031° 33' 16.98\" E", "Northing": "30° 15' 56.29\" N", "ID": "8", "GlobalID": "{9CDFC1B9-0DBB-48C0-BDBF-842F227F0AD6}", "القطاع": "القطاع الثاني", "المسافة_بين_الكبنة_والبوكس": "200m", "I_D": "4-3", "created_user": null, "created_date": null, "last_edited_user": null, "last_edited_date": null}, "geometry": {"type": "Point", "coordinates": [31.556394712547146, 30.26580128074854, 0.0]}}, {"type": "Feature", "properties": {"Description": null, "Telecom_Feature_Type": "بوكس", "Easting": "031° 33' 18.31\" E", "Northing": "30° 15' 56.75\" N", "ID": "7", "GlobalID": "{045D5C07-9564-402E-9290-4AA0697D2F82}", "القطاع": "القطاع الثاني", "المسافة_بين_الكبنة_والبوكس": "240m", "I_D": "4-3", "created_user": null, "created_date": null, "last_edited_user": null, "last_edited_date": null}, "geometry": {"type": "Point", "coordinates": [31.556762877337675, 30.26592989804103, 0.0]}}, {"type": "Feature", "properties": {"Description": null, "Telecom_Feature_Type": "بوكس", "Easting": "031° 33' 18.8\" E", "Northing": "30° 15' 57.17\" N", "ID": "6", "GlobalID": "{A18BC520-2267-48CE-A171-98D94DAFAD51}", "القطاع": "القطاع الثاني", "المسافة_بين_الكبنة_والبوكس": "255m", "I_D": "4-3", "created_user": null, "created_date": null, "last_edited_user": null, "last_edited_date": null}, "geometry": {"type": "Point", "coordinates": [31.5569001408699, 30.26604767265758, 0.0]}}, {"type": "Feature", "properties": {"Description": null, "Telecom_Feature_Type": "بوكس", "Easting": "031° 33' 14.59\" E", "Northing": "30° 15' 57.14\" N", "ID": "5", "GlobalID": "{7CD9DCE4-B5F1-4E4C-A0B1-4372788C818E}", "القطاع": "القطاع الثاني", "المسافة_بين_الكبنة_والبوكس": "185m", "I_D": "4-3", "created_user": null, "created_date": null, "last_edited_user": null, "last_edited_date": null}, "geometry": {"type": "Point", "coordinates": [31.5557302864172, 30.266039733393875, 0.0]}}, {"type": "Feature", "properties": {"Description": null, "Telecom_Feature_Type": "بوكس", "Easting": "031° 33' 15.68\" E", "Northing": "30° 15' 57.24\" N", "ID": "4", "GlobalID": "{089442B2-58DC-44EB-996F-D543C90D3D59}", "القطاع": "القطاع الثاني", "المسافة_بين_الكبنة_والبوكس": "220m", "I_D": "4-3", "created_user": null, "created_date": null, "last_edited_user": null, "last_edited_date": null}, "geometry": {"type": "Point", "coordinates": [31.556032470601423, 30.26606694832756, 0.0]}}, {"type": "Feature", "properties": {"Description": null, "Telecom_Feature_Type": "بوكس", "Easting": "031° 33' 16.43\" E", "Northing": "30° 15' 57.93\" N", "ID": "3", "GlobalID": "{F8237C04-8389-4C77-BA35-25A892D6D1CA}", "القطاع": "القطاع الثاني", "المسافة_بين_الكبنة_والبوكس": "255m", "I_D": "4-3", "created_user": null, "created_date": null, "last_edited_user": null, "last_edited_date": null}, "geometry": {"type": "Point", "coordinates": [31.556239738436446, 30.26625923706961, 0.0]}}, {"type": "Feature", "properties": {"Description": null, "Telecom_Feature_Type": "بوكس", "Easting": "031° 33' 17.66\" E", "Northing": "30° 15' 58.56\" N", "ID": "2", "GlobalID": "{521FB8A0-D56C-43BA-AC68-A83E667A61BC}", "القطاع": "القطاع الثاني", "المسافة_بين_الكبنة_والبوكس": "290m", "I_D": "4-3", "created_user": null, "created_date": null, "last_edited_user": null, "last_edited_date": null}, "geometry": {"type": "Point", "coordinates": [31.556581976980652, 30.266433216789842, 0.0]}}, {"type": "Feature", "properties": {"Description": null, "Telecom_Feature_Type": "بوكس", "Easting": "031° 33' 18.18\" E", "Northing": "30° 15' 58.26\" N", "ID": "1", "GlobalID": "{A92AD33F-3894-406A-8788-BA4D8FCFC6FF}", "القطاع": "القطاع الثاني", "المسافة_بين_الكبنة_والبوكس": "310m", "I_D": "4-3", "created_user": null, "created_date": null, "last_edited_user": null, "last_edited_date": null}, "geometry": {"type": "Point", "coordinates": [31.55672650174045, 30.266349353686444, 0.0]}}, {"type": "Feature", "properties": {"Description": null, "Telecom_Feature_Type": "بوكس", "Easting": "031° 33' 23.0\" E", "Northing": "30° 15' 55.9\" N", "ID": "1", "GlobalID": "{512F56B4-4084-425E-A7E1-B401FE6ACC58}", "القطاع": "القطاع الثاني", "المسافة_بين_الكبنة_والبوكس": "235m", "I_D": "9-1", "created_user": null, "created_date": null, "last_edited_user": null, "last_edited_date": null}, "geometry": {"type": "Point", "coordinates": [31.558064579345668, 30.26569272456743, 0.0]}}, {"type": "Feature", "properties": {"Description": null, "Telecom_Feature_Type": "بوكس", "Easting": "031° 33' 23.16\" E", "Northing": "30° 15' 56.48\" N", "ID": "2", "GlobalID": "{810DA762-DF45-4F8F-B8BC-15EEC51F8E61}", "القطاع": "القطاع الثاني", "المسافة_بين_الكبنة_والبوكس": "215m", "I_D": "9-1", "created_user": null, "created_date": null, "last_edited_user": null, "last_edited_date": null}, "geometry": {"type": "Point", "coordinates": [31.55810901641279, 30.265854270370728, 0.0]}}, {"type": "Feature", "properties": {"Description": null, "Telecom_Feature_Type": "بوكس", "Easting": "031° 33' 23.98\" E", "Northing": "30° 15' 57.49\" N", "ID": "3", "GlobalID": "{AEB38F22-A47C-4326-AE6C-85DAB065439F}", "القطاع": "القطاع الثاني", "المسافة_بين_الكبنة_والبوكس": "180m", "I_D": "9-1", "created_user": null, "created_date": null, "last_edited_user": null, "last_edited_date": null}, "geometry": {"type": "Point", "coordinates": [31.558337865173268, 30.26613629860059, 0.0]}}, {"type": "Feature", "properties": {"Description": null, "Telecom_Feature_Type": "بوكس", "Easting": "031° 33' 24.83\" E", "Northing": "30° 15' 58.09\" N", "ID": "4", "GlobalID": "{854072C3-FFDE-41D1-8304-CC1127560DA3}", "القطاع": "القطاع الثاني", "المسافة_بين_الكبنة_والبوكس": "150m", "I_D": "9-1", "created_user": null, "created_date": null, "last_edited_user": null, "last_edited_date": null}, "geometry": {"type": "Point", "coordinates": [31.55857303532592, 30.26630281969199, 0.0]}}, {"type": "Feature", "properties": {"Description": null, "Telecom_Feature_Type": "بوكس", "Easting": "031° 33' 24.2\" E", "Northing": "30° 15' 55.27\" N", "ID": "5", "GlobalID": "{7D60E981-632E-470F-BE2F-AD582BD43D07}", "القطاع": "القطاع الثاني", "المسافة_بين_الكبنة_والبوكس": "230m", "I_D": "9-1", "created_user": null, "created_date": null, "last_edited_user": null, "last_edited_date": null}, "geometry": {"type": "Point", "coordinates": [31.55839797685177, 30.26551966269604, 0.0]}}, {"type": "Feature", "properties": {"Description": null, "Telecom_Feature_Type": "بوكس", "Easting": "031° 33' 25.46\" E", "Northing": "30° 15' 56.38\" N", "ID": "7", "GlobalID": "{71509D69-18A3-4034-9170-A92A5117F930}", "القطاع": "القطاع الثاني", "المسافة_بين_الكبنة_والبوكس": "170m", "I_D": "9-1", "created_user": null, "created_date": null, "last_edited_user": null, "last_edited_date": null}, "geometry": {"type": "Point", "coordinates": [31.558749914769304, 30.265827567193426, 0.0]}}, {"type": "Feature", "properties": {"Description": null, "Telecom_Feature_Type": "بوكس", "Easting": "031° 33' 25.66\" E", "Northing": "30° 15' 57.31\" N", "ID": "8", "GlobalID": "{EFD3DACE-1108-4E8B-9CBD-85536AFE3EF1}", "القطاع": "القطاع الثاني", "المسافة_بين_الكبنة_والبوكس": "140m", "I_D": "9-1", "created_user": null, "created_date": null, "last_edited_user": null, "last_edited_date": null}, "geometry": {"type": "Point", "coordinates": [31.558805521488623, 30.266086044020582, 0.0]}}, {"type": "Feature", "properties": {"Description": null, "Telecom_Feature_Type": "بوكس", "Easting": "031° 33' 27.94\" E", "Northing": "30° 15' 57.1\" N", "ID": "20", "GlobalID": "{F133A4EC-AF24-43DA-853A-A20D267C52F6}", "القطاع": "القطاع الثاني", "المسافة_بين_الكبنة_والبوكس": "60m", "I_D": "9-1", "created_user": null, "created_date": null, "last_edited_user": null, "last_edited_date": null}, "geometry": {"type": "Point", "coordinates": [31.559437552583567, 30.26602626297993, 0.0]}}, {"type": "Feature", "properties": {"Description": null, "Telecom_Feature_Type": "بوكس", "Easting": "031° 33' 27.57\" E", "Northing": "30° 15' 56.24\" N", "ID": "19", "GlobalID": "{3D1838A9-1AC1-4385-9E50-33C6817D5265}", "القطاع": "القطاع الثاني", "المسافة_بين_الكبنة_والبوكس": "100m", "I_D": "9-1", "created_user": null, "created_date": null, "last_edited_user": null, "last_edited_date": null}, "geometry": {"type": "Point", "coordinates": [31.55933488645439, 30.265788025148385, 0.0]}}, {"type": "Feature", "properties": {"Description": null, "Telecom_Feature_Type": "بوكس", "Easting": "031° 33' 27.53\" E", "Northing": "30° 15' 55.01\" N", "ID": "18", "GlobalID": "{520A8FCE-74BB-4679-B132-E86FCEC29FF2}", "القطاع": "القطاع الثاني", "المسافة_بين_الكبنة_والبوكس": "130m", "I_D": "9-1", "created_user": null, "created_date": null, "last_edited_user": null, "last_edited_date": null}, "geometry": {"type": "Point", "coordinates": [31.55932485884145, 30.265447304174078, 0.0]}}, {"type": "Feature", "properties": {"Description": null, "Telecom_Feature_Type": "بوكس", "Easting": "031° 33' 29.25\" E", "Northing": "30° 15' 56.63\" N", "ID": "24", "GlobalID": "{C79A1CEE-111C-408A-883D-E209ECF68287}", "القطاع": "القطاع الثاني", "المسافة_بين_الكبنة_والبوكس": "40m", "I_D": "9-1", "created_user": null, "created_date": null, "last_edited_user": null, "last_edited_date": null}, "geometry": {"type": "Point", "coordinates": [31.55980269433171, 30.2658981084717, 0.0]}}, {"type": "Feature", "properties": {"Description": null, "Telecom_Feature_Type": "بوكس", "Easting": "031° 33' 29.66\" E", "Northing": "30° 15' 55.77\" N", "ID": "23", "GlobalID": "{B8CBD7AF-46D8-4DF1-8786-F2E293382858}", "القطاع": "القطاع الثاني", "المسافة_بين_الكبنة_والبوكس": "80m", "I_D": "9-1", "created_user": null, "created_date": null, "last_edited_user": null, "last_edited_date": null}, "geometry": {"type": "Point", "coordinates": [31.559915163907128, 30.265657359715707, 0.0]}}, {"type": "Feature", "properties": {"Description": null, "Telecom_Feature_Type": "بوكس", "Easting": "031° 33' 29.67\" E", "Northing": "30° 15' 54.53\" N", "ID": "22", "GlobalID": "{4CDFFABC-9CC5-44D4-81D7-186D76B7DA4C}", "القطاع": "القطاع الثاني", "المسافة_بين_الكبنة_والبوكس": "120m", "I_D": "9-1", "created_user": null, "created_date": null, "last_edited_user": null, "last_edited_date": null}, "geometry": {"type": "Point", "coordinates": [31.559917318626695, 30.2653124265605, 0.0]}}, {"type": "Feature", "properties": {"Description": null, "Telecom_Feature_Type": "بوكس", "Easting": "031° 33' 29.03\" E", "Northing": "30° 15' 54.27\" N", "ID": "21", "GlobalID": "{42ACFDED-EC3F-4059-A41B-2C7D4DA096BE}", "القطاع": "القطاع الثاني", "المسافة_بين_الكبنة_والبوكس": "135m", "I_D": "9-1", "created_user": null, "created_date": null, "last_edited_user": null, "last_edited_date": null}, "geometry": {"type": "Point", "coordinates": [31.55974200084257, 30.265239892705623, 0.0]}}, {"type": "Feature", "properties": {"Description": null, "Telecom_Feature_Type": "بوكس", "Easting": "031° 33' 31.64\" E", "Northing": "30° 15' 57.59\" N", "ID": "16", "GlobalID": "{D4F99822-39C1-4CC4-8C5B-A9D29C135057}", "القطاع": "القطاع الثاني", "المسافة_بين_الكبنة_والبوكس": "80m", "I_D": "9-1", "created_user": null, "created_date": null, "last_edited_user": null, "last_edited_date": null}, "geometry": {"type": "Point", "coordinates": [31.560465680122487, 30.266162578324877, 0.0]}}, {"type": "Feature", "properties": {"Description": null, "Telecom_Feature_Type": "بوكس", "Easting": "031° 33' 31.66\" E", "Northing": "30° 15' 56.63\" N", "ID": "15", "GlobalID": "{D25F058F-CE4F-4BF6-95F5-3029BFD8653A}", "القطاع": "القطاع الثاني", "المسافة_بين_الكبنة_والبوكس": "120m", "I_D": "9-1", "created_user": null, "created_date": null, "last_edited_user": null, "last_edited_date": null}, "geometry": {"type": "Point", "coordinates": [31.560471902761595, 30.265897251322002, 0.0]}}, {"type": "Feature", "properties": {"Description": null, "Telecom_Feature_Type": "بوكس", "Easting": "031° 33' 32.22\" E", "Northing": "30° 15' 55.18\" N", "ID": "14", "GlobalID": "{A0EE5BEF-310F-476E-A914-79C126BF78F2}", "القطاع": "القطاع الثاني", "المسافة_بين_الكبنة_والبوكس": "155m", "I_D": "9-1", "created_user": null, "created_date": null, "last_edited_user": null, "last_edited_date": null}, "geometry": {"type": "Point", "coordinates": [31.5606281990296, 30.26549494787131, 0.0]}}, {"type": "Feature", "properties": {"Description": null, "Telecom_Feature_Type": "بوكس", "Easting": "031° 33' 32.85\" E", "Northing": "30° 15' 55.11\" N", "ID": "13", "GlobalID": "{C18C61A2-369B-4DCD-AA3F-037047EA98E9}", "القطاع": "القطاع الثاني", "المسافة_بين_الكبنة_والبوكس": "180m", "I_D": "9-1", "created_user": null, "created_date": null, "last_edited_user": null, "last_edited_date": null}, "geometry": {"type": "Point", "coordinates": [31.560802180438603, 30.26547389006253, 0.0]}}, {"type": "Feature", "properties": {"Description": null, "Telecom_Feature_Type": "بوكس", "Easting": "031° 33' 34.15\" E", "Northing": "30° 15' 55.55\" N", "ID": "9", "GlobalID": "{A94CF9BB-48F3-4D34-A05D-A5BDAF084404}", "القطاع": "القطاع الثاني", "المسافة_بين_الكبنة_والبوكس": "210m", "I_D": "9-1", "created_user": null, "created_date": null, "last_edited_user": null, "last_edited_date": null}, "geometry": {"type": "Point", "coordinates": [31.561163790265592, 30.265597734922316, 0.0]}}, {"type": "Feature", "properties": {"Description": null, "Telecom_Feature_Type": "بوكس", "Easting": "031° 33' 34.08\" E", "Northing": "30° 15' 56.15\" N", "ID": "10", "GlobalID": "{F2226D42-879C-443D-9108-ADEEEF2C4294}", "القطاع": "القطاع الثاني", "المسافة_بين_الكبنة_والبوكس": "195m", "I_D": "9-1", "created_user": null, "created_date": null, "last_edited_user": null, "last_edited_date": null}, "geometry": {"type": "Point", "coordinates": [31.561144451240175, 30.265764650855843, 0.0]}}, {"type": "Feature", "properties": {"Description": null, "Telecom_Feature_Type": "بوكس", "Easting": "031° 33' 33.59\" E", "Northing": "30° 15' 56.99\" N", "ID": "11", "GlobalID": "{98E6BA7F-AC5E-4156-9557-3C3CB57B4655}", "القطاع": "القطاع الثاني", "المسافة_بين_الكبنة_والبوكس": "160m", "I_D": "9-1", "created_user": null, "created_date": null, "last_edited_user": null, "last_edited_date": null}, "geometry": {"type": "Point", "coordinates": [31.561008175729093, 30.265996756238305, 0.0]}}, {"type": "Feature", "properties": {"Description": null, "Telecom_Feature_Type": "بوكس", "Easting": "031° 33' 33.02\" E", "Northing": "30° 15' 53.41\" N", "ID": "17", "GlobalID": "{2D63601E-4DE8-4E9E-BCD7-721AFBBEC494}", "القطاع": "القطاع الثاني", "المسافة_بين_الكبنة_والبوكس": "285m", "I_D": "4-4", "created_user": null, "created_date": null, "last_edited_user": null, "last_edited_date": null}, "geometry": {"type": "Point", "coordinates": [31.560847853554538, 30.265002430418406, 0.0]}}, {"type": "Feature", "properties": {"Description": null, "Telecom_Feature_Type": "بوكس", "Easting": "031° 33' 33.55\" E", "Northing": "30° 15' 53.9\" N", "ID": "16", "GlobalID": "{70DB2A09-2F3F-4B90-A75A-418C14BD6678}", "القطاع": "القطاع الثاني", "المسافة_بين_الكبنة_والبوكس": "310m", "I_D": "4-4", "created_user": null, "created_date": null, "last_edited_user": null, "last_edited_date": null}, "geometry": {"type": "Point", "coordinates": [31.560997580108417, 30.26513775715664, 0.0]}}, {"type": "Feature", "properties": {"Description": null, "Telecom_Feature_Type": "بوكس", "Easting": "031° 33' 34.85\" E", "Northing": "30° 15' 54.33\" N", "ID": "11", "GlobalID": "{DA38A7BF-3418-4704-8EC8-7CDEFCCE8069}", "القطاع": "القطاع الثاني", "المسافة_بين_الكبنة_والبوكس": "340m", "I_D": "4-4", "created_user": null, "created_date": null, "last_edited_user": null, "last_edited_date": null}, "geometry": {"type": "Point", "coordinates": [31.561356693364925, 30.265256935975465, 0.0]}}, {"type": "Feature", "properties": {"Description": null, "Telecom_Feature_Type": "بوكس", "Easting": "031° 33' 36.92\" E", "Northing": "30° 15' 54.62\" N", "ID": "02", "GlobalID": "{1BE8AED6-16CC-45AD-B2A1-84B7061A6A62}", "القطاع": "القطاع الثاني", "المسافة_بين_الكبنة_والبوكس": "255m", "I_D": "12-1", "created_user": null, "created_date": null, "last_edited_user": null, "last_edited_date": null}, "geometry": {"type": "Point", "coordinates": [31.561933727231068, 30.26533834265435, 0.0]}}, {"type": "Feature", "properties": {"Description": null, "Telecom_Feature_Type": "بوكس", "Easting": "031° 33' 37.46\" E", "Northing": "30° 15' 55.11\" N", "ID": "1", "GlobalID": "{C7A4F219-EE87-4A18-84A2-78A92AD1FDB6}", "القطاع": "القطاع الثاني", "المسافة_بين_الكبنة_والبوكس": "270m", "I_D": "12-1", "created_user": null, "created_date": null, "last_edited_user": null, "last_edited_date": null}, "geometry": {"type": "Point", "coordinates": [31.562083086248204, 30.265474838752528, 0.0]}}, {"type": "Feature", "properties": {"Description": null, "Telecom_Feature_Type": "بوكس", "Easting": "031° 33' 37.53\" E", "Northing": "30° 15' 53.53\" N", "ID": "03", "GlobalID": "{1A7D8FBD-C17C-4F8A-B9DC-8E42AB424F93}", "القطاع": "القطاع الثاني", "المسافة_بين_الكبنة_والبوكس": "215m", "I_D": "12-1", "created_user": null, "created_date": null, "last_edited_user": null, "last_edited_date": null}, "geometry": {"type": "Point", "coordinates": [31.562102951677645, 30.265035340517976, 0.0]}}, {"type": "Feature", "properties": {"Description": null, "Telecom_Feature_Type": "بوكس", "Easting": "031° 33' 38.26\" E", "Northing": "30° 15' 52.81\" N", "ID": "04", "GlobalID": "{0B872031-3323-496B-9D73-7FF9932E9EF6}", "القطاع": "القطاع الثاني", "المسافة_بين_الكبنة_والبوكس": "180m", "I_D": "12-1", "created_user": null, "created_date": null, "last_edited_user": null, "last_edited_date": null}, "geometry": {"type": "Point", "coordinates": [31.562304007299566, 30.2648365394296, 0.0]}}, {"type": "Feature", "properties": {"Description": null, "Telecom_Feature_Type": "بوكس", "Easting": "031° 33' 40.35\" E", "Northing": "30° 15' 52.18\" N", "ID": "10", "GlobalID": "{83132FA3-6C3B-42BC-A200-4D8AFFFB4EC4}", "القطاع": "القطاع الثاني", "المسافة_بين_الكبنة_والبوكس": "85m", "I_D": "12-1", "created_user": null, "created_date": null, "last_edited_user": null, "last_edited_date": null}, "geometry": {"type": "Point", "coordinates": [31.562884827379158, 30.264660160978785, 0.0]}}, {"type": "Feature", "properties": {"Description": null, "Telecom_Feature_Type": "بوكس", "Easting": "031° 33' 39.69\" E", "Northing": "30° 15' 52.8\" N", "ID": "09", "GlobalID": "{CC7BBEB9-73D3-407E-86E3-B6AB1C879351}", "القطاع": "القطاع الثاني", "المسافة_بين_الكبنة_والبوكس": "120m", "I_D": "12-1", "created_user": null, "created_date": null, "last_edited_user": null, "last_edited_date": null}, "geometry": {"type": "Point", "coordinates": [31.562702495507416, 30.26483315089572, 0.0]}}, {"type": "Feature", "properties": {"Description": null, "Telecom_Feature_Type": "بوكس", "Easting": "031° 33' 39.6\" E", "Northing": "30° 15' 53.8\" N", "ID": "08", "GlobalID": "{7EF514D5-7E78-4057-86EB-3BAE5BC22DD5}", "القطاع": "القطاع الثاني", "المسافة_بين_الكبنة_والبوكس": "155m", "I_D": "12-1", "created_user": null, "created_date": null, "last_edited_user": null, "last_edited_date": null}, "geometry": {"type": "Point", "coordinates": [31.56267822365736, 30.26511003304531, 0.0]}}, {"type": "Feature", "properties": {"Description": null, "Telecom_Feature_Type": "بوكس", "Easting": "031° 33' 39.15\" E", "Northing": "30° 15' 54.92\" N", "ID": "07", "GlobalID": "{ADC91A0F-94D4-4E5F-81CE-3FF9FD3BF59D}", "القطاع": "القطاع الثاني", "المسافة_بين_الكبنة_والبوكس": "195m", "I_D": "12-1", "created_user": null, "created_date": null, "last_edited_user": null, "last_edited_date": null}, "geometry": {"type": "Point", "coordinates": [31.56255219105991, 30.26542255486535, 0.0]}}, {"type": "Feature", "properties": {"Description": null, "Telecom_Feature_Type": "بوكس", "Easting": "031° 33' 38.69\" E", "Northing": "30° 15' 55.56\" N", "ID": "06", "GlobalID": "{E21F9D99-9A71-4E5F-A420-32AA7222F355}", "القطاع": "القطاع الثاني", "المسافة_بين_الكبنة_والبوكس": "210m", "I_D": "12-1", "created_user": null, "created_date": null, "last_edited_user": null, "last_edited_date": null}, "geometry": {"type": "Point", "coordinates": [31.562423465202905, 30.265599039910168, 0.0]}}, {"type": "Feature", "properties": {"Description": null, "Telecom_Feature_Type": "بوكس", "Easting": "031° 33' 42.28\" E", "Northing": "30° 15' 53.33\" N", "ID": "30", "GlobalID": "{4DF4E009-2A25-412B-B797-1C504EA5CD79}", "القطاع": "القطاع الثاني", "المسافة_بين_الكبنة_والبوكس": "50m", "I_D": "12-1", "created_user": null, "created_date": null, "last_edited_user": null, "last_edited_date": null}, "geometry": {"type": "Point", "coordinates": [31.56342174919337, 30.264978891658732, 0.0]}}, {"type": "Feature", "properties": {"Description": null, "Telecom_Feature_Type": "بوكس", "Easting": "031° 33' 42.16\" E", "Northing": "30° 15' 54.26\" N", "ID": "29", "GlobalID": "{FC7CCC2B-D79E-4828-9836-582477AAA1BB}", "القطاع": "القطاع الثاني", "المسافة_بين_الكبنة_والبوكس": "85m", "I_D": "12-1", "created_user": null, "created_date": null, "last_edited_user": null, "last_edited_date": null}, "geometry": {"type": "Point", "coordinates": [31.56338869112734, 30.26523919419064, 0.0]}}, {"type": "Feature", "properties": {"Description": null, "Telecom_Feature_Type": "بوكس", "Easting": "031° 33' 41.43\" E", "Northing": "30° 15' 54.93\" N", "ID": "28", "GlobalID": "{76232F35-31EA-4D5B-9B61-9C6D13569347}", "القطاع": "القطاع الثاني", "المسافة_بين_الكبنة_والبوكس": "120m", "I_D": "12-1", "created_user": null, "created_date": null, "last_edited_user": null, "last_edited_date": null}, "geometry": {"type": "Point", "coordinates": [31.563184354030433, 30.265425025174938, 0.0]}}, {"type": "Feature", "properties": {"Description": null, "Telecom_Feature_Type": "بوكس", "Easting": "031° 33' 40.85\" E", "Northing": "30° 15' 55.99\" N", "ID": "27", "GlobalID": "{D1B00FAE-116C-4350-A9D8-29B1B58B241F}", "القطاع": "القطاع الثاني", "المسافة_بين_الكبنة_والبوكس": "155m", "I_D": "12-1", "created_user": null, "created_date": null, "last_edited_user": null, "last_edited_date": null}, "geometry": {"type": "Point", "coordinates": [31.563023346650294, 30.26572013117504, 0.0]}}, {"type": "Feature", "properties": {"Description": null, "Telecom_Feature_Type": "بوكس", "Easting": "031° 33' 41.17\" E", "Northing": "30° 15' 56.51\" N", "ID": "26", "GlobalID": "{EDFC2E11-ED41-4C4B-9993-3A9D6ABEAFD9}", "القطاع": "القطاع الثاني", "المسافة_بين_الكبنة_والبوكس": "170m", "I_D": "12-1", "created_user": null, "created_date": null, "last_edited_user": null, "last_edited_date": null}, "geometry": {"type": "Point", "coordinates": [31.563113649368326, 30.265864301586728, 0.0]}}, {"type": "Feature", "properties": {"Description": null, "Telecom_Feature_Type": "بوكس", "Easting": "031° 33' 42.43\" E", "Northing": "30° 15' 57.0\" N", "ID": "21", "GlobalID": "{81520651-2C5E-449C-A936-47413E7DC136}", "القطاع": "القطاع الثاني", "المسافة_بين_الكبنة_والبوكس": "210m", "I_D": "12-1", "created_user": null, "created_date": null, "last_edited_user": null, "last_edited_date": null}, "geometry": {"type": "Point", "coordinates": [31.56346320241552, 30.265998291107394, 0.0]}}, {"type": "Feature", "properties": {"Description": null, "Telecom_Feature_Type": "بوكس", "Easting": "031° 33' 36.73\" E", "Northing": "30° 15' 56.51\" N", "ID": "1", "GlobalID": "{3A675E7A-BB35-4C03-82B6-302073F95078}", "القطاع": "القطاع الثاني", "المسافة_بين_الكبنة_والبوكس": "255m", "I_D": "11-2", "created_user": null, "created_date": null, "last_edited_user": null, "last_edited_date": null}, "geometry": {"type": "Point", "coordinates": [31.561879725862795, 30.26586259708338, 0.0]}}, {"type": "Feature", "properties": {"Description": null, "Telecom_Feature_Type": "بوكس", "Easting": "031° 33' 36.11\" E", "Northing": "30° 15' 56.57\" N", "ID": "2", "GlobalID": "{D975D92B-D8DF-4271-941F-82371FA6D51E}", "القطاع": "القطاع الثاني", "المسافة_بين_الكبنة_والبوكس": "240m", "I_D": "11-2", "created_user": null, "created_date": null, "last_edited_user": null, "last_edited_date": null}, "geometry": {"type": "Point", "coordinates": [31.561708192877838, 30.265881194083246, 0.0]}}, {"type": "Feature", "properties": {"Description": null, "Telecom_Feature_Type": "بوكس", "Easting": "031° 33' 35.63\" E", "Northing": "30° 15' 57.74\" N", "ID": "3", "GlobalID": "{E16F1B87-64CE-4931-B0B3-06DB9937B0F0}", "القطاع": "القطاع الثاني", "المسافة_بين_الكبنة_والبوكس": "200m", "I_D": "11-2", "created_user": null, "created_date": null, "last_edited_user": null, "last_edited_date": null}, "geometry": {"type": "Point", "coordinates": [31.561575097557714, 30.266204219750232, 0.0]}}, {"type": "Feature", "properties": {"Description": null, "Telecom_Feature_Type": "بوكس", "Easting": "031° 33' 35.44\" E", "Northing": "30° 15' 58.96\" N", "ID": "4", "GlobalID": "{56A90C45-5B7D-4D15-9D1E-35034F9D7F20}", "القطاع": "القطاع الثاني", "المسافة_بين_الكبنة_والبوكس": "170m", "I_D": "11-2", "created_user": null, "created_date": null, "last_edited_user": null, "last_edited_date": null}, "geometry": {"type": "Point", "coordinates": [31.561521319616215, 30.266543607986215, 0.0]}}, {"type": "Feature", "properties": {"Description": null, "Telecom_Feature_Type": "بوكس", "Easting": "031° 33' 36.5\" E", "Northing": "30° 15' 59.36\" N", "ID": "8", "GlobalID": "{CD148C2A-8805-44FD-A8EB-60396298BF33}", "القطاع": "القطاع الثاني", "المسافة_بين_الكبنة_والبوكس": "155m", "I_D": "11-2", "created_user": null, "created_date": null, "last_edited_user": null, "last_edited_date": null}, "geometry": {"type": "Point", "coordinates": [31.561815509441818, 30.266654580578102, 0.0]}}, {"type": "Feature", "properties": {"Description": null, "Telecom_Feature_Type": "بوكس", "Easting": "031° 33' 37.92\" E", "Northing": "30° 15' 57.58\" N", "ID": "6", "GlobalID": "{F7045503-A969-4758-9890-D59FCB7198DD}", "القطاع": "القطاع الثاني", "المسافة_بين_الكبنة_والبوكس": "230m", "I_D": "11-2", "created_user": null, "created_date": null, "last_edited_user": null, "last_edited_date": null}, "geometry": {"type": "Point", "coordinates": [31.562211441972465, 30.26616082948764, 0.0]}}, {"type": "Feature", "properties": {"Description": null, "Telecom_Feature_Type": "بوكس", "Easting": "031° 33' 38.01\" E", "Northing": "30° 15' 57.0\" N", "ID": "5", "GlobalID": "{432659E6-9A3D-43FC-A952-DD3C81A1AD47}", "القطاع": "القطاع الثاني", "المسافة_بين_الكبنة_والبوكس": "250m", "I_D": "11-2", "created_user": null, "created_date": null, "last_edited_user": null, "last_edited_date": null}, "geometry": {"type": "Point", "coordinates": [31.56223510121699, 30.26599884893172, 0.0]}}, {"type": "Feature", "properties": {"Description": null, "Telecom_Feature_Type": "بوكس", "Easting": "031° 33' 39.03\" E", "Northing": "30° 16' 0.35\" N", "ID": "12", "GlobalID": "{5215E690-C4EF-4839-B72B-6B3B77EDAAE5}", "القطاع": "القطاع الثاني", "المسافة_بين_الكبنة_والبوكس": "70m", "I_D": "11-2", "created_user": null, "created_date": null, "last_edited_user": null, "last_edited_date": null}, "geometry": {"type": "Point", "coordinates": [31.562518005442364, 30.26692896094723, 0.0]}}, {"type": "Feature", "properties": {"Description": null, "Telecom_Feature_Type": "بوكس", "Easting": "031° 33' 39.13\" E", "Northing": "30° 15' 59.41\" N", "ID": "11", "GlobalID": "{5CC3B0D2-69A8-4A39-9DD8-C0A5CA62FEC2}", "القطاع": "القطاع الثاني", "المسافة_بين_الكبنة_والبوكس": "100m", "I_D": "11-2", "created_user": null, "created_date": null, "last_edited_user": null, "last_edited_date": null}, "geometry": {"type": "Point", "coordinates": [31.562545953140685, 30.266667863343944, 0.0]}}, {"type": "Feature", "properties": {"Description": null, "Telecom_Feature_Type": "بوكس", "Easting": "031° 33' 39.64\" E", "Northing": "30° 15' 58.25\" N", "ID": "10", "GlobalID": "{F4E1267F-0FB0-4F78-AD47-866FF0BB44EA}", "القطاع": "القطاع الثاني", "المسافة_بين_الكبنة_والبوكس": "140m", "I_D": "11-2", "created_user": null, "created_date": null, "last_edited_user": null, "last_edited_date": null}, "geometry": {"type": "Point", "coordinates": [31.562688401864662, 30.266347618203415, 0.0]}}, {"type": "Feature", "properties": {"Description": null, "Telecom_Feature_Type": "بوكس", "Easting": "031° 33' 40.41\" E", "Northing": "30° 15' 57.94\" N", "ID": "9", "GlobalID": "{7EFF33C0-3D84-4B53-AADA-AFFA78E681ED}", "القطاع": "القطاع الثاني", "المسافة_بين_الكبنة_والبوكس": "155m", "I_D": "11-2", "created_user": null, "created_date": null, "last_edited_user": null, "last_edited_date": null}, "geometry": {"type": "Point", "coordinates": [31.562901707758474, 30.266259567225926, 0.0]}}, {"type": "Feature", "properties": {"Description": null, "Telecom_Feature_Type": "بوكس", "Easting": "031° 33' 41.36\" E", "Northing": "30° 15' 58.33\" N", "ID": "13", "GlobalID": "{228A0177-FBB3-4237-BA97-AAD875C28EC5}", "القطاع": "القطاع الثاني", "المسافة_بين_الكبنة_والبوكس": "145m", "I_D": "11-2", "created_user": null, "created_date": null, "last_edited_user": null, "last_edited_date": null}, "geometry": {"type": "Point", "coordinates": [31.56316623164263, 30.266367977807008, 0.0]}}, {"type": "Feature", "properties": {"Description": null, "Telecom_Feature_Type": "بوكس", "Easting": "031° 33' 41.02\" E", "Northing": "30° 15' 59.85\" N", "ID": "15", "GlobalID": "{50632604-3B5F-442A-B443-C1C2CC8F3508}", "القطاع": "القطاع الثاني", "المسافة_بين_الكبنة_والبوكس": "90m", "I_D": "11-2", "created_user": null, "created_date": null, "last_edited_user": null, "last_edited_date": null}, "geometry": {"type": "Point", "coordinates": [31.563071313821332, 30.266791667939607, 0.0]}}, {"type": "Feature", "properties": {"Description": null, "Telecom_Feature_Type": "بوكس", "Easting": "031° 33' 40.24\" E", "Northing": "30° 16' 0.52\" N", "ID": "16", "GlobalID": "{8A0087AB-2905-4A81-ACCC-8FE80772F801}", "القطاع": "القطاع الثاني", "المسافة_بين_الكبنة_والبوكس": "55m", "I_D": "11-2", "created_user": null, "created_date": null, "last_edited_user": null, "last_edited_date": null}, "geometry": {"type": "Point", "coordinates": [31.56285607660981, 30.26697650603868, 0.0]}}, {"type": "Feature", "properties": {"Description": null, "Telecom_Feature_Type": "بوكس", "Easting": "031° 33' 42.66\" E", "Northing": "30° 16' 1.57\" N", "ID": "24", "GlobalID": "{0461DEDD-5A82-4904-B65F-F48E081F8E37}", "القطاع": "القطاع الثاني", "المسافة_بين_الكبنة_والبوكس": "90m", "I_D": "11-2", "created_user": null, "created_date": null, "last_edited_user": null, "last_edited_date": null}, "geometry": {"type": "Point", "coordinates": [31.563525899078265, 30.267270155322606, 0.0]}}, {"type": "Feature", "properties": {"Description": null, "Telecom_Feature_Type": "بوكس", "Easting": "031° 33' 42.78\" E", "Northing": "30° 16' 0.61\" N", "ID": "23", "GlobalID": "{17678408-114F-462A-98F5-FB9EA4055511}", "القطاع": "القطاع الثاني", "المسافة_بين_الكبنة_والبوكس": "130m", "I_D": "11-2", "created_user": null, "created_date": null, "last_edited_user": null, "last_edited_date": null}, "geometry": {"type": "Point", "coordinates": [31.563559329745704, 30.267003352904045, 0.0]}}, {"type": "Feature", "properties": {"Description": null, "Telecom_Feature_Type": "بوكس", "Easting": "031° 33' 16.74\" E", "Northing": "30° 16' 0.11\" N", "ID": "2", "GlobalID": "{A10BCF53-82F3-4044-B1F5-FCEC74733F78}", "القطاع": "القطاع الثاني", "المسافة_بين_الكبنة_والبوكس": "300m", "I_D": "4-2", "created_user": null, "created_date": null, "last_edited_user": null, "last_edited_date": null}, "geometry": {"type": "Point", "coordinates": [31.556327207710993, 30.266863146111145, 0.0]}}, {"type": "Feature", "properties": {"Description": null, "Telecom_Feature_Type": "بوكس", "Easting": "031° 33' 15.37\" E", "Northing": "30° 15' 59.75\" N", "ID": "3", "GlobalID": "{C209C663-A1D1-4356-A822-E62A33B37AB0}", "القطاع": "القطاع الثاني", "المسافة_بين_الكبنة_والبوكس": "260m", "I_D": "4-2", "created_user": null, "created_date": null, "last_edited_user": null, "last_edited_date": null}, "geometry": {"type": "Point", "coordinates": [31.55594723841734, 30.266764355984172, 0.0]}}, {"type": "Feature", "properties": {"Description": null, "Telecom_Feature_Type": "بوكس", "Easting": "031° 33' 14.28\" E", "Northing": "30° 15' 59.73\" N", "ID": "4", "GlobalID": "{EE15C46D-AD7C-4D06-A666-C4A205B45616}", "القطاع": "القطاع الثاني", "المسافة_بين_الكبنة_والبوكس": "225m", "I_D": "4-2", "created_user": null, "created_date": null, "last_edited_user": null, "last_edited_date": null}, "geometry": {"type": "Point", "coordinates": [31.55564451490751, 30.266757666489497, 0.0]}}, {"type": "Feature", "properties": {"Description": null, "Telecom_Feature_Type": "بوكس", "Easting": "031° 33' 13.47\" E", "Northing": "30° 15' 59.1\" N", "ID": "5", "GlobalID": "{D73B8CBF-3E74-4392-9A7E-7AD5E13DD20A}", "القطاع": "القطاع الثاني", "المسافة_بين_الكبنة_والبوكس": "190m", "I_D": "4-2", "created_user": null, "created_date": null, "last_edited_user": null, "last_edited_date": null}, "geometry": {"type": "Point", "coordinates": [31.55541896363806, 30.266581629716526, 0.0]}}, {"type": "Feature", "properties": {"Description": null, "Telecom_Feature_Type": "بوكس", "Easting": "031° 33' 16.77\" E", "Northing": "30° 16' 1.63\" N", "ID": "6", "GlobalID": "{064C2BB3-57E3-4C64-B6F2-1C4DA4CACEFF}", "القطاع": "القطاع الثاني", "المسافة_بين_الكبنة_والبوكس": "280m", "I_D": "4-2", "created_user": null, "created_date": null, "last_edited_user": null, "last_edited_date": null}, "geometry": {"type": "Point", "coordinates": [31.556335441841874, 30.267285071612722, 0.0]}}, {"type": "Feature", "properties": {"Description": null, "Telecom_Feature_Type": "بوكس", "Easting": "031° 33' 16.27\" E", "Northing": "30° 16' 1.97\" N", "ID": "7", "GlobalID": "{0C8CBFB4-A258-4641-916F-B354869EBFF0}", "القطاع": "القطاع الثاني", "المسافة_بين_الكبنة_والبوكس": "260m", "I_D": "4-2", "created_user": null, "created_date": null, "last_edited_user": null, "last_edited_date": null}, "geometry": {"type": "Point", "coordinates": [31.55619508112683, 30.267379391175364, 0.0]}}, {"type": "Feature", "properties": {"Description": null, "Telecom_Feature_Type": "بوكس", "Easting": "031° 33' 14.98\" E", "Northing": "30° 16' 1.43\" N", "ID": "8", "GlobalID": "{39804B46-C014-4789-B606-22FA62CFD3E7}", "القطاع": "القطاع الثاني", "المسافة_بين_الكبنة_والبوكس": "230m", "I_D": "4-2", "created_user": null, "created_date": null, "last_edited_user": null, "last_edited_date": null}, "geometry": {"type": "Point", "coordinates": [31.555837986955115, 30.267230754161098, 0.0]}}, {"type": "Feature", "properties": {"Description": null, "Telecom_Feature_Type": "بوكس", "Easting": "031° 33' 14.17\" E", "Northing": "30° 16' 0.79\" N", "ID": "9", "GlobalID": "{321154DB-B33E-43AB-A221-64698637BE03}", "القطاع": "القطاع الثاني", "المسافة_بين_الكبنة_والبوكس": "190m", "I_D": "4-2", "created_user": null, "created_date": null, "last_edited_user": null, "last_edited_date": null}, "geometry": {"type": "Point", "coordinates": [31.555613237240184, 30.267052260787697, 0.0]}}, {"type": "Feature", "properties": {"Description": null, "Telecom_Feature_Type": "بوكس", "Easting": "031° 33' 13.08\" E", "Northing": "30° 16' 0.77\" N", "ID": "10", "GlobalID": "{5A915710-0C7D-4AA8-B2ED-40DA20AAEFA3}", "القطاع": "القطاع الثاني", "المسافة_بين_الكبنة_والبوكس": "160m", "I_D": "4-2", "created_user": null, "created_date": null, "last_edited_user": null, "last_edited_date": null}, "geometry": {"type": "Point", "coordinates": [31.555309526490497, 30.267047203801447, 0.0]}}, {"type": "Feature", "properties": {"Description": null, "Telecom_Feature_Type": "بوكس", "Easting": "031° 33' 12.17\" E", "Northing": "30° 16' 2.43\" N", "ID": "15", "GlobalID": "{7BD2EC84-BB95-485F-B2CB-4952A630920A}", "القطاع": "القطاع الثاني", "المسافة_بين_الكبنة_والبوكس": "70m", "I_D": "4-2", "created_user": null, "created_date": null, "last_edited_user": null, "last_edited_date": null}, "geometry": {"type": "Point", "coordinates": [31.555057866527996, 30.26750912026243, 0.0]}}, {"type": "Feature", "properties": {"Description": null, "Telecom_Feature_Type": "بوكس", "Easting": "031° 33' 12.99\" E", "Northing": "30° 16' 3.06\" N", "ID": "14", "GlobalID": "{52D35C7F-C4A4-46BA-BD2E-2D5BF26C1C04}", "القطاع": "القطاع الثاني", "المسافة_بين_الكبنة_والبوكس": "115m", "I_D": "4-2", "created_user": null, "created_date": null, "last_edited_user": null, "last_edited_date": null}, "geometry": {"type": "Point", "coordinates": [31.555284569345183, 30.267684169516183, 0.0]}}, {"type": "Feature", "properties": {"Description": null, "Telecom_Feature_Type": "بوكس", "Easting": "031° 33' 14.08\" E", "Northing": "30° 16' 3.09\" N", "ID": "13", "GlobalID": "{6CEAD267-0380-4F6C-9D6E-E0C90A447FE7}", "القطاع": "القطاع الثاني", "المسافة_بين_الكبنة_والبوكس": "145m", "I_D": "4-2", "created_user": null, "created_date": null, "last_edited_user": null, "last_edited_date": null}, "geometry": {"type": "Point", "coordinates": [31.555587621945683, 30.267690111531575, 0.0]}}, {"type": "Feature", "properties": {"Description": null, "Telecom_Feature_Type": "بوكس", "Easting": "031° 33' 15.44\" E", "Northing": "30° 16' 3.45\" N", "ID": "12", "GlobalID": "{9DD6F0B1-2890-4DAD-B116-93EDE1E3AD7C}", "القطاع": "القطاع الثاني", "المسافة_بين_الكبنة_والبوكس": "180m", "I_D": "4-2", "created_user": null, "created_date": null, "last_edited_user": null, "last_edited_date": null}, "geometry": {"type": "Point", "coordinates": [31.555965674018836, 30.267791115386483, 0.0]}}, {"type": "Feature", "properties": {"Description": null, "Telecom_Feature_Type": "بوكس", "Easting": "031° 33' 16.0\" E", "Northing": "30° 16' 3.83\" N", "ID": "11", "GlobalID": "{D1F3CCEA-91FF-49A9-A183-CD70C76897D6}", "القطاع": "القطاع الثاني", "المسافة_بين_الكبنة_والبوكس": "205m", "I_D": "4-2", "created_user": null, "created_date": null, "last_edited_user": null, "last_edited_date": null}, "geometry": {"type": "Point", "coordinates": [31.556121511172517, 30.267896223101257, 0.0]}}, {"type": "Feature", "properties": {"Description": null, "Telecom_Feature_Type": "بوكس", "Easting": "031° 33' 15.47\" E", "Northing": "30° 16' 4.95\" N", "ID": "26", "GlobalID": "{829413B2-E51D-40FB-9C18-534D09F7FD4C}", "القطاع": "القطاع الثاني", "المسافة_بين_الكبنة_والبوكس": "170m", "I_D": "4-2", "created_user": null, "created_date": null, "last_edited_user": null, "last_edited_date": null}, "geometry": {"type": "Point", "coordinates": [31.555975123790027, 30.268208078071797, 0.0]}}, {"type": "Feature", "properties": {"Description": null, "Telecom_Feature_Type": "بوكس", "Easting": "031° 33' 14.96\" E", "Northing": "30° 16' 5.3\" N", "ID": "27", "GlobalID": "{67FED031-8CCF-410E-ABC9-A119D711481F}", "القطاع": "القطاع الثاني", "المسافة_بين_الكبنة_والبوكس": "160m", "I_D": "4-2", "created_user": null, "created_date": null, "last_edited_user": null, "last_edited_date": null}, "geometry": {"type": "Point", "coordinates": [31.555832734287595, 30.2683063387622, 0.0]}}, {"type": "Feature", "properties": {"Description": null, "Telecom_Feature_Type": "بوكس", "Easting": "031° 33' 13.69\" E", "Northing": "30° 16' 4.75\" N", "ID": "28", "GlobalID": "{218AB957-209F-49BB-88E3-CC13551C4EB6}", "القطاع": "القطاع الثاني", "المسافة_بين_الكبنة_والبوكس": "120m", "I_D": "4-2", "created_user": null, "created_date": null, "last_edited_user": null, "last_edited_date": null}, "geometry": {"type": "Point", "coordinates": [31.555480185141448, 30.268151473681602, 0.0]}}, {"type": "Feature", "properties": {"Description": null, "Telecom_Feature_Type": "بوكس", "Easting": "031° 33' 12.87\" E", "Northing": "30° 16' 4.12\" N", "ID": "29", "GlobalID": "{01B98AA5-395D-4EE7-B6D8-67F46FFCA049}", "القطاع": "القطاع الثاني", "المسافة_بين_الكبنة_والبوكس": "85m", "I_D": "4-2", "created_user": null, "created_date": null, "last_edited_user": null, "last_edited_date": null}, "geometry": {"type": "Point", "coordinates": [31.55525311742553, 30.267978318825772, 0.0]}}, {"type": "Feature", "properties": {"Description": null, "Telecom_Feature_Type": "بوكس", "Easting": "031° 33' 11.79\" E", "Northing": "30° 16' 4.09\" N", "ID": "30", "GlobalID": "{2D869A9B-AD23-40E4-91AF-B6FDBE2FA5F1}", "القطاع": "القطاع الثاني", "المسافة_بين_الكبنة_والبوكس": "50m", "I_D": "4-2", "created_user": null, "created_date": null, "last_edited_user": null, "last_edited_date": null}, "geometry": {"type": "Point", "coordinates": [31.5549512970887, 30.26796953119207, 0.0]}}, {"type": "Feature", "properties": {"Description": null, "Telecom_Feature_Type": "بوكس", "Easting": "031° 33' 10.67\" E", "Northing": "30° 16' 6.79\" N", "ID": "25", "GlobalID": "{4019FD9B-A5E1-4D33-96BF-6E9E1261D8CC}", "القطاع": "القطاع الثالث", "المسافة_بين_الكبنة_والبوكس": "110m", "I_D": "4-2", "created_user": null, "created_date": null, "last_edited_user": null, "last_edited_date": null}, "geometry": {"type": "Point", "coordinates": [31.55464142470191, 30.268718339546027, 0.0]}}, {"type": "Feature", "properties": {"Description": null, "Telecom_Feature_Type": "بوكس", "Easting": "031° 33' 11.16\" E", "Northing": "30° 16' 7.32\" N", "ID": "24", "GlobalID": "{D69EA876-09EF-43DA-BEF6-FB8DFD7211D0}", "القطاع": "القطاع الثالث", "المسافة_بين_الكبنة_والبوكس": "140m", "I_D": "4-2", "created_user": null, "created_date": null, "last_edited_user": null, "last_edited_date": null}, "geometry": {"type": "Point", "coordinates": [31.554776552345345, 30.26886523615321, 0.0]}}, {"type": "Feature", "properties": {"Description": null, "Telecom_Feature_Type": "بوكس", "Easting": "031° 33' 12.25\" E", "Northing": "30° 16' 7.35\" N", "ID": "23", "GlobalID": "{21F3BF28-B6DB-4DE1-92F7-94AFF45FD9FB}", "القطاع": "القطاع الثالث", "المسافة_بين_الكبنة_والبوكس": "170m", "I_D": "4-2", "created_user": null, "created_date": null, "last_edited_user": null, "last_edited_date": null}, "geometry": {"type": "Point", "coordinates": [31.555080152235885, 30.268874353999497, 0.0]}}, {"type": "Feature", "properties": {"Description": null, "Telecom_Feature_Type": "بوكس", "Easting": "031° 33' 13.61\" E", "Northing": "30° 16' 7.73\" N", "ID": "22", "GlobalID": "{A04F164E-BF23-4CC2-A2B1-B58F3DD90A0D}", "القطاع": "القطاع الثالث", "المسافة_بين_الكبنة_والبوكس": "210m", "I_D": "4-2", "created_user": null, "created_date": null, "last_edited_user": null, "last_edited_date": null}, "geometry": {"type": "Point", "coordinates": [31.55545635494732, 30.26897988995333, 0.0]}}, {"type": "Feature", "properties": {"Description": null, "Telecom_Feature_Type": "بوكس", "Easting": "031° 33' 14.15\" E", "Northing": "30° 16' 8.1\" N", "ID": "21", "GlobalID": "{0100AA0C-6686-4B58-BAC9-0C9042914B6B}", "القطاع": "القطاع الثالث", "المسافة_بين_الكبنة_والبوكس": "225m", "I_D": "4-2", "created_user": null, "created_date": null, "last_edited_user": null, "last_edited_date": null}, "geometry": {"type": "Point", "coordinates": [31.55560718696581, 30.269082484701325, 0.0]}}, {"type": "Feature", "properties": {"Description": null, "Telecom_Feature_Type": "بوكس", "Easting": "031° 33' 13.12\" E", "Northing": "30° 16' 9.55\" N", "ID": "17", "GlobalID": "{4BB74605-8191-4261-B8AA-D44C35C1DC8A}", "القطاع": "القطاع الثالث", "المسافة_بين_الكبنة_والبوكس": "270m", "I_D": "4-2", "created_user": null, "created_date": null, "last_edited_user": null, "last_edited_date": null}, "geometry": {"type": "Point", "coordinates": [31.55532012815132, 30.269484938978213, 0.0]}}, {"type": "Feature", "properties": {"Description": null, "Telecom_Feature_Type": "بوكس", "Easting": "031° 33' 11.84\" E", "Northing": "30° 16' 8.99\" N", "ID": "18", "GlobalID": "{507ABDEB-73B6-4C10-8F44-CD052222095F}", "القطاع": "القطاع الثالث", "المسافة_بين_الكبنة_والبوكس": "230m", "I_D": "4-2", "created_user": null, "created_date": null, "last_edited_user": null, "last_edited_date": null}, "geometry": {"type": "Point", "coordinates": [31.55496717422122, 30.269331149523392, 0.0]}}, {"type": "Feature", "properties": {"Description": null, "Telecom_Feature_Type": "بوكس", "Easting": "031° 33' 11.04\" E", "Northing": "30° 16' 8.35\" N", "ID": "19", "GlobalID": "{2A7BF4F0-65B6-4CAB-A678-BEEA942742A4}", "القطاع": "القطاع الثالث", "المسافة_بين_الكبنة_والبوكس": "200m", "I_D": "4-2", "created_user": null, "created_date": null, "last_edited_user": null, "last_edited_date": null}, "geometry": {"type": "Point", "coordinates": [31.554744229453256, 30.269153027767207, 0.0]}}, {"type": "Feature", "properties": {"Description": null, "Telecom_Feature_Type": "بوكس", "Easting": "031° 33' 9.95\" E", "Northing": "30° 16' 8.32\" N", "ID": "20", "GlobalID": "{EBB7A967-1419-4FDA-B68E-1A937817DF8A}", "القطاع": "القطاع الثالث", "المسافة_بين_الكبنة_والبوكس": "160m", "I_D": "4-2", "created_user": null, "created_date": null, "last_edited_user": null, "last_edited_date": null}, "geometry": {"type": "Point", "coordinates": [31.55444109963991, 30.269144121848715, 0.0]}}, {"type": "Feature", "properties": {"Description": null, "Telecom_Feature_Type": "بوكس", "Easting": "031° 33' 11.7\" E", "Northing": "30° 16' 11.0\" N", "ID": "1", "GlobalID": "{A5AC3EB8-A5F9-4D14-AF34-6BC3F0597107}", "القطاع": "القطاع الثالث", "المسافة_بين_الكبنة_والبوكس": "305m", "I_D": "4-1", "created_user": null, "created_date": null, "last_edited_user": null, "last_edited_date": null}, "geometry": {"type": "Point", "coordinates": [31.554927926886144, 30.26988920322616, 0.0]}}, {"type": "Feature", "properties": {"Description": null, "Telecom_Feature_Type": "بوكس", "Easting": "031° 33' 11.17\" E", "Northing": "30° 16' 10.61\" N", "ID": "2", "GlobalID": "{EA17E18D-0CC5-4B41-8B19-E8DF374C75B2}", "القطاع": "القطاع الثالث", "المسافة_بين_الكبنة_والبوكس": "290m", "I_D": "4-1", "created_user": null, "created_date": null, "last_edited_user": null, "last_edited_date": null}, "geometry": {"type": "Point", "coordinates": [31.554780160824873, 30.269781570354304, 0.0]}}, {"type": "Feature", "properties": {"Description": null, "Telecom_Feature_Type": "بوكس", "Easting": "031° 33' 9.82\" E", "Northing": "30° 16' 10.22\" N", "ID": "3", "GlobalID": "{75A6BC24-8164-490E-8ACC-B9AD7FF7FD57}", "القطاع": "القطاع الثالث", "المسافة_بين_الكبنة_والبوكس": "250m", "I_D": "4-1", "created_user": null, "created_date": null, "last_edited_user": null, "last_edited_date": null}, "geometry": {"type": "Point", "coordinates": [31.55440441346847, 30.26967241336514, 0.0]}}, {"type": "Feature", "properties": {"Description": null, "Telecom_Feature_Type": "بوكس", "Easting": "031° 33' 8.74\" E", "Northing": "30° 16' 10.16\" N", "ID": "4", "GlobalID": "{480AD2A9-3345-4D1F-8566-C175F959D1A5}", "القطاع": "القطاع الثالث", "المسافة_بين_الكبنة_والبوكس": "220m", "I_D": "4-1", "created_user": null, "created_date": null, "last_edited_user": null, "last_edited_date": null}, "geometry": {"type": "Point", "coordinates": [31.55410403460749, 30.269656215549485, 0.0]}}, {"type": "Feature", "properties": {"Description": null, "Telecom_Feature_Type": "بوكس", "Easting": "031° 33' 10.66\" E", "Northing": "30° 16' 12.45\" N", "ID": "6", "GlobalID": "{7434F3F9-758C-4687-B5A0-DC30943E8B81}", "القطاع": "القطاع الثالث", "المسافة_بين_الكبنة_والبوكس": "290m", "I_D": "4-1", "created_user": null, "created_date": null, "last_edited_user": null, "last_edited_date": null}, "geometry": {"type": "Point", "coordinates": [31.55463700358563, 30.27029096514633, 0.0]}}, {"type": "Feature", "properties": {"Description": null, "Telecom_Feature_Type": "بوكس", "Easting": "031° 33' 9.39\" E", "Northing": "30° 16' 11.89\" N", "ID": "7", "GlobalID": "{CD2D49D7-562E-4733-8187-322D9C2BA338}", "القطاع": "القطاع الثالث", "المسافة_بين_الكبنة_والبوكس": "250m", "I_D": "4-1", "created_user": null, "created_date": null, "last_edited_user": null, "last_edited_date": null}, "geometry": {"type": "Point", "coordinates": [31.554284351264698, 30.27013495538309, 0.0]}}, {"type": "Feature", "properties": {"Description": null, "Telecom_Feature_Type": "بوكس", "Easting": "031° 33' 8.59\" E", "Northing": "30° 16' 11.23\" N", "ID": "8", "GlobalID": "{00C7B12D-9AF2-4279-9646-2CFF3C9A7D3F}", "القطاع": "القطاع الثالث", "المسافة_بين_الكبنة_والبوكس": "210m", "I_D": "4-1", "created_user": null, "created_date": null, "last_edited_user": null, "last_edited_date": null}, "geometry": {"type": "Point", "coordinates": [31.554063403357702, 30.26995351535469, 0.0]}}, {"type": "Feature", "properties": {"Description": null, "Telecom_Feature_Type": "بوكس", "Easting": "031° 33' 20.36\" E", "Northing": "30° 15' 59.6\" N", "ID": "2", "GlobalID": "{9F653A24-B517-44FA-8D0C-D94679C428A2}", "القطاع": "القطاع الثاني", "المسافة_بين_الكبنة_والبوكس": "250m", "I_D": "7-2", "created_user": null, "created_date": null, "last_edited_user": null, "last_edited_date": null}, "geometry": {"type": "Point", "coordinates": [31.557333481578983, 30.26672230449222, 0.0]}}, {"type": "Feature", "properties": {"Description": null, "Telecom_Feature_Type": "بوكس", "Easting": "031° 33' 20.82\" E", "Northing": "30° 16' 1.62\" N", "ID": "5", "GlobalID": "{91CEC00D-13E1-47B7-B75F-F6D6FDFC36AC}", "القطاع": "القطاع الثاني", "المسافة_بين_الكبنة_والبوكس": "150m", "I_D": "7-2", "created_user": null, "created_date": null, "last_edited_user": null, "last_edited_date": null}, "geometry": {"type": "Point", "coordinates": [31.557459694968266, 30.267281638561787, 0.0]}}, {"type": "Feature", "properties": {"Description": null, "Telecom_Feature_Type": "بوكس", "Easting": "031° 33' 21.57\" E", "Northing": "30° 16' 2.08\" N", "ID": "6", "GlobalID": "{9281FC74-1CB9-4FED-9048-665FF4479D89}", "القطاع": "القطاع الثاني", "المسافة_بين_الكبنة_والبوكس": "100m", "I_D": "7-2", "created_user": null, "created_date": null, "last_edited_user": null, "last_edited_date": null}, "geometry": {"type": "Point", "coordinates": [31.557668773855575, 30.26740939940717, 0.0]}}, {"type": "Feature", "properties": {"Description": null, "Telecom_Feature_Type": "بوكس", "Easting": "031° 33' 19.52\" E", "Northing": "30° 16' 1.08\" N", "ID": "7", "GlobalID": "{517AEC35-5F1D-4AAA-8651-AF6DA6C693D4}", "القطاع": "القطاع الثاني", "المسافة_بين_الكبنة_والبوكس": "205m", "I_D": "7-2", "created_user": null, "created_date": null, "last_edited_user": null, "last_edited_date": null}, "geometry": {"type": "Point", "coordinates": [31.557100229971113, 30.267132639826194, 0.0]}}, {"type": "Feature", "properties": {"Description": null, "Telecom_Feature_Type": "بوكس", "Easting": "031° 33' 19.03\" E", "Northing": "30° 16' 1.42\" N", "ID": "8", "GlobalID": "{62DC3961-8AF6-4CAF-B88C-0304806A96E5}", "القطاع": "القطاع الثاني", "المسافة_بين_الكبنة_والبوكس": "190m", "I_D": "7-2", "created_user": null, "created_date": null, "last_edited_user": null, "last_edited_date": null}, "geometry": {"type": "Point", "coordinates": [31.556961964847357, 30.267226155700623, 0.0]}}, {"type": "Feature", "properties": {"Description": null, "Telecom_Feature_Type": "بوكس", "Easting": "031° 33' 18.54\" E", "Northing": "30° 16' 2.55\" N", "ID": "9", "GlobalID": "{F635D2AD-BAA9-446C-8B5D-0E3DF6D4F9B4}", "القطاع": "القطاع الثاني", "المسافة_بين_الكبنة_والبوكس": "150m", "I_D": "7-2", "created_user": null, "created_date": null, "last_edited_user": null, "last_edited_date": null}, "geometry": {"type": "Point", "coordinates": [31.556826744392115, 30.26754064147403, 0.0]}}, {"type": "Feature", "properties": {"Description": null, "Telecom_Feature_Type": "بوكس", "Easting": "031° 33' 19.07\" E", "Northing": "30° 16' 2.93\" N", "ID": "10", "GlobalID": "{4D5C6A9D-1485-482B-88C9-D1544BC62FF9}", "القطاع": "القطاع الثاني", "المسافة_بين_الكبنة_والبوكس": "120m", "I_D": "7-2", "created_user": null, "created_date": null, "last_edited_user": null, "last_edited_date": null}, "geometry": {"type": "Point", "coordinates": [31.556975553125902, 30.26764578342264, 0.0]}}, {"type": "Feature", "properties": {"Description": null, "Telecom_Feature_Type": "بوكس", "Easting": "031° 33' 20.44\" E", "Northing": "30° 16' 3.29\" N", "ID": "11", "GlobalID": "{DBEB40A9-AE7C-4057-91A7-4DB578F222C3}", "القطاع": "القطاع الثاني", "المسافة_بين_الكبنة_والبوكس": "80m", "I_D": "7-2", "created_user": null, "created_date": null, "last_edited_user": null, "last_edited_date": null}, "geometry": {"type": "Point", "coordinates": [31.557354286705827, 30.267746536812506, 0.0]}}, {"type": "Feature", "properties": {"Description": null, "Telecom_Feature_Type": "بوكس", "Easting": "031° 33' 21.53\" E", "Northing": "30° 16' 3.29\" N", "ID": "12", "GlobalID": "{9D439129-BDE7-47C6-834B-5661AA126D90}", "القطاع": "القطاع الثاني", "المسافة_بين_الكبنة_والبوكس": "60m", "I_D": "7-2", "created_user": null, "created_date": null, "last_edited_user": null, "last_edited_date": null}, "geometry": {"type": "Point", "coordinates": [31.55765803756988, 30.26774799872781, 0.0]}}, {"type": "Feature", "properties": {"Description": null, "Telecom_Feature_Type": "بوكس", "Easting": "031° 33' 20.23\" E", "Northing": "30° 16' 5.55\" N", "ID": "29", "GlobalID": "{F0213369-494F-43F7-84F9-93358384C182}", "القطاع": "القطاع الثاني", "المسافة_بين_الكبنة_والبوكس": "70m", "I_D": "7-2", "created_user": null, "created_date": null, "last_edited_user": null, "last_edited_date": null}, "geometry": {"type": "Point", "coordinates": [31.55729645741103, 30.268375269642146, 0.0]}}, {"type": "Feature", "properties": {"Description": null, "Telecom_Feature_Type": "بوكس", "Easting": "031° 33' 19.42\" E", "Northing": "30° 16' 4.92\" N", "ID": "28", "GlobalID": "{946C1200-8696-43C7-8CBC-B5A75CCBD01C}", "القطاع": "القطاع الثاني", "المسافة_بين_الكبنة_والبوكس": "100m", "I_D": "7-2", "created_user": null, "created_date": null, "last_edited_user": null, "last_edited_date": null}, "geometry": {"type": "Point", "coordinates": [31.557070676684763, 30.268199161015545, 0.0]}}, {"type": "Feature", "properties": {"Description": null, "Telecom_Feature_Type": "بوكس", "Easting": "031° 33' 18.13\" E", "Northing": "30° 16' 4.39\" N", "ID": "27", "GlobalID": "{08A1D70E-A5C8-44F2-88AC-589CC9FBD8B2}", "القطاع": "القطاع الثاني", "المسافة_بين_الكبنة_والبوكس": "130m", "I_D": "7-2", "created_user": null, "created_date": null, "last_edited_user": null, "last_edited_date": null}, "geometry": {"type": "Point", "coordinates": [31.556711738408282, 30.268052659488205, 0.0]}}, {"type": "Feature", "properties": {"Description": null, "Telecom_Feature_Type": "بوكس", "Easting": "031° 33' 17.64\" E", "Northing": "30° 16' 4.73\" N", "ID": "26", "GlobalID": "{6F88FBD9-920F-4084-A352-31EE92FCC4DF}", "القطاع": "القطاع الثاني", "المسافة_بين_الكبنة_والبوكس": "140m", "I_D": "7-2", "created_user": null, "created_date": null, "last_edited_user": null, "last_edited_date": null}, "geometry": {"type": "Point", "coordinates": [31.55657564574236, 30.268146930668202, 0.0]}}, {"type": "Feature", "properties": {"Description": null, "Telecom_Feature_Type": "بوكس", "Easting": "031° 33' 20.13\" E", "Northing": "30° 16' 6.6\" N", "ID": "25", "GlobalID": "{6CBAD33F-E2EA-4031-9498-F0B027A6FFE8}", "القطاع": "القطاع الثاني", "المسافة_بين_الكبنة_والبوكس": "80m", "I_D": "7-2", "created_user": null, "created_date": null, "last_edited_user": null, "last_edited_date": null}, "geometry": {"type": "Point", "coordinates": [31.557268750706825, 30.268666529529092, 0.0]}}, {"type": "Feature", "properties": {"Description": null, "Telecom_Feature_Type": "بوكس", "Easting": "031° 33' 17.13\" E", "Northing": "30° 16' 5.86\" N", "ID": "22", "GlobalID": "{45C3C84B-7927-4DB7-BA0B-57CD4F293A9C}", "القطاع": "القطاع الثاني", "المسافة_بين_الكبنة_والبوكس": "170m", "I_D": "7-2", "created_user": null, "created_date": null, "last_edited_user": null, "last_edited_date": null}, "geometry": {"type": "Point", "coordinates": [31.556435289082483, 30.268461031889586, 0.0]}}, {"type": "Feature", "properties": {"Description": null, "Telecom_Feature_Type": "بوكس", "Easting": "031° 33' 23.67\" E", "Northing": "30° 16' 6.11\" N", "ID": "17", "GlobalID": "{509B96E6-AACD-490C-BC6D-4E04115FC7CD}", "القطاع": "القطاع الثاني", "المسافة_بين_الكبنة_والبوكس": "100m", "I_D": "7-2", "created_user": null, "created_date": null, "last_edited_user": null, "last_edited_date": null}, "geometry": {"type": "Point", "coordinates": [31.558252217199886, 30.268530242771657, 0.0]}}, {"type": "Feature", "properties": {"Description": null, "Telecom_Feature_Type": "بوكس", "Easting": "031° 33' 24.37\" E", "Northing": "30° 16' 6.68\" N", "ID": "16", "GlobalID": "{C5E3FF4C-41CE-4F22-9364-BD5962EC2E8E}", "القطاع": "القطاع الثاني", "المسافة_بين_الكبنة_والبوكس": "115m", "I_D": "7-2", "created_user": null, "created_date": null, "last_edited_user": null, "last_edited_date": null}, "geometry": {"type": "Point", "coordinates": [31.558446981005773, 30.26868842607242, 0.0]}}, {"type": "Feature", "properties": {"Description": null, "Telecom_Feature_Type": "بوكس", "Easting": "031° 33' 23.95\" E", "Northing": "30° 16' 7.75\" N", "ID": "15", "GlobalID": "{EEFF4E12-4405-46E6-88D6-7DA18B4E7283}", "القطاع": "القطاع الثاني", "المسافة_بين_الكبنة_والبوكس": "150m", "I_D": "7-2", "created_user": null, "created_date": null, "last_edited_user": null, "last_edited_date": null}, "geometry": {"type": "Point", "coordinates": [31.558331025111915, 30.268984700182337, 0.0]}}, {"type": "Feature", "properties": {"Description": null, "Telecom_Feature_Type": "بوكس", "Easting": "031° 33' 23.34\" E", "Northing": "30° 16' 8.12\" N", "ID": "14", "GlobalID": "{F9EDC881-1C63-42AC-9B9A-9EE202B4FAD6}", "القطاع": "القطاع الثاني", "المسافة_بين_الكبنة_والبوكس": "165m", "I_D": "7-2", "created_user": null, "created_date": null, "last_edited_user": null, "last_edited_date": null}, "geometry": {"type": "Point", "coordinates": [31.558160895092026, 30.26908865430341, 0.0]}}, {"type": "Feature", "properties": {"Description": null, "Telecom_Feature_Type": "بوكس", "Easting": "031° 33' 22.08\" E", "Northing": "30° 16' 7.67\" N", "ID": "13", "GlobalID": "{724DB337-C317-4E7A-BF25-F2733A63BC76}", "القطاع": "القطاع الثاني", "المسافة_بين_الكبنة_والبوكس": "200m", "I_D": "7-2", "created_user": null, "created_date": null, "last_edited_user": null, "last_edited_date": null}, "geometry": {"type": "Point", "coordinates": [31.557808942189197, 30.2689635965828, 0.0]}}, {"type": "Feature", "properties": {"Description": null, "Telecom_Feature_Type": "بوكس", "Easting": "031° 33' 15.59\" E", "Northing": "30° 16' 8.93\" N", "ID": "23", "GlobalID": "{9DDCD552-8776-4344-AB1A-B46E97C50304}", "القطاع": "القطاع الثالث", "المسافة_بين_الكبنة_والبوكس": "210m", "I_D": "7-1", "created_user": null, "created_date": null, "last_edited_user": null, "last_edited_date": null}, "geometry": {"type": "Point", "coordinates": [31.55600854427233, 30.26931401293563, 0.0]}}, {"type": "Feature", "properties": {"Description": null, "Telecom_Feature_Type": "بوكس", "Easting": "031° 33' 16.08\" E", "Northing": "30° 16' 8.6\" N", "ID": "24", "GlobalID": "{284E9C8B-5B6A-4DB3-BD77-050901348EF0}", "القطاع": "القطاع الثالث", "المسافة_بين_الكبنة_والبوكس": "200m", "I_D": "7-1", "created_user": null, "created_date": null, "last_edited_user": null, "last_edited_date": null}, "geometry": {"type": "Point", "coordinates": [31.556144987839946, 30.269221884114337, 0.0]}}, {"type": "Feature", "properties": {"Description": null, "Telecom_Feature_Type": "بوكس", "Easting": "031° 33' 17.37\" E", "Northing": "30° 16' 9.14\" N", "ID": "25", "GlobalID": "{C5BBF369-F3CB-4AA1-8D38-E43B5ECF1AE5}", "القطاع": "القطاع الثالث", "المسافة_بين_الكبنة_والبوكس": "160m", "I_D": "7-1", "created_user": null, "created_date": null, "last_edited_user": null, "last_edited_date": null}, "geometry": {"type": "Point", "coordinates": [31.556500881701677, 30.26937302394003, 0.0]}}, {"type": "Feature", "properties": {"Description": null, "Telecom_Feature_Type": "بوكس", "Easting": "031° 33' 18.17\" E", "Northing": "30° 16' 9.78\" N", "ID": "26", "GlobalID": "{3363CF41-8F6F-46E9-8D27-9A729373FAD8}", "القطاع": "القطاع الثالث", "المسافة_بين_الكبنة_والبوكس": "130m", "I_D": "7-1", "created_user": null, "created_date": null, "last_edited_user": null, "last_edited_date": null}, "geometry": {"type": "Point", "coordinates": [31.55672549143865, 30.269550893853534, 0.0]}}, {"type": "Feature", "properties": {"Description": null, "Telecom_Feature_Type": "بوكس", "Easting": "031° 33' 18.06\" E", "Northing": "30° 16' 10.83\" N", "ID": "30", "GlobalID": "{977D4099-E538-4225-A275-A0F14CAD7064}", "القطاع": "القطاع الثالث", "المسافة_بين_الكبنة_والبوكس": "80m", "I_D": "7-1", "created_user": null, "created_date": null, "last_edited_user": null, "last_edited_date": null}, "geometry": {"type": "Point", "coordinates": [31.556694161988972, 30.269841389594962, 0.0]}}, {"type": "Feature", "properties": {"Description": null, "Telecom_Feature_Type": "بوكس", "Easting": "031° 33' 16.97\" E", "Northing": "30° 16' 10.81\" N", "ID": "29", "GlobalID": "{B675AA73-AA98-48F9-B08E-3022735F3EB0}", "القطاع": "القطاع الثالث", "المسافة_بين_الكبنة_والبوكس": "120m", "I_D": "7-1", "created_user": null, "created_date": null, "last_edited_user": null, "last_edited_date": null}, "geometry": {"type": "Point", "coordinates": [31.556390427956853, 30.269834466251623, 0.0]}}, {"type": "Feature", "properties": {"Description": null, "Telecom_Feature_Type": "بوكس", "Easting": "031° 33' 15.61\" E", "Northing": "30° 16' 10.43\" N", "ID": "28", "GlobalID": "{7620ADB9-AD6D-468F-A65D-2AF472DB5E61}", "القطاع": "القطاع الثالث", "المسافة_بين_الكبنة_والبوكس": "170m", "I_D": "7-1", "created_user": null, "created_date": null, "last_edited_user": null, "last_edited_date": null}, "geometry": {"type": "Point", "coordinates": [31.556013772750525, 30.2697297918911, 0.0]}}, {"type": "Feature", "properties": {"Description": null, "Telecom_Feature_Type": "بوكس", "Easting": "031° 33' 15.06\" E", "Northing": "30° 16' 10.06\" N", "ID": "27", "GlobalID": "{102F1276-4034-4BB9-AD1F-D73744554398}", "القطاع": "القطاع الثالث", "المسافة_بين_الكبنة_والبوكس": "200m", "I_D": "7-1", "created_user": null, "created_date": null, "last_edited_user": null, "last_edited_date": null}, "geometry": {"type": "Point", "coordinates": [31.555861304892904, 30.2696266904007, 0.0]}}, {"type": "Feature", "properties": {"Description": null, "Telecom_Feature_Type": "بوكس", "Easting": "031° 33' 13.84\" E", "Northing": "30° 16' 12.11\" N", "ID": "13", "GlobalID": "{5CF18AAE-20F4-4D8A-BC8B-8BAF68DB0F06}", "القطاع": "القطاع الثالث", "المسافة_بين_الكبنة_والبوكس": "150m", "I_D": "7-1", "created_user": null, "created_date": null, "last_edited_user": null, "last_edited_date": null}, "geometry": {"type": "Point", "coordinates": [31.555522228835013, 30.270195956957387, 0.0]}}, {"type": "Feature", "properties": {"Description": null, "Telecom_Feature_Type": "بوكس", "Easting": "031° 33' 14.36\" E", "Northing": "30° 16' 11.8\" N", "ID": "14", "GlobalID": "{B5356194-A1D8-409B-BE08-324C58119492}", "القطاع": "القطاع الثالث", "المسافة_بين_الكبنة_والبوكس": "130m", "I_D": "7-1", "created_user": null, "created_date": null, "last_edited_user": null, "last_edited_date": null}, "geometry": {"type": "Point", "coordinates": [31.555666892764044, 30.27011094522406, 0.0]}}, {"type": "Feature", "properties": {"Description": null, "Telecom_Feature_Type": "بوكس", "Easting": "031° 33' 22.22\" E", "Northing": "30° 16' 11.02\" N", "ID": "17", "GlobalID": "{A95FB004-4295-42BB-B5D6-016681CF25F4}", "القطاع": "القطاع الثالث", "المسافة_بين_الكبنة_والبوكس": "200m", "I_D": null, "created_user": null, "created_date": null, "last_edited_user": null, "last_edited_date": null}, "geometry": {"type": "Point", "coordinates": [31.557848692149218, 30.269895102471548, 0.0]}}, {"type": "Feature", "properties": {"Description": null, "Telecom_Feature_Type": "بوكس", "Easting": "031° 33' 21.7\" E", "Northing": "30° 16' 10.62\" N", "ID": "18", "GlobalID": "{7B90D728-D619-454C-B70E-F4B75B0E7189}", "القطاع": "القطاع الثالث", "المسافة_بين_الكبنة_والبوكس": "180m", "I_D": null, "created_user": null, "created_date": null, "last_edited_user": null, "last_edited_date": null}, "geometry": {"type": "Point", "coordinates": [31.557703484856884, 30.26978364819748, 0.0]}}, {"type": "Feature", "properties": {"Description": null, "Telecom_Feature_Type": "بوكس", "Easting": "031° 33' 21.12\" E", "Northing": "30° 16' 12.45\" N", "ID": "21", "GlobalID": "{A8157F33-45CE-4DA8-9887-37C1775858E2}", "القطاع": "القطاع الثالث", "المسافة_بين_الكبنة_والبوكس": "180m", "I_D": null, "created_user": null, "created_date": null, "last_edited_user": null, "last_edited_date": null}, "geometry": {"type": "Point", "coordinates": [31.55754305226953, 30.270291591438035, 0.0]}}, {"type": "Feature", "properties": {"Description": null, "Telecom_Feature_Type": "بوكس", "Easting": "031° 33' 21.64\" E", "Northing": "30° 16' 12.13\" N", "ID": "20", "GlobalID": "{206CCEA6-1C59-4280-8886-231B68212988}", "القطاع": "القطاع الثالث", "المسافة_بين_الكبنة_والبوكس": "190m", "I_D": null, "created_user": null, "created_date": null, "last_edited_user": null, "last_edited_date": null}, "geometry": {"type": "Point", "coordinates": [31.557688650588315, 30.270201550929443, 0.0]}}, {"type": "Feature", "properties": {"Description": null, "Telecom_Feature_Type": "بوكس", "Easting": "031° 33' 23.48\" E", "Northing": "30° 16' 12.51\" N", "ID": "21", "GlobalID": "{BA81033E-0E57-4741-BB3B-8DCD04FD3339}", "القطاع": "القطاع الثالث", "المسافة_بين_الكبنة_والبوكس": "100m", "I_D": "9-3", "created_user": null, "created_date": null, "last_edited_user": null, "last_edited_date": null}, "geometry": {"type": "Point", "coordinates": [31.558200560871743, 30.270309303534646, 0.0]}}, {"type": "Feature", "properties": {"Description": null, "Telecom_Feature_Type": "بوكس", "Easting": "031° 33' 24.42\" E", "Northing": "30° 16' 11.57\" N", "ID": "7", "GlobalID": "{7132814F-2C40-4433-9099-E308CF4672C2}", "القطاع": "القطاع الثالث", "المسافة_بين_الكبنة_والبوكس": "140m", "I_D": "9-3", "created_user": null, "created_date": null, "last_edited_user": null, "last_edited_date": null}, "geometry": {"type": "Point", "coordinates": [31.55845956017741, 30.270046700065585, 0.0]}}, {"type": "Feature", "properties": {"Description": null, "Telecom_Feature_Type": "بوكس", "Easting": "031° 33' 26.8\" E", "Northing": "30° 16' 9.08\" N", "ID": "6", "GlobalID": "{EC19817F-0F09-462A-9CC4-277E53C3F8E8}", "القطاع": "القطاع الثاني", "المسافة_بين_الكبنة_والبوكس": "200m", "I_D": "9-3", "created_user": null, "created_date": null, "last_edited_user": null, "last_edited_date": null}, "geometry": {"type": "Point", "coordinates": [31.55912005658448, 30.269355561084755, 0.0]}}, {"type": "Feature", "properties": {"Description": null, "Telecom_Feature_Type": "بوكس", "Easting": "031° 33' 26.37\" E", "Northing": "30° 16' 7.33\" N", "ID": "2", "GlobalID": "{15D9E764-7387-4F82-8567-2EF3E0943116}", "القطاع": "القطاع الثاني", "المسافة_بين_الكبنة_والبوكس": "280m", "I_D": "9-3", "created_user": null, "created_date": null, "last_edited_user": null, "last_edited_date": null}, "geometry": {"type": "Point", "coordinates": [31.559001682813815, 30.268868539454033, 0.0]}}, {"type": "Feature", "properties": {"Description": null, "Telecom_Feature_Type": "بوكس", "Easting": "031° 33' 27.08\" E", "Northing": "30° 16' 7.61\" N", "ID": "3", "GlobalID": "{48642388-A463-420B-B8D5-74989BE27089}", "القطاع": "القطاع الثاني", "المسافة_بين_الكبنة_والبوكس": "250m", "I_D": "9-3", "created_user": null, "created_date": null, "last_edited_user": null, "last_edited_date": null}, "geometry": {"type": "Point", "coordinates": [31.559199808174082, 30.26894719205688, 0.0]}}, {"type": "Feature", "properties": {"Description": null, "Telecom_Feature_Type": "بوكس", "Easting": "031° 33' 41.61\" E", "Northing": "30° 16' 11.15\" N", "ID": "13A", "GlobalID": "{99065E2F-D660-419F-ACB2-6BB40DA7A5CB}", "القطاع": "القطاع الاول", "المسافة_بين_الكبنة_والبوكس": "5m", "I_D": "10-1", "created_user": null, "created_date": null, "last_edited_user": null, "last_edited_date": null}, "geometry": {"type": "Point", "coordinates": [31.563234902272033, 30.269930945771424, 0.0]}}, {"type": "Feature", "properties": {"Description": null, "Telecom_Feature_Type": "بوكس", "Easting": "031° 33' 40.52\" E", "Northing": "30° 16' 10.53\" N", "ID": "14A", "GlobalID": "{481DF1F1-A73A-494C-B61B-F1C09160CABD}", "القطاع": "القطاع الاول", "المسافة_بين_الكبنة_والبوكس": "5m", "I_D": "10-1", "created_user": null, "created_date": null, "last_edited_user": null, "last_edited_date": null}, "geometry": {"type": "Point", "coordinates": [31.56293227469997, 30.26975934485373, 0.0]}}, {"type": "Feature", "properties": {"Description": null, "Telecom_Feature_Type": "بوكس", "Easting": "031° 33' 39.22\" E", "Northing": "30° 16' 11.44\" N", "ID": "17A", "GlobalID": "{44513F57-6D8A-4631-BA94-112576DAEDF7}", "القطاع": "القطاع الاول", "المسافة_بين_الكبنة_والبوكس": "5m", "I_D": "10-1", "created_user": null, "created_date": null, "last_edited_user": null, "last_edited_date": null}, "geometry": {"type": "Point", "coordinates": [31.562572360758246, 30.27001165566201, 0.0]}}, {"type": "Feature", "properties": {"Description": null, "Telecom_Feature_Type": "بوكس", "Easting": "031° 33' 40.3\" E", "Northing": "30° 16' 12.1\" N", "ID": "16A", "GlobalID": "{75F52F92-670C-4AE3-90DC-B03C46919714}", "القطاع": "القطاع الاول", "المسافة_بين_الكبنة_والبوكس": "5m", "I_D": "10-1", "created_user": null, "created_date": null, "last_edited_user": null, "last_edited_date": null}, "geometry": {"type": "Point", "coordinates": [31.562870238620174, 30.270193727067454, 0.0]}}, {"type": "Feature", "properties": {"Description": null, "Telecom_Feature_Type": "بوكس", "Easting": "031° 33' 37.69\" E", "Northing": "30° 16' 13.04\" N", "ID": "20A", "GlobalID": "{44E675D3-4005-48CF-8865-F26AA0A25FB3}", "القطاع": "القطاع الاول", "المسافة_بين_الكبنة_والبوكس": "5m", "I_D": "10-1", "created_user": null, "created_date": null, "last_edited_user": null, "last_edited_date": null}, "geometry": {"type": "Point", "coordinates": [31.5621473488831, 30.270454817590487, 0.0]}}, {"type": "Feature", "properties": {"Description": null, "Telecom_Feature_Type": "بوكس", "Easting": "031° 33' 40.83\" E", "Northing": "30° 16' 6.96\" N", "ID": "16", "GlobalID": "{0E67061F-E73B-448F-B119-95D8A46CA7C9}", "القطاع": "القطاع الثاني", "المسافة_بين_الكبنة_والبوكس": "310m", "I_D": "10-2", "created_user": null, "created_date": null, "last_edited_user": null, "last_edited_date": null}, "geometry": {"type": "Point", "coordinates": [31.563017512249015, 30.2687665625446, 0.0]}}, {"type": "Feature", "properties": {"Description": null, "Telecom_Feature_Type": "بوكس", "Easting": "031° 33' 41.91\" E", "Northing": "30° 16' 7.1\" N", "ID": "15", "GlobalID": "{AEABB14E-4F23-4714-8605-C64F112220AC}", "القطاع": "القطاع الثاني", "المسافة_بين_الكبنة_والبوكس": "320m", "I_D": "10-2", "created_user": null, "created_date": null, "last_edited_user": null, "last_edited_date": null}, "geometry": {"type": "Point", "coordinates": [31.56331916681177, 30.268804816488668, 0.0]}}, {"type": "Feature", "properties": {"Description": null, "Telecom_Feature_Type": "بوكس", "Easting": "031° 33' 42.62\" E", "Northing": "30° 16' 7.83\" N", "ID": "18", "GlobalID": "{A552D915-C12F-43EA-9366-3AE763941139}", "القطاع": "القطاع الثاني", "المسافة_بين_الكبنة_والبوكس": "270m", "I_D": "10-2", "created_user": null, "created_date": null, "last_edited_user": null, "last_edited_date": null}, "geometry": {"type": "Point", "coordinates": [31.563514947000645, 30.269006693653417, 0.0]}}, {"type": "Feature", "properties": {"Description": null, "Telecom_Feature_Type": "بوكس", "Easting": "031° 33' 42.2\" E", "Northing": "30° 16' 8.38\" N", "ID": "19", "GlobalID": "{CFFD5DFF-7B55-400B-89A3-A05B2F5B88E6}", "القطاع": "القطاع الثاني", "المسافة_بين_الكبنة_والبوكس": "250m", "I_D": "10-2", "created_user": null, "created_date": null, "last_edited_user": null, "last_edited_date": null}, "geometry": {"type": "Point", "coordinates": [31.563399553378357, 30.269161655454507, 0.0]}}, {"type": "Feature", "properties": {"Description": null, "Telecom_Feature_Type": "بوكس", "Easting": "031° 33' 42.41\" E", "Northing": "30° 16' 5.64\" N", "ID": "13", "GlobalID": "{729C7389-608F-48C5-A764-46D5E3D63D8E}", "القطاع": "القطاع الثاني", "المسافة_بين_الكبنة_والبوكس": "295m", "I_D": "11-4", "created_user": null, "created_date": null, "last_edited_user": null, "last_edited_date": null}, "geometry": {"type": "Point", "coordinates": [31.5634588335722, 30.268400106108892, 0.0]}}, {"type": "Feature", "properties": {"Description": null, "Telecom_Feature_Type": "بوكس", "Easting": "031° 33' 42.1\" E", "Northing": "30° 16' 5.17\" N", "ID": "14", "GlobalID": "{C6D54C21-4A69-4EAE-A301-20D2910B6606}", "القطاع": "القطاع الثاني", "المسافة_بين_الكبنة_والبوكس": "280m", "I_D": "11-4", "created_user": null, "created_date": null, "last_edited_user": null, "last_edited_date": null}, "geometry": {"type": "Point", "coordinates": [31.563372064661532, 30.268267835036564, 0.0]}}, {"type": "Feature", "properties": {"Description": null, "Telecom_Feature_Type": "بوكس", "Easting": "031° 33' 4.87\" E", "Northing": "30° 16' 32.08\" N", "ID": "1", "GlobalID": "{898C7AA7-1F6F-46EE-9239-85AD95E4B911}", "القطاع": "القطاع الثالث", "المسافة_بين_الكبنة_والبوكس": "255m", "I_D": "3-3", "created_user": null, "created_date": null, "last_edited_user": null, "last_edited_date": null}, "geometry": {"type": "Point", "coordinates": [31.55303007167275, 30.27574506566673, 0.0]}}, {"type": "Feature", "properties": {"Description": null, "Telecom_Feature_Type": "بوكس", "Easting": "031° 33' 4.27\" E", "Northing": "30° 16' 32.39\" N", "ID": "2", "GlobalID": "{C78B60B3-4E84-47FA-8F18-43059CF07027}", "القطاع": "القطاع الثالث", "المسافة_بين_الكبنة_والبوكس": "240m", "I_D": "3-3", "created_user": null, "created_date": null, "last_edited_user": null, "last_edited_date": null}, "geometry": {"type": "Point", "coordinates": [31.5528636491824, 30.27583081029202, 0.0]}}, {"type": "Feature", "properties": {"Description": null, "Telecom_Feature_Type": "بوكس", "Easting": "031° 33' 3.4\" E", "Northing": "30° 16' 33.37\" N", "ID": "3", "GlobalID": "{40BDEEF8-F282-47D3-9805-8D6CF4FD14B8}", "القطاع": "القطاع الثالث", "المسافة_بين_الكبنة_والبوكس": "210m", "I_D": "3-3", "created_user": null, "created_date": null, "last_edited_user": null, "last_edited_date": null}, "geometry": {"type": "Point", "coordinates": [31.552622776217465, 30.276103815294103, 0.0]}}, {"type": "Feature", "properties": {"Description": null, "Telecom_Feature_Type": "بوكس", "Easting": "031° 33' 3.0\" E", "Northing": "30° 16' 34.26\" N", "ID": "4", "GlobalID": "{FFF5AA13-EC8F-4D73-8028-658A6046EBB9}", "القطاع": "القطاع الثالث", "المسافة_بين_الكبنة_والبوكس": "180m", "I_D": "3-3", "created_user": null, "created_date": null, "last_edited_user": null, "last_edited_date": null}, "geometry": {"type": "Point", "coordinates": [31.55251108544624, 30.276348950931354, 0.0]}}, {"type": "Feature", "properties": {"Description": null, "Telecom_Feature_Type": "بوكس", "Easting": "031° 33' 4.1\" E", "Northing": "30° 16' 34.72\" N", "ID": "8", "GlobalID": "{EC267065-0FDE-4A96-BCD7-56B9DD4323CA}", "القطاع": "القطاع الثالث", "المسافة_بين_الكبنة_والبوكس": "150m", "I_D": "3-3", "created_user": null, "created_date": null, "last_edited_user": null, "last_edited_date": null}, "geometry": {"type": "Point", "coordinates": [31.55281699707259, 30.27647699137503, 0.0]}}, {"type": "Feature", "properties": {"Description": null, "Telecom_Feature_Type": "بوكس", "Easting": "031° 33' 5.07\" E", "Northing": "30° 16' 34.27\" N", "ID": "7", "GlobalID": "{E65C2215-CF10-4C85-8222-264F5D8BF1B3}", "القطاع": "القطاع الثالث", "المسافة_بين_الكبنة_والبوكس": "180m", "I_D": "3-3", "created_user": null, "created_date": null, "last_edited_user": null, "last_edited_date": null}, "geometry": {"type": "Point", "coordinates": [31.55308622583538, 30.2763535299736, 0.0]}}, {"type": "Feature", "properties": {"Description": null, "Telecom_Feature_Type": "بوكس", "Easting": "031° 33' 6.1\" E", "Northing": "30° 16' 33.41\" N", "ID": "6", "GlobalID": "{A361F271-E2D0-43AF-ABC2-5BF00640C393}", "القطاع": "القطاع الثالث", "المسافة_بين_الكبنة_والبوكس": "210m", "I_D": "3-3", "created_user": null, "created_date": null, "last_edited_user": null, "last_edited_date": null}, "geometry": {"type": "Point", "coordinates": [31.553370906833237, 30.27611480638648, 0.0]}}, {"type": "Feature", "properties": {"Description": null, "Telecom_Feature_Type": "بوكس", "Easting": "031° 33' 5.92\" E", "Northing": "30° 16' 32.87\" N", "ID": "5", "GlobalID": "{6372813E-8183-4858-A667-6815B26E0C36}", "القطاع": "القطاع الثالث", "المسافة_بين_الكبنة_والبوكس": "230m", "I_D": "3-3", "created_user": null, "created_date": null, "last_edited_user": null, "last_edited_date": null}, "geometry": {"type": "Point", "coordinates": [31.553322646352377, 30.275963721002793, 0.0]}}, {"type": "Feature", "properties": {"Description": null, "Telecom_Feature_Type": "بوكس", "Easting": "031° 33' 7.81\" E", "Northing": "30° 16' 34.38\" N", "ID": "9", "GlobalID": "{BB43A325-3FE0-484E-82E8-EAEC3C10D1C9}", "القطاع": "القطاع الثالث", "المسافة_بين_الكبنة_والبوكس": "155m", "I_D": "3-3", "created_user": null, "created_date": null, "last_edited_user": null, "last_edited_date": null}, "geometry": {"type": "Point", "coordinates": [31.553846712213296, 30.27638321430011, 0.0]}}, {"type": "Feature", "properties": {"Description": null, "Telecom_Feature_Type": "بوكس", "Easting": "031° 33' 7.22\" E", "Northing": "30° 16' 34.69\" N", "ID": "10", "GlobalID": "{7360066D-AC93-4FF0-92E0-F153DC7ECC9E}", "القطاع": "القطاع الثالث", "المسافة_بين_الكبنة_والبوكس": "140m", "I_D": "3-3", "created_user": null, "created_date": null, "last_edited_user": null, "last_edited_date": null}, "geometry": {"type": "Point", "coordinates": [31.553681882700882, 30.276470273824817, 0.0]}}, {"type": "Feature", "properties": {"Description": null, "Telecom_Feature_Type": "بوكس", "Easting": "031° 33' 6.34\" E", "Northing": "30° 16' 35.67\" N", "ID": "11", "GlobalID": "{D5A4DA8B-5EBD-491F-9B50-E6670D2F1F0E}", "القطاع": "القطاع الثالث", "المسافة_بين_الكبنة_والبوكس": "110m", "I_D": "3-3", "created_user": null, "created_date": null, "last_edited_user": null, "last_edited_date": null}, "geometry": {"type": "Point", "coordinates": [31.55343778679712, 30.27674108750244, 0.0]}}, {"type": "Feature", "properties": {"Description": null, "Telecom_Feature_Type": "بوكس", "Easting": "031° 33' 5.94\" E", "Northing": "30° 16' 36.55\" N", "ID": "12", "GlobalID": "{E90161FD-24C4-4DDE-A73A-0FD387BEB00B}", "القطاع": "القطاع الثالث", "المسافة_بين_الكبنة_والبوكس": "70m", "I_D": "3-3", "created_user": null, "created_date": null, "last_edited_user": null, "last_edited_date": null}, "geometry": {"type": "Point", "coordinates": [31.553326297405366, 30.276986682993293, 0.0]}}, {"type": "Feature", "properties": {"Description": null, "Telecom_Feature_Type": "بوكس", "Easting": "031° 33' 7.03\" E", "Northing": "30° 16' 37.01\" N", "ID": "24", "GlobalID": "{45E37FB2-68F0-4F8C-98BC-04D50AC653F4}", "القطاع": "القطاع الثالث", "المسافة_بين_الكبنة_والبوكس": "30m", "I_D": "3-3", "created_user": null, "created_date": null, "last_edited_user": null, "last_edited_date": null}, "geometry": {"type": "Point", "coordinates": [31.553631043378996, 30.277112406359134, 0.0]}}, {"type": "Feature", "properties": {"Description": null, "Telecom_Feature_Type": "بوكس", "Easting": "031° 33' 8.01\" E", "Northing": "30° 16' 36.57\" N", "ID": "23", "GlobalID": "{130C8E79-DDAB-4300-B4D8-0D3C60B8490A}", "القطاع": "القطاع الثالث", "المسافة_بين_الكبنة_والبوكس": "60m", "I_D": "3-3", "created_user": null, "created_date": null, "last_edited_user": null, "last_edited_date": null}, "geometry": {"type": "Point", "coordinates": [31.553900721301297, 30.276990709398422, 0.0]}}, {"type": "Feature", "properties": {"Description": null, "Telecom_Feature_Type": "بوكس", "Easting": "031° 33' 9.03\" E", "Northing": "30° 16' 35.71\" N", "ID": "22", "GlobalID": "{03B3E0C5-3DD6-4653-9F57-DD791565B310}", "القطاع": "القطاع الثالث", "المسافة_بين_الكبنة_والبوكس": "90m", "I_D": "3-3", "created_user": null, "created_date": null, "last_edited_user": null, "last_edited_date": null}, "geometry": {"type": "Point", "coordinates": [31.554186535187544, 30.27675388078522, 0.0]}}, {"type": "Feature", "properties": {"Description": null, "Telecom_Feature_Type": "بوكس", "Easting": "031° 33' 8.84\" E", "Northing": "30° 16' 35.18\" N", "ID": "21", "GlobalID": "{DD1750E9-FDAC-4A45-B31D-23BAA13BFAA4}", "القطاع": "القطاع الثالث", "المسافة_بين_الكبنة_والبوكس": "110m", "I_D": "3-3", "created_user": null, "created_date": null, "last_edited_user": null, "last_edited_date": null}, "geometry": {"type": "Point", "coordinates": [31.554133742020394, 30.276606165073996, 0.0]}}, {"type": "Feature", "properties": {"Description": null, "Telecom_Feature_Type": "بوكس", "Easting": "031° 33' 8.87\" E", "Northing": "30° 16' 38.84\" N", "ID": "20", "GlobalID": "{B2A1D457-B922-45BC-A220-2A044A0DBDFA}", "القطاع": "القطاع الثالث", "المسافة_بين_الكبنة_والبوكس": "80m", "I_D": "3-3", "created_user": null, "created_date": null, "last_edited_user": null, "last_edited_date": null}, "geometry": {"type": "Point", "coordinates": [31.554140088156622, 30.277622261755933, 0.0]}}, {"type": "Feature", "properties": {"Description": null, "Telecom_Feature_Type": "بوكس", "Easting": "031° 33' 9.28\" E", "Northing": "30° 16' 37.97\" N", "ID": "19", "GlobalID": "{D987911B-6985-4656-86D0-8A6834606A66}", "القطاع": "القطاع الثالث", "المسافة_بين_الكبنة_والبوكس": "120m", "I_D": "3-3", "created_user": null, "created_date": null, "last_edited_user": null, "last_edited_date": null}, "geometry": {"type": "Point", "coordinates": [31.554254549452065, 30.277379411495374, 0.0]}}, {"type": "Feature", "properties": {"Description": null, "Telecom_Feature_Type": "بوكس", "Easting": "031° 33' 10.15\" E", "Northing": "30° 16' 36.98\" N", "ID": "18", "GlobalID": "{49A20A0B-51E2-4DC4-BFE9-4247D41F43FE}", "القطاع": "القطاع الثالث", "المسافة_بين_الكبنة_والبوكس": "150m", "I_D": "3-3", "created_user": null, "created_date": null, "last_edited_user": null, "last_edited_date": null}, "geometry": {"type": "Point", "coordinates": [31.554495697880313, 30.2771064962031, 0.0]}}, {"type": "Feature", "properties": {"Description": null, "Telecom_Feature_Type": "بوكس", "Easting": "031° 33' 10.74\" E", "Northing": "30° 16' 36.68\" N", "ID": "17", "GlobalID": "{E52A691A-4156-40F4-A0CA-AAE0ECB6F812}", "القطاع": "القطاع الثالث", "المسافة_بين_الكبنة_والبوكس": "170m", "I_D": "3-3", "created_user": null, "created_date": null, "last_edited_user": null, "last_edited_date": null}, "geometry": {"type": "Point", "coordinates": [31.55465946275948, 30.277021159457796, 0.0]}}, {"type": "Feature", "properties": {"Description": null, "Telecom_Feature_Type": "بوكس", "Easting": "031° 33' 11.78\" E", "Northing": "30° 16' 37.49\" N", "ID": "13", "GlobalID": "{2AB4264A-58F2-4846-A840-E21094D627B9}", "القطاع": "القطاع الثالث", "المسافة_بين_الكبنة_والبوكس": "205m", "I_D": "3-3", "created_user": null, "created_date": null, "last_edited_user": null, "last_edited_date": null}, "geometry": {"type": "Point", "coordinates": [31.554949472986983, 30.27724673155693, 0.0]}}, {"type": "Feature", "properties": {"Description": null, "Telecom_Feature_Type": "بوكس", "Easting": "031° 33' 11.98\" E", "Northing": "30° 16' 38.01\" N", "ID": "14", "GlobalID": "{41B0B114-22FF-4BDD-9888-0E497D2858D1}", "القطاع": "القطاع الثالث", "المسافة_بين_الكبنة_والبوكس": "190m", "I_D": "3-3", "created_user": null, "created_date": null, "last_edited_user": null, "last_edited_date": null}, "geometry": {"type": "Point", "coordinates": [31.555003859316205, 30.27739063715296, 0.0]}}, {"type": "Feature", "properties": {"Description": null, "Telecom_Feature_Type": "بوكس", "Easting": "031° 33' 10.94\" E", "Northing": "30° 16' 38.86\" N", "ID": "15", "GlobalID": "{04108692-72CD-4B61-A11B-7CA7A4A2CFBF}", "القطاع": "القطاع الثالث", "المسافة_بين_الكبنة_والبوكس": "160m", "I_D": "3-3", "created_user": null, "created_date": null, "last_edited_user": null, "last_edited_date": null}, "geometry": {"type": "Point", "coordinates": [31.55471529358656, 30.27762784720118, 0.0]}}, {"type": "Feature", "properties": {"Description": null, "Telecom_Feature_Type": "بوكس", "Easting": "031° 33' 8.12\" E", "Northing": "30° 16' 29.18\" N", "ID": "20", "GlobalID": "{5A4F6DBD-366E-405D-97BF-4E2F866DEB85}", "القطاع": "القطاع الثالث", "المسافة_بين_الكبنة_والبوكس": "130m", "I_D": "3-2", "created_user": null, "created_date": null, "last_edited_user": null, "last_edited_date": null}, "geometry": {"type": "Point", "coordinates": [31.55393139820089, 30.274937937219853, 0.0]}}, {"type": "Feature", "properties": {"Description": null, "Telecom_Feature_Type": "بوكس", "Easting": "031° 33' 7.12\" E", "Northing": "30° 16' 29.58\" N", "ID": "19", "GlobalID": "{EEC4810A-5AA4-42C7-BB27-AB6EE96C217D}", "القطاع": "القطاع الثالث", "المسافة_بين_الكبنة_والبوكس": "170m", "I_D": "3-2", "created_user": null, "created_date": null, "last_edited_user": null, "last_edited_date": null}, "geometry": {"type": "Point", "coordinates": [31.55365379102842, 30.275049804760492, 0.0]}}, {"type": "Feature", "properties": {"Description": null, "Telecom_Feature_Type": "بوكس", "Easting": "031° 33' 6.17\" E", "Northing": "30° 16' 30.46\" N", "ID": "18", "GlobalID": "{86D767B3-E837-4077-BA96-2CF6A18211F2}", "القطاع": "القطاع الثالث", "المسافة_بين_الكبنة_والبوكس": "200m", "I_D": "3-2", "created_user": null, "created_date": null, "last_edited_user": null, "last_edited_date": null}, "geometry": {"type": "Point", "coordinates": [31.553390827541357, 30.275294313244057, 0.0]}}, {"type": "Feature", "properties": {"Description": null, "Telecom_Feature_Type": "بوكس", "Easting": "031° 33' 7.36\" E", "Northing": "30° 16' 32.0\" N", "ID": "21", "GlobalID": "{41B04C0E-154E-4959-8241-AA1112E8635F}", "القطاع": "القطاع الثالث", "المسافة_بين_الكبنة_والبوكس": "100m", "I_D": "3-2", "created_user": null, "created_date": null, "last_edited_user": null, "last_edited_date": null}, "geometry": {"type": "Point", "coordinates": [31.55372262842732, 30.275723281524108, 0.0]}}, {"type": "Feature", "properties": {"Description": null, "Telecom_Feature_Type": "بوكس", "Easting": "031° 33' 6.48\" E", "Northing": "30° 16' 31.14\" N", "ID": "17", "GlobalID": "{1275306F-1E42-47FA-A9CA-3DDB4EA8DBBF}", "القطاع": "القطاع الثالث", "المسافة_بين_الكبنة_والبوكس": "225m", "I_D": "3-2", "created_user": null, "created_date": null, "last_edited_user": null, "last_edited_date": null}, "geometry": {"type": "Point", "coordinates": [31.55347768675247, 30.27548438804231, 0.0]}}, {"type": "Feature", "properties": {"Description": null, "Telecom_Feature_Type": "بوكس", "Easting": "031° 33' 9.54\" E", "Northing": "30° 16' 29.66\" N", "ID": "24", "GlobalID": "{887BAC0F-AD68-4C84-8AE6-C04A1F54074C}", "القطاع": "القطاع الثالث", "المسافة_بين_الكبنة_والبوكس": "90m", "I_D": "3-2", "created_user": null, "created_date": null, "last_edited_user": null, "last_edited_date": null}, "geometry": {"type": "Point", "coordinates": [31.55432774022649, 30.27507071037845, 0.0]}}, {"type": "Feature", "properties": {"Description": null, "Telecom_Feature_Type": "بوكس", "Easting": "031° 33' 9.08\" E", "Northing": "30° 16' 30.59\" N", "ID": "23", "GlobalID": "{9E975F33-00E2-4F91-8D30-50DA60259156}", "القطاع": "القطاع الثالث", "المسافة_بين_الكبنة_والبوكس": "120m", "I_D": "3-2", "created_user": null, "created_date": null, "last_edited_user": null, "last_edited_date": null}, "geometry": {"type": "Point", "coordinates": [31.55419898234622, 30.27533042987135, 0.0]}}, {"type": "Feature", "properties": {"Description": null, "Telecom_Feature_Type": "بوكس", "Easting": "031° 33' 8.21\" E", "Northing": "30° 16' 31.48\" N", "ID": "22", "GlobalID": "{1A9B14A7-6C2A-4C95-B265-AA0E8327021E}", "القطاع": "القطاع الثالث", "المسافة_بين_الكبنة_والبوكس": "150m", "I_D": "3-2", "created_user": null, "created_date": null, "last_edited_user": null, "last_edited_date": null}, "geometry": {"type": "Point", "coordinates": [31.553958392429628, 30.275578527070785, 0.0]}}, {"type": "Feature", "properties": {"Description": null, "Telecom_Feature_Type": "بوكس", "Easting": "031° 33' 11.18\" E", "Northing": "30° 16' 31.48\" N", "ID": "16", "GlobalID": "{6A5E036F-E07C-4277-B687-F011DD7869C1}", "القطاع": "القطاع الثالث", "المسافة_بين_الكبنة_والبوكس": "40m", "I_D": "3-2", "created_user": null, "created_date": null, "last_edited_user": null, "last_edited_date": null}, "geometry": {"type": "Point", "coordinates": [31.554783211894435, 30.275576595426504, 0.0]}}, {"type": "Feature", "properties": {"Description": null, "Telecom_Feature_Type": "بوكس", "Easting": "031° 33' 10.21\" E", "Northing": "30° 16' 31.92\" N", "ID": "15", "GlobalID": "{AB44D7F1-2C2E-4B8D-803A-6DD62CC25AB8}", "القطاع": "القطاع الثالث", "المسافة_بين_الكبنة_والبوكس": "70m", "I_D": "3-2", "created_user": null, "created_date": null, "last_edited_user": null, "last_edited_date": null}, "geometry": {"type": "Point", "coordinates": [31.554514024244696, 30.27569847433022, 0.0]}}, {"type": "Feature", "properties": {"Description": null, "Telecom_Feature_Type": "بوكس", "Easting": "031° 33' 9.19\" E", "Northing": "30° 16' 32.78\" N", "ID": "14", "GlobalID": "{2ECD93C4-C889-4F7C-B881-593676DA7F44}", "القطاع": "القطاع الثالث", "المسافة_بين_الكبنة_والبوكس": "120m", "I_D": "3-2", "created_user": null, "created_date": null, "last_edited_user": null, "last_edited_date": null}, "geometry": {"type": "Point", "coordinates": [31.554228695441804, 30.27593772630881, 0.0]}}, {"type": "Feature", "properties": {"Description": null, "Telecom_Feature_Type": "بوكس", "Easting": "031° 33' 9.38\" E", "Northing": "30° 16' 33.31\" N", "ID": "13", "GlobalID": "{9D8141C6-C8E0-4EF1-A14C-B14BF1B67FFD}", "القطاع": "القطاع الثالث", "المسافة_بين_الكبنة_والبوكس": "130m", "I_D": "3-2", "created_user": null, "created_date": null, "last_edited_user": null, "last_edited_date": null}, "geometry": {"type": "Point", "coordinates": [31.55428222195566, 30.27608504380364, 0.0]}}, {"type": "Feature", "properties": {"Description": null, "Telecom_Feature_Type": "بوكس", "Easting": "031° 33' 12.31\" E", "Northing": "30° 16' 31.95\" N", "ID": "12", "GlobalID": "{77ABD384-B728-4F22-8222-9DB122EB0C27}", "القطاع": "القطاع الثالث", "المسافة_بين_الكبنة_والبوكس": "70m", "I_D": "3-2", "created_user": null, "created_date": null, "last_edited_user": null, "last_edited_date": null}, "geometry": {"type": "Point", "coordinates": [31.555095990282528, 30.27570921636236, 0.0]}}, {"type": "Feature", "properties": {"Description": null, "Telecom_Feature_Type": "بوكس", "Easting": "031° 33' 11.89\" E", "Northing": "30° 16' 32.82\" N", "ID": "11", "GlobalID": "{DB5802A2-41C7-4518-983F-A02F694B968F}", "القطاع": "القطاع الثالث", "المسافة_بين_الكبنة_والبوكس": "110m", "I_D": "3-2", "created_user": null, "created_date": null, "last_edited_user": null, "last_edited_date": null}, "geometry": {"type": "Point", "coordinates": [31.554980506959208, 30.275950365045222, 0.0]}}, {"type": "Feature", "properties": {"Description": null, "Telecom_Feature_Type": "بوكس", "Easting": "031° 33' 11.02\" E", "Northing": "30° 16' 33.8\" N", "ID": "10", "GlobalID": "{690F981F-E7B8-4764-BD5F-057885C609C1}", "القطاع": "القطاع الثالث", "المسافة_بين_الكبنة_والبوكس": "150m", "I_D": "3-2", "created_user": null, "created_date": null, "last_edited_user": null, "last_edited_date": null}, "geometry": {"type": "Point", "coordinates": [31.55473804385439, 30.276223104592543, 0.0]}}, {"type": "Feature", "properties": {"Description": null, "Telecom_Feature_Type": "بوكس", "Easting": "031° 33' 10.42\" E", "Northing": "30° 16' 34.11\" N", "ID": "9", "GlobalID": "{22FF9818-DAF1-4D65-8235-03257EFCA92B}", "القطاع": "القطاع الثالث", "المسافة_بين_الكبنة_والبوكس": "160m", "I_D": "3-2", "created_user": null, "created_date": null, "last_edited_user": null, "last_edited_date": null}, "geometry": {"type": "Point", "coordinates": [31.55457113434822, 30.276309351365015, 0.0]}}, {"type": "Feature", "properties": {"Description": null, "Telecom_Feature_Type": "بوكس", "Easting": "031° 33' 14.13\" E", "Northing": "30° 16' 33.79\" N", "ID": "8", "GlobalID": "{1400A2C0-1C2B-438E-85DB-8DEC2708868B}", "القطاع": "القطاع الثالث", "المسافة_بين_الكبنة_والبوكس": "150m", "I_D": "3-2", "created_user": null, "created_date": null, "last_edited_user": null, "last_edited_date": null}, "geometry": {"type": "Point", "coordinates": [31.555601384721733, 30.27621861076752, 0.0]}}, {"type": "Feature", "properties": {"Description": null, "Telecom_Feature_Type": "بوكس", "Easting": "031° 33' 13.14\" E", "Northing": "30° 16' 34.23\" N", "ID": "7", "GlobalID": "{D10CFBB0-3F9B-4F5E-A3AA-450A81164E8E}", "القطاع": "القطاع الثالث", "المسافة_بين_الكبنة_والبوكس": "190m", "I_D": "3-2", "created_user": null, "created_date": null, "last_edited_user": null, "last_edited_date": null}, "geometry": {"type": "Point", "coordinates": [31.555328307896968, 30.276340217359152, 0.0]}}, {"type": "Feature", "properties": {"Description": null, "Telecom_Feature_Type": "بوكس", "Easting": "031° 33' 12.12\" E", "Northing": "30° 16' 35.08\" N", "ID": "6", "GlobalID": "{ACB3E45B-E272-4D69-B526-796C5D675413}", "القطاع": "القطاع الثالث", "المسافة_بين_الكبنة_والبوكس": "220m", "I_D": "3-2", "created_user": null, "created_date": null, "last_edited_user": null, "last_edited_date": null}, "geometry": {"type": "Point", "coordinates": [31.555044985803608, 30.2765773770694, 0.0]}}, {"type": "Feature", "properties": {"Description": null, "Telecom_Feature_Type": "بوكس", "Easting": "031° 33' 12.32\" E", "Northing": "30° 16' 35.6\" N", "ID": "5", "GlobalID": "{86C83733-DF1E-43A2-87EA-259C528B5DD9}", "القطاع": "القطاع الثالث", "المسافة_بين_الكبنة_والبوكس": "240m", "I_D": "3-2", "created_user": null, "created_date": null, "last_edited_user": null, "last_edited_date": null}, "geometry": {"type": "Point", "coordinates": [31.555099423817893, 30.276722386525076, 0.0]}}, {"type": "Feature", "properties": {"Description": null, "Telecom_Feature_Type": "بوكس", "Easting": "031° 33' 15.23\" E", "Northing": "30° 16' 34.25\" N", "ID": "4", "GlobalID": "{F55DD373-5C04-45F6-A385-C8554015E145}", "القطاع": "القطاع الثالث", "المسافة_بين_الكبنة_والبوكس": "180m", "I_D": "3-2", "created_user": null, "created_date": null, "last_edited_user": null, "last_edited_date": null}, "geometry": {"type": "Point", "coordinates": [31.55590701631912, 30.276347604924727, 0.0]}}, {"type": "Feature", "properties": {"Description": null, "Telecom_Feature_Type": "بوكس", "Easting": "031° 33' 14.83\" E", "Northing": "30° 16' 35.14\" N", "ID": "3", "GlobalID": "{F829C1C0-FCF9-4492-80F7-457134F3A7A1}", "القطاع": "القطاع الثالث", "المسافة_بين_الكبنة_والبوكس": "220m", "I_D": "3-2", "created_user": null, "created_date": null, "last_edited_user": null, "last_edited_date": null}, "geometry": {"type": "Point", "coordinates": [31.555797287041745, 30.2765937957801, 0.0]}}, {"type": "Feature", "properties": {"Description": null, "Telecom_Feature_Type": "بوكس", "Easting": "031° 33' 13.95\" E", "Northing": "30° 16' 36.11\" N", "ID": "2", "GlobalID": "{ED02A60D-F2A1-4B54-9C5A-AEF3A1154AA0}", "القطاع": "القطاع الثالث", "المسافة_بين_الكبنة_والبوكس": "260m", "I_D": "3-2", "created_user": null, "created_date": null, "last_edited_user": null, "last_edited_date": null}, "geometry": {"type": "Point", "coordinates": [31.555553195099698, 30.276864696322853, 0.0]}}, {"type": "Feature", "properties": {"Description": null, "Telecom_Feature_Type": "بوكس", "Easting": "031° 33' 13.36\" E", "Northing": "30° 16' 36.42\" N", "ID": "1", "GlobalID": "{16604908-DF07-4FBF-87BA-1A6AE0D574D9}", "القطاع": "القطاع الثالث", "المسافة_بين_الكبنة_والبوكس": "265m", "I_D": "3-2", "created_user": null, "created_date": null, "last_edited_user": null, "last_edited_date": null}, "geometry": {"type": "Point", "coordinates": [31.555386779430663, 30.276950112157504, 0.0]}}, {"type": "Feature", "properties": {"Description": null, "Telecom_Feature_Type": "بوكس", "Easting": "031° 33' 19.16\" E", "Northing": "30° 16' 37.34\" N", "ID": "8", "GlobalID": "{ABDFEE6E-69AC-4FB4-8B9F-CA09E400DBB6}", "القطاع": "القطاع الثالث", "المسافة_بين_الكبنة_والبوكس": "190m", "I_D": "8-1", "created_user": null, "created_date": null, "last_edited_user": null, "last_edited_date": null}, "geometry": {"type": "Point", "coordinates": [31.55699913554779, 30.277205966744294, 0.0]}}, {"type": "Feature", "properties": {"Description": null, "Telecom_Feature_Type": "بوكس", "Easting": "031° 33' 17.09\" E", "Northing": "30° 16' 37.31\" N", "ID": "3", "GlobalID": "{52E63AF9-0B89-436F-A5BB-496F17F11ADC}", "القطاع": "القطاع الثالث", "المسافة_بين_الكبنة_والبوكس": "270m", "I_D": "8-1", "created_user": null, "created_date": null, "last_edited_user": null, "last_edited_date": null}, "geometry": {"type": "Point", "coordinates": [31.556423539901658, 30.277197832970003, 0.0]}}, {"type": "Feature", "properties": {"Description": null, "Telecom_Feature_Type": "بوكس", "Easting": "031° 33' 16.05\" E", "Northing": "30° 16' 38.16\" N", "ID": "2", "GlobalID": "{73D09EAF-2022-4F53-A205-4A5350EA9ABC}", "القطاع": "القطاع الثالث", "المسافة_بين_الكبنة_والبوكس": "300m", "I_D": "8-1", "created_user": null, "created_date": null, "last_edited_user": null, "last_edited_date": null}, "geometry": {"type": "Point", "coordinates": [31.556134330723175, 30.27743301744831, 0.0]}}, {"type": "Feature", "properties": {"Description": null, "Telecom_Feature_Type": "بوكس", "Easting": "031° 33' 16.24\" E", "Northing": "30° 16' 38.69\" N", "ID": "1", "GlobalID": "{9846B468-3B5D-448C-9A7D-55D68397D3ED}", "القطاع": "القطاع الثالث", "المسافة_بين_الكبنة_والبوكس": "310m", "I_D": "8-1", "created_user": null, "created_date": null, "last_edited_user": null, "last_edited_date": null}, "geometry": {"type": "Point", "coordinates": [31.55618857256828, 30.277579732109515, 0.0]}}, {"type": "Feature", "properties": {"Description": null, "Telecom_Feature_Type": "بوكس", "Easting": "031° 33' 10.04\" E", "Northing": "30° 16' 22.16\" N", "ID": "17", "GlobalID": "{CAF6B12B-285F-431E-A8B0-36CCAFA06B50}", "القطاع": "القطاع الثالث", "المسافة_بين_الكبنة_والبوكس": "285m", "I_D": "3-1", "created_user": null, "created_date": null, "last_edited_user": null, "last_edited_date": null}, "geometry": {"type": "Point", "coordinates": [31.554466108775195, 30.272987685993698, 0.0]}}, {"type": "Feature", "properties": {"Description": null, "Telecom_Feature_Type": "بوكس", "Easting": "031° 33' 9.36\" E", "Northing": "30° 16' 22.26\" N", "ID": "18", "GlobalID": "{750D5820-34BB-4274-85DB-3A41A0C47E27}", "القطاع": "القطاع الثالث", "المسافة_بين_الكبنة_والبوكس": "135m", "I_D": "3-1", "created_user": null, "created_date": null, "last_edited_user": null, "last_edited_date": null}, "geometry": {"type": "Point", "coordinates": [31.554276286522875, 30.273017557673214, 0.0]}}, {"type": "Feature", "properties": {"Description": null, "Telecom_Feature_Type": "بوكس", "Easting": "031° 33' 8.16\" E", "Northing": "30° 16' 22.94\" N", "ID": "19", "GlobalID": "{A98B616B-D26F-4763-85AB-433CFAF62B0D}", "القطاع": "القطاع الثالث", "المسافة_بين_الكبنة_والبوكس": "230m", "I_D": "3-1", "created_user": null, "created_date": null, "last_edited_user": null, "last_edited_date": null}, "geometry": {"type": "Point", "coordinates": [31.553943251841705, 30.27320440345582, 0.0]}}, {"type": "Feature", "properties": {"Description": null, "Telecom_Feature_Type": "بوكس", "Easting": "031° 33' 7.43\" E", "Northing": "30° 16' 23.65\" N", "ID": "20", "GlobalID": "{6C504F07-04B8-4C75-8409-182A5B28FC84}", "القطاع": "القطاع الثالث", "المسافة_بين_الكبنة_والبوكس": "200m", "I_D": "3-1", "created_user": null, "created_date": null, "last_edited_user": null, "last_edited_date": null}, "geometry": {"type": "Point", "coordinates": [31.553741000290408, 30.273401300686956, 0.0]}}, {"type": "Feature", "properties": {"Description": null, "Telecom_Feature_Type": "بوكس", "Easting": "031° 33' 8.3\" E", "Northing": "30° 16' 24.41\" N", "ID": "24", "GlobalID": "{981952D3-E6EC-4ABC-9BA6-1B91CA84C07C}", "القطاع": "القطاع الثالث", "المسافة_بين_الكبنة_والبوكس": "180m", "I_D": "3-1", "created_user": null, "created_date": null, "last_edited_user": null, "last_edited_date": null}, "geometry": {"type": "Point", "coordinates": [31.55398169919189, 30.27361275348235, 0.0]}}, {"type": "Feature", "properties": {"Description": null, "Telecom_Feature_Type": "بوكس", "Easting": "031° 33' 10.68\" E", "Northing": "30° 16' 23.77\" N", "ID": "22", "GlobalID": "{A1CF0D2B-2C51-46C0-851A-20CAADE19D25}", "القطاع": "القطاع الثالث", "المسافة_بين_الكبنة_والبوكس": "260m", "I_D": "3-1", "created_user": null, "created_date": null, "last_edited_user": null, "last_edited_date": null}, "geometry": {"type": "Point", "coordinates": [31.55464446508288, 30.273437156563887, 0.0]}}, {"type": "Feature", "properties": {"Description": null, "Telecom_Feature_Type": "بوكس", "Easting": "031° 33' 10.7\" E", "Northing": "30° 16' 23.23\" N", "ID": "21", "GlobalID": "{F1F148E2-4101-44FB-9150-D81A521E7855}", "القطاع": "القطاع الثالث", "المسافة_بين_الكبنة_والبوكس": "280m", "I_D": "3-1", "created_user": null, "created_date": null, "last_edited_user": null, "last_edited_date": null}, "geometry": {"type": "Point", "coordinates": [31.554649469986, 30.2732856947884, 0.0]}}, {"type": "Feature", "properties": {"Description": null, "Telecom_Feature_Type": "بوكس", "Easting": "031° 33' 10.39\" E", "Northing": "30° 16' 27.17\" N", "ID": "28", "GlobalID": "{CF963A70-127C-462D-8A08-CB84F03FF801}", "القطاع": "القطاع الثالث", "المسافة_بين_الكبنة_والبوكس": "60m", "I_D": "3-1", "created_user": null, "created_date": null, "last_edited_user": null, "last_edited_date": null}, "geometry": {"type": "Point", "coordinates": [31.554563707024258, 30.27437930261521, 0.0]}}, {"type": "Feature", "properties": {"Description": null, "Telecom_Feature_Type": "بوكس", "Easting": "031° 33' 10.8\" E", "Northing": "30° 16' 26.28\" N", "ID": "27", "GlobalID": "{06435EC6-E4CB-48E4-8E12-F7A2F0634107}", "القطاع": "القطاع الثالث", "المسافة_بين_الكبنة_والبوكس": "90m", "I_D": "3-1", "created_user": null, "created_date": null, "last_edited_user": null, "last_edited_date": null}, "geometry": {"type": "Point", "coordinates": [31.554677021380133, 30.27413439648653, 0.0]}}, {"type": "Feature", "properties": {"Description": null, "Telecom_Feature_Type": "بوكس", "Easting": "031° 33' 11.66\" E", "Northing": "30° 16' 25.3\" N", "ID": "26", "GlobalID": "{B7418360-1CF1-4848-AFAB-B04F68FDE354}", "القطاع": "القطاع الثالث", "المسافة_بين_الكبنة_والبوكس": "170m", "I_D": "3-1", "created_user": null, "created_date": null, "last_edited_user": null, "last_edited_date": null}, "geometry": {"type": "Point", "coordinates": [31.55491679049319, 30.273860263021053, 0.0]}}, {"type": "Feature", "properties": {"Description": null, "Telecom_Feature_Type": "بوكس", "Easting": "031° 33' 12.28\" E", "Northing": "30° 16' 25.0\" N", "ID": "25", "GlobalID": "{26E91037-49FD-42DF-8B3D-424886CB4660}", "القطاع": "القطاع الثالث", "المسافة_بين_الكبنة_والبوكس": "160m", "I_D": "3-1", "created_user": null, "created_date": null, "last_edited_user": null, "last_edited_date": null}, "geometry": {"type": "Point", "coordinates": [31.555086886097214, 30.273778453013072, 0.0]}}, {"type": "Feature", "properties": {"Description": null, "Telecom_Feature_Type": "بوكس", "Easting": "031° 33' 11.27\" E", "Northing": "30° 16' 27.86\" N", "ID": "32", "GlobalID": "{DDB25C19-79F0-4AAB-AA0F-0791C0139DC0}", "القطاع": "القطاع الثالث", "المسافة_بين_الكبنة_والبوكس": "40m", "I_D": "3-1", "created_user": null, "created_date": null, "last_edited_user": null, "last_edited_date": null}, "geometry": {"type": "Point", "coordinates": [31.554807583537666, 30.27457142221277, 0.0]}}, {"type": "Feature", "properties": {"Description": null, "Telecom_Feature_Type": "بوكس", "Easting": "031° 33' 12.47\" E", "Northing": "30° 16' 27.19\" N", "ID": "31", "GlobalID": "{1A6BC571-337A-4F54-8A81-B50C582AAD0F}", "القطاع": "القطاع الثالث", "المسافة_بين_الكبنة_والبوكس": "80m", "I_D": "3-1", "created_user": null, "created_date": null, "last_edited_user": null, "last_edited_date": null}, "geometry": {"type": "Point", "coordinates": [31.555140485942896, 30.274386781205617, 0.0]}}, {"type": "Feature", "properties": {"Description": null, "Telecom_Feature_Type": "بوكس", "Easting": "031° 33' 13.52\" E", "Northing": "30° 16' 26.35\" N", "ID": "30", "GlobalID": "{C6C428F6-3CB1-4FE5-BCD5-38E170037E56}", "القطاع": "القطاع الثالث", "المسافة_بين_الكبنة_والبوكس": "120m", "I_D": "3-1", "created_user": null, "created_date": null, "last_edited_user": null, "last_edited_date": null}, "geometry": {"type": "Point", "coordinates": [31.555431366760907, 30.274153197426955, 0.0]}}, {"type": "Feature", "properties": {"Description": null, "Telecom_Feature_Type": "بوكس", "Easting": "031° 33' 13.32\" E", "Northing": "30° 16' 25.81\" N", "ID": "29", "GlobalID": "{270E607B-10C0-4B80-95E9-3C17B48C6AE7}", "القطاع": "القطاع الثالث", "المسافة_بين_الكبنة_والبوكس": "140m", "I_D": "3-1", "created_user": null, "created_date": null, "last_edited_user": null, "last_edited_date": null}, "geometry": {"type": "Point", "coordinates": [31.555377538433735, 30.27400221573504, 0.0]}}, {"type": "Feature", "properties": {"Description": null, "Telecom_Feature_Type": "بوكس", "Easting": "031° 33' 13.3\" E", "Northing": "30° 16' 29.45\" N", "ID": "16", "GlobalID": "{A08367D9-F4CC-4395-BFEE-717FAD87143F}", "القطاع": "القطاع الثالث", "المسافة_بين_الكبنة_والبوكس": "100m", "I_D": "3-1", "created_user": null, "created_date": null, "last_edited_user": null, "last_edited_date": null}, "geometry": {"type": "Point", "coordinates": [31.555371801920142, 30.275015022652216, 0.0]}}, {"type": "Feature", "properties": {"Description": null, "Telecom_Feature_Type": "بوكس", "Easting": "031° 33' 13.71\" E", "Northing": "30° 16' 28.58\" N", "ID": "15", "GlobalID": "{FC19AF0E-A5AF-43BB-B1F2-AC5A8EDBA59A}", "القطاع": "القطاع الثالث", "المسافة_بين_الكبنة_والبوكس": "130m", "I_D": "3-1", "created_user": null, "created_date": null, "last_edited_user": null, "last_edited_date": null}, "geometry": {"type": "Point", "coordinates": [31.555485514736155, 30.274771718004708, 0.0]}}, {"type": "Feature", "properties": {"Description": null, "Telecom_Feature_Type": "بوكس", "Easting": "031° 33' 15.2\" E", "Northing": "30° 16' 27.3\" N", "ID": "13", "GlobalID": "{A853024F-A7BA-4CB4-A78D-452CB76F6F62}", "القطاع": "القطاع الثالث", "المسافة_بين_الكبنة_والبوكس": "190m", "I_D": "3-1", "created_user": null, "created_date": null, "last_edited_user": null, "last_edited_date": null}, "geometry": {"type": "Point", "coordinates": [31.555898629619637, 30.27441719431392, 0.0]}}, {"type": "Feature", "properties": {"Description": null, "Telecom_Feature_Type": "بوكس", "Easting": "031° 33' 14.19\" E", "Northing": "30° 16' 30.16\" N", "ID": "12", "GlobalID": "{21734E83-F380-4DE1-9582-812F8464DFBA}", "القطاع": "القطاع الثالث", "المسافة_بين_الكبنة_والبوكس": "130m", "I_D": "3-1", "created_user": null, "created_date": null, "last_edited_user": null, "last_edited_date": null}, "geometry": {"type": "Point", "coordinates": [31.555617468844986, 30.275210416554497, 0.0]}}, {"type": "Feature", "properties": {"Description": null, "Telecom_Feature_Type": "بوكس", "Easting": "031° 33' 15.16\" E", "Northing": "30° 16' 29.73\" N", "ID": "11", "GlobalID": "{446FA02B-2CF0-4E87-92A1-EBB27F969C48}", "القطاع": "القطاع الثالث", "المسافة_بين_الكبنة_والبوكس": "170m", "I_D": "3-1", "created_user": null, "created_date": null, "last_edited_user": null, "last_edited_date": null}, "geometry": {"type": "Point", "coordinates": [31.555889027045886, 30.275090675819506, 0.0]}}, {"type": "Feature", "properties": {"Description": null, "Telecom_Feature_Type": "بوكس", "Easting": "031° 33' 16.42\" E", "Northing": "30° 16' 28.64\" N", "ID": "10", "GlobalID": "{33B66527-A796-4723-B591-FE632DEF7FC0}", "القطاع": "القطاع الثالث", "المسافة_بين_الكبنة_والبوكس": "200m", "I_D": "3-1", "created_user": null, "created_date": null, "last_edited_user": null, "last_edited_date": null}, "geometry": {"type": "Point", "coordinates": [31.556238416531542, 30.27478833561603, 0.0]}}, {"type": "Feature", "properties": {"Description": null, "Telecom_Feature_Type": "بوكس", "Easting": "031° 33' 16.23\" E", "Northing": "30° 16' 28.12\" N", "ID": "9", "GlobalID": "{53FB1817-5240-4C3C-A10E-00375BC1A886}", "القطاع": "القطاع الثالث", "المسافة_بين_الكبنة_والبوكس": "215m", "I_D": "3-1", "created_user": null, "created_date": null, "last_edited_user": null, "last_edited_date": null}, "geometry": {"type": "Point", "coordinates": [31.556184560159185, 30.274644839563592, 0.0]}}, {"type": "Feature", "properties": {"Description": null, "Telecom_Feature_Type": "بوكس", "Easting": "031° 33' 16.26\" E", "Northing": "30° 16' 31.78\" N", "ID": "8", "GlobalID": "{25511FA8-90EA-41EF-BF0E-6C91C7ACA9D6}", "القطاع": "القطاع الثالث", "المسافة_بين_الكبنة_والبوكس": "210m", "I_D": "3-1", "created_user": null, "created_date": null, "last_edited_user": null, "last_edited_date": null}, "geometry": {"type": "Point", "coordinates": [31.55619237206013, 30.27566065583739, 0.0]}}, {"type": "Feature", "properties": {"Description": null, "Telecom_Feature_Type": "بوكس", "Easting": "031° 33' 16.65\" E", "Northing": "30° 16' 30.89\" N", "ID": "7", "GlobalID": "{3971C5CF-F1B9-4E0D-B145-93C3582A8BFF}", "القطاع": "القطاع الثالث", "المسافة_بين_الكبنة_والبوكس": "240m", "I_D": "3-1", "created_user": null, "created_date": null, "last_edited_user": null, "last_edited_date": null}, "geometry": {"type": "Point", "coordinates": [31.55630216976989, 30.275413313334436, 0.0]}}, {"type": "Feature", "properties": {"Description": null, "Telecom_Feature_Type": "بوكس", "Easting": "031° 33' 17.52\" E", "Northing": "30° 16' 29.91\" N", "ID": "6", "GlobalID": "{CB6E3C33-4659-436B-A222-92BD69739225}", "القطاع": "القطاع الثالث", "المسافة_بين_الكبنة_والبوكس": "270m", "I_D": "3-1", "created_user": null, "created_date": null, "last_edited_user": null, "last_edited_date": null}, "geometry": {"type": "Point", "coordinates": [31.556542446796893, 30.2751403167895, 0.0]}}, {"type": "Feature", "properties": {"Description": null, "Telecom_Feature_Type": "بوكس", "Easting": "031° 33' 18.33\" E", "Northing": "30° 16' 31.81\" N", "ID": "3", "GlobalID": "{4A1A259D-B719-40C7-933E-80A4ECC606D1}", "القطاع": "القطاع الثالث", "المسافة_بين_الكبنة_والبوكس": "280m", "I_D": "3-1", "created_user": null, "created_date": null, "last_edited_user": null, "last_edited_date": null}, "geometry": {"type": "Point", "coordinates": [31.556769504002958, 30.27566784425192, 0.0]}}, {"type": "Feature", "properties": {"Description": null, "Telecom_Feature_Type": "بوكس", "Easting": "031° 33' 19.35\" E", "Northing": "30° 16' 30.94\" N", "ID": "2", "GlobalID": "{62B0773E-B06A-4F0E-B964-7E1BB9A29280}", "القطاع": "القطاع الثالث", "المسافة_بين_الكبنة_والبوكس": "320m", "I_D": "3-1", "created_user": null, "created_date": null, "last_edited_user": null, "last_edited_date": null}, "geometry": {"type": "Point", "coordinates": [31.557053027456867, 30.275428520484382, 0.0]}}, {"type": "Feature", "properties": {"Description": null, "Telecom_Feature_Type": "بوكس", "Easting": "031° 33' 19.17\" E", "Northing": "30° 16' 30.42\" N", "ID": "1", "GlobalID": "{D257D122-9DDD-4A44-873F-7FC4B5E3DB42}", "القطاع": "القطاع الثالث", "المسافة_بين_الكبنة_والبوكس": "330m", "I_D": "3-1", "created_user": null, "created_date": null, "last_edited_user": null, "last_edited_date": null}, "geometry": {"type": "Point", "coordinates": [31.557001174397136, 30.27528301374746, 0.0]}}, {"type": "Feature", "properties": {"Description": null, "Telecom_Feature_Type": "بوكس", "Easting": "031° 33' 6.03\" E", "Northing": "30° 16' 18.95\" N", "ID": "22", "GlobalID": "{9804F483-9E2A-4291-B701-DC39E143B148}", "القطاع": "القطاع الثالث", "المسافة_بين_الكبنة_والبوكس": "140m", "I_D": "4-1", "created_user": null, "created_date": null, "last_edited_user": null, "last_edited_date": null}, "geometry": {"type": "Point", "coordinates": [31.55335184466322, 30.272096815320353, 0.0]}}, {"type": "Feature", "properties": {"Description": null, "Telecom_Feature_Type": "بوكس", "Easting": "031° 33' 7.05\" E", "Northing": "30° 16' 19.27\" N", "ID": "21", "GlobalID": "{EE295D5E-6015-4BB5-879F-59A6A8A68918}", "القطاع": "القطاع الثالث", "المسافة_بين_الكبنة_والبوكس": "170m", "I_D": "4-1", "created_user": null, "created_date": null, "last_edited_user": null, "last_edited_date": null}, "geometry": {"type": "Point", "coordinates": [31.55363543128632, 30.272185124764416, 0.0]}}, {"type": "Feature", "properties": {"Description": null, "Telecom_Feature_Type": "بوكس", "Easting": "031° 33' 8.47\" E", "Northing": "30° 16' 19.36\" N", "ID": "20", "GlobalID": "{F15D38B4-BF9D-4217-A9C7-65FCEB168D31}", "القطاع": "القطاع الثالث", "المسافة_بين_الكبنة_والبوكس": "200m", "I_D": "4-1", "created_user": null, "created_date": null, "last_edited_user": null, "last_edited_date": null}, "geometry": {"type": "Point", "coordinates": [31.55403098047736, 30.272210434541158, 0.0]}}, {"type": "Feature", "properties": {"Description": null, "Telecom_Feature_Type": "بوكس", "Easting": "031° 33' 9.13\" E", "Northing": "30° 16' 19.15\" N", "ID": "19", "GlobalID": "{5BA797EE-653F-4CF1-BD60-3EB7DF8D2657}", "القطاع": "القطاع الثالث", "المسافة_بين_الكبنة_والبوكس": "210m", "I_D": "4-1", "created_user": null, "created_date": null, "last_edited_user": null, "last_edited_date": null}, "geometry": {"type": "Point", "coordinates": [31.55421328680259, 30.272151159471193, 0.0]}}, {"type": "Feature", "properties": {"Description": null, "Telecom_Feature_Type": "بوكس", "Easting": "031° 33' 9.11\" E", "Northing": "30° 16' 17.93\" N", "ID": "23", "GlobalID": "{93699D60-AF81-4032-8180-2645BCE4EC59}", "القطاع": "القطاع الثالث", "المسافة_بين_الكبنة_والبوكس": "170m", "I_D": "4-1", "created_user": null, "created_date": null, "last_edited_user": null, "last_edited_date": null}, "geometry": {"type": "Point", "coordinates": [31.55420880191095, 30.27181477354955, 0.0]}}, {"type": "Feature", "properties": {"Description": null, "Telecom_Feature_Type": "بوكس", "Easting": "031° 33' 8.79\" E", "Northing": "30° 16' 17.47\" N", "ID": "24", "GlobalID": "{2E012FCA-6D39-4F9F-9A8A-A9BF419AA6B4}", "القطاع": "القطاع الثالث", "المسافة_بين_الكبنة_والبوكس": "150m", "I_D": "4-1", "created_user": null, "created_date": null, "last_edited_user": null, "last_edited_date": null}, "geometry": {"type": "Point", "coordinates": [31.55411806598185, 30.271685441135425, 0.0]}}, {"type": "Feature", "properties": {"Description": null, "Telecom_Feature_Type": "بوكس", "Easting": "031° 33' 7.37\" E", "Northing": "30° 16' 17.56\" N", "ID": "25", "GlobalID": "{BECF2B32-9D2A-49BF-AF0C-75A74DB60B22}", "القطاع": "القطاع الثالث", "المسافة_بين_الكبنة_والبوكس": "120m", "I_D": "4-1", "created_user": null, "created_date": null, "last_edited_user": null, "last_edited_date": null}, "geometry": {"type": "Point", "coordinates": [31.553723401503373, 30.27171081375308, 0.0]}}, {"type": "Feature", "properties": {"Description": null, "Telecom_Feature_Type": "بوكس", "Easting": "031° 33' 6.35\" E", "Northing": "30° 16' 17.92\" N", "ID": "26", "GlobalID": "{B0981414-E4E5-4627-A191-4866EFA7DB00}", "القطاع": "القطاع الثالث", "المسافة_بين_الكبنة_والبوكس": "90m", "I_D": "4-1", "created_user": null, "created_date": null, "last_edited_user": null, "last_edited_date": null}, "geometry": {"type": "Point", "coordinates": [31.553441107221143, 30.27180995652791, 0.0]}}, {"type": "Feature", "properties": {"Description": null, "Telecom_Feature_Type": "بوكس", "Easting": "031° 33' 9.6\" E", "Northing": "30° 16' 15.37\" N", "ID": "13", "GlobalID": "{96032945-B0BF-46F0-A35E-FB4E8B4D0749}", "القطاع": "القطاع الثالث", "المسافة_بين_الكبنة_والبوكس": "160m", "I_D": "4-1", "created_user": null, "created_date": null, "last_edited_user": null, "last_edited_date": null}, "geometry": {"type": "Point", "coordinates": [31.55434484762354, 30.271102507058824, 0.0]}}, {"type": "Feature", "properties": {"Description": null, "Telecom_Feature_Type": "بوكس", "Easting": "031° 33' 7.82\" E", "Northing": "30° 16' 15.21\" N", "ID": "15", "GlobalID": "{1D98F247-FE11-4BD3-9AA2-CD8FF3E2FE2F}", "القطاع": "القطاع الثالث", "المسافة_بين_الكبنة_والبوكس": "120m", "I_D": "4-1", "created_user": null, "created_date": null, "last_edited_user": null, "last_edited_date": null}, "geometry": {"type": "Point", "coordinates": [31.553848100604476, 30.271057594778394, 0.0]}}, {"type": "Feature", "properties": {"Description": null, "Telecom_Feature_Type": "بوكس", "Easting": "031° 33' 6.98\" E", "Northing": "30° 16' 14.59\" N", "ID": "16", "GlobalID": "{065DF1AD-7F6B-4FD6-B4AB-B8EFBAE21E3C}", "القطاع": "القطاع الثالث", "المسافة_بين_الكبنة_والبوكس": "90m", "I_D": "4-1", "created_user": null, "created_date": null, "last_edited_user": null, "last_edited_date": null}, "geometry": {"type": "Point", "coordinates": [31.553616828400294, 30.270887040207977, 0.0]}}, {"type": "Feature", "properties": {"Description": null, "Telecom_Feature_Type": "بوكس", "Easting": "031° 33' 7.06\" E", "Northing": "30° 16' 13.53\" N", "ID": "12", "GlobalID": "{BEFBEA47-955E-4B54-8DEF-5EE99CC0D695}", "القطاع": "القطاع الثالث", "المسافة_بين_الكبنة_والبوكس": "130m", "I_D": "4-1", "created_user": null, "created_date": null, "last_edited_user": null, "last_edited_date": null}, "geometry": {"type": "Point", "coordinates": [31.553638678426378, 30.27059235098944, 0.0]}}, {"type": "Feature", "properties": {"Description": null, "Telecom_Feature_Type": "بوكس", "Easting": "031° 33' 10.08\" E", "Northing": "30° 16' 14.23\" N", "ID": "9", "GlobalID": "{DA80A7F8-2A4A-4839-AF49-5FEC99B30C93}", "القطاع": "القطاع الثالث", "المسافة_بين_الكبنة_والبوكس": "190m", "I_D": "4-1", "created_user": null, "created_date": null, "last_edited_user": null, "last_edited_date": null}, "geometry": {"type": "Point", "coordinates": [31.55447695206228, 30.270785697182674, 0.0]}}, {"type": "Feature", "properties": {"Description": null, "Telecom_Feature_Type": "بوكس", "Easting": "031° 33' 9.53\" E", "Northing": "30° 16' 13.87\" N", "ID": "10", "GlobalID": "{D9867A85-94FA-421B-B557-C78C82E2E382}", "القطاع": "القطاع الثالث", "المسافة_بين_الكبنة_والبوكس": "175m", "I_D": "4-1", "created_user": null, "created_date": null, "last_edited_user": null, "last_edited_date": null}, "geometry": {"type": "Point", "coordinates": [31.55432346800617, 30.270686341699875, 0.0]}}, {"type": "Feature", "properties": {"Description": null, "Telecom_Feature_Type": "بوكس", "Easting": "031° 33' 16.38\" E", "Northing": "30° 16' 13.08\" N", "ID": "16", "GlobalID": "{6B03D14A-8DBC-4388-872A-47D16913E13F}", "القطاع": "القطاع الثالث", "المسافة_بين_الكبنة_والبوكس": "60m", "I_D": "7-1", "created_user": null, "created_date": null, "last_edited_user": null, "last_edited_date": null}, "geometry": {"type": "Point", "coordinates": [31.556225764785026, 30.27046641551392, 0.0]}}, {"type": "Feature", "properties": {"Description": null, "Telecom_Feature_Type": "بوكس", "Easting": "031° 33' 11.49\" E", "Northing": "30° 16' 16.27\" N", "ID": "1", "GlobalID": "{E684BB05-7866-4443-BA9A-6D41AA2003A7}", "القطاع": "القطاع الثالث", "المسافة_بين_الكبنة_والبوكس": "260m", "I_D": "7-1", "created_user": null, "created_date": null, "last_edited_user": null, "last_edited_date": null}, "geometry": {"type": "Point", "coordinates": [31.554867834429345, 30.271351875714696, 0.0]}}, {"type": "Feature", "properties": {"Description": null, "Telecom_Feature_Type": "بوكس", "Easting": "031° 33' 12.02\" E", "Northing": "30° 16' 16.64\" N", "ID": "2", "GlobalID": "{5829588E-D01D-470C-BB25-9AF6C8D088E6}", "القطاع": "القطاع الثالث", "المسافة_بين_الكبنة_والبوكس": "245m", "I_D": "7-1", "created_user": null, "created_date": null, "last_edited_user": null, "last_edited_date": null}, "geometry": {"type": "Point", "coordinates": [31.55501616383356, 30.271456491425, 0.0]}}, {"type": "Feature", "properties": {"Description": null, "Telecom_Feature_Type": "بوكس", "Easting": "031° 33' 13.38\" E", "Northing": "30° 16' 17.03\" N", "ID": "3", "GlobalID": "{505CAC92-2D89-41FA-9D31-C0B5D98C60F2}", "القطاع": "القطاع الثالث", "المسافة_بين_الكبنة_والبوكس": "210m", "I_D": "7-1", "created_user": null, "created_date": null, "last_edited_user": null, "last_edited_date": null}, "geometry": {"type": "Point", "coordinates": [31.555392760943725, 30.271564625462847, 0.0]}}, {"type": "Feature", "properties": {"Description": null, "Telecom_Feature_Type": "بوكس", "Easting": "031° 33' 14.46\" E", "Northing": "30° 16' 17.09\" N", "ID": "4", "GlobalID": "{24EC9202-476D-420B-A903-85C5A9641371}", "القطاع": "القطاع الثالث", "المسافة_بين_الكبنة_والبوكس": "170m", "I_D": "7-1", "created_user": null, "created_date": null, "last_edited_user": null, "last_edited_date": null}, "geometry": {"type": "Point", "coordinates": [31.555693792412505, 30.271579751285994, 0.0]}}, {"type": "Feature", "properties": {"Description": null, "Telecom_Feature_Type": "بوكس", "Easting": "031° 33' 12.04\" E", "Northing": "30° 16' 15.15\" N", "ID": "5", "GlobalID": "{E006BAEC-98D8-4F5C-8F45-3A54A836F259}", "القطاع": "القطاع الثالث", "المسافة_بين_الكبنة_والبوكس": "240m", "I_D": "7-1", "created_user": null, "created_date": null, "last_edited_user": null, "last_edited_date": null}, "geometry": {"type": "Point", "coordinates": [31.555020125446738, 30.27104132669371, 0.0]}}, {"type": "Feature", "properties": {"Description": null, "Telecom_Feature_Type": "بوكس", "Easting": "031° 33' 12.54\" E", "Northing": "30° 16' 14.81\" N", "ID": "6", "GlobalID": "{3556E498-C294-45B7-A333-C12DAE8E8E4C}", "القطاع": "القطاع الثالث", "المسافة_بين_الكبنة_والبوكس": "230m", "I_D": "7-1", "created_user": null, "created_date": null, "last_edited_user": null, "last_edited_date": null}, "geometry": {"type": "Point", "coordinates": [31.555160893204395, 30.27094804762718, 0.0]}}, {"type": "Feature", "properties": {"Description": null, "Telecom_Feature_Type": "بوكس", "Easting": "031° 33' 13.8\" E", "Northing": "30° 16' 15.35\" N", "ID": "7", "GlobalID": "{E552A694-8E5F-42AD-845E-44701C051413}", "القطاع": "القطاع الثالث", "المسافة_بين_الكبنة_والبوكس": "190m", "I_D": "7-1", "created_user": null, "created_date": null, "last_edited_user": null, "last_edited_date": null}, "geometry": {"type": "Point", "coordinates": [31.555511193065566, 30.271096704255765, 0.0]}}, {"type": "Feature", "properties": {"Description": null, "Telecom_Feature_Type": "بوكس", "Easting": "031° 33' 14.6\" E", "Northing": "30° 16' 16.03\" N", "ID": "8", "GlobalID": "{FC75FA83-B144-4160-8FCC-8DDDA13AEEA7}", "القطاع": "القطاع الثالث", "المسافة_بين_الكبنة_والبوكس": "160m", "I_D": "7-1", "created_user": null, "created_date": null, "last_edited_user": null, "last_edited_date": null}, "geometry": {"type": "Point", "coordinates": [31.555732299136846, 30.271286488616177, 0.0]}}, {"type": "Feature", "properties": {"Description": null, "Telecom_Feature_Type": "بوكس", "Easting": "031° 33' 13.25\" E", "Northing": "30° 16' 13.21\" N", "ID": "9", "GlobalID": "{0941B9EA-5B63-4F30-A5EC-E9709EAD21B9}", "القطاع": "القطاع الثالث", "المسافة_بين_الكبنة_والبوكس": "155m", "I_D": "7-1", "created_user": null, "created_date": null, "last_edited_user": null, "last_edited_date": null}, "geometry": {"type": "Point", "coordinates": [31.555357893152784, 30.2705022945183, 0.0]}}, {"type": "Feature", "properties": {"Description": null, "Telecom_Feature_Type": "بوكس", "Easting": "031° 33' 13.77\" E", "Northing": "30° 16' 13.61\" N", "ID": "10", "GlobalID": "{325462DC-52F8-4A3F-B0E6-95B3E3A2A673}", "القطاع": "القطاع الثالث", "المسافة_بين_الكبنة_والبوكس": "140m", "I_D": "7-1", "created_user": null, "created_date": null, "last_edited_user": null, "last_edited_date": null}, "geometry": {"type": "Point", "coordinates": [31.555502409965175, 30.270614317195086, 0.0]}}, {"type": "Feature", "properties": {"Description": null, "Telecom_Feature_Type": "بوكس", "Easting": "031° 33' 15.1\" E", "Northing": "30° 16' 14.05\" N", "ID": "11", "GlobalID": "{94FC3785-4629-4F2C-B98B-ABCD0EB84BEF}", "القطاع": "القطاع الثالث", "المسافة_بين_الكبنة_والبوكس": "110m", "I_D": "7-1", "created_user": null, "created_date": null, "last_edited_user": null, "last_edited_date": null}, "geometry": {"type": "Point", "coordinates": [31.55587153951796, 30.270734816078097, 0.0]}}, {"type": "Feature", "properties": {"Description": null, "Telecom_Feature_Type": "بوكس", "Easting": "031° 33' 16.19\" E", "Northing": "30° 16' 14.13\" N", "ID": "12", "GlobalID": "{641A808B-084B-477B-A15B-E66759F40315}", "القطاع": "القطاع الثالث", "المسافة_بين_الكبنة_والبوكس": "70m", "I_D": "7-1", "created_user": null, "created_date": null, "last_edited_user": null, "last_edited_date": null}, "geometry": {"type": "Point", "coordinates": [31.556174305114702, 30.27075825933983, 0.0]}}, {"type": "Feature", "properties": {"Description": null, "Telecom_Feature_Type": "بوكس", "Easting": "031° 33' 20.74\" E", "Northing": "30° 16' 13.92\" N", "ID": "17", "GlobalID": "{2EB1BDAE-4B46-4F9C-9480-C678DED7E6E2}", "القطاع": "القطاع الثالث", "المسافة_بين_الكبنة_والبوكس": "295m", "I_D": "5-4", "created_user": null, "created_date": null, "last_edited_user": null, "last_edited_date": null}, "geometry": {"type": "Point", "coordinates": [31.557437748930486, 30.270698545394225, 0.0]}}, {"type": "Feature", "properties": {"Description": null, "Telecom_Feature_Type": "بوكس", "Easting": "031° 33' 20.04\" E", "Northing": "30° 16' 13.43\" N", "ID": "18", "GlobalID": "{2CE0897B-F31F-4F12-AD23-2C3EB22DBF25}", "القطاع": "القطاع الثالث", "المسافة_بين_الكبنة_والبوكس": "285m", "I_D": "5-4", "created_user": null, "created_date": null, "last_edited_user": null, "last_edited_date": null}, "geometry": {"type": "Point", "coordinates": [31.55724491632967, 30.27056369916984, 0.0]}}, {"type": "Feature", "properties": {"Description": null, "Telecom_Feature_Type": "بوكس", "Easting": "031° 33' 18.84\" E", "Northing": "30° 16' 13.0\" N", "ID": "19", "GlobalID": "{90B6E302-616C-4952-9380-CD730DA8F961}", "القطاع": "القطاع الثالث", "المسافة_بين_الكبنة_والبوكس": "245m", "I_D": "5-4", "created_user": null, "created_date": null, "last_edited_user": null, "last_edited_date": null}, "geometry": {"type": "Point", "coordinates": [31.55691036926671, 30.270443226906128, 0.0]}}, {"type": "Feature", "properties": {"Description": null, "Telecom_Feature_Type": "بوكس", "Easting": "031° 33' 18.36\" E", "Northing": "30° 16' 14.96\" N", "ID": "22", "GlobalID": "{C7E148F2-5521-44F2-8DD8-881E82B99856}", "القطاع": "القطاع الثالث", "المسافة_بين_الكبنة_والبوكس": "210m", "I_D": "5-4", "created_user": null, "created_date": null, "last_edited_user": null, "last_edited_date": null}, "geometry": {"type": "Point", "coordinates": [31.55677622842507, 30.270988824350585, 0.0]}}, {"type": "Feature", "properties": {"Description": null, "Telecom_Feature_Type": "بوكس", "Easting": "031° 33' 19.53\" E", "Northing": "30° 16' 15.44\" N", "ID": "21", "GlobalID": "{AA4A8EA5-3863-4EA7-8312-68E5E5E9AE50}", "القطاع": "القطاع الثالث", "المسافة_بين_الكبنة_والبوكس": "250m", "I_D": "5-4", "created_user": null, "created_date": null, "last_edited_user": null, "last_edited_date": null}, "geometry": {"type": "Point", "coordinates": [31.557102727917897, 30.271121571860682, 0.0]}}, {"type": "Feature", "properties": {"Description": null, "Telecom_Feature_Type": "بوكس", "Easting": "031° 33' 20.21\" E", "Northing": "30° 16' 15.01\" N", "ID": "20", "GlobalID": "{E3B2741E-F89A-4BDE-A51B-350727794987}", "القطاع": "القطاع الثالث", "المسافة_بين_الكبنة_والبوكس": "260m", "I_D": "5-4", "created_user": null, "created_date": null, "last_edited_user": null, "last_edited_date": null}, "geometry": {"type": "Point", "coordinates": [31.55729147480208, 30.27100354929324, 0.0]}}, {"type": "Feature", "properties": {"Description": null, "Telecom_Feature_Type": "بوكس", "Easting": "031° 33' 17.34\" E", "Northing": "30° 16' 15.94\" N", "ID": "25", "GlobalID": "{3220DB1B-FCFD-487B-8034-20E40278381A}", "القطاع": "القطاع الثالث", "المسافة_بين_الكبنة_والبوكس": "145m", "I_D": "5-4", "created_user": null, "created_date": null, "last_edited_user": null, "last_edited_date": null}, "geometry": {"type": "Point", "coordinates": [31.556492908686163, 30.27126036052679, 0.0]}}, {"type": "Feature", "properties": {"Description": null, "Telecom_Feature_Type": "بوكس", "Easting": "031° 33' 16.35\" E", "Northing": "30° 16' 17.81\" N", "ID": "28", "GlobalID": "{C6A0F745-0A80-496C-AD73-5C6863E63491}", "القطاع": "القطاع الثالث", "المسافة_بين_الكبنة_والبوكس": "150m", "I_D": "5-4", "created_user": null, "created_date": null, "last_edited_user": null, "last_edited_date": null}, "geometry": {"type": "Point", "coordinates": [31.556217821658198, 30.271780271578223, 0.0]}}, {"type": "Feature", "properties": {"Description": null, "Telecom_Feature_Type": "بوكس", "Easting": "031° 33' 16.92\" E", "Northing": "30° 16' 18.38\" N", "ID": "27", "GlobalID": "{E43476BB-463E-4D44-9A2E-B1896F505EA3}", "القطاع": "القطاع الثالث", "المسافة_بين_الكبنة_والبوكس": "160m", "I_D": "5-4", "created_user": null, "created_date": null, "last_edited_user": null, "last_edited_date": null}, "geometry": {"type": "Point", "coordinates": [31.556376061687608, 30.271937380559372, 0.0]}}, {"type": "Feature", "properties": {"Description": null, "Telecom_Feature_Type": "بوكس", "Easting": "031° 33' 17.65\" E", "Northing": "30° 16' 17.97\" N", "ID": "26", "GlobalID": "{A30EDAD9-65FE-472C-95C2-129E18F79836}", "القطاع": "القطاع الثالث", "المسافة_بين_الكبنة_والبوكس": "180m", "I_D": "5-4", "created_user": null, "created_date": null, "last_edited_user": null, "last_edited_date": null}, "geometry": {"type": "Point", "coordinates": [31.556578792412026, 30.27182369444939, 0.0]}}, {"type": "Feature", "properties": {"Description": null, "Telecom_Feature_Type": "بوكس", "Easting": "031° 33' 17.24\" E", "Northing": "30° 16' 20.75\" N", "ID": "16", "GlobalID": "{6F1BED60-47D1-477D-8C05-6AF8F7182FDC}", "القطاع": "القطاع الثالث", "المسافة_بين_الكبنة_والبوكس": "100m", "I_D": "5-4", "created_user": null, "created_date": null, "last_edited_user": null, "last_edited_date": null}, "geometry": {"type": "Point", "coordinates": [31.556465859266307, 30.272596679013265, 0.0]}}, {"type": "Feature", "properties": {"Description": null, "Telecom_Feature_Type": "بوكس", "Easting": "031° 33' 17.77\" E", "Northing": "30° 16' 19.8\" N", "ID": "15", "GlobalID": "{B15E9975-02ED-49CB-9F25-75DCC4A56746}", "القطاع": "القطاع الثالث", "المسافة_بين_الكبنة_والبوكس": "130m", "I_D": "5-4", "created_user": null, "created_date": null, "last_edited_user": null, "last_edited_date": null}, "geometry": {"type": "Point", "coordinates": [31.55661255164079, 30.27233406676806, 0.0]}}, {"type": "Feature", "properties": {"Description": null, "Telecom_Feature_Type": "بوكس", "Easting": "031° 33' 18.61\" E", "Northing": "30° 16' 18.91\" N", "ID": "14", "GlobalID": "{4633B329-A7BC-4D47-B45E-D09DF9411F91}", "القطاع": "القطاع الثالث", "المسافة_بين_الكبنة_والبوكس": "160m", "I_D": "5-4", "created_user": null, "created_date": null, "last_edited_user": null, "last_edited_date": null}, "geometry": {"type": "Point", "coordinates": [31.556847811224216, 30.272085767222954, 0.0]}}, {"type": "Feature", "properties": {"Description": null, "Telecom_Feature_Type": "بوكس", "Easting": "031° 33' 19.31\" E", "Northing": "30° 16' 18.46\" N", "ID": "13", "GlobalID": "{99BF4BD0-DC45-4A65-97A4-A4276C3C0638}", "القطاع": "القطاع الثالث", "المسافة_بين_الكبنة_والبوكس": "190m", "I_D": "5-4", "created_user": null, "created_date": null, "last_edited_user": null, "last_edited_date": null}, "geometry": {"type": "Point", "coordinates": [31.557040720935436, 30.27196103236853, 0.0]}}, {"type": "Feature", "properties": {"Description": null, "Telecom_Feature_Type": "بوكس", "Easting": "031° 33' 18.65\" E", "Northing": "30° 16' 21.22\" N", "ID": "12", "GlobalID": "{14AF9AA0-E61A-431A-B5C8-89A0372070F2}", "القطاع": "القطاع الثالث", "المسافة_بين_الكبنة_والبوكس": "125m", "I_D": "5-4", "created_user": null, "created_date": null, "last_edited_user": null, "last_edited_date": null}, "geometry": {"type": "Point", "coordinates": [31.55685756756353, 30.27272856222686, 0.0]}}, {"type": "Feature", "properties": {"Description": null, "Telecom_Feature_Type": "بوكس", "Easting": "031° 33' 19.68\" E", "Northing": "30° 16' 20.79\" N", "ID": "11", "GlobalID": "{6A65FB65-E9E2-4639-BEF4-289D028DB314}", "القطاع": "القطاع الثالث", "المسافة_بين_الكبنة_والبوكس": "165m", "I_D": "5-4", "created_user": null, "created_date": null, "last_edited_user": null, "last_edited_date": null}, "geometry": {"type": "Point", "coordinates": [31.557142470055112, 30.27260851509433, 0.0]}}, {"type": "Feature", "properties": {"Description": null, "Telecom_Feature_Type": "بوكس", "Easting": "031° 33' 20.56\" E", "Northing": "30° 16' 19.93\" N", "ID": "10", "GlobalID": "{EBF35F64-3D89-4D72-B2CD-A44B565674EE}", "القطاع": "القطاع الثالث", "المسافة_بين_الكبنة_والبوكس": "205m", "I_D": "5-4", "created_user": null, "created_date": null, "last_edited_user": null, "last_edited_date": null}, "geometry": {"type": "Point", "coordinates": [31.55738695622102, 30.27236810617243, 0.0]}}, {"type": "Feature", "properties": {"Description": null, "Telecom_Feature_Type": "بوكس", "Easting": "031° 33' 20.34\" E", "Northing": "30° 16' 19.26\" N", "ID": "9", "GlobalID": "{E610F8CF-08F9-478C-9ACE-43C46E77933F}", "القطاع": "القطاع الثالث", "المسافة_بين_الكبنة_والبوكس": "215m", "I_D": "5-4", "created_user": null, "created_date": null, "last_edited_user": null, "last_edited_date": null}, "geometry": {"type": "Point", "coordinates": [31.557327088311123, 30.27218255572518, 0.0]}}, {"type": "Feature", "properties": {"Description": null, "Telecom_Feature_Type": "بوكس", "Easting": "031° 33' 20.16\" E", "Northing": "30° 16' 22.91\" N", "ID": "8", "GlobalID": "{38C08C36-860F-4004-AF65-376979E7392F}", "القطاع": "القطاع الثالث", "المسافة_بين_الكبنة_والبوكس": "200m", "I_D": "5-4", "created_user": null, "created_date": null, "last_edited_user": null, "last_edited_date": null}, "geometry": {"type": "Point", "coordinates": [31.557276402077473, 30.273195920083836, 0.0]}}, {"type": "Feature", "properties": {"Description": null, "Telecom_Feature_Type": "بوكس", "Easting": "031° 33' 20.57\" E", "Northing": "30° 16' 22.03\" N", "ID": "7", "GlobalID": "{0247D086-078F-46EA-9670-FFE1B1BC3759}", "القطاع": "القطاع الثالث", "المسافة_بين_الكبنة_والبوكس": "230m", "I_D": "5-4", "created_user": null, "created_date": null, "last_edited_user": null, "last_edited_date": null}, "geometry": {"type": "Point", "coordinates": [31.557390568968454, 30.272951401297952, 0.0]}}, {"type": "Feature", "properties": {"Description": null, "Telecom_Feature_Type": "بوكس", "Easting": "031° 33' 21.45\" E", "Northing": "30° 16' 21.06\" N", "ID": "6", "GlobalID": "{16FF4EEB-19BB-424D-BBB4-5C8247405758}", "القطاع": "القطاع الثالث", "المسافة_بين_الكبنة_والبوكس": "260m", "I_D": "5-4", "created_user": null, "created_date": null, "last_edited_user": null, "last_edited_date": null}, "geometry": {"type": "Point", "coordinates": [31.557636183152127, 30.272682855977664, 0.0]}}, {"type": "Feature", "properties": {"Description": null, "Telecom_Feature_Type": "بوكس", "Easting": "031° 33' 22.05\" E", "Northing": "30° 16' 20.74\" N", "ID": "5", "GlobalID": "{7DAC0657-9A89-45A1-92EC-D6828F75167E}", "القطاع": "القطاع الثالث", "المسافة_بين_الكبنة_والبوكس": "290m", "I_D": "5-4", "created_user": null, "created_date": null, "last_edited_user": null, "last_edited_date": null}, "geometry": {"type": "Point", "coordinates": [31.557802303735436, 30.272593911566435, 0.0]}}, {"type": "Feature", "properties": {"Description": null, "Telecom_Feature_Type": "بوكس", "Easting": "031° 33' 21.3\" E", "Northing": "30° 16' 23.39\" N", "ID": "4", "GlobalID": "{C1401D73-1D1E-490B-AC98-C13624A03652}", "القطاع": "القطاع الثالث", "المسافة_بين_الكبنة_والبوكس": "225m", "I_D": "5-4", "created_user": null, "created_date": null, "last_edited_user": null, "last_edited_date": null}, "geometry": {"type": "Point", "coordinates": [31.55759375618058, 30.273330572351636, 0.0]}}, {"type": "Feature", "properties": {"Description": null, "Telecom_Feature_Type": "بوكس", "Easting": "031° 33' 22.24\" E", "Northing": "30° 16' 22.93\" N", "ID": "3", "GlobalID": "{3E776935-D93B-46AD-BF71-FAF7260FB776}", "القطاع": "القطاع الثالث", "المسافة_بين_الكبنة_والبوكس": "265m", "I_D": "5-4", "created_user": null, "created_date": null, "last_edited_user": null, "last_edited_date": null}, "geometry": {"type": "Point", "coordinates": [31.557853870956738, 30.273203488482494, 0.0]}}, {"type": "Feature", "properties": {"Description": null, "Telecom_Feature_Type": "بوكس", "Easting": "031° 33' 23.29\" E", "Northing": "30° 16' 22.09\" N", "ID": "2", "GlobalID": "{B54DDB79-D82F-48A7-A119-EDEFB9067254}", "القطاع": "القطاع الثالث", "المسافة_بين_الكبنة_والبوكس": "295m", "I_D": "5-4", "created_user": null, "created_date": null, "last_edited_user": null, "last_edited_date": null}, "geometry": {"type": "Point", "coordinates": [31.55814521740538, 30.272969831786487, 0.0]}}, {"type": "Feature", "properties": {"Description": null, "Telecom_Feature_Type": "بوكس", "Easting": "031° 33' 23.08\" E", "Northing": "30° 16' 21.56\" N", "ID": "1", "GlobalID": "{6F2FFEAD-DAAF-4006-A00D-F0A54613394D}", "القطاع": "القطاع الثالث", "المسافة_بين_الكبنة_والبوكس": "305m", "I_D": "5-4", "created_user": null, "created_date": null, "last_edited_user": null, "last_edited_date": null}, "geometry": {"type": "Point", "coordinates": [31.558089032306228, 30.27282134727499, 0.0]}}, {"type": "Feature", "properties": {"Description": null, "Telecom_Feature_Type": "بوكس", "Easting": "031° 33' 13.94\" E", "Northing": "30° 16' 19.21\" N", "ID": "20", "GlobalID": "{031BA11D-4DB1-4AF6-8855-BC2BD3C7224B}", "القطاع": "القطاع الثالث", "المسافة_بين_الكبنة_والبوكس": "185m", "I_D": "5-3", "created_user": null, "created_date": null, "last_edited_user": null, "last_edited_date": null}, "geometry": {"type": "Point", "coordinates": [31.555549592256117, 30.272168305734333, 0.0]}}, {"type": "Feature", "properties": {"Description": null, "Telecom_Feature_Type": "بوكس", "Easting": "031° 33' 12.86\" E", "Northing": "30° 16' 19.1\" N", "ID": "19", "GlobalID": "{DB24452D-F7D0-470B-88BE-75D5B30B0903}", "القطاع": "القطاع الثالث", "المسافة_بين_الكبنة_والبوكس": "225m", "I_D": "5-3", "created_user": null, "created_date": null, "last_edited_user": null, "last_edited_date": null}, "geometry": {"type": "Point", "coordinates": [31.55524851173619, 30.272138110249234, 0.0]}}, {"type": "Feature", "properties": {"Description": null, "Telecom_Feature_Type": "بوكس", "Easting": "031° 33' 11.45\" E", "Northing": "30° 16' 19.3\" N", "ID": "18", "GlobalID": "{CA9C5E77-33FE-4744-885A-3274D93BAD88}", "القطاع": "القطاع الثالث", "المسافة_بين_الكبنة_والبوكس": "255m", "I_D": "5-3", "created_user": null, "created_date": null, "last_edited_user": null, "last_edited_date": null}, "geometry": {"type": "Point", "coordinates": [31.554857665413287, 30.272194092736317, 0.0]}}, {"type": "Feature", "properties": {"Description": null, "Telecom_Feature_Type": "بوكس", "Easting": "031° 33' 11.62\" E", "Northing": "30° 16' 21.02\" N", "ID": "21", "GlobalID": "{D6F04DAC-8712-4E3A-B67A-881827412C6F}", "القطاع": "القطاع الثالث", "المسافة_بين_الكبنة_والبوكس": "250m", "I_D": "5-3", "created_user": null, "created_date": null, "last_edited_user": null, "last_edited_date": null}, "geometry": {"type": "Point", "coordinates": [31.554906098795552, 30.2726723357773, 0.0]}}, {"type": "Feature", "properties": {"Description": null, "Telecom_Feature_Type": "بوكس", "Easting": "031° 33' 13.67\" E", "Northing": "30° 16' 20.66\" N", "ID": "23", "GlobalID": "{D146AFE6-5E05-4266-A277-8E7406401E9B}", "القطاع": "القطاع الثالث", "المسافة_بين_الكبنة_والبوكس": "190m", "I_D": "5-3", "created_user": null, "created_date": null, "last_edited_user": null, "last_edited_date": null}, "geometry": {"type": "Point", "coordinates": [31.55547555881723, 30.272572064077483, 0.0]}}, {"type": "Feature", "properties": {"Description": null, "Telecom_Feature_Type": "بوكس", "Easting": "031° 33' 14.58\" E", "Northing": "30° 16' 20.13\" N", "ID": "24", "GlobalID": "{0AC8568F-6AF2-4266-B407-D5CE7CE41F08}", "القطاع": "القطاع الثالث", "المسافة_بين_الكبنة_والبوكس": "160m", "I_D": "5-3", "created_user": null, "created_date": null, "last_edited_user": null, "last_edited_date": null}, "geometry": {"type": "Point", "coordinates": [31.555725843318125, 30.272423582653115, 0.0]}}, {"type": "Feature", "properties": {"Description": null, "Telecom_Feature_Type": "بوكس", "Easting": "031° 33' 13.87\" E", "Northing": "30° 16' 23.93\" N", "ID": "25", "GlobalID": "{1AF99F27-7401-4685-B86A-CAE9FB5DF4D8}", "القطاع": "القطاع الثالث", "المسافة_بين_الكبنة_والبوكس": "175m", "I_D": "5-3", "created_user": null, "created_date": null, "last_edited_user": null, "last_edited_date": null}, "geometry": {"type": "Point", "coordinates": [31.55552997368872, 30.273479948624782, 0.0]}}, {"type": "Feature", "properties": {"Description": null, "Telecom_Feature_Type": "بوكس", "Easting": "031° 33' 14.9\" E", "Northing": "30° 16' 24.74\" N", "ID": "29", "GlobalID": "{9BFE8C86-A682-4B3A-B59C-49764AA48427}", "القطاع": "القطاع الثالث", "المسافة_بين_الكبنة_والبوكس": "150m", "I_D": "5-3", "created_user": null, "created_date": null, "last_edited_user": null, "last_edited_date": null}, "geometry": {"type": "Point", "coordinates": [31.555814826162667, 30.273706137998833, 0.0]}}, {"type": "Feature", "properties": {"Description": null, "Telecom_Feature_Type": "بوكس", "Easting": "031° 33' 15.49\" E", "Northing": "30° 16' 24.42\" N", "ID": "30", "GlobalID": "{74647602-DAEE-4D70-BD95-0980997B37F5}", "القطاع": "القطاع الثالث", "المسافة_بين_الكبنة_والبوكس": "120m", "I_D": "5-3", "created_user": null, "created_date": null, "last_edited_user": null, "last_edited_date": null}, "geometry": {"type": "Point", "coordinates": [31.55598112793383, 30.273617765208343, 0.0]}}, {"type": "Feature", "properties": {"Description": null, "Telecom_Feature_Type": "بوكس", "Easting": "031° 33' 16.8\" E", "Northing": "30° 16' 22.59\" N", "ID": "32", "GlobalID": "{3781CF12-5555-4359-A59E-8C21E6496D2A}", "القطاع": "القطاع الثالث", "المسافة_بين_الكبنة_والبوكس": "60m", "I_D": "5-3", "created_user": null, "created_date": null, "last_edited_user": null, "last_edited_date": null}, "geometry": {"type": "Point", "coordinates": [31.556342529786402, 30.27310684100747, 0.0]}}, {"type": "Feature", "properties": {"Description": null, "Telecom_Feature_Type": "بوكس", "Easting": "031° 33' 16.79\" E", "Northing": "30° 16' 26.24\" N", "ID": "13", "GlobalID": "{0EC20669-626B-4789-84FD-D2097503654F}", "القطاع": "القطاع الثالث", "المسافة_بين_الكبنة_والبوكس": "160m", "I_D": "5-3", "created_user": null, "created_date": null, "last_edited_user": null, "last_edited_date": null}, "geometry": {"type": "Point", "coordinates": [31.556339723914, 30.27412268991107, 0.0]}}, {"type": "Feature", "properties": {"Description": null, "Telecom_Feature_Type": "بوكس", "Easting": "031° 33' 18.6\" E", "Northing": "30° 16' 24.41\" N", "ID": "16", "GlobalID": "{D57672DE-C052-4E22-9546-5950D8027CF5}", "القطاع": "القطاع الثالث", "المسافة_بين_الكبنة_والبوكس": "80m", "I_D": "5-3", "created_user": null, "created_date": null, "last_edited_user": null, "last_edited_date": null}, "geometry": {"type": "Point", "coordinates": [31.55684439320381, 30.27361499381413, 0.0]}}, {"type": "Feature", "properties": {"Description": null, "Telecom_Feature_Type": "بوكس", "Easting": "031° 33' 17.62\" E", "Northing": "30° 16' 24.84\" N", "ID": "15", "GlobalID": "{35CB4205-E6EF-469C-9B76-7E8D41B3E1E4}", "القطاع": "القطاع الثالث", "المسافة_بين_الكبنة_والبوكس": "100m", "I_D": "5-3", "created_user": null, "created_date": null, "last_edited_user": null, "last_edited_date": null}, "geometry": {"type": "Point", "coordinates": [31.556572244419726, 30.27373338956291, 0.0]}}, {"type": "Feature", "properties": {"Description": null, "Telecom_Feature_Type": "بوكس", "Easting": "031° 33' 16.59\" E", "Northing": "30° 16' 25.69\" N", "ID": "14", "GlobalID": "{E32B870A-6F49-49B8-9BF8-A201030BB52C}", "القطاع": "القطاع الثالث", "المسافة_بين_الكبنة_والبوكس": "140m", "I_D": "5-3", "created_user": null, "created_date": null, "last_edited_user": null, "last_edited_date": null}, "geometry": {"type": "Point", "coordinates": [31.5562849190851, 30.27397017746633, 0.0]}}, {"type": "Feature", "properties": {"Description": null, "Telecom_Feature_Type": "بوكس", "Easting": "031° 33' 17.82\" E", "Northing": "30° 16' 27.05\" N", "ID": "9", "GlobalID": "{DCDC7B3F-9483-4B82-AA45-4A4198094338}", "القطاع": "القطاع الثالث", "المسافة_بين_الكبنة_والبوكس": "185m", "I_D": "5-3", "created_user": null, "created_date": null, "last_edited_user": null, "last_edited_date": null}, "geometry": {"type": "Point", "coordinates": [31.55662777547081, 30.27434715181287, 0.0]}}, {"type": "Feature", "properties": {"Description": null, "Telecom_Feature_Type": "بوكس", "Easting": "031° 33' 18.43\" E", "Northing": "30° 16' 26.74\" N", "ID": "10", "GlobalID": "{17834954-6B1A-48A2-9851-DBFFD051D597}", "القطاع": "القطاع الثالث", "المسافة_بين_الكبنة_والبوكس": "165m", "I_D": "5-3", "created_user": null, "created_date": null, "last_edited_user": null, "last_edited_date": null}, "geometry": {"type": "Point", "coordinates": [31.55679769588298, 30.274261656388866, 0.0]}}, {"type": "Feature", "properties": {"Description": null, "Telecom_Feature_Type": "بوكس", "Easting": "031° 33' 13.68\" E", "Northing": "30° 16' 23.41\" N", "ID": "26", "GlobalID": "{A0B7A29D-798D-4D54-8978-DE8ACA82CE98}", "القطاع": "القطاع الثالث", "المسافة_بين_الكبنة_والبوكس": "170m", "I_D": "5-3", "created_user": null, "created_date": null, "last_edited_user": null, "last_edited_date": null}, "geometry": {"type": "Point", "coordinates": [31.55547800584066, 30.273334508452162, 0.0]}}, {"type": "Feature", "properties": {"Description": null, "Telecom_Feature_Type": "بوكس", "Easting": "031° 33' 14.7\" E", "Northing": "30° 16' 22.55\" N", "ID": "27", "GlobalID": "{1C2C48AA-A5A5-479A-A5AA-CDE8167F5FFA}", "القطاع": "القطاع الثالث", "المسافة_بين_الكبنة_والبوكس": "135m", "I_D": "5-3", "created_user": null, "created_date": null, "last_edited_user": null, "last_edited_date": null}, "geometry": {"type": "Point", "coordinates": [31.555761187705844, 30.27309604040364, 0.0]}}, {"type": "Feature", "properties": {"Description": null, "Telecom_Feature_Type": "بوكس", "Easting": "031° 33' 20.75\" E", "Northing": "30° 16' 29.36\" N", "ID": "1", "GlobalID": "{0102FFA2-E025-45BC-A8D3-3B0C66220D3D}", "القطاع": "القطاع الثالث", "المسافة_بين_الكبنة_والبوكس": "285m", "I_D": "5-3", "created_user": null, "created_date": null, "last_edited_user": null, "last_edited_date": null}, "geometry": {"type": "Point", "coordinates": [31.557439596461087, 30.274987454415044, 0.0]}}, {"type": "Feature", "properties": {"Description": null, "Telecom_Feature_Type": "بوكس", "Easting": "031° 33' 21.35\" E", "Northing": "30° 16' 29.05\" N", "ID": "2", "GlobalID": "{89B507E7-FE4B-446C-BF96-9868DF558B02}", "القطاع": "القطاع الثالث", "المسافة_بين_الكبنة_والبوكس": "265m", "I_D": "5-3", "created_user": null, "created_date": null, "last_edited_user": null, "last_edited_date": null}, "geometry": {"type": "Point", "coordinates": [31.557607666104584, 30.27490137046288, 0.0]}}, {"type": "Feature", "properties": {"Description": null, "Telecom_Feature_Type": "بوكس", "Easting": "031° 33' 22.23\" E", "Northing": "30° 16' 28.07\" N", "ID": "3", "GlobalID": "{4F63E747-7386-4B66-A111-3A7415D9E460}", "القطاع": "القطاع الثالث", "المسافة_بين_الكبنة_والبوكس": "225m", "I_D": "5-3", "created_user": null, "created_date": null, "last_edited_user": null, "last_edited_date": null}, "geometry": {"type": "Point", "coordinates": [31.557852763005872, 30.27462918993895, 0.0]}}, {"type": "Feature", "properties": {"Description": null, "Telecom_Feature_Type": "بوكس", "Easting": "031° 33' 22.64\" E", "Northing": "30° 16' 27.19\" N", "ID": "4", "GlobalID": "{057F6459-0172-449D-A47B-ADFD578AE55D}", "القطاع": "القطاع الثالث", "المسافة_بين_الكبنة_والبوكس": "195m", "I_D": "5-3", "created_user": null, "created_date": null, "last_edited_user": null, "last_edited_date": null}, "geometry": {"type": "Point", "coordinates": [31.557965541041973, 30.274384571973723, 0.0]}}, {"type": "Feature", "properties": {"Description": null, "Telecom_Feature_Type": "بوكس", "Easting": "031° 33' 19.71\" E", "Northing": "30° 16' 28.54\" N", "ID": "5", "GlobalID": "{155D870A-4974-43E8-985F-F7976BDEAE03}", "القطاع": "القطاع الثالث", "المسافة_بين_الكبنة_والبوكس": "270m", "I_D": "5-3", "created_user": null, "created_date": null, "last_edited_user": null, "last_edited_date": null}, "geometry": {"type": "Point", "coordinates": [31.557152986805892, 30.274760227971623, 0.0]}}, {"type": "Feature", "properties": {"Description": null, "Telecom_Feature_Type": "بوكس", "Easting": "031° 33' 21.54\" E", "Northing": "30° 16' 26.72\" N", "ID": "8", "GlobalID": "{A5ECAE35-A0DA-4DAE-8D65-105928C02663}", "القطاع": "القطاع الثالث", "المسافة_بين_الكبنة_والبوكس": "190m", "I_D": "5-3", "created_user": null, "created_date": null, "last_edited_user": null, "last_edited_date": null}, "geometry": {"type": "Point", "coordinates": [31.557658986146357, 30.27425635682749, 0.0]}}, {"type": "Feature", "properties": {"Description": null, "Telecom_Feature_Type": "بوكس", "Easting": "031° 33' 23.4\" E", "Northing": "30° 16' 13.45\" N", "ID": "22", "GlobalID": "{728346CF-7B07-4B7B-92E7-FF3ACAE8FD9C}", "القطاع": "القطاع الثالث", "المسافة_بين_الكبنة_والبوكس": "80m", "I_D": "9-3", "created_user": null, "created_date": null, "last_edited_user": null, "last_edited_date": null}, "geometry": {"type": "Point", "coordinates": [31.558177749224033, 30.270569683737577, 0.0]}}, {"type": "Feature", "properties": {"Description": null, "Telecom_Feature_Type": "بوكس", "Easting": "031° 33' 24.59\" E", "Northing": "30° 16' 13.55\" N", "ID": "23", "GlobalID": "{CCE943B0-B8CD-4E29-B5FE-D2F209FDC28E}", "القطاع": "القطاع الثالث", "المسافة_بين_الكبنة_والبوكس": "40m", "I_D": "9-3", "created_user": null, "created_date": null, "last_edited_user": null, "last_edited_date": null}, "geometry": {"type": "Point", "coordinates": [31.558506944666302, 30.27059611395497, 0.0]}}, {"type": "Feature", "properties": {"Description": null, "Telecom_Feature_Type": "بوكس", "Easting": "031° 33' 24.12\" E", "Northing": "30° 16' 19.12\" N", "ID": "18", "GlobalID": "{D88A50E8-422F-448B-AE38-0CB031BF01C6}", "القطاع": "القطاع الثالث", "المسافة_بين_الكبنة_والبوكس": "230m", "I_D": "9-3", "created_user": null, "created_date": null, "last_edited_user": null, "last_edited_date": null}, "geometry": {"type": "Point", "coordinates": [31.558377397184014, 30.272143888008426, 0.0]}}, {"type": "Feature", "properties": {"Description": null, "Telecom_Feature_Type": "بوكس", "Easting": "031° 33' 25.62\" E", "Northing": "30° 16' 20.34\" N", "ID": "15", "GlobalID": "{22596A3F-C6C5-4827-8A7F-E215180D32EA}", "القطاع": "القطاع الثالث", "المسافة_بين_الكبنة_والبوكس": "220m", "I_D": "9-3", "created_user": null, "created_date": null, "last_edited_user": null, "last_edited_date": null}, "geometry": {"type": "Point", "coordinates": [31.558793043850525, 30.272481899661646, 0.0]}}, {"type": "Feature", "properties": {"Description": null, "Telecom_Feature_Type": "بوكس", "Easting": "031° 33' 26.1\" E", "Northing": "30° 16' 19.37\" N", "ID": "17", "GlobalID": "{F8FB02D6-03BC-475C-8B74-D5DEE7513187}", "القطاع": "القطاع الثالث", "المسافة_بين_الكبنة_والبوكس": "185m", "I_D": "9-3", "created_user": null, "created_date": null, "last_edited_user": null, "last_edited_date": null}, "geometry": {"type": "Point", "coordinates": [31.55892580437021, 30.27221237684407, 0.0]}}, {"type": "Feature", "properties": {"Description": null, "Telecom_Feature_Type": "بوكس", "Easting": "031° 33' 38.93\" E", "Northing": "30° 16' 13.56\" N", "ID": "19A", "GlobalID": "{701BA4EB-5969-482E-BAD4-FACC4C7A25B8}", "القطاع": "القطاع الاول", "المسافة_بين_الكبنة_والبوكس": "5m", "I_D": "10-1", "created_user": null, "created_date": null, "last_edited_user": null, "last_edited_date": null}, "geometry": {"type": "Point", "coordinates": [31.5624910010094, 30.27059890159335, 0.0]}}, {"type": "Feature", "properties": {"Description": null, "Telecom_Feature_Type": "بوكس", "Easting": "031° 33' 40.19\" E", "Northing": "30° 16' 13.76\" N", "ID": "18", "GlobalID": "{EE8D8237-E1B6-4465-9360-47A6BEC4245D}", "القطاع": "القطاع الاول", "المسافة_بين_الكبنة_والبوكس": "190m", "I_D": "10-1", "created_user": null, "created_date": null, "last_edited_user": null, "last_edited_date": null}, "geometry": {"type": "Point", "coordinates": [31.56283965419109, 30.270654559296386, 0.0]}}, {"type": "Feature", "properties": {"Description": null, "Telecom_Feature_Type": "بوكس", "Easting": "031° 33' 37.15\" E", "Northing": "30° 16' 14.92\" N", "ID": "22", "GlobalID": "{C3B26161-8962-413D-83A4-90131E753603}", "القطاع": "القطاع الاول", "المسافة_بين_الكبنة_والبوكس": "100m", "I_D": "10-1", "created_user": null, "created_date": null, "last_edited_user": null, "last_edited_date": null}, "geometry": {"type": "Point", "coordinates": [31.56199781639319, 30.27097839144872, 0.0]}}, {"type": "Feature", "properties": {"Description": null, "Telecom_Feature_Type": "بوكس", "Easting": "031° 33' 36.43\" E", "Northing": "30° 16' 13.92\" N", "ID": "23", "GlobalID": "{913DE794-D81A-4509-8990-3D4A8FE1DF66}", "القطاع": "القطاع الاول", "المسافة_بين_الكبنة_والبوكس": "60m", "I_D": "10-1", "created_user": null, "created_date": null, "last_edited_user": null, "last_edited_date": null}, "geometry": {"type": "Point", "coordinates": [31.561797252206585, 30.27069964594351, 0.0]}}, {"type": "Feature", "properties": {"Description": null, "Telecom_Feature_Type": "بوكس", "Easting": "031° 33' 34.45\" E", "Northing": "30° 16' 15.6\" N", "ID": "12", "GlobalID": "{5668A201-B613-4E0A-97D6-CE0E3532BBE6}", "القطاع": "القطاع الاول", "المسافة_بين_الكبنة_والبوكس": "60m", "I_D": "10-1", "created_user": null, "created_date": null, "last_edited_user": null, "last_edited_date": null}, "geometry": {"type": "Point", "coordinates": [31.561246097487963, 30.271165010541726, 0.0]}}, {"type": "Feature", "properties": {"Description": null, "Telecom_Feature_Type": "بوكس", "Easting": "031° 33' 35.68\" E", "Northing": "30° 16' 16.19\" N", "ID": "11", "GlobalID": "{028C6044-E9A5-4953-B33E-2281432E88E1}", "القطاع": "القطاع الاول", "المسافة_بين_الكبنة_والبوكس": "100m", "I_D": "10-1", "created_user": null, "created_date": null, "last_edited_user": null, "last_edited_date": null}, "geometry": {"type": "Point", "coordinates": [31.56158885620159, 30.271331613925966, 0.0]}}, {"type": "Feature", "properties": {"Description": null, "Telecom_Feature_Type": "بوكس", "Easting": "031° 33' 35.65\" E", "Northing": "30° 16' 17.92\" N", "ID": "7", "GlobalID": "{A551BF41-10A6-49F0-B632-0CCFE297E0FF}", "القطاع": "القطاع الاول", "المسافة_بين_الكبنة_والبوكس": "175m", "I_D": "10-1", "created_user": null, "created_date": null, "last_edited_user": null, "last_edited_date": null}, "geometry": {"type": "Point", "coordinates": [31.56157882214805, 30.27181118168678, 0.0]}}, {"type": "Feature", "properties": {"Description": null, "Telecom_Feature_Type": "بوكس", "Easting": "031° 33' 34.57\" E", "Northing": "30° 16' 17.85\" N", "ID": "8", "GlobalID": "{5301A6FF-9708-4752-A5FA-B138AEB5E939}", "القطاع": "القطاع الاول", "المسافة_بين_الكبنة_والبوكس": "160m", "I_D": "10-1", "created_user": null, "created_date": null, "last_edited_user": null, "last_edited_date": null}, "geometry": {"type": "Point", "coordinates": [31.561280726299106, 30.27179243062763, 0.0]}}, {"type": "Feature", "properties": {"Description": null, "Telecom_Feature_Type": "بوكس", "Easting": "031° 33' 33.85\" E", "Northing": "30° 16' 16.88\" N", "ID": "9", "GlobalID": "{582EB153-A3DF-4813-9F8D-F8A8046154C5}", "القطاع": "القطاع الاول", "المسافة_بين_الكبنة_والبوكس": "110m", "I_D": "10-1", "created_user": null, "created_date": null, "last_edited_user": null, "last_edited_date": null}, "geometry": {"type": "Point", "coordinates": [31.561079069707194, 30.27152256664644, 0.0]}}, {"type": "Feature", "properties": {"Description": null, "Telecom_Feature_Type": "بوكس", "Easting": "031° 33' 31.61\" E", "Northing": "30° 16' 18.31\" N", "ID": "6", "GlobalID": "{6D1238D9-1145-44CF-B59D-4176F6E76920}", "القطاع": "القطاع الاول", "المسافة_بين_الكبنة_والبوكس": "180m", "I_D": "10-1", "created_user": null, "created_date": null, "last_edited_user": null, "last_edited_date": null}, "geometry": {"type": "Point", "coordinates": [31.56045656479381, 30.27191970126933, 0.0]}}, {"type": "Feature", "properties": {"Description": null, "Telecom_Feature_Type": "بوكس", "Easting": "031° 33' 32.84\" E", "Northing": "30° 16' 18.91\" N", "ID": "5", "GlobalID": "{B602383A-EAB1-4086-A169-FE8E63381395}", "القطاع": "القطاع الاول", "المسافة_بين_الكبنة_والبوكس": "220m", "I_D": "10-1", "created_user": null, "created_date": null, "last_edited_user": null, "last_edited_date": null}, "geometry": {"type": "Point", "coordinates": [31.560799326940774, 30.272086308480127, 0.0]}}, {"type": "Feature", "properties": {"Description": null, "Telecom_Feature_Type": "بوكس", "Easting": "031° 33' 32.8\" E", "Northing": "30° 16' 20.64\" N", "ID": "1", "GlobalID": "{6631FA8A-AEBF-4049-9EAD-1649A328302D}", "القطاع": "القطاع الاول", "المسافة_بين_الكبنة_والبوكس": "285m", "I_D": "10-1", "created_user": null, "created_date": null, "last_edited_user": null, "last_edited_date": null}, "geometry": {"type": "Point", "coordinates": [31.56078928903258, 30.272565876174657, 0.0]}}, {"type": "Feature", "properties": {"Description": null, "Telecom_Feature_Type": "بوكس", "Easting": "031° 33' 31.73\" E", "Northing": "30° 16' 20.57\" N", "ID": "2", "GlobalID": "{8D312E34-9B15-4AB6-AF29-FE2ABE541D2B}", "القطاع": "القطاع الاول", "المسافة_بين_الكبنة_والبوكس": "260m", "I_D": "10-1", "created_user": null, "created_date": null, "last_edited_user": null, "last_edited_date": null}, "geometry": {"type": "Point", "coordinates": [31.560491191020702, 30.272547123347024, 0.0]}}, {"type": "Feature", "properties": {"Description": null, "Telecom_Feature_Type": "بوكس", "Easting": "031° 33' 31.01\" E", "Northing": "30° 16' 19.6\" N", "ID": "3", "GlobalID": "{96509134-BD79-4087-A356-CD37870CC05E}", "القطاع": "القطاع الاول", "المسافة_بين_الكبنة_والبوكس": "220m", "I_D": "10-1", "created_user": null, "created_date": null, "last_edited_user": null, "last_edited_date": null}, "geometry": {"type": "Point", "coordinates": [31.560289534980836, 30.272277256369044, 0.0]}}, {"type": "Feature", "properties": {"Description": null, "Telecom_Feature_Type": "بوكس", "Easting": "031° 33' 34.17\" E", "Northing": "30° 16' 22.26\" N", "ID": "7.1", "GlobalID": "{EB5FB00A-E18C-4F8A-937F-5BE7A2D92B29}", "القطاع": "القطاع الاول", "المسافة_بين_الكبنة_والبوكس": "295m", "I_D": null, "created_user": null, "created_date": null, "last_edited_user": null, "last_edited_date": null}, "geometry": {"type": "Point", "coordinates": [31.56116828275186, 30.27301509294075, 0.0]}}, {"type": "Feature", "properties": {"Description": null, "Telecom_Feature_Type": "بوكس", "Easting": "031° 33' 36.08\" E", "Northing": "30° 16' 23.64\" N", "ID": "7.1", "GlobalID": "{11567A25-7D65-4DA2-B997-BC1A13AEE0DB}", "القطاع": "القطاع الاول", "المسافة_بين_الكبنة_والبوكس": "240m", "I_D": null, "created_user": null, "created_date": null, "last_edited_user": null, "last_edited_date": null}, "geometry": {"type": "Point", "coordinates": [31.561699724898126, 30.273398603898382, 0.0]}}, {"type": "Feature", "properties": {"Description": null, "Telecom_Feature_Type": "بوكس", "Easting": "031° 33' 37.03\" E", "Northing": "30° 16' 24.38\" N", "ID": "7.1", "GlobalID": "{1C86EABE-B9D7-4D70-A63B-25BAE6C93086}", "القطاع": "القطاع الاول", "المسافة_بين_الكبنة_والبوكس": "200m", "I_D": null, "created_user": null, "created_date": null, "last_edited_user": null, "last_edited_date": null}, "geometry": {"type": "Point", "coordinates": [31.56196354499494, 30.27360595220412, 0.0]}}, {"type": "Feature", "properties": {"Description": null, "Telecom_Feature_Type": "بوكس", "Easting": "031° 33' 35.03\" E", "Northing": "30° 16' 21.41\" N", "ID": "7.1", "GlobalID": "{83EFE5FE-8D42-49A3-AE6B-D0B252E332C7}", "القطاع": "القطاع الاول", "المسافة_بين_الكبنة_والبوكس": "275m", "I_D": null, "created_user": null, "created_date": null, "last_edited_user": null, "last_edited_date": null}, "geometry": {"type": "Point", "coordinates": [31.561408909027364, 30.2727791564257, 0.0]}}, {"type": "Feature", "properties": {"Description": null, "Telecom_Feature_Type": "بوكس", "Easting": "031° 33' 35.98\" E", "Northing": "30° 16' 21.37\" N", "ID": "6", "GlobalID": "{5247936C-B826-4EB2-B22D-73E8F779CE12}", "القطاع": "القطاع الاول", "المسافة_بين_الكبنة_والبوكس": "260m", "I_D": null, "created_user": null, "created_date": null, "last_edited_user": null, "last_edited_date": null}, "geometry": {"type": "Point", "coordinates": [31.561672834988748, 30.272770068505952, 0.0]}}, {"type": "Feature", "properties": {"Description": null, "Telecom_Feature_Type": "بوكس", "Easting": "031° 33' 36.74\" E", "Northing": "30° 16' 22.36\" N", "ID": "7", "GlobalID": "{D7DA7095-5345-4B91-A23F-65ED0960FC05}", "القطاع": "القطاع الاول", "المسافة_بين_الكبنة_والبوكس": "230m", "I_D": null, "created_user": null, "created_date": null, "last_edited_user": null, "last_edited_date": null}, "geometry": {"type": "Point", "coordinates": [31.561881408219374, 30.27304419738546, 0.0]}}, {"type": "Feature", "properties": {"Description": null, "Telecom_Feature_Type": "بوكس", "Easting": "031° 33' 37.7\" E", "Northing": "30° 16' 23.12\" N", "ID": "8", "GlobalID": "{BDCC3255-1588-478B-840B-F1B4968E06C4}", "القطاع": "القطاع الاول", "المسافة_بين_الكبنة_والبوكس": "190m", "I_D": null, "created_user": null, "created_date": null, "last_edited_user": null, "last_edited_date": null}, "geometry": {"type": "Point", "coordinates": [31.562150002226964, 30.27325449620964, 0.0]}}, {"type": "Feature", "properties": {"Description": null, "Telecom_Feature_Type": "بوكس", "Easting": "031° 33' 36.98\" E", "Northing": "30° 16' 19.68\" N", "ID": "7.1", "GlobalID": "{77C542E8-0863-46D1-92B2-E33CEA278539}", "القطاع": "القطاع الاول", "المسافة_بين_الكبنة_والبوكس": "200m", "I_D": null, "created_user": null, "created_date": null, "last_edited_user": null, "last_edited_date": null}, "geometry": {"type": "Point", "coordinates": [31.561948869679888, 30.272298596415773, 0.0]}}, {"type": "Feature", "properties": {"Description": null, "Telecom_Feature_Type": "بوكس", "Easting": "031° 33' 37.79\" E", "Northing": "30° 16' 20.31\" N", "ID": "7.1", "GlobalID": "{FE0EDEAE-F003-4A3C-823A-2C7DA4C78FAB}", "القطاع": "القطاع الاول", "المسافة_بين_الكبنة_والبوكس": "160m", "I_D": null, "created_user": null, "created_date": null, "last_edited_user": null, "last_edited_date": null}, "geometry": {"type": "Point", "coordinates": [31.562173520809043, 30.27247463626581, 0.0]}}, {"type": "Feature", "properties": {"Description": null, "Telecom_Feature_Type": "بوكس", "Easting": "031° 33' 39.0\" E", "Northing": "30° 16' 20.86\" N", "ID": "7.1", "GlobalID": "{37FF3996-52D6-4DB7-A926-2FDD0F5E55C8}", "القطاع": "القطاع الاول", "المسافة_بين_الكبنة_والبوكس": "120m", "I_D": null, "created_user": null, "created_date": null, "last_edited_user": null, "last_edited_date": null}, "geometry": {"type": "Point", "coordinates": [31.56250953878343, 30.272626624075897, 0.0]}}, {"type": "Feature", "properties": {"Description": null, "Telecom_Feature_Type": "بوكس", "Easting": "031° 33' 39.98\" E", "Northing": "30° 16' 21.63\" N", "ID": "7.1", "GlobalID": "{1E156F04-739E-432F-9C17-24A14BB17C8F}", "القطاع": "القطاع الاول", "المسافة_بين_الكبنة_والبوكس": "80m", "I_D": null, "created_user": null, "created_date": null, "last_edited_user": null, "last_edited_date": null}, "geometry": {"type": "Point", "coordinates": [31.56278199640338, 30.2728408505825, 0.0]}}, {"type": "Feature", "properties": {"Description": null, "Telecom_Feature_Type": "بوكس", "Easting": "031° 33' 37.97\" E", "Northing": "30° 16' 18.63\" N", "ID": "7.1", "GlobalID": "{085CD332-889D-4646-8EAE-B41A7ED27E63}", "القطاع": "القطاع الاول", "المسافة_بين_الكبنة_والبوكس": "175m", "I_D": null, "created_user": null, "created_date": null, "last_edited_user": null, "last_edited_date": null}, "geometry": {"type": "Point", "coordinates": [31.562223966401998, 30.272007926219747, 0.0]}}, {"type": "Feature", "properties": {"Description": null, "Telecom_Feature_Type": "بوكس", "Easting": "031° 33' 39.32\" E", "Northing": "30° 16' 18.91\" N", "ID": "7.1", "GlobalID": "{2EA3BC34-4CDC-4352-A20F-A733749BB2E4}", "القطاع": "القطاع الاول", "المسافة_بين_الكبنة_والبوكس": "140m", "I_D": null, "created_user": null, "created_date": null, "last_edited_user": null, "last_edited_date": null}, "geometry": {"type": "Point", "coordinates": [31.562598005878616, 30.27208713629133, 0.0]}}, {"type": "Feature", "properties": {"Description": null, "Telecom_Feature_Type": "بوكس", "Easting": "031° 33' 40.04\" E", "Northing": "30° 16' 19.89\" N", "ID": "7.1", "GlobalID": "{72A4A13D-F924-4F0D-BCDF-74D116BDE134}", "القطاع": "القطاع الاول", "المسافة_بين_الكبنة_والبوكس": "100m", "I_D": null, "created_user": null, "created_date": null, "last_edited_user": null, "last_edited_date": null}, "geometry": {"type": "Point", "coordinates": [31.562800469565826, 30.27235764026548, 0.0]}}, {"type": "Feature", "properties": {"Description": null, "Telecom_Feature_Type": "بوكس", "Easting": "031° 33' 41.01\" E", "Northing": "30° 16' 20.66\" N", "ID": "7.1", "GlobalID": "{6A05F0DA-5F93-4467-A359-352B7306773E}", "القطاع": "القطاع الاول", "المسافة_بين_الكبنة_والبوكس": "65m", "I_D": null, "created_user": null, "created_date": null, "last_edited_user": null, "last_edited_date": null}, "geometry": {"type": "Point", "coordinates": [31.56306756477121, 30.27257263609208, 0.0]}}, {"type": "Feature", "properties": {"Description": null, "Telecom_Feature_Type": "بوكس", "Easting": "031° 33' 40.18\" E", "Northing": "30° 16' 16.81\" N", "ID": "7.1", "GlobalID": "{E5C25DD4-85EE-4C56-A1FD-9D2C9186A1D0}", "القطاع": "القطاع الاول", "المسافة_بين_الكبنة_والبوكس": "165m", "I_D": null, "created_user": null, "created_date": null, "last_edited_user": null, "last_edited_date": null}, "geometry": {"type": "Point", "coordinates": [31.562838803287402, 30.271501308030327, 0.0]}}, {"type": "Feature", "properties": {"Description": null, "Telecom_Feature_Type": "بوكس", "Easting": "031° 33' 40.78\" E", "Northing": "30° 16' 17.61\" N", "ID": "7.1", "GlobalID": "{8F15D79A-AA8C-453A-9102-BEF03D59CC8B}", "القطاع": "القطاع الاول", "المسافة_بين_الكبنة_والبوكس": "135m", "I_D": null, "created_user": null, "created_date": null, "last_edited_user": null, "last_edited_date": null}, "geometry": {"type": "Point", "coordinates": [31.563004319023577, 30.27172505678273, 0.0]}}, {"type": "Feature", "properties": {"Description": null, "Telecom_Feature_Type": "بوكس", "Easting": "031° 33' 42.01\" E", "Northing": "30° 16' 18.23\" N", "ID": "7.1", "GlobalID": "{356B08B0-68AE-4F99-8F9B-B2C6CA644EA7}", "القطاع": "القطاع الاول", "المسافة_بين_الكبنة_والبوكس": "100m", "I_D": null, "created_user": null, "created_date": null, "last_edited_user": null, "last_edited_date": null}, "geometry": {"type": "Point", "coordinates": [31.563347380641112, 30.271896539677318, 0.0]}}, {"type": "Feature", "properties": {"Description": null, "Telecom_Feature_Type": "بوكس", "Easting": "031° 33' 41.13\" E", "Northing": "30° 16' 16.0\" N", "ID": "7.1", "GlobalID": "{AB9512FA-4B1E-4B75-B23D-3C2BB9ADF9F8}", "القطاع": "القطاع الاول", "المسافة_بين_الكبنة_والبوكس": "195m", "I_D": null, "created_user": null, "created_date": null, "last_edited_user": null, "last_edited_date": null}, "geometry": {"type": "Point", "coordinates": [31.563101971960304, 30.271277178648155, 0.0]}}, {"type": "Feature", "properties": {"Description": null, "Telecom_Feature_Type": "بوكس", "Easting": "031° 33' 42.08\" E", "Northing": "30° 16' 15.97\" N", "ID": "18", "GlobalID": "{F2B31C39-4EFF-42C5-B2C2-5D1B6532B004}", "القطاع": "القطاع الاول", "المسافة_بين_الكبنة_والبوكس": "180m", "I_D": null, "created_user": null, "created_date": null, "last_edited_user": null, "last_edited_date": null}, "geometry": {"type": "Point", "coordinates": [31.563365893692367, 30.271268087366437, 0.0]}}, {"type": "Feature", "properties": {"Description": null, "Telecom_Feature_Type": "بوكس", "Easting": "031° 33' 42.34\" E", "Northing": "30° 16' 22.76\" N", "ID": "13", "GlobalID": "{4D762EEE-058E-4CF1-B606-576E7EA1EA50}", "القطاع": "القطاع الاول", "المسافة_بين_الكبنة_والبوكس": "220m", "I_D": "6-4", "created_user": null, "created_date": null, "last_edited_user": null, "last_edited_date": null}, "geometry": {"type": "Point", "coordinates": [31.56343706661631, 30.27315646826357, 0.0]}}, {"type": "Feature", "properties": {"Description": null, "Telecom_Feature_Type": "بوكس", "Easting": "031° 33' 39.48\" E", "Northing": "30° 16' 24.36\" N", "ID": "9", "GlobalID": "{105984C2-7699-4E17-A79F-4C99BC1BC91C}", "القطاع": "القطاع الاول", "المسافة_بين_الكبنة_والبوكس": "100m", "I_D": "6-4", "created_user": null, "created_date": null, "last_edited_user": null, "last_edited_date": null}, "geometry": {"type": "Point", "coordinates": [31.56264378377682, 30.273600989684827, 0.0]}}, {"type": "Feature", "properties": {"Description": null, "Telecom_Feature_Type": "بوكس", "Easting": "031° 33' 38.6\" E", "Northing": "30° 16' 26.69\" N", "ID": "23", "GlobalID": "{0ED32F8D-3F18-4A58-8B6A-25ABCA7BCD5B}", "القطاع": "القطاع الاول", "المسافة_بين_الكبنة_والبوكس": "110m", "I_D": "6-4", "created_user": null, "created_date": null, "last_edited_user": null, "last_edited_date": null}, "geometry": {"type": "Point", "coordinates": [31.56240012737479, 30.274246128255665, 0.0]}}, {"type": "Feature", "properties": {"Description": null, "Telecom_Feature_Type": "بوكس", "Easting": "031° 33' 38.45\" E", "Northing": "30° 16' 25.35\" N", "ID": "24", "GlobalID": "{84C908CD-45E8-402F-AD57-B4FA8BA00EB3}", "القطاع": "القطاع الاول", "المسافة_بين_الكبنة_والبوكس": "100m", "I_D": "6-4", "created_user": null, "created_date": null, "last_edited_user": null, "last_edited_date": null}, "geometry": {"type": "Point", "coordinates": [31.562358404470846, 30.273874473073807, 0.0]}}, {"type": "Feature", "properties": {"Description": null, "Telecom_Feature_Type": "بوكس", "Easting": "031° 33' 27.14\" E", "Northing": "30° 16' 21.47\" N", "ID": "1", "GlobalID": "{554185BB-A63B-4222-A07C-E1A63782B7A8}", "القطاع": "القطاع الثالث", "المسافة_بين_الكبنة_والبوكس": "305m", "I_D": "5-3", "created_user": null, "created_date": null, "last_edited_user": null, "last_edited_date": null}, "geometry": {"type": "Point", "coordinates": [31.55921691735282, 30.272797029707657, 0.0]}}, {"type": "Feature", "properties": {"Description": null, "Telecom_Feature_Type": "بوكس", "Easting": "031° 33' 27.63\" E", "Northing": "30° 16' 22.32\" N", "ID": "3", "GlobalID": "{8AB2BB86-E11C-4C25-86E7-055353832885}", "القطاع": "القطاع الثالث", "المسافة_بين_الكبنة_والبوكس": "305m", "I_D": "5-3", "created_user": null, "created_date": null, "last_edited_user": null, "last_edited_date": null}, "geometry": {"type": "Point", "coordinates": [31.55935277662459, 30.27303277682842, 0.0]}}, {"type": "Feature", "properties": {"Description": null, "Telecom_Feature_Type": "بوكس", "Easting": "031° 33' 28.64\" E", "Northing": "30° 16' 22.69\" N", "ID": "4", "GlobalID": "{176CAA98-A5DE-49E8-A3D7-72CEB20467CC}", "القطاع": "القطاع الثالث", "المسافة_بين_الكبنة_والبوكس": "290m", "I_D": "5-3", "created_user": null, "created_date": null, "last_edited_user": null, "last_edited_date": null}, "geometry": {"type": "Point", "coordinates": [31.559632647030206, 30.27313549108739, 0.0]}}, {"type": "Feature", "properties": {"Description": null, "Telecom_Feature_Type": "بوكس", "Easting": "031° 33' 29.12\" E", "Northing": "30° 16' 21.74\" N", "ID": "5", "GlobalID": "{0F76C8A8-84F7-4148-AA9E-CDBE921025EA}", "القطاع": "القطاع الثالث", "المسافة_بين_الكبنة_والبوكس": "260m", "I_D": "5-3", "created_user": null, "created_date": null, "last_edited_user": null, "last_edited_date": null}, "geometry": {"type": "Point", "coordinates": [31.5597661711559, 30.272871134713682, 0.0]}}, {"type": "Feature", "properties": {"Description": null, "Telecom_Feature_Type": "بوكس", "Easting": "031° 33' 27.62\" E", "Northing": "30° 16' 20.98\" N", "ID": "2", "GlobalID": "{399C0E19-E519-47AB-8919-689383D59C5F}", "القطاع": "القطاع الثالث", "المسافة_بين_الكبنة_والبوكس": "290m", "I_D": "5-3", "created_user": null, "created_date": null, "last_edited_user": null, "last_edited_date": null}, "geometry": {"type": "Point", "coordinates": [31.559348820805017, 30.27266005107445, 0.0]}}, {"type": "Feature", "properties": {"Description": null, "Telecom_Feature_Type": "بوكس", "Easting": "031° 33' 30.07\" E", "Northing": "30° 16' 23.81\" N", "ID": "6", "GlobalID": "{8458A54B-E147-4DD3-971F-043479A3BC78}", "القطاع": "القطاع الثالث", "المسافة_بين_الكبنة_والبوكس": "225m", "I_D": "5-3", "created_user": null, "created_date": null, "last_edited_user": null, "last_edited_date": null}, "geometry": {"type": "Point", "coordinates": [31.56003031009351, 30.27344554892903, 0.0]}}, {"type": "Feature", "properties": {"Description": null, "Telecom_Feature_Type": "بوكس", "Easting": "031° 33' 30.59\" E", "Northing": "30° 16' 24.63\" N", "ID": "8", "GlobalID": "{B20990D5-5D08-4395-AC72-F37BCDFF7DE3}", "القطاع": "القطاع الثالث", "المسافة_بين_الكبنة_والبوكس": "290m", "I_D": "5-3", "created_user": null, "created_date": null, "last_edited_user": null, "last_edited_date": null}, "geometry": {"type": "Point", "coordinates": [31.56017357464949, 30.27367594327322, 0.0]}}, {"type": "Feature", "properties": {"Description": null, "Telecom_Feature_Type": "بوكس", "Easting": "031° 33' 30.62\" E", "Northing": "30° 16' 23.32\" N", "ID": "7", "GlobalID": "{F68F5FFC-EE73-4281-96C8-FEEA7D953BE0}", "القطاع": "القطاع الثالث", "المسافة_بين_الكبنة_والبوكس": "210m", "I_D": "5-3", "created_user": null, "created_date": null, "last_edited_user": null, "last_edited_date": null}, "geometry": {"type": "Point", "coordinates": [31.560183618544684, 30.273309809478647, 0.0]}}, {"type": "Feature", "properties": {"Description": null, "Telecom_Feature_Type": "بوكس", "Easting": "031° 33' 33.63\" E", "Northing": "30° 16' 25.67\" N", "ID": "11", "GlobalID": "{DA6C1C8D-8A19-4C22-8E34-C521DA709594}", "القطاع": "القطاع الثالث", "المسافة_بين_الكبنة_والبوكس": "80m", "I_D": "6-3", "created_user": null, "created_date": null, "last_edited_user": null, "last_edited_date": null}, "geometry": {"type": "Point", "coordinates": [31.561017514528793, 30.27396317624138, 0.0]}}, {"type": "Feature", "properties": {"Description": null, "Telecom_Feature_Type": "بوكس", "Easting": "031° 33' 35.14\" E", "Northing": "30° 16' 26.45\" N", "ID": "15", "GlobalID": "{6BEF0ADA-A9A4-4B18-A8CF-4A002D4FD43A}", "القطاع": "القطاع الثالث", "المسافة_بين_الكبنة_والبوكس": "40m", "I_D": null, "created_user": null, "created_date": null, "last_edited_user": null, "last_edited_date": null}, "geometry": {"type": "Point", "coordinates": [31.561438271572857, 30.274180707512617, 0.0]}}, {"type": "Feature", "properties": {"Description": null, "Telecom_Feature_Type": "بوكس", "Easting": "031° 33' 34.64\" E", "Northing": "30° 16' 27.42\" N", "ID": "14", "GlobalID": "{28E3823D-F7CA-4C26-9649-1CC4E13E78CE}", "القطاع": "القطاع الثالث", "المسافة_بين_الكبنة_والبوكس": "70m", "I_D": "6-3", "created_user": null, "created_date": null, "last_edited_user": null, "last_edited_date": null}, "geometry": {"type": "Point", "coordinates": [31.561299507557667, 30.274449711819923, 0.0]}}, {"type": "Feature", "properties": {"Description": null, "Telecom_Feature_Type": "بوكس", "Easting": "031° 33' 33.64\" E", "Northing": "30° 16' 27.04\" N", "ID": "13", "GlobalID": "{684EAFAA-1277-499B-98A7-358C09618479}", "القطاع": "القطاع الثالث", "المسافة_بين_الكبنة_والبوكس": "80m", "I_D": "6-3", "created_user": null, "created_date": null, "last_edited_user": null, "last_edited_date": null}, "geometry": {"type": "Point", "coordinates": [31.56102283966522, 30.274345306080207, 0.0]}}, {"type": "Feature", "properties": {"Description": null, "Telecom_Feature_Type": "بوكس", "Easting": "031° 33' 33.15\" E", "Northing": "30° 16' 26.19\" N", "ID": "12", "GlobalID": "{82E2C80D-0701-454F-B6E5-9555BFE35BA3}", "القطاع": "القطاع الثالث", "المسافة_بين_الكبنة_والبوكس": "110m", "I_D": "6-3", "created_user": null, "created_date": null, "last_edited_user": null, "last_edited_date": null}, "geometry": {"type": "Point", "coordinates": [31.56088593721608, 30.27410916474175, 0.0]}}, {"type": "Feature", "properties": {"Description": null, "Telecom_Feature_Type": "بوكس", "Easting": "031° 33' 36.31\" E", "Northing": "30° 16' 27.78\" N", "ID": "27", "GlobalID": "{23924F5D-C864-44BB-9EA8-4794D6A9C1DE}", "القطاع": "القطاع الثالث", "المسافة_بين_الكبنة_والبوكس": "50m", "I_D": "6-3", "created_user": null, "created_date": null, "last_edited_user": null, "last_edited_date": null}, "geometry": {"type": "Point", "coordinates": [31.56176396031931, 30.27454918313472, 0.0]}}, {"type": "Feature", "properties": {"Description": null, "Telecom_Feature_Type": "بوكس", "Easting": "031° 33' 36.29\" E", "Northing": "30° 16' 29.11\" N", "ID": "25", "GlobalID": "{79C89202-CA06-432B-ABF4-6D1BB5A4EE94}", "القطاع": "القطاع الثالث", "المسافة_بين_الكبنة_والبوكس": "80m", "I_D": "6-3", "created_user": null, "created_date": null, "last_edited_user": null, "last_edited_date": null}, "geometry": {"type": "Point", "coordinates": [31.561756835399258, 30.274919168784663, 0.0]}}, {"type": "Feature", "properties": {"Description": null, "Telecom_Feature_Type": "بوكس", "Easting": "031° 33' 37.3\" E", "Northing": "30° 16' 29.45\" N", "ID": "23", "GlobalID": "{8725AE02-3698-4BCB-B39D-AEC062FADEC4}", "القطاع": "القطاع الثالث", "المسافة_بين_الكبنة_والبوكس": "130m", "I_D": "6-3", "created_user": null, "created_date": null, "last_edited_user": null, "last_edited_date": null}, "geometry": {"type": "Point", "coordinates": [31.56203820075643, 30.275014379029376, 0.0]}}, {"type": "Feature", "properties": {"Description": null, "Telecom_Feature_Type": "بوكس", "Easting": "031° 33' 37.82\" E", "Northing": "30° 16' 28.55\" N", "ID": "24", "GlobalID": "{0D944D40-CE01-4749-8F2B-0546FC80DD0A}", "القطاع": "القطاع الثالث", "المسافة_بين_الكبنة_والبوكس": "90m", "I_D": null, "created_user": null, "created_date": null, "last_edited_user": null, "last_edited_date": null}, "geometry": {"type": "Point", "coordinates": [31.562182783914842, 30.274763723653113, 0.0]}}, {"type": "Feature", "properties": {"Description": null, "Telecom_Feature_Type": "بوكس", "Easting": "031° 33' 23.17\" E", "Northing": "30° 16' 25.28\" N", "ID": "4", "GlobalID": "{71E75B02-0CBF-4AAA-A7E5-0D077366888A}", "القطاع": "القطاع الثالث", "المسافة_بين_الكبنة_والبوكس": "205m", "I_D": "5-1", "created_user": null, "created_date": null, "last_edited_user": null, "last_edited_date": null}, "geometry": {"type": "Point", "coordinates": [31.558112710436415, 30.27385490057721, 0.0]}}, {"type": "Feature", "properties": {"Description": null, "Telecom_Feature_Type": "بوكس", "Easting": "031° 33' 23.56\" E", "Northing": "30° 16' 24.39\" N", "ID": "3", "GlobalID": "{349C44FB-A504-49A7-ACB0-F285FCB24A29}", "القطاع": "القطاع الثالث", "المسافة_بين_الكبنة_والبوكس": "245m", "I_D": "5-1", "created_user": null, "created_date": null, "last_edited_user": null, "last_edited_date": null}, "geometry": {"type": "Point", "coordinates": [31.55822257224356, 30.273608696363237, 0.0]}}, {"type": "Feature", "properties": {"Description": null, "Telecom_Feature_Type": "بوكس", "Easting": "031° 33' 24.44\" E", "Northing": "30° 16' 23.42\" N", "ID": "2", "GlobalID": "{B481F8B6-64B3-45C4-A97F-35EA3E6E3F06}", "القطاع": "القطاع الثالث", "المسافة_بين_الكبنة_والبوكس": "285m", "I_D": "5-1", "created_user": null, "created_date": null, "last_edited_user": null, "last_edited_date": null}, "geometry": {"type": "Point", "coordinates": [31.558465758877123, 30.273338458596577, 0.0]}}, {"type": "Feature", "properties": {"Description": null, "Telecom_Feature_Type": "بوكس", "Easting": "031° 33' 25.05\" E", "Northing": "30° 16' 23.11\" N", "ID": "1", "GlobalID": "{0E77F8F9-F680-48EC-8FA0-024757EEE660}", "القطاع": "القطاع الثالث", "المسافة_بين_الكبنة_والبوكس": "295m", "I_D": "5-1", "created_user": null, "created_date": null, "last_edited_user": null, "last_edited_date": null}, "geometry": {"type": "Point", "coordinates": [31.558636102823442, 30.27325310152043, 0.0]}}, {"type": "Feature", "properties": {"Description": null, "Telecom_Feature_Type": "بوكس", "Easting": "031° 33' 24.28\" E", "Northing": "30° 16' 25.75\" N", "ID": "8", "GlobalID": "{014BE7FF-A7F2-42DE-9946-5FA5371A95C6}", "القطاع": "القطاع الثالث", "المسافة_بين_الكبنة_والبوكس": "185m", "I_D": "5-1", "created_user": null, "created_date": null, "last_edited_user": null, "last_edited_date": null}, "geometry": {"type": "Point", "coordinates": [31.558420555368233, 30.273984945742665, 0.0]}}, {"type": "Feature", "properties": {"Description": null, "Telecom_Feature_Type": "بوكس", "Easting": "031° 33' 25.23\" E", "Northing": "30° 16' 25.3\" N", "ID": "7", "GlobalID": "{04FDD5E6-4731-459C-944E-D6AED9B62666}", "القطاع": "القطاع الثالث", "المسافة_بين_الكبنة_والبوكس": "210m", "I_D": "5-1", "created_user": null, "created_date": null, "last_edited_user": null, "last_edited_date": null}, "geometry": {"type": "Point", "coordinates": [31.55868660814678, 30.273861367345464, 0.0]}}, {"type": "Feature", "properties": {"Description": null, "Telecom_Feature_Type": "بوكس", "Easting": "031° 33' 26.29\" E", "Northing": "30° 16' 24.47\" N", "ID": "6", "GlobalID": "{E188E1E4-5D7D-4E0D-A183-4A144790E6D1}", "القطاع": "القطاع الثالث", "المسافة_بين_الكبنة_والبوكس": "250m", "I_D": "5-1", "created_user": null, "created_date": null, "last_edited_user": null, "last_edited_date": null}, "geometry": {"type": "Point", "coordinates": [31.558979878081892, 30.273628977915518, 0.0]}}, {"type": "Feature", "properties": {"Description": null, "Telecom_Feature_Type": "بوكس", "Easting": "031° 33' 26.09\" E", "Northing": "30° 16' 23.93\" N", "ID": "5", "GlobalID": "{A9D0A7DE-1186-4E4B-8034-E67B50F8C01A}", "القطاع": "القطاع الثالث", "المسافة_بين_الكبنة_والبوكس": "270m", "I_D": "5-1", "created_user": null, "created_date": null, "last_edited_user": null, "last_edited_date": null}, "geometry": {"type": "Point", "coordinates": [31.55892332893568, 30.273479627575846, 0.0]}}, {"type": "Feature", "properties": {"Description": null, "Telecom_Feature_Type": "بوكس", "Easting": "031° 33' 26.17\" E", "Northing": "30° 16' 27.65\" N", "ID": "12", "GlobalID": "{42230910-C15D-4454-A995-195759EF0EAC}", "القطاع": "القطاع الثالث", "المسافة_بين_الكبنة_والبوكس": "95m", "I_D": "5-1", "created_user": null, "created_date": null, "last_edited_user": null, "last_edited_date": null}, "geometry": {"type": "Point", "coordinates": [31.558946380670896, 30.274514025729058, 0.0]}}, {"type": "Feature", "properties": {"Description": null, "Telecom_Feature_Type": "بوكس", "Easting": "031° 33' 26.57\" E", "Northing": "30° 16' 26.77\" N", "ID": "11", "GlobalID": "{00A25C9A-3FF0-475B-B440-AF71DCA8F63B}", "القطاع": "القطاع الثالث", "المسافة_بين_الكبنة_والبوكس": "125m", "I_D": "5-1", "created_user": null, "created_date": null, "last_edited_user": null, "last_edited_date": null}, "geometry": {"type": "Point", "coordinates": [31.559058745656667, 30.274269278707596, 0.0]}}, {"type": "Feature", "properties": {"Description": null, "Telecom_Feature_Type": "بوكس", "Easting": "031° 33' 27.45\" E", "Northing": "30° 16' 25.79\" N", "ID": "10", "GlobalID": "{7B7C2E9F-20C5-4D75-A499-81085D9FA89B}", "القطاع": "القطاع الثالث", "المسافة_بين_الكبنة_والبوكس": "165m", "I_D": "5-1", "created_user": null, "created_date": null, "last_edited_user": null, "last_edited_date": null}, "geometry": {"type": "Point", "coordinates": [31.559301284273364, 30.27399778293079, 0.0]}}, {"type": "Feature", "properties": {"Description": null, "Telecom_Feature_Type": "بوكس", "Easting": "031° 33' 28.06\" E", "Northing": "30° 16' 25.48\" N", "ID": "9", "GlobalID": "{E2D9820B-F789-4B3E-8A19-82213BD8E432}", "القطاع": "القطاع الثالث", "المسافة_بين_الكبنة_والبوكس": "185m", "I_D": "5-1", "created_user": null, "created_date": null, "last_edited_user": null, "last_edited_date": null}, "geometry": {"type": "Point", "coordinates": [31.559470710396436, 30.27391141118272, 0.0]}}, {"type": "Feature", "properties": {"Description": null, "Telecom_Feature_Type": "بوكس", "Easting": "031° 33' 27.28\" E", "Northing": "30° 16' 28.11\" N", "ID": "16", "GlobalID": "{1112B1C1-35CA-45FF-BA56-D4BB977B5766}", "القطاع": "القطاع الثالث", "المسافة_بين_الكبنة_والبوكس": "75m", "I_D": "5-1", "created_user": null, "created_date": null, "last_edited_user": null, "last_edited_date": null}, "geometry": {"type": "Point", "coordinates": [31.559253800032202, 30.274642506566096, 0.0]}}, {"type": "Feature", "properties": {"Description": null, "Telecom_Feature_Type": "بوكس", "Easting": "031° 33' 28.25\" E", "Northing": "30° 16' 27.68\" N", "ID": "15", "GlobalID": "{538E5AA4-93CE-4DEE-990F-657AA902F940}", "القطاع": "القطاع الثالث", "المسافة_بين_الكبنة_والبوكس": "110m", "I_D": "5-1", "created_user": null, "created_date": null, "last_edited_user": null, "last_edited_date": null}, "geometry": {"type": "Point", "coordinates": [31.55952532641847, 30.274522987582525, 0.0]}}, {"type": "Feature", "properties": {"Description": null, "Telecom_Feature_Type": "بوكس", "Easting": "031° 33' 29.29\" E", "Northing": "30° 16' 26.83\" N", "ID": "14", "GlobalID": "{11B05E2E-84DB-49FA-A93D-98E9A4AA692D}", "القطاع": "القطاع الثالث", "المسافة_بين_الكبنة_والبوكس": "160m", "I_D": "5-1", "created_user": null, "created_date": null, "last_edited_user": null, "last_edited_date": null}, "geometry": {"type": "Point", "coordinates": [31.55981373172282, 30.274287153215223, 0.0]}}, {"type": "Feature", "properties": {"Description": null, "Telecom_Feature_Type": "بوكس", "Easting": "031° 33' 29.1\" E", "Northing": "30° 16' 26.29\" N", "ID": "13", "GlobalID": "{1F7192C7-A854-45E6-85B0-6C7EC50CE322}", "القطاع": "القطاع الثالث", "المسافة_بين_الكبنة_والبوكس": "180m", "I_D": "5-1", "created_user": null, "created_date": null, "last_edited_user": null, "last_edited_date": null}, "geometry": {"type": "Point", "coordinates": [31.55976124158976, 30.27413619834184, 0.0]}}, {"type": "Feature", "properties": {"Description": null, "Telecom_Feature_Type": "بوكس", "Easting": "031° 33' 29.15\" E", "Northing": "30° 16' 30.0\" N", "ID": "32", "GlobalID": "{07F836A2-431C-4863-8BBE-A899E8CBCB5F}", "القطاع": "القطاع الثالث", "المسافة_بين_الكبنة_والبوكس": "70m", "I_D": "5-1", "created_user": null, "created_date": null, "last_edited_user": null, "last_edited_date": null}, "geometry": {"type": "Point", "coordinates": [31.559773708967636, 30.275167096319084, 0.0]}}, {"type": "Feature", "properties": {"Description": null, "Telecom_Feature_Type": "بوكس", "Easting": "031° 33' 29.58\" E", "Northing": "30° 16' 29.15\" N", "ID": "31", "GlobalID": "{79270693-98B1-4496-BC00-28E3A538A028}", "القطاع": "القطاع الثالث", "المسافة_بين_الكبنة_والبوكس": "90m", "I_D": "5-1", "created_user": null, "created_date": null, "last_edited_user": null, "last_edited_date": null}, "geometry": {"type": "Point", "coordinates": [31.55989309706356, 30.274929870547826, 0.0]}}, {"type": "Feature", "properties": {"Description": null, "Telecom_Feature_Type": "بوكس", "Easting": "031° 33' 30.46\" E", "Northing": "30° 16' 28.17\" N", "ID": "30", "GlobalID": "{18F178A1-488E-4B87-86D2-3BAAE1EE25BA}", "القطاع": "القطاع الثالث", "المسافة_بين_الكبنة_والبوكس": "130m", "I_D": "5-1", "created_user": null, "created_date": null, "last_edited_user": null, "last_edited_date": null}, "geometry": {"type": "Point", "coordinates": [31.560137813927636, 30.274657757780833, 0.0]}}, {"type": "Feature", "properties": {"Description": null, "Telecom_Feature_Type": "بوكس", "Easting": "031° 33' 31.05\" E", "Northing": "30° 16' 27.85\" N", "ID": "29", "GlobalID": "{824071AE-7A97-483C-80BC-D091D86BB129}", "القطاع": "القطاع الثالث", "المسافة_بين_الكبنة_والبوكس": "150m", "I_D": "5-1", "created_user": null, "created_date": null, "last_edited_user": null, "last_edited_date": null}, "geometry": {"type": "Point", "coordinates": [31.560302969562215, 30.274569646020286, 0.0]}}, {"type": "Feature", "properties": {"Description": null, "Telecom_Feature_Type": "بوكس", "Easting": "031° 33' 30.28\" E", "Northing": "30° 16' 30.47\" N", "ID": "20", "GlobalID": "{78213EEF-6DC2-47B6-95B1-328C53BC8C8D}", "القطاع": "القطاع الثالث", "المسافة_بين_الكبنة_والبوكس": "105m", "I_D": "5-1", "created_user": null, "created_date": null, "last_edited_user": null, "last_edited_date": null}, "geometry": {"type": "Point", "coordinates": [31.560087856354492, 30.27529791881466, 0.0]}}, {"type": "Feature", "properties": {"Description": null, "Telecom_Feature_Type": "بوكس", "Easting": "031° 33' 31.26\" E", "Northing": "30° 16' 30.05\" N", "ID": "27", "GlobalID": "{47B86B7D-96E5-4DB1-8A5E-7CDC7BBD071E}", "القطاع": "القطاع الثالث", "المسافة_بين_الكبنة_والبوكس": "145m", "I_D": "5-1", "created_user": null, "created_date": null, "last_edited_user": null, "last_edited_date": null}, "geometry": {"type": "Point", "coordinates": [31.560360403991716, 30.275179118985836, 0.0]}}, {"type": "Feature", "properties": {"Description": null, "Telecom_Feature_Type": "بوكس", "Easting": "031° 33' 32.3\" E", "Northing": "30° 16' 29.2\" N", "ID": "26", "GlobalID": "{92683220-CC54-4F90-A8C3-64D89D533E40}", "القطاع": "القطاع الثالث", "المسافة_بين_الكبنة_والبوكس": "185m", "I_D": "5-1", "created_user": null, "created_date": null, "last_edited_user": null, "last_edited_date": null}, "geometry": {"type": "Point", "coordinates": [31.560649428499918, 30.274945102283954, 0.0]}}, {"type": "Feature", "properties": {"Description": null, "Telecom_Feature_Type": "بوكس", "Easting": "031° 33' 32.1\" E", "Northing": "30° 16' 28.66\" N", "ID": "25", "GlobalID": "{9211CB04-8BA2-4AB6-BC45-AC4CEDBE083C}", "القطاع": "القطاع الثالث", "المسافة_بين_الكبنة_والبوكس": "195m", "I_D": "5-1", "created_user": null, "created_date": null, "last_edited_user": null, "last_edited_date": null}, "geometry": {"type": "Point", "coordinates": [31.560592338798426, 30.274793747084, 0.0]}}, {"type": "Feature", "properties": {"Description": null, "Telecom_Feature_Type": "بوكس", "Easting": "031° 33' 32.16\" E", "Northing": "30° 16' 32.38\" N", "ID": "24", "GlobalID": "{28EA4A44-F327-423A-9252-92DD5827F47A}", "القطاع": "القطاع الثالث", "المسافة_بين_الكبنة_والبوكس": "180m", "I_D": "5-1", "created_user": null, "created_date": null, "last_edited_user": null, "last_edited_date": null}, "geometry": {"type": "Point", "coordinates": [31.56061123601193, 30.275827256698477, 0.0]}}, {"type": "Feature", "properties": {"Description": null, "Telecom_Feature_Type": "بوكس", "Easting": "031° 33' 32.59\" E", "Northing": "30° 16' 31.51\" N", "ID": "23", "GlobalID": "{8A66ADFB-5408-456F-8760-96BA9A963D78}", "القطاع": "القطاع الثالث", "المسافة_بين_الكبنة_والبوكس": "200m", "I_D": "5-1", "created_user": null, "created_date": null, "last_edited_user": null, "last_edited_date": null}, "geometry": {"type": "Point", "coordinates": [31.560729119783648, 30.275585221521244, 0.0]}}, {"type": "Feature", "properties": {"Description": null, "Telecom_Feature_Type": "بوكس", "Easting": "031° 33' 33.46\" E", "Northing": "30° 16' 30.53\" N", "ID": "22", "GlobalID": "{BD002B12-B93B-42A0-8136-65430CF608CE}", "القطاع": "القطاع الثالث", "المسافة_بين_الكبنة_والبوكس": "240m", "I_D": "5-1", "created_user": null, "created_date": null, "last_edited_user": null, "last_edited_date": null}, "geometry": {"type": "Point", "coordinates": [31.560971424755984, 30.27531273507514, 0.0]}}, {"type": "Feature", "properties": {"Description": null, "Telecom_Feature_Type": "بوكس", "Easting": "031° 33' 34.07\" E", "Northing": "30° 16' 30.21\" N", "ID": "21", "GlobalID": "{40C11953-6695-439F-A8D1-9C4EE2D9D04D}", "القطاع": "القطاع الثالث", "المسافة_بين_الكبنة_والبوكس": "260m", "I_D": "5-1", "created_user": null, "created_date": null, "last_edited_user": null, "last_edited_date": null}, "geometry": {"type": "Point", "coordinates": [31.5611404205971, 30.27522512902194, 0.0]}}, {"type": "Feature", "properties": {"Description": null, "Telecom_Feature_Type": "بوكس", "Easting": "031° 33' 33.29\" E", "Northing": "30° 16' 32.86\" N", "ID": "20", "GlobalID": "{188FFE0B-BC71-4798-8446-051B1E457342}", "القطاع": "القطاع الثالث", "المسافة_بين_الكبنة_والبوكس": "205m", "I_D": "5-1", "created_user": null, "created_date": null, "last_edited_user": null, "last_edited_date": null}, "geometry": {"type": "Point", "coordinates": [31.56092440510831, 30.275959836705702, 0.0]}}, {"type": "Feature", "properties": {"Description": null, "Telecom_Feature_Type": "بوكس", "Easting": "031° 33' 34.26\" E", "Northing": "30° 16' 32.42\" N", "ID": "19", "GlobalID": "{67AC2445-CE22-4CFA-9F0C-AE1D45D13C95}", "القطاع": "القطاع الثالث", "المسافة_بين_الكبنة_والبوكس": "245m", "I_D": "5-1", "created_user": null, "created_date": null, "last_edited_user": null, "last_edited_date": null}, "geometry": {"type": "Point", "coordinates": [31.56119463751557, 30.27583838762832, 0.0]}}, {"type": "Feature", "properties": {"Description": null, "Telecom_Feature_Type": "بوكس", "Easting": "031° 33' 35.31\" E", "Northing": "30° 16' 31.58\" N", "ID": "18", "GlobalID": "{84829C52-CD6A-4B65-9662-17C759A9EF96}", "القطاع": "القطاع الثالث", "المسافة_بين_الكبنة_والبوكس": "285m", "I_D": "5-1", "created_user": null, "created_date": null, "last_edited_user": null, "last_edited_date": null}, "geometry": {"type": "Point", "coordinates": [31.56148656726125, 30.275605381390687, 0.0]}}, {"type": "Feature", "properties": {"Description": null, "Telecom_Feature_Type": "بوكس", "Easting": "031° 33' 35.1\" E", "Northing": "30° 16' 31.04\" N", "ID": "17", "GlobalID": "{C226ADDD-11EC-4B0A-A2A4-CB49D68A2777}", "القطاع": "القطاع الثالث", "المسافة_بين_الكبنة_والبوكس": "295m", "I_D": "5-1", "created_user": null, "created_date": null, "last_edited_user": null, "last_edited_date": null}, "geometry": {"type": "Point", "coordinates": [31.561427110816208, 30.275454816082885, 0.0]}}, {"type": "Feature", "properties": {"Description": null, "Telecom_Feature_Type": "بوكس", "Easting": "031° 33' 23.63\" E", "Northing": "30° 16' 31.63\" N", "ID": "1", "GlobalID": "{993AAEB0-ACD5-402F-A2E3-CA065EBF169E}", "القطاع": "القطاع الثالث", "المسافة_بين_الكبنة_والبوكس": "285m", "I_D": "5-2", "created_user": null, "created_date": null, "last_edited_user": null, "last_edited_date": null}, "geometry": {"type": "Point", "coordinates": [31.55824004017669, 30.275619034205235, 0.0]}}, {"type": "Feature", "properties": {"Description": null, "Telecom_Feature_Type": "بوكس", "Easting": "031° 33' 24.67\" E", "Northing": "30° 16' 32.44\" N", "ID": "5", "GlobalID": "{A9ED3B8F-7B19-44F8-AD38-32E9F513364C}", "القطاع": "القطاع الثالث", "المسافة_بين_الكبنة_والبوكس": "250m", "I_D": "5-2", "created_user": null, "created_date": null, "last_edited_user": null, "last_edited_date": null}, "geometry": {"type": "Point", "coordinates": [31.55852991580602, 30.275844001807343, 0.0]}}, {"type": "Feature", "properties": {"Description": null, "Telecom_Feature_Type": "بوكس", "Easting": "031° 33' 25.26\" E", "Northing": "30° 16' 32.13\" N", "ID": "6", "GlobalID": "{99150BE8-4EF3-4FDF-91CB-C9A95825B860}", "القطاع": "القطاع الثالث", "المسافة_بين_الكبنة_والبوكس": "230m", "I_D": "5-2", "created_user": null, "created_date": null, "last_edited_user": null, "last_edited_date": null}, "geometry": {"type": "Point", "coordinates": [31.558693388085977, 30.275758641447, 0.0]}}, {"type": "Feature", "properties": {"Description": null, "Telecom_Feature_Type": "بوكس", "Easting": "031° 33' 26.14\" E", "Northing": "30° 16' 31.16\" N", "ID": "7", "GlobalID": "{01165A0A-641F-4A0F-8636-787C31888651}", "القطاع": "القطاع الثالث", "المسافة_بين_الكبنة_والبوكس": "190m", "I_D": "5-2", "created_user": null, "created_date": null, "last_edited_user": null, "last_edited_date": null}, "geometry": {"type": "Point", "coordinates": [31.558938794451546, 30.27548878669077, 0.0]}}, {"type": "Feature", "properties": {"Description": null, "Telecom_Feature_Type": "بوكس", "Easting": "031° 33' 26.56\" E", "Northing": "30° 16' 30.29\" N", "ID": "8", "GlobalID": "{9A14EEE8-1A23-4B98-8039-3D6017754DBB}", "القطاع": "القطاع الثالث", "المسافة_بين_الكبنة_والبوكس": "170m", "I_D": "5-2", "created_user": null, "created_date": null, "last_edited_user": null, "last_edited_date": null}, "geometry": {"type": "Point", "coordinates": [31.55905379699437, 30.275246029191536, 0.0]}}, {"type": "Feature", "properties": {"Description": null, "Telecom_Feature_Type": "بوكس", "Easting": "031° 33' 23.45\" E", "Northing": "30° 16' 31.1\" N", "ID": "2", "GlobalID": "{0E55F820-637C-4D74-A9E5-242C68B32581}", "القطاع": "القطاع الثالث", "المسافة_بين_الكبنة_والبوكس": "275m", "I_D": "5-2", "created_user": null, "created_date": null, "last_edited_user": null, "last_edited_date": null}, "geometry": {"type": "Point", "coordinates": [31.558189879820187, 30.27547288571424, 0.0]}}, {"type": "Feature", "properties": {"Description": null, "Telecom_Feature_Type": "بوكس", "Easting": "031° 33' 24.46\" E", "Northing": "30° 16' 30.24\" N", "ID": "3", "GlobalID": "{51E7251D-F04B-4220-85A4-885BC50784A4}", "القطاع": "القطاع الثالث", "المسافة_بين_الكبنة_والبوكس": "245m", "I_D": "5-2", "created_user": null, "created_date": null, "last_edited_user": null, "last_edited_date": null}, "geometry": {"type": "Point", "coordinates": [31.558472850128876, 30.275232760237515, 0.0]}}, {"type": "Feature", "properties": {"Description": null, "Telecom_Feature_Type": "بوكس", "Easting": "031° 33' 25.43\" E", "Northing": "30° 16' 29.8\" N", "ID": "4", "GlobalID": "{96834CEF-EC7F-48BF-8DD5-C0614D93ED9A}", "القطاع": "القطاع الثالث", "المسافة_بين_الكبنة_والبوكس": "205m", "I_D": "5-2", "created_user": null, "created_date": null, "last_edited_user": null, "last_edited_date": null}, "geometry": {"type": "Point", "coordinates": [31.558741692493875, 30.275111206659446, 0.0]}}, {"type": "Feature", "properties": {"Description": null, "Telecom_Feature_Type": "بوكس", "Easting": "031° 33' 26.53\" E", "Northing": "30° 16' 33.94\" N", "ID": "9", "GlobalID": "{97420F72-2F0B-498B-B21D-F1B7687D8540}", "القطاع": "القطاع الثالث", "المسافة_بين_الكبنة_والبوكس": "175m", "I_D": "5-2", "created_user": null, "created_date": null, "last_edited_user": null, "last_edited_date": null}, "geometry": {"type": "Point", "coordinates": [31.559047790222227, 30.276259845404432, 0.0]}}, {"type": "Feature", "properties": {"Description": null, "Telecom_Feature_Type": "بوكس", "Easting": "031° 33' 27.58\" E", "Northing": "30° 16' 34.74\" N", "ID": "13", "GlobalID": "{D8DA8A9C-1EB1-40E9-A778-66C28463E410}", "القطاع": "القطاع الثالث", "المسافة_بين_الكبنة_والبوكس": "160m", "I_D": "5-2", "created_user": null, "created_date": null, "last_edited_user": null, "last_edited_date": null}, "geometry": {"type": "Point", "coordinates": [31.559339004572504, 30.276482339268266, 0.0]}}, {"type": "Feature", "properties": {"Description": null, "Telecom_Feature_Type": "بوكس", "Easting": "031° 33' 28.17\" E", "Northing": "30° 16' 34.43\" N", "ID": "14", "GlobalID": "{C54DEC24-C3D4-43F8-959C-7EF0BCEA67D9}", "القطاع": "القطاع الثالث", "المسافة_بين_الكبنة_والبوكس": "140m", "I_D": "5-2", "created_user": null, "created_date": null, "last_edited_user": null, "last_edited_date": null}, "geometry": {"type": "Point", "coordinates": [31.559502562743788, 30.276395936578254, 0.0]}}, {"type": "Feature", "properties": {"Description": null, "Telecom_Feature_Type": "بوكس", "Easting": "031° 33' 29.06\" E", "Northing": "30° 16' 33.46\" N", "ID": "15", "GlobalID": "{D916FFBF-8ACA-4898-9B29-148D4E551DD5}", "القطاع": "القطاع الثالث", "المسافة_بين_الكبنة_والبوكس": "100m", "I_D": "5-2", "created_user": null, "created_date": null, "last_edited_user": null, "last_edited_date": null}, "geometry": {"type": "Point", "coordinates": [31.559749444829322, 30.276127289992186, 0.0]}}, {"type": "Feature", "properties": {"Description": null, "Telecom_Feature_Type": "بوكس", "Easting": "031° 33' 29.48\" E", "Northing": "30° 16' 32.59\" N", "ID": "16", "GlobalID": "{C364C49D-7EC7-4136-BE51-7F1F9DA59BF7}", "القطاع": "القطاع الثالث", "المسافة_بين_الكبنة_والبوكس": "70m", "I_D": "5-2", "created_user": null, "created_date": null, "last_edited_user": null, "last_edited_date": null}, "geometry": {"type": "Point", "coordinates": [31.559865003149625, 30.275885267313562, 0.0]}}, {"type": "Feature", "properties": {"Description": null, "Telecom_Feature_Type": "بوكس", "Easting": "031° 33' 26.36\" E", "Northing": "30° 16' 33.41\" N", "ID": "10", "GlobalID": "{288F1CF6-2683-4B09-83E1-C44B5A37CD90}", "القطاع": "القطاع الثالث", "المسافة_بين_الكبنة_والبوكس": "165m", "I_D": "5-2", "created_user": null, "created_date": null, "last_edited_user": null, "last_edited_date": null}, "geometry": {"type": "Point", "coordinates": [31.55900010169462, 30.27611330605066, 0.0]}}, {"type": "Feature", "properties": {"Description": null, "Telecom_Feature_Type": "بوكس", "Easting": "031° 33' 27.38\" E", "Northing": "30° 16' 32.54\" N", "ID": "11", "GlobalID": "{AD1C2827-208F-4521-A8DF-28CFD20362E8}", "القطاع": "القطاع الثالث", "المسافة_بين_الكبنة_والبوكس": "135m", "I_D": "5-2", "created_user": null, "created_date": null, "last_edited_user": null, "last_edited_date": null}, "geometry": {"type": "Point", "coordinates": [31.559281939952783, 30.27587187932011, 0.0]}}, {"type": "Feature", "properties": {"Description": null, "Telecom_Feature_Type": "بوكس", "Easting": "031° 33' 28.36\" E", "Northing": "30° 16' 32.11\" N", "ID": "12", "GlobalID": "{E16F296C-BEB4-4BBA-9ECC-9766D00FFB34}", "القطاع": "القطاع الثالث", "المسافة_بين_الكبنة_والبوكس": "95m", "I_D": "5-2", "created_user": null, "created_date": null, "last_edited_user": null, "last_edited_date": null}, "geometry": {"type": "Point", "coordinates": [31.55955581874058, 30.275753147641723, 0.0]}}, {"type": "Feature", "properties": {"Description": null, "Telecom_Feature_Type": "بوكس", "Easting": "031° 33' 29.47\" E", "Northing": "30° 16' 36.23\" N", "ID": "25", "GlobalID": "{3F88369D-2067-44A7-BFDF-857534A7E473}", "القطاع": "القطاع الثالث", "المسافة_بين_الكبنة_والبوكس": "165m", "I_D": "5-2", "created_user": null, "created_date": null, "last_edited_user": null, "last_edited_date": null}, "geometry": {"type": "Point", "coordinates": [31.559863836217932, 30.276897390345102, 0.0]}}, {"type": "Feature", "properties": {"Description": null, "Telecom_Feature_Type": "بوكس", "Easting": "031° 33' 30.51\" E", "Northing": "30° 16' 37.05\" N", "ID": "21", "GlobalID": "{069386A9-6F27-4BB1-87EA-FF8A8C38F818}", "القطاع": "القطاع الثالث", "المسافة_بين_الكبنة_والبوكس": "180m", "I_D": "5-2", "created_user": null, "created_date": null, "last_edited_user": null, "last_edited_date": null}, "geometry": {"type": "Point", "coordinates": [31.560151452185128, 30.277123931650117, 0.0]}}, {"type": "Feature", "properties": {"Description": null, "Telecom_Feature_Type": "بوكس", "Easting": "031° 33' 31.11\" E", "Northing": "30° 16' 36.74\" N", "ID": "22", "GlobalID": "{7D5E5D3B-3ABA-4536-976D-3847C53ABA52}", "القطاع": "القطاع الثالث", "المسافة_بين_الكبنة_والبوكس": "160m", "I_D": "5-2", "created_user": null, "created_date": null, "last_edited_user": null, "last_edited_date": null}, "geometry": {"type": "Point", "coordinates": [31.560318005404163, 30.277037802002976, 0.0]}}, {"type": "Feature", "properties": {"Description": null, "Telecom_Feature_Type": "بوكس", "Easting": "031° 33' 31.98\" E", "Northing": "30° 16' 35.76\" N", "ID": "23", "GlobalID": "{CB0A139E-FC64-4F26-BA9F-6FF6DD199502}", "القطاع": "القطاع الثالث", "المسافة_بين_الكبنة_والبوكس": "120m", "I_D": "5-2", "created_user": null, "created_date": null, "last_edited_user": null, "last_edited_date": null}, "geometry": {"type": "Point", "coordinates": [31.560560911655248, 30.27676716115327, 0.0]}}, {"type": "Feature", "properties": {"Description": null, "Telecom_Feature_Type": "بوكس", "Easting": "031° 33' 32.4\" E", "Northing": "30° 16' 34.89\" N", "ID": "24", "GlobalID": "{0B3F5925-5378-4478-9667-D9CEE8CC7EE1}", "القطاع": "القطاع الثالث", "المسافة_بين_الكبنة_والبوكس": "95m", "I_D": "5-2", "created_user": null, "created_date": null, "last_edited_user": null, "last_edited_date": null}, "geometry": {"type": "Point", "coordinates": [31.560676560447966, 30.27652592218307, 0.0]}}, {"type": "Feature", "properties": {"Description": null, "Telecom_Feature_Type": "بوكس", "Easting": "031° 33' 29.28\" E", "Northing": "30° 16' 35.71\" N", "ID": "26", "GlobalID": "{D9252018-7C26-4E62-BA57-481185172238}", "القطاع": "القطاع الثالث", "المسافة_بين_الكبنة_والبوكس": "155m", "I_D": "5-2", "created_user": null, "created_date": null, "last_edited_user": null, "last_edited_date": null}, "geometry": {"type": "Point", "coordinates": [31.559810344478766, 30.276752622445244, 0.0]}}, {"type": "Feature", "properties": {"Description": null, "Telecom_Feature_Type": "بوكس", "Easting": "031° 33' 30.29\" E", "Northing": "30° 16' 34.85\" N", "ID": "27", "GlobalID": "{B0188BCD-468A-4A9B-B7EF-AFF80D241DEA}", "القطاع": "القطاع الثالث", "المسافة_بين_الكبنة_والبوكس": "115m", "I_D": "5-2", "created_user": null, "created_date": null, "last_edited_user": null, "last_edited_date": null}, "geometry": {"type": "Point", "coordinates": [31.560092269521736, 30.276513706717502, 0.0]}}, {"type": "Feature", "properties": {"Description": null, "Telecom_Feature_Type": "بوكس", "Easting": "031° 33' 31.28\" E", "Northing": "30° 16' 34.42\" N", "ID": "28", "GlobalID": "{C8FA7941-377E-4C62-9694-17D4DA5F7DA3}", "القطاع": "القطاع الثالث", "المسافة_بين_الكبنة_والبوكس": "75m", "I_D": "5-2", "created_user": null, "created_date": null, "last_edited_user": null, "last_edited_date": null}, "geometry": {"type": "Point", "coordinates": [31.560367019648254, 30.276395278124223, 0.0]}}, {"type": "Feature", "properties": {"Description": null, "Telecom_Feature_Type": "بوكس", "Easting": "031° 33' 32.77\" E", "Northing": "30° 16' 38.68\" N", "ID": "17", "GlobalID": "{018AEAE8-F4E9-45B0-9A8C-18690512C71B}", "القطاع": "القطاع الثالث", "المسافة_بين_الكبنة_والبوكس": "265m", "I_D": "5-2", "created_user": null, "created_date": null, "last_edited_user": null, "last_edited_date": null}, "geometry": {"type": "Point", "coordinates": [31.560781171842482, 30.277577657896213, 0.0]}}, {"type": "Feature", "properties": {"Description": null, "Telecom_Feature_Type": "بوكس", "Easting": "031° 33' 32.46\" E", "Northing": "30° 16' 38.2\" N", "ID": "18", "GlobalID": "{A8C57B12-C25B-45DC-AF48-3E11DC187C2C}", "القطاع": "القطاع الثالث", "المسافة_بين_الكبنة_والبوكس": "255m", "I_D": "5-2", "created_user": null, "created_date": null, "last_edited_user": null, "last_edited_date": null}, "geometry": {"type": "Point", "coordinates": [31.560692395671722, 30.277444136404874, 0.0]}}, {"type": "Feature", "properties": {"Description": null, "Telecom_Feature_Type": "بوكس", "Easting": "031° 33' 33.27\" E", "Northing": "30° 16' 37.19\" N", "ID": "19", "GlobalID": "{FEF8BBDC-7513-4641-83ED-89B7C6AA542C}", "القطاع": "القطاع الثالث", "المسافة_بين_الكبنة_والبوكس": "215m", "I_D": "5-2", "created_user": null, "created_date": null, "last_edited_user": null, "last_edited_date": null}, "geometry": {"type": "Point", "coordinates": [31.56091987757018, 30.277162310571367, 0.0]}}, {"type": "Feature", "properties": {"Description": null, "Telecom_Feature_Type": "بوكس", "Easting": "031° 33' 34.13\" E", "Northing": "30° 16' 36.59\" N", "ID": "20", "GlobalID": "{7109934C-EB77-49AB-B082-A7781272DFA6}", "القطاع": "القطاع الثالث", "المسافة_بين_الكبنة_والبوكس": "175m", "I_D": "5-2", "created_user": null, "created_date": null, "last_edited_user": null, "last_edited_date": null}, "geometry": {"type": "Point", "coordinates": [31.561157062467505, 30.276996003589083, 0.0]}}, {"type": "Feature", "properties": {"Description": null, "Telecom_Feature_Type": "بوكس", "Easting": "031° 33' 20.11\" E", "Northing": "30° 16' 34.92\" N", "ID": "20", "GlobalID": "{A19A4BB2-8FED-47E7-9484-5D4299C76FBD}", "القطاع": "القطاع الثالث", "المسافة_بين_الكبنة_والبوكس": "195m", "I_D": "8-2", "created_user": null, "created_date": null, "last_edited_user": null, "last_edited_date": null}, "geometry": {"type": "Point", "coordinates": [31.557262512829865, 30.276531814994026, 0.0]}}, {"type": "Feature", "properties": {"Description": null, "Telecom_Feature_Type": "بوكس", "Easting": "031° 33' 20.54\" E", "Northing": "30° 16' 34.03\" N", "ID": "19", "GlobalID": "{AE0920D8-478F-433B-8196-49687919ECF2}", "القطاع": "القطاع الثالث", "المسافة_بين_الكبنة_والبوكس": "230m", "I_D": "8-2", "created_user": null, "created_date": null, "last_edited_user": null, "last_edited_date": null}, "geometry": {"type": "Point", "coordinates": [31.557381288214884, 30.276285209239873, 0.0]}}, {"type": "Feature", "properties": {"Description": null, "Telecom_Feature_Type": "بوكس", "Easting": "031° 33' 21.4\" E", "Northing": "30° 16' 33.04\" N", "ID": "18", "GlobalID": "{EA698CF6-57A6-49D4-BA7B-C7F4BB4ECF3C}", "القطاع": "القطاع الثالث", "المسافة_بين_الكبنة_والبوكس": "265m", "I_D": "8-2", "created_user": null, "created_date": null, "last_edited_user": null, "last_edited_date": null}, "geometry": {"type": "Point", "coordinates": [31.557622299420263, 30.276011718728085, 0.0]}}, {"type": "Feature", "properties": {"Description": null, "Telecom_Feature_Type": "بوكس", "Easting": "031° 33' 22.0\" E", "Northing": "30° 16' 32.63\" N", "ID": "17", "GlobalID": "{6204A514-B9AA-41A4-999A-A9959FD1C5C1}", "القطاع": "القطاع الثالث", "المسافة_بين_الكبنة_والبوكس": "290m", "I_D": "8-2", "created_user": null, "created_date": null, "last_edited_user": null, "last_edited_date": null}, "geometry": {"type": "Point", "coordinates": [31.557787563001057, 30.275896274129767, 0.0]}}, {"type": "Feature", "properties": {"Description": null, "Telecom_Feature_Type": "بوكس", "Easting": "031° 33' 21.37\" E", "Northing": "30° 16' 35.23\" N", "ID": "24", "GlobalID": "{536F9891-E229-4606-8D0B-43023AE29B92}", "القطاع": "القطاع الثالث", "المسافة_بين_الكبنة_والبوكس": "175m", "I_D": "8-2", "created_user": null, "created_date": null, "last_edited_user": null, "last_edited_date": null}, "geometry": {"type": "Point", "coordinates": [31.55761420095548, 30.276620001209093, 0.0]}}, {"type": "Feature", "properties": {"Description": null, "Telecom_Feature_Type": "بوكس", "Easting": "031° 33' 22.33\" E", "Northing": "30° 16' 34.82\" N", "ID": "23", "GlobalID": "{5E1FEAF0-497A-41AB-B177-374F39C29F1F}", "القطاع": "القطاع الثالث", "المسافة_بين_الكبنة_والبوكس": "205m", "I_D": "8-2", "created_user": null, "created_date": null, "last_edited_user": null, "last_edited_date": null}, "geometry": {"type": "Point", "coordinates": [31.557879443073187, 30.276504926936454, 0.0]}}, {"type": "Feature", "properties": {"Description": null, "Telecom_Feature_Type": "بوكس", "Easting": "031° 33' 23.35\" E", "Northing": "30° 16' 33.95\" N", "ID": "22", "GlobalID": "{CDA8E751-F445-4DBB-BB3D-DE0700014A92}", "القطاع": "القطاع الثالث", "المسافة_بين_الكبنة_والبوكس": "240m", "I_D": "8-2", "created_user": null, "created_date": null, "last_edited_user": null, "last_edited_date": null}, "geometry": {"type": "Point", "coordinates": [31.55816287611309, 30.276263641943967, 0.0]}}, {"type": "Feature", "properties": {"Description": null, "Telecom_Feature_Type": "بوكس", "Easting": "031° 33' 23.09\" E", "Northing": "30° 16' 37.13\" N", "ID": "28", "GlobalID": "{8F8F8C5E-A233-4D16-AFBE-EC810E351725}", "القطاع": "القطاع الثالث", "المسافة_بين_الكبنة_والبوكس": "90m", "I_D": "8-2", "created_user": null, "created_date": null, "last_edited_user": null, "last_edited_date": null}, "geometry": {"type": "Point", "coordinates": [31.558092136089883, 30.277147045485044, 0.0]}}, {"type": "Feature", "properties": {"Description": null, "Telecom_Feature_Type": "بوكس", "Easting": "031° 33' 23.52\" E", "Northing": "30° 16' 36.26\" N", "ID": "27", "GlobalID": "{51527CC2-9568-4E4F-ACEA-0A9CE9EEFAB1}", "القطاع": "القطاع الثالث", "المسافة_بين_الكبنة_والبوكس": "125m", "I_D": "8-2", "created_user": null, "created_date": null, "last_edited_user": null, "last_edited_date": null}, "geometry": {"type": "Point", "coordinates": [31.558209801428433, 30.276903977943995, 0.0]}}, {"type": "Feature", "properties": {"Description": null, "Telecom_Feature_Type": "بوكس", "Easting": "031° 33' 24.38\" E", "Northing": "30° 16' 35.23\" N", "ID": "26", "GlobalID": "{2098CFCC-7E32-41D6-B5A3-15FBDF2A543A}", "القطاع": "القطاع الثالث", "المسافة_بين_الكبنة_والبوكس": "165m", "I_D": "8-2", "created_user": null, "created_date": null, "last_edited_user": null, "last_edited_date": null}, "geometry": {"type": "Point", "coordinates": [31.55844807826976, 30.27662015655615, 0.0]}}, {"type": "Feature", "properties": {"Description": null, "Telecom_Feature_Type": "بوكس", "Easting": "031° 33' 25.01\" E", "Northing": "30° 16' 34.97\" N", "ID": "25", "GlobalID": "{6E144F83-24F2-421F-8275-D8E78B900E94}", "القطاع": "القطاع الثالث", "المسافة_بين_الكبنة_والبوكس": "175m", "I_D": "8-2", "created_user": null, "created_date": null, "last_edited_user": null, "last_edited_date": null}, "geometry": {"type": "Point", "coordinates": [31.558624174034133, 30.27654784019539, 0.0]}}, {"type": "Feature", "properties": {"Description": null, "Telecom_Feature_Type": "بوكس", "Easting": "031° 33' 24.22\" E", "Northing": "30° 16' 37.62\" N", "ID": "32", "GlobalID": "{6A4E6286-1285-4302-88D0-B4816427B13E}", "القطاع": "القطاع الثالث", "المسافة_بين_الكبنة_والبوكس": "65m", "I_D": "8-2", "created_user": null, "created_date": null, "last_edited_user": null, "last_edited_date": null}, "geometry": {"type": "Point", "coordinates": [31.558404208539642, 30.27728219074204, 0.0]}}, {"type": "Feature", "properties": {"Description": null, "Telecom_Feature_Type": "بوكس", "Easting": "031° 33' 25.18\" E", "Northing": "30° 16' 37.23\" N", "ID": "31", "GlobalID": "{008D5E85-B978-450A-A7A0-EC3F75A5DCC8}", "القطاع": "القطاع الثالث", "المسافة_بين_الكبنة_والبوكس": "100m", "I_D": "8-2", "created_user": null, "created_date": null, "last_edited_user": null, "last_edited_date": null}, "geometry": {"type": "Point", "coordinates": [31.5586718068484, 30.277173420943555, 0.0]}}, {"type": "Feature", "properties": {"Description": null, "Telecom_Feature_Type": "بوكس", "Easting": "031° 33' 26.0\" E", "Northing": "30° 16' 35.78\" N", "ID": "29", "GlobalID": "{FE2EDE17-9115-4317-8907-26C772B95665}", "القطاع": "القطاع الثالث", "المسافة_بين_الكبنة_والبوكس": "160m", "I_D": "8-2", "created_user": null, "created_date": null, "last_edited_user": null, "last_edited_date": null}, "geometry": {"type": "Point", "coordinates": [31.558900242835684, 30.276770908296523, 0.0]}}, {"type": "Feature", "properties": {"Description": null, "Telecom_Feature_Type": "بوكس", "Easting": "031° 33' 26.39\" E", "Northing": "30° 16' 38.58\" N", "ID": "15", "GlobalID": "{D54558B6-28AE-4D72-86E3-012C131EFDA9}", "القطاع": "القطاع الثالث", "المسافة_بين_الكبنة_والبوكس": "90m", "I_D": "8-2", "created_user": null, "created_date": null, "last_edited_user": null, "last_edited_date": null}, "geometry": {"type": "Point", "coordinates": [31.559006279369108, 30.277549942737185, 0.0]}}, {"type": "Feature", "properties": {"Description": null, "Telecom_Feature_Type": "بوكس", "Easting": "031° 33' 27.22\" E", "Northing": "30° 16' 37.62\" N", "ID": "14", "GlobalID": "{55D97B96-6D65-4BBD-8D9E-475EC796F62E}", "القطاع": "القطاع الثالث", "المسافة_بين_الكبنة_والبوكس": "130m", "I_D": "8-2", "created_user": null, "created_date": null, "last_edited_user": null, "last_edited_date": null}, "geometry": {"type": "Point", "coordinates": [31.55923929223604, 30.277284444843414, 0.0]}}, {"type": "Feature", "properties": {"Description": null, "Telecom_Feature_Type": "بوكس", "Easting": "031° 33' 27.81\" E", "Northing": "30° 16' 37.2\" N", "ID": "13", "GlobalID": "{096B201C-CEAB-4B76-931F-644E42C2221B}", "القطاع": "القطاع الثالث", "المسافة_بين_الكبنة_والبوكس": "160m", "I_D": "8-2", "created_user": null, "created_date": null, "last_edited_user": null, "last_edited_date": null}, "geometry": {"type": "Point", "coordinates": [31.55940165838574, 30.277166051881853, 0.0]}}, {"type": "Feature", "properties": {"Description": null, "Telecom_Feature_Type": "بوكس", "Easting": "031° 33' 28.91\" E", "Northing": "30° 16' 37.98\" N", "ID": "4", "GlobalID": "{88AE153E-2F61-48CB-9CC1-4D5EC2424865}", "القطاع": "القطاع الثالث", "المسافة_بين_الكبنة_والبوكس": "180m", "I_D": "8-2", "created_user": null, "created_date": null, "last_edited_user": null, "last_edited_date": null}, "geometry": {"type": "Point", "coordinates": [31.55970664493247, 30.277382689586517, 0.0]}}, {"type": "Feature", "properties": {"Description": null, "Telecom_Feature_Type": "بوكس", "Easting": "031° 33' 35.32\" E", "Northing": "30° 16' 36.84\" N", "ID": "20", "GlobalID": "{93C0ABC2-19D8-44AF-AB73-AA89CB75226B}", "القطاع": "القطاع الثالث", "المسافة_بين_الكبنة_والبوكس": "140m", "I_D": "6-1", "created_user": null, "created_date": null, "last_edited_user": null, "last_edited_date": null}, "geometry": {"type": "Point", "coordinates": [31.561487117579674, 30.277067380260704, 0.0]}}, {"type": "Feature", "properties": {"Description": null, "Telecom_Feature_Type": "بوكس", "Easting": "031° 33' 35.13\" E", "Northing": "30° 16' 37.77\" N", "ID": "19", "GlobalID": "{02B20F88-EBE9-45CA-B933-BE535DD112FB}", "القطاع": "القطاع الثالث", "المسافة_بين_الكبنة_والبوكس": "175m", "I_D": "6-1", "created_user": null, "created_date": null, "last_edited_user": null, "last_edited_date": null}, "geometry": {"type": "Point", "coordinates": [31.56143442447429, 30.277325065253354, 0.0]}}, {"type": "Feature", "properties": {"Description": null, "Telecom_Feature_Type": "بوكس", "Easting": "031° 33' 37.41\" E", "Northing": "30° 16' 37.75\" N", "ID": "24", "GlobalID": "{0253ADAE-0D5D-4021-A716-CD0925D89C3C}", "القطاع": "القطاع الثالث", "المسافة_بين_الكبنة_والبوكس": "90m", "I_D": "6-1", "created_user": null, "created_date": null, "last_edited_user": null, "last_edited_date": null}, "geometry": {"type": "Point", "coordinates": [31.562069857636708, 30.277317874440346, 0.0]}}, {"type": "Feature", "properties": {"Description": null, "Telecom_Feature_Type": "بوكس", "Easting": "031° 33' 36.96\" E", "Northing": "30° 16' 38.6\" N", "ID": "25", "GlobalID": "{8E26FD16-30C3-43B6-ABBA-AB284C4FAA34}", "القطاع": "القطاع الثالث", "المسافة_بين_الكبنة_والبوكس": "120m", "I_D": "6-1", "created_user": null, "created_date": null, "last_edited_user": null, "last_edited_date": null}, "geometry": {"type": "Point", "coordinates": [31.561943258080785, 30.277555988131816, 0.0]}}, {"type": "Feature", "properties": {"Description": null, "Telecom_Feature_Type": "بوكس", "Easting": "031° 33' 38.64\" E", "Northing": "30° 16' 37.53\" N", "ID": "28", "GlobalID": "{D2F12E42-FB17-4FFA-94B4-75E1BD7BA82A}", "القطاع": "القطاع الثالث", "المسافة_بين_الكبنة_والبوكس": "50m", "I_D": "6-1", "created_user": null, "created_date": null, "last_edited_user": null, "last_edited_date": null}, "geometry": {"type": "Point", "coordinates": [31.562410186011526, 30.277258029615318, 0.0]}}, {"type": "Feature", "properties": {"Description": null, "Telecom_Feature_Type": "بوكس", "Easting": "031° 33' 41.08\" E", "Northing": "30° 16' 38.49\" N", "ID": "15", "GlobalID": "{C52364B9-EA56-46AA-8178-E18CE8DCA918}", "القطاع": "القطاع الثالث", "المسافة_بين_الكبنة_والبوكس": "100m", "I_D": "6-1", "created_user": null, "created_date": null, "last_edited_user": null, "last_edited_date": null}, "geometry": {"type": "Point", "coordinates": [31.563087678532774, 30.277525715281044, 0.0]}}, {"type": "Feature", "properties": {"Description": null, "Telecom_Feature_Type": "بوكس", "Easting": "031° 33' 41.07\" E", "Northing": "30° 16' 37.54\" N", "ID": "16", "GlobalID": "{852994BA-773F-41D6-9BFE-19385365B6C7}", "القطاع": "القطاع الثالث", "المسافة_بين_الكبنة_والبوكس": "65m", "I_D": "6-1", "created_user": null, "created_date": null, "last_edited_user": null, "last_edited_date": null}, "geometry": {"type": "Point", "coordinates": [31.563085344328503, 30.277261717132458, 0.0]}}, {"type": "Feature", "properties": {"Description": null, "Telecom_Feature_Type": "بوكس", "Easting": "031° 33' 42.04\" E", "Northing": "30° 16' 36.89\" N", "ID": "12", "GlobalID": "{CE493F57-5FA5-45D4-A9E7-6CF0E307F23C}", "القطاع": "القطاع الثالث", "المسافة_بين_الكبنة_والبوكس": "70m", "I_D": "6-1", "created_user": null, "created_date": null, "last_edited_user": null, "last_edited_date": null}, "geometry": {"type": "Point", "coordinates": [31.56335549026254, 30.277080857226462, 0.0]}}, {"type": "Feature", "properties": {"Description": null, "Telecom_Feature_Type": "بوكس", "Easting": "031° 33' 46.42\" E", "Northing": "30° 16' 19.7\" N", "ID": "9", "GlobalID": "{76C88887-739D-408C-A695-CB7425BACA5B}", "القطاع": "القطاع الاول", "المسافة_بين_الكبنة_والبوكس": "135m", "I_D": "7-2", "created_user": null, "created_date": null, "last_edited_user": null, "last_edited_date": null}, "geometry": {"type": "Point", "coordinates": [31.5645721942983, 30.27230648340531, 0.0]}}, {"type": "Feature", "properties": {"Description": null, "Telecom_Feature_Type": "بوكس", "Easting": "031° 33' 40.75\" E", "Northing": "30° 16' 46.17\" N", "ID": "36", "GlobalID": "{70A0686D-116C-4D5C-9589-AF0C0717EEA3}", "القطاع": "القطاع الثالث", "المسافة_بين_الكبنة_والبوكس": "85m", "I_D": "8-3", "created_user": null, "created_date": null, "last_edited_user": null, "last_edited_date": null}, "geometry": {"type": "Point", "coordinates": [31.562997936976146, 30.279657341240718, 0.0]}}, {"type": "Feature", "properties": {"Description": null, "Telecom_Feature_Type": "بوكس", "Easting": "031° 33' 40.6\" E", "Northing": "30° 16' 46.19\" N", "ID": "35", "GlobalID": "{5F27F5AC-D98C-491B-9E4D-C331A74574FB}", "القطاع": "القطاع الثالث", "المسافة_بين_الكبنة_والبوكس": "90m", "I_D": "8-3", "created_user": null, "created_date": null, "last_edited_user": null, "last_edited_date": null}, "geometry": {"type": "Point", "coordinates": [31.562956273545723, 30.279664792387095, 0.0]}}, {"type": "Feature", "properties": {"Description": null, "Telecom_Feature_Type": "بوكس", "Easting": "031° 33' 58.59\" E", "Northing": "30° 16' 19.6\" N", "ID": "26", "GlobalID": "{92644B90-B170-4765-BCB6-44FA30B735F1}", "القطاع": "القطاع الثاني", "المسافة_بين_الكبنة_والبوكس": "210m", "I_D": "10-4", "created_user": null, "created_date": null, "last_edited_user": null, "last_edited_date": null}, "geometry": {"type": "Point", "coordinates": [31.56795131928383, 30.27227605475065, 0.0]}}, {"type": "Feature", "properties": {"Description": null, "Telecom_Feature_Type": "بوكس", "Easting": "031° 33' 22.35\" E", "Northing": "30° 16' 5.69\" N", "ID": "18", "GlobalID": "{C2B5FC4F-4E60-406D-9860-99763DE484EF}", "القطاع": "القطاع الثاني", "المسافة_بين_الكبنة_والبوكس": "70m", "I_D": "7-2", "created_user": null, "created_date": null, "last_edited_user": null, "last_edited_date": null}, "geometry": {"type": "Point", "coordinates": [31.55788540256937, 30.268413119728805, 0.0]}}, {"type": "Feature", "properties": {"Description": null, "Telecom_Feature_Type": "بوكس", "Easting": "031° 33' 36.52\" E", "Northing": "30° 15' 50.93\" N", "ID": "15", "GlobalID": "{71BE8A68-0302-4C82-860B-1B66F2E0A66B}", "القطاع": "القطاع الثاني", "المسافة_بين_الكبنة_والبوكس": "210m", "I_D": "4-4", "created_user": null, "created_date": null, "last_edited_user": null, "last_edited_date": null}, "geometry": {"type": "Point", "coordinates": [31.561820832808877, 30.264313356348843, 0.0]}}, {"type": "Feature", "properties": {"Description": null, "Telecom_Feature_Type": "بوكس", "Easting": "031° 33' 35.79\" E", "Northing": "30° 15' 51.62\" N", "ID": "14", "GlobalID": "{255FAAB7-E86F-4F9A-AAFF-F8579C614FFC}", "القطاع": "القطاع الثاني", "المسافة_بين_الكبنة_والبوكس": "245m", "I_D": "4-4", "created_user": null, "created_date": null, "last_edited_user": null, "last_edited_date": null}, "geometry": {"type": "Point", "coordinates": [31.561618821209233, 30.264504839806577, 0.0]}}, {"type": "Feature", "properties": {"Description": null, "Telecom_Feature_Type": "بوكس", "Easting": "031° 33' 35.75\" E", "Northing": "30° 15' 52.59\" N", "ID": "13", "GlobalID": "{265FC4E9-4D79-426F-9871-B3BE00ECB3E0}", "القطاع": "القطاع الثاني", "المسافة_بين_الكبنة_والبوكس": "280m", "I_D": "4-4", "created_user": null, "created_date": null, "last_edited_user": null, "last_edited_date": null}, "geometry": {"type": "Point", "coordinates": [31.561607987548808, 30.264775245304573, 0.0]}}, {"type": "Feature", "properties": {"Description": null, "Telecom_Feature_Type": "بوكس", "Easting": "031° 33' 31.63\" E", "Northing": "30° 15' 49.56\" N", "ID": "25", "GlobalID": "{391BA072-133C-4D34-9C4A-BE6732ABF510}", "القطاع": "القطاع الثاني", "المسافة_بين_الكبنة_والبوكس": "75m", "I_D": "4-4", "created_user": null, "created_date": null, "last_edited_user": null, "last_edited_date": null}, "geometry": {"type": "Point", "coordinates": [31.560462691644155, 30.263932838707632, 0.0]}}, {"type": "Feature", "properties": {"Description": null, "Telecom_Feature_Type": "بوكس", "Easting": "031° 33' 31.15\" E", "Northing": "30° 15' 50.38\" N", "ID": "24", "GlobalID": "{4FAC03AC-C407-4D28-86A0-181CFF9032EE}", "القطاع": "القطاع الثاني", "المسافة_بين_الكبنة_والبوكس": "105m", "I_D": "4-4", "created_user": null, "created_date": null, "last_edited_user": null, "last_edited_date": null}, "geometry": {"type": "Point", "coordinates": [31.560328952285406, 30.264159769296946, 0.0]}}, {"type": "Feature", "properties": {"Description": null, "Telecom_Feature_Type": "بوكس", "Easting": "031° 33' 31.32\" E", "Northing": "30° 15' 51.3\" N", "ID": "23", "GlobalID": "{64560721-E118-477D-B396-A98F90A2649C}", "القطاع": "القطاع الثاني", "المسافة_بين_الكبنة_والبوكس": "140m", "I_D": "4-4", "created_user": null, "created_date": null, "last_edited_user": null, "last_edited_date": null}, "geometry": {"type": "Point", "coordinates": [31.5603775662185, 30.264417099100708, 0.0]}}, {"type": "Feature", "properties": {"Description": null, "Telecom_Feature_Type": "بوكس", "Easting": "031° 33' 31.24\" E", "Northing": "30° 15' 52.53\" N", "ID": "22", "GlobalID": "{717B05A8-5788-4781-8FEF-9E3C30168B7C}", "القطاع": "القطاع الثاني", "المسافة_بين_الكبنة_والبوكس": "175m", "I_D": "4-4", "created_user": null, "created_date": null, "last_edited_user": null, "last_edited_date": null}, "geometry": {"type": "Point", "coordinates": [31.56035399333765, 30.264757550430794, 0.0]}}, {"type": "Feature", "properties": {"Description": null, "Telecom_Feature_Type": "بوكس", "Easting": "031° 33' 25.65\" E", "Northing": "30° 15' 51.18\" N", "ID": "8", "GlobalID": "{76F2F0AE-B53E-4EDD-AE51-F35BA6B976F9}", "القطاع": "القطاع الثاني", "المسافة_بين_الكبنة_والبوكس": "215m", "I_D": "4-4", "created_user": null, "created_date": null, "last_edited_user": null, "last_edited_date": null}, "geometry": {"type": "Point", "coordinates": [31.558802672109863, 30.26438265585626, 0.0]}}, {"type": "Feature", "properties": {"Description": null, "Telecom_Feature_Type": "بوكس", "Easting": "031° 33' 34.37\" E", "Northing": "30° 15' 50.63\" N", "ID": "20", "GlobalID": "{C58E2F26-B318-4F04-9939-2FBA234F4BE5}", "القطاع": "القطاع الثاني", "المسافة_بين_الكبنة_والبوكس": "180m", "I_D": "4-4", "created_user": null, "created_date": null, "last_edited_user": null, "last_edited_date": null}, "geometry": {"type": "Point", "coordinates": [31.56122546518362, 30.264229983521236, 0.0]}}, {"type": "Feature", "properties": {"Description": null, "Telecom_Feature_Type": "بوكس", "Easting": "031° 33' 34.33\" E", "Northing": "30° 15' 51.57\" N", "ID": "19", "GlobalID": "{4C355F8D-49FD-475A-9CEE-79B1CC87E92D}", "القطاع": "القطاع الثاني", "المسافة_بين_الكبنة_والبوكس": "210m", "I_D": "4-4", "created_user": null, "created_date": null, "last_edited_user": null, "last_edited_date": null}, "geometry": {"type": "Point", "coordinates": [31.561213345033977, 30.26449105834525, 0.0]}}, {"type": "Feature", "properties": {"Description": null, "Telecom_Feature_Type": "بوكس", "Easting": "031° 33' 33.61\" E", "Northing": "30° 15' 52.25\" N", "ID": "18", "GlobalID": "{3498D9F7-A134-4443-80F9-903E26C02BDF}", "القطاع": "القطاع الثاني", "المسافة_بين_الكبنة_والبوكس": "245m", "I_D": "4-4", "created_user": null, "created_date": null, "last_edited_user": null, "last_edited_date": null}, "geometry": {"type": "Point", "coordinates": [31.561012403940854, 30.264679182491555, 0.0]}}, {"type": "Feature", "properties": {"Description": null, "Telecom_Feature_Type": "بوكس", "Easting": "031° 33' 29.45\" E", "Northing": "30° 15' 49.68\" N", "ID": "30", "GlobalID": "{8EA468B6-6565-4B81-83E5-5D2B8D122EF2}", "القطاع": "القطاع الثاني", "المسافة_بين_الكبنة_والبوكس": "40m", "I_D": "4-4", "created_user": null, "created_date": null, "last_edited_user": null, "last_edited_date": null}, "geometry": {"type": "Point", "coordinates": [31.55985784852487, 30.263965461633575, 0.0]}}, {"type": "Feature", "properties": {"Description": null, "Telecom_Feature_Type": "بوكس", "Easting": "031° 33' 29.13\" E", "Northing": "30° 15' 51.4\" N", "ID": "28", "GlobalID": "{0B917BF3-65FF-4D95-BF18-1E57F31AA701}", "القطاع": "القطاع الثاني", "المسافة_بين_الكبنة_والبوكس": "110m", "I_D": "4-4", "created_user": null, "created_date": null, "last_edited_user": null, "last_edited_date": null}, "geometry": {"type": "Point", "coordinates": [31.559768296067297, 30.26444361025016, 0.0]}}, {"type": "Feature", "properties": {"Description": null, "Telecom_Feature_Type": "بوكس", "Easting": "031° 33' 28.8\" E", "Northing": "30° 15' 52.6\" N", "ID": "27", "GlobalID": "{C9C7160F-E88C-460C-891D-0321EC8C0402}", "القطاع": "القطاع الثاني", "المسافة_بين_الكبنة_والبوكس": "145m", "I_D": "4-4", "created_user": null, "created_date": null, "last_edited_user": null, "last_edited_date": null}, "geometry": {"type": "Point", "coordinates": [31.55967823945631, 30.26477745716988, 0.0]}}, {"type": "Feature", "properties": {"Description": null, "Telecom_Feature_Type": "بوكس", "Easting": "031° 33' 23.15\" E", "Northing": "30° 15' 50.36\" N", "ID": "5", "GlobalID": "{96564745-D93E-4B84-829F-42BC6ED2A5D4}", "القطاع": "القطاع الثاني", "المسافة_بين_الكبنة_والبوكس": "200m", "I_D": "4-4", "created_user": null, "created_date": null, "last_edited_user": null, "last_edited_date": null}, "geometry": {"type": "Point", "coordinates": [31.558108468656496, 30.26415479252734, 0.0]}}, {"type": "Feature", "properties": {"Description": null, "Telecom_Feature_Type": "بوكس", "Easting": "031° 33' 23.79\" E", "Northing": "30° 15' 51.13\" N", "ID": "4", "GlobalID": "{063D65A4-18EA-4A26-A5D1-41F507449CBC}", "القطاع": "القطاع الثاني", "المسافة_بين_الكبنة_والبوكس": "240m", "I_D": "4-4", "created_user": null, "created_date": null, "last_edited_user": null, "last_edited_date": null}, "geometry": {"type": "Point", "coordinates": [31.55828449331078, 30.264367737963706, 0.0]}}, {"type": "Feature", "properties": {"Description": null, "Telecom_Feature_Type": "بوكس", "Easting": "031° 33' 23.68\" E", "Northing": "30° 15' 52.07\" N", "ID": "3", "GlobalID": "{95A89ADA-BEA2-4474-9028-D83387440DFE}", "القطاع": "القطاع الثاني", "المسافة_بين_الكبنة_والبوكس": "270m", "I_D": "4-4", "created_user": null, "created_date": null, "last_edited_user": null, "last_edited_date": null}, "geometry": {"type": "Point", "coordinates": [31.55825493925499, 30.264630402211832, 0.0]}}, {"type": "Feature", "properties": {"Description": null, "Telecom_Feature_Type": "بوكس", "Easting": "031° 33' 23.97\" E", "Northing": "30° 15' 53.28\" N", "ID": "2", "GlobalID": "{6C833A21-130F-49BC-8074-42CFAE70CDD0}", "القطاع": "القطاع الثاني", "المسافة_بين_الكبنة_والبوكس": "310m", "I_D": "4-4", "created_user": null, "created_date": null, "last_edited_user": null, "last_edited_date": null}, "geometry": {"type": "Point", "coordinates": [31.55833624621955, 30.264965685504038, 0.0]}}, {"type": "Feature", "properties": {"Description": null, "Telecom_Feature_Type": "بوكس", "Easting": "031° 33' 24.72\" E", "Northing": "30° 15' 53.45\" N", "ID": "1", "GlobalID": "{C4628376-8F45-4910-AE8A-F7E0A2FE9038}", "القطاع": "القطاع الثاني", "المسافة_بين_الكبنة_والبوكس": "325m", "I_D": "4-4", "created_user": null, "created_date": null, "last_edited_user": null, "last_edited_date": null}, "geometry": {"type": "Point", "coordinates": [31.55854459126111, 30.265013552209, 0.0]}}, {"type": "Feature", "properties": {"Description": null, "Telecom_Feature_Type": "بوكس", "Easting": "031° 33' 26.08\" E", "Northing": "30° 15' 53.12\" N", "ID": "6", "GlobalID": "{FBFCE503-E8F7-40F1-8136-9AA7DD329320}", "القطاع": "القطاع الثاني", "المسافة_بين_الكبنة_والبوكس": "265m", "I_D": "4-4", "created_user": null, "created_date": null, "last_edited_user": null, "last_edited_date": null}, "geometry": {"type": "Point", "coordinates": [31.558920776710437, 30.2649210290188, 0.0]}}, {"type": "Feature", "properties": {"Description": null, "Telecom_Feature_Type": "بوكس", "Easting": "031° 33' 29.46\" E", "Northing": "30° 15' 53.0\" N", "ID": "26", "GlobalID": "{556EE9BA-7A4C-493C-ABA6-6FCB156F6EE1}", "القطاع": "القطاع الثاني", "المسافة_بين_الكبنة_والبوكس": "165m", "I_D": "4-4", "created_user": null, "created_date": null, "last_edited_user": null, "last_edited_date": null}, "geometry": {"type": "Point", "coordinates": [31.559861401471366, 30.264888776247922, 0.0]}}, {"type": "Feature", "properties": {"Description": null, "Telecom_Feature_Type": "بوكس", "Easting": "031° 33' 30.84\" E", "Northing": "30° 15' 53.21\" N", "ID": "21", "GlobalID": "{84BA8A74-27A0-4116-9656-409A8CC98560}", "القطاع": "القطاع الثاني", "المسافة_بين_الكبنة_والبوكس": "200m", "I_D": "4-4", "created_user": null, "created_date": null, "last_edited_user": null, "last_edited_date": null}, "geometry": {"type": "Point", "coordinates": [31.560244599022788, 30.264947586101446, 0.0]}}, {"type": "Feature", "properties": {"Description": null, "Telecom_Feature_Type": "بوكس", "Easting": "031° 33' 17.5\" E", "Northing": "30° 15' 50.5\" N", "ID": "26", "GlobalID": "{239F7EAC-F938-4B66-BCD8-F6944B6C45B5}", "القطاع": "القطاع الثاني", "المسافة_بين_الكبنة_والبوكس": "100m", "I_D": "4-3", "created_user": null, "created_date": null, "last_edited_user": null, "last_edited_date": null}, "geometry": {"type": "Point", "coordinates": [31.556538230352643, 30.264195249541103, 0.0]}}, {"type": "Feature", "properties": {"Description": null, "Telecom_Feature_Type": "بوكس", "Easting": "031° 33' 17.35\" E", "Northing": "30° 15' 50.58\" N", "ID": "27", "GlobalID": "{574A445A-1BE4-4D3A-AD51-76706DB5798B}", "القطاع": "القطاع الثاني", "المسافة_بين_الكبنة_والبوكس": "95m", "I_D": "4-3", "created_user": null, "created_date": null, "last_edited_user": null, "last_edited_date": null}, "geometry": {"type": "Point", "coordinates": [31.55649713790359, 30.264217408537295, 0.0]}}, {"type": "Feature", "properties": {"Description": null, "Telecom_Feature_Type": "بوكس", "Easting": "031° 33' 17.6\" E", "Northing": "30° 15' 50.44\" N", "ID": "25", "GlobalID": "{3C23F1EC-3333-4839-A39D-1C17AC01E889}", "القطاع": "القطاع الثاني", "المسافة_بين_الكبنة_والبوكس": "105m", "I_D": "4-3", "created_user": null, "created_date": null, "last_edited_user": null, "last_edited_date": null}, "geometry": {"type": "Point", "coordinates": [31.556565845767516, 30.2641773061469, 0.0]}}, {"type": "Feature", "properties": {"Description": null, "Telecom_Feature_Type": "بوكس", "Easting": "031° 33' 19.96\" E", "Northing": "30° 15' 49.14\" N", "ID": "180", "GlobalID": "{A3F42B60-0207-4431-81D6-9DDE44AB9D9D}", "القطاع": "القطاع الثاني", "المسافة_بين_الكبنة_والبوكس": null, "I_D": "4-3", "created_user": null, "created_date": null, "last_edited_user": null, "last_edited_date": null}, "geometry": {"type": "Point", "coordinates": [31.55722064079528, 30.263815687064664, 0.0]}}, {"type": "Feature", "properties": {"Description": null, "Telecom_Feature_Type": "بوكس", "Easting": "031° 33' 19.81\" E", "Northing": "30° 15' 49.21\" N", "ID": "24", "GlobalID": "{C450CD4F-0569-464D-BA3F-4F6E530BE959}", "القطاع": "القطاع الثاني", "المسافة_بين_الكبنة_والبوكس": "175m", "I_D": null, "created_user": null, "created_date": null, "last_edited_user": null, "last_edited_date": null}, "geometry": {"type": "Point", "coordinates": [31.55717883208802, 30.263835713272705, 0.0]}}, {"type": "Feature", "properties": {"Description": null, "Telecom_Feature_Type": "بوكس", "Easting": "031° 33' 40.72\" E", "Northing": "30° 16' 7.66\" N", "ID": "17", "GlobalID": "{D9E7624A-F924-4558-9F69-99D78BE08266}", "القطاع": "القطاع الثاني", "المسافة_بين_الكبنة_والبوكس": "255m", "I_D": "10-2", "created_user": null, "created_date": null, "last_edited_user": null, "last_edited_date": null}, "geometry": {"type": "Point", "coordinates": [31.562987507947383, 30.268959490678927, 0.0]}}, {"type": "Feature", "properties": {"Description": null, "Telecom_Feature_Type": "بوكس", "Easting": "031° 33' 22.34\" E", "Northing": "30° 15' 58.41\" N", "ID": "8", "GlobalID": "{970B8AD1-BFD0-468B-9737-F6C2B0ECAA74}", "القطاع": "القطاع الثاني", "المسافة_بين_الكبنة_والبوكس": "250m", "I_D": "9-1", "created_user": null, "created_date": null, "last_edited_user": null, "last_edited_date": null}, "geometry": {"type": "Point", "coordinates": [31.557882808378675, 30.266391806978678, 0.0]}}, {"type": "Feature", "properties": {"Description": null, "Telecom_Feature_Type": "بوكس", "Easting": "031° 33' 21.1\" E", "Northing": "30° 15' 57.75\" N", "ID": "8", "GlobalID": "{5FE17DDC-AC3B-4A66-99E9-974DA89D5E07}", "القطاع": "القطاع الثاني", "المسافة_بين_الكبنة_والبوكس": "290m", "I_D": "9-1", "created_user": null, "created_date": null, "last_edited_user": null, "last_edited_date": null}, "geometry": {"type": "Point", "coordinates": [31.557538281021987, 30.26620852769101, 0.0]}}, {"type": "Feature", "properties": {"Description": null, "Telecom_Feature_Type": "بوكس", "Easting": "031° 33' 24.55\" E", "Northing": "30° 16' 2.39\" N", "ID": "19", "GlobalID": "{7405BDBE-DC07-4C64-9D82-DB6F503341AD}", "القطاع": "القطاع الثاني", "المسافة_بين_الكبنة_والبوكس": "160m", "I_D": "7-2", "created_user": null, "created_date": null, "last_edited_user": null, "last_edited_date": null}, "geometry": {"type": "Point", "coordinates": [31.558495437281316, 30.26749802224263, 0.0]}}, {"type": "Feature", "properties": {"Description": null, "Telecom_Feature_Type": "بوكس", "Easting": "031° 33' 21.65\" E", "Northing": "30° 16' 0.13\" N", "ID": "3", "GlobalID": "{17F57C66-F6EF-4A83-A6BB-6A81B0564B12}", "القطاع": "القطاع الثاني", "المسافة_بين_الكبنة_والبوكس": "210m", "I_D": "7-2", "created_user": null, "created_date": null, "last_edited_user": null, "last_edited_date": null}, "geometry": {"type": "Point", "coordinates": [31.557689463785188, 30.266870135735925, 0.0]}}, {"type": "Feature", "properties": {"Description": null, "Telecom_Feature_Type": "بوكس", "Easting": "031° 33' 22.72\" E", "Northing": "30° 16' 0.29\" N", "ID": "4", "GlobalID": "{8C0002C5-E338-4751-A9A3-4745BC1F2778}", "القطاع": "القطاع الثاني", "المسافة_بين_الكبنة_والبوكس": "180m", "I_D": "7-2", "created_user": null, "created_date": null, "last_edited_user": null, "last_edited_date": null}, "geometry": {"type": "Point", "coordinates": [31.557988499406363, 30.26691488083475, 0.0]}}, {"type": "Feature", "properties": {"Description": null, "Telecom_Feature_Type": "بوكس", "Easting": "031° 33' 26.49\" E", "Northing": "30° 16' 15.1\" N", "ID": "14", "GlobalID": "{80E5D852-6B02-4C44-A0D2-D6C7E9C13AD1}", "القطاع": "القطاع الاول", "المسافة_بين_الكبنة_والبوكس": "60m", "I_D": "9-3", "created_user": null, "created_date": null, "last_edited_user": null, "last_edited_date": null}, "geometry": {"type": "Point", "coordinates": [31.559034997002204, 30.271027509360835, 0.0]}}, {"type": "Feature", "properties": {"Description": null, "Telecom_Feature_Type": "بوكس", "Easting": "031° 33' 26.54\" E", "Northing": "30° 16' 15.0\" N", "ID": "13", "GlobalID": "{A1C064E1-B4FB-4A20-B0CC-04DFF91AAFFE}", "القطاع": "القطاع الاول", "المسافة_بين_الكبنة_والبوكس": "60m", "I_D": "9-3", "created_user": null, "created_date": null, "last_edited_user": null, "last_edited_date": null}, "geometry": {"type": "Point", "coordinates": [31.559048820240573, 30.270999481652698, 0.0]}}, {"type": "Feature", "properties": {"Description": null, "Telecom_Feature_Type": "بوكس", "Easting": "031° 33' 26.59\" E", "Northing": "30° 16' 14.9\" N", "ID": "12", "GlobalID": "{3E0A2CB0-7302-4802-B74C-E354F9FB3CA5}", "القطاع": "القطاع الاول", "المسافة_بين_الكبنة_والبوكس": "65m", "I_D": "9-3", "created_user": null, "created_date": null, "last_edited_user": null, "last_edited_date": null}, "geometry": {"type": "Point", "coordinates": [31.55906317969099, 30.270971449853224, 0.0]}}, {"type": "Feature", "properties": {"Description": null, "Telecom_Feature_Type": "بوكس", "Easting": "031° 33' 33.97\" E", "Northing": "30° 16' 13.7\" N", "ID": "17", "GlobalID": "{C0D616C4-8F63-4182-B331-D2CBC8ADB02F}", "القطاع": "القطاع الاول", "المسافة_بين_الكبنة_والبوكس": "40m", "I_D": "10-1", "created_user": null, "created_date": null, "last_edited_user": null, "last_edited_date": null}, "geometry": {"type": "Point", "coordinates": [31.56111429088613, 30.270639287705453, 0.0]}}, {"type": "Feature", "properties": {"Description": null, "Telecom_Feature_Type": "بوكس", "Easting": "031° 33' 34.79\" E", "Northing": "30° 16' 12.94\" N", "ID": "17", "GlobalID": "{6B010438-D33E-44A9-9B52-9266B480E002}", "القطاع": "القطاع الاول", "المسافة_بين_الكبنة_والبوكس": "70m", "I_D": "10-1", "created_user": null, "created_date": null, "last_edited_user": null, "last_edited_date": null}, "geometry": {"type": "Point", "coordinates": [31.56134157694972, 30.270428716102085, 0.0]}}, {"type": "Feature", "properties": {"Description": null, "Telecom_Feature_Type": "بوكس", "Easting": "031° 33' 33.42\" E", "Northing": "30° 16' 14.27\" N", "ID": "17", "GlobalID": "{20C27BAA-D57B-4D5D-A23E-52607EBBCBA8}", "القطاع": "القطاع الاول", "المسافة_بين_الكبنة_والبوكس": "60m", "I_D": "10-1", "created_user": null, "created_date": null, "last_edited_user": null, "last_edited_date": null}, "geometry": {"type": "Point", "coordinates": [31.56096028944615, 30.270796259926957, 0.0]}}, {"type": "Feature", "properties": {"Description": null, "Telecom_Feature_Type": "بوكس", "Easting": "031° 33' 40.09\" E", "Northing": "30° 16' 4.55\" N", "ID": "25", "GlobalID": "{CB96914E-C3FF-4C06-AD27-646D00D518C3}", "القطاع": "القطاع الثاني", "المسافة_بين_الكبنة_والبوكس": "150m", "I_D": "11-2", "created_user": null, "created_date": null, "last_edited_user": null, "last_edited_date": null}, "geometry": {"type": "Point", "coordinates": [31.562811964613957, 30.268096042319808, 0.0]}}, {"type": "Feature", "properties": {"Description": null, "Telecom_Feature_Type": "بوكس", "Easting": "031° 33' 40.94\" E", "Northing": "30° 16' 3.23\" N", "ID": "27", "GlobalID": "{E48B2063-9C11-461A-B96B-75E1F90EF7A3}", "القطاع": "القطاع الثاني", "المسافة_بين_الكبنة_والبوكس": "95m", "I_D": "11-2", "created_user": null, "created_date": null, "last_edited_user": null, "last_edited_date": null}, "geometry": {"type": "Point", "coordinates": [31.56305000255265, 30.2677299632756, 0.0]}}, {"type": "Feature", "properties": {"Description": null, "Telecom_Feature_Type": "بوكس", "Easting": "031° 33' 40.57\" E", "Northing": "30° 16' 4.11\" N", "ID": "26", "GlobalID": "{E064DF0E-942E-403A-A6CB-955B0F6AA237}", "القطاع": "القطاع الثاني", "المسافة_بين_الكبنة_والبوكس": "135m", "I_D": "11-2", "created_user": null, "created_date": null, "last_edited_user": null, "last_edited_date": null}, "geometry": {"type": "Point", "coordinates": [31.562945224108557, 30.267973598804797, 0.0]}}, {"type": "Feature", "properties": {"Description": null, "Telecom_Feature_Type": "بوكس", "Easting": "031° 33' 38.48\" E", "Northing": "30° 16' 3.54\" N", "ID": "29", "GlobalID": "{5E0A57DE-A25F-4D90-B7E7-AF7D21AF2CF1}", "القطاع": "القطاع الثاني", "المسافة_بين_الكبنة_والبوكس": "100m", "I_D": "11-2", "created_user": null, "created_date": null, "last_edited_user": null, "last_edited_date": null}, "geometry": {"type": "Point", "coordinates": [31.562365616554242, 30.267816775220474, 0.0]}}, {"type": "Feature", "properties": {"Description": null, "Telecom_Feature_Type": "بوكس", "Easting": "031° 33' 38.83\" E", "Northing": "30° 16' 4.01\" N", "ID": "28", "GlobalID": "{9C56F3F0-704F-444F-B927-BF8EA2E2BA69}", "القطاع": "القطاع الثاني", "المسافة_بين_الكبنة_والبوكس": "110m", "I_D": "11-2", "created_user": null, "created_date": null, "last_edited_user": null, "last_edited_date": null}, "geometry": {"type": "Point", "coordinates": [31.562463296870273, 30.26794603607245, 0.0]}}, {"type": "Feature", "properties": {"Description": null, "Telecom_Feature_Type": "بوكس", "Easting": "031° 33' 29.44\" E", "Northing": "30° 16' 0.78\" N", "ID": "12", "GlobalID": "{3913408B-9847-4E0C-9BB2-B8596717B658}", "القطاع": "القطاع الثاني", "المسافة_بين_الكبنة_والبوكس": "230m", "I_D": "9-4", "created_user": null, "created_date": null, "last_edited_user": null, "last_edited_date": null}, "geometry": {"type": "Point", "coordinates": [31.559853685832, 30.26704922298281, 0.0]}}, {"type": "Feature", "properties": {"Description": null, "Telecom_Feature_Type": "بوكس", "Easting": "031° 33' 39.18\" E", "Northing": "30° 16' 6.01\" N", "ID": "14", "GlobalID": "{F4CBBFE8-B4B8-49F1-B0AE-DBE327AB0921}", "القطاع": "القطاع الثاني", "المسافة_بين_الكبنة_والبوكس": "210m", "I_D": "7-4", "created_user": null, "created_date": null, "last_edited_user": null, "last_edited_date": null}, "geometry": {"type": "Point", "coordinates": [31.562560143974853, 30.268503181568526, 0.0]}}, {"type": "Feature", "properties": {"Description": null, "Telecom_Feature_Type": "بوكس", "Easting": "031° 33' 33.67\" E", "Northing": "30° 16' 3.91\" N", "ID": "26", "GlobalID": "{4D01033D-84EF-4894-BE85-8D7831CE83F4}", "القطاع": "القطاع الثاني", "المسافة_بين_الكبنة_والبوكس": "65m", "I_D": "7-4", "created_user": null, "created_date": null, "last_edited_user": null, "last_edited_date": null}, "geometry": {"type": "Point", "coordinates": [31.561029370428287, 30.267918383389716, 0.0]}}, {"type": "Feature", "properties": {"Description": null, "Telecom_Feature_Type": "بوكس", "Easting": "031° 33' 34.76\" E", "Northing": "30° 16' 3.93\" N", "ID": "25", "GlobalID": "{4E1F5010-E413-4205-B9E5-89276E03BD2B}", "القطاع": "القطاع الثاني", "المسافة_بين_الكبنة_والبوكس": "85m", "I_D": "7-4", "created_user": null, "created_date": null, "last_edited_user": null, "last_edited_date": null}, "geometry": {"type": "Point", "coordinates": [31.561333462867573, 30.26792354451995, 0.0]}}, {"type": "Feature", "properties": {"Description": null, "Telecom_Feature_Type": "بوكس", "Easting": "031° 33' 35.49\" E", "Northing": "30° 16' 4.56\" N", "ID": "19", "GlobalID": "{AF5443E6-3DA7-40E9-B220-F2F058E29FF6}", "القطاع": "القطاع الثاني", "المسافة_بين_الكبنة_والبوكس": "120m", "I_D": "7-4", "created_user": null, "created_date": null, "last_edited_user": null, "last_edited_date": null}, "geometry": {"type": "Point", "coordinates": [31.561535102579477, 30.268100930783486, 0.0]}}, {"type": "Feature", "properties": {"Description": null, "Telecom_Feature_Type": "بوكس", "Easting": "031° 33' 32.71\" E", "Northing": "30° 16' 7.02\" N", "ID": "22", "GlobalID": "{1C441E57-1734-44B5-90F9-A3E9F15E3962}", "القطاع": "القطاع الاول", "المسافة_بين_الكبنة_والبوكس": "70m", "I_D": "9-4", "created_user": null, "created_date": null, "last_edited_user": null, "last_edited_date": null}, "geometry": {"type": "Point", "coordinates": [31.560761839483686, 30.268783541808233, 0.0]}}, {"type": "Feature", "properties": {"Description": null, "Telecom_Feature_Type": "بوكس", "Easting": "031° 33' 32.53\" E", "Northing": "30° 16' 6.97\" N", "ID": "23", "GlobalID": "{29D01CBC-A35B-47A4-A9C0-25DF987A445E}", "القطاع": "القطاع الاول", "المسافة_بين_الكبنة_والبوكس": "65m", "I_D": "9-4", "created_user": null, "created_date": null, "last_edited_user": null, "last_edited_date": null}, "geometry": {"type": "Point", "coordinates": [31.56071367407665, 30.268769215796976, 0.0]}}, {"type": "Feature", "properties": {"Description": null, "Telecom_Feature_Type": "بوكس", "Easting": "031° 33' 32.34\" E", "Northing": "30° 16' 6.91\" N", "ID": "24", "GlobalID": "{066135F9-DFBA-4196-A350-5ACAC19B81DC}", "القطاع": "القطاع الاول", "المسافة_بين_الكبنة_والبوكس": "60m", "I_D": "9-4", "created_user": null, "created_date": null, "last_edited_user": null, "last_edited_date": null}, "geometry": {"type": "Point", "coordinates": [31.560660193392327, 30.268751087821073, 0.0]}}, {"type": "Feature", "properties": {"Description": null, "Telecom_Feature_Type": "بوكس", "Easting": "031° 33' 33.37\" E", "Northing": "30° 16' 4.96\" N", "ID": "27", "GlobalID": "{E740EA65-A3EA-4DC4-8ED3-25C402290A1F}", "القطاع": "القطاع الثاني", "المسافة_بين_الكبنة_والبوكس": "35m", "I_D": "9-4", "created_user": null, "created_date": null, "last_edited_user": null, "last_edited_date": null}, "geometry": {"type": "Point", "coordinates": [31.560947835497608, 30.268211398680037, 0.0]}}, {"type": "Feature", "properties": {"Description": null, "Telecom_Feature_Type": "بوكس", "Easting": "031° 33' 36.45\" E", "Northing": "30° 16' 3.05\" N", "ID": "01", "GlobalID": "{53682386-9F1A-4D37-82CD-C09B93D030E3}", "القطاع": "القطاع الثاني", "المسافة_بين_الكبنة_والبوكس": "305m", "I_D": "9-4", "created_user": null, "created_date": null, "last_edited_user": null, "last_edited_date": null}, "geometry": {"type": "Point", "coordinates": [31.561802830375346, 30.26767917714443, 0.0]}}, {"type": "Feature", "properties": {"Description": null, "Telecom_Feature_Type": "بوكس", "Easting": "031° 33' 37.39\" E", "Northing": "30° 16' 1.42\" N", "ID": "03", "GlobalID": "{F1EF9A0B-1D72-40D0-8EF1-DC091FC49A7B}", "القطاع": "القطاع الثاني", "المسافة_بين_الكبنة_والبوكس": "280m", "I_D": "9-4", "created_user": null, "created_date": null, "last_edited_user": null, "last_edited_date": null}, "geometry": {"type": "Point", "coordinates": [31.562064440615398, 30.267228067770503, 0.0]}}, {"type": "Feature", "properties": {"Description": null, "Telecom_Feature_Type": "بوكس", "Easting": "031° 33' 35.46\" E", "Northing": "30° 16' 1.0\" N", "ID": "06", "GlobalID": "{CE32D365-2190-48A2-A33E-7D6F6B50980B}", "القطاع": "القطاع الثاني", "المسافة_بين_الكبنة_والبوكس": "260m", "I_D": "9-4", "created_user": null, "created_date": null, "last_edited_user": null, "last_edited_date": null}, "geometry": {"type": "Point", "coordinates": [31.56152825897138, 30.26711197827162, 0.0]}}, {"type": "Feature", "properties": {"Description": null, "Telecom_Feature_Type": "بوكس", "Easting": "031° 33' 35.17\" E", "Northing": "30° 16' 2.56\" N", "ID": "04", "GlobalID": "{6283F0DD-CAA7-4513-B07B-5F36E2B00D5A}", "القطاع": "القطاع الثاني", "المسافة_بين_الكبنة_والبوكس": "305m", "I_D": "9-4", "created_user": null, "created_date": null, "last_edited_user": null, "last_edited_date": null}, "geometry": {"type": "Point", "coordinates": [31.56144626976785, 30.267542696549274, 0.0]}}, {"type": "Feature", "properties": {"Description": null, "Telecom_Feature_Type": "بوكس", "Easting": "031° 33' 28.14\" E", "Northing": "30° 16' 1.21\" N", "ID": "09", "GlobalID": "{628C0E50-EF97-45BA-8712-57108854EB07}", "القطاع": "القطاع الثاني", "المسافة_بين_الكبنة_والبوكس": "265m", "I_D": "9-4", "created_user": null, "created_date": null, "last_edited_user": null, "last_edited_date": null}, "geometry": {"type": "Point", "coordinates": [31.559493162469497, 30.26716934237514, 0.0]}}, {"type": "Feature", "properties": {"Description": null, "Telecom_Feature_Type": "بوكس", "Easting": "031° 33' 27.98\" E", "Northing": "30° 16' 1.26\" N", "ID": "08", "GlobalID": "{C51DD5CA-B964-468F-BDAE-BD9B5ED96B6D}", "القطاع": "القطاع الثاني", "المسافة_بين_الكبنة_والبوكس": "270m", "I_D": "9-4", "created_user": null, "created_date": null, "last_edited_user": null, "last_edited_date": null}, "geometry": {"type": "Point", "coordinates": [31.559450306083196, 30.26718216102528, 0.0]}}, {"type": "Feature", "properties": {"Description": null, "Telecom_Feature_Type": "بوكس", "Easting": "031° 33' 27.78\" E", "Northing": "30° 16' 1.34\" N", "ID": "07", "GlobalID": "{9084F9C3-90A5-444A-8CE5-3D9E76A3D4AC}", "القطاع": "القطاع الثاني", "المسافة_بين_الكبنة_والبوكس": "270m", "I_D": "9-4", "created_user": null, "created_date": null, "last_edited_user": null, "last_edited_date": null}, "geometry": {"type": "Point", "coordinates": [31.559394156233633, 30.267205972749377, 0.0]}}, {"type": "Feature", "properties": {"Description": null, "Telecom_Feature_Type": "بوكس", "Easting": "031° 33' 38.87\" E", "Northing": "30° 16' 6.78\" N", "ID": "190", "GlobalID": "{511ECA69-0990-47E2-A5EB-D829CB8DD991}", "القطاع": "القطاع الثاني", "المسافة_بين_الكبنة_والبوكس": null, "I_D": "7-4", "created_user": null, "created_date": null, "last_edited_user": null, "last_edited_date": null}, "geometry": {"type": "Point", "coordinates": [31.5624742634374, 30.268716302477557, 0.0]}}, {"type": "Feature", "properties": {"Description": null, "Telecom_Feature_Type": "بوكس", "Easting": "031° 33' 35.34\" E", "Northing": "30° 16' 5.29\" N", "ID": "20", "GlobalID": "{CFABA36D-E2FF-49DF-8CEE-22E0B39101EB}", "القطاع": "القطاع الثاني", "المسافة_بين_الكبنة_والبوكس": "70m", "I_D": "7-4", "created_user": null, "created_date": null, "last_edited_user": null, "last_edited_date": null}, "geometry": {"type": "Point", "coordinates": [31.56149465027884, 30.268302409628877, 0.0]}}, {"type": "Feature", "properties": {"Description": null, "Telecom_Feature_Type": "بوكس", "Easting": "031° 33' 38.43\" E", "Northing": "30° 16' 5.34\" N", "ID": "16", "GlobalID": "{C89468D4-1F1A-42A2-A78E-FCCD4253F2C7}", "القطاع": "القطاع الثاني", "المسافة_بين_الكبنة_والبوكس": "195m", "I_D": "7-4", "created_user": null, "created_date": null, "last_edited_user": null, "last_edited_date": null}, "geometry": {"type": "Point", "coordinates": [31.562353309023248, 30.268316537155258, 0.0]}}, {"type": "Feature", "properties": {"Description": null, "Telecom_Feature_Type": "بوكس", "Easting": "031° 33' 36.99\" E", "Northing": "30° 16' 6.38\" N", "ID": "18", "GlobalID": "{3D637AAF-D3B0-44BA-8F9F-70AAEB77644A}", "القطاع": "القطاع الثاني", "المسافة_بين_الكبنة_والبوكس": "140m", "I_D": "7-4", "created_user": null, "created_date": null, "last_edited_user": null, "last_edited_date": null}, "geometry": {"type": "Point", "coordinates": [31.561950773397292, 30.268605888358316, 0.0]}}, {"type": "Feature", "properties": {"Description": null, "Telecom_Feature_Type": "بوكس", "Easting": "031° 33' 51.52\" E", "Northing": "30° 16' 25.03\" N", "ID": "3", "GlobalID": "{C51DF276-1BAB-40CB-9A7C-6EE54374E02E}", "القطاع": "القطاع الاول", "المسافة_بين_الكبنة_والبوكس": "200m", "I_D": "7-4", "created_user": null, "created_date": null, "last_edited_user": null, "last_edited_date": null}, "geometry": {"type": "Point", "coordinates": [31.565989284175856, 30.273784404531792, 0.0]}}, {"type": "Feature", "properties": {"Description": null, "Telecom_Feature_Type": "بوكس", "Easting": "031° 33' 19.73\" E", "Northing": "30° 16' 24.9\" N", "ID": "12", "GlobalID": "{658AE62E-9D99-4F0F-9444-0874CC61B7D0}", "القطاع": "القطاع الثالث", "المسافة_بين_الكبنة_والبوكس": "95m", "I_D": "5-3", "created_user": null, "created_date": null, "last_edited_user": null, "last_edited_date": null}, "geometry": {"type": "Point", "coordinates": [31.557158576668765, 30.273748980443408, 0.0]}}, {"type": "Feature", "properties": {"Description": null, "Telecom_Feature_Type": "بوكس", "Easting": "031° 33' 42.13\" E", "Northing": "30° 16' 39.77\" N", "ID": "13", "GlobalID": "{7D3B41A0-810C-4D6C-AC1F-410CE6446DAE}", "القطاع": "القطاع الثالث", "المسافة_بين_الكبنة_والبوكس": "150m", "I_D": "6-1", "created_user": null, "created_date": null, "last_edited_user": null, "last_edited_date": null}, "geometry": {"type": "Point", "coordinates": [31.563379074471165, 30.27788167453495, 0.0]}}, {"type": "Feature", "properties": {"Description": null, "Telecom_Feature_Type": "بوكس", "Easting": "031° 33' 58.56\" E", "Northing": "30° 16' 27.32\" N", "ID": "2", "GlobalID": "{78BCFF3C-B58C-446D-A0B5-996168A518E9}", "القطاع": "القطاع الاول", "المسافة_بين_الكبنة_والبوكس": "210m", "I_D": "7-3", "created_user": null, "created_date": null, "last_edited_user": null, "last_edited_date": null}, "geometry": {"type": "Point", "coordinates": [31.56794286850082, 30.27442168970224, 0.0]}}, {"type": "Feature", "properties": {"Description": null, "Telecom_Feature_Type": "بوكس", "Easting": "031° 33' 56.82\" E", "Northing": "30° 16' 27.6\" N", "ID": "3", "GlobalID": "{6BB7F502-0BB1-4F6D-BEC3-1AEAF744504E}", "القطاع": "القطاع الاول", "المسافة_بين_الكبنة_والبوكس": null, "I_D": "7-3", "created_user": null, "created_date": null, "last_edited_user": null, "last_edited_date": null}, "geometry": {"type": "Point", "coordinates": [31.56745982270128, 30.274499646261255, 0.0]}}, {"type": "Feature", "properties": {"Description": null, "Telecom_Feature_Type": "بوكس", "Easting": "031° 33' 56.85\" E", "Northing": "30° 16' 25.65\" N", "ID": "6", "GlobalID": "{A10BDF74-2CDD-4E90-AB2A-C638FD36EAE6}", "القطاع": "القطاع الاول", "المسافة_بين_الكبنة_والبوكس": "5m", "I_D": "7-3", "created_user": null, "created_date": null, "last_edited_user": null, "last_edited_date": null}, "geometry": {"type": "Point", "coordinates": [31.567468762792565, 30.273956902303823, 0.0]}}, {"type": "Feature", "properties": {"Description": null, "Telecom_Feature_Type": "بوكس", "Easting": "031° 33' 54.81\" E", "Northing": "30° 16' 25.32\" N", "ID": "9", "GlobalID": "{A431B1F7-7851-427D-BBF9-5FB76476C948}", "القطاع": "القطاع الاول", "المسافة_بين_الكبنة_والبوكس": "130m", "I_D": "7-3", "created_user": null, "created_date": null, "last_edited_user": null, "last_edited_date": null}, "geometry": {"type": "Point", "coordinates": [31.566900920203516, 30.273865863266828, 0.0]}}, {"type": "Feature", "properties": {"Description": null, "Telecom_Feature_Type": "بوكس", "Easting": "031° 33' 54.73\" E", "Northing": "30° 16' 23.52\" N", "ID": "18A", "GlobalID": "{72946378-94CE-41C2-A1B1-6E62F32E5089}", "القطاع": "القطاع الاول", "المسافة_بين_الكبنة_والبوكس": "5m", "I_D": "7-3", "created_user": null, "created_date": null, "last_edited_user": null, "last_edited_date": null}, "geometry": {"type": "Point", "coordinates": [31.566879535927917, 30.273367690424053, 0.0]}}, {"type": "Feature", "properties": {"Description": null, "Telecom_Feature_Type": "بوكس", "Easting": "031° 33' 57.51\" E", "Northing": "30° 16' 25.15\" N", "ID": "5", "GlobalID": "{55A4B238-76DF-45F0-9E27-77CEB9B6DA53}", "القطاع": "القطاع الاول", "المسافة_بين_الكبنة_والبوكس": "155m", "I_D": "7-3", "created_user": null, "created_date": null, "last_edited_user": null, "last_edited_date": null}, "geometry": {"type": "Point", "coordinates": [31.567652446386248, 30.27381842486961, 0.0]}}, {"type": "Feature", "properties": {"Description": null, "Telecom_Feature_Type": "بوكس", "Easting": "031° 33' 55.48\" E", "Northing": "30° 16' 23.11\" N", "ID": "16", "GlobalID": "{CBB4A715-40FA-4336-B191-BBD03E846C50}", "القطاع": "القطاع الاول", "المسافة_بين_الكبنة_والبوكس": "140m", "I_D": "7-3", "created_user": null, "created_date": null, "last_edited_user": null, "last_edited_date": null}, "geometry": {"type": "Point", "coordinates": [31.56708803010289, 30.273252696759823, 0.0]}}, {"type": "Feature", "properties": {"Description": null, "Telecom_Feature_Type": "بوكس", "Easting": "031° 33' 53.26\" E", "Northing": "30° 16' 20.92\" N", "ID": "11", "GlobalID": "{011495B3-0CDB-4B88-B6AF-380E498E95C4}", "القطاع": "القطاع الاول", "المسافة_بين_الكبنة_والبوكس": "240m", "I_D": "7-3", "created_user": null, "created_date": null, "last_edited_user": null, "last_edited_date": null}, "geometry": {"type": "Point", "coordinates": [31.566472403837274, 30.2726445062355, 0.0]}}, {"type": "Feature", "properties": {"Description": null, "Telecom_Feature_Type": "بوكس", "Easting": "031° 33' 52.58\" E", "Northing": "30° 16' 21.43\" N", "ID": "12", "GlobalID": "{2F207259-7988-4558-B1AB-40940C785D0B}", "القطاع": "القطاع الاول", "المسافة_بين_الكبنة_والبوكس": "205m", "I_D": "7-3", "created_user": null, "created_date": null, "last_edited_user": null, "last_edited_date": null}, "geometry": {"type": "Point", "coordinates": [31.566283159465936, 30.27278638690522, 0.0]}}, {"type": "Feature", "properties": {"Description": null, "Telecom_Feature_Type": "بوكس", "Easting": "031° 33' 50.49\" E", "Northing": "30° 16' 19.52\" N", "ID": "15", "GlobalID": "{A730C1AD-BAB2-43DE-9F77-21269A78011E}", "القطاع": "القطاع الاول", "المسافة_بين_الكبنة_والبوكس": "170m", "I_D": "7-2", "created_user": null, "created_date": null, "last_edited_user": null, "last_edited_date": null}, "geometry": {"type": "Point", "coordinates": [31.565700968200222, 30.27225477339099, 0.0]}}, {"type": "Feature", "properties": {"Description": null, "Telecom_Feature_Type": "بوكس", "Easting": "031° 33' 48.21\" E", "Northing": "30° 16' 17.31\" N", "ID": "26", "GlobalID": "{30F98F34-2F28-49C4-9264-A9013DBF105C}", "القطاع": "القطاع الاول", "المسافة_بين_الكبنة_والبوكس": "30m", "I_D": "7-2", "created_user": null, "created_date": null, "last_edited_user": null, "last_edited_date": null}, "geometry": {"type": "Point", "coordinates": [31.56506903760712, 30.27164076776082, 0.0]}}, {"type": "Feature", "properties": {"Description": null, "Telecom_Feature_Type": "بوكس", "Easting": "031° 33' 57.08\" E", "Northing": "30° 16' 24.72\" N", "ID": "7", "GlobalID": "{1D98A90C-65F5-4E2A-8814-0C4183139D82}", "القطاع": "القطاع الاول", "المسافة_بين_الكبنة_والبوكس": "140m", "I_D": "7-3", "created_user": null, "created_date": null, "last_edited_user": null, "last_edited_date": null}, "geometry": {"type": "Point", "coordinates": [31.56753291844669, 30.273699277145504, 0.0]}}, {"type": "Feature", "properties": {"Description": null, "Telecom_Feature_Type": "بوكس", "Easting": "031° 33' 54.96\" E", "Northing": "30° 16' 22.6\" N", "ID": "17A", "GlobalID": "{D68F1F58-37D8-4566-87B0-C608B7CFDE4A}", "القطاع": "القطاع الاول", "المسافة_بين_الكبنة_والبوكس": "5m", "I_D": "7-3", "created_user": null, "created_date": null, "last_edited_user": null, "last_edited_date": null}, "geometry": {"type": "Point", "coordinates": [31.566943343236538, 30.273110005688753, 0.0]}}, {"type": "Feature", "properties": {"Description": null, "Telecom_Feature_Type": "بوكس", "Easting": "031° 33' 52.82\" E", "Northing": "30° 16' 20.49\" N", "ID": "1", "GlobalID": "{456A2EEF-8139-4660-8A39-FC62EFFFB0D9}", "القطاع": "القطاع الاول", "المسافة_بين_الكبنة_والبوكس": "300m", "I_D": "7-2", "created_user": null, "created_date": null, "last_edited_user": null, "last_edited_date": null}, "geometry": {"type": "Point", "coordinates": [31.56634915847139, 30.272525395993966, 0.0]}}, {"type": "Feature", "properties": {"Description": null, "Telecom_Feature_Type": "بوكس", "Easting": "031° 33' 50.69\" E", "Northing": "30° 16' 18.39\" N", "ID": "4", "GlobalID": "{2137D14A-48A3-4BAC-ABF4-EB4D4D7632DC}", "القطاع": "القطاع الاول", "المسافة_بين_الكبنة_والبوكس": "215m", "I_D": "7-2", "created_user": null, "created_date": null, "last_edited_user": null, "last_edited_date": null}, "geometry": {"type": "Point", "coordinates": [31.56575833432319, 30.271941497845244, 0.0]}}, {"type": "Feature", "properties": {"Description": null, "Telecom_Feature_Type": "بوكس", "Easting": "031° 33' 49.72\" E", "Northing": "30° 16' 18.91\" N", "ID": "16", "GlobalID": "{9233FE49-413F-4513-9A34-DEBEEF4A122C}", "القطاع": "القطاع الاول", "المسافة_بين_الكبنة_والبوكس": "160m", "I_D": "7-2", "created_user": null, "created_date": null, "last_edited_user": null, "last_edited_date": null}, "geometry": {"type": "Point", "coordinates": [31.56548856251184, 30.2720870063837, 0.0]}}, {"type": "Feature", "properties": {"Description": null, "Telecom_Feature_Type": "بوكس", "Easting": "031° 33' 52.09\" E", "Northing": "30° 16' 20.94\" N", "ID": "13", "GlobalID": "{0DA6E35F-BF01-48D7-8938-74812366E381}", "القطاع": "القطاع الاول", "المسافة_بين_الكبنة_والبوكس": "275m", "I_D": "7-2", "created_user": null, "created_date": null, "last_edited_user": null, "last_edited_date": null}, "geometry": {"type": "Point", "coordinates": [31.56614695487753, 30.272648803557498, 0.0]}}, {"type": "Feature", "properties": {"Description": null, "Telecom_Feature_Type": "بوكس", "Easting": "031° 33' 54.29\" E", "Northing": "30° 16' 23.11\" N", "ID": "14A", "GlobalID": "{F5AFC2BC-1714-4622-95B4-114A175FB33F}", "القطاع": "القطاع الاول", "المسافة_بين_الكبنة_والبوكس": "5m", "I_D": "7-3", "created_user": null, "created_date": null, "last_edited_user": null, "last_edited_date": null}, "geometry": {"type": "Point", "coordinates": [31.566757507800524, 30.273253039542706, 0.0]}}, {"type": "Feature", "properties": {"Description": null, "Telecom_Feature_Type": "بوكس", "Easting": "031° 33' 56.43\" E", "Northing": "30° 16' 25.21\" N", "ID": "8A", "GlobalID": "{1D98FA76-3E5C-4BFA-B671-844FA7C4AB38}", "القطاع": "القطاع الاول", "المسافة_بين_الكبنة_والبوكس": "5m", "I_D": "7-3", "created_user": null, "created_date": null, "last_edited_user": null, "last_edited_date": null}, "geometry": {"type": "Point", "coordinates": [31.56735230332517, 30.273835312838468, 0.0]}}, {"type": "Feature", "properties": {"Description": null, "Telecom_Feature_Type": "بوكس", "Easting": "031° 33' 55.49\" E", "Northing": "30° 16' 21.14\" N", "ID": "10A", "GlobalID": "{96779F58-FBE3-4BDF-A6AE-BEA06F9622C7}", "القطاع": "القطاع الاول", "المسافة_بين_الكبنة_والبوكس": "5m", "I_D": "7-3", "created_user": null, "created_date": null, "last_edited_user": null, "last_edited_date": null}, "geometry": {"type": "Point", "coordinates": [31.567090174879368, 30.27270440205288, 0.0]}}, {"type": "Feature", "properties": {"Description": null, "Telecom_Feature_Type": "بوكس", "Easting": "031° 33' 51.24\" E", "Northing": "30° 16' 16.94\" N", "ID": "5", "GlobalID": "{E130F024-D88A-4937-80BB-0918AC500EBE}", "القطاع": "القطاع الاول", "المسافة_بين_الكبنة_والبوكس": "150m", "I_D": "7-2", "created_user": null, "created_date": null, "last_edited_user": null, "last_edited_date": null}, "geometry": {"type": "Point", "coordinates": [31.565909595512494, 30.27153738273929, 0.0]}}, {"type": "Feature", "properties": {"Description": null, "Telecom_Feature_Type": "بوكس", "Easting": "031° 33' 52.59\" E", "Northing": "30° 16' 23.2\" N", "ID": "13", "GlobalID": "{AC156516-4607-4D16-890B-7247FC6EECA5}", "القطاع": "القطاع الاول", "المسافة_بين_الكبنة_والبوكس": "120m", "I_D": "7-3", "created_user": null, "created_date": null, "last_edited_user": null, "last_edited_date": null}, "geometry": {"type": "Point", "coordinates": [31.566284332909966, 30.27327832747361, 0.0]}}, {"type": "Feature", "properties": {"Description": null, "Telecom_Feature_Type": "بوكس", "Easting": "031° 33' 47.2\" E", "Northing": "30° 16' 20.37\" N", "ID": "12", "GlobalID": "{0DEFA4A9-AA87-4E91-AE3A-4208F0707EDB}", "القطاع": "القطاع الاول", "المسافة_بين_الكبنة_والبوكس": "125m", "I_D": "7-2", "created_user": null, "created_date": null, "last_edited_user": null, "last_edited_date": null}, "geometry": {"type": "Point", "coordinates": [31.56478931977582, 30.27249108084973, 0.0]}}, {"type": "Feature", "properties": {"Description": null, "Telecom_Feature_Type": "بوكس", "Easting": "031° 33' 57.1\" E", "Northing": "30° 16' 31.88\" N", "ID": "9", "GlobalID": "{FC37B2A4-5380-4924-A729-431335240195}", "القطاع": "القطاع الاول", "المسافة_بين_الكبنة_والبوكس": "5m", "I_D": "7-4", "created_user": null, "created_date": null, "last_edited_user": null, "last_edited_date": null}, "geometry": {"type": "Point", "coordinates": [31.567538127233377, 30.2756885501681, 0.0]}}, {"type": "Feature", "properties": {"Description": null, "Telecom_Feature_Type": "بوكس", "Easting": "031° 33' 41.03\" E", "Northing": "30° 16' 27.32\" N", "ID": "21", "GlobalID": "{AB9A3F80-427F-4412-A1BD-74FF56082818}", "القطاع": "القطاع الاول", "المسافة_بين_الكبنة_والبوكس": "190m", "I_D": "6-4", "created_user": null, "created_date": null, "last_edited_user": null, "last_edited_date": null}, "geometry": {"type": "Point", "coordinates": [31.563073246387205, 30.274421146272758, 0.0]}}, {"type": "Feature", "properties": {"Description": null, "Telecom_Feature_Type": "بوكس", "Easting": "031° 33' 41.9\" E", "Northing": "30° 16' 26.4\" N", "ID": "6", "GlobalID": "{E7194B01-4E7D-481D-85EE-10F4F80C975C}", "القطاع": "القطاع الاول", "المسافة_بين_الكبنة_والبوكس": "190m", "I_D": "6-4", "created_user": null, "created_date": null, "last_edited_user": null, "last_edited_date": null}, "geometry": {"type": "Point", "coordinates": [31.56331485933906, 30.274165993963074, 0.0]}}, {"type": "Feature", "properties": {"Description": null, "Telecom_Feature_Type": "بوكس", "Easting": "031° 33' 44.33\" E", "Northing": "30° 16' 28.29\" N", "ID": "3", "GlobalID": "{F144BC3A-015E-42F6-BB45-C72D66692971}", "القطاع": "القطاع الاول", "المسافة_بين_الكبنة_والبوكس": "240m", "I_D": "6-4", "created_user": null, "created_date": null, "last_edited_user": null, "last_edited_date": null}, "geometry": {"type": "Point", "coordinates": [31.563989652937686, 30.274691700120915, 0.0]}}, {"type": "Feature", "properties": {"Description": null, "Telecom_Feature_Type": "بوكس", "Easting": "031° 33' 49.03\" E", "Northing": "30° 16' 32.09\" N", "ID": "17", "GlobalID": "{26CB0615-7F94-449D-9687-F09D7CF8F847}", "القطاع": "القطاع الاول", "المسافة_بين_الكبنة_والبوكس": "190m", "I_D": "6-2", "created_user": null, "created_date": null, "last_edited_user": null, "last_edited_date": null}, "geometry": {"type": "Point", "coordinates": [31.565297556721863, 30.27574697074765, 0.0]}}, {"type": "Feature", "properties": {"Description": null, "Telecom_Feature_Type": "بوكس", "Easting": "031° 33' 50.76\" E", "Northing": "30° 16' 31.91\" N", "ID": "15", "GlobalID": "{5376A7DE-60D2-408F-A206-FF3173058B94}", "القطاع": "القطاع الاول", "المسافة_بين_الكبنة_والبوكس": "200m", "I_D": "6-2", "created_user": null, "created_date": null, "last_edited_user": null, "last_edited_date": null}, "geometry": {"type": "Point", "coordinates": [31.565776052949523, 30.275696739880956, 0.0]}}, {"type": "Feature", "properties": {"Description": null, "Telecom_Feature_Type": "بوكس", "Easting": "031° 33' 48.34\" E", "Northing": "30° 16' 29.98\" N", "ID": "10", "GlobalID": "{59435E18-B5C9-42C0-826B-94A8D09668A5}", "القطاع": "القطاع الاول", "المسافة_بين_الكبنة_والبوكس": "300m", "I_D": "6-2", "created_user": null, "created_date": null, "last_edited_user": null, "last_edited_date": null}, "geometry": {"type": "Point", "coordinates": [31.56510386297685, 30.275159951228957, 0.0]}}, {"type": "Feature", "properties": {"Description": null, "Telecom_Feature_Type": "بوكس", "Easting": "031° 33' 45.9\" E", "Northing": "30° 16' 28.09\" N", "ID": "2", "GlobalID": "{770020B9-7E07-475B-9E93-D4F2A2C0BBFA}", "القطاع": "القطاع الاول", "المسافة_بين_الكبنة_والبوكس": "200m", "I_D": "6-4", "created_user": null, "created_date": null, "last_edited_user": null, "last_edited_date": null}, "geometry": {"type": "Point", "coordinates": [31.56442804220779, 30.27463686766637, 0.0]}}, {"type": "Feature", "properties": {"Description": null, "Telecom_Feature_Type": "بوكس", "Easting": "031° 33' 43.57\" E", "Northing": "30° 16' 26.26\" N", "ID": "5", "GlobalID": "{7C799004-5630-4EE2-95D8-B69208C3D84E}", "القطاع": "القطاع الاول", "المسافة_بين_الكبنة_والبوكس": "200m", "I_D": "6-4", "created_user": null, "created_date": null, "last_edited_user": null, "last_edited_date": null}, "geometry": {"type": "Point", "coordinates": [31.563780333554185, 30.27412856141975, 0.0]}}, {"type": "Feature", "properties": {"Description": null, "Telecom_Feature_Type": "بوكس", "Easting": "031° 33' 43.77\" E", "Northing": "30° 16' 21.5\" N", "ID": "14", "GlobalID": "{63DCD43E-969F-4772-B73B-10664D459CC8}", "القطاع": "القطاع الاول", "المسافة_بين_الكبنة_والبوكس": "265m", "I_D": "6-4", "created_user": null, "created_date": null, "last_edited_user": null, "last_edited_date": null}, "geometry": {"type": "Point", "coordinates": [31.563834337402373, 30.27280640060718, 0.0]}}, {"type": "Feature", "properties": {"Description": null, "Telecom_Feature_Type": "بوكس", "Easting": "031° 33' 45.14\" E", "Northing": "30° 16' 22.74\" N", "ID": "10", "GlobalID": "{60AAC356-8231-4891-9D26-2A440853B480}", "القطاع": "القطاع الاول", "المسافة_بين_الكبنة_والبوكس": "335m", "I_D": "6-4", "created_user": null, "created_date": null, "last_edited_user": null, "last_edited_date": null}, "geometry": {"type": "Point", "coordinates": [31.564216523926525, 30.273149348380183, 0.0]}}, {"type": "Feature", "properties": {"Description": null, "Telecom_Feature_Type": "بوكس", "Easting": "031° 33' 44.86\" E", "Northing": "30° 16' 23.87\" N", "ID": "11", "GlobalID": "{637133B0-5C1C-45C8-9A14-BC88FC0C3D21}", "القطاع": "القطاع الاول", "المسافة_بين_الكبنة_والبوكس": "280m", "I_D": "6-4", "created_user": null, "created_date": null, "last_edited_user": null, "last_edited_date": null}, "geometry": {"type": "Point", "coordinates": [31.564137105940542, 30.273462704572268, 0.0]}}, {"type": "Feature", "properties": {"Description": null, "Telecom_Feature_Type": "بوكس", "Easting": "031° 33' 41.31\" E", "Northing": "30° 16' 25.48\" N", "ID": "7", "GlobalID": "{B28D9627-727D-4A2D-AC49-1788D036A043}", "القطاع": "القطاع الاول", "المسافة_بين_الكبنة_والبوكس": "150m", "I_D": "6-4", "created_user": null, "created_date": null, "last_edited_user": null, "last_edited_date": null}, "geometry": {"type": "Point", "coordinates": [31.5631512263224, 30.273911669188642, 0.0]}}, {"type": "Feature", "properties": {"Description": null, "Telecom_Feature_Type": "بوكس", "Easting": "031° 33' 40.33\" E", "Northing": "30° 16' 26.44\" N", "ID": "22A", "GlobalID": "{22872D6D-BA0A-49CB-9DB1-F3CF218D8AA0}", "القطاع": "القطاع الاول", "المسافة_بين_الكبنة_والبوكس": "150m", "I_D": "6-4", "created_user": null, "created_date": null, "last_edited_user": null, "last_edited_date": null}, "geometry": {"type": "Point", "coordinates": [31.562880806211787, 30.27417612585286, 0.0]}}, {"type": "Feature", "properties": {"Description": null, "Telecom_Feature_Type": "بوكس", "Easting": "031° 33' 42.55\" E", "Northing": "30° 16' 28.57\" N", "ID": "19", "GlobalID": "{1C21D49C-A245-40D6-8759-EB7F3ECDEE54}", "القطاع": "القطاع الاول", "المسافة_بين_الكبنة_والبوكس": "5m", "I_D": "6-4", "created_user": null, "created_date": null, "last_edited_user": null, "last_edited_date": null}, "geometry": {"type": "Point", "coordinates": [31.5634953568352, 30.274769152852727, 0.0]}}, {"type": "Feature", "properties": {"Description": null, "Telecom_Feature_Type": "بوكس", "Easting": "031° 33' 48.3\" E", "Northing": "30° 16' 31.34\" N", "ID": "16", "GlobalID": "{C2F6A83E-0603-4E67-9EAB-0FC909E9475D}", "القطاع": "القطاع الاول", "المسافة_بين_الكبنة_والبوكس": "5m", "I_D": "6-2", "created_user": null, "created_date": null, "last_edited_user": null, "last_edited_date": null}, "geometry": {"type": "Point", "coordinates": [31.565093743039263, 30.27553722661083, 0.0]}}, {"type": "Feature", "properties": {"Description": null, "Telecom_Feature_Type": "بوكس", "Easting": "031° 33' 46.2\" E", "Northing": "30° 16' 29.23\" N", "ID": "1", "GlobalID": "{081937C1-3D39-4852-A8FF-7379DB93B37B}", "القطاع": "القطاع الاول", "المسافة_بين_الكبنة_والبوكس": "5m", "I_D": "6-4", "created_user": null, "created_date": null, "last_edited_user": null, "last_edited_date": null}, "geometry": {"type": "Point", "coordinates": [31.564509835942854, 30.27495209726709, 0.0]}}, {"type": "Feature", "properties": {"Description": null, "Telecom_Feature_Type": "بوكس", "Easting": "031° 33' 50.66\" E", "Northing": "30° 16' 33.22\" N", "ID": "4", "GlobalID": "{ABBB3721-577B-44F9-AC13-09D6BFBF4948}", "القطاع": "القطاع الاول", "المسافة_بين_الكبنة_والبوكس": "5m", "I_D": "6-2", "created_user": null, "created_date": null, "last_edited_user": null, "last_edited_date": null}, "geometry": {"type": "Point", "coordinates": [31.56575025542122, 30.276059959612763, 0.0]}}, {"type": "Feature", "properties": {"Description": null, "Telecom_Feature_Type": "بوكس", "Easting": "031° 33' 43.45\" E", "Northing": "30° 16' 23.78\" N", "ID": "12", "GlobalID": "{7719B6DB-1259-428B-B1C2-8B0BBE1E2CE1}", "القطاع": "القطاع الاول", "المسافة_بين_الكبنة_والبوكس": "240m", "I_D": "6-4", "created_user": null, "created_date": null, "last_edited_user": null, "last_edited_date": null}, "geometry": {"type": "Point", "coordinates": [31.563746516199405, 30.27343942104583, 0.0]}}, {"type": "Feature", "properties": {"Description": null, "Telecom_Feature_Type": "بوكس", "Easting": "031° 33' 42.45\" E", "Northing": "30° 16' 21.7\" N", "ID": "15", "GlobalID": "{31D4ED0F-E350-4A85-9248-DE58162D39F0}", "القطاع": "القطاع الاول", "المسافة_بين_الكبنة_والبوكس": "230m", "I_D": "6-4", "created_user": null, "created_date": null, "last_edited_user": null, "last_edited_date": null}, "geometry": {"type": "Point", "coordinates": [31.56346946055345, 30.27286206439616, 0.0]}}, {"type": "Feature", "properties": {"Description": null, "Telecom_Feature_Type": "بوكس", "Easting": "031° 33' 55.32\" E", "Northing": "30° 16' 15.69\" N", "ID": "9", "GlobalID": "{D46B6311-D358-4D34-8EDB-12585569E080}", "القطاع": "القطاع الثاني", "المسافة_بين_الكبنة_والبوكس": "260m", "I_D": "10-2", "created_user": null, "created_date": null, "last_edited_user": null, "last_edited_date": null}, "geometry": {"type": "Point", "coordinates": [31.567044786357776, 30.27119158083095, 0.0]}}, {"type": "Feature", "properties": {"Description": null, "Telecom_Feature_Type": "بوكس", "Easting": "031° 33' 55.03\" E", "Northing": "30° 16' 16.23\" N", "ID": null, "GlobalID": "{0E7B2B2F-C7DB-486D-B45E-15C81D78D026}", "القطاع": "القطاع الثاني", "المسافة_بين_الكبنة_والبوكس": null, "I_D": "10-2", "created_user": null, "created_date": null, "last_edited_user": null, "last_edited_date": null}, "geometry": {"type": "Point", "coordinates": [31.56696306249596, 30.271342499675466, 0.0]}}, {"type": "Feature", "properties": {"Description": null, "Telecom_Feature_Type": "بوكس", "Easting": "031° 33' 54.2\" E", "Northing": "30° 16' 16.82\" N", "ID": "6", "GlobalID": "{D8080C2B-BB89-44BB-BB90-A2B772FF1CD2}", "القطاع": "القطاع الثاني", "المسافة_بين_الكبنة_والبوكس": "230m", "I_D": "10-2", "created_user": null, "created_date": null, "last_edited_user": null, "last_edited_date": null}, "geometry": {"type": "Point", "coordinates": [31.566731791708843, 30.271504887521264, 0.0]}}, {"type": "Feature", "properties": {"Description": null, "Telecom_Feature_Type": "بوكس", "Easting": "031° 33' 53.49\" E", "Northing": "30° 16' 14.89\" N", "ID": "8", "GlobalID": "{71A0094B-65A0-47FE-85A1-16B9117E59C0}", "القطاع": "القطاع الثاني", "المسافة_بين_الكبنة_والبوكس": "210m", "I_D": "10-2", "created_user": null, "created_date": null, "last_edited_user": null, "last_edited_date": null}, "geometry": {"type": "Point", "coordinates": [31.566535858211864, 30.270969806473108, 0.0]}}, {"type": "Feature", "properties": {"Description": null, "Telecom_Feature_Type": "بوكس", "Easting": "031° 33' 52.54\" E", "Northing": "30° 16' 15.82\" N", "ID": "9", "GlobalID": "{F28BE05E-F2E0-4F74-AB98-46E51DB995C8}", "القطاع": "القطاع الثاني", "المسافة_بين_الكبنة_والبوكس": "180m", "I_D": "10-2", "created_user": null, "created_date": null, "last_edited_user": null, "last_edited_date": null}, "geometry": {"type": "Point", "coordinates": [31.566272860927775, 30.27122667712165, 0.0]}}, {"type": "Feature", "properties": {"Description": null, "Telecom_Feature_Type": "بوكس", "Easting": "031° 33' 50.5\" E", "Northing": "30° 16' 12.74\" N", "ID": "13", "GlobalID": "{77630342-D26C-4A43-8C2D-C08FE9BD5DA4}", "القطاع": "القطاع الثاني", "المسافة_بين_الكبنة_والبوكس": "100m", "I_D": "10-2", "created_user": null, "created_date": null, "last_edited_user": null, "last_edited_date": null}, "geometry": {"type": "Point", "coordinates": [31.565706007369723, 30.270371729042626, 0.0]}}, {"type": "Feature", "properties": {"Description": null, "Telecom_Feature_Type": "بوكس", "Easting": "031° 33' 51.51\" E", "Northing": "30° 16' 13.1\" N", "ID": "12", "GlobalID": "{1D918810-01A9-43B4-AD3D-C0DDF365C2EA}", "القطاع": "القطاع الثاني", "المسافة_بين_الكبنة_والبوكس": "125m", "I_D": "10-2", "created_user": null, "created_date": null, "last_edited_user": null, "last_edited_date": null}, "geometry": {"type": "Point", "coordinates": [31.56598459198882, 30.270472598757976, 0.0]}}, {"type": "Feature", "properties": {"Description": null, "Telecom_Feature_Type": "بوكس", "Easting": "031° 33' 49.97\" E", "Northing": "30° 16' 13.65\" N", "ID": "14", "GlobalID": "{5211BEA4-900D-4B60-91D8-C43D3C2B4F96}", "القطاع": "القطاع الثاني", "المسافة_بين_الكبنة_والبوكس": "70m", "I_D": "10-2", "created_user": null, "created_date": null, "last_edited_user": null, "last_edited_date": null}, "geometry": {"type": "Point", "coordinates": [31.565558626846045, 30.27062339265921, 0.0]}}, {"type": "Feature", "properties": {"Description": null, "Telecom_Feature_Type": "بوكس", "Easting": "031° 33' 51.22\" E", "Northing": "30° 16' 14.64\" N", "ID": "11", "GlobalID": "{034E0EB7-84CF-4370-BC32-8D24B0526F3F}", "القطاع": "القطاع الثاني", "المسافة_بين_الكبنة_والبوكس": "120m", "I_D": "10-2", "created_user": null, "created_date": null, "last_edited_user": null, "last_edited_date": null}, "geometry": {"type": "Point", "coordinates": [31.565904172599378, 30.27089900814074, 0.0]}}, {"type": "Feature", "properties": {"Description": null, "Telecom_Feature_Type": "بوكس", "Easting": "031° 33' 49.01\" E", "Northing": "30° 16' 11.74\" N", "ID": "28", "GlobalID": "{A66CF4CE-26C9-468D-B466-48FF189D80FD}", "القطاع": "القطاع الثاني", "المسافة_بين_الكبنة_والبوكس": "70m", "I_D": "10-2", "created_user": null, "created_date": null, "last_edited_user": null, "last_edited_date": null}, "geometry": {"type": "Point", "coordinates": [31.56529211521649, 30.270093333439135, 0.0]}}, {"type": "Feature", "properties": {"Description": null, "Telecom_Feature_Type": "بوكس", "Easting": "031° 33' 47.67\" E", "Northing": "30° 16' 10.83\" N", "ID": "26", "GlobalID": "{174CB118-1BF1-49B0-A97F-6584C455C868}", "القطاع": "القطاع الثاني", "المسافة_بين_الكبنة_والبوكس": "120m", "I_D": "10-2", "created_user": null, "created_date": null, "last_edited_user": null, "last_edited_date": null}, "geometry": {"type": "Point", "coordinates": [31.564918288082172, 30.269841987614456, 0.0]}}, {"type": "Feature", "properties": {"Description": null, "Telecom_Feature_Type": "بوكس", "Easting": "031° 33' 48.4\" E", "Northing": "30° 16' 12.52\" N", "ID": "29", "GlobalID": "{B0EAD62F-ED8D-4FB3-ACF3-9F204E37464E}", "القطاع": "القطاع الثاني", "المسافة_بين_الكبنة_والبوكس": "40m", "I_D": "10-2", "created_user": null, "created_date": null, "last_edited_user": null, "last_edited_date": null}, "geometry": {"type": "Point", "coordinates": [31.565120843508513, 30.270309595106074, 0.0]}}, {"type": "Feature", "properties": {"Description": null, "Telecom_Feature_Type": "بوكس", "Easting": "031° 33' 47.22\" E", "Northing": "30° 16' 11.38\" N", "ID": "27", "GlobalID": "{2AF8097F-ED87-424B-B739-D8034116DA50}", "القطاع": "القطاع الثاني", "المسافة_بين_الكبنة_والبوكس": "70m", "I_D": "10-2", "created_user": null, "created_date": null, "last_edited_user": null, "last_edited_date": null}, "geometry": {"type": "Point", "coordinates": [31.56479387131039, 30.26999479751362, 0.0]}}, {"type": "Feature", "properties": {"Description": null, "Telecom_Feature_Type": "بوكس", "Easting": "031° 33' 39.21\" E", "Northing": "30° 16' 2.48\" N", "ID": "30", "GlobalID": "{5A1B3661-993E-4EE3-9E21-B59203DD9327}", "القطاع": "القطاع الثاني", "المسافة_بين_الكبنة_والبوكس": "60m", "I_D": "11-2", "created_user": null, "created_date": null, "last_edited_user": null, "last_edited_date": null}, "geometry": {"type": "Point", "coordinates": [31.56256999798326, 30.26752296159135, 0.0]}}, {"type": "Feature", "properties": {"Description": null, "Telecom_Feature_Type": "بوكس", "Easting": "031° 33' 50.39\" E", "Northing": "30° 16' 21.27\" N", "ID": "14", "GlobalID": "{8475C11E-AC7C-4571-B437-F0C550888FDD}", "القطاع": "القطاع الاول", "المسافة_بين_الكبنة_والبوكس": "205m", "I_D": "7-2", "created_user": null, "created_date": null, "last_edited_user": null, "last_edited_date": null}, "geometry": {"type": "Point", "coordinates": [31.565673208125222, 30.27274218248491, 0.0]}}, {"type": "Feature", "properties": {"Description": null, "Telecom_Feature_Type": "بوكس", "Easting": "031° 33' 21.66\" E", "Northing": "30° 16' 40.5\" N", "ID": "15", "GlobalID": "{54E339E4-A6E5-43AB-BD41-D76D6AF24F12}", "القطاع": "القطاع الثالث", "المسافة_بين_الكبنة_والبوكس": "130m", "I_D": "8-1", "created_user": null, "created_date": null, "last_edited_user": null, "last_edited_date": null}, "geometry": {"type": "Point", "coordinates": [31.557694680351613, 30.27808406709204, 0.0]}}, {"type": "Feature", "properties": {"Description": null, "Telecom_Feature_Type": "بوكس", "Easting": "031° 33' 20.8\" E", "Northing": "30° 16' 41.49\" N", "ID": "14", "GlobalID": "{7F0BF14B-786B-423F-9F22-C1CB4E7BB234}", "القطاع": "القطاع الثالث", "المسافة_بين_الكبنة_والبوكس": "170m", "I_D": "8-1", "created_user": null, "created_date": null, "last_edited_user": null, "last_edited_date": null}, "geometry": {"type": "Point", "coordinates": [31.557455863312637, 30.27835935605874, 0.0]}}, {"type": "Feature", "properties": {"Description": null, "Telecom_Feature_Type": "بوكس", "Easting": "031° 33' 56.33\" E", "Northing": "30° 16' 4.5\" N", "ID": "21", "GlobalID": "{97191BBA-9AEF-4C01-B3A8-5215E381ED4C}", "القطاع": "القطاع الثاني", "المسافة_بين_الكبنة_والبوكس": "240m", "I_D": "12-2", "created_user": null, "created_date": null, "last_edited_user": null, "last_edited_date": null}, "geometry": {"type": "Point", "coordinates": [31.56732421137616, 30.268083819982547, 0.0]}}, {"type": "Feature", "properties": {"Description": null, "Telecom_Feature_Type": "بوكس", "Easting": "031° 33' 54.86\" E", "Northing": "30° 16' 29.89\" N", "ID": "12", "GlobalID": "{B1EC947B-AC40-4A55-BD4D-A941F3B75F8B}", "القطاع": "القطاع الاول", "المسافة_بين_الكبنة_والبوكس": "5m", "I_D": "7-4", "created_user": null, "created_date": null, "last_edited_user": null, "last_edited_date": null}, "geometry": {"type": "Point", "coordinates": [31.56691508477977, 30.27513461600902, 0.0]}}, {"type": "Feature", "properties": {"Description": null, "Telecom_Feature_Type": "بوكس", "Easting": "031° 33' 54.67\" E", "Northing": "30° 16' 30.84\" N", "ID": "17A", "GlobalID": "{49C25D26-66F7-4408-BDA3-384C29ADC8EA}", "القطاع": "القطاع الاول", "المسافة_بين_الكبنة_والبوكس": "5m", "I_D": "7-4", "created_user": null, "created_date": null, "last_edited_user": null, "last_edited_date": null}, "geometry": {"type": "Point", "coordinates": [31.566863273936196, 30.27539906374196, 0.0]}}, {"type": "Feature", "properties": {"Description": null, "Telecom_Feature_Type": "بوكس", "Easting": "031° 33' 54.21\" E", "Northing": "30° 16' 30.43\" N", "ID": "18A", "GlobalID": "{36B623E4-DB7A-4D0A-907D-1385AC7D18C9}", "القطاع": "القطاع الاول", "المسافة_بين_الكبنة_والبوكس": "140m", "I_D": "7-4", "created_user": null, "created_date": null, "last_edited_user": null, "last_edited_date": null}, "geometry": {"type": "Point", "coordinates": [31.5667359146312, 30.27528599467222, 0.0]}}, {"type": "Feature", "properties": {"Description": null, "Telecom_Feature_Type": "بوكس", "Easting": "031° 33' 52.38\" E", "Northing": "30° 16' 28.85\" N", "ID": "20", "GlobalID": "{07A7EB3B-98AD-46AF-9E60-97AE556BF1C5}", "القطاع": "القطاع الاول", "المسافة_بين_الكبنة_والبوكس": "25m", "I_D": "7-4", "created_user": null, "created_date": null, "last_edited_user": null, "last_edited_date": null}, "geometry": {"type": "Point", "coordinates": [31.566227032872956, 30.274846167418573, 0.0]}}, {"type": "Feature", "properties": {"Description": null, "Telecom_Feature_Type": "بوكس", "Easting": "031° 33' 53.02\" E", "Northing": "30° 16' 28.31\" N", "ID": "14", "GlobalID": "{89F0A359-9431-42A6-A0D9-15A70B7CADEE}", "القطاع": "القطاع الاول", "المسافة_بين_الكبنة_والبوكس": "50m", "I_D": "7-4", "created_user": null, "created_date": null, "last_edited_user": null, "last_edited_date": null}, "geometry": {"type": "Point", "coordinates": [31.566404737211013, 30.27469743064118, 0.0]}}, {"type": "Feature", "properties": {"Description": null, "Telecom_Feature_Type": "بوكس", "Easting": "031° 33' 57.53\" E", "Northing": "30° 16' 30.44\" N", "ID": "10A", "GlobalID": "{967C6E9C-03BF-4CAC-AAF2-339CA6FD44A7}", "القطاع": "القطاع الاول", "المسافة_بين_الكبنة_والبوكس": "5m", "I_D": "7-4", "created_user": null, "created_date": null, "last_edited_user": null, "last_edited_date": null}, "geometry": {"type": "Point", "coordinates": [31.567657276742423, 30.27528743894899, 0.0]}}, {"type": "Feature", "properties": {"Description": null, "Telecom_Feature_Type": "بوكس", "Easting": "031° 33' 56.47\" E", "Northing": "30° 16' 32.43\" N", "ID": "15A", "GlobalID": "{87D4314A-191D-49FA-8551-AA348C2F1358}", "القطاع": "القطاع الاول", "المسافة_بين_الكبنة_والبوكس": "5m", "I_D": "7-4", "created_user": null, "created_date": null, "last_edited_user": null, "last_edited_date": null}, "geometry": {"type": "Point", "coordinates": [31.567363881385887, 30.27584087084629, 0.0]}}, {"type": "Feature", "properties": {"Description": null, "Telecom_Feature_Type": "بوكس", "Easting": "031° 33' 52.46\" E", "Northing": "30° 16' 30.8\" N", "ID": "19A", "GlobalID": "{48F54714-E2A3-40E0-91D7-276E24E70A0C}", "القطاع": "القطاع الاول", "المسافة_بين_الكبنة_والبوكس": "5m", "I_D": "7-4", "created_user": null, "created_date": null, "last_edited_user": null, "last_edited_date": null}, "geometry": {"type": "Point", "coordinates": [31.56624954478975, 30.275388901755477, 0.0]}}, {"type": "Feature", "properties": {"Description": null, "Telecom_Feature_Type": "بوكس", "Easting": "031° 33' 58.93\" E", "Northing": "30° 16' 29.71\" N", "ID": "9A", "GlobalID": "{23480BA2-9FF9-400D-A7A1-08E3DB872419}", "القطاع": "القطاع الاول", "المسافة_بين_الكبنة_والبوكس": "5m", "I_D": "10-3", "created_user": null, "created_date": null, "last_edited_user": null, "last_edited_date": null}, "geometry": {"type": "Point", "coordinates": [31.56804538433941, 30.27508584937485, 0.0]}}, {"type": "Feature", "properties": {"Description": null, "Telecom_Feature_Type": "بوكس", "Easting": "031° 33' 17.67\" E", "Northing": "30° 16' 6.23\" N", "ID": "23", "GlobalID": "{D6E9D65B-CC40-4931-AFCB-2F77F65C57B8}", "القطاع": "القطاع الثاني", "المسافة_بين_الكبنة_والبوكس": "150m", "I_D": "7-2", "created_user": null, "created_date": null, "last_edited_user": null, "last_edited_date": null}, "geometry": {"type": "Point", "coordinates": [31.556586611878064, 30.268563269831905, 0.0]}}, {"type": "Feature", "properties": {"Description": null, "Telecom_Feature_Type": "ايندكاب", "Easting": "031° 33' 28.69\" E", "Northing": "30° 16' 5.83\" N", "ID": "1", "GlobalID": "{7548D34F-35D5-47E0-932E-14BB14DF89A0}", "القطاع": "القطاع الثاني", "المسافة_بين_الكبنة_والبوكس": "295m", "I_D": "9-3", "created_user": null, "created_date": null, "last_edited_user": null, "last_edited_date": null}, "geometry": {"type": "Point", "coordinates": [31.55964574689811, 30.268451673153415, 0.0]}}, {"type": "Feature", "properties": {"Description": null, "Telecom_Feature_Type": "ايندكاب", "Easting": "031° 33' 32.73\" E", "Northing": "30° 16' 2.36\" N", "ID": "13", "GlobalID": "{8D60ABC7-9273-4AC9-BE09-E31E0F93B385}", "القطاع": "القطاع الثاني", "المسافة_بين_الكبنة_والبوكس": "125m", "I_D": "7-4", "created_user": null, "created_date": null, "last_edited_user": null, "last_edited_date": null}, "geometry": {"type": "Point", "coordinates": [31.560769965711298, 30.26748727085439, 0.0]}}, {"type": "Feature", "properties": {"Description": null, "Telecom_Feature_Type": "ايندكاب", "Easting": "031° 34' 0.05\" E", "Northing": "30° 16' 15.48\" N", "ID": "28", "GlobalID": "{BEFE1089-D951-46F3-9689-88EFFAC83FFE}", "القطاع": "القطاع الثاني", "المسافة_بين_الكبنة_والبوكس": "80m", "I_D": "10-4", "created_user": null, "created_date": null, "last_edited_user": null, "last_edited_date": null}, "geometry": {"type": "Point", "coordinates": [31.568357571210992, 30.271133404583413, 0.0]}}, {"type": "Feature", "properties": {"Description": null, "Telecom_Feature_Type": "ايندكاب", "Easting": "031° 33' 31.72\" E", "Northing": "30° 16' 16.61\" N", "ID": "17", "GlobalID": "{0CF360C6-3D96-4788-8B6A-7EC84E72C3FA}", "القطاع": "القطاع الاول", "المسافة_بين_الكبنة_والبوكس": "155m", "I_D": "10-1", "created_user": null, "created_date": null, "last_edited_user": null, "last_edited_date": null}, "geometry": {"type": "Point", "coordinates": [31.560487658581373, 30.271446617653478, 0.0]}}, {"type": "Feature", "properties": {"Description": null, "Telecom_Feature_Type": "ايندكاب", "Easting": "031° 33' 33.84\" E", "Northing": "30° 16' 7.34\" N", "ID": "21", "GlobalID": "{19A345F2-6FEA-4375-B630-BA16C16AF666}", "القطاع": "القطاع الاول", "المسافة_بين_الكبنة_والبوكس": "110m", "I_D": "9-4", "created_user": null, "created_date": null, "last_edited_user": null, "last_edited_date": null}, "geometry": {"type": "Point", "coordinates": [31.561076544317732, 30.268871696739943, 0.0]}}, {"type": "Feature", "properties": {"Description": null, "Telecom_Feature_Type": "ايندكاب", "Easting": "031° 33' 52.43\" E", "Northing": "30° 16' 25.92\" N", "ID": "4", "GlobalID": "{CDDF4B6C-0411-4631-9311-A43B7302E601}", "القطاع": "القطاع الاول", "المسافة_بين_الكبنة_والبوكس": "160m", "I_D": "7-4", "created_user": null, "created_date": null, "last_edited_user": null, "last_edited_date": null}, "geometry": {"type": "Point", "coordinates": [31.566241624996714, 30.27403287812916, 0.0]}}, {"type": "Feature", "properties": {"Description": null, "Telecom_Feature_Type": "ايندكاب", "Easting": "031° 33' 50.33\" E", "Northing": "30° 16' 23.85\" N", "ID": "2", "GlobalID": "{0DB2E3D8-E0C0-4493-88F0-22D39D598790}", "القطاع": "القطاع الاول", "المسافة_بين_الكبنة_والبوكس": "240m", "I_D": "7-4", "created_user": null, "created_date": null, "last_edited_user": null, "last_edited_date": null}, "geometry": {"type": "Point", "coordinates": [31.565656980265132, 30.273457189603988, 0.0]}}, {"type": "Feature", "properties": {"Description": null, "Telecom_Feature_Type": "ايندكاب", "Easting": "031° 33' 59.74\" E", "Northing": "30° 16' 27.32\" N", "ID": "13", "GlobalID": "{3CE8993C-EE0A-4441-83B8-2515831FB92E}", "القطاع": "القطاع الاول", "المسافة_بين_الكبنة_والبوكس": "180m", "I_D": "10-3", "created_user": null, "created_date": null, "last_edited_user": null, "last_edited_date": null}, "geometry": {"type": "Point", "coordinates": [31.56827121695978, 30.274421086309346, 0.0]}}, {"type": "Feature", "properties": {"Description": null, "Telecom_Feature_Type": "ايندكاب", "Easting": "031° 33' 59.06\" E", "Northing": "30° 16' 27.82\" N", "ID": "12A", "GlobalID": "{9663E515-D246-4E6B-9323-246A07478F3F}", "القطاع": "القطاع الاول", "المسافة_بين_الكبنة_والبوكس": "5m", "I_D": "10-3", "created_user": null, "created_date": null, "last_edited_user": null, "last_edited_date": null}, "geometry": {"type": "Point", "coordinates": [31.568083195909452, 30.274561488505988, 0.0]}}, {"type": "Feature", "properties": {"Description": null, "Telecom_Feature_Type": "ايندكاب", "Easting": "031° 33' 57.55\" E", "Northing": "30° 16' 23.31\" N", "ID": "15A", "GlobalID": "{186011F6-C6AC-4659-A049-C9EDAF276DE7}", "القطاع": "القطاع الاول", "المسافة_بين_الكبنة_والبوكس": "5m", "I_D": "7-3", "created_user": null, "created_date": null, "last_edited_user": null, "last_edited_date": null}, "geometry": {"type": "Point", "coordinates": [31.567662151585107, 30.27330809878138, 0.0]}}, {"type": "Feature", "properties": {"Description": null, "Telecom_Feature_Type": "ايندكاب", "Easting": "031° 33' 59.14\" E", "Northing": "30° 16' 26.74\" N", "ID": "1", "GlobalID": "{12E8834D-7394-438D-8A14-16D8D807931F}", "القطاع": "القطاع الاول", "المسافة_بين_الكبنة_والبوكس": "250m", "I_D": "7-3", "created_user": null, "created_date": null, "last_edited_user": null, "last_edited_date": null}, "geometry": {"type": "Point", "coordinates": [31.568105925554054, 30.274261267663093, 0.0]}}, {"type": "Feature", "properties": {"Description": null, "Telecom_Feature_Type": "ايندكاب", "Easting": "031° 33' 48.35\" E", "Northing": "30° 16' 19.12\" N", "ID": "17A", "GlobalID": "{825FB382-64D7-4084-9B11-C1F113D8E42F}", "القطاع": "القطاع الاول", "المسافة_بين_الكبنة_والبوكس": "5m", "I_D": "7-2", "created_user": null, "created_date": null, "last_edited_user": null, "last_edited_date": null}, "geometry": {"type": "Point", "coordinates": [31.565107846277193, 30.272145434710467, 0.0]}}, {"type": "Feature", "properties": {"Description": null, "Telecom_Feature_Type": "ايندكاب", "Easting": "031° 33' 42.71\" E", "Northing": "30° 16' 16.88\" N", "ID": "7.1", "GlobalID": "{6650509F-C7ED-452E-9135-8D2F38AC8ED6}", "القطاع": "القطاع الاول", "المسافة_بين_الكبنة_والبوكس": "5m", "I_D": null, "created_user": null, "created_date": null, "last_edited_user": null, "last_edited_date": null}, "geometry": {"type": "Point", "coordinates": [31.56354140814554, 30.271520710212013, 0.0]}}, {"type": "Feature", "properties": {"Description": null, "Telecom_Feature_Type": "ايندكاب", "Easting": "031° 33' 43.6\" E", "Northing": "30° 16' 17.71\" N", "ID": "7.1", "GlobalID": "{A4D0742B-7A95-43C7-A7C5-84D1A99F1CFD}", "القطاع": "القطاع الاول", "المسافة_بين_الكبنة_والبوكس": "5m", "I_D": null, "created_user": null, "created_date": null, "last_edited_user": null, "last_edited_date": null}, "geometry": {"type": "Point", "coordinates": [31.563788390950066, 30.271752397649703, 0.0]}}, {"type": "Feature", "properties": {"Description": null, "Telecom_Feature_Type": "ايندكاب", "Easting": "031° 33' 42.91\" E", "Northing": "30° 16' 19.19\" N", "ID": "7.1", "GlobalID": "{F884133E-E698-4815-BEC1-6067586C4DAF}", "القطاع": "القطاع الاول", "المسافة_بين_الكبنة_والبوكس": "5m", "I_D": null, "created_user": null, "created_date": null, "last_edited_user": null, "last_edited_date": null}, "geometry": {"type": "Point", "coordinates": [31.56359555964216, 30.27216330641402, 0.0]}}, {"type": "Feature", "properties": {"Description": null, "Telecom_Feature_Type": "ايندكاب", "Easting": "031° 33' 44.54\" E", "Northing": "30° 16' 20.88\" N", "ID": "7A", "GlobalID": "{6340D531-EC2A-41F2-8E03-2D51EFBD19DC}", "القطاع": "القطاع الاول", "المسافة_بين_الكبنة_والبوكس": "5m", "I_D": "7-2", "created_user": null, "created_date": null, "last_edited_user": null, "last_edited_date": null}, "geometry": {"type": "Point", "coordinates": [31.5640495838492, 30.272632959156503, 0.0]}}, {"type": "Feature", "properties": {"Description": null, "Telecom_Feature_Type": "ايندكاب", "Easting": "031° 33' 45.85\" E", "Northing": "30° 16' 21.94\" N", "ID": "10A", "GlobalID": "{38980490-BB3C-4953-81B6-8E181D59AD12}", "القطاع": "القطاع الاول", "المسافة_بين_الكبنة_والبوكس": "5m", "I_D": "7-2", "created_user": null, "created_date": null, "last_edited_user": null, "last_edited_date": null}, "geometry": {"type": "Point", "coordinates": [31.564413453445436, 30.272926937423918, 0.0]}}, {"type": "Feature", "properties": {"Description": null, "Telecom_Feature_Type": "ايندكاب", "Easting": "031° 33' 55.39\" E", "Northing": "30° 16' 30.39\" N", "ID": "11", "GlobalID": "{65F4FE3D-EDCD-4F7C-9B8D-9D9253EF0F4A}", "القطاع": "القطاع الاول", "المسافة_بين_الكبنة_والبوكس": "210m", "I_D": "7-4", "created_user": null, "created_date": null, "last_edited_user": null, "last_edited_date": null}, "geometry": {"type": "Point", "coordinates": [31.567062083283997, 30.275275390127796, 0.0]}}, {"type": "Feature", "properties": {"Description": null, "Telecom_Feature_Type": "ايندكاب", "Easting": "031° 33' 55.18\" E", "Northing": "30° 16' 28.5\" N", "ID": "13", "GlobalID": "{36859EC5-3284-41E1-A20C-0A343E57C476}", "القطاع": "القطاع الاول", "المسافة_بين_الكبنة_والبوكس": "120m", "I_D": "7-4", "created_user": null, "created_date": null, "last_edited_user": null, "last_edited_date": null}, "geometry": {"type": "Point", "coordinates": [31.567004410270773, 30.274748907657035, 0.0]}}, {"type": "Feature", "properties": {"Description": null, "Telecom_Feature_Type": "ايندكاب", "Easting": "031° 34' 1.83\" E", "Northing": "30° 16' 27.54\" N", "ID": "14A", "GlobalID": "{5EAF51C0-6FAA-43F8-92EE-8F811810F02D}", "القطاع": "القطاع الاول", "المسافة_بين_الكبنة_والبوكس": "5m", "I_D": "10-3", "created_user": null, "created_date": null, "last_edited_user": null, "last_edited_date": null}, "geometry": {"type": "Point", "coordinates": [31.5688527928636, 30.274483641821167, 0.0]}}, {"type": "Feature", "properties": {"Description": null, "Telecom_Feature_Type": "ايندكاب", "Easting": "031° 33' 50.7\" E", "Northing": "30° 16' 34.62\" N", "ID": "6A", "GlobalID": "{681D612D-1C72-41EA-9395-00D056503C39}", "القطاع": "القطاع الاول", "المسافة_بين_الكبنة_والبوكس": "5m", "I_D": "6-2", "created_user": null, "created_date": null, "last_edited_user": null, "last_edited_date": null}, "geometry": {"type": "Point", "coordinates": [31.565759676126458, 30.27645059381636, 0.0]}}, {"type": "Feature", "properties": {"Description": null, "Telecom_Feature_Type": "ايندكاب", "Easting": "031° 33' 53.41\" E", "Northing": "30° 16' 33.85\" N", "ID": "2A", "GlobalID": "{E6E3008C-0C04-4B7A-9A89-314D1CAF48CD}", "القطاع": "القطاع الاول", "المسافة_بين_الكبنة_والبوكس": "5m", "I_D": "6-2", "created_user": null, "created_date": null, "last_edited_user": null, "last_edited_date": null}, "geometry": {"type": "Point", "coordinates": [31.56651418562477, 30.276235884903137, 0.0]}}, {"type": "Feature", "properties": {"Description": null, "Telecom_Feature_Type": "ايندكاب", "Easting": "031° 33' 51.69\" E", "Northing": "30° 16' 33.54\" N", "ID": "3A", "GlobalID": "{38C86483-AA8D-4886-87F3-CB35A7201AE3}", "القطاع": "القطاع الاول", "المسافة_بين_الكبنة_والبوكس": "5m", "I_D": "6-2", "created_user": null, "created_date": null, "last_edited_user": null, "last_edited_date": null}, "geometry": {"type": "Point", "coordinates": [31.56603525097164, 30.276149403123526, 0.0]}}, {"type": "Feature", "properties": {"Description": null, "Telecom_Feature_Type": "ايندكاب", "Easting": "031° 33' 48.07\" E", "Northing": "30° 16' 33.06\" N", "ID": "18", "GlobalID": "{B2C87426-D5A2-4FB9-B52D-76B7C0B9389D}", "القطاع": "القطاع الاول", "المسافة_بين_الكبنة_والبوكس": "100m", "I_D": "6-2", "created_user": null, "created_date": null, "last_edited_user": null, "last_edited_date": null}, "geometry": {"type": "Point", "coordinates": [31.56503058589779, 30.276017621156225, 0.0]}}, {"type": "Feature", "properties": {"Description": null, "Telecom_Feature_Type": "ايندكاب", "Easting": "031° 33' 45.89\" E", "Northing": "30° 16' 30.93\" N", "ID": "12A", "GlobalID": "{2267DBED-FBA5-40EF-8F9C-61D698333636}", "القطاع": "القطاع الاول", "المسافة_بين_الكبنة_والبوكس": "5m", "I_D": "6-2", "created_user": null, "created_date": null, "last_edited_user": null, "last_edited_date": null}, "geometry": {"type": "Point", "coordinates": [31.564423843303963, 30.275424113381305, 0.0]}}, {"type": "Feature", "properties": {"Description": null, "Telecom_Feature_Type": "ايندكاب", "Easting": "031° 33' 43.73\" E", "Northing": "30° 16' 30.49\" N", "ID": "17A", "GlobalID": "{0966A71E-2924-4C63-9921-14F20266393E}", "القطاع": "القطاع الاول", "المسافة_بين_الكبنة_والبوكس": "--m", "I_D": "--m", "created_user": null, "created_date": null, "last_edited_user": null, "last_edited_date": null}, "geometry": {"type": "Point", "coordinates": [31.56382417667927, 30.275301796103797, 0.0]}}, {"type": "Feature", "properties": {"Description": null, "Telecom_Feature_Type": "ايندكاب", "Easting": "031° 33' 41.81\" E", "Northing": "30° 16' 11.26\" N", "ID": "13", "GlobalID": "{072C9718-F28E-4C01-A1B4-85739534C3E2}", "القطاع": "القطاع الاول", "المسافة_بين_الكبنة_والبوكس": "230m", "I_D": "10-1", "created_user": null, "created_date": null, "last_edited_user": null, "last_edited_date": null}, "geometry": {"type": "Point", "coordinates": [31.563291730664897, 30.26996182438903, 99.99730000000272]}}, {"type": "Feature", "properties": {"Description": null, "Telecom_Feature_Type": "ايندكاب", "Easting": "031° 33' 39.1\" E", "Northing": "30° 16' 13.7\" N", "ID": "19", "GlobalID": "{37929B6C-0811-459F-897E-EE523083BAEA}", "القطاع": "القطاع الاول", "المسافة_بين_الكبنة_والبوكس": "150m", "I_D": "10-1", "created_user": null, "created_date": null, "last_edited_user": null, "last_edited_date": null}, "geometry": {"type": "Point", "coordinates": [31.562539031050488, 30.27063949755702, 199.99659999999858]}}, {"type": "Feature", "properties": {"Description": null, "Telecom_Feature_Type": "ايندكاب", "Easting": "031° 33' 38.56\" E", "Northing": "30° 16' 15.07\" N", "ID": "21", "GlobalID": "{E8E0AC68-441F-426C-B14C-E50AC844D8E0}", "القطاع": "القطاع الاول", "المسافة_بين_الكبنة_والبوكس": "130m", "I_D": "10-1", "created_user": null, "created_date": null, "last_edited_user": null, "last_edited_date": null}, "geometry": {"type": "Point", "coordinates": [31.562389429045336, 30.271019739496307, 299.99640000000363]}}, {"type": "Feature", "properties": {"Description": null, "Telecom_Feature_Type": "ايندكاب", "Easting": "031° 33' 36.27\" E", "Northing": "30° 16' 13.77\" N", "ID": "23", "GlobalID": "{482E54EF-3B7E-4D14-BD19-19BDA156AC61}", "القطاع": "القطاع الاول", "المسافة_بين_الكبنة_والبوكس": "60m", "I_D": "10-1", "created_user": null, "created_date": null, "last_edited_user": null, "last_edited_date": null}, "geometry": {"type": "Point", "coordinates": [31.561751228069465, 30.27065730880865, 199.99659999999858]}}, {"type": "Feature", "properties": {"Description": null, "Telecom_Feature_Type": "ايندكاب", "Easting": "031° 33' 34.27\" E", "Northing": "30° 16' 15.46\" N", "ID": "12A", "GlobalID": "{2964533C-2357-4326-834E-13572B37DC8A}", "القطاع": "القطاع الاول", "المسافة_بين_الكبنة_والبوكس": "5m", "I_D": "10-1", "created_user": null, "created_date": null, "last_edited_user": null, "last_edited_date": null}, "geometry": {"type": "Point", "coordinates": [31.561195991340053, 30.271126361660134, -373.49030000000494]}}, {"type": "Feature", "properties": {"Description": null, "Telecom_Feature_Type": "ايندكاب", "Easting": "031° 33' 35.5\" E", "Northing": "30° 16' 16.06\" N", "ID": "11A", "GlobalID": "{022761D6-E8F0-4C4C-8269-B507258C2CD3}", "القطاع": "القطاع الاول", "المسافة_بين_الكبنة_والبوكس": "5m", "I_D": "10-1", "created_user": null, "created_date": null, "last_edited_user": null, "last_edited_date": null}, "geometry": {"type": "Point", "coordinates": [31.561538752206552, 30.27129295924661, -287.17519999999786]}}, {"type": "Feature", "properties": {"Description": null, "Telecom_Feature_Type": "ايندكاب", "Easting": "031° 33' 36.59\" E", "Northing": "30° 16' 16.91\" N", "ID": "10A", "GlobalID": "{3C7E1A94-DE40-42C8-A837-2BDC1CB26C19}", "القطاع": "القطاع الاول", "المسافة_بين_الكبنة_والبوكس": "5m", "I_D": "10-1", "created_user": null, "created_date": null, "last_edited_user": null, "last_edited_date": null}, "geometry": {"type": "Point", "coordinates": [31.56184176816801, 30.271529889486995, -287.0798000000068]}}, {"type": "Feature", "properties": {"Description": null, "Telecom_Feature_Type": "ايندكاب", "Easting": "031° 33' 35.81\" E", "Northing": "30° 16' 17.76\" N", "ID": "7A", "GlobalID": "{DC931A36-5E65-438D-B4F5-560A902E41B0}", "القطاع": "القطاع الاول", "المسافة_بين_الكبنة_والبوكس": "5m", "I_D": "10-1", "created_user": null, "created_date": null, "last_edited_user": null, "last_edited_date": null}, "geometry": {"type": "Point", "coordinates": [31.561623377646228, 30.27176771065861, -286.87459999999555]}}, {"type": "Feature", "properties": {"Description": null, "Telecom_Feature_Type": "ايندكاب", "Easting": "031° 33' 34.03\" E", "Northing": "30° 16' 17.02\" N", "ID": "9A", "GlobalID": "{9A2D746B-701E-439C-93E7-58F95FECED97}", "القطاع": "القطاع الاول", "المسافة_بين_الكبنة_والبوكس": "5m", "I_D": "10-1", "created_user": null, "created_date": null, "last_edited_user": null, "last_edited_date": null}, "geometry": {"type": "Point", "coordinates": [31.561130907847907, 30.271559495219964, -218.74400000000605]}}, {"type": "Feature", "properties": {"Description": null, "Telecom_Feature_Type": "ايندكاب", "Easting": "031° 33' 31.43\" E", "Northing": "30° 16' 18.17\" N", "ID": "6A", "GlobalID": "{A5FBCFDF-E373-4B24-8DD0-BAE0FD54850F}", "القطاع": "القطاع الاول", "المسافة_بين_الكبنة_والبوكس": "5m", "I_D": "10-1", "created_user": null, "created_date": null, "last_edited_user": null, "last_edited_date": null}, "geometry": {"type": "Point", "coordinates": [31.560406460301156, 30.271881058946015, -473.488400000002]}}, {"type": "Feature", "properties": {"Description": null, "Telecom_Feature_Type": "ايندكاب", "Easting": "031° 33' 32.66\" E", "Northing": "30° 16' 18.77\" N", "ID": "5A", "GlobalID": "{7F26B2BB-27E4-43BA-B031-8CC0DF745921}", "القطاع": "القطاع الاول", "المسافة_بين_الكبنة_والبوكس": "5m", "I_D": "10-1", "created_user": null, "created_date": null, "last_edited_user": null, "last_edited_date": null}, "geometry": {"type": "Point", "coordinates": [31.560749220444404, 30.27204766037653, -387.1732999999949]}}, {"type": "Feature", "properties": {"Description": null, "Telecom_Feature_Type": "ايندكاب", "Easting": "031° 33' 33.75\" E", "Northing": "30° 16' 19.63\" N", "ID": "4A", "GlobalID": "{83A8946D-B091-45B5-BAED-B425457758DA}", "القطاع": "القطاع الاول", "المسافة_بين_الكبنة_والبوكس": "5m", "I_D": "10-1", "created_user": null, "created_date": null, "last_edited_user": null, "last_edited_date": null}, "geometry": {"type": "Point", "coordinates": [31.561052236888752, 30.272284592411552, -387.07790000000386]}}, {"type": "Feature", "properties": {"Description": null, "Telecom_Feature_Type": "ايندكاب", "Easting": "031° 33' 32.96\" E", "Northing": "30° 16' 20.48\" N", "ID": "1A", "GlobalID": "{6636CC32-65C5-4BB7-9B60-8FE9C1ABDF0F}", "القطاع": "القطاع الاول", "المسافة_بين_الكبنة_والبوكس": "5m", "I_D": "10-1", "created_user": null, "created_date": null, "last_edited_user": null, "last_edited_date": null}, "geometry": {"type": "Point", "coordinates": [31.560833844879564, 30.27252241227518, -386.87270000000717]}}, {"type": "Feature", "properties": {"Description": null, "Telecom_Feature_Type": "ايندكاب", "Easting": "031° 33' 31.92\" E", "Northing": "30° 16' 20.7\" N", "ID": "2A", "GlobalID": "{9A0A87F3-895F-4738-9231-DBAA0176CE8A}", "القطاع": "القطاع الاول", "المسافة_بين_الكبنة_والبوكس": "5m", "I_D": "10-1", "created_user": null, "created_date": null, "last_edited_user": null, "last_edited_date": null}, "geometry": {"type": "Point", "coordinates": [31.560543026971974, 30.272584061059977, -348.5228999999963]}}, {"type": "Feature", "properties": {"Description": null, "Telecom_Feature_Type": "ايندكاب", "Easting": "031° 33' 31.19\" E", "Northing": "30° 16' 19.73\" N", "ID": "3A", "GlobalID": "{468A381C-8F8C-4892-A337-4CF59B711826}", "القطاع": "القطاع الاول", "المسافة_بين_الكبنة_والبوكس": "5m", "I_D": "10-1", "created_user": null, "created_date": null, "last_edited_user": null, "last_edited_date": null}, "geometry": {"type": "Point", "coordinates": [31.560341372903817, 30.272314193917097, -318.7421000000031]}}, {"type": "Feature", "properties": {"Description": null, "Telecom_Feature_Type": "ايندكاب", "Easting": "031° 33' 34.0\" E", "Northing": "30° 16' 22.4\" N", "ID": "7.1", "GlobalID": "{C8C93317-FF3B-43FC-8B1D-6984E205E9EF}", "القطاع": "القطاع الاول", "المسافة_بين_الكبنة_والبوكس": "5m", "I_D": null, "created_user": null, "created_date": null, "last_edited_user": null, "last_edited_date": null}, "geometry": {"type": "Point", "coordinates": [31.56112026724373, 30.273055717171864, 0.0]}}, {"type": "Feature", "properties": {"Description": null, "Telecom_Feature_Type": "ايندكاب", "Easting": "031° 33' 35.04\" E", "Northing": "30° 16' 23.21\" N", "ID": "7.1", "GlobalID": "{96BA3804-5CC8-4CC1-A327-22F368CF9F98}", "القطاع": "القطاع الاول", "المسافة_بين_الكبنة_والبوكس": "5m", "I_D": null, "created_user": null, "created_date": null, "last_edited_user": null, "last_edited_date": null}, "geometry": {"type": "Point", "coordinates": [31.561410110204946, 30.27327898054047, -282.7265000000043]}}, {"type": "Feature", "properties": {"Description": null, "Telecom_Feature_Type": "ايندكاب", "Easting": "031° 33' 37.22\" E", "Northing": "30° 16' 24.52\" N", "ID": "7.1", "GlobalID": "{67255A02-B9EB-450B-91CB-2095FC96A394}", "القطاع": "القطاع الاول", "المسافة_بين_الكبنة_والبوكس": "5m", "I_D": null, "created_user": null, "created_date": null, "last_edited_user": null, "last_edited_date": null}, "geometry": {"type": "Point", "coordinates": [31.5620153822846, 30.273642886603103, -282.7265000000043]}}, {"type": "Feature", "properties": {"Description": null, "Telecom_Feature_Type": "ايندكاب", "Easting": "031° 33' 34.86\" E", "Northing": "30° 16' 21.55\" N", "ID": "7.1", "GlobalID": "{8E3D1759-A7BE-41D6-9A29-83E91717714A}", "القطاع": "القطاع الاول", "المسافة_بين_الكبنة_والبوكس": "5m", "I_D": null, "created_user": null, "created_date": null, "last_edited_user": null, "last_edited_date": null}, "geometry": {"type": "Point", "coordinates": [31.561360895811486, 30.272819780734913, 0.0]}}, {"type": "Feature", "properties": {"Description": null, "Telecom_Feature_Type": "ايندكاب", "Easting": "031° 33' 35.8\" E", "Northing": "30° 16' 21.23\" N", "ID": "6A", "GlobalID": "{E74D0C4D-3764-4F77-9816-0C9B04A3AA72}", "القطاع": "القطاع الاول", "المسافة_بين_الكبنة_والبوكس": "5m", "I_D": null, "created_user": null, "created_date": null, "last_edited_user": null, "last_edited_date": null}, "geometry": {"type": "Point", "coordinates": [31.561622731192724, 30.27273139416881, 0.0]}}, {"type": "Feature", "properties": {"Description": null, "Telecom_Feature_Type": "ايندكاب", "Easting": "031° 33' 36.56\" E", "Northing": "30° 16' 22.22\" N", "ID": "7A", "GlobalID": "{D1D2D2BE-5A45-415D-AE81-2C02D7282523}", "القطاع": "القطاع الاول", "المسافة_بين_الكبنة_والبوكس": "5m", "I_D": null, "created_user": null, "created_date": null, "last_edited_user": null, "last_edited_date": null}, "geometry": {"type": "Point", "coordinates": [31.561831302123462, 30.27300552314058, 0.012700000006589107]}}, {"type": "Feature", "properties": {"Description": null, "Telecom_Feature_Type": "ايندكاب", "Easting": "031° 33' 37.52\" E", "Northing": "30° 16' 22.98\" N", "ID": "8A", "GlobalID": "{DDBAF8FE-A3BD-4AE9-A010-F505E81A271C}", "القطاع": "القطاع الاول", "المسافة_بين_الكبنة_والبوكس": "5m", "I_D": null, "created_user": null, "created_date": null, "last_edited_user": null, "last_edited_date": null}, "geometry": {"type": "Point", "coordinates": [31.56209989591927, 30.27321582207145, 0.012700000006589107]}}, {"type": "Feature", "properties": {"Description": null, "Telecom_Feature_Type": "ايندكاب", "Easting": "031° 33' 40.16\" E", "Northing": "30° 16' 21.76\" N", "ID": "7.1", "GlobalID": "{117C629A-DB74-429C-9D53-CF460F352FCB}", "القطاع": "القطاع الاول", "المسافة_بين_الكبنة_والبوكس": "5m", "I_D": null, "created_user": null, "created_date": null, "last_edited_user": null, "last_edited_date": null}, "geometry": {"type": "Point", "coordinates": [31.562833835655823, 30.272877782849505, -282.7265000000043]}}, {"type": "Feature", "properties": {"Description": null, "Telecom_Feature_Type": "ايندكاب", "Easting": "031° 33' 37.8\" E", "Northing": "30° 16' 18.78\" N", "ID": "7.1", "GlobalID": "{7AF8573E-FBBE-4644-B51B-7A872490F16F}", "القطاع": "القطاع الاول", "المسافة_بين_الكبنة_والبوكس": "5m", "I_D": null, "created_user": null, "created_date": null, "last_edited_user": null, "last_edited_date": null}, "geometry": {"type": "Point", "coordinates": [31.56217595389684, 30.27204855082363, 0.0]}}, {"type": "Feature", "properties": {"Description": null, "Telecom_Feature_Type": "ايندكاب", "Easting": "031° 33' 40.22\" E", "Northing": "30° 16' 20.03\" N", "ID": "7.1", "GlobalID": "{9E9298D1-0F84-45B8-B19C-5CDD94AE600C}", "القطاع": "القطاع الاول", "المسافة_بين_الكبنة_والبوكس": "5m", "I_D": null, "created_user": null, "created_date": null, "last_edited_user": null, "last_edited_date": null}, "geometry": {"type": "Point", "coordinates": [31.562848580572936, 30.272398177306577, 0.0]}}, {"type": "Feature", "properties": {"Description": null, "Telecom_Feature_Type": "ايندكاب", "Easting": "031° 33' 41.18\" E", "Northing": "30° 16' 20.81\" N", "ID": "7.1", "GlobalID": "{4F46D43F-65AA-4064-9760-C4D9EA72865F}", "القطاع": "القطاع الاول", "المسافة_بين_الكبنة_والبوكس": "5m", "I_D": null, "created_user": null, "created_date": null, "last_edited_user": null, "last_edited_date": null}, "geometry": {"type": "Point", "coordinates": [31.56311567807121, 30.272613173022062, 0.0]}}, {"type": "Feature", "properties": {"Description": null, "Telecom_Feature_Type": "ايندكاب", "Easting": "031° 33' 40.01\" E", "Northing": "30° 16' 16.95\" N", "ID": "7.1", "GlobalID": "{FAB9E6F5-F96F-4E8A-AB98-DCF567B6ACCF}", "القطاع": "القطاع الاول", "المسافة_بين_الكبنة_والبوكس": "5m", "I_D": null, "created_user": null, "created_date": null, "last_edited_user": null, "last_edited_date": null}, "geometry": {"type": "Point", "coordinates": [31.562790791958093, 30.271541919132243, 199.99659999999858]}}, {"type": "Feature", "properties": {"Description": null, "Telecom_Feature_Type": "ايندكاب", "Easting": "031° 33' 40.95\" E", "Northing": "30° 16' 17.76\" N", "ID": "7.1", "GlobalID": "{C2CE4EF9-006F-4D2F-8FF8-DF0DDD8117D7}", "القطاع": "القطاع الاول", "المسافة_بين_الكبنة_والبوكس": "5m", "I_D": null, "created_user": null, "created_date": null, "last_edited_user": null, "last_edited_date": null}, "geometry": {"type": "Point", "coordinates": [31.563051858743467, 30.27176610522409, -82.72990000000573]}}, {"type": "Feature", "properties": {"Description": null, "Telecom_Feature_Type": "ايندكاب", "Easting": "031° 33' 42.18\" E", "Northing": "30° 16' 18.38\" N", "ID": "23A", "GlobalID": "{8DC6C961-5D69-4916-99CC-C2A56B3633D2}", "القطاع": "القطاع الاول", "المسافة_بين_الكبنة_والبوكس": "5m", "I_D": null, "created_user": null, "created_date": null, "last_edited_user": null, "last_edited_date": null}, "geometry": {"type": "Point", "coordinates": [31.56339492024779, 30.271937594852915, -182.72819999999774]}}, {"type": "Feature", "properties": {"Description": null, "Telecom_Feature_Type": "ايندكاب", "Easting": "031° 33' 40.96\" E", "Northing": "30° 16' 16.15\" N", "ID": "7.1", "GlobalID": "{AD8DE0FA-E28C-431C-85A0-E814478AFBE2}", "القطاع": "القطاع الاول", "المسافة_بين_الكبنة_والبوكس": "5m", "I_D": null, "created_user": null, "created_date": null, "last_edited_user": null, "last_edited_date": null}, "geometry": {"type": "Point", "coordinates": [31.563053960172724, 30.27131780356946, 0.0]}}, {"type": "Feature", "properties": {"Description": null, "Telecom_Feature_Type": "ايندكاب", "Easting": "031° 33' 42.47\" E", "Northing": "30° 16' 22.89\" N", "ID": "13A", "GlobalID": "{261967C8-58E2-4743-B5A6-07C4104CE6A4}", "القطاع": "القطاع الاول", "المسافة_بين_الكبنة_والبوكس": "5m", "I_D": "6-4", "created_user": null, "created_date": null, "last_edited_user": null, "last_edited_date": null}, "geometry": {"type": "Point", "coordinates": [31.56347547618899, 30.27319233446841, 0.0]}}, {"type": "Feature", "properties": {"Description": null, "Telecom_Feature_Type": "ايندكاب", "Easting": "031° 33' 38.46\" E", "Northing": "30° 16' 26.55\" N", "ID": "23A", "GlobalID": "{060385F6-28CB-4973-9E33-93189D194D69}", "القطاع": "القطاع الاول", "المسافة_بين_الكبنة_والبوكس": "5m", "I_D": "6-4", "created_user": null, "created_date": null, "last_edited_user": null, "last_edited_date": null}, "geometry": {"type": "Point", "coordinates": [31.562361585535328, 30.27420893991252, 0.0]}}, {"type": "Feature", "properties": {"Description": null, "Telecom_Feature_Type": "ايندكاب", "Easting": "031° 33' 46.22\" E", "Northing": "30° 16' 19.6\" N", "ID": "9A", "GlobalID": "{1402C277-1307-4F76-8B23-AA46010D51D9}", "القطاع": "القطاع الاول", "المسافة_بين_الكبنة_والبوكس": "5m", "I_D": "7-2", "created_user": null, "created_date": null, "last_edited_user": null, "last_edited_date": null}, "geometry": {"type": "Point", "coordinates": [31.56451701324185, 30.27227841661854, 0.0]}}, {"type": "Feature", "properties": {"Description": null, "Telecom_Feature_Type": "ايندكاب", "Easting": "031° 33' 39.28\" E", "Northing": "30° 16' 30.16\" N", "ID": "22", "GlobalID": "{6520049E-6542-480E-9F2E-9015C2583012}", "القطاع": "القطاع الثالث", "المسافة_بين_الكبنة_والبوكس": "160m", "I_D": "6-3", "created_user": null, "created_date": null, "last_edited_user": null, "last_edited_date": null}, "geometry": {"type": "Point", "coordinates": [31.562587605784962, 30.27521143255622, 0.0]}}, {"type": "Feature", "properties": {"Description": null, "Telecom_Feature_Type": "ايندكاب", "Easting": "031° 33' 40.32\" E", "Northing": "30° 16' 32.66\" N", "ID": "18", "GlobalID": "{0DE9E51A-4CA3-4C1B-B564-56F8CBCCC1DF}", "القطاع": "القطاع الثالث", "المسافة_بين_الكبنة_والبوكس": "280m", "I_D": "6-3", "created_user": null, "created_date": null, "last_edited_user": null, "last_edited_date": null}, "geometry": {"type": "Point", "coordinates": [31.562877402788466, 30.275906285040122, 0.0]}}, {"type": "Feature", "properties": {"Description": null, "Telecom_Feature_Type": "ايندكاب", "Easting": "031° 33' 43.65\" E", "Northing": "30° 16' 32.98\" N", "ID": "16", "GlobalID": "{6E44933C-32C6-47D4-8C64-2D805C2554CE}", "القطاع": "القطاع الثالث", "المسافة_بين_الكبنة_والبوكس": "290m", "I_D": "6-3", "created_user": null, "created_date": null, "last_edited_user": null, "last_edited_date": null}, "geometry": {"type": "Point", "coordinates": [31.563802272072106, 30.275995465952835, 0.0]}}, {"type": "Feature", "properties": {"Description": null, "Telecom_Feature_Type": "ايندكاب", "Easting": "031° 33' 43.76\" E", "Northing": "30° 16' 33.11\" N", "ID": "16A", "GlobalID": "{A446DC84-D0F8-487C-B31F-60FB8A988B6F}", "القطاع": "القطاع الثالث", "المسافة_بين_الكبنة_والبوكس": "5m", "I_D": "6-3", "created_user": null, "created_date": null, "last_edited_user": null, "last_edited_date": null}, "geometry": {"type": "Point", "coordinates": [31.56383338238089, 30.276031592528017, 0.0]}}, {"type": "Feature", "properties": {"Description": null, "Telecom_Feature_Type": "ايندكاب", "Easting": "031° 33' 56.9\" E", "Northing": "30° 16' 27.54\" N", "ID": "3A", "GlobalID": "{AC0A0E38-144F-4B23-9CCC-56EF9F1C5282}", "القطاع": "القطاع الاول", "المسافة_بين_الكبنة_والبوكس": "150m", "I_D": "7-3", "created_user": null, "created_date": null, "last_edited_user": null, "last_edited_date": null}, "geometry": {"type": "Point", "coordinates": [31.567483871030362, 30.27448186215128, 0.0]}}, {"type": "Feature", "properties": {"Description": null, "Telecom_Feature_Type": "ايندكاب", "Easting": "031° 33' 56.92\" E", "Northing": "30° 16' 25.72\" N", "ID": "6A", "GlobalID": "{DB404547-1509-4083-88E2-2272DF9CC553}", "القطاع": "القطاع الاول", "المسافة_بين_الكبنة_والبوكس": null, "I_D": "7-3", "created_user": null, "created_date": null, "last_edited_user": null, "last_edited_date": null}, "geometry": {"type": "Point", "coordinates": [31.56748859577104, 30.27397856474315, 0.0]}}, {"type": "Feature", "properties": {"Description": null, "Telecom_Feature_Type": "ايندكاب", "Easting": "031° 33' 54.58\" E", "Northing": "30° 16' 25.15\" N", "ID": "9A", "GlobalID": "{3A0434EC-50CA-4D4C-9B66-A24DF897F81C}", "القطاع": "القطاع الاول", "المسافة_بين_الكبنة_والبوكس": "5m", "I_D": "7-3", "created_user": null, "created_date": null, "last_edited_user": null, "last_edited_date": null}, "geometry": {"type": "Point", "coordinates": [31.566839546410353, 30.27381781332003, 0.0]}}, {"type": "Feature", "properties": {"Description": null, "Telecom_Feature_Type": "ايندكاب", "Easting": "031° 33' 54.8\" E", "Northing": "30° 16' 23.59\" N", "ID": "18", "GlobalID": "{1A5506AE-A5AB-4353-B13D-C29033163030}", "القطاع": "القطاع الاول", "المسافة_بين_الكبنة_والبوكس": "95m", "I_D": "7-3", "created_user": null, "created_date": null, "last_edited_user": null, "last_edited_date": null}, "geometry": {"type": "Point", "coordinates": [31.566898670670902, 30.273384712255815, 0.0]}}, {"type": "Feature", "properties": {"Description": null, "Telecom_Feature_Type": "ايندكاب", "Easting": "031° 33' 57.56\" E", "Northing": "30° 16' 25.23\" N", "ID": "5A", "GlobalID": "{1653F27D-5E51-4B52-BEC9-72823F6A154A}", "القطاع": "القطاع الاول", "المسافة_بين_الكبنة_والبوكس": "5m", "I_D": "7-3", "created_user": null, "created_date": null, "last_edited_user": null, "last_edited_date": null}, "geometry": {"type": "Point", "coordinates": [31.567667231212333, 30.273840908343935, 0.0]}}, {"type": "Feature", "properties": {"Description": null, "Telecom_Feature_Type": "ايندكاب", "Easting": "031° 33' 53.32\" E", "Northing": "30° 16' 21.01\" N", "ID": "11A", "GlobalID": "{9D183E50-A811-4B3F-AB90-F44ED3809704}", "القطاع": "القطاع الاول", "المسافة_بين_الكبنة_والبوكس": "5m", "I_D": "7-3", "created_user": null, "created_date": null, "last_edited_user": null, "last_edited_date": null}, "geometry": {"type": "Point", "coordinates": [31.56648859280195, 30.27266835669566, 0.0]}}, {"type": "Feature", "properties": {"Description": null, "Telecom_Feature_Type": "ايندكاب", "Easting": "031° 33' 52.67\" E", "Northing": "30° 16' 21.51\" N", "ID": "12A", "GlobalID": "{5F1019D4-C81B-4299-9687-451563874C9D}", "القطاع": "القطاع الاول", "المسافة_بين_الكبنة_والبوكس": "5m", "I_D": "7-3", "created_user": null, "created_date": null, "last_edited_user": null, "last_edited_date": null}, "geometry": {"type": "Point", "coordinates": [31.566306710702392, 30.272808105639346, 0.0]}}, {"type": "Feature", "properties": {"Description": null, "Telecom_Feature_Type": "ايندكاب", "Easting": "031° 33' 51.18\" E", "Northing": "30° 16' 18.9\" N", "ID": "3", "GlobalID": "{64B22224-53AA-49A2-B72D-9AE62F04DDE0}", "القطاع": "القطاع الاول", "المسافة_بين_الكبنة_والبوكس": "225m", "I_D": "7-2", "created_user": null, "created_date": null, "last_edited_user": null, "last_edited_date": null}, "geometry": {"type": "Point", "coordinates": [31.565892417158352, 30.2720843136127, 0.0]}}, {"type": "Feature", "properties": {"Description": null, "Telecom_Feature_Type": "ايندكاب", "Easting": "031° 33' 50.26\" E", "Northing": "30° 16' 19.78\" N", "ID": "15A", "GlobalID": "{E046C0B3-443A-459E-A708-BA427B2008ED}", "القطاع": "القطاع الاول", "المسافة_بين_الكبنة_والبوكس": "5m", "I_D": "7-2", "created_user": null, "created_date": null, "last_edited_user": null, "last_edited_date": null}, "geometry": {"type": "Point", "coordinates": [31.56563912118986, 30.27232836998867, 0.0]}}, {"type": "Feature", "properties": {"Description": null, "Telecom_Feature_Type": "ايندكاب", "Easting": "031° 33' 57.0\" E", "Northing": "30° 16' 24.66\" N", "ID": "7A", "GlobalID": "{D276BD0D-A9E6-4017-9C46-57E1473D80BB}", "القطاع": "القطاع الاول", "المسافة_بين_الكبنة_والبوكس": "5m", "I_D": "7-3", "created_user": null, "created_date": null, "last_edited_user": null, "last_edited_date": null}, "geometry": {"type": "Point", "coordinates": [31.567509810474345, 30.273681716944274, 0.0]}}, {"type": "Feature", "properties": {"Description": null, "Telecom_Feature_Type": "ايندكاب", "Easting": "031° 33' 52.73\" E", "Northing": "30° 16' 20.43\" N", "ID": "1A", "GlobalID": "{F8575559-9243-4005-B598-96C079355EC8}", "القطاع": "القطاع الاول", "المسافة_بين_الكبنة_والبوكس": "5m", "I_D": null, "created_user": null, "created_date": null, "last_edited_user": null, "last_edited_date": null}, "geometry": {"type": "Point", "coordinates": [31.566325198963803, 30.272508588851984, 0.0]}}, {"type": "Feature", "properties": {"Description": null, "Telecom_Feature_Type": "ايندكاب", "Easting": "031° 33' 50.6\" E", "Northing": "30° 16' 18.35\" N", "ID": "4A", "GlobalID": "{85312EA7-5449-44E6-812F-B1442762945B}", "القطاع": "القطاع الاول", "المسافة_بين_الكبنة_والبوكس": "5m", "I_D": "7-2", "created_user": null, "created_date": null, "last_edited_user": null, "last_edited_date": null}, "geometry": {"type": "Point", "coordinates": [31.565732044719784, 30.27192916485722, 0.0]}}, {"type": "Feature", "properties": {"Description": null, "Telecom_Feature_Type": "ايندكاب", "Easting": "031° 33' 49.46\" E", "Northing": "30° 16' 19.11\" N", "ID": "16A", "GlobalID": "{3B4430EE-6FC2-4FDD-9860-89ADDBB41AA9}", "القطاع": "القطاع الاول", "المسافة_بين_الكبنة_والبوكس": "5m", "I_D": "7-2", "created_user": null, "created_date": null, "last_edited_user": null, "last_edited_date": null}, "geometry": {"type": "Point", "coordinates": [31.56541729070769, 30.272140653328552, 0.0]}}, {"type": "Feature", "properties": {"Description": null, "Telecom_Feature_Type": "ايندكاب", "Easting": "031° 33' 54.23\" E", "Northing": "30° 16' 23.04\" N", "ID": "14", "GlobalID": "{D3FA939B-0D3B-4FE2-9F6E-0E97CB67907C}", "القطاع": "القطاع الاول", "المسافة_بين_الكبنة_والبوكس": "80m", "I_D": "7-3", "created_user": null, "created_date": null, "last_edited_user": null, "last_edited_date": null}, "geometry": {"type": "Point", "coordinates": [31.56674158267043, 30.273232092558796, 0.0]}}, {"type": "Feature", "properties": {"Description": null, "Telecom_Feature_Type": "ايندكاب", "Easting": "031° 33' 55.42\" E", "Northing": "30° 16' 21.22\" N", "ID": "10", "GlobalID": "{E767B4C0-2203-4199-A8EA-89649ACADBAC}", "القطاع": "القطاع الاول", "المسافة_بين_الكبنة_والبوكس": "310m", "I_D": "7-3", "created_user": null, "created_date": null, "last_edited_user": null, "last_edited_date": null}, "geometry": {"type": "Point", "coordinates": [31.56707204994385, 30.272728586636635, 0.0]}}, {"type": "Feature", "properties": {"Description": null, "Telecom_Feature_Type": "ايندكاب", "Easting": "031° 33' 41.28\" E", "Northing": "30° 16' 27.07\" N", "ID": "21A", "GlobalID": "{6C4DB6B7-F592-44FD-AAF0-E0B612548240}", "القطاع": "القطاع الاول", "المسافة_بين_الكبنة_والبوكس": "5m", "I_D": "6-4", "created_user": null, "created_date": null, "last_edited_user": null, "last_edited_date": null}, "geometry": {"type": "Point", "coordinates": [31.56314329769726, 30.27435123838633, 0.0]}}, {"type": "Feature", "properties": {"Description": null, "Telecom_Feature_Type": "ايندكاب", "Easting": "031° 33' 42.15\" E", "Northing": "30° 16' 26.15\" N", "ID": "6A", "GlobalID": "{4488759D-75AB-4F0D-86DB-B4BB82D83662}", "القطاع": "القطاع الاول", "المسافة_بين_الكبنة_والبوكس": "5m", "I_D": "6-4", "created_user": null, "created_date": null, "last_edited_user": null, "last_edited_date": null}, "geometry": {"type": "Point", "coordinates": [31.563384910297536, 30.27409608594913, 0.0]}}, {"type": "Feature", "properties": {"Description": null, "Telecom_Feature_Type": "ايندكاب", "Easting": "031° 33' 44.58\" E", "Northing": "30° 16' 28.04\" N", "ID": "3A", "GlobalID": "{ABC38269-067A-4EA2-A4FB-26F464964D11}", "القطاع": "القطاع الاول", "المسافة_بين_الكبنة_والبوكس": "5m", "I_D": "6-4", "created_user": null, "created_date": null, "last_edited_user": null, "last_edited_date": null}, "geometry": {"type": "Point", "coordinates": [31.564059705847114, 30.27462178993989, 0.0]}}, {"type": "Feature", "properties": {"Description": null, "Telecom_Feature_Type": "ايندكاب", "Easting": "031° 33' 46.99\" E", "Northing": "30° 16' 29.92\" N", "ID": "11A", "GlobalID": "{9D9EC493-4363-4979-A694-73E5253F2965}", "القطاع": "القطاع الاول", "المسافة_بين_الكبنة_والبوكس": "5m", "I_D": "6-2", "created_user": null, "created_date": null, "last_edited_user": null, "last_edited_date": null}, "geometry": {"type": "Point", "coordinates": [31.564729867310607, 30.275143876876527, 0.0]}}, {"type": "Feature", "properties": {"Description": null, "Telecom_Feature_Type": "ايندكاب", "Easting": "031° 33' 49.29\" E", "Northing": "30° 16' 31.84\" N", "ID": "17A", "GlobalID": "{3661D25B-50F3-4252-A079-CDC12550EC1D}", "القطاع": "القطاع الاول", "المسافة_بين_الكبنة_والبوكس": "5m", "I_D": "6-2", "created_user": null, "created_date": null, "last_edited_user": null, "last_edited_date": null}, "geometry": {"type": "Point", "coordinates": [31.56536760735086, 30.275677059889283, 0.0]}}, {"type": "Feature", "properties": {"Description": null, "Telecom_Feature_Type": "ايندكاب", "Easting": "031° 33' 51.02\" E", "Northing": "30° 16' 32.15\" N", "ID": "15A", "GlobalID": "{AE6A1BFC-8177-4B6C-96D0-0DCBA74E99DB}", "القطاع": "القطاع الاول", "المسافة_بين_الكبنة_والبوكس": "5m", "I_D": "6-2", "created_user": null, "created_date": null, "last_edited_user": null, "last_edited_date": null}, "geometry": {"type": "Point", "coordinates": [31.565849656642605, 30.275763844613014, 0.0]}}, {"type": "Feature", "properties": {"Description": null, "Telecom_Feature_Type": "ايندكاب", "Easting": "031° 33' 48.6\" E", "Northing": "30° 16' 30.22\" N", "ID": "10A", "GlobalID": "{CD2B22D0-3FDB-47F1-98F7-A602BFD9F90A}", "القطاع": "القطاع الاول", "المسافة_بين_الكبنة_والبوكس": "5m", "I_D": "6-2", "created_user": null, "created_date": null, "last_edited_user": null, "last_edited_date": null}, "geometry": {"type": "Point", "coordinates": [31.565177465812273, 30.275227056355288, 0.0]}}, {"type": "Feature", "properties": {"Description": null, "Telecom_Feature_Type": "ايندكاب", "Easting": "031° 33' 46.17\" E", "Northing": "30° 16' 28.34\" N", "ID": "2A", "GlobalID": "{8DA5227C-DC7A-4DD3-9D52-C06BBD1B0AD5}", "القطاع": "القطاع الاول", "المسافة_بين_الكبنة_والبوكس": "5m", "I_D": "6-4", "created_user": null, "created_date": null, "last_edited_user": null, "last_edited_date": null}, "geometry": {"type": "Point", "coordinates": [31.564501644183185, 30.27470397138469, 0.0]}}, {"type": "Feature", "properties": {"Description": null, "Telecom_Feature_Type": "ايندكاب", "Easting": "031° 33' 44.03\" E", "Northing": "30° 16' 21.75\" N", "ID": "14A", "GlobalID": "{7AC634E8-BD85-4242-B0C3-8B3AC06EC9F2}", "القطاع": "القطاع الاول", "المسافة_بين_الكبنة_والبوكس": "5m", "I_D": "6-4", "created_user": null, "created_date": null, "last_edited_user": null, "last_edited_date": null}, "geometry": {"type": "Point", "coordinates": [31.563907937603048, 30.2728735065044, 0.0]}}, {"type": "Feature", "properties": {"Description": null, "Telecom_Feature_Type": "ايندكاب", "Easting": "031° 33' 44.88\" E", "Northing": "30° 16' 22.5\" N", "ID": "10A", "GlobalID": "{7018C992-B6BA-4F80-BB3F-1DD070D5433C}", "القطاع": "القطاع الاول", "المسافة_بين_الكبنة_والبوكس": "5m", "I_D": "6-4", "created_user": null, "created_date": null, "last_edited_user": null, "last_edited_date": null}, "geometry": {"type": "Point", "coordinates": [31.564142921231422, 30.27308224267344, 0.0]}}, {"type": "Feature", "properties": {"Description": null, "Telecom_Feature_Type": "ايندكاب", "Easting": "031° 33' 45.13\" E", "Northing": "30° 16' 23.63\" N", "ID": "11A", "GlobalID": "{1424BEF5-D8E2-42B3-A5CC-60331DB4D94A}", "القطاع": "القطاع الاول", "المسافة_بين_الكبنة_والبوكس": "5m", "I_D": "6-4", "created_user": null, "created_date": null, "last_edited_user": null, "last_edited_date": null}, "geometry": {"type": "Point", "coordinates": [31.56421329319631, 30.27339781033934, 0.0]}}, {"type": "Feature", "properties": {"Description": null, "Telecom_Feature_Type": "ايندكاب", "Easting": "031° 33' 40.06\" E", "Northing": "30° 16' 26.67\" N", "ID": "22", "GlobalID": "{8C9E5FE1-8615-46F1-929B-5A31A012A74A}", "القطاع": "القطاع الاول", "المسافة_بين_الكبنة_والبوكس": "5m", "I_D": "6-4", "created_user": null, "created_date": null, "last_edited_user": null, "last_edited_date": null}, "geometry": {"type": "Point", "coordinates": [31.562804617473816, 30.274241019321433, 0.0]}}, {"type": "Feature", "properties": {"Description": null, "Telecom_Feature_Type": "ايندكاب", "Easting": "031° 33' 43.59\" E", "Northing": "30° 16' 23.92\" N", "ID": "12A", "GlobalID": "{0947798A-AF48-4B07-840C-AE782D2324CB}", "القطاع": "القطاع الاول", "المسافة_بين_الكبنة_والبوكس": "5m", "I_D": "6-4", "created_user": null, "created_date": null, "last_edited_user": null, "last_edited_date": null}, "geometry": {"type": "Point", "coordinates": [31.56378662945252, 30.27347658238323, 0.0]}}, {"type": "Feature", "properties": {"Description": null, "Telecom_Feature_Type": "ايندكاب", "Easting": "031° 33' 44.05\" E", "Northing": "30° 16' 13.49\" N", "ID": "22A", "GlobalID": "{04289B9B-AEB2-4997-A889-24848B61C6B0}", "القطاع": "القطاع الاول", "المسافة_بين_الكبنة_والبوكس": "5m", "I_D": "7-2", "created_user": null, "created_date": null, "last_edited_user": null, "last_edited_date": null}, "geometry": {"type": "Point", "coordinates": [31.563913037028595, 30.270578833755753, 199.99950000000536]}}, {"type": "Feature", "properties": {"Description": null, "Telecom_Feature_Type": "ايندكاب", "Easting": "031° 33' 43.08\" E", "Northing": "30° 16' 14.25\" N", "ID": "18A", "GlobalID": "{84A3B118-E9BE-42CB-928B-D98DA2F065FB}", "القطاع": "القطاع الاول", "المسافة_بين_الكبنة_والبوكس": "5m", "I_D": "7-2", "created_user": null, "created_date": null, "last_edited_user": null, "last_edited_date": null}, "geometry": {"type": "Point", "coordinates": [31.563644881120855, 30.270791602071988, -399.99520000000484]}}, {"type": "Feature", "properties": {"Description": null, "Telecom_Feature_Type": "ايندكاب", "Easting": "031° 33' 43.95\" E", "Northing": "30° 16' 15.08\" N", "ID": "19A", "GlobalID": "{1C378849-3F3F-4D08-A09D-37FECAA18C60}", "القطاع": "القطاع الاول", "المسافة_بين_الكبنة_والبوكس": "5m", "I_D": "7-2", "created_user": null, "created_date": null, "last_edited_user": null, "last_edited_date": null}, "geometry": {"type": "Point", "coordinates": [31.563884852588792, 30.271020638241367, 0.0]}}, {"type": "Feature", "properties": {"Description": null, "Telecom_Feature_Type": "ايندكاب", "Easting": "031° 33' 45.16\" E", "Northing": "30° 16' 13.23\" N", "ID": "23A", "GlobalID": "{9F9BDA7B-3E16-4337-B3B1-5C6D82405785}", "القطاع": "القطاع الاول", "المسافة_بين_الكبنة_والبوكس": "5m", "I_D": "7-2", "created_user": null, "created_date": null, "last_edited_user": null, "last_edited_date": null}, "geometry": {"type": "Point", "coordinates": [31.56422211181619, 30.27050774686488, 0.0]}}, {"type": "Feature", "properties": {"Description": null, "Telecom_Feature_Type": "ايندكاب", "Easting": "031° 33' 45.79\" E", "Northing": "30° 16' 14.31\" N", "ID": "24A", "GlobalID": "{90BF93D9-39E5-474E-ACE1-901B5EF1D541}", "القطاع": "القطاع الاول", "المسافة_بين_الكبنة_والبوكس": "5m", "I_D": "7-2", "created_user": null, "created_date": null, "last_edited_user": null, "last_edited_date": null}, "geometry": {"type": "Point", "coordinates": [31.56439675849915, 30.270808077813296, 0.0]}}, {"type": "Feature", "properties": {"Description": null, "Telecom_Feature_Type": "ايندكاب", "Easting": "031° 33' 46.64\" E", "Northing": "30° 16' 15.13\" N", "ID": "25A", "GlobalID": "{C732049A-437F-4EAE-B59D-6E44A5330E62}", "القطاع": "القطاع الاول", "المسافة_بين_الكبنة_والبوكس": "5m", "I_D": "7-2", "created_user": null, "created_date": null, "last_edited_user": null, "last_edited_date": null}, "geometry": {"type": "Point", "coordinates": [31.56463342782143, 30.271035705568323, 0.0]}}, {"type": "Feature", "properties": {"Description": null, "Telecom_Feature_Type": "ايندكاب", "Easting": "031° 33' 54.76\" E", "Northing": "30° 16' 30.92\" N", "ID": "17", "GlobalID": "{6FE84B5D-A05C-4CB4-9006-F6B36BC46652}", "القطاع": "القطاع الاول", "المسافة_بين_الكبنة_والبوكس": "180m", "I_D": "7-4", "created_user": null, "created_date": null, "last_edited_user": null, "last_edited_date": null}, "geometry": {"type": "Point", "coordinates": [31.566887859910114, 30.27542257565563, 0.0]}}, {"type": "Feature", "properties": {"Description": null, "Telecom_Feature_Type": "ايندكاب", "Easting": "031° 33' 54.82\" E", "Northing": "30° 16' 32.71\" N", "ID": "16", "GlobalID": "{6FEB9BEF-1F15-4D0F-8640-77C3BF4B5B6C}", "القطاع": "القطاع الاول", "المسافة_بين_الكبنة_والبوكس": "205m", "I_D": null, "created_user": null, "created_date": null, "last_edited_user": null, "last_edited_date": null}, "geometry": {"type": "Point", "coordinates": [31.56690381377669, 30.27592042362534, 0.0]}}, {"type": "Feature", "properties": {"Description": null, "Telecom_Feature_Type": "ايندكاب", "Easting": "031° 33' 52.47\" E", "Northing": "30° 16' 28.93\" N", "ID": "20A", "GlobalID": "{C7CCD998-6C76-49E4-813B-364370148DD6}", "القطاع": "القطاع الاول", "المسافة_بين_الكبنة_والبوكس": "5m", "I_D": "7-4", "created_user": null, "created_date": null, "last_edited_user": null, "last_edited_date": null}, "geometry": {"type": "Point", "coordinates": [31.566251424761603, 30.274868324523258, 0.0]}}, {"type": "Feature", "properties": {"Description": null, "Telecom_Feature_Type": "ايندكاب", "Easting": "031° 33' 53.13\" E", "Northing": "30° 16' 28.37\" N", "ID": "14A", "GlobalID": "{74347EC2-98D1-4DBC-80E3-36946679E5D5}", "القطاع": "القطاع الاول", "المسافة_بين_الكبنة_والبوكس": "5m", "I_D": "7-4", "created_user": null, "created_date": null, "last_edited_user": null, "last_edited_date": null}, "geometry": {"type": "Point", "coordinates": [31.56643678895632, 30.274712414053404, 0.0]}}, {"type": "Feature", "properties": {"Description": null, "Telecom_Feature_Type": "ايندكاب", "Easting": "031° 33' 57.44\" E", "Northing": "30° 16' 30.5\" N", "ID": "10", "GlobalID": "{38BCD17D-9295-4937-BCFA-2E745C4DB72E}", "القطاع": "القطاع الاول", "المسافة_بين_الكبنة_والبوكس": "250m", "I_D": "7-4", "created_user": null, "created_date": null, "last_edited_user": null, "last_edited_date": null}, "geometry": {"type": "Point", "coordinates": [31.567631512084468, 30.27530607122343, 0.0]}}, {"type": "Feature", "properties": {"Description": null, "Telecom_Feature_Type": "ايندكاب", "Easting": "031° 33' 56.37\" E", "Northing": "30° 16' 32.36\" N", "ID": "15", "GlobalID": "{5E93A940-44B8-412D-B6D5-B71906EF59C1}", "القطاع": "القطاع الاول", "المسافة_بين_الكبنة_والبوكس": "280m", "I_D": "7-4", "created_user": null, "created_date": null, "last_edited_user": null, "last_edited_date": null}, "geometry": {"type": "Point", "coordinates": [31.567334443436884, 30.275823262239115, 0.0]}}, {"type": "Feature", "properties": {"Description": null, "Telecom_Feature_Type": "ايندكاب", "Easting": "031° 33' 59.02\" E", "Northing": "30° 16' 29.64\" N", "ID": "9", "GlobalID": "{336A5DD4-A455-42A9-AFA2-548A8B47822C}", "القطاع": "القطاع الاول", "المسافة_بين_الكبنة_والبوكس": "220m", "I_D": "10-3", "created_user": null, "created_date": null, "last_edited_user": null, "last_edited_date": null}, "geometry": {"type": "Point", "coordinates": [31.568072600757727, 30.275065596073524, 0.0]}}, {"type": "Feature", "properties": {"Description": null, "Telecom_Feature_Type": "ايندكاب", "Easting": "031° 33' 20.9\" E", "Northing": "30° 15' 51.28\" N", "ID": "15", "GlobalID": "{D5C06B8C-F883-46E7-BCE3-653BCFBB4763}", "القطاع": "القطاع الثاني", "المسافة_بين_الكبنة_والبوكس": "160m", "I_D": "4-3", "created_user": null, "created_date": null, "last_edited_user": null, "last_edited_date": null}, "geometry": {"type": "Point", "coordinates": [31.55748287691948, 30.264410234832912, 0.0]}}, {"type": "Feature", "properties": {"Description": null, "Telecom_Feature_Type": "ايندكاب", "Easting": "031° 33' 4.25\" E", "Northing": "30° 16' 21.83\" N", "ID": "17", "GlobalID": "{D5AC69B9-FC0B-468D-B82F-E85349048237}", "القطاع": "القطاع الثالث", "المسافة_بين_الكبنة_والبوكس": "230m", "I_D": "4-1", "created_user": null, "created_date": null, "last_edited_user": null, "last_edited_date": null}, "geometry": {"type": "Point", "coordinates": [31.552858058646635, 30.27289617347314, 0.0]}}, {"type": "Feature", "properties": {"Description": null, "Telecom_Feature_Type": "ايندكاب", "Easting": "031° 33' 6.92\" E", "Northing": "30° 16' 21.53\" N", "ID": "18", "GlobalID": "{EDE7D8ED-81EC-4751-9CB8-5240E0B26467}", "القطاع": "القطاع الثالث", "المسافة_بين_الكبنة_والبوكس": "210m", "I_D": "4-1", "created_user": null, "created_date": null, "last_edited_user": null, "last_edited_date": null}, "geometry": {"type": "Point", "coordinates": [31.55359846207031, 30.272813322082804, 0.0]}}, {"type": "Feature", "properties": {"Description": null, "Telecom_Feature_Type": "ايندكاب", "Easting": "031° 33' 42.02\" E", "Northing": "30° 16' 31.75\" N", "ID": "19", "GlobalID": "{D98E21B9-065C-4EDB-A808-895901234DB5}", "القطاع": "القطاع الثالث", "المسافة_بين_الكبنة_والبوكس": "225m", "I_D": "6-3", "created_user": null, "created_date": null, "last_edited_user": null, "last_edited_date": null}, "geometry": {"type": "Point", "coordinates": [31.563348371062734, 30.275651670680148, 0.0]}}, {"type": "Feature", "properties": {"Description": null, "Telecom_Feature_Type": "ايندكاب", "Easting": "031° 33' 38.2\" E", "Northing": "30° 16' 31.19\" N", "ID": "21", "GlobalID": "{C1CCA77A-D87A-4CED-A276-75179038E4B8}", "القطاع": "القطاع الثالث", "المسافة_بين_الكبنة_والبوكس": "190m", "I_D": "6-3", "created_user": null, "created_date": null, "last_edited_user": null, "last_edited_date": null}, "geometry": {"type": "Point", "coordinates": [31.562289503919597, 30.27549766660961, 0.0]}}, {"type": "Feature", "properties": {"Description": null, "Telecom_Feature_Type": "ايندكاب", "Easting": "031° 33' 56.45\" E", "Northing": "30° 16' 17.59\" N", "ID": "2", "GlobalID": "{4C23AC14-9EDE-4BB2-B1E1-6016E0298558}", "القطاع": "القطاع الاول", "المسافة_بين_الكبنة_والبوكس": "300m", "I_D": "10-2", "created_user": null, "created_date": null, "last_edited_user": null, "last_edited_date": null}, "geometry": {"type": "Point", "coordinates": [31.56735764081819, 30.271719310597472, 0.0]}}, {"type": "Feature", "properties": {"Description": null, "Telecom_Feature_Type": "ايندكاب", "Easting": "031° 33' 55.72\" E", "Northing": "30° 16' 18.24\" N", "ID": "3", "GlobalID": "{5A2D923E-A24E-4455-BF6A-05359256D8F9}", "القطاع": "القطاع الثاني", "المسافة_بين_الكبنة_والبوكس": "275m", "I_D": "10-2", "created_user": null, "created_date": null, "last_edited_user": null, "last_edited_date": null}, "geometry": {"type": "Point", "coordinates": [31.567153670543167, 30.271898339236103, 0.0]}}, {"type": "Feature", "properties": {"Description": null, "Telecom_Feature_Type": "ايندكاب", "Easting": "031° 33' 56.18\" E", "Northing": "30° 16' 19.29\" N", "ID": "1", "GlobalID": "{074D14B2-A6C9-4B69-A3FF-023A4D5858BB}", "القطاع": "القطاع الثاني", "المسافة_بين_الكبنة_والبوكس": "300m", "I_D": "10-2", "created_user": null, "created_date": null, "last_edited_user": null, "last_edited_date": null}, "geometry": {"type": "Point", "coordinates": [31.56728287276553, 30.272191171877033, 0.0]}}, {"type": "Feature", "properties": {"Description": null, "Telecom_Feature_Type": "ايندكاب", "Easting": "031° 33' 59.37\" E", "Northing": "30° 16' 20.36\" N", "ID": "25", "GlobalID": "{AC3A5A0D-752C-4799-BE3E-137F7E7DE8E3}", "القطاع": "القطاع الثاني", "المسافة_بين_الكبنة_والبوكس": "240m", "I_D": "10-4", "created_user": null, "created_date": null, "last_edited_user": null, "last_edited_date": null}, "geometry": {"type": "Point", "coordinates": [31.568169509968108, 30.272488125382473, 0.0]}}, {"type": "Feature", "properties": {"Description": null, "Telecom_Feature_Type": "ايندكاب", "Easting": "031° 33' 27.27\" E", "Northing": "30° 16' 13.5\" N", "ID": "11", "GlobalID": "{A8C77A61-E70A-4A11-A1B5-62C8E0BCF7F4}", "القطاع": "القطاع الاول", "المسافة_بين_الكبنة_والبوكس": "115m", "I_D": "9-3", "created_user": null, "created_date": null, "last_edited_user": null, "last_edited_date": null}, "geometry": {"type": "Point", "coordinates": [31.5592516152621, 30.270581859954763, 0.0]}}, {"type": "Feature", "properties": {"Description": null, "Telecom_Feature_Type": "ايندكاب", "Easting": "031° 33' 28.58\" E", "Northing": "30° 16' 12.4\" N", "ID": "10", "GlobalID": "{1628B104-AB3C-415E-8D78-57E6D3C4FD02}", "القطاع": "القطاع الاول", "المسافة_بين_الكبنة_والبوكس": "30m", "I_D": "9-3", "created_user": null, "created_date": null, "last_edited_user": null, "last_edited_date": null}, "geometry": {"type": "Point", "coordinates": [31.5596145171453, 30.270278338206264, 0.0]}}, {"type": "Feature", "properties": {"Description": null, "Telecom_Feature_Type": "ايندكاب", "Easting": "031° 33' 30.02\" E", "Northing": "30° 16' 18.21\" N", "ID": "17", "GlobalID": "{22DEEA08-CE3B-4070-91B1-F3C3FA22917C}", "القطاع": "القطاع الاول", "المسافة_بين_الكبنة_والبوكس": "225m", "I_D": "10-1", "created_user": null, "created_date": null, "last_edited_user": null, "last_edited_date": null}, "geometry": {"type": "Point", "coordinates": [31.560015754343787, 30.271891089822873, 0.0]}}, {"type": "Feature", "properties": {"Description": null, "Telecom_Feature_Type": "ايندكاب", "Easting": "031° 33' 43.1\" E", "Northing": "30° 16' 32.56\" N", "ID": "16", "GlobalID": "{EEB93EC4-FD26-4291-9469-84C93359F79E}", "القطاع": "القطاع الثالث", "المسافة_بين_الكبنة_والبوكس": "290m", "I_D": "6-3", "created_user": null, "created_date": null, "last_edited_user": null, "last_edited_date": null}, "geometry": {"type": "Point", "coordinates": [31.563649991597384, 30.275876237222935, 0.0]}}, {"type": "Feature", "properties": {"Description": null, "Telecom_Feature_Type": "ايندكاب", "Easting": "031° 33' 48.03\" E", "Northing": "30° 16' 24.94\" N", "ID": "6", "GlobalID": "{52EBB405-FEE5-494A-9E9C-2A6AC3B49C9E}", "القطاع": "القطاع الاول", "المسافة_بين_الكبنة_والبوكس": "200m", "I_D": "7-4", "created_user": null, "created_date": null, "last_edited_user": null, "last_edited_date": null}, "geometry": {"type": "Point", "coordinates": [31.565018653354134, 30.273760440912454, 0.0]}}, {"type": "Feature", "properties": {"Description": null, "Telecom_Feature_Type": "ايندكاب", "Easting": "031° 33' 51.4\" E", "Northing": "30° 16' 27.44\" N", "ID": "5", "GlobalID": "{4DCEA14C-38D1-4CEA-A7BE-62C54B639365}", "القطاع": "القطاع الاول", "المسافة_بين_الكبنة_والبوكس": "90m", "I_D": "7-4", "created_user": null, "created_date": null, "last_edited_user": null, "last_edited_date": null}, "geometry": {"type": "Point", "coordinates": [31.565954156077627, 30.274454731034474, 0.0]}}, {"type": "Feature", "properties": {"Description": null, "Telecom_Feature_Type": "ايندكاب", "Easting": "031° 33' 50.37\" E", "Northing": "30° 16' 28.37\" N", "ID": "8", "GlobalID": "{F8CAD1E0-81FC-4DEC-B25D-81A90844E3D6}", "القطاع": "القطاع الاول", "المسافة_بين_الكبنة_والبوكس": "70m", "I_D": "7-4", "created_user": null, "created_date": null, "last_edited_user": null, "last_edited_date": null}, "geometry": {"type": "Point", "coordinates": [31.565669374191465, 30.27471465133793, 0.0]}}, {"type": "Feature", "properties": {"Description": null, "Telecom_Feature_Type": "جوينت", "Easting": "031° 33' 37.73\" E", "Northing": "30° 16' 41.98\" N", "ID": null, "GlobalID": "{9665B70D-5186-47F1-92B4-1E513D79CB1F}", "القطاع": "القطاع الثالث", "المسافة_بين_الكبنة_والبوكس": null, "I_D": null, "created_user": null, "created_date": null, "last_edited_user": null, "last_edited_date": null}, "geometry": {"type": "Point", "coordinates": [31.562157423223148, 30.27849446147286, 0.0]}}, {"type": "Feature", "properties": {"Description": null, "Telecom_Feature_Type": "جوينت", "Easting": "031° 33' 37.27\" E", "Northing": "30° 16' 39.99\" N", "ID": null, "GlobalID": "{53583E05-E4C6-45A7-AC4B-AC957FE8FDEA}", "القطاع": "القطاع الثالث", "المسافة_بين_الكبنة_والبوكس": null, "I_D": null, "created_user": null, "created_date": null, "last_edited_user": null, "last_edited_date": null}, "geometry": {"type": "Point", "coordinates": [31.56203006239407, 30.277940674881183, 0.0]}}, {"type": "Feature", "properties": {"Description": null, "Telecom_Feature_Type": "جوينت", "Easting": "031° 33' 20.25\" E", "Northing": "30° 16' 41.74\" N", "ID": null, "GlobalID": "{91D58A48-AA7E-4CD5-8A29-E6870F5253F2}", "القطاع": "القطاع الثالث", "المسافة_بين_الكبنة_والبوكس": null, "I_D": null, "created_user": null, "created_date": null, "last_edited_user": null, "last_edited_date": null}, "geometry": {"type": "Point", "coordinates": [31.55730085256476, 30.27842807320706, 0.0]}}, {"type": "Feature", "properties": {"Description": null, "Telecom_Feature_Type": "جوينت", "Easting": "031° 33' 19.28\" E", "Northing": "30° 16' 40.86\" N", "ID": null, "GlobalID": "{DC7C4F4D-A858-4690-A649-23C125DA4C17}", "القطاع": "القطاع الثالث", "المسافة_بين_الكبنة_والبوكس": null, "I_D": null, "created_user": null, "created_date": null, "last_edited_user": null, "last_edited_date": null}, "geometry": {"type": "Point", "coordinates": [31.557032226901253, 30.27818283583816, 0.0]}}, {"type": "Feature", "properties": {"Description": null, "Telecom_Feature_Type": "جوينت", "Easting": "031° 33' 24.48\" E", "Northing": "30° 16' 47.6\" N", "ID": null, "GlobalID": "{0B4300E6-4862-4020-9EF4-11D48926FE97}", "القطاع": "القطاع الثالث", "المسافة_بين_الكبنة_والبوكس": null, "I_D": null, "created_user": null, "created_date": null, "last_edited_user": null, "last_edited_date": null}, "geometry": {"type": "Point", "coordinates": [31.558476371220216, 30.280055609694312, 0.0]}}, {"type": "Feature", "properties": {"Description": null, "Telecom_Feature_Type": "جوينت", "Easting": "031° 33' 46.1\" E", "Northing": "30° 15' 58.43\" N", "ID": null, "GlobalID": "{BC2A41BC-0EE4-498D-87E9-88672E9F7F75}", "القطاع": "القطاع الثاني", "المسافة_بين_الكبنة_والبوكس": null, "I_D": null, "created_user": null, "created_date": null, "last_edited_user": null, "last_edited_date": null}, "geometry": {"type": "Point", "coordinates": [31.564483597295645, 30.266395527163663, 0.0]}}, {"type": "Feature", "properties": {"Description": null, "Telecom_Feature_Type": "جوينت", "Easting": "031° 33' 45.18\" E", "Northing": "30° 16' 0.15\" N", "ID": null, "GlobalID": "{DFB87ED6-9D3B-40E4-878C-3CC7D915C89C}", "القطاع": "القطاع الثاني", "المسافة_بين_الكبنة_والبوكس": null, "I_D": null, "created_user": null, "created_date": null, "last_edited_user": null, "last_edited_date": null}, "geometry": {"type": "Point", "coordinates": [31.564226453936108, 30.2668753368823, 0.0]}}, {"type": "Feature", "properties": {"Description": null, "Telecom_Feature_Type": "جوينت", "Easting": "031° 33' 49.04\" E", "Northing": "30° 15' 59.89\" N", "ID": null, "GlobalID": "{11B094CA-678D-42FF-8E9E-8B5540453C74}", "القطاع": "القطاع الثاني", "المسافة_بين_الكبنة_والبوكس": null, "I_D": null, "created_user": null, "created_date": null, "last_edited_user": null, "last_edited_date": null}, "geometry": {"type": "Point", "coordinates": [31.565297950443306, 30.26680255287622, 0.0]}}, {"type": "Feature", "properties": {"Description": null, "Telecom_Feature_Type": "جوينت", "Easting": "031° 33' 50.21\" E", "Northing": "30° 16' 0.55\" N", "ID": null, "GlobalID": "{78572CB5-7BBD-4CE7-B661-76F654F4B2CB}", "القطاع": "القطاع الثاني", "المسافة_بين_الكبنة_والبوكس": null, "I_D": null, "created_user": null, "created_date": null, "last_edited_user": null, "last_edited_date": null}, "geometry": {"type": "Point", "coordinates": [31.565624506722944, 30.266985822344136, 0.0]}}, {"type": "Feature", "properties": {"Description": null, "Telecom_Feature_Type": "جوينت", "Easting": "031° 33' 52.28\" E", "Northing": "30° 16' 1.75\" N", "ID": null, "GlobalID": "{6C20FD90-4B2A-4A1C-A3DA-F1C65243C1DC}", "القطاع": "القطاع الثاني", "المسافة_بين_الكبنة_والبوكس": null, "I_D": null, "created_user": null, "created_date": null, "last_edited_user": null, "last_edited_date": null}, "geometry": {"type": "Point", "coordinates": [31.566199020583944, 30.267318815536058, 0.0]}}, {"type": "Feature", "properties": {"Description": null, "Telecom_Feature_Type": "جوينت", "Easting": "031° 33' 55.28\" E", "Northing": "30° 16' 3.7\" N", "ID": null, "GlobalID": "{C058B308-AC21-4E33-97AF-43862EE5654C}", "القطاع": "القطاع الثاني", "المسافة_بين_الكبنة_والبوكس": null, "I_D": null, "created_user": null, "created_date": null, "last_edited_user": null, "last_edited_date": null}, "geometry": {"type": "Point", "coordinates": [31.56703280561631, 30.267861106227794, 0.0]}}, {"type": "Feature", "properties": {"Description": null, "Telecom_Feature_Type": "جوينت", "Easting": "031° 33' 56.36\" E", "Northing": "30° 16' 4.47\" N", "ID": null, "GlobalID": "{F1DED066-8C82-43BE-8E64-47C764D7A339}", "القطاع": "القطاع الثاني", "المسافة_بين_الكبنة_والبوكس": null, "I_D": null, "created_user": null, "created_date": null, "last_edited_user": null, "last_edited_date": null}, "geometry": {"type": "Point", "coordinates": [31.567333843568097, 30.268073476973953, 0.0]}}, {"type": "Feature", "properties": {"Description": null, "Telecom_Feature_Type": "جوينت", "Easting": "031° 33' 58.18\" E", "Northing": "30° 16' 5.76\" N", "ID": null, "GlobalID": "{F4C84ABD-0790-4E63-941A-603305116702}", "القطاع": "القطاع الثاني", "المسافة_بين_الكبنة_والبوكس": null, "I_D": null, "created_user": null, "created_date": null, "last_edited_user": null, "last_edited_date": null}, "geometry": {"type": "Point", "coordinates": [31.56783815307805, 30.26843348773087, 0.0]}}, {"type": "Feature", "properties": {"Description": null, "Telecom_Feature_Type": "جوينت", "Easting": "031° 33' 59.45\" E", "Northing": "30° 16' 6.79\" N", "ID": null, "GlobalID": "{B629BB13-BCDF-4CC4-AE41-FC81E20327A1}", "القطاع": "القطاع الثاني", "المسافة_بين_الكبنة_والبوكس": null, "I_D": null, "created_user": null, "created_date": null, "last_edited_user": null, "last_edited_date": null}, "geometry": {"type": "Point", "coordinates": [31.568192241670072, 30.268719579023024, 0.0]}}, {"type": "Feature", "properties": {"Description": null, "Telecom_Feature_Type": "جوينت", "Easting": "031° 33' 53.42\" E", "Northing": "30° 16' 2.45\" N", "ID": null, "GlobalID": "{55C9C089-B946-48A3-99E8-CA4F2B991FAB}", "القطاع": "القطاع الثاني", "المسافة_بين_الكبنة_والبوكس": null, "I_D": null, "created_user": null, "created_date": null, "last_edited_user": null, "last_edited_date": null}, "geometry": {"type": "Point", "coordinates": [31.56651607030498, 30.267514544925454, 0.0]}}, {"type": "Feature", "properties": {"Description": null, "Telecom_Feature_Type": "جوينت", "Easting": "031° 34' 1.13\" E", "Northing": "30° 16' 8.18\" N", "ID": null, "GlobalID": "{4FD7510A-6753-49BA-ABB4-2C72274A8A3F}", "القطاع": "القطاع الثاني", "المسافة_بين_الكبنة_والبوكس": null, "I_D": null, "created_user": null, "created_date": null, "last_edited_user": null, "last_edited_date": null}, "geometry": {"type": "Point", "coordinates": [31.56865755327659, 30.269106189874282, 0.0]}}, {"type": "Feature", "properties": {"Description": null, "Telecom_Feature_Type": "جوينت", "Easting": "031° 34' 2.08\" E", "Northing": "30° 16' 9.08\" N", "ID": null, "GlobalID": "{820BA3AB-CF33-4190-AEBD-05646B670201}", "القطاع": "القطاع الثاني", "المسافة_بين_الكبنة_والبوكس": null, "I_D": null, "created_user": null, "created_date": null, "last_edited_user": null, "last_edited_date": null}, "geometry": {"type": "Point", "coordinates": [31.568922429442782, 30.269354599662286, 0.0]}}, {"type": "Feature", "properties": {"Description": null, "Telecom_Feature_Type": "جوينت", "Easting": "031° 34' 4.61\" E", "Northing": "30° 16' 11.47\" N", "ID": null, "GlobalID": "{E97D2BFB-30AF-4686-843F-484C4C410951}", "القطاع": "القطاع الثاني", "المسافة_بين_الكبنة_والبوكس": null, "I_D": null, "created_user": null, "created_date": null, "last_edited_user": null, "last_edited_date": null}, "geometry": {"type": "Point", "coordinates": [31.569623569908536, 30.270020418051594, 0.0]}}, {"type": "Feature", "properties": {"Description": null, "Telecom_Feature_Type": "جوينت", "Easting": "031° 34' 3.75\" E", "Northing": "30° 16' 10.51\" N", "ID": null, "GlobalID": "{2D577ADB-1280-46C4-B837-5027577D8787}", "القطاع": "القطاع الثاني", "المسافة_بين_الكبنة_والبوكس": null, "I_D": null, "created_user": null, "created_date": null, "last_edited_user": null, "last_edited_date": null}, "geometry": {"type": "Point", "coordinates": [31.569385435814958, 30.269753493752443, 0.0]}}, {"type": "Feature", "properties": {"Description": null, "Telecom_Feature_Type": "جوينت", "Easting": "031° 34' 5.93\" E", "Northing": "30° 16' 13.16\" N", "ID": null, "GlobalID": "{306D4CA2-A78A-4AF4-AF31-2CF0BD29302A}", "القطاع": "القطاع الثاني", "المسافة_بين_الكبنة_والبوكس": null, "I_D": null, "created_user": null, "created_date": null, "last_edited_user": null, "last_edited_date": null}, "geometry": {"type": "Point", "coordinates": [31.56999206241527, 30.270488245019013, 0.0]}}, {"type": "Feature", "properties": {"Description": null, "Telecom_Feature_Type": "جوينت", "Easting": "031° 33' 49.4\" E", "Northing": "30° 16' 2.27\" N", "ID": null, "GlobalID": "{362ABB64-9BAE-4FE2-A68D-522A9845A8CC}", "القطاع": "القطاع الثاني", "المسافة_بين_الكبنة_والبوكس": null, "I_D": null, "created_user": null, "created_date": null, "last_edited_user": null, "last_edited_date": null}, "geometry": {"type": "Point", "coordinates": [31.565398454438746, 30.267462463018234, 0.0]}}, {"type": "Feature", "properties": {"Description": null, "Telecom_Feature_Type": "جوينت", "Easting": "031° 33' 51.04\" E", "Northing": "30° 16' 3.27\" N", "ID": null, "GlobalID": "{E6FFAE09-4516-476F-B947-8A569EEFA1B6}", "القطاع": "القطاع الثاني", "المسافة_بين_الكبنة_والبوكس": null, "I_D": null, "created_user": null, "created_date": null, "last_edited_user": null, "last_edited_date": null}, "geometry": {"type": "Point", "coordinates": [31.56585363002958, 30.26774154634422, 0.0]}}, {"type": "Feature", "properties": {"Description": null, "Telecom_Feature_Type": "جوينت", "Easting": "031° 33' 52.48\" E", "Northing": "30° 16' 4.12\" N", "ID": null, "GlobalID": "{5F2B324F-EE52-4AD2-8DB6-4AE8F4B03D59}", "القطاع": "القطاع الثاني", "المسافة_بين_الكبنة_والبوكس": null, "I_D": null, "created_user": null, "created_date": null, "last_edited_user": null, "last_edited_date": null}, "geometry": {"type": "Point", "coordinates": [31.566253866763624, 30.267977824224527, 0.0]}}, {"type": "Feature", "properties": {"Description": null, "Telecom_Feature_Type": "جوينت", "Easting": "031° 33' 54.37\" E", "Northing": "30° 16' 5.29\" N", "ID": null, "GlobalID": "{19479014-6ADB-499A-AAC0-497CA28E40F2}", "القطاع": "القطاع الثاني", "المسافة_بين_الكبنة_والبوكس": null, "I_D": null, "created_user": null, "created_date": null, "last_edited_user": null, "last_edited_date": null}, "geometry": {"type": "Point", "coordinates": [31.566780429994903, 30.268301682000864, 0.0]}}, {"type": "Feature", "properties": {"Description": null, "Telecom_Feature_Type": "جوينت", "Easting": "031° 33' 55.52\" E", "Northing": "30° 16' 5.98\" N", "ID": null, "GlobalID": "{D6DD39D8-7275-4A4A-8101-7244B2FD7FA8}", "القطاع": "القطاع الثاني", "المسافة_بين_الكبنة_والبوكس": null, "I_D": null, "created_user": null, "created_date": null, "last_edited_user": null, "last_edited_date": null}, "geometry": {"type": "Point", "coordinates": [31.567098567373712, 30.268494054120577, 0.0]}}, {"type": "Feature", "properties": {"Description": null, "Telecom_Feature_Type": "جوينت", "Easting": "031° 33' 58.14\" E", "Northing": "30° 16' 7.9\" N", "ID": null, "GlobalID": "{E59E4668-6B87-48C9-BF0A-16FD570D4695}", "القطاع": "القطاع الثاني", "المسافة_بين_الكبنة_والبوكس": null, "I_D": null, "created_user": null, "created_date": null, "last_edited_user": null, "last_edited_date": null}, "geometry": {"type": "Point", "coordinates": [31.567828069682175, 30.26902865757283, 0.0]}}, {"type": "Feature", "properties": {"Description": null, "Telecom_Feature_Type": "جوينت", "Easting": "031° 33' 59.16\" E", "Northing": "30° 16' 9.96\" N", "ID": null, "GlobalID": "{9537A300-77D9-4E2C-9ADF-64C073368652}", "القطاع": "القطاع الثاني", "المسافة_بين_الكبنة_والبوكس": null, "I_D": null, "created_user": null, "created_date": null, "last_edited_user": null, "last_edited_date": null}, "geometry": {"type": "Point", "coordinates": [31.56811075727434, 30.26960035657191, 0.0]}}, {"type": "Feature", "properties": {"Description": null, "Telecom_Feature_Type": "جوينت", "Easting": "031° 33' 52.63\" E", "Northing": "30° 16' 11.46\" N", "ID": null, "GlobalID": "{E55481D6-AFF0-4D83-8C69-99D8A73C96E1}", "القطاع": "القطاع الثاني", "المسافة_بين_الكبنة_والبوكس": null, "I_D": null, "created_user": null, "created_date": null, "last_edited_user": null, "last_edited_date": null}, "geometry": {"type": "Point", "coordinates": [31.56629757698596, 30.27001667711211, 0.0]}}, {"type": "Feature", "properties": {"Description": null, "Telecom_Feature_Type": "جوينت", "Easting": "031° 33' 45.88\" E", "Northing": "30° 16' 7.29\" N", "ID": null, "GlobalID": "{5BB16671-4FD9-4B4B-B050-0948A186F667}", "القطاع": "القطاع الثاني", "المسافة_بين_الكبنة_والبوكس": null, "I_D": null, "created_user": null, "created_date": null, "last_edited_user": null, "last_edited_date": null}, "geometry": {"type": "Point", "coordinates": [31.564420389811403, 30.26885832339197, 0.0]}}, {"type": "Feature", "properties": {"Description": null, "Telecom_Feature_Type": "جوينت", "Easting": "031° 33' 42.81\" E", "Northing": "30° 16' 41.74\" N", "ID": null, "GlobalID": "{17CABB49-7BEE-47F6-894F-EA183D1FC04C}", "القطاع": "القطاع الثالث", "المسافة_بين_الكبنة_والبوكس": null, "I_D": null, "created_user": null, "created_date": null, "last_edited_user": null, "last_edited_date": null}, "geometry": {"type": "Point", "coordinates": [31.563570106531316, 30.278427056914094, 0.0]}}, {"type": "Feature", "properties": {"Description": null, "Telecom_Feature_Type": "جوينت", "Easting": "031° 33' 56.69\" E", "Northing": "30° 16' 14.57\" N", "ID": null, "GlobalID": "{4CAE4B67-74BE-40C4-9E6F-6CF7C05679A1}", "القطاع": "القطاع الثاني", "المسافة_بين_الكبنة_والبوكس": null, "I_D": null, "created_user": null, "created_date": null, "last_edited_user": null, "last_edited_date": null}, "geometry": {"type": "Point", "coordinates": [31.567425118441246, 30.27088143960133, 0.0]}}, {"type": "Feature", "properties": {"Description": null, "Telecom_Feature_Type": "جوينت", "Easting": "031° 33' 51.86\" E", "Northing": "30° 16' 13.95\" N", "ID": null, "GlobalID": "{839A4316-0C19-4E32-861E-D2628D22A670}", "القطاع": "القطاع الثاني", "المسافة_بين_الكبنة_والبوكس": null, "I_D": null, "created_user": null, "created_date": null, "last_edited_user": null, "last_edited_date": null}, "geometry": {"type": "Point", "coordinates": [31.566083819107913, 30.27070893715113, 0.0]}}, {"type": "Feature", "properties": {"Description": null, "Telecom_Feature_Type": "جوينت", "Easting": "031° 33' 55.93\" E", "Northing": "30° 16' 19.48\" N", "ID": null, "GlobalID": "{D9510BCA-4E33-4275-8CF1-36042E8FBA0E}", "القطاع": "القطاع الثاني", "المسافة_بين_الكبنة_والبوكس": null, "I_D": null, "created_user": null, "created_date": null, "last_edited_user": null, "last_edited_date": null}, "geometry": {"type": "Point", "coordinates": [31.567213640534032, 30.27224421742422, 0.0]}}, {"type": "Feature", "properties": {"Description": null, "Telecom_Feature_Type": "جوينت", "Easting": "031° 33' 59.57\" E", "Northing": "30° 16' 20.22\" N", "ID": null, "GlobalID": "{146F1400-C2F4-4268-94CB-206CAA3FEE67}", "القطاع": "القطاع الثاني", "المسافة_بين_الكبنة_والبوكس": null, "I_D": null, "created_user": null, "created_date": null, "last_edited_user": null, "last_edited_date": null}, "geometry": {"type": "Point", "coordinates": [31.568223202879555, 30.272450770056594, 0.0]}}, {"type": "Feature", "properties": {"Description": null, "Telecom_Feature_Type": "جوينت", "Easting": "031° 34' 4.98\" E", "Northing": "30° 16' 20.62\" N", "ID": null, "GlobalID": "{26BB2E96-FB06-459C-8E85-C135119FB01F}", "القطاع": "القطاع الثاني", "المسافة_بين_الكبنة_والبوكس": null, "I_D": null, "created_user": null, "created_date": null, "last_edited_user": null, "last_edited_date": null}, "geometry": {"type": "Point", "coordinates": [31.569726364039877, 30.27256108651293, 0.0]}}, {"type": "Feature", "properties": {"Description": null, "Telecom_Feature_Type": "جوينت", "Easting": "031° 34' 6.42\" E", "Northing": "30° 16' 14.3\" N", "ID": null, "GlobalID": "{FD4C7C99-944D-458B-A3B3-71C6F8CD3261}", "القطاع": "القطاع الثاني", "المسافة_بين_الكبنة_والبوكس": null, "I_D": null, "created_user": null, "created_date": null, "last_edited_user": null, "last_edited_date": null}, "geometry": {"type": "Point", "coordinates": [31.570128457964405, 30.27080567479385, 0.0]}}, {"type": "Feature", "properties": {"Description": null, "Telecom_Feature_Type": "جوينت", "Easting": "031° 34' 7.89\" E", "Northing": "30° 16' 17.19\" N", "ID": null, "GlobalID": "{916C45AE-5F0C-4021-AFDD-3BAF9E154096}", "القطاع": "القطاع الثاني", "المسافة_بين_الكبنة_والبوكس": null, "I_D": null, "created_user": null, "created_date": null, "last_edited_user": null, "last_edited_date": null}, "geometry": {"type": "Point", "coordinates": [31.570536685496272, 30.271608755807815, 0.0]}}, {"type": "Feature", "properties": {"Description": null, "Telecom_Feature_Type": "جوينت", "Easting": "031° 34' 1.97\" E", "Northing": "30° 16' 22.36\" N", "ID": null, "GlobalID": "{6285DBCE-E89F-43FD-B979-2EBA9BE094B2}", "القطاع": "القطاع الثاني", "المسافة_بين_الكبنة_والبوكس": null, "I_D": null, "created_user": null, "created_date": null, "last_edited_user": null, "last_edited_date": null}, "geometry": {"type": "Point", "coordinates": [31.56889239538782, 30.27304469856525, 0.0]}}, {"type": "Feature", "properties": {"Description": null, "Telecom_Feature_Type": "جوينت", "Easting": "031° 34' 6.41\" E", "Northing": "30° 16' 22.32\" N", "ID": null, "GlobalID": "{4BD9044A-7DD6-4968-B15D-99BD42D85DE8}", "القطاع": "القطاع الثاني", "المسافة_بين_الكبنة_والبوكس": null, "I_D": null, "created_user": null, "created_date": null, "last_edited_user": null, "last_edited_date": null}, "geometry": {"type": "Point", "coordinates": [31.570125445621354, 30.27303250989489, 0.0]}}, {"type": "Feature", "properties": {"Description": null, "Telecom_Feature_Type": "جوينت", "Easting": "031° 33' 55.54\" E", "Northing": "30° 16' 21.02\" N", "ID": null, "GlobalID": "{AE031D0E-621C-4811-BD34-8D1A9E0818FF}", "القطاع": "القطاع الاول", "المسافة_بين_الكبنة_والبوكس": null, "I_D": null, "created_user": null, "created_date": null, "last_edited_user": null, "last_edited_date": null}, "geometry": {"type": "Point", "coordinates": [31.567104874926894, 30.27267161054578, 0.0]}}, {"type": "Feature", "properties": {"Description": null, "Telecom_Feature_Type": "جوينت", "Easting": "031° 33' 58.77\" E", "Northing": "30° 16' 27.59\" N", "ID": null, "GlobalID": "{32B240B7-653B-498F-9FAF-AB2649DD421D}", "القطاع": "القطاع الاول", "المسافة_بين_الكبنة_والبوكس": null, "I_D": null, "created_user": null, "created_date": null, "last_edited_user": null, "last_edited_date": null}, "geometry": {"type": "Point", "coordinates": [31.568000995161587, 30.274495529968526, 0.0]}}, {"type": "Feature", "properties": {"Description": null, "Telecom_Feature_Type": "جوينت", "Easting": "031° 33' 52.18\" E", "Northing": "30° 16' 21.32\" N", "ID": null, "GlobalID": "{771C4E27-6468-41AD-A825-EBD621B41E1A}", "القطاع": "القطاع الاول", "المسافة_بين_الكبنة_والبوكس": null, "I_D": null, "created_user": null, "created_date": null, "last_edited_user": null, "last_edited_date": null}, "geometry": {"type": "Point", "coordinates": [31.566172214669653, 30.27275432560735, 0.0]}}, {"type": "Feature", "properties": {"Description": null, "Telecom_Feature_Type": "جوينت", "Easting": "031° 33' 44.53\" E", "Northing": "30° 16' 21.22\" N", "ID": null, "GlobalID": "{0E25DB3F-0412-41D8-8578-1D4B833B9744}", "القطاع": "القطاع الاول", "المسافة_بين_الكبنة_والبوكس": null, "I_D": null, "created_user": null, "created_date": null, "last_edited_user": null, "last_edited_date": null}, "geometry": {"type": "Point", "coordinates": [31.564047128978515, 30.272728137126688, 0.0]}}, {"type": "Feature", "properties": {"Description": null, "Telecom_Feature_Type": "جوينت", "Easting": "031° 33' 49.63\" E", "Northing": "30° 16' 22.81\" N", "ID": null, "GlobalID": "{05DC2BA6-6746-4BF0-8DCB-D884F705D980}", "القطاع": "القطاع الاول", "المسافة_بين_الكبنة_والبوكس": null, "I_D": null, "created_user": null, "created_date": null, "last_edited_user": null, "last_edited_date": null}, "geometry": {"type": "Point", "coordinates": [31.565464223035185, 30.273169172133546, 0.0]}}, {"type": "Feature", "properties": {"Description": null, "Telecom_Feature_Type": "جوينت", "Easting": "031° 33' 57.29\" E", "Northing": "30° 16' 31.94\" N", "ID": null, "GlobalID": "{21A877E9-A03C-4B6C-9F83-CCA195E8A3BB}", "القطاع": "القطاع الاول", "المسافة_بين_الكبنة_والبوكس": null, "I_D": null, "created_user": null, "created_date": null, "last_edited_user": null, "last_edited_date": null}, "geometry": {"type": "Point", "coordinates": [31.567591410519515, 30.27570617820011, 0.0]}}, {"type": "Feature", "properties": {"Description": null, "Telecom_Feature_Type": "جوينت", "Easting": "031° 33' 58.75\" E", "Northing": "30° 16' 29.81\" N", "ID": null, "GlobalID": "{0C9E6E70-7844-40AE-BDFD-1A3EDC2BABF6}", "القطاع": "القطاع الاول", "المسافة_بين_الكبنة_والبوكس": null, "I_D": null, "created_user": null, "created_date": null, "last_edited_user": null, "last_edited_date": null}, "geometry": {"type": "Point", "coordinates": [31.567997061423682, 30.275114256552502, 0.0]}}, {"type": "Feature", "properties": {"Description": null, "Telecom_Feature_Type": "جوينت", "Easting": "031° 33' 48.33\" E", "Northing": "30° 16' 38.56\" N", "ID": null, "GlobalID": "{31CACFC6-9DB9-4D07-9F8A-EC64CC9D8356}", "القطاع": "القطاع الثالث", "المسافة_بين_الكبنة_والبوكس": null, "I_D": null, "created_user": null, "created_date": null, "last_edited_user": null, "last_edited_date": null}, "geometry": {"type": "Point", "coordinates": [31.565102229909733, 30.277544443332772, 0.0]}}, {"type": "Feature", "properties": {"Description": null, "Telecom_Feature_Type": "جوينت", "Easting": "031° 33' 43.78\" E", "Northing": "30° 16' 32.89\" N", "ID": null, "GlobalID": "{59050072-B541-4349-B891-3E9AB78DCA9A}", "القطاع": "القطاع الاول", "المسافة_بين_الكبنة_والبوكس": null, "I_D": null, "created_user": null, "created_date": null, "last_edited_user": null, "last_edited_date": null}, "geometry": {"type": "Point", "coordinates": [31.56383770685246, 30.275968773684156, 0.0]}}, {"type": "Feature", "properties": {"Description": null, "Telecom_Feature_Type": "جوينت", "Easting": "031° 33' 20.05\" E", "Northing": "30° 15' 49.48\" N", "ID": null, "GlobalID": "{0FE11B5F-751B-4E9F-B163-8248E2B04ED6}", "القطاع": "القطاع الثاني", "المسافة_بين_الكبنة_والبوكس": null, "I_D": null, "created_user": null, "created_date": null, "last_edited_user": null, "last_edited_date": null}, "geometry": {"type": "Point", "coordinates": [31.557245479041576, 30.263911410339823, 0.0]}}, {"type": "Feature", "properties": {"Description": null, "Telecom_Feature_Type": "جوينت", "Easting": "031° 33' 20.58\" E", "Northing": "30° 15' 55.41\" N", "ID": null, "GlobalID": "{37456BDD-0841-4AB4-B80A-37CA7A8FA41E}", "القطاع": "القطاع الثاني", "المسافة_بين_الكبنة_والبوكس": null, "I_D": null, "created_user": null, "created_date": null, "last_edited_user": null, "last_edited_date": null}, "geometry": {"type": "Point", "coordinates": [31.557393682425097, 30.26555667499053, 0.0]}}, {"type": "Feature", "properties": {"Description": null, "Telecom_Feature_Type": "جوينت", "Easting": "031° 33' 18.71\" E", "Northing": "30° 15' 57.13\" N", "ID": null, "GlobalID": "{3E7B98FC-29F4-4DD6-ABD9-24017F01DFEB}", "القطاع": "القطاع الثاني", "المسافة_بين_الكبنة_والبوكس": null, "I_D": null, "created_user": null, "created_date": null, "last_edited_user": null, "last_edited_date": null}, "geometry": {"type": "Point", "coordinates": [31.556874216638725, 30.266036451234186, 0.0]}}, {"type": "Feature", "properties": {"Description": null, "Telecom_Feature_Type": "جوينت", "Easting": "031° 33' 18.07\" E", "Northing": "30° 15' 58.21\" N", "ID": null, "GlobalID": "{B33C0DF2-D207-41E3-97D7-2D6A5B86A0AD}", "القطاع": "القطاع الثاني", "المسافة_بين_الكبنة_والبوكس": null, "I_D": null, "created_user": null, "created_date": null, "last_edited_user": null, "last_edited_date": null}, "geometry": {"type": "Point", "coordinates": [31.556695648621425, 30.26633592058783, 0.0]}}, {"type": "Feature", "properties": {"Description": null, "Telecom_Feature_Type": "جوينت", "Easting": "031° 33' 23.04\" E", "Northing": "30° 15' 55.96\" N", "ID": null, "GlobalID": "{0ACF0496-F48D-40F2-9E08-0904E9CF6F9E}", "القطاع": "القطاع الثاني", "المسافة_بين_الكبنة_والبوكس": null, "I_D": null, "created_user": null, "created_date": null, "last_edited_user": null, "last_edited_date": null}, "geometry": {"type": "Point", "coordinates": [31.558076179807617, 30.26570968236843, 0.0]}}, {"type": "Feature", "properties": {"Description": null, "Telecom_Feature_Type": "جوينت", "Easting": "031° 33' 27.7\" E", "Northing": "30° 15' 54.47\" N", "ID": null, "GlobalID": "{08F85073-D203-4B45-80E2-96F270B1BC93}", "القطاع": "القطاع الثاني", "المسافة_بين_الكبنة_والبوكس": null, "I_D": null, "created_user": null, "created_date": null, "last_edited_user": null, "last_edited_date": null}, "geometry": {"type": "Point", "coordinates": [31.55937081781271, 30.265297393965167, 0.0]}}, {"type": "Feature", "properties": {"Description": null, "Telecom_Feature_Type": "جوينت", "Easting": "031° 33' 34.12\" E", "Northing": "30° 15' 55.62\" N", "ID": null, "GlobalID": "{1BB38C91-0D01-44A9-BA1A-9DBE4615AAC0}", "القطاع": "القطاع الثاني", "المسافة_بين_الكبنة_والبوكس": null, "I_D": null, "created_user": null, "created_date": null, "last_edited_user": null, "last_edited_date": null}, "geometry": {"type": "Point", "coordinates": [31.561155014666074, 30.265616258974617, 0.0]}}, {"type": "Feature", "properties": {"Description": null, "Telecom_Feature_Type": "جوينت", "Easting": "031° 33' 38.77\" E", "Northing": "30° 15' 55.36\" N", "ID": null, "GlobalID": "{686134CF-15C4-49A6-B39B-A063E7F0AF8B}", "القطاع": "القطاع الثاني", "المسافة_بين_الكبنة_والبوكس": null, "I_D": null, "created_user": null, "created_date": null, "last_edited_user": null, "last_edited_date": null}, "geometry": {"type": "Point", "coordinates": [31.562446614735247, 30.265544601466537, 0.0]}}, {"type": "Feature", "properties": {"Description": null, "Telecom_Feature_Type": "جوينت", "Easting": "031° 33' 41.26\" E", "Northing": "30° 15' 56.32\" N", "ID": null, "GlobalID": "{100987D2-FF44-4CD9-B7B2-D5D4E076A136}", "القطاع": "القطاع الثاني", "المسافة_بين_الكبنة_والبوكس": null, "I_D": null, "created_user": null, "created_date": null, "last_edited_user": null, "last_edited_date": null}, "geometry": {"type": "Point", "coordinates": [31.563138842957176, 30.26580973698403, 0.0]}}, {"type": "Feature", "properties": {"Description": null, "Telecom_Feature_Type": "جوينت", "Easting": "031° 33' 42.51\" E", "Northing": "30° 15' 56.84\" N", "ID": null, "GlobalID": "{18123F06-ECBA-44BA-9B54-840CB97FB845}", "القطاع": "القطاع الثاني", "المسافة_بين_الكبنة_والبوكس": null, "I_D": null, "created_user": null, "created_date": null, "last_edited_user": null, "last_edited_date": null}, "geometry": {"type": "Point", "coordinates": [31.563486188559967, 30.26595537861351, 0.0]}}, {"type": "Feature", "properties": {"Description": null, "Telecom_Feature_Type": "جوينت", "Easting": "031° 33' 36.69\" E", "Northing": "30° 15' 56.6\" N", "ID": null, "GlobalID": "{CCF78AFE-36AA-4D69-B4B3-8948D0E0E982}", "القطاع": "القطاع الثاني", "المسافة_بين_الكبنة_والبوكس": null, "I_D": null, "created_user": null, "created_date": null, "last_edited_user": null, "last_edited_date": null}, "geometry": {"type": "Point", "coordinates": [31.56186737063844, 30.265887192844865, 0.0]}}, {"type": "Feature", "properties": {"Description": null, "Telecom_Feature_Type": "جوينت", "Easting": "031° 33' 40.38\" E", "Northing": "30° 15' 57.98\" N", "ID": null, "GlobalID": "{DF86D5D1-1913-4F29-AA10-B34DE2548F98}", "القطاع": "القطاع الثاني", "المسافة_بين_الكبنة_والبوكس": null, "I_D": null, "created_user": null, "created_date": null, "last_edited_user": null, "last_edited_date": null}, "geometry": {"type": "Point", "coordinates": [31.56289308917401, 30.266272405129385, 0.0]}}, {"type": "Feature", "properties": {"Description": null, "Telecom_Feature_Type": "جوينت", "Easting": "031° 33' 41.32\" E", "Northing": "30° 15' 58.42\" N", "ID": null, "GlobalID": "{716361F7-4B39-4399-923F-03E93A307853}", "القطاع": "القطاع الثاني", "المسافة_بين_الكبنة_والبوكس": null, "I_D": null, "created_user": null, "created_date": null, "last_edited_user": null, "last_edited_date": null}, "geometry": {"type": "Point", "coordinates": [31.563153576874125, 30.266394488208583, 0.0]}}, {"type": "Feature", "properties": {"Description": null, "Telecom_Feature_Type": "جوينت", "Easting": "031° 33' 17.18\" E", "Northing": "30° 16' 0.46\" N", "ID": null, "GlobalID": "{81BA0ACF-52E2-402E-B07F-EB7950EE3785}", "القطاع": "القطاع الثاني", "المسافة_بين_الكبنة_والبوكس": null, "I_D": null, "created_user": null, "created_date": null, "last_edited_user": null, "last_edited_date": null}, "geometry": {"type": "Point", "coordinates": [31.556450056068712, 30.2669614792025, 0.0]}}, {"type": "Feature", "properties": {"Description": null, "Telecom_Feature_Type": "جوينت", "Easting": "031° 33' 16.57\" E", "Northing": "30° 16' 1.56\" N", "ID": null, "GlobalID": "{862F3E1D-9923-4F03-81B4-15086CBB1049}", "القطاع": "القطاع الثاني", "المسافة_بين_الكبنة_والبوكس": null, "I_D": null, "created_user": null, "created_date": null, "last_edited_user": null, "last_edited_date": null}, "geometry": {"type": "Point", "coordinates": [31.556280281545284, 30.267265687895826, 0.0]}}, {"type": "Feature", "properties": {"Description": null, "Telecom_Feature_Type": "جوينت", "Easting": "031° 33' 15.92\" E", "Northing": "30° 16' 3.8\" N", "ID": null, "GlobalID": "{EB4CD2D3-3F0C-4EEF-A6DB-A96E6A52BCFC}", "القطاع": "القطاع الثاني", "المسافة_بين_الكبنة_والبوكس": null, "I_D": null, "created_user": null, "created_date": null, "last_edited_user": null, "last_edited_date": null}, "geometry": {"type": "Point", "coordinates": [31.5560993977729, 30.267888782981906, 0.0]}}, {"type": "Feature", "properties": {"Description": null, "Telecom_Feature_Type": "جوينت", "Easting": "031° 33' 15.31\" E", "Northing": "30° 16' 4.93\" N", "ID": null, "GlobalID": "{8E15827F-F536-4A4E-8D43-DF67E83596A9}", "القطاع": "القطاع الثاني", "المسافة_بين_الكبنة_والبوكس": null, "I_D": null, "created_user": null, "created_date": null, "last_edited_user": null, "last_edited_date": null}, "geometry": {"type": "Point", "coordinates": [31.555928653288802, 30.268201334716327, 0.0]}}, {"type": "Feature", "properties": {"Description": null, "Telecom_Feature_Type": "جوينت", "Easting": "031° 33' 13.46\" E", "Northing": "30° 16' 9.17\" N", "ID": null, "GlobalID": "{03D8B103-E215-4EB2-94B3-9515E7E952BD}", "القطاع": "القطاع الثالث", "المسافة_بين_الكبنة_والبوكس": null, "I_D": null, "created_user": null, "created_date": null, "last_edited_user": null, "last_edited_date": null}, "geometry": {"type": "Point", "coordinates": [31.555416145079146, 30.26938060421522, 0.0]}}, {"type": "Feature", "properties": {"Description": null, "Telecom_Feature_Type": "جوينت", "Easting": "031° 33' 19.94\" E", "Northing": "30° 15' 59.2\" N", "ID": null, "GlobalID": "{4F27BC1F-79C8-4A09-81DA-CF2F4F5C64EC}", "القطاع": "القطاع الثاني", "المسافة_بين_الكبنة_والبوكس": null, "I_D": null, "created_user": null, "created_date": null, "last_edited_user": null, "last_edited_date": null}, "geometry": {"type": "Point", "coordinates": [31.557216578220864, 30.266610770803222, 0.0]}}, {"type": "Feature", "properties": {"Description": null, "Telecom_Feature_Type": "جوينت", "Easting": "031° 33' 19.21\" E", "Northing": "30° 16' 1.48\" N", "ID": null, "GlobalID": "{D3D88917-B07B-4824-A29C-DABF755BE368}", "القطاع": "القطاع الثاني", "المسافة_بين_الكبنة_والبوكس": null, "I_D": null, "created_user": null, "created_date": null, "last_edited_user": null, "last_edited_date": null}, "geometry": {"type": "Point", "coordinates": [31.55701216289113, 30.2672440249228, 0.0]}}, {"type": "Feature", "properties": {"Description": null, "Telecom_Feature_Type": "جوينت", "Easting": "031° 33' 17.22\" E", "Northing": "30° 16' 5.89\" N", "ID": null, "GlobalID": "{0CAC0F29-5F55-4D6C-B9E9-29399F001640}", "القطاع": "القطاع الثاني", "المسافة_بين_الكبنة_والبوكس": null, "I_D": null, "created_user": null, "created_date": null, "last_edited_user": null, "last_edited_date": null}, "geometry": {"type": "Point", "coordinates": [31.5564610480112, 30.2684693675488, 0.0]}}, {"type": "Feature", "properties": {"Description": null, "Telecom_Feature_Type": "جوينت", "Easting": "031° 33' 22.15\" E", "Northing": "30° 16' 7.53\" N", "ID": null, "GlobalID": "{A16E9892-46D8-4422-96CE-A21516FE50DA}", "القطاع": "القطاع الثاني", "المسافة_بين_الكبنة_والبوكس": null, "I_D": null, "created_user": null, "created_date": null, "last_edited_user": null, "last_edited_date": null}, "geometry": {"type": "Point", "coordinates": [31.557828818963404, 30.26892343149461, 0.0]}}, {"type": "Feature", "properties": {"Description": null, "Telecom_Feature_Type": "جوينت", "Easting": "031° 33' 15.73\" E", "Northing": "30° 16' 8.98\" N", "ID": null, "GlobalID": "{65DA2438-1C84-4765-8B36-6DC0BBDF51BA}", "القطاع": "القطاع الثالث", "المسافة_بين_الكبنة_والبوكس": null, "I_D": null, "created_user": null, "created_date": null, "last_edited_user": null, "last_edited_date": null}, "geometry": {"type": "Point", "coordinates": [31.556046664698954, 30.26932638794399, 0.0]}}, {"type": "Feature", "properties": {"Description": null, "Telecom_Feature_Type": "جوينت", "Easting": "031° 33' 28.79\" E", "Northing": "30° 16' 5.92\" N", "ID": null, "GlobalID": "{3A1F506F-8534-43C3-B4C7-4605E8BF1A6C}", "القطاع": "القطاع الثاني", "المسافة_بين_الكبنة_والبوكس": null, "I_D": null, "created_user": null, "created_date": null, "last_edited_user": null, "last_edited_date": null}, "geometry": {"type": "Point", "coordinates": [31.559673373191046, 30.268477379001336, 0.0]}}, {"type": "Feature", "properties": {"Description": null, "Telecom_Feature_Type": "جوينت", "Easting": "031° 33' 41.48\" E", "Northing": "30° 16' 11.34\" N", "ID": null, "GlobalID": "{65755962-AB14-4354-921A-976B9A8052FA}", "القطاع": "القطاع الاول", "المسافة_بين_الكبنة_والبوكس": null, "I_D": null, "created_user": null, "created_date": null, "last_edited_user": null, "last_edited_date": null}, "geometry": {"type": "Point", "coordinates": [31.563199282947238, 30.269982894108118, 0.0]}}, {"type": "Feature", "properties": {"Description": null, "Telecom_Feature_Type": "جوينت", "Easting": "031° 33' 41.15\" E", "Northing": "30° 16' 7.21\" N", "ID": null, "GlobalID": "{770D7E03-508E-457C-AA08-112BD735A068}", "القطاع": "القطاع الثاني", "المسافة_بين_الكبنة_والبوكس": null, "I_D": null, "created_user": null, "created_date": null, "last_edited_user": null, "last_edited_date": null}, "geometry": {"type": "Point", "coordinates": [31.563108203755107, 30.268835301357562, 0.0]}}, {"type": "Feature", "properties": {"Description": null, "Telecom_Feature_Type": "جوينت", "Easting": "031° 33' 42.49\" E", "Northing": "30° 16' 5.52\" N", "ID": null, "GlobalID": "{28E32AA4-58DD-48D1-BAA3-EF6BDC16567B}", "القطاع": "القطاع الثاني", "المسافة_بين_الكبنة_والبوكس": null, "I_D": null, "created_user": null, "created_date": null, "last_edited_user": null, "last_edited_date": null}, "geometry": {"type": "Point", "coordinates": [31.563480486786453, 30.268365728182268, 0.0]}}, {"type": "Feature", "properties": {"Description": null, "Telecom_Feature_Type": "جوينت", "Easting": "031° 33' 4.96\" E", "Northing": "30° 16' 21.76\" N", "ID": null, "GlobalID": "{B7D3329E-2540-4ADC-BAA9-4F36DD7B1E26}", "القطاع": "القطاع الثالث", "المسافة_بين_الكبنة_والبوكس": null, "I_D": null, "created_user": null, "created_date": null, "last_edited_user": null, "last_edited_date": null}, "geometry": {"type": "Point", "coordinates": [31.55305510245386, 30.27287643853358, 0.0]}}, {"type": "Feature", "properties": {"Description": null, "Telecom_Feature_Type": "جوينت", "Easting": "031° 33' 4.75\" E", "Northing": "30° 16' 32.2\" N", "ID": null, "GlobalID": "{8AE249EC-AB28-421C-B5E8-F87EC2229864}", "القطاع": "القطاع الثالث", "المسافة_بين_الكبنة_والبوكس": null, "I_D": null, "created_user": null, "created_date": null, "last_edited_user": null, "last_edited_date": null}, "geometry": {"type": "Point", "coordinates": [31.552996292468897, 30.275777842263256, 0.0]}}, {"type": "Feature", "properties": {"Description": null, "Telecom_Feature_Type": "جوينت", "Easting": "031° 33' 7.74\" E", "Northing": "30° 16' 34.45\" N", "ID": null, "GlobalID": "{AA201758-B5B5-43B7-9599-A9AAF7F2C895}", "القطاع": "القطاع الثالث", "المسافة_بين_الكبنة_والبوكس": null, "I_D": null, "created_user": null, "created_date": null, "last_edited_user": null, "last_edited_date": null}, "geometry": {"type": "Point", "coordinates": [31.553826659249545, 30.276403253103798, 0.0]}}, {"type": "Feature", "properties": {"Description": null, "Telecom_Feature_Type": "جوينت", "Easting": "031° 33' 11.68\" E", "Northing": "30° 16' 37.59\" N", "ID": null, "GlobalID": "{256326B1-EC13-459E-9B8A-3BFDB0A1ADCD}", "القطاع": "القطاع الثالث", "المسافة_بين_الكبنة_والبوكس": null, "I_D": null, "created_user": null, "created_date": null, "last_edited_user": null, "last_edited_date": null}, "geometry": {"type": "Point", "coordinates": [31.55492112263917, 30.27727515134711, 0.0]}}, {"type": "Feature", "properties": {"Description": null, "Telecom_Feature_Type": "جوينت", "Easting": "031° 33' 6.54\" E", "Northing": "30° 16' 30.91\" N", "ID": null, "GlobalID": "{4857BA7D-410A-4FE8-9846-FEE4B7A4BF02}", "القطاع": "القطاع الثالث", "المسافة_بين_الكبنة_والبوكس": null, "I_D": null, "created_user": null, "created_date": null, "last_edited_user": null, "last_edited_date": null}, "geometry": {"type": "Point", "coordinates": [31.553492561563697, 30.275419208503376, 0.0]}}, {"type": "Feature", "properties": {"Description": null, "Telecom_Feature_Type": "جوينت", "Easting": "031° 33' 10.52\" E", "Northing": "30° 16' 34.02\" N", "ID": null, "GlobalID": "{439CA05F-77AE-4932-BDF9-99608E1299B8}", "القطاع": "القطاع الثالث", "المسافة_بين_الكبنة_والبوكس": null, "I_D": null, "created_user": null, "created_date": null, "last_edited_user": null, "last_edited_date": null}, "geometry": {"type": "Point", "coordinates": [31.554598458394793, 30.276283090069068, 0.0]}}, {"type": "Feature", "properties": {"Description": null, "Telecom_Feature_Type": "جوينت", "Easting": "031° 33' 13.41\" E", "Northing": "30° 16' 36.37\" N", "ID": null, "GlobalID": "{4895A9B1-4907-4E9F-BBDE-EA4E1837F99C}", "القطاع": "القطاع الثالث", "المسافة_بين_الكبنة_والبوكس": null, "I_D": null, "created_user": null, "created_date": null, "last_edited_user": null, "last_edited_date": null}, "geometry": {"type": "Point", "coordinates": [31.555400711114725, 30.2769364241745, 0.0]}}, {"type": "Feature", "properties": {"Description": null, "Telecom_Feature_Type": "جوينت", "Easting": "031° 33' 16.33\" E", "Northing": "30° 16' 38.59\" N", "ID": null, "GlobalID": "{9F01046C-8641-4D0A-9010-996B4A005719}", "القطاع": "القطاع الثالث", "المسافة_بين_الكبنة_والبوكس": null, "I_D": null, "created_user": null, "created_date": null, "last_edited_user": null, "last_edited_date": null}, "geometry": {"type": "Point", "coordinates": [31.55621320849269, 30.277552476104923, 0.0]}}, {"type": "Feature", "properties": {"Description": null, "Telecom_Feature_Type": "جوينت", "Easting": "031° 33' 9.92\" E", "Northing": "30° 16' 22.21\" N", "ID": null, "GlobalID": "{09194895-F6D6-4F53-9084-95294D11C097}", "القطاع": "القطاع الثالث", "المسافة_بين_الكبنة_والبوكس": null, "I_D": null, "created_user": null, "created_date": null, "last_edited_user": null, "last_edited_date": null}, "geometry": {"type": "Point", "coordinates": [31.554432958719815, 30.27300305896527, 0.0]}}, {"type": "Feature", "properties": {"Description": null, "Telecom_Feature_Type": "جوينت", "Easting": "031° 33' 12.23\" E", "Northing": "30° 16' 25.05\" N", "ID": null, "GlobalID": "{535BE7A7-E477-423A-823F-3B99A926D815}", "القطاع": "القطاع الثالث", "المسافة_بين_الكبنة_والبوكس": null, "I_D": null, "created_user": null, "created_date": null, "last_edited_user": null, "last_edited_date": null}, "geometry": {"type": "Point", "coordinates": [31.55507385709939, 30.27379125404399, 0.0]}}, {"type": "Feature", "properties": {"Description": null, "Telecom_Feature_Type": "جوينت", "Easting": "031° 33' 16.25\" E", "Northing": "30° 16' 28.23\" N", "ID": null, "GlobalID": "{BD70B90F-D5F1-469C-A2F7-30FF812D20B5}", "القطاع": "القطاع الثالث", "المسافة_بين_الكبنة_والبوكس": null, "I_D": null, "created_user": null, "created_date": null, "last_edited_user": null, "last_edited_date": null}, "geometry": {"type": "Point", "coordinates": [31.55619119614878, 30.274675344707028, 0.0]}}, {"type": "Feature", "properties": {"Description": null, "Telecom_Feature_Type": "جوينت", "Easting": "031° 33' 11.64\" E", "Northing": "30° 16' 16.32\" N", "ID": null, "GlobalID": "{EF371EF1-EDB9-43A4-B6C5-875EDA1A3092}", "القطاع": "القطاع الثالث", "المسافة_بين_الكبنة_والبوكس": null, "I_D": null, "created_user": null, "created_date": null, "last_edited_user": null, "last_edited_date": null}, "geometry": {"type": "Point", "coordinates": [31.554910506402493, 30.271367226576036, 0.0]}}, {"type": "Feature", "properties": {"Description": null, "Telecom_Feature_Type": "جوينت", "Easting": "031° 33' 13.49\" E", "Northing": "30° 16' 13.31\" N", "ID": null, "GlobalID": "{97C0952B-3238-4F72-9DCB-54769AC4E899}", "القطاع": "القطاع الثالث", "المسافة_بين_الكبنة_والبوكس": null, "I_D": null, "created_user": null, "created_date": null, "last_edited_user": null, "last_edited_date": null}, "geometry": {"type": "Point", "coordinates": [31.555425038472247, 30.270529085048405, 0.0]}}, {"type": "Feature", "properties": {"Description": null, "Telecom_Feature_Type": "جوينت", "Easting": "031° 33' 20.53\" E", "Northing": "30° 16' 13.84\" N", "ID": null, "GlobalID": "{C568ED21-DFE7-4479-92F2-3A3C695F75A2}", "القطاع": "القطاع الثالث", "المسافة_بين_الكبنة_والبوكس": null, "I_D": null, "created_user": null, "created_date": null, "last_edited_user": null, "last_edited_date": null}, "geometry": {"type": "Point", "coordinates": [31.557380260549593, 30.270677843351915, 0.0]}}, {"type": "Feature", "properties": {"Description": null, "Telecom_Feature_Type": "جوينت", "Easting": "031° 33' 13.97\" E", "Northing": "30° 16' 23.73\" N", "ID": null, "GlobalID": "{D075211A-4549-43DE-AF0A-685390671D91}", "القطاع": "القطاع الثالث", "المسافة_بين_الكبنة_والبوكس": null, "I_D": null, "created_user": null, "created_date": null, "last_edited_user": null, "last_edited_date": null}, "geometry": {"type": "Point", "coordinates": [31.55555797396618, 30.27342442555517, 0.0]}}, {"type": "Feature", "properties": {"Description": null, "Telecom_Feature_Type": "جوينت", "Easting": "031° 33' 17.86\" E", "Northing": "30° 16' 27.02\" N", "ID": null, "GlobalID": "{75B40BDC-C6BB-4C4D-AD61-813D66675628}", "القطاع": "القطاع الثالث", "المسافة_بين_الكبنة_والبوكس": null, "I_D": null, "created_user": null, "created_date": null, "last_edited_user": null, "last_edited_date": null}, "geometry": {"type": "Point", "coordinates": [31.55663779590951, 30.274337530475886, 0.0]}}, {"type": "Feature", "properties": {"Description": null, "Telecom_Feature_Type": "جوينت", "Easting": "031° 33' 24.64\" E", "Northing": "30° 16' 19.83\" N", "ID": null, "GlobalID": "{B893CF6C-3467-4CC9-AB42-7EBA6669070B}", "القطاع": "القطاع الثالث", "المسافة_بين_الكبنة_والبوكس": null, "I_D": null, "created_user": null, "created_date": null, "last_edited_user": null, "last_edited_date": null}, "geometry": {"type": "Point", "coordinates": [31.55852071471971, 30.272342025126278, 0.0]}}, {"type": "Feature", "properties": {"Description": null, "Telecom_Feature_Type": "جوينت", "Easting": "031° 33' 35.38\" E", "Northing": "30° 16' 17.71\" N", "ID": null, "GlobalID": "{DF1474AD-E47F-4918-B089-DFBA48CB654A}", "القطاع": "القطاع الاول", "المسافة_بين_الكبنة_والبوكس": null, "I_D": null, "created_user": null, "created_date": null, "last_edited_user": null, "last_edited_date": null}, "geometry": {"type": "Point", "coordinates": [31.56150502590524, 30.27175268439685, 0.0]}}, {"type": "Feature", "properties": {"Description": null, "Telecom_Feature_Type": "جوينت", "Easting": "031° 33' 32.54\" E", "Northing": "30° 16' 20.43\" N", "ID": null, "GlobalID": "{1522CC19-7B47-45FE-B7B8-56C0DE5C4A82}", "القطاع": "القطاع الاول", "المسافة_بين_الكبنة_والبوكس": null, "I_D": null, "created_user": null, "created_date": null, "last_edited_user": null, "last_edited_date": null}, "geometry": {"type": "Point", "coordinates": [31.560715490589775, 30.27250737665252, 0.0]}}, {"type": "Feature", "properties": {"Description": null, "Telecom_Feature_Type": "جوينت", "Easting": "031° 33' 34.31\" E", "Northing": "30° 16' 22.37\" N", "ID": null, "GlobalID": "{F98BE12E-8722-46E0-ADAE-97E846B6A28C}", "القطاع": "القطاع الاول", "المسافة_بين_الكبنة_والبوكس": null, "I_D": null, "created_user": null, "created_date": null, "last_edited_user": null, "last_edited_date": null}, "geometry": {"type": "Point", "coordinates": [31.561208805957442, 30.273046319681292, 0.0]}}, {"type": "Feature", "properties": {"Description": null, "Telecom_Feature_Type": "جوينت", "Easting": "031° 33' 35.18\" E", "Northing": "30° 16' 21.52\" N", "ID": null, "GlobalID": "{490EA232-A704-451E-B629-1E1F5CD2A382}", "القطاع": "القطاع الاول", "المسافة_بين_الكبنة_والبوكس": null, "I_D": null, "created_user": null, "created_date": null, "last_edited_user": null, "last_edited_date": null}, "geometry": {"type": "Point", "coordinates": [31.56144943116535, 30.272810382195576, 0.0]}}, {"type": "Feature", "properties": {"Description": null, "Telecom_Feature_Type": "جوينت", "Easting": "031° 33' 38.11\" E", "Northing": "30° 16' 18.74\" N", "ID": null, "GlobalID": "{226EA1EE-7099-4EE1-8D1A-5D71BB919F22}", "القطاع": "القطاع الاول", "المسافة_بين_الكبنة_والبوكس": null, "I_D": null, "created_user": null, "created_date": null, "last_edited_user": null, "last_edited_date": null}, "geometry": {"type": "Point", "coordinates": [31.562264488472856, 30.272039151741772, 0.0]}}, {"type": "Feature", "properties": {"Description": null, "Telecom_Feature_Type": "جوينت", "Easting": "031° 33' 27.2\" E", "Northing": "30° 16' 21.42\" N", "ID": null, "GlobalID": "{17E8B1FA-67F3-442A-98D4-E8FD463CB132}", "القطاع": "القطاع الثالث", "المسافة_بين_الكبنة_والبوكس": null, "I_D": null, "created_user": null, "created_date": null, "last_edited_user": null, "last_edited_date": null}, "geometry": {"type": "Point", "coordinates": [31.55923252488543, 30.27278308971763, 0.0]}}, {"type": "Feature", "properties": {"Description": null, "Telecom_Feature_Type": "جوينت", "Easting": "031° 33' 30.11\" E", "Northing": "30° 16' 23.77\" N", "ID": null, "GlobalID": "{3A8F52B9-6ACD-41C8-B941-1E089FBD1F36}", "القطاع": "القطاع الثالث", "المسافة_بين_الكبنة_والبوكس": null, "I_D": null, "created_user": null, "created_date": null, "last_edited_user": null, "last_edited_date": null}, "geometry": {"type": "Point", "coordinates": [31.56004043863841, 30.273436373383905, 0.0]}}, {"type": "Feature", "properties": {"Description": null, "Telecom_Feature_Type": "جوينت", "Easting": "031° 33' 33.21\" E", "Northing": "30° 16' 26.15\" N", "ID": null, "GlobalID": "{26E302E6-A34D-47C5-847F-74726ED90E9B}", "القطاع": "القطاع الثالث", "المسافة_بين_الكبنة_والبوكس": null, "I_D": null, "created_user": null, "created_date": null, "last_edited_user": null, "last_edited_date": null}, "geometry": {"type": "Point", "coordinates": [31.560902386415812, 30.27409575586779, 0.0]}}, {"type": "Feature", "properties": {"Description": null, "Telecom_Feature_Type": "جوينت", "Easting": "031° 33' 25.0\" E", "Northing": "30° 16' 23.17\" N", "ID": null, "GlobalID": "{F7D64834-D727-43FA-8283-566163632F46}", "القطاع": "القطاع الثالث", "المسافة_بين_الكبنة_والبوكس": null, "I_D": null, "created_user": null, "created_date": null, "last_edited_user": null, "last_edited_date": null}, "geometry": {"type": "Point", "coordinates": [31.55862047675118, 30.273269304747085, 0.0]}}, {"type": "Feature", "properties": {"Description": null, "Telecom_Feature_Type": "جوينت", "Easting": "031° 33' 28.0\" E", "Northing": "30° 16' 25.53\" N", "ID": null, "GlobalID": "{EE83E43C-31E6-41D5-80E7-2E549D88D3B4}", "القطاع": "القطاع الثالث", "المسافة_بين_الكبنة_والبوكس": null, "I_D": null, "created_user": null, "created_date": null, "last_edited_user": null, "last_edited_date": null}, "geometry": {"type": "Point", "coordinates": [31.559455928221187, 30.273925959264716, 0.0]}}, {"type": "Feature", "properties": {"Description": null, "Telecom_Feature_Type": "جوينت", "Easting": "031° 33' 32.06\" E", "Northing": "30° 16' 28.74\" N", "ID": null, "GlobalID": "{706C7244-956C-45C4-BD74-C06B75AB218E}", "القطاع": "القطاع الثالث", "المسافة_بين_الكبنة_والبوكس": null, "I_D": null, "created_user": null, "created_date": null, "last_edited_user": null, "last_edited_date": null}, "geometry": {"type": "Point", "coordinates": [31.560583187900235, 30.274817719223716, 0.0]}}, {"type": "Feature", "properties": {"Description": null, "Telecom_Feature_Type": "جوينت", "Easting": "031° 33' 23.73\" E", "Northing": "30° 16' 31.43\" N", "ID": null, "GlobalID": "{2711425C-6F49-4A1F-A2E4-C9444C55D5F4}", "القطاع": "القطاع الثالث", "المسافة_بين_الكبنة_والبوكس": null, "I_D": null, "created_user": null, "created_date": null, "last_edited_user": null, "last_edited_date": null}, "geometry": {"type": "Point", "coordinates": [31.558268902772124, 30.275562708601957, 0.0]}}, {"type": "Feature", "properties": {"Description": null, "Telecom_Feature_Type": "جوينت", "Easting": "031° 33' 26.61\" E", "Northing": "30° 16' 33.82\" N", "ID": null, "GlobalID": "{44A4A2BB-8694-444D-916D-8AAEC5DED838}", "القطاع": "القطاع الثالث", "المسافة_بين_الكبنة_والبوكس": null, "I_D": null, "created_user": null, "created_date": null, "last_edited_user": null, "last_edited_date": null}, "geometry": {"type": "Point", "coordinates": [31.559069322350844, 30.276227191640547, 0.0]}}, {"type": "Feature", "properties": {"Description": null, "Telecom_Feature_Type": "جوينت", "Easting": "031° 33' 29.5\" E", "Northing": "30° 16' 36.05\" N", "ID": null, "GlobalID": "{93C72252-C64A-4DA3-87F7-C08863427E46}", "القطاع": "القطاع الثالث", "المسافة_بين_الكبنة_والبوكس": null, "I_D": null, "created_user": null, "created_date": null, "last_edited_user": null, "last_edited_date": null}, "geometry": {"type": "Point", "coordinates": [31.559870709252642, 30.27684717852178, 0.0]}}, {"type": "Feature", "properties": {"Description": null, "Telecom_Feature_Type": "جوينت", "Easting": "031° 33' 21.94\" E", "Northing": "30° 16' 32.69\" N", "ID": null, "GlobalID": "{0BF76200-DB98-40CB-939F-3227ED5570FB}", "القطاع": "القطاع الثالث", "المسافة_بين_الكبنة_والبوكس": null, "I_D": null, "created_user": null, "created_date": null, "last_edited_user": null, "last_edited_date": null}, "geometry": {"type": "Point", "coordinates": [31.55777192700154, 30.275913025738095, 0.0]}}, {"type": "Feature", "properties": {"Description": null, "Telecom_Feature_Type": "جوينت", "Easting": "031° 33' 24.93\" E", "Northing": "30° 16' 35.05\" N", "ID": null, "GlobalID": "{05C88D43-44B1-43A7-B8DD-76E821BF8A0E}", "القطاع": "القطاع الثالث", "المسافة_بين_الكبنة_والبوكس": null, "I_D": null, "created_user": null, "created_date": null, "last_edited_user": null, "last_edited_date": null}, "geometry": {"type": "Point", "coordinates": [31.558601637114414, 30.276570275306756, 0.0]}}, {"type": "Feature", "properties": {"Description": null, "Telecom_Feature_Type": "جوينت", "Easting": "031° 33' 28.77\" E", "Northing": "30° 16' 38.15\" N", "ID": null, "GlobalID": "{D0C12BAD-C328-4595-BA84-F5F147BA9CEE}", "القطاع": "القطاع الثالث", "المسافة_بين_الكبنة_والبوكس": null, "I_D": null, "created_user": null, "created_date": null, "last_edited_user": null, "last_edited_date": null}, "geometry": {"type": "Point", "coordinates": [31.559668319347644, 30.277431408352935, 0.0]}}, {"type": "Feature", "properties": {"Description": null, "Telecom_Feature_Type": "جوينت", "Easting": "031° 33' 44.06\" E", "Northing": "30° 16' 21.2\" N", "ID": null, "GlobalID": "{59C0436D-6F29-4564-BE24-DC28C0C68F8D}", "القطاع": "القطاع الاول", "المسافة_بين_الكبنة_والبوكس": null, "I_D": null, "created_user": null, "created_date": null, "last_edited_user": null, "last_edited_date": null}, "geometry": {"type": "Point", "coordinates": [31.563916227486466, 30.27272070164443, 0.0]}}, {"type": "Feature", "properties": {"Description": null, "Telecom_Feature_Type": "جوينت", "Easting": "031° 33' 31.82\" E", "Northing": "30° 16' 40.4\" N", "ID": null, "GlobalID": "{350E6AC3-4C7F-4F95-825A-EC34AB143828}", "القطاع": "القطاع الثالث", "المسافة_بين_الكبنة_والبوكس": null, "I_D": null, "created_user": null, "created_date": null, "last_edited_user": null, "last_edited_date": null}, "geometry": {"type": "Point", "coordinates": [31.5605168781069, 30.27805538241291, 0.0]}}, {"type": "Feature", "properties": {"Description": null, "Telecom_Feature_Type": "جوينت", "Easting": "031° 33' 55.64\" E", "Northing": "30° 16' 13.77\" N", "ID": null, "GlobalID": "{39A065A1-D543-4685-B9A4-C15457496D86}", "القطاع": "القطاع الثاني", "المسافة_بين_الكبنة_والبوكس": null, "I_D": null, "created_user": null, "created_date": null, "last_edited_user": null, "last_edited_date": null}, "geometry": {"type": "Point", "coordinates": [31.567132386274935, 30.270659075651597, 0.0]}}, {"type": "Feature", "properties": {"Description": null, "Telecom_Feature_Type": "جوينت", "Easting": "031° 33' 34.91\" E", "Northing": "30° 15' 54.19\" N", "ID": null, "GlobalID": "{582FE1FB-7188-4859-9749-E41EBC7F26FE}", "القطاع": "القطاع الثاني", "المسافة_بين_الكبنة_والبوكس": null, "I_D": null, "created_user": null, "created_date": null, "last_edited_user": null, "last_edited_date": null}, "geometry": {"type": "Point", "coordinates": [31.561375019840632, 30.265218093063066, 0.0]}}, {"type": "Feature", "properties": {"Description": null, "Telecom_Feature_Type": "جوينت", "Easting": "031° 33' 30.87\" E", "Northing": "30° 15' 53.06\" N", "ID": null, "GlobalID": "{728D5713-9CBD-4234-B5A8-1FF51C064E9B}", "القطاع": "القطاع الثاني", "المسافة_بين_الكبنة_والبوكس": null, "I_D": null, "created_user": null, "created_date": null, "last_edited_user": null, "last_edited_date": null}, "geometry": {"type": "Point", "coordinates": [31.560251112000493, 30.264906064211385, 0.0]}}, {"type": "Feature", "properties": {"Description": null, "Telecom_Feature_Type": "جوينت", "Easting": "031° 33' 29.49\" E", "Northing": "30° 15' 52.84\" N", "ID": null, "GlobalID": "{86FCA1A3-11B3-4652-8DD7-C7A58277DA37}", "القطاع": "القطاع الثاني", "المسافة_بين_الكبنة_والبوكس": null, "I_D": null, "created_user": null, "created_date": null, "last_edited_user": null, "last_edited_date": null}, "geometry": {"type": "Point", "coordinates": [31.55986835137903, 30.26484474302085, 0.0]}}, {"type": "Feature", "properties": {"Description": null, "Telecom_Feature_Type": "جوينت", "Easting": "031° 33' 26.03\" E", "Northing": "30° 15' 52.96\" N", "ID": null, "GlobalID": "{22A666C9-AE08-4197-B556-8D5C9E61AD8F}", "القطاع": "القطاع الثاني", "المسافة_بين_الكبنة_والبوكس": null, "I_D": null, "created_user": null, "created_date": null, "last_edited_user": null, "last_edited_date": null}, "geometry": {"type": "Point", "coordinates": [31.558907298431134, 30.26487834574903, 0.0]}}, {"type": "Feature", "properties": {"Description": null, "Telecom_Feature_Type": "جوينت", "Easting": "031° 33' 24.29\" E", "Northing": "30° 16' 2.31\" N", "ID": null, "GlobalID": "{09AA6FEF-65B4-4EF3-93D1-78B8AD2B1E5C}", "القطاع": "القطاع الثاني", "المسافة_بين_الكبنة_والبوكس": null, "I_D": null, "created_user": null, "created_date": null, "last_edited_user": null, "last_edited_date": null}, "geometry": {"type": "Point", "coordinates": [31.558422867821154, 30.26747366301401, 0.0]}}, {"type": "Feature", "properties": {"Description": null, "Telecom_Feature_Type": "جوينت", "Easting": "031° 33' 29.07\" E", "Northing": "30° 16' 10.39\" N", "ID": null, "GlobalID": "{F9D06BA9-A77E-42A8-A6D2-CBF5545F74C1}", "القطاع": "القطاع الاول", "المسافة_بين_الكبنة_والبوكس": null, "I_D": null, "created_user": null, "created_date": null, "last_edited_user": null, "last_edited_date": null}, "geometry": {"type": "Point", "coordinates": [31.55975264464411, 30.26971847042097, 0.0]}}, {"type": "Feature", "properties": {"Description": null, "Telecom_Feature_Type": "جوينت", "Easting": "031° 33' 30.15\" E", "Northing": "30° 16' 18.31\" N", "ID": null, "GlobalID": "{C0B81327-09D7-44F2-A6A0-41DF4D932763}", "القطاع": "القطاع الاول", "المسافة_بين_الكبنة_والبوكس": null, "I_D": null, "created_user": null, "created_date": null, "last_edited_user": null, "last_edited_date": null}, "geometry": {"type": "Point", "coordinates": [31.560051388807462, 30.27191803505898, 0.0]}}, {"type": "Feature", "properties": {"Description": null, "Telecom_Feature_Type": "جوينت", "Easting": "031° 33' 40.11\" E", "Northing": "30° 16' 4.5\" N", "ID": null, "GlobalID": "{54F8E1A0-E574-42C6-AA9E-4EAEABCF9D85}", "القطاع": "القطاع الثاني", "المسافة_بين_الكبنة_والبوكس": null, "I_D": null, "created_user": null, "created_date": null, "last_edited_user": null, "last_edited_date": null}, "geometry": {"type": "Point", "coordinates": [31.562819655001583, 30.26808314165559, 0.0]}}, {"type": "Feature", "properties": {"Description": null, "Telecom_Feature_Type": "جوينت", "Easting": "031° 33' 36.49\" E", "Northing": "30° 16' 2.98\" N", "ID": null, "GlobalID": "{828ABC03-BED3-43E0-B87D-A52C2A99A2B7}", "القطاع": "القطاع الثاني", "المسافة_بين_الكبنة_والبوكس": null, "I_D": null, "created_user": null, "created_date": null, "last_edited_user": null, "last_edited_date": null}, "geometry": {"type": "Point", "coordinates": [31.56181296855025, 30.267660128541802, 0.0]}}, {"type": "Feature", "properties": {"Description": null, "Telecom_Feature_Type": "جوينت", "Easting": "031° 33' 28.19\" E", "Northing": "30° 16' 1.33\" N", "ID": null, "GlobalID": "{2FB8DEED-5F82-42DD-B008-38BD0FF85FC4}", "القطاع": "القطاع الثاني", "المسافة_بين_الكبنة_والبوكس": null, "I_D": null, "created_user": null, "created_date": null, "last_edited_user": null, "last_edited_date": null}, "geometry": {"type": "Point", "coordinates": [31.55950885588777, 30.26720267183385, 0.0]}}, {"type": "Feature", "properties": {"Description": null, "Telecom_Feature_Type": "جوينت", "Easting": "031° 33' 39.04\" E", "Northing": "30° 16' 6.24\" N", "ID": null, "GlobalID": "{7B7BF1AC-21A3-48DE-AFB4-1B509DD8FF20}", "القطاع": "القطاع الثاني", "المسافة_بين_الكبنة_والبوكس": null, "I_D": null, "created_user": null, "created_date": null, "last_edited_user": null, "last_edited_date": null}, "geometry": {"type": "Point", "coordinates": [31.562522829874908, 30.268565904703895, 0.0]}}, {"type": "Feature", "properties": {"Description": null, "Telecom_Feature_Type": "جوينت", "Easting": "031° 33' 33.88\" E", "Northing": "30° 16' 7.26\" N", "ID": null, "GlobalID": "{4CCDE002-930F-494F-8B26-B89B173620FE}", "القطاع": "القطاع الاول", "المسافة_بين_الكبنة_والبوكس": null, "I_D": null, "created_user": null, "created_date": null, "last_edited_user": null, "last_edited_date": null}, "geometry": {"type": "Point", "coordinates": [31.56108762708105, 30.268848383797977, 0.0]}}, {"type": "Feature", "properties": {"Description": null, "Telecom_Feature_Type": "جوينت", "Easting": "031° 33' 9.42\" E", "Northing": "30° 16' 33.16\" N", "ID": null, "GlobalID": "{0E3BEA3D-A697-47CB-B17D-B32E6F540819}", "القطاع": "القطاع الثالث", "المسافة_بين_الكبنة_والبوكس": null, "I_D": null, "created_user": null, "created_date": null, "last_edited_user": null, "last_edited_date": null}, "geometry": {"type": "Point", "coordinates": [31.554294972012915, 30.276044313142656, 0.0]}}, {"type": "Feature", "properties": {"Description": null, "Telecom_Feature_Type": "جوينت", "Easting": "031° 33' 11.37\" E", "Northing": "30° 16' 19.81\" N", "ID": null, "GlobalID": "{250D0F94-7F9A-4189-95E5-3BF33AEF70CA}", "القطاع": "القطاع الثالث", "المسافة_بين_الكبنة_والبوكس": null, "I_D": null, "created_user": null, "created_date": null, "last_edited_user": null, "last_edited_date": null}, "geometry": {"type": "Point", "coordinates": [31.554834910988124, 30.272336194249217, 0.0]}}, {"type": "Feature", "properties": {"Description": null, "Telecom_Feature_Type": "جوينت", "Easting": "031° 33' 59.4\" E", "Northing": "30° 16' 26.91\" N", "ID": null, "GlobalID": "{08B2D1A7-763C-49CA-942A-D43EB3CB2B6F}", "القطاع": "القطاع الاول", "المسافة_بين_الكبنة_والبوكس": null, "I_D": null, "created_user": null, "created_date": null, "last_edited_user": null, "last_edited_date": null}, "geometry": {"type": "Point", "coordinates": [31.568177297927775, 30.274306781340282, 0.0]}}, {"type": "Feature", "properties": {"Description": null, "Telecom_Feature_Type": "جوينت", "Easting": "031° 33' 59.63\" E", "Northing": "30° 16' 24.98\" N", "ID": null, "GlobalID": "{9737A34B-F65F-4DB0-B7F6-F2E724BF6582}", "القطاع": "القطاع الاول", "المسافة_بين_الكبنة_والبوكس": null, "I_D": null, "created_user": null, "created_date": null, "last_edited_user": null, "last_edited_date": null}, "geometry": {"type": "Point", "coordinates": [31.568240566168964, 30.27377228567002, 0.0]}}, {"type": "Feature", "properties": {"Description": null, "Telecom_Feature_Type": "جوينت", "Easting": "031° 33' 45.52\" E", "Northing": "30° 16' 22.09\" N", "ID": null, "GlobalID": "{114F4DD5-9122-4670-98AD-4221DAF63A54}", "القطاع": "القطاع الاول", "المسافة_بين_الكبنة_والبوكس": null, "I_D": null, "created_user": null, "created_date": null, "last_edited_user": null, "last_edited_date": null}, "geometry": {"type": "Point", "coordinates": [31.56432213763192, 30.27296787906113, 0.0]}}, {"type": "Feature", "properties": {"Description": null, "Telecom_Feature_Type": "جوينت", "Easting": "031° 33' 53.01\" E", "Northing": "30° 16' 20.62\" N", "ID": null, "GlobalID": "{3BE3D181-217E-4A99-8D6A-2F88F3E684DE}", "القطاع": "القطاع الاول", "المسافة_بين_الكبنة_والبوكس": null, "I_D": null, "created_user": null, "created_date": null, "last_edited_user": null, "last_edited_date": null}, "geometry": {"type": "Point", "coordinates": [31.5664025630944, 30.272561625049665, 0.0]}}, {"type": "Feature", "properties": {"Description": null, "Telecom_Feature_Type": "جوينت", "Easting": "031° 33' 56.49\" E", "Northing": "30° 16' 32.59\" N", "ID": null, "GlobalID": "{BADB9C65-6CB3-479E-BB25-07A3D01E0DD1}", "القطاع": "القطاع الاول", "المسافة_بين_الكبنة_والبوكس": null, "I_D": null, "created_user": null, "created_date": null, "last_edited_user": null, "last_edited_date": null}, "geometry": {"type": "Point", "coordinates": [31.567370163282526, 30.27588474609916, 0.0]}}, {"type": "Feature", "properties": {"Description": null, "Telecom_Feature_Type": "جوينت", "Easting": "031° 33' 53.65\" E", "Northing": "30° 16' 35.02\" N", "ID": null, "GlobalID": "{B56DCA97-37B9-47EB-A9A9-20C06F1B1D9F}", "القطاع": "القطاع الاول", "المسافة_بين_الكبنة_والبوكس": null, "I_D": null, "created_user": null, "created_date": null, "last_edited_user": null, "last_edited_date": null}, "geometry": {"type": "Point", "coordinates": [31.56657975028019, 30.27656192741179, 0.0]}}, {"type": "Feature", "properties": {"Description": null, "Telecom_Feature_Type": "جوينت", "Easting": "031° 33' 52.41\" E", "Northing": "30° 16' 36.39\" N", "ID": null, "GlobalID": "{D4D968AC-8C4D-4A1D-9D0E-55646E545356}", "القطاع": "القطاع الاول", "المسافة_بين_الكبنة_والبوكس": null, "I_D": null, "created_user": null, "created_date": null, "last_edited_user": null, "last_edited_date": null}, "geometry": {"type": "Point", "coordinates": [31.566235529441062, 30.27694194210719, 0.0]}}, {"type": "Feature", "properties": {"Description": null, "Telecom_Feature_Type": "جوينت", "Easting": "031° 33' 48.52\" E", "Northing": "30° 16' 29.72\" N", "ID": null, "GlobalID": "{F695B5A1-492D-4430-90AA-F39DB5707409}", "القطاع": "القطاع الاول", "المسافة_بين_الكبنة_والبوكس": null, "I_D": null, "created_user": null, "created_date": null, "last_edited_user": null, "last_edited_date": null}, "geometry": {"type": "Point", "coordinates": [31.56515594388117, 30.275089967273505, 0.0]}}, {"type": "Feature", "properties": {"Description": null, "Telecom_Feature_Type": "جوينت", "Easting": "031° 33' 45.43\" E", "Northing": "30° 16' 22.39\" N", "ID": null, "GlobalID": "{435337F0-A53D-4DF6-ABF2-204AC20B940A}", "القطاع": "القطاع الاول", "المسافة_بين_الكبنة_والبوكس": null, "I_D": null, "created_user": null, "created_date": null, "last_edited_user": null, "last_edited_date": null}, "geometry": {"type": "Point", "coordinates": [31.564297101155375, 30.273052874509222, 0.0]}}, {"type": "Feature", "properties": {"Description": null, "Telecom_Feature_Type": "جوينت", "Easting": "031° 33' 46.45\" E", "Northing": "30° 16' 29.39\" N", "ID": null, "GlobalID": "{12B0E6E4-099B-4505-B8B1-D6D74EB222DE}", "القطاع": "القطاع الاول", "المسافة_بين_الكبنة_والبوكس": null, "I_D": null, "created_user": null, "created_date": null, "last_edited_user": null, "last_edited_date": null}, "geometry": {"type": "Point", "coordinates": [31.564579264218725, 30.274996057136377, 0.0]}}, {"type": "Feature", "properties": {"Description": null, "Telecom_Feature_Type": "جوينت", "Easting": "031° 33' 42.26\" E", "Northing": "30° 16' 25.46\" N", "ID": null, "GlobalID": "{5E9B6545-4E36-4FD4-8C9F-2AB56277163C}", "القطاع": "القطاع الاول", "المسافة_بين_الكبنة_والبوكس": null, "I_D": null, "created_user": null, "created_date": null, "last_edited_user": null, "last_edited_date": null}, "geometry": {"type": "Point", "coordinates": [31.563417363938616, 30.273906113263585, 0.0]}}, {"type": "Feature", "properties": {"Description": null, "Telecom_Feature_Type": "جوينت", "Easting": "031° 33' 50.96\" E", "Northing": "30° 16' 31.61\" N", "ID": null, "GlobalID": "{92BA1247-9C80-4800-8AF7-4A0F674C226E}", "القطاع": "القطاع الاول", "المسافة_بين_الكبنة_والبوكس": null, "I_D": null, "created_user": null, "created_date": null, "last_edited_user": null, "last_edited_date": null}, "geometry": {"type": "Point", "coordinates": [31.565832730737675, 30.27561357231511, 0.0]}}, {"type": "Feature", "properties": {"Description": null, "Telecom_Feature_Type": "جوينت", "Easting": "031° 33' 43.44\" E", "Northing": "30° 16' 14.29\" N", "ID": null, "GlobalID": "{C2FAFA07-BEA4-4EBF-A46A-FD1E422F557C}", "القطاع": "القطاع الاول", "المسافة_بين_الكبنة_والبوكس": null, "I_D": null, "created_user": null, "created_date": null, "last_edited_user": null, "last_edited_date": null}, "geometry": {"type": "Point", "coordinates": [31.563744007793876, 30.270801884695814, 0.0]}}, {"type": "Feature", "properties": {"Description": null, "Telecom_Feature_Type": "جوينت", "Easting": "031° 33' 44.4\" E", "Northing": "30° 16' 13.52\" N", "ID": null, "GlobalID": "{F97B8372-8646-482D-8600-EF77C8D6087F}", "القطاع": "القطاع الاول", "المسافة_بين_الكبنة_والبوكس": null, "I_D": null, "created_user": null, "created_date": null, "last_edited_user": null, "last_edited_date": null}, "geometry": {"type": "Point", "coordinates": [31.5640101064737, 30.270587255662477, 0.0]}}, {"type": "Feature", "properties": {"Description": null, "Telecom_Feature_Type": "كونيكتور", "Easting": "031° 33' 37.95\" E", "Northing": "30° 16' 43.78\" N", "ID": "0", "GlobalID": "{D29224CD-9428-4CC8-B840-BFA380DE8057}", "القطاع": "القطاع الثالث", "المسافة_بين_الكبنة_والبوكس": "0", "I_D": "0", "created_user": null, "created_date": null, "last_edited_user": null, "last_edited_date": null}, "geometry": {"type": "Point", "coordinates": [31.562218401188762, 30.278994900652826, 0.0]}}, {"type": "Feature", "properties": {"Description": null, "Telecom_Feature_Type": "كونيكتور", "Easting": "031° 33' 38.41\" E", "Northing": "30° 16' 44.63\" N", "ID": "0", "GlobalID": "{5E298E50-2CDC-4DB0-BBE8-04AFA7C6A6D3}", "القطاع": "القطاع الثالث", "المسافة_بين_الكبنة_والبوكس": "0", "I_D": "0", "created_user": null, "created_date": null, "last_edited_user": null, "last_edited_date": null}, "geometry": {"type": "Point", "coordinates": [31.562347138881524, 30.279231652671932, -0.1356999999989057]}}, {"type": "Feature", "properties": {"Description": null, "Telecom_Feature_Type": "كونيكتور", "Easting": "031° 33' 33.8\" E", "Northing": "30° 16' 41.9\" N", "ID": "0", "GlobalID": "{B290A50C-7CB9-4576-8DF4-8C7F91E59A35}", "القطاع": "القطاع الثالث", "المسافة_بين_الكبنة_والبوكس": "0", "I_D": "0", "created_user": null, "created_date": null, "last_edited_user": null, "last_edited_date": null}, "geometry": {"type": "Point", "coordinates": [31.56106539742222, 30.278471323063695, 0.0]}}, {"type": "Feature", "properties": {"Description": null, "Telecom_Feature_Type": "كونيكتور", "Easting": "031° 33' 33.4\" E", "Northing": "30° 16' 43.07\" N", "ID": "0", "GlobalID": "{7A6D4626-B834-49F5-8B8B-F334ACFDBA86}", "القطاع": "القطاع الثالث", "المسافة_بين_الكبنة_والبوكس": "0", "I_D": "0", "created_user": null, "created_date": null, "last_edited_user": null, "last_edited_date": null}, "geometry": {"type": "Point", "coordinates": [31.560956085487565, 30.278798278914206, 0.0]}}, {"type": "Feature", "properties": {"Description": null, "Telecom_Feature_Type": "كونيكتور", "Easting": "031° 33' 36.93\" E", "Northing": "30° 16' 39.83\" N", "ID": "0", "GlobalID": "{724FBC9F-AE4A-4A79-BC71-F3C7F1EAC690}", "القطاع": "القطاع الثالث", "المسافة_بين_الكبنة_والبوكس": "0", "I_D": "0", "created_user": null, "created_date": null, "last_edited_user": null, "last_edited_date": null}, "geometry": {"type": "Point", "coordinates": [31.561935438154702, 30.277897958236018, 0.0]}}, {"type": "Feature", "properties": {"Description": null, "Telecom_Feature_Type": "كونيكتور", "Easting": "031° 33' 27.03\" E", "Northing": "30° 16' 39.85\" N", "ID": "0", "GlobalID": "{8F3F1B60-1583-4075-B3D3-E7FC385BC7A2}", "القطاع": "القطاع الثالث", "المسافة_بين_الكبنة_والبوكس": "0", "I_D": "0", "created_user": null, "created_date": null, "last_edited_user": null, "last_edited_date": null}, "geometry": {"type": "Point", "coordinates": [31.55918528350979, 30.27790343181234, 0.0]}}, {"type": "Feature", "properties": {"Description": null, "Telecom_Feature_Type": "كونيكتور", "Easting": "031° 33' 31.93\" E", "Northing": "30° 16' 40.71\" N", "ID": "0", "GlobalID": "{C14DDFA3-7547-4704-A4BC-003C1406CFFA}", "القطاع": "القطاع الثالث", "المسافة_بين_الكبنة_والبوكس": "0", "I_D": "0", "created_user": null, "created_date": null, "last_edited_user": null, "last_edited_date": null}, "geometry": {"type": "Point", "coordinates": [31.56054643664255, 30.278142685698022, 0.0]}}, {"type": "Feature", "properties": {"Description": null, "Telecom_Feature_Type": "كونيكتور", "Easting": "031° 33' 31.08\" E", "Northing": "30° 16' 41.7\" N", "ID": "0", "GlobalID": "{90602FDD-F1A2-4251-8643-A4EFF4E105FC}", "القطاع": "القطاع الثالث", "المسافة_بين_الكبنة_والبوكس": "0", "I_D": "0", "created_user": null, "created_date": null, "last_edited_user": null, "last_edited_date": null}, "geometry": {"type": "Point", "coordinates": [31.56031068613245, 30.27841521997217, 0.046600000001490116]}}, {"type": "Feature", "properties": {"Description": null, "Telecom_Feature_Type": "كونيكتور", "Easting": "031° 33' 28.85\" E", "Northing": "30° 16' 42.24\" N", "ID": "0", "GlobalID": "{4A0433B9-D4BE-4D66-8AFE-A57C6A825B29}", "القطاع": "القطاع الثالث", "المسافة_بين_الكبنة_والبوكس": "0", "I_D": "0", "created_user": null, "created_date": null, "last_edited_user": null, "last_edited_date": null}, "geometry": {"type": "Point", "coordinates": [31.559691934936666, 30.278565857916803, -0.1113000000041211]}}, {"type": "Feature", "properties": {"Description": null, "Telecom_Feature_Type": "كونيكتور", "Easting": "031° 33' 26.68\" E", "Northing": "30° 16' 46.1\" N", "ID": "0", "GlobalID": "{0C00E079-1D90-4A72-A467-A4C91C87F8AD}", "القطاع": "القطاع الثالث", "المسافة_بين_الكبنة_والبوكس": "0", "I_D": "0", "created_user": null, "created_date": null, "last_edited_user": null, "last_edited_date": null}, "geometry": {"type": "Point", "coordinates": [31.559086849631363, 30.2796386177483, 0.0]}}, {"type": "Feature", "properties": {"Description": null, "Telecom_Feature_Type": "كونيكتور", "Easting": "031° 33' 28.05\" E", "Northing": "30° 16' 44.32\" N", "ID": "0", "GlobalID": "{36F0464B-F53B-4DF1-BF25-58E3534D4A03}", "القطاع": "القطاع الثالث", "المسافة_بين_الكبنة_والبوكس": "0", "I_D": "0", "created_user": null, "created_date": null, "last_edited_user": null, "last_edited_date": null}, "geometry": {"type": "Point", "coordinates": [31.559468006701785, 30.279144160813914, 0.0]}}, {"type": "Feature", "properties": {"Description": null, "Telecom_Feature_Type": "كونيكتور", "Easting": "031° 33' 27.59\" E", "Northing": "30° 16' 43.4\" N", "ID": "0", "GlobalID": "{BA70F584-340E-4CA0-8AE9-0881EADCBB69}", "القطاع": "القطاع الثالث", "المسافة_بين_الكبنة_والبوكس": "0", "I_D": "0", "created_user": null, "created_date": null, "last_edited_user": null, "last_edited_date": null}, "geometry": {"type": "Point", "coordinates": [31.559341171656303, 30.27888739228164, 0.0]}}, {"type": "Feature", "properties": {"Description": null, "Telecom_Feature_Type": "كونيكتور", "Easting": "031° 33' 24.5\" E", "Northing": "30° 16' 42.74\" N", "ID": "0", "GlobalID": "{F6277997-B9CF-4EE3-A6DD-7A63A9ACC8FB}", "القطاع": "القطاع الثالث", "المسافة_بين_الكبنة_والبوكس": "0", "I_D": "0", "created_user": null, "created_date": null, "last_edited_user": null, "last_edited_date": null}, "geometry": {"type": "Point", "coordinates": [31.558483894796563, 30.278704510902113, 0.0]}}, {"type": "Feature", "properties": {"Description": null, "Telecom_Feature_Type": "كونيكتور", "Easting": "031° 33' 22.39\" E", "Northing": "30° 16' 39.23\" N", "ID": "0", "GlobalID": "{D0E56E75-7FA9-4FBB-850D-1F40D545F72E}", "القطاع": "القطاع الثالث", "المسافة_بين_الكبنة_والبوكس": "0", "I_D": "0", "created_user": null, "created_date": null, "last_edited_user": null, "last_edited_date": null}, "geometry": {"type": "Point", "coordinates": [31.55789637032113, 30.277730791624926, 0.0]}}, {"type": "Feature", "properties": {"Description": null, "Telecom_Feature_Type": "كونيكتور", "Easting": "031° 33' 19.12\" E", "Northing": "30° 16' 40.57\" N", "ID": "0", "GlobalID": "{58CE35B0-6EAE-4DC3-AA05-AE11B4682A12}", "القطاع": "القطاع الثالث", "المسافة_بين_الكبنة_والبوكس": "0", "I_D": "0", "created_user": null, "created_date": null, "last_edited_user": null, "last_edited_date": null}, "geometry": {"type": "Point", "coordinates": [31.55698687537347, 30.27810296309907, 0.0]}}, {"type": "Feature", "properties": {"Description": null, "Telecom_Feature_Type": "كونيكتور", "Easting": "031° 33' 20.07\" E", "Northing": "30° 16' 39.66\" N", "ID": "0", "GlobalID": "{5C9025FF-FEE0-47E4-AB7E-0879C0D2E554}", "القطاع": "القطاع الثالث", "المسافة_بين_الكبنة_والبوكس": "0", "I_D": "0", "created_user": null, "created_date": null, "last_edited_user": null, "last_edited_date": null}, "geometry": {"type": "Point", "coordinates": [31.557251174181115, 30.27784912913678, 0.0]}}, {"type": "Feature", "properties": {"Description": null, "Telecom_Feature_Type": "كونيكتور", "Easting": "031° 33' 21.01\" E", "Northing": "30° 16' 39.2\" N", "ID": "0", "GlobalID": "{CE88C40B-6A00-4B48-A8A0-288FFE740497}", "القطاع": "القطاع الثالث", "المسافة_بين_الكبنة_والبوكس": "0", "I_D": "0", "created_user": null, "created_date": null, "last_edited_user": null, "last_edited_date": null}, "geometry": {"type": "Point", "coordinates": [31.557512878177818, 30.277720799053746, 23.566399999996065]}}, {"type": "Feature", "properties": {"Description": null, "Telecom_Feature_Type": "كونيكتور", "Easting": "031° 33' 24.61\" E", "Northing": "30° 16' 47.78\" N", "ID": "0", "GlobalID": "{786CFBC9-CD2C-4E61-B26D-7787FBFB1A4F}", "القطاع": "القطاع الثالث", "المسافة_بين_الكبنة_والبوكس": "0", "I_D": "0", "created_user": null, "created_date": null, "last_edited_user": null, "last_edited_date": null}, "geometry": {"type": "Point", "coordinates": [31.55851355483099, 30.280104070542734, 0.0]}}, {"type": "Feature", "properties": {"Description": null, "Telecom_Feature_Type": "كونيكتور", "Easting": "031° 33' 22.68\" E", "Northing": "30° 16' 49.18\" N", "ID": "0", "GlobalID": "{BEFA9E8F-5AEF-4ACC-9718-E44620F9C448}", "القطاع": "القطاع الثالث", "المسافة_بين_الكبنة_والبوكس": "0", "I_D": "0", "created_user": null, "created_date": null, "last_edited_user": null, "last_edited_date": null}, "geometry": {"type": "Point", "coordinates": [31.55797690627397, 30.28049512675979, 0.0]}}, {"type": "Feature", "properties": {"Description": null, "Telecom_Feature_Type": "كونيكتور", "Easting": "031° 33' 19.74\" E", "Northing": "30° 16' 46.89\" N", "ID": "0", "GlobalID": "{B0F057AD-940B-49B1-858A-17C8DDFB9014}", "القطاع": "القطاع الثالث", "المسافة_بين_الكبنة_والبوكس": "0", "I_D": "0", "created_user": null, "created_date": null, "last_edited_user": null, "last_edited_date": null}, "geometry": {"type": "Point", "coordinates": [31.557161399756634, 30.279858338956373, 99.99980000000505]}}, {"type": "Feature", "properties": {"Description": null, "Telecom_Feature_Type": "كونيكتور", "Easting": "031° 33' 18.74\" E", "Northing": "30° 16' 43.19\" N", "ID": "0", "GlobalID": "{8EE1CB8A-6913-4182-A539-F63C709CEBA6}", "القطاع": "القطاع الثالث", "المسافة_بين_الكبنة_والبوكس": "0", "I_D": "0", "created_user": null, "created_date": null, "last_edited_user": null, "last_edited_date": null}, "geometry": {"type": "Point", "coordinates": [31.556882970726612, 30.27882998178601, 99.9994000000006]}}, {"type": "Feature", "properties": {"Description": null, "Telecom_Feature_Type": "كونيكتور", "Easting": "031° 33' 17.81\" E", "Northing": "30° 16' 44.1\" N", "ID": "0", "GlobalID": "{FED63216-2CE6-403C-A664-4E75DB95ED5C}", "القطاع": "القطاع الثالث", "المسافة_بين_الكبنة_والبوكس": "0", "I_D": "0", "created_user": null, "created_date": null, "last_edited_user": null, "last_edited_date": null}, "geometry": {"type": "Point", "coordinates": [31.556623596698554, 30.27908324204145, 99.9994000000006]}}, {"type": "Feature", "properties": {"Description": null, "Telecom_Feature_Type": "كونيكتور", "Easting": "031° 33' 16.81\" E", "Northing": "30° 16' 44.6\" N", "ID": "0", "GlobalID": "{AD7E13C7-C9C9-4F4D-955F-35DBC03AE1EE}", "القطاع": "القطاع الثالث", "المسافة_بين_الكبنة_والبوكس": "0", "I_D": "0", "created_user": null, "created_date": null, "last_edited_user": null, "last_edited_date": null}, "geometry": {"type": "Point", "coordinates": [31.556346322432002, 30.279221029585027, 99.9994000000006]}}, {"type": "Feature", "properties": {"Description": null, "Telecom_Feature_Type": "كونيكتور", "Easting": "031° 33' 18.46\" E", "Northing": "30° 16' 46.91\" N", "ID": "0", "GlobalID": "{44702DF0-3036-4CA3-BE16-DF1848EB708C}", "القطاع": "القطاع الثالث", "المسافة_بين_الكبنة_والبوكس": "0", "I_D": "0", "created_user": null, "created_date": null, "last_edited_user": null, "last_edited_date": null}, "geometry": {"type": "Point", "coordinates": [31.556803487553626, 30.279863180198745, 0.0]}}, {"type": "Feature", "properties": {"Description": null, "Telecom_Feature_Type": "كونيكتور", "Easting": "031° 33' 14.88\" E", "Northing": "30° 16' 41.81\" N", "ID": "0", "GlobalID": "{93438586-7253-41B4-9C08-B61C9E9AEB00}", "القطاع": "القطاع الثالث", "المسافة_بين_الكبنة_والبوكس": "0", "I_D": "0", "created_user": null, "created_date": null, "last_edited_user": null, "last_edited_date": null}, "geometry": {"type": "Point", "coordinates": [31.555810705404504, 30.278447742027495, 99.9997000000003]}}, {"type": "Feature", "properties": {"Description": null, "Telecom_Feature_Type": "كونيكتور", "Easting": "031° 33' 13.88\" E", "Northing": "30° 16' 42.31\" N", "ID": "0", "GlobalID": "{60C8D5E7-C361-4201-BCE3-BFD4E1BD48E3}", "القطاع": "القطاع الثالث", "المسافة_بين_الكبنة_والبوكس": "0", "I_D": "0", "created_user": null, "created_date": null, "last_edited_user": null, "last_edited_date": null}, "geometry": {"type": "Point", "coordinates": [31.55553343175585, 30.278585529658688, 99.9997000000003]}}, {"type": "Feature", "properties": {"Description": null, "Telecom_Feature_Type": "كونيكتور", "Easting": "031° 33' 9.87\" E", "Northing": "30° 16' 39.21\" N", "ID": "0", "GlobalID": "{BF954289-5629-4853-9983-AC05EBB054DE}", "القطاع": "القطاع الثالث", "المسافة_بين_الكبنة_والبوكس": "0", "I_D": "0", "created_user": null, "created_date": null, "last_edited_user": null, "last_edited_date": null}, "geometry": {"type": "Point", "coordinates": [31.55441828312969, 30.27772579512238, 0.0]}}, {"type": "Feature", "properties": {"Description": null, "Telecom_Feature_Type": "كونيكتور", "Easting": "031° 33' 44.17\" E", "Northing": "30° 15' 53.67\" N", "ID": "0", "GlobalID": "{A5722ED2-7579-45A2-BC83-F7025B236B7C}", "القطاع": "القطاع الثاني", "المسافة_بين_الكبنة_والبوكس": "0", "I_D": "0", "created_user": null, "created_date": null, "last_edited_user": null, "last_edited_date": null}, "geometry": {"type": "Point", "coordinates": [31.563945836938295, 30.2650751444533, 0.0004999999946448952]}}, {"type": "Feature", "properties": {"Description": null, "Telecom_Feature_Type": "كونيكتور", "Easting": "031° 33' 43.32\" E", "Northing": "30° 15' 55.29\" N", "ID": "0", "GlobalID": "{02A22507-826E-4E39-83E7-5638FADE0C7A}", "القطاع": "القطاع الثاني", "المسافة_بين_الكبنة_والبوكس": "0", "I_D": "0", "created_user": null, "created_date": null, "last_edited_user": null, "last_edited_date": null}, "geometry": {"type": "Point", "coordinates": [31.563709438216677, 30.26552324648241, 0.0004999999946448952]}}, {"type": "Feature", "properties": {"Description": null, "Telecom_Feature_Type": "كونيكتور", "Easting": "031° 33' 42.8\" E", "Northing": "30° 15' 56.42\" N", "ID": "0", "GlobalID": "{8678D3FC-CF08-445F-B92F-23BFE463DF99}", "القطاع": "القطاع الثاني", "المسافة_بين_الكبنة_والبوكس": "0", "I_D": "0", "created_user": null, "created_date": null, "last_edited_user": null, "last_edited_date": null}, "geometry": {"type": "Point", "coordinates": [31.563565586932338, 30.265839484663815, 0.0]}}, {"type": "Feature", "properties": {"Description": null, "Telecom_Feature_Type": "كونيكتور", "Easting": "031° 33' 47.96\" E", "Northing": "30° 15' 55.37\" N", "ID": "0", "GlobalID": "{EEC5C5A7-6171-41D3-AC30-8B2A27E8A3DC}", "القطاع": "القطاع الثاني", "المسافة_بين_الكبنة_والبوكس": "0", "I_D": "0", "created_user": null, "created_date": null, "last_edited_user": null, "last_edited_date": null}, "geometry": {"type": "Point", "coordinates": [31.56499930196568, 30.265545630180593, -0.04869999999937136]}}, {"type": "Feature", "properties": {"Description": null, "Telecom_Feature_Type": "كونيكتور", "Easting": "031° 33' 47.11\" E", "Northing": "30° 15' 56.0\" N", "ID": "0", "GlobalID": "{4EE1A39C-BC9C-4C53-9E2A-2D8D1C618CE8}", "القطاع": "القطاع الثاني", "المسافة_بين_الكبنة_والبوكس": "0", "I_D": "0", "created_user": null, "created_date": null, "last_edited_user": null, "last_edited_date": null}, "geometry": {"type": "Point", "coordinates": [31.56476307765825, 30.265720827833483, 0.0004999999946448952]}}, {"type": "Feature", "properties": {"Description": null, "Telecom_Feature_Type": "كونيكتور", "Easting": "031° 33' 46.96\" E", "Northing": "30° 15' 56.93\" N", "ID": "0", "GlobalID": "{80491F93-9EA2-4265-A601-CF393909B049}", "القطاع": "القطاع الثاني", "المسافة_بين_الكبنة_والبوكس": "0", "I_D": "0", "created_user": null, "created_date": null, "last_edited_user": null, "last_edited_date": null}, "geometry": {"type": "Point", "coordinates": [31.564722110804837, 30.265979889208214, 0.0010000000038417056]}}, {"type": "Feature", "properties": {"Description": null, "Telecom_Feature_Type": "كونيكتور", "Easting": "031° 33' 46.34\" E", "Northing": "30° 15' 58.02\" N", "ID": "0", "GlobalID": "{CBF25E2E-979F-4284-A6DC-19233AECC8F1}", "القطاع": "القطاع الثاني", "المسافة_بين_الكبنة_والبوكس": "0", "I_D": "0", "created_user": null, "created_date": null, "last_edited_user": null, "last_edited_date": null}, "geometry": {"type": "Point", "coordinates": [31.564548107538577, 30.266283090197533, 0.013099999996484257]}}, {"type": "Feature", "properties": {"Description": null, "Telecom_Feature_Type": "كونيكتور", "Easting": "031° 33' 46.24\" E", "Northing": "30° 15' 55.57\" N", "ID": "0", "GlobalID": "{96BF1D62-BE8E-4469-8738-5069E9432FA0}", "القطاع": "القطاع الثاني", "المسافة_بين_الكبنة_والبوكس": "0", "I_D": "0", "created_user": null, "created_date": null, "last_edited_user": null, "last_edited_date": null}, "geometry": {"type": "Point", "coordinates": [31.564520756090484, 30.265601926140786, 0.0]}}, {"type": "Feature", "properties": {"Description": null, "Telecom_Feature_Type": "كونيكتور", "Easting": "031° 33' 45.44\" E", "Northing": "30° 15' 56.19\" N", "ID": "0", "GlobalID": "{C7A3BAAC-1554-40D4-9FF6-83E753762759}", "القطاع": "القطاع الثاني", "المسافة_بين_الكبنة_والبوكس": "0", "I_D": "0", "created_user": null, "created_date": null, "last_edited_user": null, "last_edited_date": null}, "geometry": {"type": "Point", "coordinates": [31.56429796558271, 30.265773360447653, 0.0]}}, {"type": "Feature", "properties": {"Description": null, "Telecom_Feature_Type": "كونيكتور", "Easting": "031° 33' 43.63\" E", "Northing": "30° 16' 2.03\" N", "ID": "0", "GlobalID": "{1F0E35FD-11BE-494F-AB07-7A2544B8914F}", "القطاع": "القطاع الثاني", "المسافة_بين_الكبنة_والبوكس": "0", "I_D": "0", "created_user": null, "created_date": null, "last_edited_user": null, "last_edited_date": null}, "geometry": {"type": "Point", "coordinates": [31.563797327196813, 30.267395876370085, -126.3408000000054]}}, {"type": "Feature", "properties": {"Description": null, "Telecom_Feature_Type": "كونيكتور", "Easting": "031° 33' 44.46\" E", "Northing": "30° 16' 1.4\" N", "ID": "0", "GlobalID": "{69F4847A-7FE4-4993-80A9-8D19EB667395}", "القطاع": "القطاع الثاني", "المسافة_بين_الكبنة_والبوكس": "0", "I_D": "0", "created_user": null, "created_date": null, "last_edited_user": null, "last_edited_date": null}, "geometry": {"type": "Point", "coordinates": [31.564025965771933, 30.267221795168737, -200.00380000000587]}}, {"type": "Feature", "properties": {"Description": null, "Telecom_Feature_Type": "كونيكتور", "Easting": "031° 33' 49.34\" E", "Northing": "30° 15' 59.46\" N", "ID": "0", "GlobalID": "{5EF9F5FF-A9EC-4E73-B731-BFA327B02823}", "القطاع": "القطاع الثاني", "المسافة_بين_الكبنة_والبوكس": "0", "I_D": "0", "created_user": null, "created_date": null, "last_edited_user": null, "last_edited_date": null}, "geometry": {"type": "Point", "coordinates": [31.565383891386652, 30.26668344182727, 0.00019999999494757503]}}, {"type": "Feature", "properties": {"Description": null, "Telecom_Feature_Type": "كونيكتور", "Easting": "031° 33' 51.32\" E", "Northing": "30° 15' 57.28\" N", "ID": "0", "GlobalID": "{DD20EBB3-7F37-4FAF-9605-977BFE70BC56}", "القطاع": "القطاع الثاني", "المسافة_بين_الكبنة_والبوكس": "0", "I_D": "0", "created_user": null, "created_date": null, "last_edited_user": null, "last_edited_date": null}, "geometry": {"type": "Point", "coordinates": [31.56593288182001, 30.266077988924202, 0.0004999999946448952]}}, {"type": "Feature", "properties": {"Description": null, "Telecom_Feature_Type": "كونيكتور", "Easting": "031° 33' 52.4\" E", "Northing": "30° 15' 57.57\" N", "ID": "0", "GlobalID": "{39915D7E-6B07-4A26-B388-DF9DE0650270}", "القطاع": "القطاع الثاني", "المسافة_بين_الكبنة_والبوكس": "0", "I_D": "0", "created_user": null, "created_date": null, "last_edited_user": null, "last_edited_date": null}, "geometry": {"type": "Point", "coordinates": [31.566231678804783, 30.266157064268523, 0.0004999999946448952]}}, {"type": "Feature", "properties": {"Description": null, "Telecom_Feature_Type": "كونيكتور", "Easting": "031° 33' 51.84\" E", "Northing": "30° 15' 58.31\" N", "ID": "0", "GlobalID": "{4DC2C8EF-CCB5-4584-9122-2D0DD7B8331B}", "القطاع": "القطاع الثاني", "المسافة_بين_الكبنة_والبوكس": "0", "I_D": "0", "created_user": null, "created_date": null, "last_edited_user": null, "last_edited_date": null}, "geometry": {"type": "Point", "coordinates": [31.566077522940674, 30.266364631608592, 0.0004999999946448952]}}, {"type": "Feature", "properties": {"Description": null, "Telecom_Feature_Type": "كونيكتور", "Easting": "031° 33' 51.39\" E", "Northing": "30° 15' 59.48\" N", "ID": "0", "GlobalID": "{5FD663C7-E9C1-46C5-99F3-FDB3BCEE6460}", "القطاع": "القطاع الثاني", "المسافة_بين_الكبنة_والبوكس": "0", "I_D": "0", "created_user": null, "created_date": null, "last_edited_user": null, "last_edited_date": null}, "geometry": {"type": "Point", "coordinates": [31.565953120987274, 30.266687902798708, 0.0004999999946448952]}}, {"type": "Feature", "properties": {"Description": null, "Telecom_Feature_Type": "كونيكتور", "Easting": "031° 33' 50.64\" E", "Northing": "30° 16' 0.53\" N", "ID": "0", "GlobalID": "{B4094546-10E8-446E-8C90-3A457AFF4E33}", "القطاع": "القطاع الثاني", "المسافة_بين_الكبنة_والبوكس": "0", "I_D": "0", "created_user": null, "created_date": null, "last_edited_user": null, "last_edited_date": null}, "geometry": {"type": "Point", "coordinates": [31.565744363692833, 30.266978952303017, 0.0]}}, {"type": "Feature", "properties": {"Description": null, "Telecom_Feature_Type": "كونيكتور", "Easting": "031° 33' 50.1\" E", "Northing": "30° 15' 58.42\" N", "ID": "0", "GlobalID": "{4ED78CD5-DD54-4891-8D88-0B9362612295}", "القطاع": "القطاع الثاني", "المسافة_بين_الكبنة_والبوكس": "0", "I_D": "0", "created_user": null, "created_date": null, "last_edited_user": null, "last_edited_date": null}, "geometry": {"type": "Point", "coordinates": [31.56559345623948, 30.266392695191612, 0.0007999999943422154]}}, {"type": "Feature", "properties": {"Description": null, "Telecom_Feature_Type": "كونيكتور", "Easting": "031° 33' 50.77\" E", "Northing": "30° 15' 58.06\" N", "ID": "0", "GlobalID": "{3216D651-302D-4B78-9478-78C410BB120F}", "القطاع": "القطاع الثاني", "المسافة_بين_الكبنة_والبوكس": "0", "I_D": "0", "created_user": null, "created_date": null, "last_edited_user": null, "last_edited_date": null}, "geometry": {"type": "Point", "coordinates": [31.565780632406163, 30.2662940990765, 0.0004999999946448952]}}, {"type": "Feature", "properties": {"Description": null, "Telecom_Feature_Type": "كونيكتور", "Easting": "031° 33' 52.61\" E", "Northing": "30° 16' 1.33\" N", "ID": "0", "GlobalID": "{1641CEE9-4C9D-4678-8739-8CE087130247}", "القطاع": "القطاع الثاني", "المسافة_بين_الكبنة_والبوكس": "0", "I_D": "0", "created_user": null, "created_date": null, "last_edited_user": null, "last_edited_date": null}, "geometry": {"type": "Point", "coordinates": [31.56629112474279, 30.267203225942026, 0.0]}}, {"type": "Feature", "properties": {"Description": null, "Telecom_Feature_Type": "كونيكتور", "Easting": "031° 33' 55.7\" E", "Northing": "30° 15' 59.54\" N", "ID": "0", "GlobalID": "{0C59B256-37EB-4980-B74F-27C5731CE87F}", "القطاع": "القطاع الثاني", "المسافة_بين_الكبنة_والبوكس": "0", "I_D": "0", "created_user": null, "created_date": null, "last_edited_user": null, "last_edited_date": null}, "geometry": {"type": "Point", "coordinates": [31.567148392766224, 30.266705565043846, 0.0004999999946448952]}}, {"type": "Feature", "properties": {"Description": null, "Telecom_Feature_Type": "كونيكتور", "Easting": "031° 33' 55.09\" E", "Northing": "30° 16' 0.3\" N", "ID": "0", "GlobalID": "{5D8F1BBD-5716-4923-9A3D-4E946FB981B3}", "القطاع": "القطاع الثاني", "المسافة_بين_الكبنة_والبوكس": "0", "I_D": "0", "created_user": null, "created_date": null, "last_edited_user": null, "last_edited_date": null}, "geometry": {"type": "Point", "coordinates": [31.566979317725533, 30.26691518874326, 0.0]}}, {"type": "Feature", "properties": {"Description": null, "Telecom_Feature_Type": "كونيكتور", "Easting": "031° 33' 53.86\" E", "Northing": "30° 16' 2.46\" N", "ID": "0", "GlobalID": "{1FBD56F2-A9B6-4DAD-9217-C6BE3276EDB3}", "القطاع": "القطاع الثاني", "المسافة_بين_الكبنة_والبوكس": "0", "I_D": "0", "created_user": null, "created_date": null, "last_edited_user": null, "last_edited_date": null}, "geometry": {"type": "Point", "coordinates": [31.56663771051838, 30.267515896043804, 21.415399999998044]}}, {"type": "Feature", "properties": {"Description": null, "Telecom_Feature_Type": "كونيكتور", "Easting": "031° 33' 54.14\" E", "Northing": "30° 16' 0.0\" N", "ID": "0", "GlobalID": "{78EB3946-6203-4E43-9C5D-CD8BA9B510AE}", "القطاع": "القطاع الثاني", "المسافة_بين_الكبنة_والبوكس": "0", "I_D": "0", "created_user": null, "created_date": null, "last_edited_user": null, "last_edited_date": null}, "geometry": {"type": "Point", "coordinates": [31.566717035910948, 30.266834122608106, -0.0004000000044470653]}}, {"type": "Feature", "properties": {"Description": null, "Telecom_Feature_Type": "كونيكتور", "Easting": "031° 33' 54.72\" E", "Northing": "30° 15' 59.28\" N", "ID": "0", "GlobalID": "{5967B1FF-53D1-4776-8686-8D46D4A2D414}", "القطاع": "القطاع الثاني", "المسافة_بين_الكبنة_والبوكس": "0", "I_D": "0", "created_user": null, "created_date": null, "last_edited_user": null, "last_edited_date": null}, "geometry": {"type": "Point", "coordinates": [31.566876970372363, 30.266632953919068, -0.0005999999993946403]}}, {"type": "Feature", "properties": {"Description": null, "Telecom_Feature_Type": "كونيكتور", "Easting": "031° 33' 56.54\" E", "Northing": "30° 16' 2.32\" N", "ID": "0", "GlobalID": "{B4B5F717-9C52-4ACD-BCDC-AE9790EED222}", "القطاع": "القطاع الثاني", "المسافة_بين_الكبنة_والبوكس": "0", "I_D": "0", "created_user": null, "created_date": null, "last_edited_user": null, "last_edited_date": null}, "geometry": {"type": "Point", "coordinates": [31.56738356918183, 30.267478714685122, 0.00010000000474974513]}}, {"type": "Feature", "properties": {"Description": null, "Telecom_Feature_Type": "كونيكتور", "Easting": "031° 33' 57.47\" E", "Northing": "30° 16' 1.83\" N", "ID": "0", "GlobalID": "{4FBB24EA-8201-4948-8209-CB943CF04A75}", "القطاع": "القطاع الثاني", "المسافة_بين_الكبنة_والبوكس": "0", "I_D": "0", "created_user": null, "created_date": null, "last_edited_user": null, "last_edited_date": null}, "geometry": {"type": "Point", "coordinates": [31.56763988423154, 30.267342339585277, 0.00010000000474974513]}}, {"type": "Feature", "properties": {"Description": null, "Telecom_Feature_Type": "كونيكتور", "Easting": "031° 33' 57.83\" E", "Northing": "30° 16' 0.95\" N", "ID": "0", "GlobalID": "{039043D0-D377-4020-9762-16045740C447}", "القطاع": "القطاع الثاني", "المسافة_بين_الكبنة_والبوكس": "0", "I_D": "0", "created_user": null, "created_date": null, "last_edited_user": null, "last_edited_date": null}, "geometry": {"type": "Point", "coordinates": [31.567741971171184, 30.26709686103519, 0.0]}}, {"type": "Feature", "properties": {"Description": null, "Telecom_Feature_Type": "كونيكتور", "Easting": "031° 33' 58.96\" E", "Northing": "30° 16' 2.12\" N", "ID": "0", "GlobalID": "{4B69934E-C887-4B97-BAC9-02AD8D4A5AAF}", "القطاع": "القطاع الثاني", "المسافة_بين_الكبنة_والبوكس": "0", "I_D": "0", "created_user": null, "created_date": null, "last_edited_user": null, "last_edited_date": null}, "geometry": {"type": "Point", "coordinates": [31.568053542056973, 30.267421774098988, 0.00010000000474974513]}}, {"type": "Feature", "properties": {"Description": null, "Telecom_Feature_Type": "كونيكتور", "Easting": "031° 33' 58.06\" E", "Northing": "30° 16' 2.64\" N", "ID": "0", "GlobalID": "{7CFFD202-AC3C-4B19-9DA7-5089907AA1B3}", "القطاع": "القطاع الثاني", "المسافة_بين_الكبنة_والبوكس": "0", "I_D": "0", "created_user": null, "created_date": null, "last_edited_user": null, "last_edited_date": null}, "geometry": {"type": "Point", "coordinates": [31.567805168006114, 30.267566132091357, 0.00010000000474974513]}}, {"type": "Feature", "properties": {"Description": null, "Telecom_Feature_Type": "كونيكتور", "Easting": "031° 33' 57.66\" E", "Northing": "30° 16' 3.51\" N", "ID": "0", "GlobalID": "{1C5C974A-CFF2-4A6C-A01A-D98C5EE8D9B3}", "القطاع": "القطاع الثاني", "المسافة_بين_الكبنة_والبوكس": "0", "I_D": "0", "created_user": null, "created_date": null, "last_edited_user": null, "last_edited_date": null}, "geometry": {"type": "Point", "coordinates": [31.567695141151212, 30.26780706265978, 0.00010000000474974513]}}, {"type": "Feature", "properties": {"Description": null, "Telecom_Feature_Type": "كونيكتور", "Easting": "031° 33' 56.78\" E", "Northing": "30° 16' 4.46\" N", "ID": "0", "GlobalID": "{539FDECF-0D8D-4EA1-8F14-4E6BF1BC189E}", "القطاع": "القطاع الثاني", "المسافة_بين_الكبنة_والبوكس": "0", "I_D": "0", "created_user": null, "created_date": null, "last_edited_user": null, "last_edited_date": null}, "geometry": {"type": "Point", "coordinates": [31.56745038706773, 30.268072647153534, 0.00010000000474974513]}}, {"type": "Feature", "properties": {"Description": null, "Telecom_Feature_Type": "كونيكتور", "Easting": "031° 33' 58.54\" E", "Northing": "30° 16' 5.39\" N", "ID": "0", "GlobalID": "{DF29981E-E19B-4E32-AB87-F378CAAC0C81}", "القطاع": "القطاع الثاني", "المسافة_بين_الكبنة_والبوكس": "0", "I_D": "0", "created_user": null, "created_date": null, "last_edited_user": null, "last_edited_date": null}, "geometry": {"type": "Point", "coordinates": [31.567938147309263, 30.268330974053605, 0.0]}}, {"type": "Feature", "properties": {"Description": null, "Telecom_Feature_Type": "كونيكتور", "Easting": "031° 33' 59.51\" E", "Northing": "30° 16' 4.49\" N", "ID": "0", "GlobalID": "{F9593383-7CCE-495C-97EC-717F4FD998D3}", "القطاع": "القطاع الثاني", "المسافة_بين_الكبنة_والبوكس": "0", "I_D": "0", "created_user": null, "created_date": null, "last_edited_user": null, "last_edited_date": null}, "geometry": {"type": "Point", "coordinates": [31.56820804233284, 30.26807953745414, 0.0004000000044470653]}}, {"type": "Feature", "properties": {"Description": null, "Telecom_Feature_Type": "كونيكتور", "Easting": "031° 34' 0.46\" E", "Northing": "30° 16' 4.03\" N", "ID": "0", "GlobalID": "{8BEF6C6D-E018-4D00-9721-28F05C51EECC}", "القطاع": "القطاع الثاني", "المسافة_بين_الكبنة_والبوكس": "0", "I_D": "0", "created_user": null, "created_date": null, "last_edited_user": null, "last_edited_date": null}, "geometry": {"type": "Point", "coordinates": [31.56847034136108, 30.26795325935438, -0.00029999999969732016]}}, {"type": "Feature", "properties": {"Description": null, "Telecom_Feature_Type": "كونيكتور", "Easting": "031° 34' 0.75\" E", "Northing": "30° 16' 3.46\" N", "ID": "0", "GlobalID": "{38D5615B-3A11-4066-BBBA-A805D9D9B429}", "القطاع": "القطاع الثاني", "المسافة_بين_الكبنة_والبوكس": "0", "I_D": "0", "created_user": null, "created_date": null, "last_edited_user": null, "last_edited_date": null}, "geometry": {"type": "Point", "coordinates": [31.56855176970124, 30.26779411688063, -0.00019999999494757503]}}, {"type": "Feature", "properties": {"Description": null, "Telecom_Feature_Type": "كونيكتور", "Easting": "031° 33' 59.84\" E", "Northing": "30° 16' 6.42\" N", "ID": "0", "GlobalID": "{10F29288-2265-4802-8B70-A7467B510146}", "القطاع": "القطاع الثاني", "المسافة_بين_الكبنة_والبوكس": "0", "I_D": "0", "created_user": null, "created_date": null, "last_edited_user": null, "last_edited_date": null}, "geometry": {"type": "Point", "coordinates": [31.56830053015868, 30.268614975186757, 0.00019999999494757503]}}, {"type": "Feature", "properties": {"Description": null, "Telecom_Feature_Type": "كونيكتور", "Easting": "031° 34' 0.56\" E", "Northing": "30° 16' 5.72\" N", "ID": "0", "GlobalID": "{A7ED778B-4907-4D13-9980-806314383620}", "القطاع": "القطاع الثاني", "المسافة_بين_الكبنة_والبوكس": "0", "I_D": "0", "created_user": null, "created_date": null, "last_edited_user": null, "last_edited_date": null}, "geometry": {"type": "Point", "coordinates": [31.568499872482217, 30.26842241520604, 0.00010000000474974513]}}, {"type": "Feature", "properties": {"Description": null, "Telecom_Feature_Type": "كونيكتور", "Easting": "031° 34' 1.01\" E", "Northing": "30° 16' 4.87\" N", "ID": "0", "GlobalID": "{FEF6E262-F5C8-45D2-B511-24439949A4C4}", "القطاع": "القطاع الثاني", "المسافة_بين_الكبنة_والبوكس": "0", "I_D": "0", "created_user": null, "created_date": null, "last_edited_user": null, "last_edited_date": null}, "geometry": {"type": "Point", "coordinates": [31.568624392372005, 30.26818574646081, 0.00029999999969732016]}}, {"type": "Feature", "properties": {"Description": null, "Telecom_Feature_Type": "كونيكتور", "Easting": "031° 34' 2.5\" E", "Northing": "30° 16' 8.74\" N", "ID": "0", "GlobalID": "{04696DBF-05A6-414D-A9BC-F0174034DC3A}", "القطاع": "القطاع الثاني", "المسافة_بين_الكبنة_والبوكس": "0", "I_D": "0", "created_user": null, "created_date": null, "last_edited_user": null, "last_edited_date": null}, "geometry": {"type": "Point", "coordinates": [31.5690382121813, 30.269260745748078, 0.0]}}, {"type": "Feature", "properties": {"Description": null, "Telecom_Feature_Type": "كونيكتور", "Easting": "031° 34' 3.74\" E", "Northing": "30° 16' 7.22\" N", "ID": "0", "GlobalID": "{45D0698E-F627-4899-B8C7-0ABF0997F84A}", "القطاع": "القطاع الثاني", "المسافة_بين_الكبنة_والبوكس": "0", "I_D": "0", "created_user": null, "created_date": null, "last_edited_user": null, "last_edited_date": null}, "geometry": {"type": "Point", "coordinates": [31.569383753266095, 30.268838206307137, 0.0]}}, {"type": "Feature", "properties": {"Description": null, "Telecom_Feature_Type": "كونيكتور", "Easting": "031° 33' 44.74\" E", "Northing": "30° 15' 57.28\" N", "ID": "0", "GlobalID": "{C1DE3BAA-E180-4A6F-A196-381F688B9A5A}", "القطاع": "القطاع الثاني", "المسافة_بين_الكبنة_والبوكس": "0", "I_D": "0", "created_user": null, "created_date": null, "last_edited_user": null, "last_edited_date": null}, "geometry": {"type": "Point", "coordinates": [31.56410551714644, 30.266077136347512, 0.0]}}, {"type": "Feature", "properties": {"Description": null, "Telecom_Feature_Type": "كونيكتور", "Easting": "031° 34' 1.88\" E", "Northing": "30° 16' 4.36\" N", "ID": "0", "GlobalID": "{9935B594-FB66-4545-948A-9959ADA7F44A}", "القطاع": "القطاع الثاني", "المسافة_بين_الكبنة_والبوكس": "0", "I_D": "0", "created_user": null, "created_date": null, "last_edited_user": null, "last_edited_date": null}, "geometry": {"type": "Point", "coordinates": [31.568865129127, 30.26804490284267, 0.0]}}, {"type": "Feature", "properties": {"Description": null, "Telecom_Feature_Type": "كونيكتور", "Easting": "031° 34' 3.87\" E", "Northing": "30° 16' 5.6\" N", "ID": "0", "GlobalID": "{06CB58EC-D305-4EF7-A0B0-ED917EADC612}", "القطاع": "القطاع الثاني", "المسافة_بين_الكبنة_والبوكس": "0", "I_D": "0", "created_user": null, "created_date": null, "last_edited_user": null, "last_edited_date": null}, "geometry": {"type": "Point", "coordinates": [31.569418628899978, 30.268389125725726, 0.00019999999494757503]}}, {"type": "Feature", "properties": {"Description": null, "Telecom_Feature_Type": "كونيكتور", "Easting": "031° 34' 3.33\" E", "Northing": "30° 16' 6.41\" N", "ID": "0", "GlobalID": "{2D122F7A-52CB-4F49-B719-F7BC19512734}", "القطاع": "القطاع الثاني", "المسافة_بين_الكبنة_والبوكس": "0", "I_D": "0", "created_user": null, "created_date": null, "last_edited_user": null, "last_edited_date": null}, "geometry": {"type": "Point", "coordinates": [31.5692694370747, 30.268612306691686, 0.00019999999494757503]}}, {"type": "Feature", "properties": {"Description": null, "Telecom_Feature_Type": "كونيكتور", "Easting": "031° 34' 2.07\" E", "Northing": "30° 16' 6.98\" N", "ID": "0", "GlobalID": "{AAA82883-1D3E-499D-B899-56A7B0BE8E57}", "القطاع": "القطاع الثاني", "المسافة_بين_الكبنة_والبوكس": "0", "I_D": "0", "created_user": null, "created_date": null, "last_edited_user": null, "last_edited_date": null}, "geometry": {"type": "Point", "coordinates": [31.568919532460395, 30.26877146707471, 0.00019999999494757503]}}, {"type": "Feature", "properties": {"Description": null, "Telecom_Feature_Type": "كونيكتور", "Easting": "031° 34' 1.05\" E", "Northing": "30° 16' 7.83\" N", "ID": "0", "GlobalID": "{2B7F2D9E-95DE-4899-AA47-03B6F820EA8A}", "القطاع": "القطاع الثاني", "المسافة_بين_الكبنة_والبوكس": "0", "I_D": "0", "created_user": null, "created_date": null, "last_edited_user": null, "last_edited_date": null}, "geometry": {"type": "Point", "coordinates": [31.5686363285802, 30.269009055107443, 0.00010000000474974513]}}, {"type": "Feature", "properties": {"Description": null, "Telecom_Feature_Type": "كونيكتور", "Easting": "031° 34' 7.32\" E", "Northing": "30° 16' 9.31\" N", "ID": "0", "GlobalID": "{8E7F3A8E-4A92-481D-BE56-54E0C94EFB9E}", "القطاع": "القطاع الثاني", "المسافة_بين_الكبنة_والبوكس": "0", "I_D": "0", "created_user": null, "created_date": null, "last_edited_user": null, "last_edited_date": null}, "geometry": {"type": "Point", "coordinates": [31.570378129920286, 30.26942026444095, 0.0]}}, {"type": "Feature", "properties": {"Description": null, "Telecom_Feature_Type": "كونيكتور", "Easting": "031° 34' 6.4\" E", "Northing": "30° 16' 9.74\" N", "ID": "0", "GlobalID": "{9FFF2A2A-F21C-4937-83FE-F199CFA7ED05}", "القطاع": "القطاع الثاني", "المسافة_بين_الكبنة_والبوكس": "0", "I_D": "0", "created_user": null, "created_date": null, "last_edited_user": null, "last_edited_date": null}, "geometry": {"type": "Point", "coordinates": [31.570120229988632, 30.26953815445456, 0.0]}}, {"type": "Feature", "properties": {"Description": null, "Telecom_Feature_Type": "كونيكتور", "Easting": "031° 34' 5.86\" E", "Northing": "30° 16' 10.55\" N", "ID": "0", "GlobalID": "{17D6CD03-0B93-499D-B18F-EBD8B1D11B8A}", "القطاع": "القطاع الثاني", "المسافة_بين_الكبنة_والبوكس": "0", "I_D": "0", "created_user": null, "created_date": null, "last_edited_user": null, "last_edited_date": null}, "geometry": {"type": "Point", "coordinates": [31.56997095067369, 30.26976384063565, 0.00029999999969732016]}}, {"type": "Feature", "properties": {"Description": null, "Telecom_Feature_Type": "كونيكتور", "Easting": "031° 34' 5.04\" E", "Northing": "30° 16' 11.17\" N", "ID": "0", "GlobalID": "{605F74E1-9ED0-4AA5-9FAD-0CB5352C1FD9}", "القطاع": "القطاع الثاني", "المسافة_بين_الكبنة_والبوكس": "0", "I_D": "0", "created_user": null, "created_date": null, "last_edited_user": null, "last_edited_date": null}, "geometry": {"type": "Point", "coordinates": [31.56974242896585, 30.269935419054438, 0.00019999999494757503]}}, {"type": "Feature", "properties": {"Description": null, "Telecom_Feature_Type": "كونيكتور", "Easting": "031° 34' 3.65\" E", "Northing": "30° 16' 10.21\" N", "ID": "0", "GlobalID": "{4C3F4BE6-3BDF-437C-AB58-BADD87836D46}", "القطاع": "القطاع الثاني", "المسافة_بين_الكبنة_والبوكس": "0", "I_D": "0", "created_user": null, "created_date": null, "last_edited_user": null, "last_edited_date": null}, "geometry": {"type": "Point", "coordinates": [31.569357699060657, 30.269669076439595, 0.00010000000474974513]}}, {"type": "Feature", "properties": {"Description": null, "Telecom_Feature_Type": "كونيكتور", "Easting": "031° 34' 4.73\" E", "Northing": "30° 16' 9.42\" N", "ID": "0", "GlobalID": "{9F34FD54-9762-444C-8031-FD9161DB0322}", "القطاع": "القطاع الثاني", "المسافة_بين_الكبنة_والبوكس": "0", "I_D": "0", "created_user": null, "created_date": null, "last_edited_user": null, "last_edited_date": null}, "geometry": {"type": "Point", "coordinates": [31.56965640871278, 30.269448536701013, 0.00019999999494757503]}}, {"type": "Feature", "properties": {"Description": null, "Telecom_Feature_Type": "كونيكتور", "Easting": "031° 34' 5.72\" E", "Northing": "30° 16' 9.06\" N", "ID": "0", "GlobalID": "{B9AD9223-B8E4-46EB-8022-34B702EC7422}", "القطاع": "القطاع الثاني", "المسافة_بين_الكبنة_والبوكس": "0", "I_D": "0", "created_user": null, "created_date": null, "last_edited_user": null, "last_edited_date": null}, "geometry": {"type": "Point", "coordinates": [31.569933965825445, 30.269349230870876, 0.00019999999494757503]}}, {"type": "Feature", "properties": {"Description": null, "Telecom_Feature_Type": "كونيكتور", "Easting": "031° 34' 9.32\" E", "Northing": "30° 16' 11.97\" N", "ID": "0", "GlobalID": "{E13FD020-14DC-4E7D-A5B4-EABC9205ACAA}", "القطاع": "القطاع الثاني", "المسافة_بين_الكبنة_والبوكس": "0", "I_D": "0", "created_user": null, "created_date": null, "last_edited_user": null, "last_edited_date": null}, "geometry": {"type": "Point", "coordinates": [31.570932124837327, 30.270158183602412, 0.0]}}, {"type": "Feature", "properties": {"Description": null, "Telecom_Feature_Type": "كونيكتور", "Easting": "031° 34' 8.36\" E", "Northing": "30° 16' 12.31\" N", "ID": "0", "GlobalID": "{3FF484DC-1756-442B-BE64-7525E71EFF26}", "القطاع": "القطاع الثاني", "المسافة_بين_الكبنة_والبوكس": "0", "I_D": "0", "created_user": null, "created_date": null, "last_edited_user": null, "last_edited_date": null}, "geometry": {"type": "Point", "coordinates": [31.57066586994143, 30.270251342749855, -0.00010000000474974513]}}, {"type": "Feature", "properties": {"Description": null, "Telecom_Feature_Type": "كونيكتور", "Easting": "031° 34' 7.28\" E", "Northing": "30° 16' 12.36\" N", "ID": "0", "GlobalID": "{67A2E0E2-78A2-4B1F-8BB9-23939B6344A7}", "القطاع": "القطاع الثاني", "المسافة_بين_الكبنة_والبوكس": "0", "I_D": "0", "created_user": null, "created_date": null, "last_edited_user": null, "last_edited_date": null}, "geometry": {"type": "Point", "coordinates": [31.570365222225046, 30.270267040016847, -0.00010000000474974513]}}, {"type": "Feature", "properties": {"Description": null, "Telecom_Feature_Type": "كونيكتور", "Easting": "031° 34' 5.96\" E", "Northing": "30° 16' 12.83\" N", "ID": "0", "GlobalID": "{D18A6CD7-FA7B-4EAB-8735-F0A5EBA7702E}", "القطاع": "القطاع الثاني", "المسافة_بين_الكبنة_والبوكس": "0", "I_D": "0", "created_user": null, "created_date": null, "last_edited_user": null, "last_edited_date": null}, "geometry": {"type": "Point", "coordinates": [31.570000480100443, 30.27039600334897, 0.0]}}, {"type": "Feature", "properties": {"Description": null, "Telecom_Feature_Type": "كونيكتور", "Easting": "031° 33' 47.06\" E", "Northing": "30° 16' 2.71\" N", "ID": "0", "GlobalID": "{311B2DE2-49E2-4548-8D82-CB95E6185A03}", "القطاع": "القطاع الثاني", "المسافة_بين_الكبنة_والبوكس": "0", "I_D": "0", "created_user": null, "created_date": null, "last_edited_user": null, "last_edited_date": null}, "geometry": {"type": "Point", "coordinates": [31.56474861991458, 30.26758445076694, 0.0008999999990919605]}}, {"type": "Feature", "properties": {"Description": null, "Telecom_Feature_Type": "كونيكتور", "Easting": "031° 33' 47.8\" E", "Northing": "30° 16' 1.65\" N", "ID": "0", "GlobalID": "{840AE496-7A24-4562-BDF5-E984CEC68D65}", "القطاع": "القطاع الثاني", "المسافة_بين_الكبنة_والبوكس": "0", "I_D": "0", "created_user": null, "created_date": null, "last_edited_user": null, "last_edited_date": null}, "geometry": {"type": "Point", "coordinates": [31.564956142340485, 30.267291223053267, -100.00100000000384]}}, {"type": "Feature", "properties": {"Description": null, "Telecom_Feature_Type": "كونيكتور", "Easting": "031° 33' 46.88\" E", "Northing": "30° 16' 3.65\" N", "ID": "0", "GlobalID": "{CB2A3E6A-1070-4C31-B5B1-E1A6632E3FC7}", "القطاع": "القطاع الثاني", "المسافة_بين_الكبنة_والبوكس": "0", "I_D": "0", "created_user": null, "created_date": null, "last_edited_user": null, "last_edited_date": null}, "geometry": {"type": "Point", "coordinates": [31.564700639939414, 30.267846870453944, -100.00040000000445]}}, {"type": "Feature", "properties": {"Description": null, "Telecom_Feature_Type": "كونيكتور", "Easting": "031° 33' 47.16\" E", "Northing": "30° 16' 4.67\" N", "ID": "0", "GlobalID": "{A37643D7-DDD4-48BC-8428-BA209D6E3773}", "القطاع": "القطاع الثاني", "المسافة_بين_الكبنة_والبوكس": "0", "I_D": "0", "created_user": null, "created_date": null, "last_edited_user": null, "last_edited_date": null}, "geometry": {"type": "Point", "coordinates": [31.564777883907173, 30.26813144888847, 0.0]}}, {"type": "Feature", "properties": {"Description": null, "Telecom_Feature_Type": "كونيكتور", "Easting": "031° 33' 50.17\" E", "Northing": "30° 16' 4.41\" N", "ID": "0", "GlobalID": "{64BC369B-9A5A-4EFD-ABA6-2DCBF9C2602C}", "القطاع": "القطاع الثاني", "المسافة_بين_الكبنة_والبوكس": "0", "I_D": "0", "created_user": null, "created_date": null, "last_edited_user": null, "last_edited_date": null}, "geometry": {"type": "Point", "coordinates": [31.565613138113605, 30.268058224840267, -100.00079999999434]}}, {"type": "Feature", "properties": {"Description": null, "Telecom_Feature_Type": "كونيكتور", "Easting": "031° 33' 49.92\" E", "Northing": "30° 16' 5.34\" N", "ID": "0", "GlobalID": "{045EE600-3376-4EBD-A1C1-021239CA2063}", "القطاع": "القطاع الثاني", "المسافة_بين_الكبنة_والبوكس": "0", "I_D": "0", "created_user": null, "created_date": null, "last_edited_user": null, "last_edited_date": null}, "geometry": {"type": "Point", "coordinates": [31.565542781748576, 30.268317256154734, -100.00040000000445]}}, {"type": "Feature", "properties": {"Description": null, "Telecom_Feature_Type": "كونيكتور", "Easting": "031° 33' 49.42\" E", "Northing": "30° 16' 5.99\" N", "ID": "0", "GlobalID": "{98D3DEFB-EB30-4163-B82E-78D31289BE4A}", "القطاع": "القطاع الثاني", "المسافة_بين_الكبنة_والبوكس": "0", "I_D": "0", "created_user": null, "created_date": null, "last_edited_user": null, "last_edited_date": null}, "geometry": {"type": "Point", "coordinates": [31.56540351274694, 30.268497846349117, 0.0]}}, {"type": "Feature", "properties": {"Description": null, "Telecom_Feature_Type": "كونيكتور", "Easting": "031° 33' 52.33\" E", "Northing": "30° 16' 7.79\" N", "ID": "0", "GlobalID": "{92E3A35A-0513-4B1F-8877-6DA0185D3317}", "القطاع": "القطاع الثاني", "المسافة_بين_الكبنة_والبوكس": "0", "I_D": "0", "created_user": null, "created_date": null, "last_edited_user": null, "last_edited_date": null}, "geometry": {"type": "Point", "coordinates": [31.5662141922989, 30.268997108677667, 0.0]}}, {"type": "Feature", "properties": {"Description": null, "Telecom_Feature_Type": "كونيكتور", "Easting": "031° 33' 52.86\" E", "Northing": "30° 16' 7.14\" N", "ID": "0", "GlobalID": "{73CE53FE-5E60-4443-AD23-E878E213CE49}", "القطاع": "القطاع الثاني", "المسافة_بين_الكبنة_والبوكس": "0", "I_D": "0", "created_user": null, "created_date": null, "last_edited_user": null, "last_edited_date": null}, "geometry": {"type": "Point", "coordinates": [31.566359547768716, 30.26881674518839, 0.0]}}, {"type": "Feature", "properties": {"Description": null, "Telecom_Feature_Type": "كونيكتور", "Easting": "031° 33' 53.16\" E", "Northing": "30° 16' 6.23\" N", "ID": "0", "GlobalID": "{D00017BA-58DD-4DE1-BE12-E34EB043AAE6}", "القطاع": "القطاع الثاني", "المسافة_بين_الكبنة_والبوكس": "0", "I_D": "0", "created_user": null, "created_date": null, "last_edited_user": null, "last_edited_date": null}, "geometry": {"type": "Point", "coordinates": [31.56644508361933, 30.26856311264482, -54.79009999999835]}}, {"type": "Feature", "properties": {"Description": null, "Telecom_Feature_Type": "كونيكتور", "Easting": "031° 33' 55.17\" E", "Northing": "30° 16' 6.38\" N", "ID": "0", "GlobalID": "{127324B4-0CF7-4CD6-AE65-6EAB27775457}", "القطاع": "القطاع الثاني", "المسافة_بين_الكبنة_والبوكس": "0", "I_D": "0", "created_user": null, "created_date": null, "last_edited_user": null, "last_edited_date": null}, "geometry": {"type": "Point", "coordinates": [31.567001993518385, 30.268604779919375, 0.0]}}, {"type": "Feature", "properties": {"Description": null, "Telecom_Feature_Type": "كونيكتور", "Easting": "031° 33' 54.31\" E", "Northing": "30° 16' 7.36\" N", "ID": "0", "GlobalID": "{AC608791-4766-4E7F-8880-E4D1E904DA89}", "القطاع": "القطاع الثاني", "المسافة_بين_الكبنة_والبوكس": "0", "I_D": "0", "created_user": null, "created_date": null, "last_edited_user": null, "last_edited_date": null}, "geometry": {"type": "Point", "coordinates": [31.566764343795683, 30.26887725019245, 0.0]}}, {"type": "Feature", "properties": {"Description": null, "Telecom_Feature_Type": "كونيكتور", "Easting": "031° 33' 53.37\" E", "Northing": "30° 16' 7.85\" N", "ID": "0", "GlobalID": "{C1B87362-401B-4CD9-B6E6-76622510FD14}", "القطاع": "القطاع الثاني", "المسافة_بين_الكبنة_والبوكس": "0", "I_D": "0", "created_user": null, "created_date": null, "last_edited_user": null, "last_edited_date": null}, "geometry": {"type": "Point", "coordinates": [31.56650190533691, 30.269013010421542, 1.0111000000033528]}}, {"type": "Feature", "properties": {"Description": null, "Telecom_Feature_Type": "كونيكتور", "Easting": "031° 33' 53.03\" E", "Northing": "30° 16' 8.24\" N", "ID": "0", "GlobalID": "{6FB65CB6-5130-4188-8058-434DC2C4DDCE}", "القطاع": "القطاع الثاني", "المسافة_بين_الكبنة_والبوكس": "0", "I_D": "0", "created_user": null, "created_date": null, "last_edited_user": null, "last_edited_date": null}, "geometry": {"type": "Point", "coordinates": [31.56640854091223, 30.26912182679585, 0.0]}}, {"type": "Feature", "properties": {"Description": null, "Telecom_Feature_Type": "كونيكتور", "Easting": "031° 33' 50.14\" E", "Northing": "30° 16' 6.43\" N", "ID": "0", "GlobalID": "{E7A66BE2-70F2-4B8E-BAF5-233C699FA19D}", "القطاع": "القطاع الثاني", "المسافة_بين_الكبنة_والبوكس": "0", "I_D": "0", "created_user": null, "created_date": null, "last_edited_user": null, "last_edited_date": null}, "geometry": {"type": "Point", "coordinates": [31.565603545442414, 30.268618492810326, 0.0]}}, {"type": "Feature", "properties": {"Description": null, "Telecom_Feature_Type": "كونيكتور", "Easting": "031° 33' 58.31\" E", "Northing": "30° 16' 8.2\" N", "ID": "0", "GlobalID": "{32D9839F-7360-4251-847B-76D323361F1D}", "القطاع": "القطاع الثاني", "المسافة_بين_الكبنة_والبوكس": "0", "I_D": "0", "created_user": null, "created_date": null, "last_edited_user": null, "last_edited_date": null}, "geometry": {"type": "Point", "coordinates": [31.567875134639962, 30.269110410532015, -245.9756999999954]}}, {"type": "Feature", "properties": {"Description": null, "Telecom_Feature_Type": "كونيكتور", "Easting": "031° 33' 57.4\" E", "Northing": "30° 16' 9.14\" N", "ID": "0", "GlobalID": "{E298DB2F-0F1E-4A62-960A-8FE79268AE39}", "القطاع": "القطاع الثاني", "المسافة_بين_الكبنة_والبوكس": "0", "I_D": "0", "created_user": null, "created_date": null, "last_edited_user": null, "last_edited_date": null}, "geometry": {"type": "Point", "coordinates": [31.567620406138698, 30.269371725051975, -208.32769999999437]}}, {"type": "Feature", "properties": {"Description": null, "Telecom_Feature_Type": "كونيكتور", "Easting": "031° 33' 58.78\" E", "Northing": "30° 16' 10.33\" N", "ID": "0", "GlobalID": "{D9057FF6-DCB4-4C82-95B7-37DC698CA8A9}", "القطاع": "القطاع الثاني", "المسافة_بين_الكبنة_والبوكس": "0", "I_D": "0", "created_user": null, "created_date": null, "last_edited_user": null, "last_edited_date": null}, "geometry": {"type": "Point", "coordinates": [31.56800444175576, 30.26970105980109, -190.1658000000025]}}, {"type": "Feature", "properties": {"Description": null, "Telecom_Feature_Type": "كونيكتور", "Easting": "031° 33' 58.87\" E", "Northing": "30° 16' 12.48\" N", "ID": "0", "GlobalID": "{A67807C7-4A26-4EFD-8EEE-6DDEDA9708BA}", "القطاع": "القطاع الثاني", "المسافة_بين_الكبنة_والبوكس": "0", "I_D": "0", "created_user": null, "created_date": null, "last_edited_user": null, "last_edited_date": null}, "geometry": {"type": "Point", "coordinates": [31.56802994004625, 30.270300767440883, 0.0]}}, {"type": "Feature", "properties": {"Description": null, "Telecom_Feature_Type": "كونيكتور", "Easting": "031° 33' 55.2\" E", "Northing": "30° 16' 10.6\" N", "ID": "0", "GlobalID": "{6F96DAC0-C0E5-4047-894D-11FB2F1D1145}", "القطاع": "القطاع الثاني", "المسافة_بين_الكبنة_والبوكس": "0", "I_D": "0", "created_user": null, "created_date": null, "last_edited_user": null, "last_edited_date": null}, "geometry": {"type": "Point", "coordinates": [31.567009776299223, 30.269777841768473, 0.0]}}, {"type": "Feature", "properties": {"Description": null, "Telecom_Feature_Type": "كونيكتور", "Easting": "031° 33' 51.89\" E", "Northing": "30° 16' 8.34\" N", "ID": "0", "GlobalID": "{A9A6D037-8351-409E-A803-A32A5DFE3432}", "القطاع": "القطاع الثاني", "المسافة_بين_الكبنة_والبوكس": "0", "I_D": "0", "created_user": null, "created_date": null, "last_edited_user": null, "last_edited_date": null}, "geometry": {"type": "Point", "coordinates": [31.566090468134693, 30.269148744155334, 0.0]}}, {"type": "Feature", "properties": {"Description": null, "Telecom_Feature_Type": "كونيكتور", "Easting": "031° 33' 46.52\" E", "Northing": "30° 16' 6.0\" N", "ID": "0", "GlobalID": "{71716A60-C3C8-456C-B137-578A42859A7B}", "القطاع": "القطاع الثاني", "المسافة_بين_الكبنة_والبوكس": "0", "I_D": "0", "created_user": null, "created_date": null, "last_edited_user": null, "last_edited_date": null}, "geometry": {"type": "Point", "coordinates": [31.564599165290808, 30.268499089559267, -103.5685999999987]}}, {"type": "Feature", "properties": {"Description": null, "Telecom_Feature_Type": "كونيكتور", "Easting": "031° 33' 45.78\" E", "Northing": "30° 16' 7.05\" N", "ID": "0", "GlobalID": "{BD2DD748-1484-43E2-82C7-E37208BD8D3D}", "القطاع": "القطاع الثاني", "المسافة_بين_الكبنة_والبوكس": "0", "I_D": "0", "created_user": null, "created_date": null, "last_edited_user": null, "last_edited_date": null}, "geometry": {"type": "Point", "coordinates": [31.564392995755952, 30.268790750956434, -39.065300000002026]}}, {"type": "Feature", "properties": {"Description": null, "Telecom_Feature_Type": "كونيكتور", "Easting": "031° 33' 44.84\" E", "Northing": "30° 16' 4.35\" N", "ID": "0", "GlobalID": "{A40B2AD0-F00D-4D32-93BF-2C1CD7A317E9}", "القطاع": "القطاع الثاني", "المسافة_بين_الكبنة_والبوكس": "0", "I_D": "0", "created_user": null, "created_date": null, "last_edited_user": null, "last_edited_date": null}, "geometry": {"type": "Point", "coordinates": [31.564132966127598, 30.268040253416746, 100.00109999999404]}}, {"type": "Feature", "properties": {"Description": null, "Telecom_Feature_Type": "كونيكتور", "Easting": "031° 33' 42.98\" E", "Northing": "30° 16' 4.18\" N", "ID": "0", "GlobalID": "{47E3BE59-737E-493E-972B-33DFCCCBB108}", "القطاع": "القطاع الثاني", "المسافة_بين_الكبنة_والبوكس": "0", "I_D": "0", "created_user": null, "created_date": null, "last_edited_user": null, "last_edited_date": null}, "geometry": {"type": "Point", "coordinates": [31.56361698898423, 30.26799436355616, 0.0]}}, {"type": "Feature", "properties": {"Description": null, "Telecom_Feature_Type": "كونيكتور", "Easting": "031° 33' 43.93\" E", "Northing": "30° 16' 9.67\" N", "ID": "0", "GlobalID": "{8BF612DD-3CA7-4287-AF77-1B3FE3E289C8}", "القطاع": "القطاع الثاني", "المسافة_بين_الكبنة_والبوكس": "0", "I_D": "0", "created_user": null, "created_date": null, "last_edited_user": null, "last_edited_date": null}, "geometry": {"type": "Point", "coordinates": [31.56387892699094, 30.26951935217029, 0.0]}}, {"type": "Feature", "properties": {"Description": null, "Telecom_Feature_Type": "كونيكتور", "Easting": "031° 33' 44.87\" E", "Northing": "30° 16' 10.75\" N", "ID": "0", "GlobalID": "{C7EF482B-B24A-4B71-BEAA-1B1964894286}", "القطاع": "القطاع الثاني", "المسافة_بين_الكبنة_والبوكس": "0", "I_D": "0", "created_user": null, "created_date": null, "last_edited_user": null, "last_edited_date": null}, "geometry": {"type": "Point", "coordinates": [31.56414204994238, 30.26981788057427, 0.0]}}, {"type": "Feature", "properties": {"Description": null, "Telecom_Feature_Type": "كونيكتور", "Easting": "031° 33' 43.88\" E", "Northing": "30° 16' 42.79\" N", "ID": "0", "GlobalID": "{61318B62-1DA2-413F-83F0-597E592F14E8}", "القطاع": "القطاع الثالث", "المسافة_بين_الكبنة_والبوكس": "0", "I_D": "0", "created_user": null, "created_date": null, "last_edited_user": null, "last_edited_date": null}, "geometry": {"type": "Point", "coordinates": [31.563865222940414, 30.278718466864245, 0.0]}}, {"type": "Feature", "properties": {"Description": null, "Telecom_Feature_Type": "كونيكتور", "Easting": "031° 33' 46.63\" E", "Northing": "30° 16' 40.45\" N", "ID": "0", "GlobalID": "{4B4075D5-B997-4CB7-95C0-F6D8E61337B1}", "القطاع": "القطاع الثالث", "المسافة_بين_الكبنة_والبوكس": "0", "I_D": "0", "created_user": null, "created_date": null, "last_edited_user": null, "last_edited_date": null}, "geometry": {"type": "Point", "coordinates": [31.56462853782891, 30.27807022889276, 0.0]}}, {"type": "Feature", "properties": {"Description": null, "Telecom_Feature_Type": "كونيكتور", "Easting": "031° 33' 49.16\" E", "Northing": "30° 16' 40.14\" N", "ID": "0", "GlobalID": "{25E36F74-9ECB-411D-9868-DEFA7F5078C3}", "القطاع": "القطاع الثالث", "المسافة_بين_الكبنة_والبوكس": "0", "I_D": "0", "created_user": null, "created_date": null, "last_edited_user": null, "last_edited_date": null}, "geometry": {"type": "Point", "coordinates": [31.565333498791787, 30.2779835270515, -0.0005999999993946403]}}, {"type": "Feature", "properties": {"Description": null, "Telecom_Feature_Type": "كونيكتور", "Easting": "031° 33' 58.03\" E", "Northing": "30° 16' 13.3\" N", "ID": "0", "GlobalID": "{044AEFB2-6C80-4D1C-87B3-A5061DC7A74A}", "القطاع": "القطاع الثاني", "المسافة_بين_الكبنة_والبوكس": "0", "I_D": "0", "created_user": null, "created_date": null, "last_edited_user": null, "last_edited_date": null}, "geometry": {"type": "Point", "coordinates": [31.567795349736304, 30.270526404795543, 0.0]}}, {"type": "Feature", "properties": {"Description": null, "Telecom_Feature_Type": "كونيكتور", "Easting": "031° 33' 57.07\" E", "Northing": "30° 16' 14.21\" N", "ID": "0", "GlobalID": "{D9A23421-5AB8-4F6F-A19B-F9644F8D3065}", "القطاع": "القطاع الثاني", "المسافة_بين_الكبنة_والبوكس": "0", "I_D": "0", "created_user": null, "created_date": null, "last_edited_user": null, "last_edited_date": null}, "geometry": {"type": "Point", "coordinates": [31.567530777528717, 30.270780124554758, -100.00040000000445]}}, {"type": "Feature", "properties": {"Description": null, "Telecom_Feature_Type": "كونيكتور", "Easting": "031° 33' 49.71\" E", "Northing": "30° 16' 14.02\" N", "ID": "0", "GlobalID": "{A3BB878E-AA32-4C56-9A4E-62A0EBF44425}", "القطاع": "القطاع الثاني", "المسافة_بين_الكبنة_والبوكس": "0", "I_D": "0", "created_user": null, "created_date": null, "last_edited_user": null, "last_edited_date": null}, "geometry": {"type": "Point", "coordinates": [31.56548577773346, 30.270728462944547, 0.0]}}, {"type": "Feature", "properties": {"Description": null, "Telecom_Feature_Type": "كونيكتور", "Easting": "031° 33' 51.17\" E", "Northing": "30° 16' 14.59\" N", "ID": "0", "GlobalID": "{EAFD7628-F9F3-42DF-A740-20727CE4F089}", "القطاع": "القطاع الثاني", "المسافة_بين_الكبنة_والبوكس": "0", "I_D": "0", "created_user": null, "created_date": null, "last_edited_user": null, "last_edited_date": null}, "geometry": {"type": "Point", "coordinates": [31.56588960714906, 30.270887099064918, 0.0]}}, {"type": "Feature", "properties": {"Description": null, "Telecom_Feature_Type": "كونيكتور", "Easting": "031° 33' 52.3\" E", "Northing": "30° 16' 16.15\" N", "ID": "0", "GlobalID": "{04C4AB7B-655B-4174-A774-B501D9819E41}", "القطاع": "القطاع الثاني", "المسافة_بين_الكبنة_والبوكس": "0", "I_D": "0", "created_user": null, "created_date": null, "last_edited_user": null, "last_edited_date": null}, "geometry": {"type": "Point", "coordinates": [31.56620503015481, 30.27131806738074, 0.0]}}, {"type": "Feature", "properties": {"Description": null, "Telecom_Feature_Type": "كونيكتور", "Easting": "031° 33' 53.52\" E", "Northing": "30° 16' 17.25\" N", "ID": "0", "GlobalID": "{C5C0FF54-609A-47F3-AC9F-62BEBDB44C6E}", "القطاع": "القطاع الثاني", "المسافة_بين_الكبنة_والبوكس": "0", "I_D": "0", "created_user": null, "created_date": null, "last_edited_user": null, "last_edited_date": null}, "geometry": {"type": "Point", "coordinates": [31.566544951086758, 30.271624032097677, 0.0]}}, {"type": "Feature", "properties": {"Description": null, "Telecom_Feature_Type": "كونيكتور", "Easting": "031° 33' 54.94\" E", "Northing": "30° 16' 18.53\" N", "ID": "0", "GlobalID": "{A132F55F-5AB9-46E0-A225-CE7F0A4D78C9}", "القطاع": "القطاع الثاني", "المسافة_بين_الكبنة_والبوكس": "0", "I_D": "0", "created_user": null, "created_date": null, "last_edited_user": null, "last_edited_date": null}, "geometry": {"type": "Point", "coordinates": [31.56693832636433, 30.271981065849335, 0.0]}}, {"type": "Feature", "properties": {"Description": null, "Telecom_Feature_Type": "كونيكتور", "Easting": "031° 34' 3.42\" E", "Northing": "30° 16' 20.48\" N", "ID": "0", "GlobalID": "{8EE7FE0C-6DC5-4031-969E-376541CBDB18}", "القطاع": "القطاع الثاني", "المسافة_بين_الكبنة_والبوكس": "0", "I_D": "0", "created_user": null, "created_date": null, "last_edited_user": null, "last_edited_date": null}, "geometry": {"type": "Point", "coordinates": [31.569293992845747, 30.272521821616802, -100.00040000000445]}}, {"type": "Feature", "properties": {"Description": null, "Telecom_Feature_Type": "كونيكتور", "Easting": "031° 34' 4.77\" E", "Northing": "30° 16' 20.88\" N", "ID": "0", "GlobalID": "{D52206C4-A64A-41E7-B0C7-F8DB9B53D848}", "القطاع": "القطاع الثاني", "المسافة_بين_الكبنة_والبوكس": "0", "I_D": "0", "created_user": null, "created_date": null, "last_edited_user": null, "last_edited_date": null}, "geometry": {"type": "Point", "coordinates": [31.569668786239554, 30.272632811484208, -100.00100000000384]}}, {"type": "Feature", "properties": {"Description": null, "Telecom_Feature_Type": "كونيكتور", "Easting": "031° 34' 3.2\" E", "Northing": "30° 16' 17.28\" N", "ID": "0", "GlobalID": "{66A7EA09-CDD0-4811-97CA-ADBD8E34B27D}", "القطاع": "القطاع الثاني", "المسافة_بين_الكبنة_والبوكس": "0", "I_D": "0", "created_user": null, "created_date": null, "last_edited_user": null, "last_edited_date": null}, "geometry": {"type": "Point", "coordinates": [31.569233801620868, 30.271631715940092, 0.0]}}, {"type": "Feature", "properties": {"Description": null, "Telecom_Feature_Type": "كونيكتور", "Easting": "031° 34' 3.22\" E", "Northing": "30° 16' 18.83\" N", "ID": "0", "GlobalID": "{38903D1C-40DD-4983-BDDB-FF1FB9199328}", "القطاع": "القطاع الثاني", "المسافة_بين_الكبنة_والبوكس": "0", "I_D": "0", "created_user": null, "created_date": null, "last_edited_user": null, "last_edited_date": null}, "geometry": {"type": "Point", "coordinates": [31.5692369056277, 30.272062617615152, 0.0]}}, {"type": "Feature", "properties": {"Description": null, "Telecom_Feature_Type": "كونيكتور", "Easting": "031° 34' 6.95\" E", "Northing": "30° 16' 14.11\" N", "ID": "0", "GlobalID": "{68CD84BC-2201-4DE2-8E96-2FF314714DCC}", "القطاع": "القطاع الثاني", "المسافة_بين_الكبنة_والبوكس": "0", "I_D": "0", "created_user": null, "created_date": null, "last_edited_user": null, "last_edited_date": null}, "geometry": {"type": "Point", "coordinates": [31.57027329495391, 30.27075180646475, -0.00010000000474974513]}}, {"type": "Feature", "properties": {"Description": null, "Telecom_Feature_Type": "كونيكتور", "Easting": "031° 34' 8.27\" E", "Northing": "30° 16' 13.64\" N", "ID": "0", "GlobalID": "{028EA57F-96C9-4742-B880-5BD9F80A7D00}", "القطاع": "القطاع الثاني", "المسافة_بين_الكبنة_والبوكس": "0", "I_D": "0", "created_user": null, "created_date": null, "last_edited_user": null, "last_edited_date": null}, "geometry": {"type": "Point", "coordinates": [31.570639751778476, 30.270621236489557, -0.00010000000474974513]}}, {"type": "Feature", "properties": {"Description": null, "Telecom_Feature_Type": "كونيكتور", "Easting": "031° 34' 9.07\" E", "Northing": "30° 16' 13.01\" N", "ID": "0", "GlobalID": "{43D4BBDA-333A-434A-8DAA-A608A817271C}", "القطاع": "القطاع الثاني", "المسافة_بين_الكبنة_والبوكس": "0", "I_D": "0", "created_user": null, "created_date": null, "last_edited_user": null, "last_edited_date": null}, "geometry": {"type": "Point", "coordinates": [31.570864316456063, 30.27044809877879, -0.00010000000474974513]}}, {"type": "Feature", "properties": {"Description": null, "Telecom_Feature_Type": "كونيكتور", "Easting": "031° 34' 10.04\" E", "Northing": "30° 16' 12.66\" N", "ID": "0", "GlobalID": "{DBE5C725-D823-490C-813B-EDA166AEDDB4}", "القطاع": "القطاع الثاني", "المسافة_بين_الكبنة_والبوكس": "0", "I_D": "0", "created_user": null, "created_date": null, "last_edited_user": null, "last_edited_date": null}, "geometry": {"type": "Point", "coordinates": [31.571133510782378, 30.27034831715442, 0.0]}}, {"type": "Feature", "properties": {"Description": null, "Telecom_Feature_Type": "كونيكتور", "Easting": "031° 34' 8.4\" E", "Northing": "30° 16' 17.17\" N", "ID": "0", "GlobalID": "{CE54011F-CC34-430D-BA78-0521C5C10044}", "القطاع": "القطاع الثاني", "المسافة_بين_الكبنة_والبوكس": "0", "I_D": "0", "created_user": null, "created_date": null, "last_edited_user": null, "last_edited_date": null}, "geometry": {"type": "Point", "coordinates": [31.57067759047392, 30.271603743467082, 0.0]}}, {"type": "Feature", "properties": {"Description": null, "Telecom_Feature_Type": "كونيكتور", "Easting": "031° 34' 9.82\" E", "Northing": "30° 16' 17.11\" N", "ID": "0", "GlobalID": "{F2A9F053-85B5-432E-85BB-711BA0500211}", "القطاع": "القطاع الثاني", "المسافة_بين_الكبنة_والبوكس": "0", "I_D": "0", "created_user": null, "created_date": null, "last_edited_user": null, "last_edited_date": null}, "geometry": {"type": "Point", "coordinates": [31.571072803257938, 30.27158605873115, 0.0]}}, {"type": "Feature", "properties": {"Description": null, "Telecom_Feature_Type": "كونيكتور", "Easting": "031° 34' 10.83\" E", "Northing": "30° 16' 16.76\" N", "ID": "0", "GlobalID": "{D0F01389-1C4A-4A04-B6D1-3E87689AC8C2}", "القطاع": "القطاع الثاني", "المسافة_بين_الكبنة_والبوكس": "0", "I_D": "0", "created_user": null, "created_date": null, "last_edited_user": null, "last_edited_date": null}, "geometry": {"type": "Point", "coordinates": [31.57135287861265, 30.2714874398083, 0.0]}}, {"type": "Feature", "properties": {"Description": null, "Telecom_Feature_Type": "كونيكتور", "Easting": "031° 34' 11.01\" E", "Northing": "30° 16' 19.92\" N", "ID": "0", "GlobalID": "{3FA81C1B-FCB0-45FB-AC0B-21C4A11871E2}", "القطاع": "القطاع الثاني", "المسافة_بين_الكبنة_والبوكس": "0", "I_D": "0", "created_user": null, "created_date": null, "last_edited_user": null, "last_edited_date": null}, "geometry": {"type": "Point", "coordinates": [31.571401691831348, 30.272366944778607, 0.0]}}, {"type": "Feature", "properties": {"Description": null, "Telecom_Feature_Type": "كونيكتور", "Easting": "031° 34' 7.81\" E", "Northing": "30° 16' 20.55\" N", "ID": "0", "GlobalID": "{1D0FD640-A486-4F9B-BFE6-E7A32B98D92C}", "القطاع": "القطاع الثاني", "المسافة_بين_الكبنة_والبوكس": "0", "I_D": "0", "created_user": null, "created_date": null, "last_edited_user": null, "last_edited_date": null}, "geometry": {"type": "Point", "coordinates": [31.57051404284813, 30.27254179796594, 0.0]}}, {"type": "Feature", "properties": {"Description": null, "Telecom_Feature_Type": "كونيكتور", "Easting": "031° 34' 9.19\" E", "Northing": "30° 16' 20.84\" N", "ID": "0", "GlobalID": "{EDBDEB2D-7300-402C-BFDD-BFB80D2D799F}", "القطاع": "القطاع الثاني", "المسافة_بين_الكبنة_والبوكس": "0", "I_D": "0", "created_user": null, "created_date": null, "last_edited_user": null, "last_edited_date": null}, "geometry": {"type": "Point", "coordinates": [31.570895390992863, 30.27262308579023, 0.0]}}, {"type": "Feature", "properties": {"Description": null, "Telecom_Feature_Type": "كونيكتور", "Easting": "031° 34' 10.28\" E", "Northing": "30° 16' 20.74\" N", "ID": "0", "GlobalID": "{53966045-BE42-4258-86D0-A7DB3F3E8509}", "القطاع": "القطاع الثاني", "المسافة_بين_الكبنة_والبوكس": "0", "I_D": "0", "created_user": null, "created_date": null, "last_edited_user": null, "last_edited_date": null}, "geometry": {"type": "Point", "coordinates": [31.57120004357355, 30.272592794594868, 0.0]}}, {"type": "Feature", "properties": {"Description": null, "Telecom_Feature_Type": "كونيكتور", "Easting": "031° 34' 2.67\" E", "Northing": "30° 16' 26.22\" N", "ID": "0", "GlobalID": "{76DCE3AE-2C26-46D1-8FD2-9E9B4E276524}", "القطاع": "القطاع الثاني", "المسافة_بين_الكبنة_والبوكس": "0", "I_D": "0", "created_user": null, "created_date": null, "last_edited_user": null, "last_edited_date": null}, "geometry": {"type": "Point", "coordinates": [31.56908477202902, 30.274115644519764, 0.0]}}, {"type": "Feature", "properties": {"Description": null, "Telecom_Feature_Type": "كونيكتور", "Easting": "031° 34' 1.29\" E", "Northing": "30° 16' 24.86\" N", "ID": "0", "GlobalID": "{FC5B4C8B-9D1C-4635-831E-1B2BD5424BD8}", "القطاع": "القطاع الثاني", "المسافة_بين_الكبنة_والبوكس": "0", "I_D": "0", "created_user": null, "created_date": null, "last_edited_user": null, "last_edited_date": null}, "geometry": {"type": "Point", "coordinates": [31.56870224402822, 30.273739335261187, 0.0]}}, {"type": "Feature", "properties": {"Description": null, "Telecom_Feature_Type": "كونيكتور", "Easting": "031° 34' 0.53\" E", "Northing": "30° 16' 23.44\" N", "ID": "0", "GlobalID": "{B33D5482-49A5-44E7-8555-0A86CD5D2F89}", "القطاع": "القطاع الثاني", "المسافة_بين_الكبنة_والبوكس": "0", "I_D": "0", "created_user": null, "created_date": null, "last_edited_user": null, "last_edited_date": null}, "geometry": {"type": "Point", "coordinates": [31.56849096955545, 30.27334390073442, 0.0]}}, {"type": "Feature", "properties": {"Description": null, "Telecom_Feature_Type": "كونيكتور", "Easting": "031° 34' 1.6\" E", "Northing": "30° 16' 22.64\" N", "ID": "0", "GlobalID": "{64BE5B5B-A8C5-48F7-A050-EC95F3C3873C}", "القطاع": "القطاع الثاني", "المسافة_بين_الكبنة_والبوكس": "0", "I_D": "0", "created_user": null, "created_date": null, "last_edited_user": null, "last_edited_date": null}, "geometry": {"type": "Point", "coordinates": [31.56878836411271, 30.273120674286425, 0.0]}}, {"type": "Feature", "properties": {"Description": null, "Telecom_Feature_Type": "كونيكتور", "Easting": "031° 34' 7.93\" E", "Northing": "30° 16' 22.94\" N", "ID": "0", "GlobalID": "{617097A0-E6F0-4A28-ABBC-102F0CB2B2AA}", "القطاع": "القطاع الثاني", "المسافة_بين_الكبنة_والبوكس": "0", "I_D": "0", "created_user": null, "created_date": null, "last_edited_user": null, "last_edited_date": null}, "geometry": {"type": "Point", "coordinates": [31.570547649992978, 30.273206400730583, 0.0]}}, {"type": "Feature", "properties": {"Description": null, "Telecom_Feature_Type": "كونيكتور", "Easting": "031° 34' 6.79\" E", "Northing": "30° 16' 22.2\" N", "ID": "0", "GlobalID": "{8D9DEAC3-44C1-4DB4-A2F0-468B11CD0FA0}", "القطاع": "القطاع الثاني", "المسافة_بين_الكبنة_والبوكس": "0", "I_D": "0", "created_user": null, "created_date": null, "last_edited_user": null, "last_edited_date": null}, "geometry": {"type": "Point", "coordinates": [31.570230925552732, 30.273000115350232, 0.0]}}, {"type": "Feature", "properties": {"Description": null, "Telecom_Feature_Type": "كونيكتور", "Easting": "031° 34' 8.54\" E", "Northing": "30° 16' 23.75\" N", "ID": "0", "GlobalID": "{5825C68C-0078-4F29-BF04-58EA9D8D542D}", "القطاع": "القطاع الثاني", "المسافة_بين_الكبنة_والبوكس": "0", "I_D": "0", "created_user": null, "created_date": null, "last_edited_user": null, "last_edited_date": null}, "geometry": {"type": "Point", "coordinates": [31.570715227730595, 30.27343025321284, 0.0]}}, {"type": "Feature", "properties": {"Description": null, "Telecom_Feature_Type": "كونيكتور", "Easting": "031° 33' 44.1\" E", "Northing": "30° 16' 14.94\" N", "ID": "0", "GlobalID": "{43DA954B-259E-492B-B091-C73C4F809C72}", "القطاع": "القطاع الاول", "المسافة_بين_الكبنة_والبوكس": "0", "I_D": "0", "created_user": null, "created_date": null, "last_edited_user": null, "last_edited_date": null}, "geometry": {"type": "Point", "coordinates": [31.563926660830287, 30.270982663219858, -399.99520000000484]}}, {"type": "Feature", "properties": {"Description": null, "Telecom_Feature_Type": "كونيكتور", "Easting": "031° 33' 45.75\" E", "Northing": "30° 16' 14.6\" N", "ID": "0", "GlobalID": "{F71E071F-4476-45D2-9831-B212CC2C1DC1}", "القطاع": "القطاع الاول", "المسافة_بين_الكبنة_والبوكس": "0", "I_D": "0", "created_user": null, "created_date": null, "last_edited_user": null, "last_edited_date": null}, "geometry": {"type": "Point", "coordinates": [31.56438491368545, 30.27088782256125, 0.0]}}, {"type": "Feature", "properties": {"Description": null, "Telecom_Feature_Type": "كونيكتور", "Easting": "031° 33' 43.46\" E", "Northing": "30° 16' 18.06\" N", "ID": "0", "GlobalID": "{F8287E26-A195-4183-9A41-06DB89C10FF3}", "القطاع": "القطاع الاول", "المسافة_بين_الكبنة_والبوكس": "0", "I_D": "0", "created_user": null, "created_date": null, "last_edited_user": null, "last_edited_date": null}, "geometry": {"type": "Point", "coordinates": [31.563748764760422, 30.2718507482468, 0.0]}}, {"type": "Feature", "properties": {"Description": null, "Telecom_Feature_Type": "كونيكتور", "Easting": "031° 33' 51.53\" E", "Northing": "30° 16' 27.59\" N", "ID": "0", "GlobalID": "{00826231-50D0-49EA-AA30-6BC94E4F78B9}", "القطاع": "القطاع الاول", "المسافة_بين_الكبنة_والبوكس": "0", "I_D": "0", "created_user": null, "created_date": null, "last_edited_user": null, "last_edited_date": null}, "geometry": {"type": "Point", "coordinates": [31.56599093802771, 30.274495768606496, 0.0]}}, {"type": "Feature", "properties": {"Description": null, "Telecom_Feature_Type": "كونيكتور", "Easting": "031° 33' 52.62\" E", "Northing": "30° 16' 25.75\" N", "ID": "0", "GlobalID": "{6B9D2E28-0608-4E8F-8ECA-5798C197E513}", "القطاع": "القطاع الاول", "المسافة_بين_الكبنة_والبوكس": "0", "I_D": "0", "created_user": null, "created_date": null, "last_edited_user": null, "last_edited_date": null}, "geometry": {"type": "Point", "coordinates": [31.56629271401986, 30.27398445774164, 0.0]}}, {"type": "Feature", "properties": {"Description": null, "Telecom_Feature_Type": "كونيكتور", "Easting": "031° 33' 51.7\" E", "Northing": "30° 16' 24.85\" N", "ID": "0", "GlobalID": "{DDC43FA2-4552-437D-B3C1-91B98281D552}", "القطاع": "القطاع الاول", "المسافة_بين_الكبنة_والبوكس": "0", "I_D": "0", "created_user": null, "created_date": null, "last_edited_user": null, "last_edited_date": null}, "geometry": {"type": "Point", "coordinates": [31.566039347761315, 30.273735131725832, 0.0]}}, {"type": "Feature", "properties": {"Description": null, "Telecom_Feature_Type": "كونيكتور", "Easting": "031° 33' 50.53\" E", "Northing": "30° 16' 23.69\" N", "ID": "0", "GlobalID": "{A4F483E3-A727-4251-97FA-839782CD57BA}", "القطاع": "القطاع الاول", "المسافة_بين_الكبنة_والبوكس": "0", "I_D": "0", "created_user": null, "created_date": null, "last_edited_user": null, "last_edited_date": null}, "geometry": {"type": "Point", "coordinates": [31.56571397436987, 30.273414946418225, 0.0]}}, {"type": "Feature", "properties": {"Description": null, "Telecom_Feature_Type": "كونيكتور", "Easting": "031° 33' 49.75\" E", "Northing": "30° 16' 38.66\" N", "ID": "0", "GlobalID": "{D37B5384-D363-4C70-9C18-478E106F6952}", "القطاع": "القطاع الثالث", "المسافة_بين_الكبنة_والبوكس": "0", "I_D": "0", "created_user": null, "created_date": null, "last_edited_user": null, "last_edited_date": null}, "geometry": {"type": "Point", "coordinates": [31.565495267492047, 30.27757178573276, -0.028800000000046566]}}, {"type": "Feature", "properties": {"Description": null, "Telecom_Feature_Type": "كونيكتور", "Easting": "031° 33' 46.91\" E", "Northing": "30° 16' 36.91\" N", "ID": "0", "GlobalID": "{8E245338-5C45-4006-BB6C-3EA391590AE1}", "القطاع": "القطاع الثالث", "المسافة_بين_الكبنة_والبوكس": "0", "I_D": "0", "created_user": null, "created_date": null, "last_edited_user": null, "last_edited_date": null}, "geometry": {"type": "Point", "coordinates": [31.564708220315552, 30.277084692491073, 0.0]}}, {"type": "Feature", "properties": {"Description": null, "Telecom_Feature_Type": "كونيكتور", "Easting": "031° 33' 47.02\" E", "Northing": "30° 16' 36.59\" N", "ID": "0", "GlobalID": "{B4F2104E-7B78-4FF1-81DA-7DA0CED51BE2}", "القطاع": "القطاع الثالث", "المسافة_بين_الكبنة_والبوكس": "0", "I_D": "0", "created_user": null, "created_date": null, "last_edited_user": null, "last_edited_date": null}, "geometry": {"type": "Point", "coordinates": [31.56473772332167, 30.27699661984926, 0.0]}}, {"type": "Feature", "properties": {"Description": null, "Telecom_Feature_Type": "كونيكتور", "Easting": "031° 33' 44.95\" E", "Northing": "30° 16' 35.36\" N", "ID": "0", "GlobalID": "{374225AE-89EC-4F0A-8F12-F654E29F2314}", "القطاع": "القطاع الثالث", "المسافة_بين_الكبنة_والبوكس": "0", "I_D": "0", "created_user": null, "created_date": null, "last_edited_user": null, "last_edited_date": null}, "geometry": {"type": "Point", "coordinates": [31.56416285470176, 30.276655027121905, -0.00019999999494757503]}}, {"type": "Feature", "properties": {"Description": null, "Telecom_Feature_Type": "كونيكتور", "Easting": "031° 33' 43.18\" E", "Northing": "30° 16' 38.79\" N", "ID": "0", "GlobalID": "{B2A6DEDD-EA9E-47F8-B32D-08CA3DD89E72}", "القطاع": "القطاع الثالث", "المسافة_بين_الكبنة_والبوكس": "0", "I_D": "0", "created_user": null, "created_date": null, "last_edited_user": null, "last_edited_date": null}, "geometry": {"type": "Point", "coordinates": [31.563670987929715, 30.277607172130935, -155.44929999999295]}}, {"type": "Feature", "properties": {"Description": null, "Telecom_Feature_Type": "كونيكتور", "Easting": "031° 33' 43.23\" E", "Northing": "30° 16' 32.45\" N", "ID": "0", "GlobalID": "{8318BA67-0709-44E3-9778-825213F7FF7A}", "القطاع": "القطاع الاول", "المسافة_بين_الكبنة_والبوكس": "0", "I_D": "0", "created_user": null, "created_date": null, "last_edited_user": null, "last_edited_date": null}, "geometry": {"type": "Point", "coordinates": [31.563685349898158, 30.275846705691503, 0.0]}}, {"type": "Feature", "properties": {"Description": null, "Telecom_Feature_Type": "كونيكتور", "Easting": "031° 33' 8.65\" E", "Northing": "30° 16' 39.19\" N", "ID": "0", "GlobalID": "{934A8D72-09E3-43EA-B5F3-CD45ED7D2B33}", "القطاع": "القطاع الثالث", "المسافة_بين_الكبنة_والبوكس": "0", "I_D": "0", "created_user": null, "created_date": null, "last_edited_user": null, "last_edited_date": null}, "geometry": {"type": "Point", "coordinates": [31.554080984486298, 30.277719600270768, 0.0]}}, {"type": "Feature", "properties": {"Description": null, "Telecom_Feature_Type": "كونيكتور", "Easting": "031° 33' 17.61\" E", "Northing": "30° 15' 50.87\" N", "ID": "0", "GlobalID": "{253CC2C7-603E-4192-8BF4-7BDE7AE71920}", "القطاع": "القطاع الثاني", "المسافة_بين_الكبنة_والبوكس": "0", "I_D": "0", "created_user": null, "created_date": null, "last_edited_user": null, "last_edited_date": null}, "geometry": {"type": "Point", "coordinates": [31.55656720312696, 30.264296741120635, 0.0]}}, {"type": "Feature", "properties": {"Description": null, "Telecom_Feature_Type": "كونيكتور", "Easting": "031° 33' 18.67\" E", "Northing": "30° 15' 51.69\" N", "ID": "0", "GlobalID": "{F5DF34CA-39F0-4739-85F9-6F1615382C91}", "القطاع": "القطاع الثاني", "المسافة_بين_الكبنة_والبوكس": "0", "I_D": "0", "created_user": null, "created_date": null, "last_edited_user": null, "last_edited_date": null}, "geometry": {"type": "Point", "coordinates": [31.55686239809592, 30.26452354063128, 0.0]}}, {"type": "Feature", "properties": {"Description": null, "Telecom_Feature_Type": "كونيكتور", "Easting": "031° 33' 19.24\" E", "Northing": "30° 15' 52.79\" N", "ID": "0", "GlobalID": "{9F4DFF81-60B5-47E9-B2BD-FF46CAEFD6AB}", "القطاع": "القطاع الثاني", "المسافة_بين_الكبنة_والبوكس": "0", "I_D": "0", "created_user": null, "created_date": null, "last_edited_user": null, "last_edited_date": null}, "geometry": {"type": "Point", "coordinates": [31.557020437506118, 30.26482887545718, 399.99959999999555]}}, {"type": "Feature", "properties": {"Description": null, "Telecom_Feature_Type": "كونيكتور", "Easting": "031° 33' 20.18\" E", "Northing": "30° 15' 53.26\" N", "ID": "0", "GlobalID": "{BB96A998-50D7-437E-BC54-EBB31CFC3CD9}", "القطاع": "القطاع الثاني", "المسافة_بين_الكبنة_والبوكس": "0", "I_D": "0", "created_user": null, "created_date": null, "last_edited_user": null, "last_edited_date": null}, "geometry": {"type": "Point", "coordinates": [31.55728205007462, 30.26496056097436, 381.5880000000034]}}, {"type": "Feature", "properties": {"Description": null, "Telecom_Feature_Type": "كونيكتور", "Easting": "031° 33' 17.9\" E", "Northing": "30° 15' 53.22\" N", "ID": "0", "GlobalID": "{29A00B97-38DD-4BDC-A656-DB1C4FB20520}", "القطاع": "القطاع الثاني", "المسافة_بين_الكبنة_والبوكس": "0", "I_D": "0", "created_user": null, "created_date": null, "last_edited_user": null, "last_edited_date": null}, "geometry": {"type": "Point", "coordinates": [31.556648821564753, 30.264950582411057, 0.0]}}, {"type": "Feature", "properties": {"Description": null, "Telecom_Feature_Type": "كونيكتور", "Easting": "031° 33' 18.86\" E", "Northing": "30° 15' 53.7\" N", "ID": "0", "GlobalID": "{F3ADD013-B723-4F43-9990-97E4D4FDE7F0}", "القطاع": "القطاع الثاني", "المسافة_بين_الكبنة_والبوكس": "0", "I_D": "0", "created_user": null, "created_date": null, "last_edited_user": null, "last_edited_date": null}, "geometry": {"type": "Point", "coordinates": [31.55691671469235, 30.26508179301226, 136.07910000000265]}}, {"type": "Feature", "properties": {"Description": null, "Telecom_Feature_Type": "كونيكتور", "Easting": "031° 33' 19.23\" E", "Northing": "30° 15' 54.56\" N", "ID": "0", "GlobalID": "{6F32F7DC-07E7-47C7-BD95-07AC2022E947}", "القطاع": "القطاع الثاني", "المسافة_بين_الكبنة_والبوكس": "0", "I_D": "0", "created_user": null, "created_date": null, "last_edited_user": null, "last_edited_date": null}, "geometry": {"type": "Point", "coordinates": [31.557017681766286, 30.265322578704204, 0.0]}}, {"type": "Feature", "properties": {"Description": null, "Telecom_Feature_Type": "كونيكتور", "Easting": "031° 33' 15.05\" E", "Northing": "30° 15' 55.66\" N", "ID": "0", "GlobalID": "{85AF7692-34CE-4566-9FFA-FAADFA04BB43}", "القطاع": "القطاع الثاني", "المسافة_بين_الكبنة_والبوكس": "0", "I_D": "0", "created_user": null, "created_date": null, "last_edited_user": null, "last_edited_date": null}, "geometry": {"type": "Point", "coordinates": [31.555857200245153, 30.265627884633517, -0.0019000000029336661]}}, {"type": "Feature", "properties": {"Description": null, "Telecom_Feature_Type": "كونيكتور", "Easting": "031° 33' 15.84\" E", "Northing": "30° 15' 56.28\" N", "ID": "0", "GlobalID": "{76575CE2-97B8-4779-AEB1-6CF00E447C9D}", "القطاع": "القطاع الثاني", "المسافة_بين_الكبنة_والبوكس": "0", "I_D": "0", "created_user": null, "created_date": null, "last_edited_user": null, "last_edited_date": null}, "geometry": {"type": "Point", "coordinates": [31.55607614100363, 30.265799465433336, 606.6353999999992]}}, {"type": "Feature", "properties": {"Description": null, "Telecom_Feature_Type": "كونيكتور", "Easting": "031° 33' 18.21\" E", "Northing": "30° 15' 56.92\" N", "ID": "0", "GlobalID": "{B663E59C-D115-411F-83BF-822D1969F231}", "القطاع": "القطاع الثاني", "المسافة_بين_الكبنة_والبوكس": "0", "I_D": "0", "created_user": null, "created_date": null, "last_edited_user": null, "last_edited_date": null}, "geometry": {"type": "Point", "coordinates": [31.55673470967714, 30.26597606700846, 0.0]}}, {"type": "Feature", "properties": {"Description": null, "Telecom_Feature_Type": "كونيكتور", "Easting": "031° 33' 14.65\" E", "Northing": "30° 15' 57.04\" N", "ID": "0", "GlobalID": "{1E17EC59-D5E3-46FB-A1E9-691A2C8BEAFB}", "القطاع": "القطاع الثاني", "المسافة_بين_الكبنة_والبوكس": "0", "I_D": "0", "created_user": null, "created_date": null, "last_edited_user": null, "last_edited_date": null}, "geometry": {"type": "Point", "coordinates": [31.555747125259497, 30.2660111908271, 670.2357999999949]}}, {"type": "Feature", "properties": {"Description": null, "Telecom_Feature_Type": "كونيكتور", "Easting": "031° 33' 15.71\" E", "Northing": "30° 15' 57.19\" N", "ID": "0", "GlobalID": "{019AB052-A2CF-471E-A9F3-4E599DF9058A}", "القطاع": "القطاع الثاني", "المسافة_بين_الكبنة_والبوكس": "0", "I_D": "0", "created_user": null, "created_date": null, "last_edited_user": null, "last_edited_date": null}, "geometry": {"type": "Point", "coordinates": [31.5560407910526, 30.266052865505394, 0.0]}}, {"type": "Feature", "properties": {"Description": null, "Telecom_Feature_Type": "كونيكتور", "Easting": "031° 33' 16.47\" E", "Northing": "30° 15' 57.86\" N", "ID": "0", "GlobalID": "{F17A7884-D9E1-4F7B-86EE-355803AEAD36}", "القطاع": "القطاع الثاني", "المسافة_بين_الكبنة_والبوكس": "0", "I_D": "0", "created_user": null, "created_date": null, "last_edited_user": null, "last_edited_date": null}, "geometry": {"type": "Point", "coordinates": [31.556251230243337, 30.266239749978833, 568.1747999999934]}}, {"type": "Feature", "properties": {"Description": null, "Telecom_Feature_Type": "كونيكتور", "Easting": "031° 33' 17.74\" E", "Northing": "30° 15' 58.42\" N", "ID": "0", "GlobalID": "{8E15BBF1-964F-4405-A50A-EFEA3AF3BE44}", "القطاع": "القطاع الثاني", "المسافة_بين_الكبنة_والبوكس": "0", "I_D": "0", "created_user": null, "created_date": null, "last_edited_user": null, "last_edited_date": null}, "geometry": {"type": "Point", "coordinates": [31.556605223703773, 30.266393582407122, 0.0]}}, {"type": "Feature", "properties": {"Description": null, "Telecom_Feature_Type": "كونيكتور", "Easting": "031° 33' 23.33\" E", "Northing": "30° 15' 56.38\" N", "ID": "0", "GlobalID": "{E4F22F44-56E4-4998-8DBD-4C1AAD5BEB6D}", "القطاع": "القطاع الثاني", "المسافة_بين_الكبنة_والبوكس": "0", "I_D": "0", "created_user": null, "created_date": null, "last_edited_user": null, "last_edited_date": null}, "geometry": {"type": "Point", "coordinates": [31.558157137934344, 30.265828023561394, 0.0]}}, {"type": "Feature", "properties": {"Description": null, "Telecom_Feature_Type": "كونيكتور", "Easting": "031° 33' 24.06\" E", "Northing": "30° 15' 57.45\" N", "ID": "0", "GlobalID": "{66E09F3A-1631-4948-A1B7-45BDE9137D4C}", "القطاع": "القطاع الثاني", "المسافة_بين_الكبنة_والبوكس": "0", "I_D": "0", "created_user": null, "created_date": null, "last_edited_user": null, "last_edited_date": null}, "geometry": {"type": "Point", "coordinates": [31.558359729545618, 30.266124165029275, 0.0]}}, {"type": "Feature", "properties": {"Description": null, "Telecom_Feature_Type": "كونيكتور", "Easting": "031° 33' 24.89\" E", "Northing": "30° 15' 58.06\" N", "ID": "0", "GlobalID": "{A5314783-D275-4349-ACB9-8649A9641A49}", "القطاع": "القطاع الثاني", "المسافة_بين_الكبنة_والبوكس": "0", "I_D": "0", "created_user": null, "created_date": null, "last_edited_user": null, "last_edited_date": null}, "geometry": {"type": "Point", "coordinates": [31.5585898557027, 30.266293457805077, 27.653200000000652]}}, {"type": "Feature", "properties": {"Description": null, "Telecom_Feature_Type": "كونيكتور", "Easting": "031° 33' 25.95\" E", "Northing": "30° 15' 57.89\" N", "ID": "0", "GlobalID": "{74D2A726-1D6C-4943-88BE-430073324D9D}", "القطاع": "القطاع الثاني", "المسافة_بين_الكبنة_والبوكس": "0", "I_D": "0", "created_user": null, "created_date": null, "last_edited_user": null, "last_edited_date": null}, "geometry": {"type": "Point", "coordinates": [31.558885252609112, 30.266247038658786, 0.011899999997694977]}}, {"type": "Feature", "properties": {"Description": null, "Telecom_Feature_Type": "كونيكتور", "Easting": "031° 33' 28.12\" E", "Northing": "30° 15' 57.09\" N", "ID": "0", "GlobalID": "{8951EABB-7A54-4945-9019-640FF5E7F444}", "القطاع": "القطاع الثاني", "المسافة_بين_الكبنة_والبوكس": "0", "I_D": "0", "created_user": null, "created_date": null, "last_edited_user": null, "last_edited_date": null}, "geometry": {"type": "Point", "coordinates": [31.559487876674545, 30.266024576189956, 0.0]}}, {"type": "Feature", "properties": {"Description": null, "Telecom_Feature_Type": "كونيكتور", "Easting": "031° 33' 27.75\" E", "Northing": "30° 15' 56.23\" N", "ID": "0", "GlobalID": "{02AC5066-D512-42BD-B72F-5ABBA3642750}", "القطاع": "القطاع الثاني", "المسافة_بين_الكبنة_والبوكس": "0", "I_D": "0", "created_user": null, "created_date": null, "last_edited_user": null, "last_edited_date": null}, "geometry": {"type": "Point", "coordinates": [31.55938520835838, 30.265786340209488, 0.04020000000309665]}}, {"type": "Feature", "properties": {"Description": null, "Telecom_Feature_Type": "كونيكتور", "Easting": "031° 33' 27.71\" E", "Northing": "30° 15' 55.01\" N", "ID": "0", "GlobalID": "{C618D348-DDE0-475A-96B2-B678AEFB0F9B}", "القطاع": "القطاع الثاني", "المسافة_بين_الكبنة_والبوكس": "0", "I_D": "0", "created_user": null, "created_date": null, "last_edited_user": null, "last_edited_date": null}, "geometry": {"type": "Point", "coordinates": [31.55937518264009, 30.265445617428217, 0.04020000000309665]}}, {"type": "Feature", "properties": {"Description": null, "Telecom_Feature_Type": "كونيكتور", "Easting": "031° 33' 31.54\" E", "Northing": "30° 15' 57.96\" N", "ID": "0", "GlobalID": "{561BA470-9190-49E1-B374-F70F6BED1BB0}", "القطاع": "القطاع الثاني", "المسافة_بين_الكبنة_والبوكس": "0", "I_D": "0", "created_user": null, "created_date": null, "last_edited_user": null, "last_edited_date": null}, "geometry": {"type": "Point", "coordinates": [31.560437847545934, 30.266266073228962, 2.416899999996531]}}, {"type": "Feature", "properties": {"Description": null, "Telecom_Feature_Type": "كونيكتور", "Easting": "031° 33' 33.9\" E", "Northing": "30° 15' 56.09\" N", "ID": "0", "GlobalID": "{BDB493FE-63FD-416F-8349-EAEEC593C869}", "القطاع": "القطاع الثاني", "المسافة_بين_الكبنة_والبوكس": "0", "I_D": "0", "created_user": null, "created_date": null, "last_edited_user": null, "last_edited_date": null}, "geometry": {"type": "Point", "coordinates": [31.56109318284052, 30.26574677606602, 0.0]}}, {"type": "Feature", "properties": {"Description": null, "Telecom_Feature_Type": "كونيكتور", "Easting": "031° 33' 33.49\" E", "Northing": "30° 15' 56.95\" N", "ID": "0", "GlobalID": "{15AAEFAC-340B-4AC9-B5E1-E4F22C4B316D}", "القطاع": "القطاع الثاني", "المسافة_بين_الكبنة_والبوكس": "0", "I_D": "0", "created_user": null, "created_date": null, "last_edited_user": null, "last_edited_date": null}, "geometry": {"type": "Point", "coordinates": [31.560979493127313, 30.265986748193765, 116.26959999999963]}}, {"type": "Feature", "properties": {"Description": null, "Telecom_Feature_Type": "كونيكتور", "Easting": "031° 33' 33.2\" E", "Northing": "30° 15' 53.47\" N", "ID": "0", "GlobalID": "{FFBCA1BD-1B5C-4192-A4EB-E4AB010346DD}", "القطاع": "القطاع الثاني", "المسافة_بين_الكبنة_والبوكس": "0", "I_D": "0", "created_user": null, "created_date": null, "last_edited_user": null, "last_edited_date": null}, "geometry": {"type": "Point", "coordinates": [31.560898646347052, 30.26501805944769, 0.0]}}, {"type": "Feature", "properties": {"Description": null, "Telecom_Feature_Type": "كونيكتور", "Easting": "031° 33' 35.16\" E", "Northing": "30° 15' 53.65\" N", "ID": "0", "GlobalID": "{2E4AB3F3-FA93-489D-8BD0-8F3A27D3BFD8}", "القطاع": "القطاع الثاني", "المسافة_بين_الكبنة_والبوكس": "0", "I_D": "0", "created_user": null, "created_date": null, "last_edited_user": null, "last_edited_date": null}, "geometry": {"type": "Point", "coordinates": [31.561444185939852, 30.265069191434335, 0.0]}}, {"type": "Feature", "properties": {"Description": null, "Telecom_Feature_Type": "كونيكتور", "Easting": "031° 33' 37.12\" E", "Northing": "30° 15' 54.68\" N", "ID": "0", "GlobalID": "{146A5388-B4D7-490B-B7F3-38BF84B2D533}", "القطاع": "القطاع الثاني", "المسافة_بين_الكبنة_والبوكس": "0", "I_D": "0", "created_user": null, "created_date": null, "last_edited_user": null, "last_edited_date": null}, "geometry": {"type": "Point", "coordinates": [31.561988416065418, 30.26535595530113, 0.0]}}, {"type": "Feature", "properties": {"Description": null, "Telecom_Feature_Type": "كونيكتور", "Easting": "031° 33' 38.42\" E", "Northing": "30° 15' 52.87\" N", "ID": "0", "GlobalID": "{4162B82D-6D0A-4D5D-B25D-45E6518E7DA2}", "القطاع": "القطاع الثاني", "المسافة_بين_الكبنة_والبوكس": "0", "I_D": "0", "created_user": null, "created_date": null, "last_edited_user": null, "last_edited_date": null}, "geometry": {"type": "Point", "coordinates": [31.562350602237686, 30.264853123108896, 0.09849999999278225]}}, {"type": "Feature", "properties": {"Description": null, "Telecom_Feature_Type": "كونيكتور", "Easting": "031° 33' 38.51\" E", "Northing": "30° 15' 51.95\" N", "ID": "0", "GlobalID": "{60BF66DA-487D-442A-95E5-F90BD95AB8CF}", "القطاع": "القطاع الثاني", "المسافة_بين_الكبنة_والبوكس": "0", "I_D": "0", "created_user": null, "created_date": null, "last_edited_user": null, "last_edited_date": null}, "geometry": {"type": "Point", "coordinates": [31.562375521802448, 30.264597876478273, 0.09870000000228174]}}, {"type": "Feature", "properties": {"Description": null, "Telecom_Feature_Type": "كونيكتور", "Easting": "031° 33' 39.52\" E", "Northing": "30° 15' 52.74\" N", "ID": "0", "GlobalID": "{F8B29F45-5C7C-48CF-9CB0-E5696EA1A701}", "القطاع": "القطاع الثاني", "المسافة_بين_الكبنة_والبوكس": "0", "I_D": "0", "created_user": null, "created_date": null, "last_edited_user": null, "last_edited_date": null}, "geometry": {"type": "Point", "coordinates": [31.562655463291776, 30.264817525378636, -0.0004999999946448952]}}, {"type": "Feature", "properties": {"Description": null, "Telecom_Feature_Type": "كونيكتور", "Easting": "031° 33' 39.44\" E", "Northing": "30° 15' 53.74\" N", "ID": "0", "GlobalID": "{BF46696F-F2D8-496E-A9AE-A8E583508FF2}", "القطاع": "القطاع الثاني", "المسافة_بين_الكبنة_والبوكس": "0", "I_D": "0", "created_user": null, "created_date": null, "last_edited_user": null, "last_edited_date": null}, "geometry": {"type": "Point", "coordinates": [31.56263119130245, 30.265094405717704, -0.00029999999969732016]}}, {"type": "Feature", "properties": {"Description": null, "Telecom_Feature_Type": "كونيكتور", "Easting": "031° 33' 38.98\" E", "Northing": "30° 15' 54.87\" N", "ID": "0", "GlobalID": "{D9BD0EE5-2A35-495F-8DCD-FA9C237D94C7}", "القطاع": "القطاع الثاني", "المسافة_بين_الكبنة_والبوكس": "0", "I_D": "0", "created_user": null, "created_date": null, "last_edited_user": null, "last_edited_date": null}, "geometry": {"type": "Point", "coordinates": [31.5625051585744, 30.265406927494872, -0.00019999999494757503]}}, {"type": "Feature", "properties": {"Description": null, "Telecom_Feature_Type": "كونيكتور", "Easting": "031° 33' 42.33\" E", "Northing": "30° 15' 54.32\" N", "ID": "0", "GlobalID": "{43F25B8C-90E5-4094-BE33-DD9FD4C5A718}", "القطاع": "القطاع الثاني", "المسافة_بين_الكبنة_والبوكس": "0", "I_D": "0", "created_user": null, "created_date": null, "last_edited_user": null, "last_edited_date": null}, "geometry": {"type": "Point", "coordinates": [31.563435286442818, 30.26525577928222, 0.09949999999662396]}}, {"type": "Feature", "properties": {"Description": null, "Telecom_Feature_Type": "كونيكتور", "Easting": "031° 33' 41.59\" E", "Northing": "30° 15' 54.99\" N", "ID": "0", "GlobalID": "{0E13656D-A3FC-455C-B986-0C893869FBCF}", "القطاع": "القطاع الثاني", "المسافة_بين_الكبنة_والبوكس": "0", "I_D": "0", "created_user": null, "created_date": null, "last_edited_user": null, "last_edited_date": null}, "geometry": {"type": "Point", "coordinates": [31.563230949401074, 30.26544161033805, 0.1000999999960186]}}, {"type": "Feature", "properties": {"Description": null, "Telecom_Feature_Type": "كونيكتور", "Easting": "031° 33' 36.23\" E", "Northing": "30° 15' 56.62\" N", "ID": "0", "GlobalID": "{F740FDAD-9AF8-455F-A069-D884D87DFE05}", "القطاع": "القطاع الثاني", "المسافة_بين_الكبنة_والبوكس": "0", "I_D": "0", "created_user": null, "created_date": null, "last_edited_user": null, "last_edited_date": null}, "geometry": {"type": "Point", "coordinates": [31.561741078820464, 30.26589353209689, 184.60109999999986]}}, {"type": "Feature", "properties": {"Description": null, "Telecom_Feature_Type": "كونيكتور", "Easting": "031° 33' 35.72\" E", "Northing": "30° 15' 57.77\" N", "ID": "0", "GlobalID": "{B04DA354-6C2E-4EBF-8228-06EF32E7A1EA}", "القطاع": "القطاع الثاني", "المسافة_بين_الكبنة_والبوكس": "0", "I_D": "0", "created_user": null, "created_date": null, "last_edited_user": null, "last_edited_date": null}, "geometry": {"type": "Point", "coordinates": [31.561599559519237, 30.266213613069823, 85.81040000000212]}}, {"type": "Feature", "properties": {"Description": null, "Telecom_Feature_Type": "كونيكتور", "Easting": "031° 33' 35.55\" E", "Northing": "30° 15' 59.0\" N", "ID": "0", "GlobalID": "{A32C3E1B-36EB-4184-A84E-B3928B0C964B}", "القطاع": "القطاع الثاني", "المسافة_بين_الكبنة_والبوكس": "0", "I_D": "0", "created_user": null, "created_date": null, "last_edited_user": null, "last_edited_date": null}, "geometry": {"type": "Point", "coordinates": [31.561552627416088, 30.26655536830994, 0.0]}}, {"type": "Feature", "properties": {"Description": null, "Telecom_Feature_Type": "كونيكتور", "Easting": "031° 33' 36.2\" E", "Northing": "30° 15' 59.62\" N", "ID": "0", "GlobalID": "{6709E250-8F73-4C82-8BA2-16AC51B3C094}", "القطاع": "القطاع الثاني", "المسافة_بين_الكبنة_والبوكس": "0", "I_D": "0", "created_user": null, "created_date": null, "last_edited_user": null, "last_edited_date": null}, "geometry": {"type": "Point", "coordinates": [31.56173140504588, 30.266727517516305, -0.0031000000017229468]}}, {"type": "Feature", "properties": {"Description": null, "Telecom_Feature_Type": "كونيكتور", "Easting": "031° 33' 39.78\" E", "Northing": "30° 15' 58.31\" N", "ID": "0", "GlobalID": "{CDB380A7-7BFF-4D32-BF87-30E03EAB6B91}", "القطاع": "القطاع الثاني", "المسافة_بين_الكبنة_والبوكس": "0", "I_D": "0", "created_user": null, "created_date": null, "last_edited_user": null, "last_edited_date": null}, "geometry": {"type": "Point", "coordinates": [31.56272587333757, 30.266362701086194, 0.13390000000072177]}}, {"type": "Feature", "properties": {"Description": null, "Telecom_Feature_Type": "كونيكتور", "Easting": "031° 33' 41.58\" E", "Northing": "30° 15' 58.71\" N", "ID": "0", "GlobalID": "{DF2C2FC0-3A22-4D73-9C24-C6DDC7ED670E}", "القطاع": "القطاع الثاني", "المسافة_بين_الكبنة_والبوكس": "0", "I_D": "0", "created_user": null, "created_date": null, "last_edited_user": null, "last_edited_date": null}, "geometry": {"type": "Point", "coordinates": [31.563226078804384, 30.26647479535243, 236.28369999999995]}}, {"type": "Feature", "properties": {"Description": null, "Telecom_Feature_Type": "كونيكتور", "Easting": "031° 33' 40.12\" E", "Northing": "30° 16' 0.46\" N", "ID": "0", "GlobalID": "{22B635F0-13A2-440D-98C3-9D9C83CF6256}", "القطاع": "القطاع الثاني", "المسافة_بين_الكبنة_والبوكس": "0", "I_D": "0", "created_user": null, "created_date": null, "last_edited_user": null, "last_edited_date": null}, "geometry": {"type": "Point", "coordinates": [31.56282077098505, 30.26696192740886, 180.42200000000594]}}, {"type": "Feature", "properties": {"Description": null, "Telecom_Feature_Type": "كونيكتور", "Easting": "031° 33' 42.37\" E", "Northing": "30° 16' 2.25\" N", "ID": "0", "GlobalID": "{ECDDFA2B-E547-45CE-9D77-FECE0084617B}", "القطاع": "القطاع الثاني", "المسافة_بين_الكبنة_والبوكس": "0", "I_D": "0", "created_user": null, "created_date": null, "last_edited_user": null, "last_edited_date": null}, "geometry": {"type": "Point", "coordinates": [31.563445929254048, 30.267456808956265, -0.004000000000814907]}}, {"type": "Feature", "properties": {"Description": null, "Telecom_Feature_Type": "كونيكتور", "Easting": "031° 33' 16.66\" E", "Northing": "30° 16' 0.29\" N", "ID": "0", "GlobalID": "{1DBDD8D5-3D0C-43A8-A8A1-D89EC56C7EC7}", "القطاع": "القطاع الثاني", "المسافة_بين_الكبنة_والبوكس": "0", "I_D": "0", "created_user": null, "created_date": null, "last_edited_user": null, "last_edited_date": null}, "geometry": {"type": "Point", "coordinates": [31.556304400981986, 30.266913572305736, 317.67849999999453]}}, {"type": "Feature", "properties": {"Description": null, "Telecom_Feature_Type": "كونيكتور", "Easting": "031° 33' 15.33\" E", "Northing": "30° 15' 59.85\" N", "ID": "0", "GlobalID": "{4120CCBF-8202-4E82-9AEB-459F5C6BE568}", "القطاع": "القطاع الثاني", "المسافة_بين_الكبنة_والبوكس": "0", "I_D": "0", "created_user": null, "created_date": null, "last_edited_user": null, "last_edited_date": null}, "geometry": {"type": "Point", "coordinates": [31.5559347157301, 30.266792045617347, 175.36049999999523]}}, {"type": "Feature", "properties": {"Description": null, "Telecom_Feature_Type": "كونيكتور", "Easting": "031° 33' 14.23\" E", "Northing": "30° 15' 59.85\" N", "ID": "0", "GlobalID": "{41830651-6B6A-4EF3-B275-1475EDF5C3D4}", "القطاع": "القطاع الثاني", "المسافة_بين_الكبنة_والبوكس": "0", "I_D": "0", "created_user": null, "created_date": null, "last_edited_user": null, "last_edited_date": null}, "geometry": {"type": "Point", "coordinates": [31.55562882574958, 30.26679235481665, 216.69199999999546]}}, {"type": "Feature", "properties": {"Description": null, "Telecom_Feature_Type": "كونيكتور", "Easting": "031° 33' 13.42\" E", "Northing": "30° 15' 59.21\" N", "ID": "0", "GlobalID": "{25F7D2EA-F959-4C77-A5C7-B99B2A0269E2}", "القطاع": "القطاع الثاني", "المسافة_بين_الكبنة_والبوكس": "0", "I_D": "0", "created_user": null, "created_date": null, "last_edited_user": null, "last_edited_date": null}, "geometry": {"type": "Point", "coordinates": [31.55540416122492, 30.266614361580782, 199.9649999999965]}}, {"type": "Feature", "properties": {"Description": null, "Telecom_Feature_Type": "كونيكتور", "Easting": "031° 33' 16.34\" E", "Northing": "30° 16' 1.82\" N", "ID": "0", "GlobalID": "{C17DDFBC-14CA-4DDE-B83F-29CEC944D8C4}", "القطاع": "القطاع الثاني", "المسافة_بين_الكبنة_والبوكس": "0", "I_D": "0", "created_user": null, "created_date": null, "last_edited_user": null, "last_edited_date": null}, "geometry": {"type": "Point", "coordinates": [31.55621481574607, 30.267339201654757, 0.1539000000047963]}}, {"type": "Feature", "properties": {"Description": null, "Telecom_Feature_Type": "كونيكتور", "Easting": "031° 33' 15.02\" E", "Northing": "30° 16' 1.36\" N", "ID": "0", "GlobalID": "{13989559-A272-4CEE-890E-643DEB311422}", "القطاع": "القطاع الثاني", "المسافة_بين_الكبنة_والبوكس": "0", "I_D": "0", "created_user": null, "created_date": null, "last_edited_user": null, "last_edited_date": null}, "geometry": {"type": "Point", "coordinates": [31.555848037264948, 30.267210297387848, 0.0]}}, {"type": "Feature", "properties": {"Description": null, "Telecom_Feature_Type": "كونيكتور", "Easting": "031° 33' 14.2\" E", "Northing": "30° 16' 0.72\" N", "ID": "0", "GlobalID": "{E4F2C0B4-E562-4C19-9386-E60E45E5BADF}", "القطاع": "القطاع الثاني", "المسافة_بين_الكبنة_والبوكس": "0", "I_D": "0", "created_user": null, "created_date": null, "last_edited_user": null, "last_edited_date": null}, "geometry": {"type": "Point", "coordinates": [31.555622022252606, 30.267034359670955, 154.89990000000398]}}, {"type": "Feature", "properties": {"Description": null, "Telecom_Feature_Type": "كونيكتور", "Easting": "031° 33' 13.13\" E", "Northing": "30° 16' 0.66\" N", "ID": "0", "GlobalID": "{C88CDE85-06F2-4D86-BBE5-BB2BBFCAD4F9}", "القطاع": "القطاع الثاني", "المسافة_بين_الكبنة_والبوكس": "0", "I_D": "0", "created_user": null, "created_date": null, "last_edited_user": null, "last_edited_date": null}, "geometry": {"type": "Point", "coordinates": [31.555324439578673, 30.267016816637376, 275.7685999999958]}}, {"type": "Feature", "properties": {"Description": null, "Telecom_Feature_Type": "كونيكتور", "Easting": "031° 33' 12.95\" E", "Northing": "30° 16' 3.14\" N", "ID": "0", "GlobalID": "{C550C567-7268-4C6B-BA30-05ACF0A88B97}", "القطاع": "القطاع الثاني", "المسافة_بين_الكبنة_والبوكس": "0", "I_D": "0", "created_user": null, "created_date": null, "last_edited_user": null, "last_edited_date": null}, "geometry": {"type": "Point", "coordinates": [31.555274699968503, 30.26770601753777, -344.8015000000014]}}, {"type": "Feature", "properties": {"Description": null, "Telecom_Feature_Type": "كونيكتور", "Easting": "031° 33' 14.04\" E", "Northing": "30° 16' 3.17\" N", "ID": "0", "GlobalID": "{091F1507-C76D-4D89-8D8D-1728CC336F14}", "القطاع": "القطاع الثاني", "المسافة_بين_الكبنة_والبوكس": "0", "I_D": "0", "created_user": null, "created_date": null, "last_edited_user": null, "last_edited_date": null}, "geometry": {"type": "Point", "coordinates": [31.555577230862376, 30.2677130878531, 150.24199999999837]}}, {"type": "Feature", "properties": {"Description": null, "Telecom_Feature_Type": "كونيكتور", "Easting": "031° 33' 13.73\" E", "Northing": "30° 16' 4.67\" N", "ID": "0", "GlobalID": "{CE7D5553-D420-417B-B9CD-3562FA91905D}", "القطاع": "القطاع الثاني", "المسافة_بين_الكبنة_والبوكس": "0", "I_D": "0", "created_user": null, "created_date": null, "last_edited_user": null, "last_edited_date": null}, "geometry": {"type": "Point", "coordinates": [31.555491131505093, 30.268129159609554, 313.11380000000645]}}, {"type": "Feature", "properties": {"Description": null, "Telecom_Feature_Type": "كونيكتور", "Easting": "031° 33' 12.94\" E", "Northing": "30° 16' 3.99\" N", "ID": "0", "GlobalID": "{3486342C-966F-477A-A21E-B3E4E9A96ED2}", "القطاع": "القطاع الثاني", "المسافة_بين_الكبنة_والبوكس": "0", "I_D": "0", "created_user": null, "created_date": null, "last_edited_user": null, "last_edited_date": null}, "geometry": {"type": "Point", "coordinates": [31.55527079247843, 30.2679423164489, 0.0]}}, {"type": "Feature", "properties": {"Description": null, "Telecom_Feature_Type": "كونيكتور", "Easting": "031° 33' 10.51\" E", "Northing": "30° 16' 7.14\" N", "ID": "0", "GlobalID": "{76B9AED4-C381-41FE-9887-E3CBFCA45E74}", "القطاع": "القطاع الثالث", "المسافة_بين_الكبنة_والبوكس": "0", "I_D": "0", "created_user": null, "created_date": null, "last_edited_user": null, "last_edited_date": null}, "geometry": {"type": "Point", "coordinates": [31.554596494637323, 30.26881767893631, 706.7884000000049]}}, {"type": "Feature", "properties": {"Description": null, "Telecom_Feature_Type": "كونيكتور", "Easting": "031° 33' 11.13\" E", "Northing": "30° 16' 7.37\" N", "ID": "0", "GlobalID": "{58E60DCB-0DCF-4E60-90AA-EE87D3027526}", "القطاع": "القطاع الثالث", "المسافة_بين_الكبنة_والبوكس": "0", "I_D": "0", "created_user": null, "created_date": null, "last_edited_user": null, "last_edited_date": null}, "geometry": {"type": "Point", "coordinates": [31.554769800641004, 30.26888016461926, 106.21210000000428]}}, {"type": "Feature", "properties": {"Description": null, "Telecom_Feature_Type": "كونيكتور", "Easting": "031° 33' 12.21\" E", "Northing": "30° 16' 7.43\" N", "ID": "0", "GlobalID": "{54D1444C-6CD9-44B8-8803-DB2A53A0A92D}", "القطاع": "القطاع الثالث", "المسافة_بين_الكبنة_والبوكس": "0", "I_D": "0", "created_user": null, "created_date": null, "last_edited_user": null, "last_edited_date": null}, "geometry": {"type": "Point", "coordinates": [31.55506995186549, 30.26889690661379, 160.45130000000063]}}, {"type": "Feature", "properties": {"Description": null, "Telecom_Feature_Type": "كونيكتور", "Easting": "031° 33' 13.53\" E", "Northing": "30° 16' 7.89\" N", "ID": "0", "GlobalID": "{C4093B8F-840B-4DED-B4BC-37DA7D25F018}", "القطاع": "القطاع الثالث", "المسافة_بين_الكبنة_والبوكس": "0", "I_D": "0", "created_user": null, "created_date": null, "last_edited_user": null, "last_edited_date": null}, "geometry": {"type": "Point", "coordinates": [31.555436611254795, 30.269023544478777, 310.5945999999967]}}, {"type": "Feature", "properties": {"Description": null, "Telecom_Feature_Type": "كونيكتور", "Easting": "031° 33' 13.19\" E", "Northing": "30° 16' 9.4\" N", "ID": "0", "GlobalID": "{7354653F-7429-4413-9964-D185763FFDE5}", "القطاع": "القطاع الثالث", "المسافة_بين_الكبنة_والبوكس": "0", "I_D": "0", "created_user": null, "created_date": null, "last_edited_user": null, "last_edited_date": null}, "geometry": {"type": "Point", "coordinates": [31.555340004597706, 30.26944443200904, 399.9994000000006]}}, {"type": "Feature", "properties": {"Description": null, "Telecom_Feature_Type": "كونيكتور", "Easting": "031° 33' 11.88\" E", "Northing": "30° 16' 8.93\" N", "ID": "0", "GlobalID": "{4B561AE1-5BC6-47C1-91D9-192D944C21A1}", "القطاع": "القطاع الثالث", "المسافة_بين_الكبنة_والبوكس": "0", "I_D": "0", "created_user": null, "created_date": null, "last_edited_user": null, "last_edited_date": null}, "geometry": {"type": "Point", "coordinates": [31.554975963752742, 30.269313241436897, 177.99689999999828]}}, {"type": "Feature", "properties": {"Description": null, "Telecom_Feature_Type": "كونيكتور", "Easting": "031° 33' 11.07\" E", "Northing": "30° 16' 8.3\" N", "ID": "0", "GlobalID": "{344FA90C-7E2C-4D15-B19E-565A044D4CF3}", "القطاع": "القطاع الثالث", "المسافة_بين_الكبنة_والبوكس": "0", "I_D": "0", "created_user": null, "created_date": null, "last_edited_user": null, "last_edited_date": null}, "geometry": {"type": "Point", "coordinates": [31.55475220777188, 30.26913761077459, 154.48910000000615]}}, {"type": "Feature", "properties": {"Description": null, "Telecom_Feature_Type": "كونيكتور", "Easting": "031° 33' 10.0\" E", "Northing": "30° 16' 8.22\" N", "ID": "0", "GlobalID": "{5A6014FE-B84D-451F-895E-152F44E197FD}", "القطاع": "القطاع الثالث", "المسافة_بين_الكبنة_والبوكس": "0", "I_D": "0", "created_user": null, "created_date": null, "last_edited_user": null, "last_edited_date": null}, "geometry": {"type": "Point", "coordinates": [31.554454936529897, 30.269115927389077, 280.2664999999979]}}, {"type": "Feature", "properties": {"Description": null, "Telecom_Feature_Type": "كونيكتور", "Easting": "031° 33' 11.09\" E", "Northing": "30° 16' 10.78\" N", "ID": "0", "GlobalID": "{2E6ADCE4-AA53-47B9-A0BE-07E4013DF61E}", "القطاع": "القطاع الثالث", "المسافة_بين_الكبنة_والبوكس": "0", "I_D": "0", "created_user": null, "created_date": null, "last_edited_user": null, "last_edited_date": null}, "geometry": {"type": "Point", "coordinates": [31.554758080891904, 30.26982698247904, 0.0]}}, {"type": "Feature", "properties": {"Description": null, "Telecom_Feature_Type": "كونيكتور", "Easting": "031° 33' 9.78\" E", "Northing": "30° 16' 10.3\" N", "ID": "0", "GlobalID": "{8984D66E-07D6-4948-8BBB-67B645B7657D}", "القطاع": "القطاع الثالث", "المسافة_بين_الكبنة_والبوكس": "0", "I_D": "0", "created_user": null, "created_date": null, "last_edited_user": null, "last_edited_date": null}, "geometry": {"type": "Point", "coordinates": [31.55439471540084, 30.26969386220729, 31.859299999996438]}}, {"type": "Feature", "properties": {"Description": null, "Telecom_Feature_Type": "كونيكتور", "Easting": "031° 33' 8.69\" E", "Northing": "30° 16' 10.26\" N", "ID": "0", "GlobalID": "{3C01C795-6D9C-47A4-BEFB-81D123475AD9}", "القطاع": "القطاع الثالث", "المسافة_بين_الكبنة_والبوكس": "0", "I_D": "0", "created_user": null, "created_date": null, "last_edited_user": null, "last_edited_date": null}, "geometry": {"type": "Point", "coordinates": [31.55409145516569, 30.269684036045057, 43.75370000000112]}}, {"type": "Feature", "properties": {"Description": null, "Telecom_Feature_Type": "كونيكتور", "Easting": "031° 33' 7.89\" E", "Northing": "30° 16' 10.88\" N", "ID": "0", "GlobalID": "{90DFECFA-22CE-4070-B684-AAFD65DDA1FB}", "القطاع": "القطاع الثالث", "المسافة_بين_الكبنة_والبوكس": "0", "I_D": "0", "created_user": null, "created_date": null, "last_edited_user": null, "last_edited_date": null}, "geometry": {"type": "Point", "coordinates": [31.553868374236554, 30.269854643995743, 147.80349999999453]}}, {"type": "Feature", "properties": {"Description": null, "Telecom_Feature_Type": "كونيكتور", "Easting": "031° 33' 20.45\" E", "Northing": "30° 15' 59.45\" N", "ID": "0", "GlobalID": "{35BC62E9-8E8D-4DDE-BEAB-2588579E8494}", "القطاع": "القطاع الثاني", "المسافة_بين_الكبنة_والبوكس": "0", "I_D": "0", "created_user": null, "created_date": null, "last_edited_user": null, "last_edited_date": null}, "geometry": {"type": "Point", "coordinates": [31.55735826093779, 30.266680656416852, 0.0]}}, {"type": "Feature", "properties": {"Description": null, "Telecom_Feature_Type": "كونيكتور", "Easting": "031° 33' 22.42\" E", "Northing": "30° 16' 2.63\" N", "ID": "0", "GlobalID": "{848052BA-0510-43ED-B2CF-6D24101C837B}", "القطاع": "القطاع الثاني", "المسافة_بين_الكبنة_والبوكس": "0", "I_D": "0", "created_user": null, "created_date": null, "last_edited_user": null, "last_edited_date": null}, "geometry": {"type": "Point", "coordinates": [31.55790462557988, 30.267562664106265, 0.0]}}, {"type": "Feature", "properties": {"Description": null, "Telecom_Feature_Type": "كونيكتور", "Easting": "031° 33' 20.49\" E", "Northing": "30° 16' 3.18\" N", "ID": "0", "GlobalID": "{2B976667-19A3-4E61-AF5B-EA6BFEE31F55}", "القطاع": "القطاع الثاني", "المسافة_بين_الكبنة_والبوكس": "0", "I_D": "0", "created_user": null, "created_date": null, "last_edited_user": null, "last_edited_date": null}, "geometry": {"type": "Point", "coordinates": [31.55736887700643, 30.267717052813797, 0.0]}}, {"type": "Feature", "properties": {"Description": null, "Telecom_Feature_Type": "كونيكتور", "Easting": "031° 33' 20.99\" E", "Northing": "30° 16' 5.91\" N", "ID": "0", "GlobalID": "{BD644B8C-CDD1-437C-9F87-D1C45AD4CA4D}", "القطاع": "القطاع الثاني", "المسافة_بين_الكبنة_والبوكس": "0", "I_D": "0", "created_user": null, "created_date": null, "last_edited_user": null, "last_edited_date": null}, "geometry": {"type": "Point", "coordinates": [31.557507133770216, 30.268475612583533, 0.0]}}, {"type": "Feature", "properties": {"Description": null, "Telecom_Feature_Type": "كونيكتور", "Easting": "031° 33' 20.17\" E", "Northing": "30° 16' 6.52\" N", "ID": "0", "GlobalID": "{63FB518C-20FD-4555-87A3-88562A84BAAC}", "القطاع": "القطاع الثاني", "المسافة_بين_الكبنة_والبوكس": "0", "I_D": "0", "created_user": null, "created_date": null, "last_edited_user": null, "last_edited_date": null}, "geometry": {"type": "Point", "coordinates": [31.557279183882866, 30.26864426414637, 106.39949999999953]}}, {"type": "Feature", "properties": {"Description": null, "Telecom_Feature_Type": "كونيكتور", "Easting": "031° 33' 19.08\" E", "Northing": "30° 16' 6.49\" N", "ID": "0", "GlobalID": "{3B9EBAA1-E245-4A58-9156-EF5BBFC10B6D}", "القطاع": "القطاع الثاني", "المسافة_بين_الكبنة_والبوكس": "0", "I_D": "0", "created_user": null, "created_date": null, "last_edited_user": null, "last_edited_date": null}, "geometry": {"type": "Point", "coordinates": [31.55697762199873, 30.268636516479056, 146.93829999999434]}}, {"type": "Feature", "properties": {"Description": null, "Telecom_Feature_Type": "كونيكتور", "Easting": "031° 33' 23.86\" E", "Northing": "30° 16' 3.25\" N", "ID": "0", "GlobalID": "{2DF6C195-B198-42D1-97F0-F96997BA2787}", "القطاع": "القطاع الثاني", "المسافة_بين_الكبنة_والبوكس": "0", "I_D": "0", "created_user": null, "created_date": null, "last_edited_user": null, "last_edited_date": null}, "geometry": {"type": "Point", "coordinates": [31.558305460215436, 30.267736422438027, 0.016199999998207204]}}, {"type": "Feature", "properties": {"Description": null, "Telecom_Feature_Type": "كونيكتور", "Easting": "031° 33' 23.41\" E", "Northing": "30° 16' 4.26\" N", "ID": "0", "GlobalID": "{5A7C8877-8497-4FE8-BCEF-21F98513BE5E}", "القطاع": "القطاع الثاني", "المسافة_بين_الكبنة_والبوكس": "0", "I_D": "0", "created_user": null, "created_date": null, "last_edited_user": null, "last_edited_date": null}, "geometry": {"type": "Point", "coordinates": [31.55818089509075, 30.268015199152913, 0.016199999998207204]}}, {"type": "Feature", "properties": {"Description": null, "Telecom_Feature_Type": "كونيكتور", "Easting": "031° 33' 24.08\" E", "Northing": "30° 16' 6.59\" N", "ID": "0", "GlobalID": "{B3769502-940F-416D-8A8E-7BBAD0931EB9}", "القطاع": "القطاع الثاني", "المسافة_بين_الكبنة_والبوكس": "0", "I_D": "0", "created_user": null, "created_date": null, "last_edited_user": null, "last_edited_date": null}, "geometry": {"type": "Point", "coordinates": [31.55836694701304, 30.268662580465588, 0.005600000004051253]}}, {"type": "Feature", "properties": {"Description": null, "Telecom_Feature_Type": "كونيكتور", "Easting": "031° 33' 16.01\" E", "Northing": "30° 16' 8.76\" N", "ID": "0", "GlobalID": "{6D4E8098-69DF-4A6F-8F87-A62A50A23324}", "القطاع": "القطاع الثالث", "المسافة_بين_الكبنة_والبوكس": "0", "I_D": "0", "created_user": null, "created_date": null, "last_edited_user": null, "last_edited_date": null}, "geometry": {"type": "Point", "coordinates": [31.556124744518165, 30.269266641298234, 311.3911999999982]}}, {"type": "Feature", "properties": {"Description": null, "Telecom_Feature_Type": "كونيكتور", "Easting": "031° 33' 17.33\" E", "Northing": "30° 16' 9.23\" N", "ID": "0", "GlobalID": "{E73182F4-AFC0-429D-86BC-8FF05BFD8402}", "القطاع": "القطاع الثالث", "المسافة_بين_الكبنة_والبوكس": "0", "I_D": "0", "created_user": null, "created_date": null, "last_edited_user": null, "last_edited_date": null}, "geometry": {"type": "Point", "coordinates": [31.556490215591722, 30.269396611291278, 150.02680000000692]}}, {"type": "Feature", "properties": {"Description": null, "Telecom_Feature_Type": "كونيكتور", "Easting": "031° 33' 19.29\" E", "Northing": "30° 16' 11.52\" N", "ID": "0", "GlobalID": "{5B64A3F3-E601-4FDD-8819-53376871F413}", "القطاع": "القطاع الثالث", "المسافة_بين_الكبنة_والبوكس": "0", "I_D": "0", "created_user": null, "created_date": null, "last_edited_user": null, "last_edited_date": null}, "geometry": {"type": "Point", "coordinates": [31.55703599454278, 30.27003175403013, -99.99989999999525]}}, {"type": "Feature", "properties": {"Description": null, "Telecom_Feature_Type": "كونيكتور", "Easting": "031° 33' 21.62\" E", "Northing": "30° 16' 10.78\" N", "ID": "0", "GlobalID": "{26C62523-F6BC-450A-A3E9-00627B3A948F}", "القطاع": "القطاع الثالث", "المسافة_بين_الكبنة_والبوكس": "0", "I_D": "0", "created_user": null, "created_date": null, "last_edited_user": null, "last_edited_date": null}, "geometry": {"type": "Point", "coordinates": [31.557683095014742, 30.269828742017207, 202.98530000000028]}}, {"type": "Feature", "properties": {"Description": null, "Telecom_Feature_Type": "كونيكتور", "Easting": "031° 33' 20.33\" E", "Northing": "30° 16' 10.27\" N", "ID": "0", "GlobalID": "{0E2AADA3-F2A7-4B35-B641-6319D1492481}", "القطاع": "القطاع الثالث", "المسافة_بين_الكبنة_والبوكس": "0", "I_D": "0", "created_user": null, "created_date": null, "last_edited_user": null, "last_edited_date": null}, "geometry": {"type": "Point", "coordinates": [31.557322880136017, 30.269684435539265, 0.0]}}, {"type": "Feature", "properties": {"Description": null, "Telecom_Feature_Type": "كونيكتور", "Easting": "031° 33' 25.61\" E", "Northing": "30° 16' 12.42\" N", "ID": "0", "GlobalID": "{8BBB40C9-5F43-466D-ABF7-2A3541E167A4}", "القطاع": "القطاع الاول", "المسافة_بين_الكبنة_والبوكس": "0", "I_D": "0", "created_user": null, "created_date": null, "last_edited_user": null, "last_edited_date": null}, "geometry": {"type": "Point", "coordinates": [31.55879159166198, 30.27028237362912, 2.0697999999974854]}}, {"type": "Feature", "properties": {"Description": null, "Telecom_Feature_Type": "كونيكتور", "Easting": "031° 33' 27.76\" E", "Northing": "30° 16' 8.06\" N", "ID": "0", "GlobalID": "{4F986B0C-DD07-48B2-96D0-4BDFCF5CEE82}", "القطاع": "القطاع الثاني", "المسافة_بين_الكبنة_والبوكس": "0", "I_D": "0", "created_user": null, "created_date": null, "last_edited_user": null, "last_edited_date": null}, "geometry": {"type": "Point", "coordinates": [31.559388309837075, 30.269071575762034, 0.0]}}, {"type": "Feature", "properties": {"Description": null, "Telecom_Feature_Type": "كونيكتور", "Easting": "031° 33' 40.39\" E", "Northing": "30° 16' 10.72\" N", "ID": "0", "GlobalID": "{0386684E-97BE-4884-BFAD-B3DFCFF35A93}", "القطاع": "القطاع الاول", "المسافة_بين_الكبنة_والبوكس": "0", "I_D": "0", "created_user": null, "created_date": null, "last_edited_user": null, "last_edited_date": null}, "geometry": {"type": "Point", "coordinates": [31.562896512582636, 30.2698114523429, 501.7075999999943]}}, {"type": "Feature", "properties": {"Description": null, "Telecom_Feature_Type": "كونيكتور", "Easting": "031° 33' 41.68\" E", "Northing": "30° 16' 9.0\" N", "ID": "0", "GlobalID": "{6C4A3220-90AB-41C2-9FC9-5CF266BAFD68}", "القطاع": "القطاع الثاني", "المسافة_بين_الكبنة_والبوكس": "0", "I_D": "0", "created_user": null, "created_date": null, "last_edited_user": null, "last_edited_date": null}, "geometry": {"type": "Point", "coordinates": [31.563255792356642, 30.26933181033877, 0.0]}}, {"type": "Feature", "properties": {"Description": null, "Telecom_Feature_Type": "كونيكتور", "Easting": "031° 33' 42.25\" E", "Northing": "30° 16' 5.24\" N", "ID": "0", "GlobalID": "{2585B2B1-7085-4F92-B3B4-6108398B3EC0}", "القطاع": "القطاع الثاني", "المسافة_بين_الكبنة_والبوكس": "0", "I_D": "0", "created_user": null, "created_date": null, "last_edited_user": null, "last_edited_date": null}, "geometry": {"type": "Point", "coordinates": [31.563411903033064, 30.268289626882115, 0.0]}}, {"type": "Feature", "properties": {"Description": null, "Telecom_Feature_Type": "كونيكتور", "Easting": "031° 33' 3.48\" E", "Northing": "30° 16' 35.19\" N", "ID": "0", "GlobalID": "{CA4D8F8D-F16C-4F61-8CAD-DD0A9F93533C}", "القطاع": "القطاع الثالث", "المسافة_بين_الكبنة_والبوكس": "0", "I_D": "0", "created_user": null, "created_date": null, "last_edited_user": null, "last_edited_date": null}, "geometry": {"type": "Point", "coordinates": [31.55264441677516, 30.276608130887272, 0.0]}}, {"type": "Feature", "properties": {"Description": null, "Telecom_Feature_Type": "كونيكتور", "Easting": "031° 33' 4.42\" E", "Northing": "30° 16' 32.52\" N", "ID": "0", "GlobalID": "{8D0538A9-CA22-445D-9B62-EE9C13C73E99}", "القطاع": "القطاع الثالث", "المسافة_بين_الكبنة_والبوكس": "0", "I_D": "0", "created_user": null, "created_date": null, "last_edited_user": null, "last_edited_date": null}, "geometry": {"type": "Point", "coordinates": [31.552906116992194, 30.275865325640197, 210.74529999999504]}}, {"type": "Feature", "properties": {"Description": null, "Telecom_Feature_Type": "كونيكتور", "Easting": "031° 33' 3.06\" E", "Northing": "30° 16' 34.3\" N", "ID": "0", "GlobalID": "{66061862-CD9E-40A0-B269-E86BF3A530A9}", "القطاع": "القطاع الثالث", "المسافة_بين_الكبنة_والبوكس": "0", "I_D": "0", "created_user": null, "created_date": null, "last_edited_user": null, "last_edited_date": null}, "geometry": {"type": "Point", "coordinates": [31.552527043543492, 30.276361929057167, 0.0]}}, {"type": "Feature", "properties": {"Description": null, "Telecom_Feature_Type": "كونيكتور", "Easting": "031° 33' 6.44\" E", "Northing": "30° 16' 35.75\" N", "ID": "0", "GlobalID": "{4DD1A81B-CCC1-4CBC-9CDA-79F2D25029D6}", "القطاع": "القطاع الثالث", "المسافة_بين_الكبنة_والبوكس": "0", "I_D": "0", "created_user": null, "created_date": null, "last_edited_user": null, "last_edited_date": null}, "geometry": {"type": "Point", "coordinates": [31.553465799643902, 30.27676386495616, 0.0]}}, {"type": "Feature", "properties": {"Description": null, "Telecom_Feature_Type": "كونيكتور", "Easting": "031° 33' 6.02\" E", "Northing": "30° 16' 36.62\" N", "ID": "0", "GlobalID": "{4B49B20A-9EAF-4CC2-BA94-1F8378796DD3}", "القطاع": "القطاع الثالث", "المسافة_بين_الكبنة_والبوكس": "0", "I_D": "0", "created_user": null, "created_date": null, "last_edited_user": null, "last_edited_date": null}, "geometry": {"type": "Point", "coordinates": [31.553349794480354, 30.277004992758297, -0.00010000000474974513]}}, {"type": "Feature", "properties": {"Description": null, "Telecom_Feature_Type": "كونيكتور", "Easting": "031° 33' 11.85\" E", "Northing": "30° 16' 37.91\" N", "ID": "0", "GlobalID": "{62F6FA4D-C830-429D-95AF-FE17E4D5ADC8}", "القطاع": "القطاع الثالث", "المسافة_بين_الكبنة_والبوكس": "0", "I_D": "0", "created_user": null, "created_date": null, "last_edited_user": null, "last_edited_date": null}, "geometry": {"type": "Point", "coordinates": [31.554967802778545, 30.277363784364958, 0.0]}}, {"type": "Feature", "properties": {"Description": null, "Telecom_Feature_Type": "كونيكتور", "Easting": "031° 33' 10.87\" E", "Northing": "30° 16' 38.81\" N", "ID": "0", "GlobalID": "{5F58118A-03E1-40E7-AB6D-48A32B65F961}", "القطاع": "القطاع الثالث", "المسافة_بين_الكبنة_والبوكس": "0", "I_D": "0", "created_user": null, "created_date": null, "last_edited_user": null, "last_edited_date": null}, "geometry": {"type": "Point", "coordinates": [31.554696226960466, 30.277613664738627, 0.0]}}, {"type": "Feature", "properties": {"Description": null, "Telecom_Feature_Type": "كونيكتور", "Easting": "031° 33' 7.3\" E", "Northing": "30° 16' 29.73\" N", "ID": "0", "GlobalID": "{C8A99DF4-1E5E-461B-9516-32705F94A9F2}", "القطاع": "القطاع الثالث", "المسافة_بين_الكبنة_والبوكس": "0", "I_D": "0", "created_user": null, "created_date": null, "last_edited_user": null, "last_edited_date": null}, "geometry": {"type": "Point", "coordinates": [31.553704595708712, 30.27509111676758, 0.0]}}, {"type": "Feature", "properties": {"Description": null, "Telecom_Feature_Type": "كونيكتور", "Easting": "031° 33' 11.29\" E", "Northing": "30° 16' 31.56\" N", "ID": "0", "GlobalID": "{2434990D-BCE9-4BBC-BF46-6772AB6AF7C2}", "القطاع": "القطاع الثالث", "المسافة_بين_الكبنة_والبوكس": "0", "I_D": "0", "created_user": null, "created_date": null, "last_edited_user": null, "last_edited_date": null}, "geometry": {"type": "Point", "coordinates": [31.55481267511947, 30.27560054718279, 66.5051999999996]}}, {"type": "Feature", "properties": {"Description": null, "Telecom_Feature_Type": "كونيكتور", "Easting": "031° 33' 10.28\" E", "Northing": "30° 16' 31.98\" N", "ID": "0", "GlobalID": "{4A5775F8-F09F-4770-B4E0-007B88D17388}", "القطاع": "القطاع الثالث", "المسافة_بين_الكبنة_والبوكس": "0", "I_D": "0", "created_user": null, "created_date": null, "last_edited_user": null, "last_edited_date": null}, "geometry": {"type": "Point", "coordinates": [31.55453246278545, 30.275715441386236, 0.0]}}, {"type": "Feature", "properties": {"Description": null, "Telecom_Feature_Type": "كونيكتور", "Easting": "031° 33' 9.31\" E", "Northing": "30° 16' 32.88\" N", "ID": "0", "GlobalID": "{41D27354-381D-4EE4-80D2-7B96AFC8D735}", "القطاع": "القطاع الثالث", "المسافة_بين_الكبنة_والبوكس": "0", "I_D": "0", "created_user": null, "created_date": null, "last_edited_user": null, "last_edited_date": null}, "geometry": {"type": "Point", "coordinates": [31.55426250791881, 30.275965220227484, 0.0]}}, {"type": "Feature", "properties": {"Description": null, "Telecom_Feature_Type": "كونيكتور", "Easting": "031° 33' 11.82\" E", "Northing": "30° 16' 32.77\" N", "ID": "0", "GlobalID": "{4F7C4E3E-4D00-4568-ACF4-834488ED4385}", "القطاع": "القطاع الثالث", "المسافة_بين_الكبنة_والبوكس": "0", "I_D": "0", "created_user": null, "created_date": null, "last_edited_user": null, "last_edited_date": null}, "geometry": {"type": "Point", "coordinates": [31.55496053318024, 30.275935092505193, -69.08199999999488]}}, {"type": "Feature", "properties": {"Description": null, "Telecom_Feature_Type": "كونيكتور", "Easting": "031° 33' 15.13\" E", "Northing": "30° 16' 34.18\" N", "ID": "0", "GlobalID": "{5956902C-75A5-4BDF-94B1-B124CB3CADF7}", "القطاع": "القطاع الثالث", "المسافة_بين_الكبنة_والبوكس": "0", "I_D": "0", "created_user": null, "created_date": null, "last_edited_user": null, "last_edited_date": null}, "geometry": {"type": "Point", "coordinates": [31.555880702525346, 30.276327828195274, 0.17770000000018626]}}, {"type": "Feature", "properties": {"Description": null, "Telecom_Feature_Type": "كونيكتور", "Easting": "031° 33' 14.74\" E", "Northing": "30° 16' 35.07\" N", "ID": "0", "GlobalID": "{7E5C93D6-294B-4CFD-ACA4-8396D71E0F5B}", "القطاع": "القطاع الثالث", "المسافة_بين_الكبنة_والبوكس": "0", "I_D": "0", "created_user": null, "created_date": null, "last_edited_user": null, "last_edited_date": null}, "geometry": {"type": "Point", "coordinates": [31.555770972964552, 30.27657402384813, -70.0222000000067]}}, {"type": "Feature", "properties": {"Description": null, "Telecom_Feature_Type": "كونيكتور", "Easting": "031° 33' 13.79\" E", "Northing": "30° 16' 35.99\" N", "ID": "0", "GlobalID": "{40041EB5-3ED8-41A6-AAFF-99B48DF63F5E}", "القطاع": "القطاع الثالث", "المسافة_بين_الكبنة_والبوكس": "0", "I_D": "0", "created_user": null, "created_date": null, "last_edited_user": null, "last_edited_date": null}, "geometry": {"type": "Point", "coordinates": [31.555508162313014, 30.276830853186596, -29.25239999999758]}}, {"type": "Feature", "properties": {"Description": null, "Telecom_Feature_Type": "كونيكتور", "Easting": "031° 33' 18.16\" E", "Northing": "30° 16' 36.96\" N", "ID": "0", "GlobalID": "{C65DB27A-A721-49A9-AE43-C847A2E598E3}", "القطاع": "القطاع الثالث", "المسافة_بين_الكبنة_والبوكس": "0", "I_D": "0", "created_user": null, "created_date": null, "last_edited_user": null, "last_edited_date": null}, "geometry": {"type": "Point", "coordinates": [31.556720734097635, 30.277098829762267, 0.00010000000474974513]}}, {"type": "Feature", "properties": {"Description": null, "Telecom_Feature_Type": "كونيكتور", "Easting": "031° 33' 16.22\" E", "Northing": "30° 16' 38.3\" N", "ID": "0", "GlobalID": "{F309BEC7-0294-4A5C-8376-A05132FDF84C}", "القطاع": "القطاع الثالث", "المسافة_بين_الكبنة_والبوكس": "0", "I_D": "0", "created_user": null, "created_date": null, "last_edited_user": null, "last_edited_date": null}, "geometry": {"type": "Point", "coordinates": [31.556182578553305, 30.277472247042592, -20.1420000000071]}}, {"type": "Feature", "properties": {"Description": null, "Telecom_Feature_Type": "كونيكتور", "Easting": "031° 33' 9.46\" E", "Northing": "30° 16' 22.43\" N", "ID": "0", "GlobalID": "{060FC5FB-ED91-461A-A957-92DE9F98D90B}", "القطاع": "القطاع الثالث", "المسافة_بين_الكبنة_والبوكس": "0", "I_D": "0", "created_user": null, "created_date": null, "last_edited_user": null, "last_edited_date": null}, "geometry": {"type": "Point", "coordinates": [31.554304223848092, 30.273062753550484, 43.00789999999688]}}, {"type": "Feature", "properties": {"Description": null, "Telecom_Feature_Type": "كونيكتور", "Easting": "031° 33' 8.2\" E", "Northing": "30° 16' 23.01\" N", "ID": "0", "GlobalID": "{DBAB8634-9906-4CFC-8C4F-9C0399AFEAEF}", "القطاع": "القطاع الثالث", "المسافة_بين_الكبنة_والبوكس": "0", "I_D": "0", "created_user": null, "created_date": null, "last_edited_user": null, "last_edited_date": null}, "geometry": {"type": "Point", "coordinates": [31.55395562100356, 30.273224414480573, 0.0]}}, {"type": "Feature", "properties": {"Description": null, "Telecom_Feature_Type": "كونيكتور", "Easting": "031° 33' 7.49\" E", "Northing": "30° 16' 23.74\" N", "ID": "0", "GlobalID": "{36388415-8317-42B2-8D29-202B9E04A88F}", "القطاع": "القطاع الثالث", "المسافة_بين_الكبنة_والبوكس": "0", "I_D": "0", "created_user": null, "created_date": null, "last_edited_user": null, "last_edited_date": null}, "geometry": {"type": "Point", "coordinates": [31.553757455443776, 30.27342792450354, 0.0]}}, {"type": "Feature", "properties": {"Description": null, "Telecom_Feature_Type": "كونيكتور", "Easting": "031° 33' 7.55\" E", "Northing": "30° 16' 24.64\" N", "ID": "0", "GlobalID": "{A1BB03BA-A9C2-4FC9-9EEB-5B0CCDA4335E}", "القطاع": "القطاع الثالث", "المسافة_بين_الكبنة_والبوكس": "0", "I_D": "0", "created_user": null, "created_date": null, "last_edited_user": null, "last_edited_date": null}, "geometry": {"type": "Point", "coordinates": [31.553773945944954, 30.27367779331651, 0.0]}}, {"type": "Feature", "properties": {"Description": null, "Telecom_Feature_Type": "كونيكتور", "Easting": "031° 33' 10.49\" E", "Northing": "30° 16' 27.24\" N", "ID": "0", "GlobalID": "{F76907F9-710B-459A-BFDF-25C7BC125E5D}", "القطاع": "القطاع الثالث", "المسافة_بين_الكبنة_والبوكس": "0", "I_D": "0", "created_user": null, "created_date": null, "last_edited_user": null, "last_edited_date": null}, "geometry": {"type": "Point", "coordinates": [31.554589608129547, 30.274399387171538, -0.3484000000025844]}}, {"type": "Feature", "properties": {"Description": null, "Telecom_Feature_Type": "كونيكتور", "Easting": "031° 33' 10.9\" E", "Northing": "30° 16' 26.36\" N", "ID": "0", "GlobalID": "{44786910-95ED-403F-ABBC-2813E2E0C52A}", "القطاع": "القطاع الثالث", "المسافة_بين_الكبنة_والبوكس": "0", "I_D": "0", "created_user": null, "created_date": null, "last_edited_user": null, "last_edited_date": null}, "geometry": {"type": "Point", "coordinates": [31.55470374992501, 30.27415489153603, 0.0]}}, {"type": "Feature", "properties": {"Description": null, "Telecom_Feature_Type": "كونيكتور", "Easting": "031° 33' 13.09\" E", "Northing": "30° 16' 29.82\" N", "ID": "0", "GlobalID": "{F78629AC-0A96-4AE2-82B8-5A05B5F08AFD}", "القطاع": "القطاع الثالث", "المسافة_بين_الكبنة_والبوكس": "0", "I_D": "0", "created_user": null, "created_date": null, "last_edited_user": null, "last_edited_date": null}, "geometry": {"type": "Point", "coordinates": [31.555312754425653, 30.27511637088854, 200.0804000000062]}}, {"type": "Feature", "properties": {"Description": null, "Telecom_Feature_Type": "كونيكتور", "Easting": "031° 33' 14.05\" E", "Northing": "30° 16' 30.05\" N", "ID": "0", "GlobalID": "{D5EEA081-855B-45B3-969D-ACA74D216524}", "القطاع": "القطاع الثالث", "المسافة_بين_الكبنة_والبوكس": "0", "I_D": "0", "created_user": null, "created_date": null, "last_edited_user": null, "last_edited_date": null}, "geometry": {"type": "Point", "coordinates": [31.55558088578299, 30.275181116200653, 0.0]}}, {"type": "Feature", "properties": {"Description": null, "Telecom_Feature_Type": "كونيكتور", "Easting": "031° 33' 16.04\" E", "Northing": "30° 16' 32.15\" N", "ID": "0", "GlobalID": "{2B1A16AE-E1F7-415C-A99D-CC4F22760AC9}", "القطاع": "القطاع الثالث", "المسافة_بين_الكبنة_والبوكس": "0", "I_D": "0", "created_user": null, "created_date": null, "last_edited_user": null, "last_edited_date": null}, "geometry": {"type": "Point", "coordinates": [31.556133097984276, 30.27576371315796, 0.0]}}, {"type": "Feature", "properties": {"Description": null, "Telecom_Feature_Type": "كونيكتور", "Easting": "031° 33' 17.25\" E", "Northing": "30° 16' 32.15\" N", "ID": "0", "GlobalID": "{C4487300-2708-4359-A009-AA479934233F}", "القطاع": "القطاع الثالث", "المسافة_بين_الكبنة_والبوكس": "0", "I_D": "0", "created_user": null, "created_date": null, "last_edited_user": null, "last_edited_date": null}, "geometry": {"type": "Point", "coordinates": [31.55646859563383, 30.275764270842487, 0.0]}}, {"type": "Feature", "properties": {"Description": null, "Telecom_Feature_Type": "كونيكتور", "Easting": "031° 33' 18.25\" E", "Northing": "30° 16' 31.74\" N", "ID": "0", "GlobalID": "{2C3B362F-A285-4579-A16C-2D6DA68A1657}", "القطاع": "القطاع الثالث", "المسافة_بين_الكبنة_والبوكس": "0", "I_D": "0", "created_user": null, "created_date": null, "last_edited_user": null, "last_edited_date": null}, "geometry": {"type": "Point", "coordinates": [31.55674760498898, 30.27565026442886, -0.6708000000071479]}}, {"type": "Feature", "properties": {"Description": null, "Telecom_Feature_Type": "كونيكتور", "Easting": "031° 33' 19.2\" E", "Northing": "30° 16' 30.82\" N", "ID": "0", "GlobalID": "{7AF87BF3-1627-4D66-B9E3-E58E42C4F51F}", "القطاع": "القطاع الثالث", "المسافة_بين_الكبنة_والبوكس": "0", "I_D": "0", "created_user": null, "created_date": null, "last_edited_user": null, "last_edited_date": null}, "geometry": {"type": "Point", "coordinates": [31.557011235416084, 30.275394864141084, 0.0]}}, {"type": "Feature", "properties": {"Description": null, "Telecom_Feature_Type": "كونيكتور", "Easting": "031° 33' 6.45\" E", "Northing": "30° 16' 21.59\" N", "ID": "0", "GlobalID": "{32239479-C67C-4DE0-AE57-93A632569514}", "القطاع": "القطاع الثالث", "المسافة_بين_الكبنة_والبوكس": "0", "I_D": "0", "created_user": null, "created_date": null, "last_edited_user": null, "last_edited_date": null}, "geometry": {"type": "Point", "coordinates": [31.55346957806651, 30.272829217054973, 0.0]}}, {"type": "Feature", "properties": {"Description": null, "Telecom_Feature_Type": "كونيكتور", "Easting": "031° 33' 5.55\" E", "Northing": "30° 16' 18.88\" N", "ID": "0", "GlobalID": "{0BFE93BC-B440-41F7-B184-D07DF62CE4C4}", "القطاع": "القطاع الثالث", "المسافة_بين_الكبنة_والبوكس": "0", "I_D": "0", "created_user": null, "created_date": null, "last_edited_user": null, "last_edited_date": null}, "geometry": {"type": "Point", "coordinates": [31.553217530261936, 30.272078891846487, 0.0]}}, {"type": "Feature", "properties": {"Description": null, "Telecom_Feature_Type": "كونيكتور", "Easting": "031° 33' 6.27\" E", "Northing": "30° 16' 14.3\" N", "ID": "0", "GlobalID": "{B39D39D2-7446-4894-93FB-88FCBA42735B}", "القطاع": "القطاع الثالث", "المسافة_بين_الكبنة_والبوكس": "0", "I_D": "0", "created_user": null, "created_date": null, "last_edited_user": null, "last_edited_date": null}, "geometry": {"type": "Point", "coordinates": [31.553418837380814, 30.27080631831779, 0.3034999999945285]}}, {"type": "Feature", "properties": {"Description": null, "Telecom_Feature_Type": "كونيكتور", "Easting": "031° 33' 8.11\" E", "Northing": "30° 16' 13.63\" N", "ID": "0", "GlobalID": "{88FB7E2C-B7DE-409D-86CB-54E87C375B70}", "القطاع": "القطاع الثالث", "المسافة_بين_الكبنة_والبوكس": "0", "I_D": "0", "created_user": null, "created_date": null, "last_edited_user": null, "last_edited_date": null}, "geometry": {"type": "Point", "coordinates": [31.553929646665644, 30.27061886625618, 70.59829999999783]}}, {"type": "Feature", "properties": {"Description": null, "Telecom_Feature_Type": "كونيكتور", "Easting": "031° 33' 9.45\" E", "Northing": "30° 16' 14.04\" N", "ID": "0", "GlobalID": "{7C87E59C-48E9-4400-AABC-D1B2C7632565}", "القطاع": "القطاع الثالث", "المسافة_بين_الكبنة_والبوكس": "0", "I_D": "0", "created_user": null, "created_date": null, "last_edited_user": null, "last_edited_date": null}, "geometry": {"type": "Point", "coordinates": [31.554302638250626, 30.270732564811457, 0.0]}}, {"type": "Feature", "properties": {"Description": null, "Telecom_Feature_Type": "كونيكتور", "Easting": "031° 33' 17.12\" E", "Northing": "30° 16' 13.51\" N", "ID": "0", "GlobalID": "{FFE5A843-A416-4FA3-BE17-29A69BEBF1C8}", "القطاع": "القطاع الثالث", "المسافة_بين_الكبنة_والبوكس": "0", "I_D": "0", "created_user": null, "created_date": null, "last_edited_user": null, "last_edited_date": null}, "geometry": {"type": "Point", "coordinates": [31.55643224045511, 30.270584948707175, 0.26979999999457505]}}, {"type": "Feature", "properties": {"Description": null, "Telecom_Feature_Type": "كونيكتور", "Easting": "031° 33' 12.1\" E", "Northing": "30° 16' 16.49\" N", "ID": "0", "GlobalID": "{6C08F49C-EB25-42A4-BDFA-6ED9AFC81DD6}", "القطاع": "القطاع الثالث", "المسافة_بين_الكبنة_والبوكس": "0", "I_D": "0", "created_user": null, "created_date": null, "last_edited_user": null, "last_edited_date": null}, "geometry": {"type": "Point", "coordinates": [31.55503912428539, 30.271413493920907, 0.0]}}, {"type": "Feature", "properties": {"Description": null, "Telecom_Feature_Type": "كونيكتور", "Easting": "031° 33' 14.49\" E", "Northing": "30° 16' 17.03\" N", "ID": "0", "GlobalID": "{4B495BBC-54E8-440A-9029-349C185681D7}", "القطاع": "القطاع الثالث", "المسافة_بين_الكبنة_والبوكس": "0", "I_D": "0", "created_user": null, "created_date": null, "last_edited_user": null, "last_edited_date": null}, "geometry": {"type": "Point", "coordinates": [31.555703122112405, 30.271562278717923, 1.8331000000034692]}}, {"type": "Feature", "properties": {"Description": null, "Telecom_Feature_Type": "كونيكتور", "Easting": "031° 33' 13.86\" E", "Northing": "30° 16' 13.45\" N", "ID": "0", "GlobalID": "{00CCE5E5-95EC-48A0-A677-8A746EE3DA2B}", "القطاع": "القطاع الثالث", "المسافة_بين_الكبنة_والبوكس": "0", "I_D": "0", "created_user": null, "created_date": null, "last_edited_user": null, "last_edited_date": null}, "geometry": {"type": "Point", "coordinates": [31.55552635958854, 30.270569512226587, 0.0]}}, {"type": "Feature", "properties": {"Description": null, "Telecom_Feature_Type": "كونيكتور", "Easting": "031° 33' 19.95\" E", "Northing": "30° 16' 13.63\" N", "ID": "0", "GlobalID": "{CE1D80C6-DB52-4541-AFAE-160829B3502F}", "القطاع": "القطاع الثالث", "المسافة_بين_الكبنة_والبوكس": "0", "I_D": "0", "created_user": null, "created_date": null, "last_edited_user": null, "last_edited_date": null}, "geometry": {"type": "Point", "coordinates": [31.557219487738447, 30.27061994865391, 0.0]}}, {"type": "Feature", "properties": {"Description": null, "Telecom_Feature_Type": "كونيكتور", "Easting": "031° 33' 18.4\" E", "Northing": "30° 16' 16.75\" N", "ID": "0", "GlobalID": "{C72000C4-C19E-4FF8-B5E4-78171AA38DB1}", "القطاع": "القطاع الثالث", "المسافة_بين_الكبنة_والبوكس": "0", "I_D": "0", "created_user": null, "created_date": null, "last_edited_user": null, "last_edited_date": null}, "geometry": {"type": "Point", "coordinates": [31.556788315250127, 30.271485769741343, 0.09979999999632128]}}, {"type": "Feature", "properties": {"Description": null, "Telecom_Feature_Type": "كونيكتور", "Easting": "031° 33' 17.2\" E", "Northing": "30° 16' 16.12\" N", "ID": "0", "GlobalID": "{DDC1D0A3-A044-4EC2-A46D-8FD84E56E9C8}", "القطاع": "القطاع الثالث", "المسافة_بين_الكبنة_والبوكس": "0", "I_D": "0", "created_user": null, "created_date": null, "last_edited_user": null, "last_edited_date": null}, "geometry": {"type": "Point", "coordinates": [31.556455373205548, 30.271311214674153, 0.2044000000023516]}}, {"type": "Feature", "properties": {"Description": null, "Telecom_Feature_Type": "كونيكتور", "Easting": "031° 33' 16.2\" E", "Northing": "30° 16' 16.91\" N", "ID": "0", "GlobalID": "{F9439001-0F80-435D-8C4D-F5EC11156E9B}", "القطاع": "القطاع الثالث", "المسافة_بين_الكبنة_والبوكس": "0", "I_D": "0", "created_user": null, "created_date": null, "last_edited_user": null, "last_edited_date": null}, "geometry": {"type": "Point", "coordinates": [31.556178108843962, 30.271529668029224, 0.2044000000023516]}}, {"type": "Feature", "properties": {"Description": null, "Telecom_Feature_Type": "كونيكتور", "Easting": "031° 33' 19.49\" E", "Northing": "30° 16' 20.64\" N", "ID": "0", "GlobalID": "{C30D4337-51BD-44C0-B48F-350308D7782F}", "القطاع": "القطاع الثالث", "المسافة_بين_الكبنة_والبوكس": "0", "I_D": "0", "created_user": null, "created_date": null, "last_edited_user": null, "last_edited_date": null}, "geometry": {"type": "Point", "coordinates": [31.557091365455065, 30.2725674853148, 0.0]}}, {"type": "Feature", "properties": {"Description": null, "Telecom_Feature_Type": "كونيكتور", "Easting": "031° 33' 20.37\" E", "Northing": "30° 16' 19.78\" N", "ID": "0", "GlobalID": "{7099F6B0-9714-4DB7-B035-A07BE8163AAB}", "القطاع": "القطاع الثالث", "المسافة_بين_الكبنة_والبوكس": "0", "I_D": "0", "created_user": null, "created_date": null, "last_edited_user": null, "last_edited_date": null}, "geometry": {"type": "Point", "coordinates": [31.557335851647082, 30.272327076486516, 0.0]}}, {"type": "Feature", "properties": {"Description": null, "Telecom_Feature_Type": "كونيكتور", "Easting": "031° 33' 19.98\" E", "Northing": "30° 16' 23.26\" N", "ID": "0", "GlobalID": "{B5E767F4-9C96-4A05-BC43-54462682F2E6}", "القطاع": "القطاع الثالث", "المسافة_بين_الكبنة_والبوكس": "0", "I_D": "0", "created_user": null, "created_date": null, "last_edited_user": null, "last_edited_date": null}, "geometry": {"type": "Point", "coordinates": [31.5572256701388, 30.27329510791871, 0.164600000003702]}}, {"type": "Feature", "properties": {"Description": null, "Telecom_Feature_Type": "كونيكتور", "Easting": "031° 33' 21.21\" E", "Northing": "30° 16' 23.32\" N", "ID": "0", "GlobalID": "{559B236F-798A-48F6-A63B-5046D047608E}", "القطاع": "القطاع الثالث", "المسافة_بين_الكبنة_والبوكس": "0", "I_D": "0", "created_user": null, "created_date": null, "last_edited_user": null, "last_edited_date": null}, "geometry": {"type": "Point", "coordinates": [31.55756820359841, 30.27331005846033, 0.0]}}, {"type": "Feature", "properties": {"Description": null, "Telecom_Feature_Type": "كونيكتور", "Easting": "031° 33' 22.18\" E", "Northing": "30° 16' 22.89\" N", "ID": "0", "GlobalID": "{AEA6AD38-FA3E-47CF-A9A4-30F42167731E}", "القطاع": "القطاع الثالث", "المسافة_بين_الكبنة_والبوكس": "0", "I_D": "0", "created_user": null, "created_date": null, "last_edited_user": null, "last_edited_date": null}, "geometry": {"type": "Point", "coordinates": [31.55783837403273, 30.27319104846202, 0.0]}}, {"type": "Feature", "properties": {"Description": null, "Telecom_Feature_Type": "كونيكتور", "Easting": "031° 33' 12.88\" E", "Northing": "30° 16' 19.2\" N", "ID": "0", "GlobalID": "{1BA05B32-CB2F-4AF8-9E57-78F507E3D2C2}", "القطاع": "القطاع الثالث", "المسافة_بين_الكبنة_والبوكس": "0", "I_D": "0", "created_user": null, "created_date": null, "last_edited_user": null, "last_edited_date": null}, "geometry": {"type": "Point", "coordinates": [31.555256046758863, 30.272165201019252, 0.0]}}, {"type": "Feature", "properties": {"Description": null, "Telecom_Feature_Type": "كونيكتور", "Easting": "031° 33' 11.51\" E", "Northing": "30° 16' 19.5\" N", "ID": "0", "GlobalID": "{95512F67-3A10-4FFF-8227-34C9B1099FB5}", "القطاع": "القطاع الثالث", "المسافة_بين_الكبنة_والبوكس": "0", "I_D": "0", "created_user": null, "created_date": null, "last_edited_user": null, "last_edited_date": null}, "geometry": {"type": "Point", "coordinates": [31.554873286685996, 30.272250248673352, -17.58070000000589]}}, {"type": "Feature", "properties": {"Description": null, "Telecom_Feature_Type": "كونيكتور", "Easting": "031° 33' 14.95\" E", "Northing": "30° 16' 19.94\" N", "ID": "0", "GlobalID": "{B3EF02C2-347C-4B0F-9915-4F048AE0AC8E}", "القطاع": "القطاع الثالث", "المسافة_بين_الكبنة_والبوكس": "0", "I_D": "0", "created_user": null, "created_date": null, "last_edited_user": null, "last_edited_date": null}, "geometry": {"type": "Point", "coordinates": [31.55583078403939, 30.27237214357631, 52.42170000000624]}}, {"type": "Feature", "properties": {"Description": null, "Telecom_Feature_Type": "كونيكتور", "Easting": "031° 33' 18.28\" E", "Northing": "30° 16' 26.62\" N", "ID": "0", "GlobalID": "{607A3676-5B2F-41DF-A6C1-E3C126A0247F}", "القطاع": "القطاع الثالث", "المسافة_بين_الكبنة_والبوكس": "0", "I_D": "0", "created_user": null, "created_date": null, "last_edited_user": null, "last_edited_date": null}, "geometry": {"type": "Point", "coordinates": [31.556753683276032, 30.2742262631846, 50.234700000000885]}}, {"type": "Feature", "properties": {"Description": null, "Telecom_Feature_Type": "كونيكتور", "Easting": "031° 33' 14.79\" E", "Northing": "30° 16' 22.61\" N", "ID": "0", "GlobalID": "{55CF6652-C6E4-4867-860C-D29B197E099B}", "القطاع": "القطاع الثالث", "المسافة_بين_الكبنة_والبوكس": "0", "I_D": "0", "created_user": null, "created_date": null, "last_edited_user": null, "last_edited_date": null}, "geometry": {"type": "Point", "coordinates": [31.555784699557353, 30.27311429070015, -270.95960000000196]}}, {"type": "Feature", "properties": {"Description": null, "Telecom_Feature_Type": "كونيكتور", "Easting": "031° 33' 15.76\" E", "Northing": "30° 16' 22.17\" N", "ID": "0", "GlobalID": "{ABEFBCBF-F063-40FE-9BAC-71306CA6E513}", "القطاع": "القطاع الثالث", "المسافة_بين_الكبنة_والبوكس": "0", "I_D": "0", "created_user": null, "created_date": null, "last_edited_user": null, "last_edited_date": null}, "geometry": {"type": "Point", "coordinates": [31.55605380223015, 30.272992487095696, -243.9774000000034]}}, {"type": "Feature", "properties": {"Description": null, "Telecom_Feature_Type": "كونيكتور", "Easting": "031° 33' 21.19\" E", "Northing": "30° 16' 28.91\" N", "ID": "0", "GlobalID": "{FD2D80BE-B0BD-4D7C-A276-6A64BEAB7EF7}", "القطاع": "القطاع الثالث", "المسافة_بين_الكبنة_والبوكس": "0", "I_D": "0", "created_user": null, "created_date": null, "last_edited_user": null, "last_edited_date": null}, "geometry": {"type": "Point", "coordinates": [31.557562352124805, 30.27486499681539, -37.0853999999963]}}, {"type": "Feature", "properties": {"Description": null, "Telecom_Feature_Type": "كونيكتور", "Easting": "031° 33' 22.12\" E", "Northing": "30° 16' 27.98\" N", "ID": "0", "GlobalID": "{118D3A4E-F80A-4EE2-867D-91AEA196E342}", "القطاع": "القطاع الثالث", "المسافة_بين_الكبنة_والبوكس": "0", "I_D": "0", "created_user": null, "created_date": null, "last_edited_user": null, "last_edited_date": null}, "geometry": {"type": "Point", "coordinates": [31.5578228220449, 30.274605154311484, -14.047000000005937]}}, {"type": "Feature", "properties": {"Description": null, "Telecom_Feature_Type": "كونيكتور", "Easting": "031° 33' 22.55\" E", "Northing": "30° 16' 27.11\" N", "ID": "0", "GlobalID": "{C3B9EEAC-9AAF-4CAD-8D71-475FEEDD7DDD}", "القطاع": "القطاع الثالث", "المسافة_بين_الكبنة_والبوكس": "0", "I_D": "0", "created_user": null, "created_date": null, "last_edited_user": null, "last_edited_date": null}, "geometry": {"type": "Point", "coordinates": [31.557940060192443, 30.27436411454001, 15.255499999999302]}}, {"type": "Feature", "properties": {"Description": null, "Telecom_Feature_Type": "كونيكتور", "Easting": "031° 33' 17.03\" E", "Northing": "30° 16' 22.22\" N", "ID": "0", "GlobalID": "{9F78FA4B-0762-4292-A795-5A4901F467F8}", "القطاع": "القطاع الثالث", "المسافة_بين_الكبنة_والبوكس": "0", "I_D": "0", "created_user": null, "created_date": null, "last_edited_user": null, "last_edited_date": null}, "geometry": {"type": "Point", "coordinates": [31.556406580066067, 30.273004129091344, -98.75260000000708]}}, {"type": "Feature", "properties": {"Description": null, "Telecom_Feature_Type": "كونيكتور", "Easting": "031° 33' 22.17\" E", "Northing": "30° 16' 26.27\" N", "ID": "0", "GlobalID": "{FBD37C3C-7718-4F6A-AB15-9199C56FD86C}", "القطاع": "القطاع الثالث", "المسافة_بين_الكبنة_والبوكس": "0", "I_D": "0", "created_user": null, "created_date": null, "last_edited_user": null, "last_edited_date": null}, "geometry": {"type": "Point", "coordinates": [31.557835065201694, 30.274129119634175, -63.96020000000135]}}, {"type": "Feature", "properties": {"Description": null, "Telecom_Feature_Type": "كونيكتور", "Easting": "031° 33' 24.05\" E", "Northing": "30° 16' 16.31\" N", "ID": "0", "GlobalID": "{C7744506-57AD-4D33-94B7-7C016122DC74}", "القطاع": "القطاع الاول", "المسافة_بين_الكبنة_والبوكس": "0", "I_D": "0", "created_user": null, "created_date": null, "last_edited_user": null, "last_edited_date": null}, "geometry": {"type": "Point", "coordinates": [31.558356842481473, 30.271362563465022, 0.006599999993341044]}}, {"type": "Feature", "properties": {"Description": null, "Telecom_Feature_Type": "كونيكتور", "Easting": "031° 33' 25.35\" E", "Northing": "30° 16' 19.95\" N", "ID": "0", "GlobalID": "{EA94CE4B-CA23-43D1-8166-7FFD26A44F99}", "القطاع": "القطاع الثالث", "المسافة_بين_الكبنة_والبوكس": "0", "I_D": "0", "created_user": null, "created_date": null, "last_edited_user": null, "last_edited_date": null}, "geometry": {"type": "Point", "coordinates": [31.5587184745428, 30.272373605843278, 0.006599999993341044]}}, {"type": "Feature", "properties": {"Description": null, "Telecom_Feature_Type": "كونيكتور", "Easting": "031° 33' 26.04\" E", "Northing": "30° 16' 19.32\" N", "ID": "0", "GlobalID": "{65640194-3EBD-47D3-AD29-9EC1F45D60B1}", "القطاع": "القطاع الثالث", "المسافة_بين_الكبنة_والبوكس": "0", "I_D": "0", "created_user": null, "created_date": null, "last_edited_user": null, "last_edited_date": null}, "geometry": {"type": "Point", "coordinates": [31.558909459737578, 30.272199253203485, 0.0]}}, {"type": "Feature", "properties": {"Description": null, "Telecom_Feature_Type": "كونيكتور", "Easting": "031° 33' 37.44\" E", "Northing": "30° 16' 13.2\" N", "ID": "0", "GlobalID": "{3CD5DA32-57F6-42FA-B56E-BF1261DB5638}", "القطاع": "القطاع الاول", "المسافة_بين_الكبنة_والبوكس": "0", "I_D": "0", "created_user": null, "created_date": null, "last_edited_user": null, "last_edited_date": null}, "geometry": {"type": "Point", "coordinates": [31.562075844272407, 30.27049901425052, -1003.9116999999969]}}, {"type": "Feature", "properties": {"Description": null, "Telecom_Feature_Type": "كونيكتور", "Easting": "031° 33' 36.22\" E", "Northing": "30° 16' 13.44\" N", "ID": "0", "GlobalID": "{E72C8EFE-0FA2-4DB0-8887-3E6BA800575D}", "القطاع": "القطاع الاول", "المسافة_بين_الكبنة_والبوكس": "0", "I_D": "0", "created_user": null, "created_date": null, "last_edited_user": null, "last_edited_date": null}, "geometry": {"type": "Point", "coordinates": [31.561737710945547, 30.27056697215099, 0.0]}}, {"type": "Feature", "properties": {"Description": null, "Telecom_Feature_Type": "كونيكتور", "Easting": "031° 33' 34.02\" E", "Northing": "30° 16' 15.55\" N", "ID": "0", "GlobalID": "{5496D391-ED79-4851-B5A4-628F454FAB00}", "القطاع": "القطاع الاول", "المسافة_بين_الكبنة_والبوكس": "0", "I_D": "0", "created_user": null, "created_date": null, "last_edited_user": null, "last_edited_date": null}, "geometry": {"type": "Point", "coordinates": [31.561128114550538, 30.271153492947306, 0.0]}}, {"type": "Feature", "properties": {"Description": null, "Telecom_Feature_Type": "كونيكتور", "Easting": "031° 33' 31.2\" E", "Northing": "30° 16' 18.29\" N", "ID": "0", "GlobalID": "{4F1FA897-545F-4D87-9DFB-2AE396B52FF8}", "القطاع": "القطاع الاول", "المسافة_بين_الكبنة_والبوكس": "0", "I_D": "0", "created_user": null, "created_date": null, "last_edited_user": null, "last_edited_date": null}, "geometry": {"type": "Point", "coordinates": [31.560344666119097, 30.271912890622456, -101.08610000000044]}}, {"type": "Feature", "properties": {"Description": null, "Telecom_Feature_Type": "كونيكتور", "Easting": "031° 33' 34.74\" E", "Northing": "30° 16' 17.69\" N", "ID": "0", "GlobalID": "{EB16B4E5-5FE2-4CA9-9B64-A4B8D12BD46C}", "القطاع": "القطاع الاول", "المسافة_بين_الكبنة_والبوكس": "0", "I_D": "0", "created_user": null, "created_date": null, "last_edited_user": null, "last_edited_date": null}, "geometry": {"type": "Point", "coordinates": [31.561325958846083, 30.271746724015784, 150.2890999999945]}}, {"type": "Feature", "properties": {"Description": null, "Telecom_Feature_Type": "كونيكتور", "Easting": "031° 33' 34.01\" E", "Northing": "30° 16' 16.71\" N", "ID": "0", "GlobalID": "{174E0175-F480-4AD8-82B5-D0B57241239A}", "القطاع": "القطاع الاول", "المسافة_بين_الكبنة_والبوكس": "0", "I_D": "0", "created_user": null, "created_date": null, "last_edited_user": null, "last_edited_date": null}, "geometry": {"type": "Point", "coordinates": [31.561123645909515, 30.271475897585976, 73.41000000000349]}}, {"type": "Feature", "properties": {"Description": null, "Telecom_Feature_Type": "كونيكتور", "Easting": "031° 33' 35.02\" E", "Northing": "30° 16' 22.91\" N", "ID": "0", "GlobalID": "{22A29E49-9C73-4C84-B3D8-1C1D474B806E}", "القطاع": "القطاع الاول", "المسافة_بين_الكبنة_والبوكس": "0", "I_D": "0", "created_user": null, "created_date": null, "last_edited_user": null, "last_edited_date": null}, "geometry": {"type": "Point", "coordinates": [31.56140350183046, 30.273196349589426, 0.0]}}, {"type": "Feature", "properties": {"Description": null, "Telecom_Feature_Type": "كونيكتور", "Easting": "031° 33' 36.24\" E", "Northing": "30° 16' 23.47\" N", "ID": "0", "GlobalID": "{C1133769-99C7-4464-BD62-E2A9223DBAEF}", "القطاع": "القطاع الاول", "المسافة_بين_الكبنة_والبوكس": "0", "I_D": "0", "created_user": null, "created_date": null, "last_edited_user": null, "last_edited_date": null}, "geometry": {"type": "Point", "coordinates": [31.561744955375456, 30.27335290566431, 0.0]}}, {"type": "Feature", "properties": {"Description": null, "Telecom_Feature_Type": "كونيكتور", "Easting": "031° 33' 37.19\" E", "Northing": "30° 16' 24.22\" N", "ID": "0", "GlobalID": "{2166E17F-95B0-4CE6-AFA3-A0873DD1C581}", "القطاع": "القطاع الاول", "المسافة_بين_الكبنة_والبوكس": "0", "I_D": "0", "created_user": null, "created_date": null, "last_edited_user": null, "last_edited_date": null}, "geometry": {"type": "Point", "coordinates": [31.562008773373783, 30.27356025569368, 0.0]}}, {"type": "Feature", "properties": {"Description": null, "Telecom_Feature_Type": "كونيكتور", "Easting": "031° 33' 35.82\" E", "Northing": "30° 16' 21.52\" N", "ID": "0", "GlobalID": "{BBE33005-DA2D-418F-B03E-5DABAE24D13D}", "القطاع": "القطاع الاول", "المسافة_بين_الكبنة_والبوكس": "0", "I_D": "0", "created_user": null, "created_date": null, "last_edited_user": null, "last_edited_date": null}, "geometry": {"type": "Point", "coordinates": [31.56162843499654, 30.272811543400408, -0.012700000006589107]}}, {"type": "Feature", "properties": {"Description": null, "Telecom_Feature_Type": "كونيكتور", "Easting": "031° 33' 36.58\" E", "Northing": "30° 16' 22.51\" N", "ID": "0", "GlobalID": "{CCD281A7-9261-4579-9D99-A3E6888F8739}", "القطاع": "القطاع الاول", "المسافة_بين_الكبنة_والبوكس": "0", "I_D": "0", "created_user": null, "created_date": null, "last_edited_user": null, "last_edited_date": null}, "geometry": {"type": "Point", "coordinates": [31.561837008204886, 30.27308567415255, 0.0]}}, {"type": "Feature", "properties": {"Description": null, "Telecom_Feature_Type": "كونيكتور", "Easting": "031° 33' 37.54\" E", "Northing": "30° 16' 23.27\" N", "ID": "0", "GlobalID": "{87E6C9D3-17E2-4D63-809E-19849078D25F}", "القطاع": "القطاع الاول", "المسافة_بين_الكبنة_والبوكس": "0", "I_D": "0", "created_user": null, "created_date": null, "last_edited_user": null, "last_edited_date": null}, "geometry": {"type": "Point", "coordinates": [31.562105602233768, 30.27329597306623, 0.0]}}, {"type": "Feature", "properties": {"Description": null, "Telecom_Feature_Type": "كونيكتور", "Easting": "031° 33' 39.16\" E", "Northing": "30° 16' 20.69\" N", "ID": "0", "GlobalID": "{8E024439-38FA-4B07-93C5-E4B6F7DFFDA3}", "القطاع": "القطاع الاول", "المسافة_بين_الكبنة_والبوكس": "0", "I_D": "0", "created_user": null, "created_date": null, "last_edited_user": null, "last_edited_date": null}, "geometry": {"type": "Point", "coordinates": [31.562554716855374, 30.272580975378716, 0.31040000000211876]}}, {"type": "Feature", "properties": {"Description": null, "Telecom_Feature_Type": "كونيكتور", "Easting": "031° 33' 40.14\" E", "Northing": "30° 16' 21.46\" N", "ID": "0", "GlobalID": "{CB8226B2-7892-49C2-AE31-05135B751FC3}", "القطاع": "القطاع الاول", "المسافة_بين_الكبنة_والبوكس": "0", "I_D": "0", "created_user": null, "created_date": null, "last_edited_user": null, "last_edited_date": null}, "geometry": {"type": "Point", "coordinates": [31.562827226131915, 30.27279515378428, 0.0]}}, {"type": "Feature", "properties": {"Description": null, "Telecom_Feature_Type": "كونيكتور", "Easting": "031° 33' 39.88\" E", "Northing": "30° 16' 20.04\" N", "ID": "0", "GlobalID": "{11DB974A-4CB1-4CBD-82D4-3413794B3D8E}", "القطاع": "القطاع الاول", "المسافة_بين_الكبنة_والبوكس": "0", "I_D": "0", "created_user": null, "created_date": null, "last_edited_user": null, "last_edited_date": null}, "geometry": {"type": "Point", "coordinates": [31.562756068168703, 30.27239911734956, -0.012700000006589107]}}, {"type": "Feature", "properties": {"Description": null, "Telecom_Feature_Type": "كونيكتور", "Easting": "031° 33' 27.67\" E", "Northing": "30° 16' 21.02\" N", "ID": "0", "GlobalID": "{AC74B68A-EA13-4020-AF68-638CD6943927}", "القطاع": "القطاع الثالث", "المسافة_بين_الكبنة_والبوكس": "0", "I_D": "0", "created_user": null, "created_date": null, "last_edited_user": null, "last_edited_date": null}, "geometry": {"type": "Point", "coordinates": [31.559362278728944, 30.27267063777603, 0.2635000000009313]}}, {"type": "Feature", "properties": {"Description": null, "Telecom_Feature_Type": "كونيكتور", "Easting": "031° 33' 29.33\" E", "Northing": "30° 16' 21.42\" N", "ID": "0", "GlobalID": "{031D66C4-F2C5-44A5-B9E6-1561F10409E8}", "القطاع": "القطاع الاول", "المسافة_بين_الكبنة_والبوكس": "0", "I_D": "0", "created_user": null, "created_date": null, "last_edited_user": null, "last_edited_date": null}, "geometry": {"type": "Point", "coordinates": [31.559823805388863, 30.272783004360935, -0.005999999993946403]}}, {"type": "Feature", "properties": {"Description": null, "Telecom_Feature_Type": "كونيكتور", "Easting": "031° 33' 31.38\" E", "Northing": "30° 16' 24.67\" N", "ID": "0", "GlobalID": "{23B7C889-3867-444E-AB89-3B77AD8EF288}", "القطاع": "القطاع الثالث", "المسافة_بين_الكبنة_والبوكس": "0", "I_D": "0", "created_user": null, "created_date": null, "last_edited_user": null, "last_edited_date": null}, "geometry": {"type": "Point", "coordinates": [31.560393837991587, 30.273685236827706, 0.006599999993341044]}}, {"type": "Feature", "properties": {"Description": null, "Telecom_Feature_Type": "كونيكتور", "Easting": "031° 33' 30.69\" E", "Northing": "30° 16' 23.37\" N", "ID": "0", "GlobalID": "{A940F158-B089-4B22-A442-99E054610A04}", "القطاع": "القطاع الثالث", "المسافة_بين_الكبنة_والبوكس": "0", "I_D": "0", "created_user": null, "created_date": null, "last_edited_user": null, "last_edited_date": null}, "geometry": {"type": "Point", "coordinates": [31.56020198720706, 30.273324259315935, 0.2635000000009313]}}, {"type": "Feature", "properties": {"Description": null, "Telecom_Feature_Type": "كونيكتور", "Easting": "031° 33' 34.21\" E", "Northing": "30° 16' 25.23\" N", "ID": "0", "GlobalID": "{17151429-907F-44C6-BF9F-094D5CF415C8}", "القطاع": "القطاع الاول", "المسافة_بين_الكبنة_والبوكس": "0", "I_D": "0", "created_user": null, "created_date": null, "last_edited_user": null, "last_edited_date": null}, "geometry": {"type": "Point", "coordinates": [31.561179234338272, 30.273842102969848, -0.00010000000474974513]}}, {"type": "Feature", "properties": {"Description": null, "Telecom_Feature_Type": "كونيكتور", "Easting": "031° 33' 35.09\" E", "Northing": "30° 16' 26.41\" N", "ID": "0", "GlobalID": "{BAF10946-35BF-46C9-B335-0860A078CC6E}", "القطاع": "القطاع الثالث", "المسافة_بين_الكبنة_والبوكس": "0", "I_D": "0", "created_user": null, "created_date": null, "last_edited_user": null, "last_edited_date": null}, "geometry": {"type": "Point", "coordinates": [31.561423139422793, 30.274168559025505, -5.8540999999968335]}}, {"type": "Feature", "properties": {"Description": null, "Telecom_Feature_Type": "كونيكتور", "Easting": "031° 33' 34.73\" E", "Northing": "30° 16' 27.34\" N", "ID": "0", "GlobalID": "{ED56CBDF-D2EF-49ED-9CF4-9F39DEE6EA86}", "القطاع": "القطاع الثالث", "المسافة_بين_الكبنة_والبوكس": "0", "I_D": "0", "created_user": null, "created_date": null, "last_edited_user": null, "last_edited_date": null}, "geometry": {"type": "Point", "coordinates": [31.561323237723478, 30.27442804779816, 0.0]}}, {"type": "Feature", "properties": {"Description": null, "Telecom_Feature_Type": "كونيكتور", "Easting": "031° 33' 33.76\" E", "Northing": "30° 16' 26.94\" N", "ID": "0", "GlobalID": "{4D45ED4F-0B8A-4DAD-B581-647DC2CCAE0A}", "القطاع": "القطاع الثالث", "المسافة_بين_الكبنة_والبوكس": "0", "I_D": "0", "created_user": null, "created_date": null, "last_edited_user": null, "last_edited_date": null}, "geometry": {"type": "Point", "coordinates": [31.561054074783204, 30.27431547356611, 0.0]}}, {"type": "Feature", "properties": {"Description": null, "Telecom_Feature_Type": "كونيكتور", "Easting": "031° 33' 38.02\" E", "Northing": "30° 16' 28.24\" N", "ID": "0", "GlobalID": "{216810E1-A8B1-427A-BA6D-DE8FC5B6A993}", "القطاع": "القطاع الاول", "المسافة_بين_الكبنة_والبوكس": "0", "I_D": "0", "created_user": null, "created_date": null, "last_edited_user": null, "last_edited_date": null}, "geometry": {"type": "Point", "coordinates": [31.562237687755555, 30.274677388218365, 0.0]}}, {"type": "Feature", "properties": {"Description": null, "Telecom_Feature_Type": "كونيكتور", "Easting": "031° 33' 41.52\" E", "Northing": "30° 16' 31.05\" N", "ID": "0", "GlobalID": "{501167A5-9723-48FD-94AA-A114517C6B48}", "القطاع": "القطاع الاول", "المسافة_بين_الكبنة_والبوكس": "0", "I_D": "0", "created_user": null, "created_date": null, "last_edited_user": null, "last_edited_date": null}, "geometry": {"type": "Point", "coordinates": [31.563209830619353, 30.27545691744976, 0.0]}}, {"type": "Feature", "properties": {"Description": null, "Telecom_Feature_Type": "كونيكتور", "Easting": "031° 33' 39.61\" E", "Northing": "30° 16' 29.52\" N", "ID": "0", "GlobalID": "{22E2D325-5C00-4658-95E2-AC3602CD5AE0}", "القطاع": "القطاع الاول", "المسافة_بين_الكبنة_والبوكس": "0", "I_D": "0", "created_user": null, "created_date": null, "last_edited_user": null, "last_edited_date": null}, "geometry": {"type": "Point", "coordinates": [31.562678928511165, 30.275032170943145, 0.0]}}, {"type": "Feature", "properties": {"Description": null, "Telecom_Feature_Type": "كونيكتور", "Easting": "031° 33' 23.26\" E", "Northing": "30° 16' 25.35\" N", "ID": "0", "GlobalID": "{42BF7618-22F9-45E5-A349-51AAEF6C3A39}", "القطاع": "القطاع الثالث", "المسافة_بين_الكبنة_والبوكس": "0", "I_D": "0", "created_user": null, "created_date": null, "last_edited_user": null, "last_edited_date": null}, "geometry": {"type": "Point", "coordinates": [31.558138668483124, 30.273875028356233, 0.08550000000104774]}}, {"type": "Feature", "properties": {"Description": null, "Telecom_Feature_Type": "كونيكتور", "Easting": "031° 33' 23.71\" E", "Northing": "30° 16' 24.51\" N", "ID": "0", "GlobalID": "{E66C3C77-3692-49AD-AC9D-269DDD6A345A}", "القطاع": "القطاع الثالث", "المسافة_بين_الكبنة_والبوكس": "0", "I_D": "0", "created_user": null, "created_date": null, "last_edited_user": null, "last_edited_date": null}, "geometry": {"type": "Point", "coordinates": [31.55826296983215, 30.27364001590821, 75.25689999999304]}}, {"type": "Feature", "properties": {"Description": null, "Telecom_Feature_Type": "كونيكتور", "Easting": "031° 33' 23.61\" E", "Northing": "30° 16' 26.18\" N", "ID": "0", "GlobalID": "{DE6B570F-16D7-4B29-84E1-E08B5280361F}", "القطاع": "القطاع الثالث", "المسافة_بين_الكبنة_والبوكس": "0", "I_D": "0", "created_user": null, "created_date": null, "last_edited_user": null, "last_edited_date": null}, "geometry": {"type": "Point", "coordinates": [31.558236227429276, 30.27410666753132, 0.0]}}, {"type": "Feature", "properties": {"Description": null, "Telecom_Feature_Type": "كونيكتور", "Easting": "031° 33' 26.26\" E", "Northing": "30° 16' 27.72\" N", "ID": "0", "GlobalID": "{0B37553A-7289-43DF-B535-F00E8A45E1A5}", "القطاع": "القطاع الثالث", "المسافة_بين_الكبنة_والبوكس": "0", "I_D": "0", "created_user": null, "created_date": null, "last_edited_user": null, "last_edited_date": null}, "geometry": {"type": "Point", "coordinates": [31.55897234114937, 30.274534155131697, 0.08509999999660067]}}, {"type": "Feature", "properties": {"Description": null, "Telecom_Feature_Type": "كونيكتور", "Easting": "031° 33' 26.67\" E", "Northing": "30° 16' 26.85\" N", "ID": "0", "GlobalID": "{56C5BED7-2F84-4FD6-86C2-602985A65E08}", "القطاع": "القطاع الثالث", "المسافة_بين_الكبنة_والبوكس": "0", "I_D": "0", "created_user": null, "created_date": null, "last_edited_user": null, "last_edited_date": null}, "geometry": {"type": "Point", "coordinates": [31.559085782296098, 30.274290242407748, -0.00029999999969732016]}}, {"type": "Feature", "properties": {"Description": null, "Telecom_Feature_Type": "كونيكتور", "Easting": "031° 33' 27.61\" E", "Northing": "30° 16' 25.92\" N", "ID": "0", "GlobalID": "{A8A2F31B-49C9-402F-B297-F6B7E233D0A7}", "القطاع": "القطاع الثالث", "المسافة_بين_الكبنة_والبوكس": "0", "I_D": "0", "created_user": null, "created_date": null, "last_edited_user": null, "last_edited_date": null}, "geometry": {"type": "Point", "coordinates": [31.559346963219802, 30.274033194531064, 91.37619999999879]}}, {"type": "Feature", "properties": {"Description": null, "Telecom_Feature_Type": "كونيكتور", "Easting": "031° 33' 26.62\" E", "Northing": "30° 16' 28.55\" N", "ID": "0", "GlobalID": "{0C10E52D-CF5C-4EEB-AC74-A3C0809686B9}", "القطاع": "القطاع الثالث", "المسافة_بين_الكبنة_والبوكس": "0", "I_D": "0", "created_user": null, "created_date": null, "last_edited_user": null, "last_edited_date": null}, "geometry": {"type": "Point", "coordinates": [31.559072154078972, 30.274763642579845, -0.00029999999969732016]}}, {"type": "Feature", "properties": {"Description": null, "Telecom_Feature_Type": "كونيكتور", "Easting": "031° 33' 29.04\" E", "Northing": "30° 16' 30.42\" N", "ID": "0", "GlobalID": "{658CF9B0-8F77-4C8A-9394-09CDDFB6065B}", "القطاع": "القطاع الثالث", "المسافة_بين_الكبنة_والبوكس": "0", "I_D": "0", "created_user": null, "created_date": null, "last_edited_user": null, "last_edited_date": null}, "geometry": {"type": "Point", "coordinates": [31.559742870722904, 30.275283900435028, 99.99959999999555]}}, {"type": "Feature", "properties": {"Description": null, "Telecom_Feature_Type": "كونيكتور", "Easting": "031° 33' 30.23\" E", "Northing": "30° 16' 30.44\" N", "ID": "0", "GlobalID": "{9B72F51B-8BD0-4CB1-9D99-BFB124862903}", "القطاع": "القطاع الثالث", "المسافة_بين_الكبنة_والبوكس": "0", "I_D": "0", "created_user": null, "created_date": null, "last_edited_user": null, "last_edited_date": null}, "geometry": {"type": "Point", "coordinates": [31.560075079882093, 30.275287654357445, 99.9997000000003]}}, {"type": "Feature", "properties": {"Description": null, "Telecom_Feature_Type": "كونيكتور", "Easting": "031° 33' 32.17\" E", "Northing": "30° 16' 29.1\" N", "ID": "0", "GlobalID": "{2DB24644-D092-485A-8B3F-0D08C64F8B13}", "القطاع": "القطاع الثالث", "المسافة_بين_الكبنة_والبوكس": "0", "I_D": "0", "created_user": null, "created_date": null, "last_edited_user": null, "last_edited_date": null}, "geometry": {"type": "Point", "coordinates": [31.56061423016451, 30.274916667899028, 0.0]}}, {"type": "Feature", "properties": {"Description": null, "Telecom_Feature_Type": "كونيكتور", "Easting": "031° 33' 31.99\" E", "Northing": "30° 16' 32.75\" N", "ID": "0", "GlobalID": "{4EEC0215-606B-4FB1-B66A-1DC1CC4C2B8E}", "القطاع": "القطاع الثالث", "المسافة_بين_الكبنة_والبوكس": "0", "I_D": "0", "created_user": null, "created_date": null, "last_edited_user": null, "last_edited_date": null}, "geometry": {"type": "Point", "coordinates": [31.56056387414582, 30.27593060422818, -0.00029999999969732016]}}, {"type": "Feature", "properties": {"Description": null, "Telecom_Feature_Type": "كونيكتور", "Easting": "031° 33' 33.18\" E", "Northing": "30° 16' 32.77\" N", "ID": "0", "GlobalID": "{DA9C096A-80AA-4C53-9C61-FE882E407F03}", "القطاع": "القطاع الثالث", "المسافة_بين_الكبنة_والبوكس": "0", "I_D": "0", "created_user": null, "created_date": null, "last_edited_user": null, "last_edited_date": null}, "geometry": {"type": "Point", "coordinates": [31.56089452465182, 30.275935851086917, -0.00019999999494757503]}}, {"type": "Feature", "properties": {"Description": null, "Telecom_Feature_Type": "كونيكتور", "Easting": "031° 33' 34.19\" E", "Northing": "30° 16' 32.36\" N", "ID": "0", "GlobalID": "{513EDB58-EC70-421B-B990-86159A48EF9F}", "القطاع": "القطاع الثالث", "المسافة_بين_الكبنة_والبوكس": "0", "I_D": "0", "created_user": null, "created_date": null, "last_edited_user": null, "last_edited_date": null}, "geometry": {"type": "Point", "coordinates": [31.56117363659285, 30.275821527200375, -0.00019999999494757503]}}, {"type": "Feature", "properties": {"Description": null, "Telecom_Feature_Type": "كونيكتور", "Easting": "031° 33' 35.12\" E", "Northing": "30° 16' 31.44\" N", "ID": "0", "GlobalID": "{80DAF74D-9EDC-4512-8871-29CE68906262}", "القطاع": "القطاع الثالث", "المسافة_بين_الكبنة_والبوكس": "0", "I_D": "0", "created_user": null, "created_date": null, "last_edited_user": null, "last_edited_date": null}, "geometry": {"type": "Point", "coordinates": [31.56143386706568, 30.27556507279886, -0.00029999999969732016]}}, {"type": "Feature", "properties": {"Description": null, "Telecom_Feature_Type": "كونيكتور", "Easting": "031° 33' 23.64\" E", "Northing": "30° 16' 31.25\" N", "ID": "0", "GlobalID": "{000FC002-4DC4-4C16-BE69-55091BF071BB}", "القطاع": "القطاع الثالث", "المسافة_بين_الكبنة_والبوكس": "0", "I_D": "0", "created_user": null, "created_date": null, "last_edited_user": null, "last_edited_date": null}, "geometry": {"type": "Point", "coordinates": [31.55824250562345, 30.275513352598296, -311.14280000000144]}}, {"type": "Feature", "properties": {"Description": null, "Telecom_Feature_Type": "كونيكتور", "Easting": "031° 33' 24.56\" E", "Northing": "30° 16' 30.31\" N", "ID": "0", "GlobalID": "{56470B1A-AA29-4F98-BCEC-05396D81E695}", "القطاع": "القطاع الثالث", "المسافة_بين_الكبنة_والبوكس": "0", "I_D": "0", "created_user": null, "created_date": null, "last_edited_user": null, "last_edited_date": null}, "geometry": {"type": "Point", "coordinates": [31.55849880977456, 30.275252906529847, -270.9600999999966]}}, {"type": "Feature", "properties": {"Description": null, "Telecom_Feature_Type": "كونيكتور", "Easting": "031° 33' 25.53\" E", "Northing": "30° 16' 29.87\" N", "ID": "0", "GlobalID": "{2AEB4751-37C3-4514-9D41-907E55AA0EA8}", "القطاع": "القطاع الثالث", "المسافة_بين_الكبنة_والبوكس": "0", "I_D": "0", "created_user": null, "created_date": null, "last_edited_user": null, "last_edited_date": null}, "geometry": {"type": "Point", "coordinates": [31.558767652252794, 30.275131351046504, -243.97789999999804]}}, {"type": "Feature", "properties": {"Description": null, "Telecom_Feature_Type": "كونيكتور", "Easting": "031° 33' 26.79\" E", "Northing": "30° 16' 29.92\" N", "ID": "0", "GlobalID": "{FC2AB824-3F0C-4B4A-9A56-50115528905D}", "القطاع": "القطاع الثالث", "المسافة_بين_الكبنة_والبوكس": "0", "I_D": "0", "created_user": null, "created_date": null, "last_edited_user": null, "last_edited_date": null}, "geometry": {"type": "Point", "coordinates": [31.55911914374303, 30.275144217923067, -98.75310000000172]}}, {"type": "Feature", "properties": {"Description": null, "Telecom_Feature_Type": "كونيكتور", "Easting": "031° 33' 26.55\" E", "Northing": "30° 16' 33.55\" N", "ID": "0", "GlobalID": "{4C77099A-7081-456B-B0BD-E1F38495100E}", "القطاع": "القطاع الثالث", "المسافة_بين_الكبنة_والبوكس": "0", "I_D": "0", "created_user": null, "created_date": null, "last_edited_user": null, "last_edited_date": null}, "geometry": {"type": "Point", "coordinates": [31.559052020508275, 30.27615357801494, -270.96050000000105]}}, {"type": "Feature", "properties": {"Description": null, "Telecom_Feature_Type": "كونيكتور", "Easting": "031° 33' 27.47\" E", "Northing": "30° 16' 32.61\" N", "ID": "0", "GlobalID": "{FE0FF8F9-C838-4E87-873D-32E17704EED8}", "القطاع": "القطاع الثالث", "المسافة_بين_الكبنة_والبوكس": "0", "I_D": "0", "created_user": null, "created_date": null, "last_edited_user": null, "last_edited_date": null}, "geometry": {"type": "Point", "coordinates": [31.55930789785336, 30.27589202545514, -270.9603999999963]}}, {"type": "Feature", "properties": {"Description": null, "Telecom_Feature_Type": "كونيكتور", "Easting": "031° 33' 28.44\" E", "Northing": "30° 16' 32.17\" N", "ID": "0", "GlobalID": "{AED84481-AE97-4D05-B2AB-38EC5AA97A20}", "القطاع": "القطاع الثالث", "المسافة_بين_الكبنة_والبوكس": "0", "I_D": "0", "created_user": null, "created_date": null, "last_edited_user": null, "last_edited_date": null}, "geometry": {"type": "Point", "coordinates": [31.559577361223894, 30.275769866156512, -235.9195000000036]}}, {"type": "Feature", "properties": {"Description": null, "Telecom_Feature_Type": "كونيكتور", "Easting": "031° 33' 29.71\" E", "Northing": "30° 16' 32.22\" N", "ID": "0", "GlobalID": "{1C0C2506-7E33-4B61-8327-ABF1BD51C40A}", "القطاع": "القطاع الثالث", "المسافة_بين_الكبنة_والبوكس": "0", "I_D": "0", "created_user": null, "created_date": null, "last_edited_user": null, "last_edited_date": null}, "geometry": {"type": "Point", "coordinates": [31.559928687624236, 30.275782899875995, -98.75340000000142]}}, {"type": "Feature", "properties": {"Description": null, "Telecom_Feature_Type": "كونيكتور", "Easting": "031° 33' 30.39\" E", "Northing": "30° 16' 34.92\" N", "ID": "0", "GlobalID": "{748A76CE-B9D9-4351-9CAA-FABC301FFF70}", "القطاع": "القطاع الثالث", "المسافة_بين_الكبنة_والبوكس": "0", "I_D": "0", "created_user": null, "created_date": null, "last_edited_user": null, "last_edited_date": null}, "geometry": {"type": "Point", "coordinates": [31.560118227756696, 30.276533852686022, -270.9600000000064]}}, {"type": "Feature", "properties": {"Description": null, "Telecom_Feature_Type": "كونيكتور", "Easting": "031° 33' 31.36\" E", "Northing": "30° 16' 34.48\" N", "ID": "0", "GlobalID": "{4933E130-1A84-4EB1-9400-2B7B2CEB07D6}", "القطاع": "القطاع الثالث", "المسافة_بين_الكبنة_والبوكس": "0", "I_D": "0", "created_user": null, "created_date": null, "last_edited_user": null, "last_edited_date": null}, "geometry": {"type": "Point", "coordinates": [31.560387910996347, 30.276411491084954, -243.9777999999933]}}, {"type": "Feature", "properties": {"Description": null, "Telecom_Feature_Type": "كونيكتور", "Easting": "031° 33' 32.63\" E", "Northing": "30° 16' 34.53\" N", "ID": "0", "GlobalID": "{417B71FC-25BB-429C-B169-2F75EE28D1F5}", "القطاع": "القطاع الثالث", "المسافة_بين_الكبنة_والبوكس": "0", "I_D": "0", "created_user": null, "created_date": null, "last_edited_user": null, "last_edited_date": null}, "geometry": {"type": "Point", "coordinates": [31.560740442954938, 30.27642336679457, -98.75299999999697]}}, {"type": "Feature", "properties": {"Description": null, "Telecom_Feature_Type": "كونيكتور", "Easting": "031° 33' 32.68\" E", "Northing": "30° 16' 38.32\" N", "ID": "0", "GlobalID": "{88F682D5-3D8B-40A5-A89F-1739E2FC8BF2}", "القطاع": "القطاع الثالث", "المسافة_بين_الكبنة_والبوكس": "0", "I_D": "0", "created_user": null, "created_date": null, "last_edited_user": null, "last_edited_date": null}, "geometry": {"type": "Point", "coordinates": [31.560755149945113, 30.27747852598679, -125.79300000000512]}}, {"type": "Feature", "properties": {"Description": null, "Telecom_Feature_Type": "كونيكتور", "Easting": "031° 33' 33.33\" E", "Northing": "30° 16' 37.22\" N", "ID": "0", "GlobalID": "{675EA00B-E1D6-45B0-96F1-418BDDA34E52}", "القطاع": "القطاع الثالث", "المسافة_بين_الكبنة_والبوكس": "0", "I_D": "0", "created_user": null, "created_date": null, "last_edited_user": null, "last_edited_date": null}, "geometry": {"type": "Point", "coordinates": [31.560936712488434, 30.277171534115723, 0.0]}}, {"type": "Feature", "properties": {"Description": null, "Telecom_Feature_Type": "كونيكتور", "Easting": "031° 33' 20.63\" E", "Northing": "30° 16' 34.1\" N", "ID": "0", "GlobalID": "{C666DB3C-B03D-4372-8C55-C80840A45C1F}", "القطاع": "القطاع الثالث", "المسافة_بين_الكبنة_والبوكس": "0", "I_D": "0", "created_user": null, "created_date": null, "last_edited_user": null, "last_edited_date": null}, "geometry": {"type": "Point", "coordinates": [31.55740720918193, 30.276305307528105, 0.2967999999964377]}}, {"type": "Feature", "properties": {"Description": null, "Telecom_Feature_Type": "كونيكتور", "Easting": "031° 33' 21.52\" E", "Northing": "30° 16' 33.14\" N", "ID": "0", "GlobalID": "{EE21DA99-7C21-446C-BAA6-FEC9B75CF78B}", "القطاع": "القطاع الثالث", "المسافة_بين_الكبنة_والبوكس": "0", "I_D": "0", "created_user": null, "created_date": null, "last_edited_user": null, "last_edited_date": null}, "geometry": {"type": "Point", "coordinates": [31.557655660940462, 30.27603758547036, 0.2967999999964377]}}, {"type": "Feature", "properties": {"Description": null, "Telecom_Feature_Type": "كونيكتور", "Easting": "031° 33' 20.62\" E", "Northing": "30° 16' 35.76\" N", "ID": "0", "GlobalID": "{EA59104C-1844-417B-BACE-672C789865D2}", "القطاع": "القطاع الثالث", "المسافة_بين_الكبنة_والبوكس": "0", "I_D": "0", "created_user": null, "created_date": null, "last_edited_user": null, "last_edited_date": null}, "geometry": {"type": "Point", "coordinates": [31.55740483574766, 30.276765657574565, 0.0]}}, {"type": "Feature", "properties": {"Description": null, "Telecom_Feature_Type": "كونيكتور", "Easting": "031° 33' 28.94\" E", "Northing": "30° 16' 38.5\" N", "ID": "0", "GlobalID": "{A7DFCDA1-6E41-4A94-91A3-F210C627A4F4}", "القطاع": "القطاع الثالث", "المسافة_بين_الكبنة_والبوكس": "0", "I_D": "0", "created_user": null, "created_date": null, "last_edited_user": null, "last_edited_date": null}, "geometry": {"type": "Point", "coordinates": [31.559715412341227, 30.27752721002457, 0.0]}}, {"type": "Feature", "properties": {"Description": null, "Telecom_Feature_Type": "كونيكتور", "Easting": "031° 33' 35.23\" E", "Northing": "30° 16' 36.8\" N", "ID": "0", "GlobalID": "{3F2A6855-EE0D-46D8-AF5E-3A15B02520E5}", "القطاع": "القطاع الثالث", "المسافة_بين_الكبنة_والبوكس": "0", "I_D": "0", "created_user": null, "created_date": null, "last_edited_user": null, "last_edited_date": null}, "geometry": {"type": "Point", "coordinates": [31.561463673215446, 30.277056233064876, -0.00019999999494757503]}}, {"type": "Feature", "properties": {"Description": null, "Telecom_Feature_Type": "كونيكتور", "Easting": "031° 33' 37.07\" E", "Northing": "30° 16' 38.61\" N", "ID": "0", "GlobalID": "{410212C1-5C1D-4C2D-9C90-9BF127848D0C}", "القطاع": "القطاع الثالث", "المسافة_بين_الكبنة_والبوكس": "0", "I_D": "0", "created_user": null, "created_date": null, "last_edited_user": null, "last_edited_date": null}, "geometry": {"type": "Point", "coordinates": [31.561974360351403, 30.27755803147526, 0.00010000000474974513]}}, {"type": "Feature", "properties": {"Description": null, "Telecom_Feature_Type": "كونيكتور", "Easting": "031° 33' 41.96\" E", "Northing": "30° 16' 36.92\" N", "ID": "0", "GlobalID": "{34EA61A1-1251-467A-A73B-69B35E339869}", "القطاع": "القطاع الثالث", "المسافة_بين_الكبنة_والبوكس": "0", "I_D": "0", "created_user": null, "created_date": null, "last_edited_user": null, "last_edited_date": null}, "geometry": {"type": "Point", "coordinates": [31.56333241086848, 30.277088731986687, 0.0]}}, {"type": "Feature", "properties": {"Description": null, "Telecom_Feature_Type": "كونيكتور", "Easting": "031° 33' 42.63\" E", "Northing": "30° 16' 37.65\" N", "ID": "0", "GlobalID": "{EAE139F0-1C70-41E4-BC63-79D3F0A63140}", "القطاع": "القطاع الثالث", "المسافة_بين_الكبنة_والبوكس": "0", "I_D": "0", "created_user": null, "created_date": null, "last_edited_user": null, "last_edited_date": null}, "geometry": {"type": "Point", "coordinates": [31.56351983207851, 30.277291512427656, 0.0]}}, {"type": "Feature", "properties": {"Description": null, "Telecom_Feature_Type": "كونيكتور", "Easting": "031° 33' 38.57\" E", "Northing": "30° 16' 37.14\" N", "ID": "0", "GlobalID": "{483F6D91-FC05-4385-83D5-D7A58648EFDD}", "القطاع": "القطاع الثالث", "المسافة_بين_الكبنة_والبوكس": "0", "I_D": "0", "created_user": null, "created_date": null, "last_edited_user": null, "last_edited_date": null}, "geometry": {"type": "Point", "coordinates": [31.562389633765363, 30.277149381843227, 0.3289999999979045]}}, {"type": "Feature", "properties": {"Description": null, "Telecom_Feature_Type": "كونيكتور", "Easting": "031° 33' 40.89\" E", "Northing": "30° 16' 36.84\" N", "ID": "0", "GlobalID": "{FD4E66AF-8CC4-4ED5-9527-612A89A82B5E}", "القطاع": "القطاع الثالث", "المسافة_بين_الكبنة_والبوكس": "0", "I_D": "0", "created_user": null, "created_date": null, "last_edited_user": null, "last_edited_date": null}, "geometry": {"type": "Point", "coordinates": [31.56303435918885, 30.277067453725785, 0.3289999999979045]}}, {"type": "Feature", "properties": {"Description": null, "Telecom_Feature_Type": "كونيكتور", "Easting": "031° 33' 40.71\" E", "Northing": "30° 16' 45.95\" N", "ID": "0", "GlobalID": "{3525C6FF-2B65-4B09-9605-C5C54EF75759}", "القطاع": "القطاع الثالث", "المسافة_بين_الكبنة_والبوكس": "0", "I_D": "0", "created_user": null, "created_date": null, "last_edited_user": null, "last_edited_date": null}, "geometry": {"type": "Point", "coordinates": [31.562984442851345, 30.27959760637751, -0.1356999999989057]}}, {"type": "Feature", "properties": {"Description": null, "Telecom_Feature_Type": "كونيكتور", "Easting": "031° 33' 49.21\" E", "Northing": "30° 16' 38.27\" N", "ID": "0", "GlobalID": "{A4149E38-FF75-42B9-B799-D55EEEDB46A7}", "القطاع": "القطاع الثالث", "المسافة_بين_الكبنة_والبوكس": "0", "I_D": "0", "created_user": null, "created_date": null, "last_edited_user": null, "last_edited_date": null}, "geometry": {"type": "Point", "coordinates": [31.565347509304765, 30.27746338209714, -0.028800000000046566]}}, {"type": "Feature", "properties": {"Description": null, "Telecom_Feature_Type": "كونيكتور", "Easting": "031° 34' 11.39\" E", "Northing": "30° 16' 15.85\" N", "ID": "0", "GlobalID": "{0A45F71E-2F97-421F-A327-6C47CEA25EFF}", "القطاع": "القطاع الثاني", "المسافة_بين_الكبنة_والبوكس": "0", "I_D": "0", "created_user": null, "created_date": null, "last_edited_user": null, "last_edited_date": null}, "geometry": {"type": "Point", "coordinates": [31.571507330547096, 30.2712358743069, 0.0]}}, {"type": "Feature", "properties": {"Description": null, "Telecom_Feature_Type": "كونيكتور", "Easting": "031° 33' 22.26\" E", "Northing": "30° 16' 5.89\" N", "ID": "0", "GlobalID": "{431DA6B9-BFB4-42EB-93F8-77B6E8418DFF}", "القطاع": "القطاع الثاني", "المسافة_بين_الكبنة_والبوكس": "0", "I_D": "0", "created_user": null, "created_date": null, "last_edited_user": null, "last_edited_date": null}, "geometry": {"type": "Point", "coordinates": [31.557860180143628, 30.26846891293847, 0.0]}}, {"type": "Feature", "properties": {"Description": null, "Telecom_Feature_Type": "كونيكتور", "Easting": "031° 33' 56.53\" E", "Northing": "30° 16' 12.52\" N", "ID": "0", "GlobalID": "{5937283C-AA1F-43CA-8258-7977625CA1FF}", "القطاع": "القطاع الثاني", "المسافة_بين_الكبنة_والبوكس": "0", "I_D": "0", "created_user": null, "created_date": null, "last_edited_user": null, "last_edited_date": null}, "geometry": {"type": "Point", "coordinates": [31.567379009011987, 30.270310462311393, 0.0]}}, {"type": "Feature", "properties": {"Description": null, "Telecom_Feature_Type": "كونيكتور", "Easting": "031° 33' 36.35\" E", "Northing": "30° 15' 50.88\" N", "ID": "0", "GlobalID": "{E3F2DC07-EEED-45FC-8144-D2A814D5E7B9}", "القطاع": "القطاع الثاني", "المسافة_بين_الكبنة_والبوكس": "0", "I_D": "0", "created_user": null, "created_date": null, "last_edited_user": null, "last_edited_date": null}, "geometry": {"type": "Point", "coordinates": [31.56177520128901, 30.264298195379006, 0.0]}}, {"type": "Feature", "properties": {"Description": null, "Telecom_Feature_Type": "كونيكتور", "Easting": "031° 33' 35.61\" E", "Northing": "30° 15' 51.56\" N", "ID": "0", "GlobalID": "{3ED9C4B4-1888-4C25-ACBC-A1A889B43F2B}", "القطاع": "القطاع الثاني", "المسافة_بين_الكبنة_والبوكس": "0", "I_D": "0", "created_user": null, "created_date": null, "last_edited_user": null, "last_edited_date": null}, "geometry": {"type": "Point", "coordinates": [31.561569434263394, 30.264488427472482, 0.0]}}, {"type": "Feature", "properties": {"Description": null, "Telecom_Feature_Type": "كونيكتور", "Easting": "031° 33' 35.59\" E", "Northing": "30° 15' 52.54\" N", "ID": "0", "GlobalID": "{EBC41129-4FDE-4E92-9AF0-00EF468A55AB}", "القطاع": "القطاع الثاني", "المسافة_بين_الكبنة_والبوكس": "0", "I_D": "0", "created_user": null, "created_date": null, "last_edited_user": null, "last_edited_date": null}, "geometry": {"type": "Point", "coordinates": [31.561564037264286, 30.264760641745333, 0.0]}}, {"type": "Feature", "properties": {"Description": null, "Telecom_Feature_Type": "كونيكتور", "Easting": "031° 33' 31.45\" E", "Northing": "30° 15' 49.53\" N", "ID": "0", "GlobalID": "{F4ACFBD8-FD92-468A-B715-9F2E1C21561A}", "القطاع": "القطاع الثاني", "المسافة_بين_الكبنة_والبوكس": "0", "I_D": "0", "created_user": null, "created_date": null, "last_edited_user": null, "last_edited_date": null}, "geometry": {"type": "Point", "coordinates": [31.56041320297826, 30.263925893330523, 0.0]}}, {"type": "Feature", "properties": {"Description": null, "Telecom_Feature_Type": "كونيكتور", "Easting": "031° 33' 30.97\" E", "Northing": "30° 15' 50.35\" N", "ID": "0", "GlobalID": "{DF40E7EF-FCC7-4899-B636-6C3DEC12BC23}", "القطاع": "القطاع الثاني", "المسافة_بين_الكبنة_والبوكس": "0", "I_D": "0", "created_user": null, "created_date": null, "last_edited_user": null, "last_edited_date": null}, "geometry": {"type": "Point", "coordinates": [31.560278668961633, 30.264152711802993, 0.0]}}, {"type": "Feature", "properties": {"Description": null, "Telecom_Feature_Type": "كونيكتور", "Easting": "031° 33' 31.14\" E", "Northing": "30° 15' 51.28\" N", "ID": "0", "GlobalID": "{22026406-71E2-415B-9489-8EF2CF82F11E}", "القطاع": "القطاع الثاني", "المسافة_بين_الكبنة_والبوكس": "0", "I_D": "0", "created_user": null, "created_date": null, "last_edited_user": null, "last_edited_date": null}, "geometry": {"type": "Point", "coordinates": [31.560327271508616, 30.26441007324704, 0.0]}}, {"type": "Feature", "properties": {"Description": null, "Telecom_Feature_Type": "كونيكتور", "Easting": "031° 33' 30.96\" E", "Northing": "30° 15' 52.49\" N", "ID": "0", "GlobalID": "{2169AEFC-E61D-4121-9FBD-748AA07280A3}", "القطاع": "القطاع الثاني", "المسافة_بين_الكبنة_والبوكس": "0", "I_D": "0", "created_user": null, "created_date": null, "last_edited_user": null, "last_edited_date": null}, "geometry": {"type": "Point", "coordinates": [31.560277060383367, 30.264747936733368, 0.0]}}, {"type": "Feature", "properties": {"Description": null, "Telecom_Feature_Type": "كونيكتور", "Easting": "031° 33' 24.88\" E", "Northing": "30° 15' 49.55\" N", "ID": "0", "GlobalID": "{2CDAEA0A-A4A7-4E52-A501-A70BFC90E148}", "القطاع": "القطاع الثاني", "المسافة_بين_الكبنة_والبوكس": "0", "I_D": "0", "created_user": null, "created_date": null, "last_edited_user": null, "last_edited_date": null}, "geometry": {"type": "Point", "coordinates": [31.558587092031914, 30.2639288846569, 0.0]}}, {"type": "Feature", "properties": {"Description": null, "Telecom_Feature_Type": "كونيكتور", "Easting": "031° 33' 25.47\" E", "Northing": "30° 15' 51.22\" N", "ID": "0", "GlobalID": "{55949834-3408-461B-9B82-D3C15DF6A8D7}", "القطاع": "القطاع الثاني", "المسافة_بين_الكبنة_والبوكس": "0", "I_D": "0", "created_user": null, "created_date": null, "last_edited_user": null, "last_edited_date": null}, "geometry": {"type": "Point", "coordinates": [31.558753186670167, 30.26439358025713, 0.0]}}, {"type": "Feature", "properties": {"Description": null, "Telecom_Feature_Type": "كونيكتور", "Easting": "031° 33' 25.85\" E", "Northing": "30° 15' 52.41\" N", "ID": "0", "GlobalID": "{B532683F-BC77-4344-9248-5BB9406821E1}", "القطاع": "القطاع الثاني", "المسافة_بين_الكبنة_والبوكس": "0", "I_D": "0", "created_user": null, "created_date": null, "last_edited_user": null, "last_edited_date": null}, "geometry": {"type": "Point", "coordinates": [31.55885879344142, 30.26472565757471, 0.0]}}, {"type": "Feature", "properties": {"Description": null, "Telecom_Feature_Type": "كونيكتور", "Easting": "031° 33' 34.54\" E", "Northing": "30° 15' 50.69\" N", "ID": "0", "GlobalID": "{37DEE571-FF16-419B-840E-C2ACCD2B184C}", "القطاع": "القطاع الثاني", "المسافة_بين_الكبنة_والبوكس": "0", "I_D": "0", "created_user": null, "created_date": null, "last_edited_user": null, "last_edited_date": null}, "geometry": {"type": "Point", "coordinates": [31.561272520794297, 30.26424670633749, 0.09870000000228174]}}, {"type": "Feature", "properties": {"Description": null, "Telecom_Feature_Type": "كونيكتور", "Easting": "031° 33' 33.78\" E", "Northing": "30° 15' 52.31\" N", "ID": "0", "GlobalID": "{26364C21-2DA4-4DA9-A94E-03081D37367A}", "القطاع": "القطاع الثاني", "المسافة_بين_الكبنة_والبوكس": "0", "I_D": "0", "created_user": null, "created_date": null, "last_edited_user": null, "last_edited_date": null}, "geometry": {"type": "Point", "coordinates": [31.561059295327745, 30.26469586730303, 0.0]}}, {"type": "Feature", "properties": {"Description": null, "Telecom_Feature_Type": "كونيكتور", "Easting": "031° 33' 29.63\" E", "Northing": "30° 15' 49.7\" N", "ID": "0", "GlobalID": "{0C9CD42E-41D2-4A89-869E-C0412D9E1B04}", "القطاع": "القطاع الثاني", "المسافة_بين_الكبنة_والبوكس": "0", "I_D": "0", "created_user": null, "created_date": null, "last_edited_user": null, "last_edited_date": null}, "geometry": {"type": "Point", "coordinates": [31.55990766254327, 30.263971693209395, 0.09870000000228174]}}, {"type": "Feature", "properties": {"Description": null, "Telecom_Feature_Type": "كونيكتور", "Easting": "031° 33' 29.85\" E", "Northing": "30° 15' 50.62\" N", "ID": "0", "GlobalID": "{79661519-0E49-4FC1-B9DD-7BEEA70D81BC}", "القطاع": "القطاع الثاني", "المسافة_بين_الكبنة_والبوكس": "0", "I_D": "0", "created_user": null, "created_date": null, "last_edited_user": null, "last_edited_date": null}, "geometry": {"type": "Point", "coordinates": [31.559968215271752, 30.264227014788045, 0.0]}}, {"type": "Feature", "properties": {"Description": null, "Telecom_Feature_Type": "كونيكتور", "Easting": "031° 33' 29.31\" E", "Northing": "30° 15' 51.42\" N", "ID": "0", "GlobalID": "{7833BE63-C500-4CDE-925B-EDC6FE42E2AE}", "القطاع": "القطاع الثاني", "المسافة_بين_الكبنة_والبوكس": "0", "I_D": "0", "created_user": null, "created_date": null, "last_edited_user": null, "last_edited_date": null}, "geometry": {"type": "Point", "coordinates": [31.559819344717663, 30.26445000256456, 0.09870000000228174]}}, {"type": "Feature", "properties": {"Description": null, "Telecom_Feature_Type": "كونيكتور", "Easting": "031° 33' 29.11\" E", "Northing": "30° 15' 52.64\" N", "ID": "0", "GlobalID": "{06E63AEF-7E64-49B3-8262-99371AA76866}", "القطاع": "القطاع الثاني", "المسافة_بين_الكبنة_والبوكس": "0", "I_D": "0", "created_user": null, "created_date": null, "last_edited_user": null, "last_edited_date": null}, "geometry": {"type": "Point", "coordinates": [31.559763087226482, 30.264788271433265, 0.09870000000228174]}}, {"type": "Feature", "properties": {"Description": null, "Telecom_Feature_Type": "كونيكتور", "Easting": "031° 33' 24.16\" E", "Northing": "30° 15' 53.24\" N", "ID": "0", "GlobalID": "{1EC30C7F-7652-4793-B8DD-A00FB11AB342}", "القطاع": "القطاع الثاني", "المسافة_بين_الكبنة_والبوكس": "0", "I_D": "0", "created_user": null, "created_date": null, "last_edited_user": null, "last_edited_date": null}, "geometry": {"type": "Point", "coordinates": [31.558387527166474, 30.264956142764817, 0.0]}}, {"type": "Feature", "properties": {"Description": null, "Telecom_Feature_Type": "كونيكتور", "Easting": "031° 33' 22.88\" E", "Northing": "30° 15' 59.27\" N", "ID": "0", "GlobalID": "{10FD0528-7518-45C2-918B-DFBE1F67C5CC}", "القطاع": "القطاع الثاني", "المسافة_بين_الكبنة_والبوكس": "0", "I_D": "0", "created_user": null, "created_date": null, "last_edited_user": null, "last_edited_date": null}, "geometry": {"type": "Point", "coordinates": [31.558031684669885, 30.266629205295636, 0.011899999997694977]}}, {"type": "Feature", "properties": {"Description": null, "Telecom_Feature_Type": "كونيكتور", "Easting": "031° 33' 22.21\" E", "Northing": "30° 15' 58.58\" N", "ID": "0", "GlobalID": "{F2161570-4025-4D8E-90B7-BBAEF27275EF}", "القطاع": "القطاع الثاني", "المسافة_بين_الكبنة_والبوكس": "0", "I_D": "0", "created_user": null, "created_date": null, "last_edited_user": null, "last_edited_date": null}, "geometry": {"type": "Point", "coordinates": [31.557847171548687, 30.266438357940558, 0.011899999997694977]}}, {"type": "Feature", "properties": {"Description": null, "Telecom_Feature_Type": "كونيكتور", "Easting": "031° 33' 20.98\" E", "Northing": "30° 15' 57.91\" N", "ID": "0", "GlobalID": "{30F93EA8-BC4C-4285-A563-B6AFD3B9AF13}", "القطاع": "القطاع الثاني", "المسافة_بين_الكبنة_والبوكس": "0", "I_D": "0", "created_user": null, "created_date": null, "last_edited_user": null, "last_edited_date": null}, "geometry": {"type": "Point", "coordinates": [31.557504622666432, 30.266252494813163, 0.011899999997694977]}}, {"type": "Feature", "properties": {"Description": null, "Telecom_Feature_Type": "كونيكتور", "Easting": "031° 33' 5.52\" E", "Northing": "30° 16' 18.0\" N", "ID": "0", "GlobalID": "{0808AFA2-0443-4700-8E10-4CC236BDF2A7}", "القطاع": "القطاع الثالث", "المسافة_بين_الكبنة_والبوكس": "0", "I_D": "0", "created_user": null, "created_date": null, "last_edited_user": null, "last_edited_date": null}, "geometry": {"type": "Point", "coordinates": [31.553211405261184, 30.271833188106513, 0.0]}}, {"type": "Feature", "properties": {"Description": null, "Telecom_Feature_Type": "كونيكتور", "Easting": "031° 34' 4.71\" E", "Northing": "30° 16' 6.81\" N", "ID": "0", "GlobalID": "{62EBEE51-0786-4E75-881E-332D6E15B459}", "القطاع": "القطاع الثاني", "المسافة_بين_الكبنة_والبوكس": "0", "I_D": "0", "created_user": null, "created_date": null, "last_edited_user": null, "last_edited_date": null}, "geometry": {"type": "Point", "coordinates": [31.569653500094475, 30.26872479364146, 0.0004000000044470653]}}, {"type": "Feature", "properties": {"Description": null, "Telecom_Feature_Type": "كونيكتور", "Easting": "031° 34' 0.49\" E", "Northing": "30° 16' 13.39\" N", "ID": "0", "GlobalID": "{A96EB99A-481D-4F41-A04A-D1EED1E30329}", "القطاع": "القطاع الثاني", "المسافة_بين_الكبنة_والبوكس": "0", "I_D": "0", "created_user": null, "created_date": null, "last_edited_user": null, "last_edited_date": null}, "geometry": {"type": "Point", "coordinates": [31.56847997728824, 30.270552178076326, 0.0]}}, {"type": "Feature", "properties": {"Description": null, "Telecom_Feature_Type": "كونيكتور", "Easting": "031° 34' 1.43\" E", "Northing": "30° 16' 12.59\" N", "ID": "0", "GlobalID": "{25FD4695-C1B4-4802-9B53-7FB5C6015347}", "القطاع": "القطاع الثاني", "المسافة_بين_الكبنة_والبوكس": "0", "I_D": "0", "created_user": null, "created_date": null, "last_edited_user": null, "last_edited_date": null}, "geometry": {"type": "Point", "coordinates": [31.568741160793156, 30.27032935798811, 100.00079999999434]}}, {"type": "Feature", "properties": {"Description": null, "Telecom_Feature_Type": "كونيكتور", "Easting": "031° 34' 1.48\" E", "Northing": "30° 16' 14.72\" N", "ID": "0", "GlobalID": "{946D4A52-EBD4-424B-B8AB-D732AACE7050}", "القطاع": "القطاع الثاني", "المسافة_بين_الكبنة_والبوكس": "0", "I_D": "0", "created_user": null, "created_date": null, "last_edited_user": null, "last_edited_date": null}, "geometry": {"type": "Point", "coordinates": [31.56875361324565, 30.27092168918951, 0.0]}}, {"type": "Feature", "properties": {"Description": null, "Telecom_Feature_Type": "كونيكتور", "Easting": "031° 34' 8.57\" E", "Northing": "30° 16' 24.8\" N", "ID": "0", "GlobalID": "{1166E812-67AE-4D94-B3A7-0C09773E127E}", "القطاع": "القطاع الثاني", "المسافة_بين_الكبنة_والبوكس": "0", "I_D": "0", "created_user": null, "created_date": null, "last_edited_user": null, "last_edited_date": null}, "geometry": {"type": "Point", "coordinates": [31.570723470054116, 30.273722953761606, 0.0]}}, {"type": "Feature", "properties": {"Description": null, "Telecom_Feature_Type": "كونيكتور", "Easting": "031° 33' 22.77\" E", "Northing": "30° 16' 0.22\" N", "ID": "0", "GlobalID": "{C4302976-2851-49FD-A9B6-A1766D20E7A9}", "القطاع": "القطاع الثاني", "المسافة_بين_الكبنة_والبوكس": "0", "I_D": "0", "created_user": null, "created_date": null, "last_edited_user": null, "last_edited_date": null}, "geometry": {"type": "Point", "coordinates": [31.55800098677549, 30.266893735629363, 98.84420000000682]}}, {"type": "Feature", "properties": {"Description": null, "Telecom_Feature_Type": "كونيكتور", "Easting": "031° 33' 26.28\" E", "Northing": "30° 16' 15.03\" N", "ID": "0", "GlobalID": "{7DCDD400-1879-4946-B029-6E6688CD470A}", "القطاع": "القطاع الاول", "المسافة_بين_الكبنة_والبوكس": "0", "I_D": "0", "created_user": null, "created_date": null, "last_edited_user": null, "last_edited_date": null}, "geometry": {"type": "Point", "coordinates": [31.558975722945767, 30.271008687377417, 0.006599999993341044]}}, {"type": "Feature", "properties": {"Description": null, "Telecom_Feature_Type": "كونيكتور", "Easting": "031° 33' 27.09\" E", "Northing": "30° 16' 13.44\" N", "ID": "0", "GlobalID": "{777B1CFD-E736-4CBA-AE2E-CB677C196677}", "القطاع": "القطاع الاول", "المسافة_بين_الكبنة_والبوكس": "0", "I_D": "0", "created_user": null, "created_date": null, "last_edited_user": null, "last_edited_date": null}, "geometry": {"type": "Point", "coordinates": [31.559202586666277, 30.270567540686017, 0.0]}}, {"type": "Feature", "properties": {"Description": null, "Telecom_Feature_Type": "كونيكتور", "Easting": "031° 33' 28.3\" E", "Northing": "30° 16' 12.21\" N", "ID": "0", "GlobalID": "{8C8EADA5-124C-485D-9A70-719D5FD3B7F8}", "القطاع": "القطاع الاول", "المسافة_بين_الكبنة_والبوكس": "0", "I_D": "0", "created_user": null, "created_date": null, "last_edited_user": null, "last_edited_date": null}, "geometry": {"type": "Point", "coordinates": [31.559538540892643, 30.27022498712126, 0.006599999993341044]}}, {"type": "Feature", "properties": {"Description": null, "Telecom_Feature_Type": "كونيكتور", "Easting": "031° 33' 34.14\" E", "Northing": "30° 16' 13.81\" N", "ID": "0", "GlobalID": "{A9D0B8B2-5476-4A73-B247-2AAD0FE3AA00}", "القطاع": "القطاع الاول", "المسافة_بين_الكبنة_والبوكس": "0", "I_D": "0", "created_user": null, "created_date": null, "last_edited_user": null, "last_edited_date": null}, "geometry": {"type": "Point", "coordinates": [31.561159959148092, 30.27066938295354, 0.0]}}, {"type": "Feature", "properties": {"Description": null, "Telecom_Feature_Type": "كونيكتور", "Easting": "031° 33' 32.91\" E", "Northing": "30° 16' 14.97\" N", "ID": "0", "GlobalID": "{A42E9424-8724-4DEF-B8D7-51B7549787DC}", "القطاع": "القطاع الاول", "المسافة_بين_الكبنة_والبوكس": "0", "I_D": "0", "created_user": null, "created_date": null, "last_edited_user": null, "last_edited_date": null}, "geometry": {"type": "Point", "coordinates": [31.560817864967973, 30.270991758381445, 0.0]}}, {"type": "Feature", "properties": {"Description": null, "Telecom_Feature_Type": "كونيكتور", "Easting": "031° 33' 31.85\" E", "Northing": "30° 16' 16.7\" N", "ID": "0", "GlobalID": "{59890251-3BEC-4201-8263-C75F348662CC}", "القطاع": "القطاع الاول", "المسافة_بين_الكبنة_والبوكس": "0", "I_D": "0", "created_user": null, "created_date": null, "last_edited_user": null, "last_edited_date": null}, "geometry": {"type": "Point", "coordinates": [31.56052330715552, 30.271470743815083, 0.0]}}, {"type": "Feature", "properties": {"Description": null, "Telecom_Feature_Type": "كونيكتور", "Easting": "031° 33' 40.88\" E", "Northing": "30° 16' 3.21\" N", "ID": "0", "GlobalID": "{20F3D4DA-979F-4CF7-B81A-93A5211D4D63}", "القطاع": "القطاع الثاني", "المسافة_بين_الكبنة_والبوكس": "0", "I_D": "0", "created_user": null, "created_date": null, "last_edited_user": null, "last_edited_date": null}, "geometry": {"type": "Point", "coordinates": [31.563033291568857, 30.267724730992576, 0.0]}}, {"type": "Feature", "properties": {"Description": null, "Telecom_Feature_Type": "كونيكتور", "Easting": "031° 33' 40.27\" E", "Northing": "30° 16' 2.24\" N", "ID": "0", "GlobalID": "{4C531B43-90ED-48D1-8071-FABB4D3847DF}", "القطاع": "القطاع الثاني", "المسافة_بين_الكبنة_والبوكس": "0", "I_D": "0", "created_user": null, "created_date": null, "last_edited_user": null, "last_edited_date": null}, "geometry": {"type": "Point", "coordinates": [31.562864497314994, 30.267455841613064, 0.0]}}, {"type": "Feature", "properties": {"Description": null, "Telecom_Feature_Type": "كونيكتور", "Easting": "031° 33' 37.33\" E", "Northing": "30° 16' 1.4\" N", "ID": "0", "GlobalID": "{D1579427-E496-4E98-9693-1416FE30AB4C}", "القطاع": "القطاع الثاني", "المسافة_بين_الكبنة_والبوكس": "0", "I_D": "0", "created_user": null, "created_date": null, "last_edited_user": null, "last_edited_date": null}, "geometry": {"type": "Point", "coordinates": [31.56204630166352, 30.26722169407866, 0.0]}}, {"type": "Feature", "properties": {"Description": null, "Telecom_Feature_Type": "كونيكتور", "Easting": "031° 33' 35.88\" E", "Northing": "30° 16' 0.48\" N", "ID": "0", "GlobalID": "{45EFD727-A2DA-47AE-B7DF-A9A8C0C138B9}", "القطاع": "القطاع الثاني", "المسافة_بين_الكبنة_والبوكس": "0", "I_D": "0", "created_user": null, "created_date": null, "last_edited_user": null, "last_edited_date": null}, "geometry": {"type": "Point", "coordinates": [31.561644940268433, 30.26696509162116, 100.00109999999404]}}, {"type": "Feature", "properties": {"Description": null, "Telecom_Feature_Type": "كونيكتور", "Easting": "031° 33' 29.34\" E", "Northing": "30° 16' 0.95\" N", "ID": "0", "GlobalID": "{58C18AE7-E64D-4F71-9AF7-E274B4A7042B}", "القطاع": "القطاع الثاني", "المسافة_بين_الكبنة_والبوكس": "0", "I_D": "0", "created_user": null, "created_date": null, "last_edited_user": null, "last_edited_date": null}, "geometry": {"type": "Point", "coordinates": [31.559826757105338, 30.267095962814416, 0.0]}}, {"type": "Feature", "properties": {"Description": null, "Telecom_Feature_Type": "كونيكتور", "Easting": "031° 33' 32.69\" E", "Northing": "30° 16' 2.45\" N", "ID": "0", "GlobalID": "{E32C2B35-D0F7-4E14-96DE-52A88E79167A}", "القطاع": "القطاع الثاني", "المسافة_بين_الكبنة_والبوكس": "0", "I_D": "0", "created_user": null, "created_date": null, "last_edited_user": null, "last_edited_date": null}, "geometry": {"type": "Point", "coordinates": [31.560756630663246, 30.267513622468922, 0.0]}}, {"type": "Feature", "properties": {"Description": null, "Telecom_Feature_Type": "كونيكتور", "Easting": "031° 33' 34.84\" E", "Northing": "30° 16' 5.91\" N", "ID": "0", "GlobalID": "{2E417086-1E82-418F-ABAF-31D09146C441}", "القطاع": "القطاع الاول", "المسافة_بين_الكبنة_والبوكس": "0", "I_D": "0", "created_user": null, "created_date": null, "last_edited_user": null, "last_edited_date": null}, "geometry": {"type": "Point", "coordinates": [31.56135558142763, 30.26847570404385, 0.0]}}, {"type": "Feature", "properties": {"Description": null, "Telecom_Feature_Type": "كونيكتور", "Easting": "031° 33' 37.05\" E", "Northing": "30° 16' 6.76\" N", "ID": "0", "GlobalID": "{DDF0D1AB-4F22-416C-B4DB-1DAB37CD4935}", "القطاع": "القطاع الثاني", "المسافة_بين_الكبنة_والبوكس": "0", "I_D": "0", "created_user": null, "created_date": null, "last_edited_user": null, "last_edited_date": null}, "geometry": {"type": "Point", "coordinates": [31.561968851162288, 30.26870982203041, 0.0]}}, {"type": "Feature", "properties": {"Description": null, "Telecom_Feature_Type": "كونيكتور", "Easting": "031° 33' 38.75\" E", "Northing": "30° 16' 6.73\" N", "ID": "0", "GlobalID": "{DD13D61B-2C13-4C96-A47D-2C7CBAF481E0}", "القطاع": "القطاع الثاني", "المسافة_بين_الكبنة_والبوكس": "0", "I_D": "0", "created_user": null, "created_date": null, "last_edited_user": null, "last_edited_date": null}, "geometry": {"type": "Point", "coordinates": [31.562442277372295, 30.268701454889417, 0.0]}}, {"type": "Feature", "properties": {"Description": null, "Telecom_Feature_Type": "كونيكتور", "Easting": "031° 33' 32.41\" E", "Northing": "30° 16' 6.75\" N", "ID": "0", "GlobalID": "{71E926E5-06B6-4C37-B776-1D187278BC2B}", "القطاع": "القطاع الاول", "المسافة_بين_الكبنة_والبوكس": "0", "I_D": "0", "created_user": null, "created_date": null, "last_edited_user": null, "last_edited_date": null}, "geometry": {"type": "Point", "coordinates": [31.560679007715507, 30.268708687074202, 0.0]}}, {"type": "Feature", "properties": {"Description": null, "Telecom_Feature_Type": "كونيكتور", "Easting": "031° 33' 25.74\" E", "Northing": "30° 16' 39.79\" N", "ID": "0", "GlobalID": "{130BFC3C-5641-4750-9752-BA0A55C7A858}", "القطاع": "القطاع الثالث", "المسافة_بين_الكبنة_والبوكس": "0", "I_D": "0", "created_user": null, "created_date": null, "last_edited_user": null, "last_edited_date": null}, "geometry": {"type": "Point", "coordinates": [31.55882607406394, 30.27788668138318, -0.1113000000041211]}}, {"type": "Feature", "properties": {"Description": null, "Telecom_Feature_Type": "كونيكتور", "Easting": "031° 33' 19.64\" E", "Northing": "30° 16' 24.82\" N", "ID": "0", "GlobalID": "{87F67DF1-AF68-4266-A4F1-3BE7B2402507}", "القطاع": "القطاع الثالث", "المسافة_بين_الكبنة_والبوكس": "0", "I_D": "0", "created_user": null, "created_date": null, "last_edited_user": null, "last_edited_date": null}, "geometry": {"type": "Point", "coordinates": [31.55713309018594, 30.27372851237035, 102.57559999999648]}}, {"type": "Feature", "properties": {"Description": null, "Telecom_Feature_Type": "كونيكتور", "Easting": "031° 33' 34.34\" E", "Northing": "30° 16' 38.81\" N", "ID": "0", "GlobalID": "{866D454E-7788-4459-ACB4-84FF7718A996}", "القطاع": "القطاع الثالث", "المسافة_بين_الكبنة_والبوكس": "0", "I_D": "0", "created_user": null, "created_date": null, "last_edited_user": null, "last_edited_date": null}, "geometry": {"type": "Point", "coordinates": [31.561215998397568, 30.27761389997004, 0.0]}}, {"type": "Feature", "properties": {"Description": null, "Telecom_Feature_Type": "كونيكتور", "Easting": "031° 34' 1.55\" E", "Northing": "30° 16' 29.06\" N", "ID": "0", "GlobalID": "{2805EC50-CF07-45E5-B749-07A5E5FFCED6}", "القطاع": "القطاع الاول", "المسافة_بين_الكبنة_والبوكس": "0", "I_D": "0", "created_user": null, "created_date": null, "last_edited_user": null, "last_edited_date": null}, "geometry": {"type": "Point", "coordinates": [31.568775771292326, 30.274906501883923, 0.0]}}, {"type": "Feature", "properties": {"Description": null, "Telecom_Feature_Type": "كونيكتور", "Easting": "031° 34' 0.81\" E", "Northing": "30° 16' 29.65\" N", "ID": "0", "GlobalID": "{4374BF93-B53B-4277-83D6-CF25C781E38E}", "القطاع": "القطاع الاول", "المسافة_بين_الكبنة_والبوكس": "0", "I_D": "0", "created_user": null, "created_date": null, "last_edited_user": null, "last_edited_date": null}, "geometry": {"type": "Point", "coordinates": [31.568569393786877, 30.275069546285813, 0.0]}}, {"type": "Feature", "properties": {"Description": null, "Telecom_Feature_Type": "كونيكتور", "Easting": "031° 33' 59.46\" E", "Northing": "30° 16' 26.86\" N", "ID": "0", "GlobalID": "{B8CD4E9E-EE41-4CB4-9BA3-EF61DCEFA67F}", "القطاع": "القطاع الاول", "المسافة_بين_الكبنة_والبوكس": "0", "I_D": "0", "created_user": null, "created_date": null, "last_edited_user": null, "last_edited_date": null}, "geometry": {"type": "Point", "coordinates": [31.568192522022116, 30.274294657768035, 0.0]}}, {"type": "Feature", "properties": {"Description": null, "Telecom_Feature_Type": "كونيكتور", "Easting": "031° 34' 1.98\" E", "Northing": "30° 16' 27.29\" N", "ID": "0", "GlobalID": "{768FD0DE-1ED3-4E6A-A730-CA537F8C31C2}", "القطاع": "القطاع الاول", "المسافة_بين_الكبنة_والبوكس": "0", "I_D": "0", "created_user": null, "created_date": null, "last_edited_user": null, "last_edited_date": null}, "geometry": {"type": "Point", "coordinates": [31.568892835243382, 30.27441442123186, 0.0]}}, {"type": "Feature", "properties": {"Description": null, "Telecom_Feature_Type": "كونيكتور", "Easting": "031° 33' 46.68\" E", "Northing": "30° 16' 19.41\" N", "ID": "0", "GlobalID": "{69F47D8F-326A-49B0-8E31-6B2A0F2DD3AC}", "القطاع": "القطاع الاول", "المسافة_بين_الكبنة_والبوكس": "0", "I_D": "0", "created_user": null, "created_date": null, "last_edited_user": null, "last_edited_date": null}, "geometry": {"type": "Point", "coordinates": [31.564643473223384, 30.272225793616514, 0.0]}}, {"type": "Feature", "properties": {"Description": null, "Telecom_Feature_Type": "كونيكتور", "Easting": "031° 33' 47.56\" E", "Northing": "30° 16' 22.02\" N", "ID": "0", "GlobalID": "{7C3D7059-4399-4559-9CCB-9162B529251F}", "القطاع": "القطاع الاول", "المسافة_بين_الكبنة_والبوكس": "0", "I_D": "0", "created_user": null, "created_date": null, "last_edited_user": null, "last_edited_date": null}, "geometry": {"type": "Point", "coordinates": [31.564888570627613, 30.272948913176435, 0.0]}}, {"type": "Feature", "properties": {"Description": null, "Telecom_Feature_Type": "كونيكتور", "Easting": "031° 33' 47.45\" E", "Northing": "30° 16' 20.13\" N", "ID": "0", "GlobalID": "{271207EE-E02F-4A73-BF24-EA63302BA3DD}", "القطاع": "القطاع الاول", "المسافة_بين_الكبنة_والبوكس": "0", "I_D": "0", "created_user": null, "created_date": null, "last_edited_user": null, "last_edited_date": null}, "geometry": {"type": "Point", "coordinates": [31.56485667137147, 30.272424210932876, 0.0]}}, {"type": "Feature", "properties": {"Description": null, "Telecom_Feature_Type": "كونيكتور", "Easting": "031° 33' 53.43\" E", "Northing": "30° 16' 18.85\" N", "ID": "0", "GlobalID": "{EBF60749-DB77-48B6-A2A8-B96C3369074C}", "القطاع": "القطاع الاول", "المسافة_بين_الكبنة_والبوكس": "0", "I_D": "0", "created_user": null, "created_date": null, "last_edited_user": null, "last_edited_date": null}, "geometry": {"type": "Point", "coordinates": [31.566518983760627, 30.2720701020001, 0.0]}}, {"type": "Feature", "properties": {"Description": null, "Telecom_Feature_Type": "كونيكتور", "Easting": "031° 33' 51.6\" E", "Northing": "30° 16' 17.88\" N", "ID": "0", "GlobalID": "{8384A547-3E4F-48B9-865A-D6982DF33C8F}", "القطاع": "القطاع الاول", "المسافة_بين_الكبنة_والبوكس": "0", "I_D": "0", "created_user": null, "created_date": null, "last_edited_user": null, "last_edited_date": null}, "geometry": {"type": "Point", "coordinates": [31.566010358390123, 30.271799458841198, 0.0]}}, {"type": "Feature", "properties": {"Description": null, "Telecom_Feature_Type": "كونيكتور", "Easting": "031° 33' 51.31\" E", "Northing": "30° 16' 16.77\" N", "ID": "0", "GlobalID": "{43B8A8A4-D35A-40FB-A59D-26643D7C31A1}", "القطاع": "القطاع الاول", "المسافة_بين_الكبنة_والبوكس": "0", "I_D": "0", "created_user": null, "created_date": null, "last_edited_user": null, "last_edited_date": null}, "geometry": {"type": "Point", "coordinates": [31.565930021077016, 30.2714910080314, 0.0]}}, {"type": "Feature", "properties": {"Description": null, "Telecom_Feature_Type": "كونيكتور", "Easting": "031° 33' 48.88\" E", "Northing": "30° 16' 16.52\" N", "ID": "0", "GlobalID": "{BD277271-E5AF-47D3-9B9B-048D466139BF}", "القطاع": "القطاع الاول", "المسافة_بين_الكبنة_والبوكس": "0", "I_D": "0", "created_user": null, "created_date": null, "last_edited_user": null, "last_edited_date": null}, "geometry": {"type": "Point", "coordinates": [31.56525443388281, 30.271421423460968, 0.0]}}, {"type": "Feature", "properties": {"Description": null, "Telecom_Feature_Type": "كونيكتور", "Easting": "031° 33' 48.08\" E", "Northing": "30° 16' 19.25\" N", "ID": "0", "GlobalID": "{3D3C1A7E-FB62-4BD2-A6D2-BBCD6CDF12A4}", "القطاع": "القطاع الاول", "المسافة_بين_الكبنة_والبوكس": "0", "I_D": "0", "created_user": null, "created_date": null, "last_edited_user": null, "last_edited_date": null}, "geometry": {"type": "Point", "coordinates": [31.565032943766216, 30.27217920702964, 0.0]}}, {"type": "Feature", "properties": {"Description": null, "Telecom_Feature_Type": "كونيكتور", "Easting": "031° 33' 49.32\" E", "Northing": "30° 16' 19.67\" N", "ID": "0", "GlobalID": "{3817AB33-AA67-4E67-BB79-C1E198E2D6A3}", "القطاع": "القطاع الاول", "المسافة_بين_الكبنة_والبوكس": "0", "I_D": "0", "created_user": null, "created_date": null, "last_edited_user": null, "last_edited_date": null}, "geometry": {"type": "Point", "coordinates": [31.565377777078854, 30.27229728134607, 0.0]}}, {"type": "Feature", "properties": {"Description": null, "Telecom_Feature_Type": "كونيكتور", "Easting": "031° 33' 49.5\" E", "Northing": "30° 16' 19.85\" N", "ID": "0", "GlobalID": "{F99432D9-E3BF-46F5-9723-8EEEDA14867A}", "القطاع": "القطاع الاول", "المسافة_بين_الكبنة_والبوكس": "0", "I_D": "0", "created_user": null, "created_date": null, "last_edited_user": null, "last_edited_date": null}, "geometry": {"type": "Point", "coordinates": [31.56542826536322, 30.272348083263115, 0.0]}}, {"type": "Feature", "properties": {"Description": null, "Telecom_Feature_Type": "كونيكتور", "Easting": "031° 33' 50.24\" E", "Northing": "30° 16' 21.36\" N", "ID": "0", "GlobalID": "{0C13A1C4-B8E2-4D2F-8A80-698D34B79F3F}", "القطاع": "القطاع الاول", "المسافة_بين_الكبنة_والبوكس": "0", "I_D": "0", "created_user": null, "created_date": null, "last_edited_user": null, "last_edited_date": null}, "geometry": {"type": "Point", "coordinates": [31.565631850885012, 30.272766628546098, 0.0]}}, {"type": "Feature", "properties": {"Description": null, "Telecom_Feature_Type": "كونيكتور", "Easting": "031° 33' 53.09\" E", "Northing": "30° 16' 20.56\" N", "ID": "0", "GlobalID": "{984F186A-051E-4F1B-A4EC-A5BE5509EEF6}", "القطاع": "القطاع الاول", "المسافة_بين_الكبنة_والبوكس": "0", "I_D": "0", "created_user": null, "created_date": null, "last_edited_user": null, "last_edited_date": null}, "geometry": {"type": "Point", "coordinates": [31.5664253322169, 30.272544088403762, 0.0]}}, {"type": "Feature", "properties": {"Description": null, "Telecom_Feature_Type": "كونيكتور", "Easting": "031° 33' 52.32\" E", "Northing": "30° 16' 23.46\" N", "ID": "0", "GlobalID": "{3C95F220-4542-4812-925C-8F567B85F6E5}", "القطاع": "القطاع الاول", "المسافة_بين_الكبنة_والبوكس": "0", "I_D": "0", "created_user": null, "created_date": null, "last_edited_user": null, "last_edited_date": null}, "geometry": {"type": "Point", "coordinates": [31.566209777955443, 30.27335088051606, 0.0]}}, {"type": "Feature", "properties": {"Description": null, "Telecom_Feature_Type": "كونيكتور", "Easting": "031° 33' 53.64\" E", "Northing": "30° 16' 23.91\" N", "ID": "0", "GlobalID": "{1D191D97-2AF3-4A41-8C0E-6B1E88954DEE}", "القطاع": "القطاع الاول", "المسافة_بين_الكبنة_والبوكس": "0", "I_D": "0", "created_user": null, "created_date": null, "last_edited_user": null, "last_edited_date": null}, "geometry": {"type": "Point", "coordinates": [31.566577115538703, 30.2734747402741, 0.0]}}, {"type": "Feature", "properties": {"Description": null, "Telecom_Feature_Type": "كونيكتور", "Easting": "031° 33' 54.42\" E", "Northing": "30° 16' 23.4\" N", "ID": "0", "GlobalID": "{114CA17A-4A9D-4018-8005-91F401478EAE}", "القطاع": "القطاع الاول", "المسافة_بين_الكبنة_والبوكس": "0", "I_D": "0", "created_user": null, "created_date": null, "last_edited_user": null, "last_edited_date": null}, "geometry": {"type": "Point", "coordinates": [31.566794374547555, 30.27333279223277, 0.0]}}, {"type": "Feature", "properties": {"Description": null, "Telecom_Feature_Type": "كونيكتور", "Easting": "031° 33' 55.26\" E", "Northing": "30° 16' 22.81\" N", "ID": "0", "GlobalID": "{F2ECDE48-0027-4530-966E-1F3DCCA7DD79}", "القطاع": "القطاع الاول", "المسافة_بين_الكبنة_والبوكس": "0", "I_D": "0", "created_user": null, "created_date": null, "last_edited_user": null, "last_edited_date": null}, "geometry": {"type": "Point", "coordinates": [31.56702816200733, 30.273169253221845, 0.0]}}, {"type": "Feature", "properties": {"Description": null, "Telecom_Feature_Type": "كونيكتور", "Easting": "031° 33' 56.52\" E", "Northing": "30° 16' 25.43\" N", "ID": "0", "GlobalID": "{E013FFB0-DED1-4E9B-916B-61F1BE69E498}", "القطاع": "القطاع الاول", "المسافة_بين_الكبنة_والبوكس": "0", "I_D": "0", "created_user": null, "created_date": null, "last_edited_user": null, "last_edited_date": null}, "geometry": {"type": "Point", "coordinates": [31.567377369119445, 30.273897544603074, 0.0]}}, {"type": "Feature", "properties": {"Description": null, "Telecom_Feature_Type": "كونيكتور", "Easting": "031° 33' 57.33\" E", "Northing": "30° 16' 24.87\" N", "ID": "0", "GlobalID": "{D1DDA00C-D392-4B5F-ACB2-92F6B1803F80}", "القطاع": "القطاع الاول", "المسافة_بين_الكبنة_والبوكس": "0", "I_D": "0", "created_user": null, "created_date": null, "last_edited_user": null, "last_edited_date": null}, "geometry": {"type": "Point", "coordinates": [31.56760291142513, 30.273742142401627, 0.0]}}, {"type": "Feature", "properties": {"Description": null, "Telecom_Feature_Type": "كونيكتور", "Easting": "031° 33' 54.44\" E", "Northing": "30° 16' 25.65\" N", "ID": "0", "GlobalID": "{E65F40E8-6AE6-4798-AEDE-1FF0DB47FCC5}", "القطاع": "القطاع الاول", "المسافة_بين_الكبنة_والبوكس": "0", "I_D": "0", "created_user": null, "created_date": null, "last_edited_user": null, "last_edited_date": null}, "geometry": {"type": "Point", "coordinates": [31.5667984283267, 30.27395751909984, 0.0]}}, {"type": "Feature", "properties": {"Description": null, "Telecom_Feature_Type": "كونيكتور", "Easting": "031° 33' 56.64\" E", "Northing": "30° 16' 27.66\" N", "ID": "0", "GlobalID": "{1B212812-5F18-455A-88D0-B856695DCBDD}", "القطاع": "القطاع الاول", "المسافة_بين_الكبنة_والبوكس": "0", "I_D": "0", "created_user": null, "created_date": null, "last_edited_user": null, "last_edited_date": null}, "geometry": {"type": "Point", "coordinates": [31.567410901619947, 30.274517617368957, 0.0]}}, {"type": "Feature", "properties": {"Description": null, "Telecom_Feature_Type": "كونيكتور", "Easting": "031° 33' 58.63\" E", "Northing": "30° 16' 27.56\" N", "ID": "0", "GlobalID": "{574B56CB-A2B5-4FE4-80A1-2C929E4EAECD}", "القطاع": "القطاع الاول", "المسافة_بين_الكبنة_والبوكس": "0", "I_D": "0", "created_user": null, "created_date": null, "last_edited_user": null, "last_edited_date": null}, "geometry": {"type": "Point", "coordinates": [31.567964134433108, 30.274488296473685, 0.0]}}, {"type": "Feature", "properties": {"Description": null, "Telecom_Feature_Type": "كونيكتور", "Easting": "031° 33' 52.91\" E", "Northing": "30° 16' 28.17\" N", "ID": "0", "GlobalID": "{A3252155-7B36-4215-932C-8A9AE2E19D85}", "القطاع": "القطاع الاول", "المسافة_بين_الكبنة_والبوكس": "0", "I_D": "0", "created_user": null, "created_date": null, "last_edited_user": null, "last_edited_date": null}, "geometry": {"type": "Point", "coordinates": [31.566375019158357, 30.27465842835952, 0.0]}}, {"type": "Feature", "properties": {"Description": null, "Telecom_Feature_Type": "كونيكتور", "Easting": "031° 33' 55.35\" E", "Northing": "30° 16' 28.28\" N", "ID": "0", "GlobalID": "{89BBD4BF-1167-4C0F-B4C7-DD345A665388}", "القطاع": "القطاع الاول", "المسافة_بين_الكبنة_والبوكس": "0", "I_D": "0", "created_user": null, "created_date": null, "last_edited_user": null, "last_edited_date": null}, "geometry": {"type": "Point", "coordinates": [31.567053239273623, 30.274687520858738, 0.0]}}, {"type": "Feature", "properties": {"Description": null, "Telecom_Feature_Type": "كونيكتور", "Easting": "031° 33' 55.8\" E", "Northing": "30° 16' 29.44\" N", "ID": "0", "GlobalID": "{F838721A-67F6-494A-8FCD-5C1444FF8D35}", "القطاع": "القطاع الاول", "المسافة_بين_الكبنة_والبوكس": "0", "I_D": "0", "created_user": null, "created_date": null, "last_edited_user": null, "last_edited_date": null}, "geometry": {"type": "Point", "coordinates": [31.567176438609717, 30.275010328143427, 0.0]}}, {"type": "Feature", "properties": {"Description": null, "Telecom_Feature_Type": "كونيكتور", "Easting": "031° 33' 54.55\" E", "Northing": "30° 16' 32.86\" N", "ID": "0", "GlobalID": "{02D54282-B265-4D00-AD6D-3FB02F2282AC}", "القطاع": "القطاع الاول", "المسافة_بين_الكبنة_والبوكس": "0", "I_D": "0", "created_user": null, "created_date": null, "last_edited_user": null, "last_edited_date": null}, "geometry": {"type": "Point", "coordinates": [31.56683119331668, 30.275961066087444, 0.0]}}, {"type": "Feature", "properties": {"Description": null, "Telecom_Feature_Type": "كونيكتور", "Easting": "031° 33' 52.27\" E", "Northing": "30° 16' 30.87\" N", "ID": "0", "GlobalID": "{778438A1-A27F-41BC-A1D0-7A66A8739601}", "القطاع": "القطاع الاول", "المسافة_بين_الكبنة_والبوكس": "0", "I_D": "0", "created_user": null, "created_date": null, "last_edited_user": null, "last_edited_date": null}, "geometry": {"type": "Point", "coordinates": [31.566197212570994, 30.27540876158778, 0.0]}}, {"type": "Feature", "properties": {"Description": null, "Telecom_Feature_Type": "كونيكتور", "Easting": "031° 33' 47.77\" E", "Northing": "30° 16' 32.79\" N", "ID": "0", "GlobalID": "{DE048583-8C13-47A2-A85A-DECAC174D1BB}", "القطاع": "القطاع الاول", "المسافة_بين_الكبنة_والبوكس": "0", "I_D": "0", "created_user": null, "created_date": null, "last_edited_user": null, "last_edited_date": null}, "geometry": {"type": "Point", "coordinates": [31.564947541017595, 30.27594239675489, 0.0]}}, {"type": "Feature", "properties": {"Description": null, "Telecom_Feature_Type": "كونيكتور", "Easting": "031° 33' 45.36\" E", "Northing": "30° 16' 30.93\" N", "ID": "0", "GlobalID": "{D690AF8F-0C9B-4844-8154-5B354AB54603}", "القطاع": "القطاع الاول", "المسافة_بين_الكبنة_والبوكس": "0", "I_D": "0", "created_user": null, "created_date": null, "last_edited_user": null, "last_edited_date": null}, "geometry": {"type": "Point", "coordinates": [31.564277164325137, 30.27542563944451, 0.0]}}, {"type": "Feature", "properties": {"Description": null, "Telecom_Feature_Type": "كونيكتور", "Easting": "031° 33' 48.76\" E", "Northing": "30° 16' 31.83\" N", "ID": "0", "GlobalID": "{677AF5BB-1744-4A79-AABF-9ED366F55408}", "القطاع": "القطاع الاول", "المسافة_بين_الكبنة_والبوكس": "0", "I_D": "0", "created_user": null, "created_date": null, "last_edited_user": null, "last_edited_date": null}, "geometry": {"type": "Point", "coordinates": [31.565221998683935, 30.275674988659564, 0.0]}}, {"type": "Feature", "properties": {"Description": null, "Telecom_Feature_Type": "كونيكتور", "Easting": "031° 33' 42.05\" E", "Northing": "30° 16' 25.3\" N", "ID": "0", "GlobalID": "{A9FDB048-F892-44E1-B9F6-44F39E948A80}", "القطاع": "القطاع الاول", "المسافة_بين_الكبنة_والبوكس": "0", "I_D": "0", "created_user": null, "created_date": null, "last_edited_user": null, "last_edited_date": null}, "geometry": {"type": "Point", "coordinates": [31.56335683894736, 30.273860823689322, 0.0]}}, {"type": "Feature", "properties": {"Description": null, "Telecom_Feature_Type": "كونيكتور", "Easting": "031° 33' 43.79\" E", "Northing": "30° 16' 25.98\" N", "ID": "0", "GlobalID": "{A203DE32-412E-4130-8A5E-9989D47DF5EF}", "القطاع": "القطاع الاول", "المسافة_بين_الكبنة_والبوكس": "0", "I_D": "0", "created_user": null, "created_date": null, "last_edited_user": null, "last_edited_date": null}, "geometry": {"type": "Point", "coordinates": [31.563841637429046, 30.274049861566073, 0.0]}}, {"type": "Feature", "properties": {"Description": null, "Telecom_Feature_Type": "كونيكتور", "Easting": "031° 33' 44.67\" E", "Northing": "30° 16' 27.31\" N", "ID": "0", "GlobalID": "{6F39A5C2-F030-40AD-AE9E-09B6C84CEFAF}", "القطاع": "القطاع الاول", "المسافة_بين_الكبنة_والبوكس": "0", "I_D": "0", "created_user": null, "created_date": null, "last_edited_user": null, "last_edited_date": null}, "geometry": {"type": "Point", "coordinates": [31.564084470166094, 30.274419131374323, 0.0]}}, {"type": "Feature", "properties": {"Description": null, "Telecom_Feature_Type": "كونيكتور", "Easting": "031° 33' 46.15\" E", "Northing": "30° 16' 27.81\" N", "ID": "0", "GlobalID": "{E409036B-A2CF-4C72-9EE0-6965DB59F5CC}", "القطاع": "القطاع الاول", "المسافة_بين_الكبنة_والبوكس": "0", "I_D": "0", "created_user": null, "created_date": null, "last_edited_user": null, "last_edited_date": null}, "geometry": {"type": "Point", "coordinates": [31.56449778714444, 30.274558045488124, 0.0]}}, {"type": "Feature", "properties": {"Description": null, "Telecom_Feature_Type": "كونيكتور", "Easting": "031° 33' 41.25\" E", "Northing": "30° 16' 23.96\" N", "ID": "0", "GlobalID": "{AD0E369E-B388-4D80-927B-28C9C778E7CE}", "القطاع": "القطاع الاول", "المسافة_بين_الكبنة_والبوكس": "0", "I_D": "0", "created_user": null, "created_date": null, "last_edited_user": null, "last_edited_date": null}, "geometry": {"type": "Point", "coordinates": [31.56313564903068, 30.273489425423392, 0.0]}}, {"type": "Feature", "properties": {"Description": null, "Telecom_Feature_Type": "كونيكتور", "Easting": "031° 33' 39.26\" E", "Northing": "30° 16' 24.16\" N", "ID": "0", "GlobalID": "{4EBB0DBD-CEB9-4921-BBD4-FB8FBD2C41F3}", "القطاع": "القطاع الاول", "المسافة_بين_الكبنة_والبوكس": "0", "I_D": "0", "created_user": null, "created_date": null, "last_edited_user": null, "last_edited_date": null}, "geometry": {"type": "Point", "coordinates": [31.562583193637654, 30.273543981576527, 0.0]}}, {"type": "Feature", "properties": {"Description": null, "Telecom_Feature_Type": "كونيكتور", "Easting": "031° 33' 38.5\" E", "Northing": "30° 16' 26.82\" N", "ID": "0", "GlobalID": "{ECEC178E-C524-4FB3-9614-343047121B28}", "القطاع": "القطاع الاول", "المسافة_بين_الكبنة_والبوكس": "0", "I_D": "0", "created_user": null, "created_date": null, "last_edited_user": null, "last_edited_date": null}, "geometry": {"type": "Point", "coordinates": [31.56237187427513, 30.27428179173818, 0.0]}}, {"type": "Feature", "properties": {"Description": null, "Telecom_Feature_Type": "كونيكتور", "Easting": "031° 33' 40.25\" E", "Northing": "30° 16' 27.51\" N", "ID": "0", "GlobalID": "{739FC35E-74A5-48F0-BCCD-3623F6CC7B72}", "القطاع": "القطاع الاول", "المسافة_بين_الكبنة_والبوكس": "0", "I_D": "0", "created_user": null, "created_date": null, "last_edited_user": null, "last_edited_date": null}, "geometry": {"type": "Point", "coordinates": [31.562857189488284, 30.274473562418592, 0.0]}}, {"type": "Feature", "properties": {"Description": null, "Telecom_Feature_Type": "كونيكتور", "Easting": "031° 33' 42.69\" E", "Northing": "30° 16' 29.36\" N", "ID": "0", "GlobalID": "{518F9393-45A4-485C-A858-F8AA90DB66AF}", "القطاع": "القطاع الاول", "المسافة_بين_الكبنة_والبوكس": "0", "I_D": "0", "created_user": null, "created_date": null, "last_edited_user": null, "last_edited_date": null}, "geometry": {"type": "Point", "coordinates": [31.563534308714345, 30.2749885220932, 0.0]}}, {"type": "Feature", "properties": {"Description": null, "Telecom_Feature_Type": "كونيكتور", "Easting": "031° 33' 42.46\" E", "Northing": "30° 16' 29.19\" N", "ID": "0", "GlobalID": "{E7011EF5-F3A4-4E47-9F3B-BB886F12DB01}", "القطاع": "القطاع الاول", "المسافة_بين_الكبنة_والبوكس": "0", "I_D": "0", "created_user": null, "created_date": null, "last_edited_user": null, "last_edited_date": null}, "geometry": {"type": "Point", "coordinates": [31.563472036431012, 30.274942764717327, 0.0]}}, {"type": "Feature", "properties": {"Description": null, "Telecom_Feature_Type": "كونيكتور", "Easting": "031° 33' 43.31\" E", "Northing": "30° 16' 30.59\" N", "ID": "0", "GlobalID": "{AAF10E05-8D63-4079-B458-AE82B680C828}", "القطاع": "القطاع الاول", "المسافة_بين_الكبنة_والبوكس": "0", "I_D": "0", "created_user": null, "created_date": null, "last_edited_user": null, "last_edited_date": null}, "geometry": {"type": "Point", "coordinates": [31.563706628735776, 30.27533009159873, 0.0]}}, {"type": "Feature", "properties": {"Description": null, "Telecom_Feature_Type": "كونيكتور", "Easting": "031° 33' 50.52\" E", "Northing": "30° 16' 36.22\" N", "ID": "0", "GlobalID": "{BC07F507-8D02-4B05-BA01-408995A03CF2}", "القطاع": "القطاع الاول", "المسافة_بين_الكبنة_والبوكس": "0", "I_D": "0", "created_user": null, "created_date": null, "last_edited_user": null, "last_edited_date": null}, "geometry": {"type": "Point", "coordinates": [31.565710742089, 30.276895006982887, 0.0]}}, {"type": "Feature", "properties": {"Description": null, "Telecom_Feature_Type": "شمبر", "Easting": "031° 33' 50.62\" E", "Northing": "30° 15' 55.34\" N", "ID": "18", "GlobalID": "{A7045A96-7A0B-4970-8C2A-84781DFBA688}", "القطاع": "القطاع الثاني", "المسافة_بين_الكبنة_والبوكس": "0", "I_D": "0", "created_user": null, "created_date": null, "last_edited_user": null, "last_edited_date": null}, "geometry": {"type": "Point", "coordinates": [31.565737824164213, 30.265539062332447, 0.0]}}, {"type": "Feature", "properties": {"Description": null, "Telecom_Feature_Type": "شمبر", "Easting": "031° 33' 16.75\" E", "Northing": "30° 16' 33.27\" N", "ID": "04", "GlobalID": "{259910AD-2865-4969-8678-81BDF48546FB}", "القطاع": "القطاع الثالث", "المسافة_بين_الكبنة_والبوكس": "0", "I_D": "0", "created_user": null, "created_date": null, "last_edited_user": null, "last_edited_date": null}, "geometry": {"type": "Point", "coordinates": [31.55633008092914, 30.27607499473101, 0.0]}}, {"type": "Feature", "properties": {"Description": null, "Telecom_Feature_Type": "شمبر", "Easting": "031° 33' 5.68\" E", "Northing": "30° 16' 14.99\" N", "ID": "07", "GlobalID": "{60F33E64-7D29-4DB6-A633-C35B9203FC18}", "القطاع": "القطاع الثالث", "المسافة_بين_الكبنة_والبوكس": "0", "I_D": "0", "created_user": null, "created_date": null, "last_edited_user": null, "last_edited_date": null}, "geometry": {"type": "Point", "coordinates": [31.553254969611547, 30.270995632666654, 0.0]}}, {"type": "Feature", "properties": {"Description": null, "Telecom_Feature_Type": "شمبر", "Easting": "031° 33' 28.83\" E", "Northing": "30° 15' 57.75\" N", "ID": "26", "GlobalID": "{A31CE5C9-8A3D-441A-995B-0F63A208DB43}", "القطاع": "القطاع الثاني", "المسافة_بين_الكبنة_والبوكس": "0", "I_D": "0", "created_user": null, "created_date": null, "last_edited_user": null, "last_edited_date": null}, "geometry": {"type": "Point", "coordinates": [31.55968408829391, 30.266209029931318, 0.0]}}, {"type": "Feature", "properties": {"Description": null, "Telecom_Feature_Type": "شمبر", "Easting": "031° 33' 24.35\" E", "Northing": "30° 16' 28.23\" N", "ID": "11", "GlobalID": "{67D37074-7E74-4D43-B93E-BCD681EE24B7}", "القطاع": "القطاع الثالث", "المسافة_بين_الكبنة_والبوكس": "0", "I_D": "0", "created_user": null, "created_date": null, "last_edited_user": null, "last_edited_date": null}, "geometry": {"type": "Point", "coordinates": [31.558441417233002, 30.274674930396976, 0.0]}}, {"type": "Feature", "properties": {"Description": null, "Telecom_Feature_Type": "شمبر", "Easting": "031° 33' 37.48\" E", "Northing": "30° 16' 49.6\" N", "ID": "01", "GlobalID": "{EEE52845-9E49-4F07-A554-D8082A280089}", "القطاع": "القطاع الثالث", "المسافة_بين_الكبنة_والبوكس": "0", "I_D": "0", "created_user": null, "created_date": null, "last_edited_user": null, "last_edited_date": null}, "geometry": {"type": "Point", "coordinates": [31.562086902816514, 30.28060994609873, 0.0]}}, {"type": "Feature", "properties": {"Description": null, "Telecom_Feature_Type": "شمبر", "Easting": "031° 33' 2.04\" E", "Northing": "30° 16' 21.53\" N", "ID": "06", "GlobalID": "{F975C25E-EE7E-437C-B466-338056496900}", "القطاع": "القطاع الثالث", "المسافة_بين_الكبنة_والبوكس": "0", "I_D": "0", "created_user": null, "created_date": null, "last_edited_user": null, "last_edited_date": null}, "geometry": {"type": "Point", "coordinates": [31.55224457353394, 30.272812591301044, 0.0]}}, {"type": "Feature", "properties": {"Description": null, "Telecom_Feature_Type": "شمبر", "Easting": "031° 33' 28.65\" E", "Northing": "30° 16' 42.72\" N", "ID": "02", "GlobalID": "{C6DF0AF2-F711-4981-89A6-4BCEE3D50A38}", "القطاع": "القطاع الثالث", "المسافة_بين_الكبنة_والبوكس": "0", "I_D": "0", "created_user": null, "created_date": null, "last_edited_user": null, "last_edited_date": null}, "geometry": {"type": "Point", "coordinates": [31.559634232470454, 30.278698681079238, 0.0]}}, {"type": "Feature", "properties": {"Description": null, "Telecom_Feature_Type": "شمبر", "Easting": "031° 33' 38.21\" E", "Northing": "30° 16' 27.43\" N", "ID": "13", "GlobalID": "{F8C80779-533F-4016-8740-633A95ADCA66}", "القطاع": "القطاع الاول", "المسافة_بين_الكبنة_والبوكس": "0", "I_D": "0", "created_user": null, "created_date": null, "last_edited_user": null, "last_edited_date": null}, "geometry": {"type": "Point", "coordinates": [31.562291058060048, 30.274453098087836, 0.0]}}, {"type": "Feature", "properties": {"Description": null, "Telecom_Feature_Type": "شمبر", "Easting": "031° 32' 54.87\" E", "Northing": "30° 16' 15.79\" N", "ID": "17", "GlobalID": "{CB13C55F-446D-43F0-A7D4-54FFF3E54DC2}", "القطاع": "القطاع الثالث", "المسافة_بين_الكبنة_والبوكس": "0", "I_D": "0", "created_user": null, "created_date": null, "last_edited_user": null, "last_edited_date": null}, "geometry": {"type": "Point", "coordinates": [31.550251175902705, 30.271220038927225, 0.0]}}, {"type": "Feature", "properties": {"Description": null, "Telecom_Feature_Type": "شمبر", "Easting": "031° 32' 49.82\" E", "Northing": "30° 16' 12.13\" N", "ID": "18", "GlobalID": "{5DBA7FA4-C78C-4B13-982D-514B235EB2F1}", "القطاع": "القطاع الثالث", "المسافة_بين_الكبنة_والبوكس": "0", "I_D": "0", "created_user": null, "created_date": null, "last_edited_user": null, "last_edited_date": null}, "geometry": {"type": "Point", "coordinates": [31.54884931356017, 30.270202530134558, 0.0]}}, {"type": "Feature", "properties": {"Description": null, "Telecom_Feature_Type": "شمبر", "Easting": "031° 33' 44.64\" E", "Northing": "30° 16' 55.18\" N", "ID": "15", "GlobalID": "{1B7D5096-F77D-4EFB-A3DE-5E526FBCAE00}", "القطاع": "القطاع الثالث", "المسافة_بين_الكبنة_والبوكس": "0", "I_D": "0", "created_user": null, "created_date": null, "last_edited_user": null, "last_edited_date": null}, "geometry": {"type": "Point", "coordinates": [31.564078289967217, 30.2821618414388, 0.0]}}, {"type": "Feature", "properties": {"Description": null, "Telecom_Feature_Type": "شمبر", "Easting": "031° 33' 53.91\" E", "Northing": "30° 17' 2.24\" N", "ID": "16", "GlobalID": "{33745CF2-E2F0-4EBE-B211-A21B7E45FFCC}", "القطاع": "القطاع الثالث", "المسافة_بين_الكبنة_والبوكس": "0", "I_D": "0", "created_user": null, "created_date": null, "last_edited_user": null, "last_edited_date": null}, "geometry": {"type": "Point", "coordinates": [31.566653121164933, 30.284123252551897, 0.0]}}, {"type": "Feature", "properties": {"Description": null, "Telecom_Feature_Type": "شمبر", "Easting": "031° 33' 45.29\" E", "Northing": "30° 16' 18.5\" N", "ID": "14", "GlobalID": "{5871717A-34CE-403A-9858-AF341B5092FB}", "القطاع": "القطاع الاول", "المسافة_بين_الكبنة_والبوكس": "0", "I_D": "0", "created_user": null, "created_date": null, "last_edited_user": null, "last_edited_date": null}, "geometry": {"type": "Point", "coordinates": [31.564258731470577, 30.27197186357828, 0.0]}}, {"type": "Feature", "properties": {"Description": null, "Telecom_Feature_Type": "شمبر", "Easting": "031° 33' 29.69\" E", "Northing": "30° 16' 6.42\" N", "ID": "15", "GlobalID": "{0CCC1FE0-0BEE-4474-B0C9-BEE0DF6C29E7}", "القطاع": "القطاع الاول", "المسافة_بين_الكبنة_والبوكس": "0", "I_D": "0", "created_user": null, "created_date": null, "last_edited_user": null, "last_edited_date": null}, "geometry": {"type": "Point", "coordinates": [31.55992495908498, 30.268616912284674, 0.0]}}, {"type": "Feature", "properties": {"Description": null, "Telecom_Feature_Type": "شمبر", "Easting": "031° 32' 38.5\" E", "Northing": "30° 16' 28.11\" N", "ID": "20", "GlobalID": "{693F2613-FD1A-4AC8-8A4A-E35D81240A9E}", "القطاع": "القطاع الثالث", "المسافة_بين_الكبنة_والبوكس": "0", "I_D": "0", "created_user": null, "created_date": null, "last_edited_user": null, "last_edited_date": null}, "geometry": {"type": "Point", "coordinates": [31.545703292729375, 30.27464155886317, 0.0]}}, {"type": "Feature", "properties": {"Description": null, "Telecom_Feature_Type": "شمبر", "Easting": "031° 32' 24.22\" E", "Northing": "30° 16' 42.66\" N", "ID": "21", "GlobalID": "{2EE58107-6F78-4F96-BFDB-C94EED30DF76}", "القطاع": "القطاع الثالث", "المسافة_بين_الكبنة_والبوكس": "0", "I_D": "0", "created_user": null, "created_date": null, "last_edited_user": null, "last_edited_date": null}, "geometry": {"type": "Point", "coordinates": [31.5417382678744, 30.278683171200324, 0.0]}}, {"type": "Feature", "properties": {"Description": null, "Telecom_Feature_Type": "شمبر", "Easting": "031° 33' 43.17\" E", "Northing": "30° 16' 2.54\" N", "ID": "27", "GlobalID": "{8A5440C0-0798-4C01-BCBF-576893462913}", "القطاع": "القطاع الثاني", "المسافة_بين_الكبنة_والبوكس": "0", "I_D": "0", "created_user": null, "created_date": null, "last_edited_user": null, "last_edited_date": null}, "geometry": {"type": "Point", "coordinates": [31.56366902149056, 30.267538676092325, 0.0]}}, {"type": "Feature", "properties": {"Description": null, "Telecom_Feature_Type": "شمبر", "Easting": "031° 33' 47.71\" E", "Northing": "30° 16' 12.91\" N", "ID": "16", "GlobalID": "{A89201F3-4570-4433-A828-A5DC27118B20}", "القطاع": "القطاع الاول", "المسافة_بين_الكبنة_والبوكس": "0", "I_D": "0", "created_user": null, "created_date": null, "last_edited_user": null, "last_edited_date": null}, "geometry": {"type": "Point", "coordinates": [31.564929710020643, 30.27041945221327, 0.0]}}, {"type": "Feature", "properties": {"Description": null, "Telecom_Feature_Type": "شمبر", "Easting": "031° 32' 5.28\" E", "Northing": "30° 16' 44.41\" N", "ID": "23", "GlobalID": "{D956587F-4557-4849-9EE0-F2B70317699D}", "القطاع": "القطاع الثالث", "المسافة_بين_الكبنة_والبوكس": "0", "I_D": "0", "created_user": null, "created_date": null, "last_edited_user": null, "last_edited_date": null}, "geometry": {"type": "Point", "coordinates": [31.53647751177843, 30.279170209944905, 0.0]}}, {"type": "Feature", "properties": {"Description": null, "Telecom_Feature_Type": "شمبر", "Easting": "031° 32' 20.0\" E", "Northing": "30° 16' 39.6\" N", "ID": "22", "GlobalID": "{6F049CE1-6ED6-4664-B626-025F88795715}", "القطاع": "القطاع الثالث", "المسافة_بين_الكبنة_والبوكس": "0", "I_D": "0", "created_user": null, "created_date": null, "last_edited_user": null, "last_edited_date": null}, "geometry": {"type": "Point", "coordinates": [31.54056482583357, 30.27783242595281, 0.0]}}, {"type": "Feature", "properties": {"Description": null, "Telecom_Feature_Type": "شمبر", "Easting": "031° 32' 54.8\" E", "Northing": "30° 16' 31.73\" N", "ID": "00", "GlobalID": "{9533BC13-B283-434E-86FB-D5DA162A2F64}", "القطاع": "القطاع الثالث", "المسافة_بين_الكبنة_والبوكس": "0", "I_D": "0", "created_user": null, "created_date": null, "last_edited_user": null, "last_edited_date": null}, "geometry": {"type": "Point", "coordinates": [31.550233547201724, 30.275646692978945, 0.0]}}, {"type": "Feature", "properties": {"Description": null, "Telecom_Feature_Type": "شمبر", "Easting": "031° 32' 9.4\" E", "Northing": "30° 16' 39.57\" N", "ID": "old", "GlobalID": "{4D46A113-63A5-4866-B9BC-8585DC97AB17}", "القطاع": "القطاع الثالث", "المسافة_بين_الكبنة_والبوكس": "0", "I_D": "0", "created_user": null, "created_date": null, "last_edited_user": null, "last_edited_date": null}, "geometry": {"type": "Point", "coordinates": [31.53762240795077, 30.277824505286393, 0.0]}}, {"type": "Feature", "properties": {"Description": null, "Telecom_Feature_Type": "بوكس", "Easting": "031° 33' 38.73\" E", "Northing": "30° 16' 14.92\" N", "ID": "21A", "GlobalID": "{6F8D3D4D-3585-4535-8D2C-72160C3F3794}", "القطاع": "القطاع الاول", "المسافة_بين_الكبنة_والبوكس": "5m", "I_D": "10-1", "created_user": null, "created_date": null, "last_edited_user": null, "last_edited_date": null}, "geometry": {"type": "Point", "coordinates": [31.56243621175929, 30.270978070843974, 0.0]}}, {"type": "Feature", "properties": {"Description": null, "Telecom_Feature_Type": "ايندكاب", "Easting": "031° 33' 51.16\" E", "Northing": "30° 16' 16.99\" N", "ID": "5A", "GlobalID": "{082A8512-8F1D-4EFB-896E-4F577D9A260F}", "القطاع": "القطاع الاول", "المسافة_بين_الكبنة_والبوكس": "5m", "I_D": "7-2", "created_user": null, "created_date": null, "last_edited_user": null, "last_edited_date": null}, "geometry": {"type": "Point", "coordinates": [31.565888915025056, 30.27155340387172, 0.0]}}, {"type": "Feature", "properties": {"Description": null, "Telecom_Feature_Type": "ايندكاب", "Easting": "031° 33' 59.7\" E", "Northing": "30° 16' 25.42\" N", "ID": "4A", "GlobalID": "{059579CC-2A62-4F08-927C-7A37C30B96B0}", "القطاع": "القطاع الاول", "المسافة_بين_الكبنة_والبوكس": "5m", "I_D": "7-3", "created_user": null, "created_date": null, "last_edited_user": null, "last_edited_date": null}, "geometry": {"type": "Point", "coordinates": [31.568261466705785, 30.273893884339437, 0.0]}}, {"type": "Feature", "properties": {"Description": null, "Telecom_Feature_Type": "ايندكاب", "Easting": "031° 34' 1.28\" E", "Northing": "30° 16' 28.84\" N", "ID": "11A", "GlobalID": "{1C7B63AD-AAAB-4E5E-A553-428AA580B596}", "القطاع": "القطاع الاول", "المسافة_بين_الكبنة_والبوكس": "5m", "I_D": "10-3", "created_user": null, "created_date": null, "last_edited_user": null, "last_edited_date": null}, "geometry": {"type": "Point", "coordinates": [31.56869971969699, 30.27484442838277, 0.0]}}, {"type": "Feature", "properties": {"Description": null, "Telecom_Feature_Type": "ايندكاب", "Easting": "031° 34' 0.6\" E", "Northing": "30° 16' 29.34\" N", "ID": "10A", "GlobalID": "{B32748F5-EDD9-46A5-8DF9-2B1B167423FC}", "القطاع": "القطاع الاول", "المسافة_بين_الكبنة_والبوكس": "5m", "I_D": "10-3", "created_user": null, "created_date": null, "last_edited_user": null, "last_edited_date": null}, "geometry": {"type": "Point", "coordinates": [31.56851013492572, 30.274982941872192, 0.0]}}, {"type": "Feature", "properties": {"Description": null, "Telecom_Feature_Type": "ايندكاب", "Easting": "031° 33' 50.9\" E", "Northing": "30° 16' 36.19\" N", "ID": "8A", "GlobalID": "{04AC2987-576C-47A8-B387-7DAB7B05AE71}", "القطاع": "القطاع الاول", "المسافة_بين_الكبنة_والبوكس": "5m", "I_D": "6-2", "created_user": null, "created_date": null, "last_edited_user": null, "last_edited_date": null}, "geometry": {"type": "Point", "coordinates": [31.565816689361448, 30.27688570805454, 0.0]}}, {"type": "Feature", "properties": {"Description": null, "Telecom_Feature_Type": "ايندكاب", "Easting": "031° 33' 50.0\" E", "Northing": "30° 16' 34.01\" N", "ID": "5A", "GlobalID": "{2B439E94-B4E0-40A8-AE50-62C2E6A9E434}", "القطاع": "القطاع الاول", "المسافة_بين_الكبنة_والبوكس": "5m", "I_D": "6-2", "created_user": null, "created_date": null, "last_edited_user": null, "last_edited_date": null}, "geometry": {"type": "Point", "coordinates": [31.56556680217063, 30.276281251773792, 0.0]}}, {"type": "Feature", "properties": {"Description": null, "Telecom_Feature_Type": "ايندكاب", "Easting": "031° 33' 50.94\" E", "Northing": "30° 16' 32.99\" N", "ID": "4A", "GlobalID": "{1C349856-39AB-4DBA-8FD3-E34618B95CA4}", "القطاع": "القطاع الاول", "المسافة_بين_الكبنة_والبوكس": "5m", "I_D": "6-2", "created_user": null, "created_date": null, "last_edited_user": null, "last_edited_date": null}, "geometry": {"type": "Point", "coordinates": [31.56582843165338, 30.275996684966408, 0.0]}}, {"type": "Feature", "properties": {"Description": null, "Telecom_Feature_Type": "ايندكاب", "Easting": "031° 33' 48.56\" E", "Northing": "30° 16' 31.09\" N", "ID": "16A", "GlobalID": "{CE066B2E-8838-4536-8A74-6AD06BD67996}", "القطاع": "القطاع الاول", "المسافة_بين_الكبنة_والبوكس": "5m", "I_D": "6-2", "created_user": null, "created_date": null, "last_edited_user": null, "last_edited_date": null}, "geometry": {"type": "Point", "coordinates": [31.565164882332382, 30.275468318749752, 0.0]}}, {"type": "Feature", "properties": {"Description": null, "Telecom_Feature_Type": "ايندكاب", "Easting": "031° 33' 45.92\" E", "Northing": "30° 16' 29.46\" N", "ID": "1A", "GlobalID": "{52B2E217-2F64-4FF3-BDD3-5B7D36DCD6D8}", "القطاع": "القطاع الاول", "المسافة_بين_الكبنة_والبوكس": "5m", "I_D": "6-4", "created_user": null, "created_date": null, "last_edited_user": null, "last_edited_date": null}, "geometry": {"type": "Point", "coordinates": [31.564433647701755, 30.27501699166994, 0.0]}}, {"type": "Feature", "properties": {"Description": null, "Telecom_Feature_Type": "ايندكاب", "Easting": "031° 33' 43.8\" E", "Northing": "30° 16' 27.35\" N", "ID": "4A", "GlobalID": "{F6FFD9C9-E951-4861-A31F-C89BFB14C023}", "القطاع": "القطاع الاول", "المسافة_بين_الكبنة_والبوكس": "5m", "I_D": "6-4", "created_user": null, "created_date": null, "last_edited_user": null, "last_edited_date": null}, "geometry": {"type": "Point", "coordinates": [31.563844777793108, 30.274428939051877, 0.0]}}, {"type": "Feature", "properties": {"Description": null, "Telecom_Feature_Type": "ايندكاب", "Easting": "031° 33' 39.62\" E", "Northing": "30° 16' 24.24\" N", "ID": "9A", "GlobalID": "{31F1AA91-3A78-4849-9A71-00433D26CE01}", "القطاع": "القطاع الاول", "المسافة_بين_الكبنة_والبوكس": "5m", "I_D": "6-4", "created_user": null, "created_date": null, "last_edited_user": null, "last_edited_date": null}, "geometry": {"type": "Point", "coordinates": [31.562683620588622, 30.2735663155957, 0.0]}}, {"type": "Feature", "properties": {"Description": null, "Telecom_Feature_Type": "ايندكاب", "Easting": "031° 33' 38.31\" E", "Northing": "30° 16' 25.47\" N", "ID": "24A", "GlobalID": "{B61C7DED-F53B-4E07-AECE-4BB55996A885}", "القطاع": "القطاع الاول", "المسافة_بين_الكبنة_والبوكس": "5m", "I_D": "6-4", "created_user": null, "created_date": null, "last_edited_user": null, "last_edited_date": null}, "geometry": {"type": "Point", "coordinates": [31.562319013697643, 30.273908492974233, 0.0]}}, {"type": "Feature", "properties": {"Description": null, "Telecom_Feature_Type": "ايندكاب", "Easting": "031° 33' 57.03\" E", "Northing": "30° 16' 31.8\" N", "ID": "9A", "GlobalID": "{4B8DA0D0-B709-44AB-895D-09BA9376E3E2}", "القطاع": "القطاع الاول", "المسافة_بين_الكبنة_والبوكس": "5m", "I_D": "7-4", "created_user": null, "created_date": null, "last_edited_user": null, "last_edited_date": null}, "geometry": {"type": "Point", "coordinates": [31.56751804565004, 30.275666731865286, 0.0]}}, {"type": "Feature", "properties": {"Description": null, "Telecom_Feature_Type": "ايندكاب", "Easting": "031° 33' 42.61\" E", "Northing": "30° 16' 21.56\" N", "ID": "15A", "GlobalID": "{7BFF1FF7-996C-4BC6-8F60-6CEED7F3A6EA}", "القطاع": "القطاع الاول", "المسافة_بين_الكبنة_والبوكس": "5m", "I_D": "6-4", "created_user": null, "created_date": null, "last_edited_user": null, "last_edited_date": null}, "geometry": {"type": "Point", "coordinates": [31.563513841735958, 30.272821068852917, 0.0]}}, {"type": "Feature", "properties": {"Description": null, "Telecom_Feature_Type": "بوكس", "Easting": "031° 33' 59.76\" E", "Northing": "30° 16' 25.36\" N", "ID": "15", "GlobalID": "{422445C6-984B-4FDA-84CD-44FC4F58E389}", "القطاع": "القطاع الاول", "المسافة_بين_الكبنة_والبوكس": "200m", "I_D": "7-3", "created_user": null, "created_date": null, "last_edited_user": null, "last_edited_date": null}, "geometry": {"type": "Point", "coordinates": [31.56827819023932, 30.273876135432612, 0.0]}}, {"type": "Feature", "properties": {"Description": null, "Telecom_Feature_Type": "ايندكاب", "Easting": "031° 33' 36.84\" E", "Northing": "30° 16' 32.17\" N", "ID": "20", "GlobalID": "{A35D4934-F4D4-4536-AFC2-09A4ECD5725A}", "القطاع": "القطاع الثالث", "المسافة_بين_الكبنة_والبوكس": "240m", "I_D": "6-3", "created_user": null, "created_date": null, "last_edited_user": null, "last_edited_date": null}, "geometry": {"type": "Point", "coordinates": [31.561910347609015, 30.275770153796387, 0.0]}}]}