{"type": "FeatureCollection", "features": [{"type": "Feature", "properties": {"Shape_Length": 18.707995225571565, "Shape_Area": 24.085013956233713, "Telecom_Facility_Type": "Cabinet", "Easting": "031° 33' 29.41\" E", "Northing": "30° 15' 49.19\" N", "Description": null, "ID": "4-4", "GlobalID": "{80AF23DB-1B63-415B-8A3C-432147F1ECC0}", "القطاع": "القطاع الثاني", "عددالبوكسات": 30.0, "created_user": null, "created_date": null, "last_edited_user": null, "last_edited_date": null}, "geometry": {"type": "MultiPolygon", "coordinates": [[[[31.559867122195765, 30.26384002333622, 0.0], [31.55987370498047, 30.263808973904112, 0.0], [31.559827162756914, 30.263801537644078, 0.0], [31.559820577879716, 30.26383258708292, 0.0], [31.559820335803277, 30.2638340053204, 0.0], [31.559820208284318, 30.263835434761155, 0.0], [31.559820195944557, 30.263836868441686, 0.0], [31.559820298843437, 30.26383829937692, 0.0], [31.559820516479725, 30.263839720595943, 0.0], [31.559820847793468, 30.263841125174682, 0.0], [31.559821291170508, 30.26384250626997, 0.0], [31.55982184445042, 30.263843857153894, 0.0], [31.55982250493813, 30.263845171244864, 0.0], [31.559823269415936, 30.26384644214096, 0.0], [31.559824134159072, 30.263847663650267, 0.0], [31.55982509495457, 30.26384882982247, 0.0], [31.559826147122347, 30.26384993497533, 0.0], [31.55982728553562, 30.263850973725418, 0.0], [31.55982850464859, 30.263851941011986, 0.0], [31.559829798521864, 30.26385283212248, 0.0], [31.559831160852184, 30.263853642715354, 0.0], [31.559832585002127, 30.26385436884183, 0.0], [31.559834064033765, 30.263855006964405, 0.0], [31.5598355907412, 30.263855553973933, 0.0], [31.559837157686953, 30.26385600720574, 0.0], [31.559838757236648, 30.26385636445172, 0.0], [31.55984038159816, 30.26385662397138, 0.0], [31.559842022857275, 30.263856784500344, 0.0], [31.55984367301857, 30.26385684525654, 0.0], [31.55984532404257, 30.26385680594419, 0.0], [31.559846967885502, 30.263856666754307, 0.0], [31.559848596539137, 30.263856428365774, 0.0], [31.559850202068933, 30.263856091939086, 0.0], [31.559851776652962, 30.263855659114178, 0.0], [31.559853312620007, 30.263855131998913, 0.0], [31.55985480248726, 30.263854513161625, 0.0], [31.55985623899619, 30.263853805617302, 0.0], [31.559857615148704, 30.26385301281294, 0.0], [31.55985892423984, 30.263852138610954, 0.0], [31.559860159892676, 30.263851187269925, 0.0], [31.559861316086742, 30.26385016342523, 0.0], [31.559862387189416, 30.2638490720643, 0.0], [31.559863367982455, 30.263847918504563, 0.0], [31.55986425368786, 30.263846708365612, 0.0], [31.559865039990324, 30.263845447543076, 0.0], [31.559865723059087, 30.26384414217964, 0.0], [31.559866299566274, 30.26384279863459, 0.0], [31.559866766703934, 30.263841423453655, 0.0], [31.559867122195765, 30.26384002333622, 0.0]]]]}}, {"type": "Feature", "properties": {"Shape_Length": 18.707853766993267, "Shape_Area": 24.084262332588498, "Telecom_Facility_Type": "Cabinet", "Easting": "031° 33' 17.67\" E", "Northing": "30° 15' 52.74\" N", "Description": null, "ID": "4-3", "GlobalID": "{1B9F5736-C6AA-4299-9309-9E9029E9DF79}", "القطاع": "القطاع الثاني", "عددالبوكسات": 23.0, "created_user": null, "created_date": null, "last_edited_user": null, "last_edited_date": null}, "geometry": {"type": "MultiPolygon", "coordinates": [[[[31.55660770719648, 30.264807259519415, 0.0], [31.55658332530665, 30.264783834031594, 0.0], [31.55654820903478, 30.264811374544504, 0.0], [31.556572593001594, 30.26483480002997, 0.0], [31.556573742353144, 30.264835829591778, 0.0], [31.556574971640416, 30.264836787050456, 0.0], [31.556576274874864, 30.264837667741457, 0.0], [31.55657764570661, 30.26483846737402, 0.0], [31.556579077457446, 30.264839182052775, 0.0], [31.55658056315229, 30.264839808295562, 0.0], [31.556582095553118, 30.264840343051514, 0.0], [31.556583667193628, 30.26484078371536, 0.0], [31.556585270417855, 30.264841128140404, 0.0], [31.556586897414483, 30.264841374648732, 0.0], [31.55658854025721, 30.26484152203894, 0.0], [31.55659019094222, 30.264841569593344, 0.0], [31.556591841427913, 30.26484151708021, 0.0], [31.556593483673225, 30.264841364755185, 0.0], [31.556595109677325, 30.26484111336055, 0.0], [31.556596711518576, 30.26484076412113, 0.0], [31.55659828139294, 30.264840318738127, 0.0], [31.55659981165201, 30.264839779381756, 0.0], [31.556601294841023, 30.264839148679176, 0.0], [31.55660272373412, 30.26483842970345, 0.0], [31.556604091369554, 30.264837625957377, 0.0], [31.556605391084606, 30.264836741356536, 0.0], [31.556606616547043, 30.264835780210536, 0.0], [31.55660776178688, 30.264834747201917, 0.0], [31.556608821224536, 30.26483364736351, 0.0], [31.556609789698417, 30.264832486053464, 0.0], [31.5566106624906, 30.264831268929722, 0.0], [31.556611435348604, 30.264830001921688, 0.0], [31.55661210450754, 30.264828691202045, 0.0], [31.556612666707277, 30.26482734315673, 0.0], [31.55661311920869, 30.264825964352806, 0.0], [31.556613459807124, 30.264824561508004, 0.0], [31.556613686843622, 30.264823141456628, 0.0], [31.5566137992119, 30.26482171111684, 0.0], [31.55661379636464, 30.264820277457208, 0.0], [31.556613678315486, 30.264818847462383, 0.0], [31.556613445640053, 30.264817428098834, 0.0], [31.55661309947115, 30.26481602628173, 0.0], [31.556612641495747, 30.264814648840524, 0.0], [31.556612073945214, 30.264813302485972, 0.0], [31.556611399583986, 30.264811993776807, 0.0], [31.556610621698216, 30.264810729089497, 0.0], [31.55660974407676, 30.264809514584996, 0.0], [31.5566087709959, 30.264808356180357, 0.0], [31.55660770719648, 30.264807259519415, 0.0]]]]}}, {"type": "Feature", "properties": {"Shape_Length": 18.707867598849944, "Shape_Area": 24.08451024961344, "Telecom_Facility_Type": "Cabinet", "Easting": "031° 33' 42.29\" E", "Northing": "30° 15' 52.8\" N", "Description": null, "ID": "12-1", "GlobalID": "{23595263-9B34-4C80-ACFC-848007400822}", "القطاع": "القطاع الثاني", "عددالبوكسات": 34.0, "created_user": null, "created_date": null, "last_edited_user": null, "last_edited_date": null}, "geometry": {"type": "MultiPolygon", "coordinates": [[[[31.56344167987074, 30.264847190493764, 0.0], [31.56345562966282, 30.264818032408066, 0.0], [31.563411924006584, 30.264802277411547, 0.0], [31.563397974193364, 30.264831433688727, 0.0], [31.563397394369883, 30.264832776100967, 0.0], [31.56339692383359, 30.264834150351707, 0.0], [31.563396564876545, 30.264835549746735, 0.0], [31.563396319247076, 30.264836967468113, 0.0], [31.563396188142406, 30.264838396609168, 0.0], [31.56339617220109, 30.264839830207414, 0.0], [31.5633962715007, 30.264841261278836, 0.0], [31.56339648555739, 30.2648426828518, 0.0], [31.563396813328584, 30.26484408800058, 0.0], [31.563397253217502, 30.26484546987984, 0.0], [31.563397803080765, 30.264846821757626, 0.0], [31.563398460240062, 30.264848137047444, 0.0], [31.563399221493793, 30.264849409342148, 0.0], [31.563400083132994, 30.264850632443043, 0.0], [31.56340104096018, 30.264851800391817, 0.0], [31.56340209030923, 30.264852907498273, 0.0], [31.563403226067933, 30.26485394836906, 0.0], [31.563404442703156, 30.26485491793334, 0.0], [31.563405734287986, 30.264855811467683, 0.0], [31.563407094529953, 30.26485662461905, 0.0], [31.56340851680224, 30.264857353425946, 0.0], [31.563409994176226, 30.26485799433784, 0.0], [31.56341151945443, 30.264858544232254, 0.0], [31.563413085206232, 30.26485900043051, 0.0], [31.563414683803234, 30.264859360709885, 0.0], [31.56341630745836, 30.26485962331554, 0.0], [31.563417948260874, 30.26485978696772, 0.0], [31.563419598217635, 30.264859850869517, 0.0], [31.563421249290254, 30.264859814709204, 0.0], [31.56342289343541, 30.264859678663274, 0.0], [31.563424522643178, 30.264859443394666, 0.0], [31.56342612897641, 30.264859110049077, 0.0], [31.56342770460968, 30.264858680250807, 0.0], [31.563429241867034, 30.264858156093418, 0.0], [31.563430733258794, 30.264857540130965, 0.0], [31.5634321715202, 30.264856835363606, 0.0], [31.56343354964352, 30.264856045225137, 0.0], [31.56343486091574, 30.264855173564992, 0.0], [31.563436098947903, 30.26485422462966, 0.0], [31.56343725770966, 30.264853203041756, 0.0], [31.5634383315548, 30.26485211377821, 0.0], [31.563439315252502, 30.26485096214586, 0.0], [31.563440204010305, 30.264849753755005, 0.0], [31.563440993498237, 30.264848494492895, 0.0], [31.56344167987074, 30.264847190493764, 0.0]]]]}}, {"type": "Feature", "properties": {"Shape_Length": 18.708052885045024, "Shape_Area": 24.08488486402427, "Telecom_Facility_Type": "Cabinet", "Easting": "031° 33' 30.17\" E", "Northing": "30° 15' 57.28\" N", "Description": null, "ID": "11-1", "GlobalID": "{67FC29F4-BD70-43DF-BA7D-4FA5224151A3}", "القطاع": "القطاع الثاني", "عددالبوكسات": 24.0, "created_user": null, "created_date": null, "last_edited_user": null, "last_edited_date": null}, "geometry": {"type": "MultiPolygon", "coordinates": [[[[31.560081587484724, 30.26606880612392, 0.0], [31.56008152559348, 30.266067373424093, 0.0], [31.56008134871757, 30.2660659479623, 0.0], [31.560081057720367, 30.266064536683142, 0.0], [31.560080654018098, 30.266063146462177, 0.0], [31.56008013957797, 30.26606178407269, 0.0], [31.560079516906523, 30.26606045615212, 0.0], [31.560078789037703, 30.26605916917062, 0.0], [31.560077959517162, 30.26605792939778, 0.0], [31.560077032386356, 30.266056742873896, 0.0], [31.56007601216277, 30.266055615380225, 0.0], [31.560074903816655, 30.266054552409233, 0.0], [31.560073712747837, 30.266053559140015, 0.0], [31.560072444759335, 30.266052640412006, 0.0], [31.56007110602868, 30.266051800701185, 0.0], [31.560069703078103, 30.266051044098177, 0.0], [31.560068242743107, 30.266050374289847, 0.0], [31.56006673213803, 30.26604979453871, 0.0], [31.56006517862306, 30.266049307670194, 0.0], [31.560063589766774, 30.26604891605559, 0.0], [31.560061973309747, 30.26604862160336, 0.0], [31.560060337127407, 30.26604842574766, 0.0], [31.560058689191873, 30.266048329442963, 0.0], [31.56005703753132, 30.26604833315848, 0.0], [31.560055390192577, 30.266048436875987, 0.0], [31.560053755202023, 30.266048640090247, 0.0], [31.560052140524803, 30.26604894181127, 0.0], [31.560050554028216, 30.26604934056884, 0.0], [31.56004900344094, 30.266049834420436, 0.0], [31.560047496318088, 30.266050420959786, 0.0], [31.560046040001925, 30.266051097329587, 0.0], [31.56004464158818, 30.26605186023434, 0.0], [31.560043307889284, 30.26605270595712, 0.0], [31.560042045403573, 30.26605363037753, 0.0], [31.56004086028152, 30.26605462899194, 0.0], [31.560039758297158, 30.266055696935112, 0.0], [31.560038744819387, 30.26605682900381, 0.0], [31.560037824786054, 30.266058019682834, 0.0], [31.560037002679437, 30.266059263171062, 0.0], [31.56003628250457, 30.266060553410224, 0.0], [31.56003566777068, 30.26606188411434, 0.0], [31.560035161472353, 30.26606324880014, 0.0], [31.560034766076484, 30.26606464081863, 0.0], [31.56003448350935, 30.266066053388215, 0.0], [31.560034315147885, 30.266067479626546, 0.0], [31.560034261811854, 30.266068912585613, 0.0], [31.560034355503163, 30.266100483756475, 0.0], [31.560081681191175, 30.26610037729453, 0.0], [31.560081587484724, 30.26606880612392, 0.0]]]]}}, {"type": "Feature", "properties": {"Shape_Length": 18.70793437568834, "Shape_Area": 24.084633039099, "Telecom_Facility_Type": "Cabinet", "Easting": "031° 33' 56.36\" E", "Northing": "30° 15' 59.69\" N", "Description": null, "ID": "12-2", "GlobalID": "{A5B8C87C-751F-4A4A-BA9B-6986C0155BAD}", "القطاع": "القطاع الثاني", "عددالبوكسات": 30.0, "created_user": null, "created_date": null, "last_edited_user": null, "last_edited_date": null}, "geometry": {"type": "MultiPolygon", "coordinates": [[[[31.56734642932656, 30.266765326828093, 0.0], [31.567368540612343, 30.266740260791654, 0.0], [31.56733096371637, 30.26671528697315, 0.0], [31.567308852426407, 30.26674035300338, 0.0], [31.567307894672318, 30.266741521073207, 0.0], [31.56730703312064, 30.266742744291435, 0.0], [31.567306271970203, 30.266744016698084, 0.0], [31.56730561492796, 30.266745332094263, 0.0], [31.567305065195686, 30.266746684071116, 0.0], [31.567304625451634, 30.266748066041924, 0.0], [31.567304297838707, 30.266749471273254, 0.0], [31.567304083952195, 30.266750892918843, 0.0], [31.567303984834762, 30.266752324052653, 0.0], [31.567304000969468, 30.26675375770181, 0.0], [31.56730413227721, 30.26675518688165, 0.0], [31.567304378118422, 30.266756604628977, 0.0], [31.56730473729549, 30.2667580040366, 0.0], [31.567305208058485, 30.266759378286448, 0.0], [31.56730578811375, 30.266760720682775, 0.0], [31.567306474635167, 30.266762024685846, 0.0], [31.567307264278067, 30.266763283942332, 0.0], [31.56730815319539, 30.266764492316764, 0.0], [31.567309137055965, 30.26676564392213, 0.0], [31.56731021106652, 30.26676673314776, 0.0], [31.567311369994236, 30.266767754686718, 0.0], [31.567312608192875, 30.266768703562093, 0.0], [31.567313919630156, 30.266769575150857, 0.0], [31.567315297916103, 30.26677036520648, 0.0], [31.56731673633597, 30.266771069879884, 0.0], [31.56731822788165, 30.266771685738014, 0.0], [31.567319765286395, 30.266772209780235, 0.0], [31.567321341059365, 30.26677263945299, 0.0], [31.567322947523756, 30.266772972663617, 0.0], [31.567324576852723, 30.266773207788088, 0.0], [31.567326221107653, 30.266773343681095, 0.0], [31.567327872278003, 30.266773379680508, 0.0], [31.567329522319213, 30.266773315611154, 0.0], [31.56733116319196, 30.2667731517847, 0.0], [31.56733278690188, 30.26677288900003, 0.0], [31.567334385538157, 30.266772528536546, 0.0], [31.567335951312295, 30.26677207215119, 0.0], [31.567337476595483, 30.266771522067337, 0.0], [31.567338953956334, 30.266770880964884, 0.0], [31.567340376197343, 30.266770151967318, 0.0], [31.5673417363892, 30.266769338626517, 0.0], [31.56734302790474, 30.266768444904972, 0.0], [31.567344244451697, 30.26676747515687, 0.0], [31.567345380103664, 30.26676643410724, 0.0], [31.56734642932656, 30.266765326828093, 0.0]]]]}}, {"type": "Feature", "properties": {"Shape_Length": 18.707935074054724, "Shape_Area": 24.084605311270764, "Telecom_Facility_Type": "Cabinet", "Easting": "031° 33' 40.81\" E", "Northing": "30° 16' 1.2\" N", "Description": null, "ID": "11-2", "GlobalID": "{918E6631-7B8C-4B81-B57E-13ADA2AEE26E}", "القطاع": "القطاع الثاني", "عددالبوكسات": 24.0, "created_user": null, "created_date": null, "last_edited_user": null, "last_edited_date": null}, "geometry": {"type": "MultiPolygon", "coordinates": [[[[31.563038259272233, 30.267167388708888, 0.0], [31.563038916265775, 30.267166073289797, 0.0], [31.56303946594622, 30.26716472129301, 0.0], [31.563039905636014, 30.26716333930579, 0.0], [31.56304023319237, 30.267161934060745, 0.0], [31.563040447019418, 30.267160512404995, 0.0], [31.563040546075438, 30.26715908126484, 0.0], [31.563040529878297, 30.26715764761285, 0.0], [31.56304039850623, 30.267156218434238, 0.0], [31.5630401525997, 30.267154800691927, 0.0], [31.563039793356705, 30.26715340129345, 0.0], [31.563039322527775, 30.267152027056905, 0.0], [31.563038742406356, 30.267150684677613, 0.0], [31.563038055819185, 30.26714938069618, 0.0], [31.563037266111337, 30.267148121465187, 0.0], [31.5630363771305, 30.267146913120317, 0.0], [31.563035393207695, 30.267145761548385, 0.0], [31.563034319136822, 30.26714467236024, 0.0], [31.563033160151136, 30.267143650862433, 0.0], [31.56303192189704, 30.267142702032057, 0.0], [31.5630306104075, 30.267141830491546, 0.0], [31.563029232072367, 30.267141040487346, 0.0], [31.563027793607162, 30.267140335868753, 0.0], [31.563026302019903, 30.267139720068233, 0.0], [31.5630247645784, 30.267139196086415, 0.0], [31.563023188772508, 30.26713876647625, 0.0], [31.56302158228052, 30.267138433330423, 0.0], [31.5630199529289, 30.267138198272654, 0.0], [31.56301830865658, 30.267138062447685, 0.0], [31.563016657474048, 30.267138026517422, 0.0], [31.56301500742652, 30.267138090656985, 0.0], [31.563013366553356, 30.267138254553654, 0.0], [31.563011742848666, 30.267138517409354, 0.0], [31.56301014422364, 30.267138877943292, 0.0], [31.56300857846687, 30.26713933439855, 0.0], [31.563007053206682, 30.26713988455145, 0.0], [31.563005575874914, 30.267140525721555, 0.0], [31.563004153669223, 30.26714125478507, 0.0], [31.563002793518148, 30.267142068189816, 0.0], [31.563001502049065, 30.26714296197269, 0.0], [31.56300028555417, 30.267143931779376, 0.0], [31.56299914996056, 30.267144972884438, 0.0], [31.56299810080039, 30.267146080215795, 0.0], [31.562997143185502, 30.267147248378247, 0.0], [31.56299628178189, 30.267148471680567, 0.0], [31.562995520786217, 30.26714974416223, 0.0], [31.5629798999884, 30.26717825448074, 0.0], [31.56302263848415, 30.267195899032313, 0.0], [31.563038259272233, 30.267167388708888, 0.0]]]]}}, {"type": "Feature", "properties": {"Shape_Length": 18.708142932794104, "Shape_Area": 24.085064728990595, "Telecom_Facility_Type": "Cabinet", "Easting": "031° 33' 22.13\" E", "Northing": "30° 16' 3.72\" N", "Description": null, "ID": "9-2", "GlobalID": "{32D2BB3F-4E25-419E-B3E0-F79711A06AE6}", "القطاع": "القطاع الثاني", "عددالبوكسات": 28.0, "created_user": null, "created_date": null, "last_edited_user": null, "last_edited_date": null}, "geometry": {"type": "MultiPolygon", "coordinates": [[[[31.55785861803134, 30.26785531175047, 0.0], [31.557824918392917, 30.267843434431914, 0.0], [31.557823367276495, 30.267842941664696, 0.0], [31.557821780337413, 30.267842544020816, 0.0], [31.557820165307415, 30.267842243438427, 0.0], [31.557818530055474, 30.267842041381634, 0.0], [31.557816882548703, 30.26784193883475, 0.0], [31.557815230814082, 30.267841936297796, 0.0], [31.55781358289966, 30.267842033782774, 0.0], [31.557811946834008, 30.267842230814658, 0.0], [31.55781033058851, 30.267842526433984, 0.0], [31.557808742037896, 30.267842919199918, 0.0], [31.557807188922073, 30.26784340719907, 0.0], [31.557805678807963, 30.26784398805375, 0.0], [31.557804219053327, 30.267844658933846, 0.0], [31.557802816770067, 30.26784541657077, 0.0], [31.557801478790815, 30.267846257273238, 0.0], [31.55780021163433, 30.267847176944727, 0.0], [31.557799021474693, 30.267848171105026, 0.0], [31.557797914110125, 30.26784923490991, 0.0], [31.557796894936445, 30.267850363176468, 0.0], [31.557795968919127, 30.267851550407265, 0.0], [31.557795140569816, 30.267852790818313, 0.0], [31.557794413924544, 30.2678540783658, 0.0], [31.557793792523768, 30.2678554067766, 0.0], [31.557793279394858, 30.267856769578096, 0.0], [31.557792877038374, 30.267858160130842, 0.0], [31.557792587413996, 30.26785957165948, 0.0], [31.55779241193326, 30.267860997287016, 0.0], [31.557792351451077, 30.267862430066977, 0.0], [31.557792406262223, 30.26786386301906, 0.0], [31.557792576099672, 30.26786528916144, 0.0], [31.557792860135677, 30.267866701545216, 0.0], [31.557793256986685, 30.26786809328961, 0.0], [31.557793764719023, 30.267869457613298, 0.0], [31.55779438085872, 30.26787078786922, 0.0], [31.557795102404096, 30.267872077575944, 0.0], [31.557795925839194, 30.267873320449816, 0.0], [31.557796847152623, 30.26787451043521, 0.0], [31.557797861855317, 30.26787564173403, 0.0], [31.557798965003613, 30.267876708834777, 0.0], [31.55780015122203, 30.267877706538005, 0.0], [31.557801414731916, 30.267878629982846, 0.0], [31.557802749376336, 30.267879474669954, 0.0], [31.557804148653315, 30.267880236483695, 0.0], [31.55780560574506, 30.26788091171257, 0.0], [31.557807113552013, 30.267881497066575, 0.0], [31.557840811123114, 30.26789337439831, 0.0], [31.55785861803134, 30.26785531175047, 0.0]]]]}}, {"type": "Feature", "properties": {"Shape_Length": 18.707688404824914, "Shape_Area": 24.084058073408997, "Telecom_Facility_Type": "Cabinet", "Easting": "031° 33' 11.38\" E", "Northing": "30° 16' 4.15\" N", "Description": null, "ID": "4-2", "GlobalID": "{3F156D9F-8814-4EE5-940D-51D498559BB7}", "القطاع": "القطاع الثاني", "عددالبوكسات": 30.0, "created_user": null, "created_date": null, "last_edited_user": null, "last_edited_date": null}, "geometry": {"type": "MultiPolygon", "coordinates": [[[[31.55485555274951, 30.267968640925705, 0.0], [31.554821861622838, 30.26795674295079, 0.0], [31.5548040285176, 30.2679947944812, 0.0], [31.554837717576934, 30.268006692469257, 0.0], [31.5548392682504, 30.26800718602817, 0.0], [31.554840854809548, 30.26800758449375, 0.0], [31.554842469524914, 30.26800788592478, 0.0], [31.55484410453075, 30.268008088852635, 0.0], [31.554845751861425, 30.268008192288523, 0.0], [31.554847403491497, 30.268008195728992, 0.0], [31.55484905137505, 30.268008099156997, 0.0], [31.554850687484027, 30.26800790304338, 0.0], [31.554852303847635, 30.26800760834283, 0.0], [31.55485389259161, 30.268007216491714, 0.0], [31.554855445976287, 30.26800672939868, 0.0], [31.5548569564334, 30.268006149436705, 0.0], [31.554858416605008, 30.26800547943139, 0.0], [31.55485981937757, 30.268004722646623, 0.0], [31.554861157917028, 30.268003882769285, 0.0], [31.554862425702606, 30.26800296389085, 0.0], [31.554863616557892, 30.26800197048797, 0.0], [31.5548647246814, 30.268000907400175, 0.0], [31.55486574467462, 30.267999779806768, 0.0], [31.554866671568803, 30.267998593200538, 0.0], [31.55486750084809, 30.267997353362425, 0.0], [31.55486822847253, 30.26799606633267, 0.0], [31.554868850897435, 30.267994738381145, 0.0], [31.554869365090884, 30.267993375977444, 0.0], [31.554869768547167, 30.267991985758577, 0.0], [31.554870059301116, 30.267990574497425, 0.0], [31.55487023593667, 30.26798914906915, 0.0], [31.5548702975928, 30.26798771641777, 0.0], [31.554870243969297, 30.267986283523125, 0.0], [31.554870075327397, 30.267984857365388, 0.0], [31.55486979248841, 30.26798344489274, 0.0], [31.554869396830803, 30.267982052985985, 0.0], [31.554868890281835, 30.267980688426547, 0.0], [31.554868275309406, 30.267979357861584, 0.0], [31.554867554909148, 30.2679780677736, 0.0], [31.554866732590646, 30.267976824447285, 0.0], [31.554865812360188, 30.26797563393963, 0.0], [31.5548647987011, 30.267974502050738, 0.0], [31.55486369655103, 30.267973434294703, 0.0], [31.55486251127974, 30.26797243587326, 0.0], [31.554861248661126, 30.267971511650348, 0.0], [31.554859914846737, 30.267970666128715, 0.0], [31.554858516334416, 30.26796990342686, 0.0], [31.554857059936857, 30.267969227261272, 0.0], [31.55485555274951, 30.267968640925705, 0.0]]]]}}, {"type": "Feature", "properties": {"Shape_Length": 18.708287346224978, "Shape_Area": 24.085597800525356, "Telecom_Facility_Type": "Cabinet", "Easting": "031° 33' 32.98\" E", "Northing": "30° 16' 4.94\" N", "Description": null, "ID": "9-4", "GlobalID": "{280B08D7-5EE9-47F5-A1D7-8EC4060A9E97}", "القطاع": "القطاع الثاني", "عددالبوكسات": 27.0, "created_user": null, "created_date": null, "last_edited_user": null, "last_edited_date": null}, "geometry": {"type": "MultiPolygon", "coordinates": [[[[31.560863792451386, 30.26820686901786, 0.0], [31.560864344359878, 30.268205517675522, 0.0], [31.560864786323943, 30.268204136206684, 0.0], [31.560865116191508, 30.26820273134172, 0.0], [31.560865332354116, 30.26820130992546, 0.0], [31.56086543375933, 30.26819987888305, 0.0], [31.560865419912815, 30.268198445186282, 0.0], [31.56086529088242, 30.268197015820704, 0.0], [31.560865047296076, 30.268195597749834, 0.0], [31.56086469034142, 30.26819419788262, 0.0], [31.560864221756812, 30.26819282303967, 0.0], [31.560863643825968, 30.26819147991878, 0.0], [31.56086295936378, 30.268190175064124, 0.0], [31.56086217170563, 30.268188914832475, 0.0], [31.560861284688627, 30.268187705364454, 0.0], [31.560860302634715, 30.26818655255204, 0.0], [31.560859230328216, 30.268185462011896, 0.0], [31.560858072993366, 30.268184439057407, 0.0], [31.56085683626908, 30.268183488672257, 0.0], [31.56085552618065, 30.268182615486776, 0.0], [31.56085414911076, 30.268181823755352, 0.0], [31.560852711768533, 30.268181117334965, 0.0], [31.56085122115701, 30.26818049966762, 0.0], [31.560849684538233, 30.268179973762688, 0.0], [31.560848109398712, 30.26817954218214, 0.0], [31.560846503412815, 30.268179207028716, 0.0], [31.56084487440461, 30.26817896993547, 0.0], [31.560843230310972, 30.268178832057476, 0.0], [31.56084157914225, 30.268178794066444, 0.0], [31.56083992894221, 30.268178856147298, 0.0], [31.560838287751615, 30.268179017997703, 0.0], [31.560836663565656, 30.26817927882907, 0.0], [31.560835064297866, 30.268179637370984, 0.0], [31.560833497739825, 30.26818009187604, 0.0], [31.56083197152374, 30.268180640130304, 0.0], [31.56083049308565, 30.26818127946239, 0.0], [31.560829069628376, 30.26818200675769, 0.0], [31.560827708087185, 30.268182818472454, 0.0], [31.56082641509551, 30.26818371065229, 0.0], [31.560825196952887, 30.268184678950433, 0.0], [31.56082405959407, 30.268185718649082, 0.0], [31.560823008560373, 30.268186824682903, 0.0], [31.560822048972568, 30.26818799166335, 0.0], [31.56082118550559, 30.268189213904684, 0.0], [31.56082042236677, 30.268190485452056, 0.0], [31.560819763273656, 30.268191800110625, 0.0], [31.560806422423376, 30.268221171798007, 0.0], [31.560850451602093, 30.268236238905505, 0.0], [31.560863792451386, 30.26820686901786, 0.0]]]]}}, {"type": "Feature", "properties": {"Shape_Length": 18.707979603609278, "Shape_Area": 24.084745415546408, "Telecom_Facility_Type": "Cabinet", "Easting": "031° 34' 3.61\" E", "Northing": "30° 16' 5.09\" N", "Description": null, "ID": "12-3", "GlobalID": "{24F7D7C5-8D0C-41FE-B0E2-F65365D93E24}", "القطاع": "القطاع الثاني", "عددالبوكسات": 30.0, "created_user": null, "created_date": null, "last_edited_user": null, "last_edited_date": null}, "geometry": {"type": "MultiPolygon", "coordinates": [[[[31.569356611907807, 30.268266208248193, 0.0], [31.569382814950053, 30.268244313742933, 0.0], [31.56934999274045, 30.268214717648984, 0.0], [31.569323789698544, 30.26823661214775, 0.0], [31.569322640403012, 30.268237641874453, 0.0], [31.569321576660283, 30.268238738683557, 0.0], [31.56932060365396, 30.268239897231787, 0.0], [31.569319726123904, 30.26824111187378, 0.0], [31.56931894834561, 30.268242376692164, 0.0], [31.569318274108735, 30.268243685524737, 0.0], [31.569317706697856, 30.26824503199463, 0.0], [31.569317248877685, 30.268246409541636, 0.0], [31.569316902878466, 30.268247811454156, 0.0], [31.569316670386552, 30.268249230902523, 0.0], [31.569316552534026, 30.268250660970445, 0.0], [31.569316549895515, 30.2682520946906, 0.0], [31.569316662483732, 30.26825352507817, 0.0], [31.569316889750013, 30.268254945163697, 0.0], [31.569317230587256, 30.26825634802884, 0.0], [31.569317683335054, 30.268257726838506, 0.0], [31.569318245787116, 30.268259074874837, 0.0], [31.569318915203397, 30.268260385570592, 0.0], [31.569319688322462, 30.268261652539397, 0.0], [31.56932056137772, 30.26826286960889, 0.0], [31.569321530115577, 30.268264030849085, 0.0], [31.56932258981603, 30.26826513060278, 0.0], [31.56932373531608, 30.268266163511218, 0.0], [31.569324961034933, 30.268267124542486, 0.0], [31.569326261000825, 30.268268009014204, 0.0], [31.5693276288802, 30.26826881261734, 0.0], [31.56932905800854, 30.268269531436342, 0.0], [31.569330541423, 30.268270161969223, 0.0], [31.56933207189654, 30.268270701144015, 0.0], [31.569333641972065, 30.268271146333507, 0.0], [31.56933524400068, 30.268271495369223, 0.0], [31.569336870176354, 30.26827174655028, 0.0], [31.569338512576863, 30.268271898652923, 0.0], [31.569340163200096, 30.26827195093634, 0.0], [31.569341814003963, 30.26827190314536, 0.0], [31.56934345694583, 30.26827175551331, 0.0], [31.56934508402114, 30.268271508759078, 0.0], [31.569346687302463, 30.268271164085192, 0.0], [31.569348258978465, 30.26827072317047, 0.0], [31.569349791391623, 30.268270188163623, 0.0], [31.569351277076343, 30.26826956167111, 0.0], [31.56935270879409, 30.268268846744917, 0.0], [31.569354079569283, 30.268268046868574, 0.0], [31.56935538272375, 30.268267165939122, 0.0], [31.569356611907807, 30.268266208248193, 0.0]]]]}}, {"type": "Feature", "properties": {"Shape_Length": 18.7078594353537, "Shape_Area": 24.08418380488099, "Telecom_Facility_Type": "Cabinet", "Easting": "031° 33' 50.85\" E", "Northing": "30° 16' 6.32\" N", "Description": null, "ID": "11-3", "GlobalID": "{9DABA89D-A2A5-463A-B843-4C4CB55FC523}", "القطاع": "القطاع الثاني", "عددالبوكسات": 32.0, "created_user": null, "created_date": null, "last_edited_user": null, "last_edited_date": null}, "geometry": {"type": "MultiPolygon", "coordinates": [[[[31.565826346343073, 30.26859517372279, 0.0], [31.565827228604636, 30.268593961712345, 0.0], [31.56582801131308, 30.268592699232553, 0.0], [31.565828690655216, 30.268591392434228, 0.0], [31.565829263321007, 30.2685900476845, 0.0], [31.565829726520295, 30.268588671535053, 0.0], [31.56583007799626, 30.26858727069088, 0.0], [31.565830316036614, 30.268585851976884, 0.0], [31.565830439481413, 30.268584422305366, 0.0], [31.565830447729777, 30.268582988641928, 0.0], [31.565830340740554, 30.268581557971455, 0.0], [31.565830119035894, 30.268580137264646, 0.0], [31.56582978369572, 30.268578733443213, 0.0], [31.56582933635359, 30.268577353346945, 0.0], [31.565828779189328, 30.26857600369959, 0.0], [31.565828114917366, 30.268574691077095, 0.0], [31.565827346774253, 30.268573421874656, 0.0], [31.565826478502256, 30.268572202276186, 0.0], [31.56582551433225, 30.268571038223637, 0.0], [31.56582445896122, 30.268569935388424, 0.0], [31.565823317531624, 30.268568899143514, 0.0], [31.56582209560439, 30.268567934538012, 0.0], [31.56582079913295, 30.26856704627143, 0.0], [31.565819434433823, 30.26856623867184, 0.0], [31.56581800815631, 30.268565515673412, 0.0], [31.56581652724935, 30.268564880799268, 0.0], [31.565814998927937, 30.26856433714234, 0.0], [31.56581343063864, 30.26856388735131, 0.0], [31.565811830021794, 30.268563533618007, 0.0], [31.565810204876712, 30.26856327766537, 0.0], [31.56580856312076, 30.26856312074073, 0.0], [31.56580691275275, 30.268563063608795, 0.0], [31.565805261813974, 30.268563106547557, 0.0], [31.56580361834756, 30.268563249348087, 0.0], [31.565801990361027, 30.268563491314534, 0.0], [31.56580038578634, 30.26856383126799, 0.0], [31.56579881244091, 30.268564267552087, 0.0], [31.565797277990225, 30.268564798041446, 0.0], [31.56579578991067, 30.268565420151273, 0.0], [31.565794355452155, 30.26856613085041, 0.0], [31.56579298160384, 30.268566926676304, 0.0], [31.565791675059213, 30.26856780375177, 0.0], [31.56579044218368, 30.26856875780345, 0.0], [31.565789288984025, 30.268569784182738, 0.0], [31.565788221079607, 30.268570877889605, 0.0], [31.56578724367266, 30.268572033594822, 0.0], [31.565766754417833, 30.26859811889324, 0.0], [31.565805859172336, 30.268621259018197, 0.0], [31.565826346343073, 30.26859517372279, 0.0]]]]}}, {"type": "Feature", "properties": {"Shape_Length": 18.70785547866995, "Shape_Area": 24.084069378929854, "Telecom_Facility_Type": "Cabinet", "Easting": "031° 33' 50.42\" E", "Northing": "30° 16' 7.11\" N", "Description": null, "ID": "11-4", "GlobalID": "{C0265591-9C2C-4FA3-8732-ACB714D76D76}", "القطاع": "القطاع الثاني", "عددالبوكسات": 30.0, "created_user": null, "created_date": null, "last_edited_user": null, "last_edited_date": null}, "geometry": {"type": "MultiPolygon", "coordinates": [[[[31.565696018017206, 30.268826155869604, 0.0], [31.56571677219818, 30.268800228199634, 0.0], [31.565677904689792, 30.268776787547203, 0.0], [31.56565715259202, 30.268802717006253, 0.0], [31.56565625816128, 30.26880392219358, 0.0], [31.565655462761214, 30.26880517860225, 0.0], [31.565654770266438, 30.268806480110445, 0.0], [31.565654184050498, 30.268807820377823, 0.0], [31.56565370696929, 30.26880919287503, 0.0], [31.565653341347016, 30.268810590915624, 0.0], [31.565653088965426, 30.268812007688357, 0.0], [31.56565295105332, 30.268813436291634, 0.0], [31.565652928283157, 30.268814869765226, 0.0], [31.56565302076549, 30.26881630112582, 0.0], [31.565653228049737, 30.268817723400296, 0.0], [31.56565354912654, 30.26881912965929, 0.0], [31.565653982431392, 30.268820513052002, 0.0], [31.565654525853134, 30.268821866839392, 0.0], [31.565655176744745, 30.268823184425504, 0.0], [31.565655931935222, 30.268824459391507, 0.0], [31.565656787745002, 30.268825685526295, 0.0], [31.565657740005285, 30.26882685685649, 0.0], [31.565658784076824, 30.268827967675435, 0.0], [31.565659914872953, 30.268829012571494, 0.0], [31.565661126885203, 30.268829986454474, 0.0], [31.565662414208145, 30.268830884579703, 0.0], [31.565663770570854, 30.268831702571617, 0.0], [31.565665189365504, 30.268832436445344, 0.0], [31.565666663680005, 30.268833082625395, 0.0], [31.565668186331553, 30.268833637964104, 0.0], [31.56566974990234, 30.26883409975572, 0.0], [31.5656713467752, 30.268834465750448, 0.0], [31.565672969170613, 30.268834734165612, 0.0], [31.565674609184445, 30.268834903693318, 0.0], [31.565676258827093, 30.26883497350748, 0.0], [31.565677910061535, 30.268834943268313, 0.0], [31.565679554843943, 30.268834813123124, 0.0], [31.565681185161154, 30.2688345837057, 0.0], [31.5656827930706, 30.26883425613399, 0.0], [31.565684370738982, 30.268833832003637, 0.0], [31.565685910480024, 30.268833313380966, 0.0], [31.565687404792822, 30.268832702792537, 0.0], [31.56568884639738, 30.268832003213205, 0.0], [31.56569022827074, 30.268831218050796, 0.0], [31.565691543680384, 30.268830351130532, 0.0], [31.565692786218165, 30.268829406675945, 0.0], [31.565693949830546, 30.268828389287957, 0.0], [31.565695028849206, 30.268827303923125, 0.0], [31.565696018017206, 30.268826155869604, 0.0]]]]}}, {"type": "Feature", "properties": {"Shape_Length": 18.70838673370673, "Shape_Area": 24.08564960102881, "Telecom_Facility_Type": "Cabinet", "Easting": "031° 33' 18.67\" E", "Northing": "30° 16' 11.26\" N", "Description": null, "ID": "9-1", "GlobalID": "{A5631E7E-DC8C-48F1-8C33-F5C34C3CC7DC}", "القطاع": "القطاع الثالث", "عددالبوكسات": 30.0, "created_user": null, "created_date": null, "last_edited_user": null, "last_edited_date": null}, "geometry": {"type": "MultiPolygon", "coordinates": [[[[31.556897586739744, 30.269954567874816, 0.0], [31.55686524790848, 30.26994011551686, 0.0], [31.55686375390383, 30.269939504024453, 0.0], [31.556862214395974, 30.269938984484217, 0.0], [31.556860636884128, 30.269938559427167, 0.0], [31.556859029055207, 30.269938230924346, 0.0], [31.556857398742462, 30.26993800057602, 0.0], [31.556855753888875, 30.269937869504695, 0.0], [31.556854102508755, 30.269937838348987, 0.0], [31.55685245264738, 30.26993790726074, 0.0], [31.556850812343598, 30.269938075904196, 0.0], [31.556849189588906, 30.269938343457504, 0.0], [31.556847592289383, 30.269938708617122, 0.0], [31.556846028227984, 30.269939169604235, 0.0], [31.556844505024564, 30.269939724172676, 0.0], [31.55684303010007, 30.269940369620354, 0.0], [31.5568416106413, 30.26994110280294, 0.0], [31.55684025356349, 30.269941920147875, 0.0], [31.556838965478835, 30.269942817672842, 0.0], [31.556837752662855, 30.269943791005588, 0.0], [31.55683662102475, 30.26994483540332, 0.0], [31.55683557607784, 30.269945945777863, 0.0], [31.55683462291332, 30.26994711671941, 0.0], [31.556833766175096, 30.269948342522543, 0.0], [31.55683301003755, 30.269949617215467, 0.0], [31.556832358184394, 30.269950934587325, 0.0], [31.55683181379149, 30.269952288219788, 0.0], [31.556831379511834, 30.26995367151794, 0.0], [31.556831057460567, 30.26995507774207, 0.0], [31.55683084920742, 30.269956500040852, 0.0], [31.55683075576636, 30.269957931484377, 0.0], [31.556830777593014, 30.269959365098845, 0.0], [31.556830914581138, 30.269960793899198, 0.0], [31.556831166063088, 30.269962210924167, 0.0], [31.5568315308138, 30.269963609270064, 0.0], [31.556832007056126, 30.269964982123636, 0.0], [31.556832592469508, 30.269966322796314, 0.0], [31.556833284202177, 30.269967624756053, 0.0], [31.55683407888342, 30.26996888165961, 0.0], [31.556834972641703, 30.269970087383065, 0.0], [31.556835961122832, 30.269971236051877, 0.0], [31.5568370395099, 30.26997232206981, 0.0], [31.55683820254984, 30.269973340145473, 0.0], [31.55683944457543, 30.269974285318572, 0.0], [31.556840759535906, 30.269975152984287, 0.0], [31.55684214102372, 30.269975938915042, 0.0], [31.556843582309188, 30.26997663928203, 0.0], [31.556875919071036, 30.269991091653985, 0.0], [31.556897586739744, 30.269954567874816, 0.0]]]]}}, {"type": "Feature", "properties": {"Shape_Length": 18.70767328668711, "Shape_Area": 24.083832743751955, "Telecom_Facility_Type": "Cabinet", "Easting": "031° 33' 48.63\" E", "Northing": "30° 16' 12.68\" N", "Description": null, "ID": "10-2", "GlobalID": "{ED7B8F1F-F19F-4C84-B0A9-601FB00EF5FB}", "القطاع": "القطاع الثاني", "عددالبوكسات": 29.0, "created_user": null, "created_date": null, "last_edited_user": null, "last_edited_date": null}, "geometry": {"type": "MultiPolygon", "coordinates": [[[[31.56520836321299, 30.27036200737014, 0.0], [31.565209326520737, 30.270360842834755, 0.0], [31.565210193895886, 30.270359622810282, 0.0], [31.565210961113493, 30.270358353240585, 0.0], [31.565211624435822, 30.270357040310508, 0.0], [31.56521218063077, 30.270355690416118, 0.0], [31.56521262698912, 30.270354310133673, 0.0], [31.565212961336744, 30.270352906187654, 0.0], [31.56521318204404, 30.27035148541764, 0.0], [31.565213288036258, 30.27035005474502, 0.0], [31.56521327879704, 30.270348621140073, 0.0], [31.565213154371293, 30.2703471915863, 0.0], [31.565212915365297, 30.270345773048327, 0.0], [31.565212562943504, 30.27034437243707, 0.0], [31.56521209882232, 30.270342996575568, 0.0], [31.565211525263226, 30.270341652166753, 0.0], [31.565210845060445, 30.270340345760175, 0.0], [31.565210061527434, 30.27033908372011, 0.0], [31.5652091784816, 30.270337872195142, 0.0], [31.565208200224838, 30.270336717087208, 0.0], [31.565207131523003, 30.27033562402362, 0.0], [31.565205977582142, 30.27033459832948, 0.0], [31.565204744024275, 30.270333645001795, 0.0], [31.565203436858972, 30.27033276868501, 0.0], [31.565202062453892, 30.270331973647878, 0.0], [31.56520062750518, 30.270331263763875, 0.0], [31.565199139003305, 30.27033064249122, 0.0], [31.56519760419987, 30.270330112856584, 0.0], [31.56519603057151, 30.270329677439978, 0.0], [31.565194425785236, 30.270329338363286, 0.0], [31.56519279765864, 30.27032909727758, 0.0], [31.56519115412367, 30.27032895535788, 0.0], [31.565189503186648, 30.27032891329551, 0.0], [31.565187852891032, 30.270328971295115, 0.0], [31.56518621127627, 30.270329129074394, 0.0], [31.565184586340013, 30.270329385864727, 0.0], [31.565182985998174, 30.270329740414756, 0.0], [31.56518141804717, 30.270330190997512, 0.0], [31.56517989012589, 30.270330735418135, 0.0], [31.56517840967735, 30.27033137102375, 0.0], [31.56517698391469, 30.27033209471832, 0.0], [31.565175619782885, 30.27033290297633, 0.0], [31.56517432392845, 30.270333791859557, 0.0], [31.565173102663312, 30.270334757038274, 0.0], [31.565171961938233, 30.270335793810172, 0.0], [31.565170907309874, 30.27033689712441, 0.0], [31.565148673657557, 30.27036188213088, 0.0], [31.56518612957504, 30.27038699418689, 0.0], [31.56520836321299, 30.27036200737014, 0.0]]]]}}, {"type": "Feature", "properties": {"Shape_Length": 18.707555756472125, "Shape_Area": 24.083549522580913, "Telecom_Facility_Type": "Cabinet", "Easting": "031° 33' 25.19\" E", "Northing": "30° 16' 13.92\" N", "Description": null, "ID": "9-3", "GlobalID": "{3F6E8563-B030-4533-B063-5536FA225D53}", "القطاع": "القطاع الاول", "عددالبوكسات": 22.0, "created_user": null, "created_date": null, "last_edited_user": null, "last_edited_date": null}, "geometry": {"type": "MultiPolygon", "coordinates": [[[[31.558691054519986, 30.270683688649513, 0.0], [31.558656976119313, 30.270672650269727, 0.0], [31.558640430981786, 30.27071113881426, 0.0], [31.558674507305437, 30.270722175402966, 0.0], [31.558676073931228, 30.270722629399813, 0.0], [31.558677673225237, 30.270722987436933, 0.0], [31.558679297396452, 30.270723247770825, 0.0], [31.55868093853263, 30.27072340913288, 0.0], [31.55868258863871, 30.270723470737114, 0.0], [31.558684239676214, 30.27072343228308, 0.0], [31.558685883601683, 30.270723293958813, 0.0], [31.55868751240694, 30.270723056437426, 0.0], [31.558689118157126, 30.270722720876407, 0.0], [31.558690693029153, 30.27072228891058, 0.0], [31.558692229351486, 30.270721762644133, 0.0], [31.558693719639237, 30.270721144640603, 0.0], [31.558695156632687, 30.27072043791116, 0.0], [31.558696533331624, 30.270719645898374, 0.0], [31.558697843028703, 30.27071877246063, 0.0], [31.558699079343718, 30.270717821852962, 0.0], [31.558700236254474, 30.27071679870638, 0.0], [31.558701308124434, 30.270715708005348, 0.0], [31.558702289731862, 30.2707145550632, 0.0], [31.55870317629494, 30.270713345496628, 0.0], [31.55870396349456, 30.27071208519812, 0.0], [31.55870464749618, 30.27071078030727, 0.0], [31.558705224967003, 30.270709437181246, 0.0], [31.55870569309435, 30.27070806236303, 0.0], [31.558706049597557, 30.270706662550026, 0.0], [31.558706292739938, 30.270705244561775, 0.0], [31.558706421336865, 30.270703815306085, 0.0], [31.5587064347618, 30.270702381745647, 0.0], [31.558706332949587, 30.270700950864384, 0.0], [31.558706116396145, 30.27069952963259, 0.0], [31.558705786156512, 30.270698124974302, 0.0], [31.558705343839286, 30.270696743732202, 0.0], [31.558704791599137, 30.270695392635368, 0.0], [31.558704132126906, 30.270694078265624, 0.0], [31.55870336863491, 30.270692807025988, 0.0], [31.558702504842522, 30.270691585109557, 0.0], [31.558701544957735, 30.270690418468817, 0.0], [31.558700493657156, 30.270689312787347, 0.0], [31.558699356061695, 30.270688273451686, 0.0], [31.558698137713826, 30.2706873055247, 0.0], [31.558696844548308, 30.270686413721968, 0.0], [31.55869548286544, 30.2706856023881, 0.0], [31.5586940592984, 30.270684875475247, 0.0], [31.558692580782434, 30.27068423652481, 0.0], [31.558691054519986, 30.270683688649513, 0.0]]]]}}, {"type": "Feature", "properties": {"Shape_Length": 18.707786216155565, "Shape_Area": 24.084626588841218, "Telecom_Facility_Type": "Cabinet", "Easting": "031° 33' 35.78\" E", "Northing": "30° 16' 14.08\" N", "Description": null, "ID": "10-1", "GlobalID": "{440F6762-0F1E-4099-9AC7-C9E66C24EAAB}", "القطاع": "القطاع الاول", "عددالبوكسات": 27.0, "created_user": null, "created_date": null, "last_edited_user": null, "last_edited_date": null}, "geometry": {"type": "MultiPolygon", "coordinates": [[[[31.56163712040316, 30.270733768761875, 0.0], [31.561610576400128, 30.27071218466185, 0.0], [31.56157821895801, 30.27074216283875, 0.0], [31.56160476089408, 30.270763748758164, 0.0], [31.56160600499322, 30.27076469181786, 0.0], [31.561607321849095, 30.270765557254684, 0.0], [31.561608705045902, 30.270766340852635, 0.0], [31.561610147845375, 30.270767038794617, 0.0], [31.56161164321904, 30.270767647680042, 0.0], [31.56161318388198, 30.27076816454318, 0.0], [31.561614762328517, 30.270768586865508, 0.0], [31.56161637086914, 30.27076891259006, 0.0], [31.56161800166804, 30.270769140130177, 0.0], [31.561619646780322, 30.27076926837682, 0.0], [31.56162129819136, 30.2707692967059, 0.0], [31.561622947856772, 30.270769224978768, 0.0], [31.56162458773992, 30.27076905354518, 0.0], [31.56162620985152, 30.27076878324018, 0.0], [31.56162780628957, 30.270768415380743, 0.0], [31.561629369276794, 30.270767951758856, 0.0], [31.561630891199318, 30.27076739463305, 0.0], [31.56163236464223, 30.270766746717456, 0.0], [31.56163378242816, 30.2707660111685, 0.0], [31.561635137650125, 30.270765191569442, 0.0], [31.561636423705718, 30.270764291912982, 0.0], [31.561637634329852, 30.2707633165818, 0.0], [31.561638763625332, 30.270762270327463, 0.0], [31.56163980608994, 30.27076115824716, 0.0], [31.56164075664575, 30.27075998575809, 0.0], [31.56164161066217, 30.270758758572228, 0.0], [31.561642363978113, 30.27075748266795, 0.0], [31.561643012924403, 30.270756164261005, 0.0], [31.561643554339145, 30.270754809774072, 0.0], [31.56164398558516, 30.27075342580562, 0.0], [31.561644304561266, 30.270752019098005, 0.0], [31.56164450971389, 30.27075059650424, 0.0], [31.561644600043316, 30.270749164954122, 0.0], [31.56164457510975, 30.270747731421718, 0.0], [31.561644435034662, 30.270746302890945, 0.0], [31.561644180499965, 30.27074488632078, 0.0], [31.561643812746276, 30.27074348861216, 0.0], [31.561643333564962, 30.27074211657441, 0.0], [31.56164274529025, 30.270740776891127, 0.0], [31.56164205078785, 30.27073947608904, 0.0], [31.56164125344149, 30.270738220505073, 0.0], [31.561640357135364, 30.27073701625567, 0.0], [31.561639366236033, 30.270735869207744, 0.0], [31.561638285570062, 30.270734784949052, 0.0], [31.56163712040316, 30.270733768761875, 0.0]]]]}}, {"type": "Feature", "properties": {"Shape_Length": 18.707981930508975, "Shape_Area": 24.084887189689884, "Telecom_Facility_Type": "Cabinet", "Easting": "031° 33' 6.61\" E", "Northing": "30° 16' 14.66\" N", "Description": null, "ID": "4-1", "GlobalID": "{90E0F1D0-D5B9-4F5B-8EF1-11B52C48A9EA}", "القطاع": "القطاع الثالث", "عددالبوكسات": 26.0, "created_user": null, "created_date": null, "last_edited_user": null, "last_edited_date": null}, "geometry": {"type": "MultiPolygon", "coordinates": [[[[31.553530447262677, 30.270889576932166, 0.0], [31.553496494532105, 30.270878251628844, 0.0], [31.553479518386222, 30.270916598832795, 0.0], [31.553513469049776, 30.27092792414909, 0.0], [31.55351503060606, 30.270928391392705, 0.0], [31.553516625908657, 30.270928762950508, 0.0], [31.553518247184513, 30.270929037012984, 0.0], [31.553519886535796, 30.27092921224422, 0.0], [31.553521535976362, 30.270929287790903, 0.0], [31.553523187470134, 30.270929263285066, 0.0], [31.553524832972005, 30.270929138845872, 0.0], [31.55352646446501, 30.270928915079757, 0.0], [31.55352807400145, 30.270928593076796, 0.0], [31.55352965373975, 30.270928174405608, 0.0], [31.55353119598411, 30.270927661106064, 0.0], [31.55353269322121, 30.270927055678523, 0.0], [31.553534138156763, 30.270926361072735, 0.0], [31.553535523751613, 30.27092558067233, 0.0], [31.553536843255777, 30.270924718279375, 0.0], [31.5535380902405, 30.27092377809488, 0.0], [31.553539258630984, 30.270922764699797, 0.0], [31.553540342735364, 30.270921683030483, 0.0], [31.553541337271888, 30.27092053835681, 0.0], [31.55354223739596, 30.270919336255425, 0.0], [31.553543038721966, 30.270918082582185, 0.0], [31.55354373734612, 30.270916783445013, 0.0], [31.553544329865442, 30.270915445172555, 0.0], [31.55354481339273, 30.270914074284857, 0.0], [31.553545185572855, 30.27091267746043, 0.0], [31.55354544459217, 30.270911261503816, 0.0], [31.553545589189447, 30.27090983331364, 0.0], [31.553545618659715, 30.27090839984753, 0.0], [31.55354553285971, 30.270906968088426, 0.0], [31.553545332207275, 30.27090554501205, 0.0], [31.55354501767999, 30.270904137550897, 0.0], [31.553544590810045, 30.270902752562, 0.0], [31.553544053677175, 30.270901396792045, 0.0], [31.55354340889831, 30.270900076846694, 0.0], [31.553542659614077, 30.270898799155706, 0.0], [31.553541809475234, 30.27089756994382, 0.0], [31.553540862623418, 30.27089639519944, 0.0], [31.553539823671052, 30.270895280645615, 0.0], [31.553538697680168, 30.270894231712028, 0.0], [31.553537490135646, 30.27089325350886, 0.0], [31.55353620692057, 30.27089235080157, 0.0], [31.553534854286397, 30.270891527987878, 0.0], [31.55353343882306, 30.270890789076063, 0.0], [31.553531967425567, 30.270890137666633, 0.0], [31.553530447262677, 30.270889576932166, 0.0]]]]}}, {"type": "Feature", "properties": {"Shape_Length": 18.708406354433087, "Shape_Area": 24.085792847539143, "Telecom_Facility_Type": "Cabinet", "Easting": "031° 34' 10.93\" E", "Northing": "30° 16' 15.56\" N", "Description": null, "ID": "12-4", "GlobalID": "{0169BFE9-EDDC-4A1A-B837-66A3C1713C25}", "القطاع": "القطاع الثاني", "عددالبوكسات": 28.0, "created_user": null, "created_date": null, "last_edited_user": null, "last_edited_date": null}, "geometry": {"type": "MultiPolygon", "coordinates": [[[[31.571373277606902, 30.271175617400665, 0.0], [31.571409601664136, 30.271173965355235, 0.0], [31.57140712590688, 30.27113294038768, 0.0], [31.571370801864685, 30.271134592432233, 0.0], [31.571369156386076, 30.271134717351025, 0.0], [31.571367524954844, 30.271134941595477, 0.0], [31.57136591551966, 30.271135264073703, 0.0], [31.571364335920485, 30.271135683214528, 0.0], [31.571362793853687, 30.271136196975835, 0.0], [31.571361296832105, 30.271136802854635, 0.0], [31.571359852148554, 30.271137497899122, 0.0], [31.57135846684187, 30.271138278723104, 0.0], [31.571357147661022, 30.271139141522774, 0.0], [31.57135590103247, 30.271140082094185, 0.0], [31.57135473303048, 30.27114109585526, 0.0], [31.571353649344736, 30.271142177867265, 0.0], [31.57135265525515, 30.27114332285831, 0.0], [31.571351755604674, 30.271144525250307, 0.0], [31.571350954776616, 30.27114577918544, 0.0], [31.571350256672115, 30.27114707855451, 0.0], [31.571349664692406, 30.271148417027323, 0.0], [31.571349181721953, 30.271149788082727, 0.0], [31.57134881011313, 30.27115118504129, 0.0], [31.57134855167681, 30.27115260109696, 0.0], [31.57134840767209, 30.27115402935095, 0.0], [31.571348378800145, 30.27115546284528, 0.0], [31.571348465201822, 30.271156894595407, 0.0], [31.57134866645643, 30.271158317626778, 0.0], [31.571348981583295, 30.271159725005973, 0.0], [31.571349409046856, 30.271161109876694, 0.0], [31.571349946765206, 30.27116246549178, 0.0], [31.571350592118392, 30.27116378524705, 0.0], [31.57135134196184, 30.27116506271232, 0.0], [31.571352192643047, 30.27116629166451, 0.0], [31.571353140017465, 30.271167466115998, 0.0], [31.571354179469147, 30.27116858034498, 0.0], [31.571355305934446, 30.271169628922962, 0.0], [31.571356513925128, 30.27117060674163, 0.0], [31.571357797555965, 30.271171509036904, 0.0], [31.571359150573496, 30.27117233141293, 0.0], [31.571360566385486, 30.271173069863302, 0.0], [31.571362038094833, 30.27117372079053, 0.0], [31.571363558531274, 30.27117428102292, 0.0], [31.571365120287023, 30.271174747831125, 0.0], [31.571366715753797, 30.271175118941144, 0.0], [31.571368337158734, 30.271175392544876, 0.0], [31.571369976601662, 30.271175567309275, 0.0], [31.571371626096653, 30.271175642383227, 0.0], [31.571373277606902, 30.271175617400665, 0.0]]]]}}, {"type": "Feature", "properties": {"Shape_Length": 18.70801329650395, "Shape_Area": 24.084987970725237, "Telecom_Facility_Type": "Cabinet", "Easting": "031° 34' 3.0\" E", "Northing": "30° 16' 15.59\" N", "Description": null, "ID": "10-4", "GlobalID": "{8158B240-2776-463C-8601-1153EC938EFF}", "القطاع": "القطاع الثاني", "عددالبوكسات": 28.0, "created_user": null, "created_date": null, "last_edited_user": null, "last_edited_date": null}, "geometry": {"type": "MultiPolygon", "coordinates": [[[[31.569193239789662, 30.27117883886344, 0.0], [31.56919474037159, 30.2711782397098, 0.0], [31.569196189147824, 30.27117755115978, 0.0], [31.56919757906052, 30.271176776567756, 0.0], [31.569198903337686, 30.27117591970761, 0.0], [31.569200155528126, 30.271174984753404, 0.0], [31.569201329531605, 30.27117397626002, 0.0], [31.569202419628443, 30.271172899141, 0.0], [31.56920342050814, 30.271171758643273, 0.0], [31.569204327294322, 30.27117056032348, 0.0], [31.56920513556972, 30.271169310019364, 0.0], [31.569205841396393, 30.271168013821935, 0.0], [31.569206441336032, 30.27116667804646, 0.0], [31.569206932465562, 30.271165309199983, 0.0], [31.56920731239245, 30.271163913951554, 0.0], [31.569207579265655, 30.27116249909821, 0.0], [31.56920773178539, 30.271161071532777, 0.0], [31.569207769208145, 30.271159638210175, 0.0], [31.569207691352073, 30.271158206113185, 0.0], [31.56920749859621, 30.271156782218497, 0.0], [31.569207191879624, 30.271155373463184, 0.0], [31.569206772696585, 30.27115398670995, 0.0], [31.569206243089557, 30.271152628715257, 0.0], [31.569205605638214, 30.271151306094595, 0.0], [31.569204863447982, 30.271150025291224, 0.0], [31.569204020135135, 30.27114879254537, 0.0], [31.569203079807966, 30.271147613862645, 0.0], [31.569202047047092, 30.271146494984716, 0.0], [31.569200926884562, 30.271145441363103, 0.0], [31.5691997247768, 30.27114445813055, 0.0], [31.56919844658085, 30.27114355007719, 0.0], [31.569197098522988, 30.271142721626752, 0.0], [31.569195687171362, 30.271141976815155, 0.0], [31.56919421940151, 30.271141319271077, 0.0], [31.569192702363672, 30.271140752197763, 0.0], [31.569191143449004, 30.27114027835816, 0.0], [31.56918955025171, 30.271139900060543, 0.0], [31.56918793053392, 30.27113961914767, 0.0], [31.56918629218611, 30.271139436988303, 0.0], [31.569184643190077, 30.271139354469867, 0.0], [31.56918299157905, 30.271139371994106, 0.0], [31.56918134539954, 30.271139489476113, 0.0], [31.569179712671428, 30.27113970634338, 0.0], [31.56917810134829, 30.271140021538923, 0.0], [31.569176519281363, 30.27114043352778, 0.0], [31.569174974176864, 30.271140940302683, 0.0], [31.569141419002104, 30.271153126404656, 0.0], [31.56915968459403, 30.271191023166114, 0.0], [31.569193239789662, 30.27117883886344, 0.0]]]]}}, {"type": "Feature", "properties": {"Shape_Length": 18.707658045271803, "Shape_Area": 24.08411722126601, "Telecom_Facility_Type": "Cabinet", "Easting": "031° 33' 48.43\" E", "Northing": "30° 16' 17.24\" N", "Description": null, "ID": "7-2", "GlobalID": "{AE246BA2-0D37-4E57-B680-933CC0D78C93}", "القطاع": "القطاع الاول", "عددالبوكسات": 24.0, "created_user": null, "created_date": null, "last_edited_user": null, "last_edited_date": null}, "geometry": {"type": "MultiPolygon", "coordinates": [[[[31.565154091771177, 30.27161440436063, 0.0], [31.56512995655444, 30.271590786418948, 0.0], [31.56509454978482, 30.271618045401794, 0.0], [31.565118685010276, 30.27164166515395, 0.0], [31.565119823573227, 30.271642703775868, 0.0], [31.56512104283032, 30.271643670932434, 0.0], [31.5651223368417, 30.27164456191235, 0.0], [31.565123699303314, 30.271645372374778, 0.0], [31.565125123577648, 30.27164609837141, 0.0], [31.56512660272666, 30.27164673636583, 0.0], [31.565128129544323, 30.271647283249695, 0.0], [31.565129696592113, 30.271647736358705, 0.0], [31.565131296236526, 30.271648093485823, 0.0], [31.565132920684714, 30.27164835289092, 0.0], [31.56513456202238, 30.271648513310467, 0.0], [31.565136212254366, 30.271648573962988, 0.0], [31.565137863340592, 30.271648534553034, 0.0], [31.565139507238168, 30.271648395272234, 0.0], [31.5651411359383, 30.271648156799497, 0.0], [31.5651427415068, 30.271647820296508, 0.0], [31.56514431612185, 30.27164738740264, 0.0], [31.56514585211235, 30.271646860226383, 0.0], [31.565147341996003, 30.27164624133635, 0.0], [31.56514877851418, 30.271645533747574, 0.0], [31.56515015466903, 30.271644740906783, 0.0], [31.565151463756195, 30.271643866676648, 0.0], [31.565152699398535, 30.271642915316296, 0.0], [31.565153855576565, 30.271641891459993, 0.0], [31.56515492665749, 30.27164080009564, 0.0], [31.565155907423584, 30.271639646540088, 0.0], [31.565156793096776, 30.271638436412832, 0.0], [31.565157579362676, 30.271637175609662, 0.0], [31.56515826239085, 30.271635870272075, 0.0], [31.565158838853527, 30.27163452675964, 0.0], [31.565159305943084, 30.271633151616996, 0.0], [31.565159661383333, 30.271631751543797, 0.0], [31.565159903442964, 30.271630333360463, 0.0], [31.56516003094275, 30.27162890397563, 0.0], [31.565160043261603, 30.271627470353057, 0.0], [31.565159940339733, 30.271626039476686, 0.0], [31.565159722678207, 30.271624618316963, 0.0], [31.56515939133742, 30.27162321379765, 0.0], [31.56515894793177, 30.27162183276073, 0.0], [31.56515839462099, 30.271620481934036, 0.0], [31.565157734100982, 30.27161916789852, 0.0], [31.565156969589513, 30.27161789705564, 0.0], [31.565156104810704, 30.271616675596228, 0.0], [31.565155143977613, 30.271615509470973, 0.0], [31.565154091771177, 30.27161440436063, 0.0]]]]}}, {"type": "Feature", "properties": {"Shape_Length": 18.70789360108094, "Shape_Area": 24.084442526337796, "Telecom_Facility_Type": "Cabinet", "Easting": "031° 33' 42.71\" E", "Northing": "30° 16' 19.4\" N", "Description": null, "ID": "7-1", "GlobalID": "{8D03A802-E54A-4DE5-AB10-F58F4F56921D}", "القطاع": "القطاع الاول", "عددالبوكسات": 24.0, "created_user": null, "created_date": null, "last_edited_user": null, "last_edited_date": null}, "geometry": {"type": "MultiPolygon", "coordinates": [[[[31.563577449834575, 30.272223072476113, 0.0], [31.563550563886928, 30.27220180957412, 0.0], [31.563549304933545, 30.272200881438764, 0.0], [31.56354797445383, 30.272200031793343, 0.0], [31.5635465789311, 30.272199264777353, 0.0], [31.563545125163184, 30.272198584127686, 0.0], [31.563543620233677, 30.27219799316071, 0.0], [31.563542071475176, 30.272197494755527, 0.0], [31.563540486433254, 30.272197091340853, 0.0], [31.563538872830808, 30.272196784882, 0.0], [31.56353723852955, 30.272196576871867, 0.0], [31.563535591492254, 30.27219646832438, 0.0], [31.563533939743017, 30.27219645976827, 0.0], [31.56353229133043, 30.27219655124504, 0.0], [31.56353065428509, 30.272196742309404, 0.0], [31.563529036583454, 30.272197032029748, 0.0], [31.563527446107557, 30.27219741899524, 0.0], [31.56352589060569, 30.272197901320094, 0.0], [31.563524377657206, 30.272198476654122, 0.0], [31.563522914633513, 30.272199142194847, 0.0], [31.563521508662262, 30.27219989469888, 0.0], [31.56352016659425, 30.272200730500547, 0.0], [31.56351889496797, 30.27220164552725, 0.0], [31.563517699979283, 30.272202635320664, 0.0], [31.563516587450053, 30.272203695058806, 0.0], [31.563515562800934, 30.272204819577798, 0.0], [31.563514631024628, 30.2722060033992, 0.0], [31.563513796660313, 30.272207240755158, 0.0], [31.563513063773335, 30.27220852561687, 0.0], [31.56351243593469, 30.272209851724337, 0.0], [31.56351191620345, 30.272211212616284, 0.0], [31.56351150711126, 30.272212601662407, 0.0], [31.563511210652187, 30.272214012094704, 0.0], [31.56351102826968, 30.272215437041556, 0.0], [31.563510960853286, 30.27221686956013, 0.0], [31.56351100873054, 30.272218302670982, 0.0], [31.56351117166898, 30.27221972939176, 0.0], [31.5635114488745, 30.27222114277118, 0.0], [31.563511838996153, 30.27222253592254, 0.0], [31.563512340133826, 30.27222390205879, 0.0], [31.563512949845222, 30.272225234523443, 0.0], [31.563513665159974, 30.272226526824365, 0.0], [31.563514482593142, 30.272227772665495, 0.0], [31.563515398161513, 30.27222896597655, 0.0], [31.56351640740449, 30.272230100943485, 0.0], [31.56351750540518, 30.272231172036552, 0.0], [31.563518686813754, 30.272232174037583, 0.0], [31.563545572763026, 30.272253436945984, 0.0], [31.563577449834575, 30.272223072476113, 0.0]]]]}}, {"type": "Feature", "properties": {"Shape_Length": 18.707818064223687, "Shape_Area": 24.08429224012236, "Telecom_Facility_Type": "Cabinet", "Easting": "031° 33' 17.27\" E", "Northing": "30° 16' 20.58\" N", "Description": null, "ID": "5-4", "GlobalID": "{E5D53405-585E-4BFE-87A3-C51326DAE9B5}", "القطاع": "القطاع الثالث", "عددالبوكسات": 28.0, "created_user": null, "created_date": null, "last_edited_user": null, "last_edited_date": null}, "geometry": {"type": "MultiPolygon", "coordinates": [[[[31.5564996387985, 30.272553840121063, 0.0], [31.55650052929045, 30.27255263261837, 0.0], [31.556501320569215, 30.27255137413956, 0.0], [31.55650200877928, 30.272550070816227, 0.0], [31.55650259056771, 30.27254872899784, 0.0], [31.556503063099946, 30.272547355222148, 0.0], [31.55650342407372, 30.27254595618229, 0.0], [31.556503671730475, 30.272544538694156, 0.0], [31.55650380486371, 30.27254310966372, 0.0], [31.556503822824762, 30.272541676053738, 0.0], [31.55650372552599, 30.272540244848507, 0.0], [31.556503513441818, 30.272538823021133, 0.0], [31.55650318760485, 30.27253741749843, 0.0], [31.55650274960321, 30.27253603512832, 0.0], [31.556502201570687, 30.27253468264587, 0.0], [31.556501546177326, 30.272533366640328, 0.0], [31.556500786615928, 30.272532093523484, 0.0], [31.556499926587563, 30.272530869497665, 0.0], [31.556498970281968, 30.272529700526533, 0.0], [31.556497922358727, 30.272528592305676, 0.0], [31.556496787922708, 30.27252755023384, 0.0], [31.55649557250159, 30.2725265793886, 0.0], [31.55649428201658, 30.272525684499403, 0.0], [31.556492922755087, 30.272524869926556, 0.0], [31.5564915013393, 30.27252413963841, 0.0], [31.556490024694728, 30.272523497193113, 0.0], [31.556488500015533, 30.272522945720787, 0.0], [31.556486934729673, 30.272522487908045, 0.0], [31.556485336463556, 30.27252212598552, 0.0], [31.55648371300417, 30.272521861716253, 0.0], [31.55648207226062, 30.27252169638796, 0.0], [31.556480422227008, 30.272521630806274, 0.0], [31.556478770942316, 30.272521665290355, 0.0], [31.556477126451515, 30.272521799672425, 0.0], [31.556475496766765, 30.27252203329778, 0.0], [31.55647388982781, 30.2725223650281, 0.0], [31.55647231346394, 30.2725227932473, 0.0], [31.556470775354978, 30.272523315868902, 0.0], [31.55646928299481, 30.272523930346786, 0.0], [31.55646784365397, 30.27252463368705, 0.0], [31.55646646434532, 30.272525422463254, 0.0], [31.556465151788913, 30.272526292832456, 0.0], [31.55646391237949, 30.272527240553906, 0.0], [31.556462752155035, 30.272528261010194, 0.0], [31.55646167676909, 30.27252934923035, 0.0], [31.556460691460575, 30.272530499911674, 0.0], [31.556440025810435, 30.272556479873614, 0.0], [31.55647897315393, 30.272579820088986, 0.0], [31.5564996387985, 30.272553840121063, 0.0]]]]}}, {"type": "Feature", "properties": {"Shape_Length": 18.708368026493055, "Shape_Area": 24.085928916424724, "Telecom_Facility_Type": "Cabinet", "Easting": "031° 33' 19.17\" E", "Northing": "30° 16' 23.59\" N", "Description": null, "ID": "5-3", "GlobalID": "{F577B057-E715-4DCA-A8D1-CBC6E823A510}", "القطاع": "القطاع الثالث", "عددالبوكسات": 32.0, "created_user": null, "created_date": null, "last_edited_user": null, "last_edited_date": null}, "geometry": {"type": "MultiPolygon", "coordinates": [[[[31.55702385756071, 30.273394345800977, 0.0], [31.557024935230874, 30.273393259175105, 0.0], [31.557025922945527, 30.27339210994618, 0.0], [31.557026815892716, 30.273390903713427, 0.0], [31.55702760972167, 30.27338964635335, 0.0], [31.55702830056444, 30.273388343991684, 0.0], [31.557028885055736, 30.273387002974207, 0.0], [31.557029360347965, 30.273385629833776, 0.0], [31.557029724125233, 30.273384231260632, 0.0], [31.557029974615354, 30.2733828140686, 0.0], [31.557030110597914, 30.273381385162587, 0.0], [31.55703013141035, 30.273379951503816, 0.0], [31.557030036951417, 30.273378520077518, 0.0], [31.55702982768105, 30.273377097857285, 0.0], [31.55702950461889, 30.273375691772454, 0.0], [31.557029069339194, 30.273374308673425, 0.0], [31.557028523962494, 30.273372955298505, 0.0], [31.557027871145948, 30.273371638241883, 0.0], [31.557027114069687, 30.273370363919906, 0.0], [31.557026256422862, 30.27336913854112, 0.0], [31.5570253023835, 30.2733679680757, 0.0], [31.557024256599878, 30.27336685822598, 0.0], [31.557023124167028, 30.27336581439953, 0.0], [31.557021910602256, 30.27336484168184, 0.0], [31.55702062181821, 30.273363944811702, 0.0], [31.557019264093455, 30.27336312815891, 0.0], [31.557017844043155, 30.273362395702264, 0.0], [31.55701636858589, 30.273361751010118, 0.0], [31.557014844910054, 30.27336119722389, 0.0], [31.557013280439083, 30.27336073704094, 0.0], [31.557011682795196, 30.273360372703973, 0.0], [31.557010059761826, 30.27336010598758, 0.0], [31.557008419246664, 30.273359938191273, 0.0], [31.55700676924238, 30.27335987013278, 0.0], [31.557005117787813, 30.273359902143554, 0.0], [31.55700347292867, 30.273360034067643, 0.0], [31.557001842679117, 30.27336026526213, 0.0], [31.55700023498149, 30.27336059460099, 0.0], [31.556998657668597, 30.27336102047938, 0.0], [31.556997118425382, 30.27336154082269, 0.0], [31.556995624750748, 30.273362153095636, 0.0], [31.556994183922164, 30.27336285431509, 0.0], [31.556992802959122, 30.273363641064748, 0.0], [31.556991488589777, 30.273364509511698, 0.0], [31.556990247218035, 30.273365455424557, 0.0], [31.556989084891928, 30.27336647419522, 0.0], [31.556964408602095, 30.27338966771745, 0.0], [31.55699917919383, 30.27341753933848, 0.0], [31.55702385756071, 30.273394345800977, 0.0]]]]}}, {"type": "Feature", "properties": {"Shape_Length": 18.70774630047437, "Shape_Area": 24.08423977314565, "Telecom_Facility_Type": "Cabinet", "Easting": "031° 33' 54.38\" E", "Northing": "30° 16' 24.97\" N", "Description": null, "ID": "7-3", "GlobalID": "{E0CE8AC8-B62D-4065-8AE6-770BEE2E4A79}", "القطاع": "القطاع الاول", "عددالبوكسات": 18.0, "created_user": null, "created_date": null, "last_edited_user": null, "last_edited_date": null}, "geometry": {"type": "MultiPolygon", "coordinates": [[[[31.56680630049235, 30.273778685660304, 0.0], [31.566807481474573, 30.273777683325047, 0.0], [31.56680857902481, 30.273776611927545, 0.0], [31.566809587797195, 30.27377547668804, 0.0], [31.566810502876347, 30.27377428313659, 0.0], [31.5668113198043, 30.27377303708833, 0.0], [31.566812034601266, 30.27377174461398, 0.0], [31.5668126437846, 30.27377041200978, 0.0], [31.566813144386924, 30.273769045768187, 0.0], [31.566813533968958, 30.273767652545178, 0.0], [31.566813810633246, 30.273766239128356, 0.0], [31.56681397303144, 30.273764812403673, 0.0], [31.566814020372444, 30.273763379321935, 0.0], [31.566813952425893, 30.273761946864592, 0.0], [31.5668137695227, 30.27376052201062, 0.0], [31.5668134725538, 30.273759111701384, 0.0], [31.56681306296629, 30.27375772280759, 0.0], [31.56681254275523, 30.273756362096186, 0.0], [31.56681191445534, 30.27375503619578, 0.0], [31.56681118112719, 30.273753751566037, 0.0], [31.56681034634372, 30.273752514465727, 0.0], [31.566809414171818, 30.273751330921343, 0.0], [31.566808389152897, 30.273750206699333, 0.0], [31.566807276280443, 30.273749147276177, 0.0], [31.566806080976363, 30.27374815781364, 0.0], [31.56680480906385, 30.273747243132224, 0.0], [31.566803466739696, 30.273746407687593, 0.0], [31.566802060543235, 30.27374565555034, 0.0], [31.56680059732485, 30.273744990384845, 0.0], [31.5667990842138, 30.273744415431146, 0.0], [31.566797528581112, 30.273743933490582, 0.0], [31.566795938005885, 30.273743546911145, 0.0], [31.56679432023704, 30.27374325757611, 0.0], [31.566792683155825, 30.273743066895282, 0.0], [31.566791034737985, 30.273742975797152, 0.0], [31.56678938301409, 30.27374298472579, 0.0], [31.566787736031415, 30.27374309363782, 0.0], [31.566786101813733, 30.27374330200259, 0.0], [31.566784488322178, 30.273743608804963, 0.0], [31.566782903417657, 30.273744012549873, 0.0], [31.566781354821753, 30.2737445112711, 0.0], [31.566779850078664, 30.273745102538335, 0.0], [31.566778396519442, 30.27374578347136, 0.0], [31.566777001224857, 30.273746550752453, 0.0], [31.56677567099379, 30.273747400644048, 0.0], [31.566774412305772, 30.273748329005226, 0.0], [31.566747534377072, 30.27376959988598, 0.0], [31.566779420484, 30.273799956556513, 0.0], [31.56680630049235, 30.273778685660304, 0.0]]]]}}, {"type": "Feature", "properties": {"Shape_Length": 18.708137765833158, "Shape_Area": 24.085152898821026, "Telecom_Facility_Type": "Cabinet", "Easting": "031° 33' 38.9\" E", "Northing": "30° 16' 25.06\" N", "Description": null, "ID": "6-4", "GlobalID": "{5E937F44-432D-4432-9986-7BD9CD90FCC8}", "القطاع": "القطاع الاول", "عددالبوكسات": 24.0, "created_user": null, "created_date": null, "last_edited_user": null, "last_edited_date": null}, "geometry": {"type": "MultiPolygon", "coordinates": [[[[31.56250464824785, 30.273783579268347, 0.0], [31.562477710402117, 30.273762363281545, 0.0], [31.562445905583402, 30.273792786708572, 0.0], [31.562472843430825, 30.27381400270181, 0.0], [31.562474104707697, 30.273814928412477, 0.0], [31.56247543730767, 30.27381577550455, 0.0], [31.562476834738597, 30.273816539851577, 0.0], [31.562478290192725, 30.273817217729373, 0.0], [31.562479796579954, 30.273817805835765, 0.0], [31.562481346561174, 30.273818301305905, 0.0], [31.56248293258582, 30.2738187017258, 0.0], [31.56248454692725, 30.273819005144617, 0.0], [31.562486181720615, 30.273819210084753, 0.0], [31.56248782900216, 30.273819315547218, 0.0], [31.562489480746816, 30.273819321018586, 0.0], [31.56249112890781, 30.27381922647233, 0.0], [31.562492765455676, 30.27381903236846, 0.0], [31.562494382418276, 30.27381873965303, 0.0], [31.56249597191781, 30.273818349752094, 0.0], [31.562497526210887, 30.273817864565107, 0.0], [31.562499037725786, 30.27381728645527, 0.0], [31.56250049909879, 30.273816618239547, 0.0], [31.562501903210205, 30.273815863172832, 0.0], [31.562503243220288, 30.273815024933533, 0.0], [31.562504512601016, 30.27381410760577, 0.0], [31.562505705167887, 30.273813115657678, 0.0], [31.56250681511134, 30.273812053922484, 0.0], [31.562507837024246, 30.273810927571983, 0.0], [31.56250876592809, 30.273809742093697, 0.0], [31.562509597297538, 30.273808503262654, 0.0], [31.56251032708293, 30.273807217113983, 0.0], [31.562510951728093, 30.27380588991379, 0.0], [31.562511468190873, 30.273804528127044, 0.0], [31.56251187395476, 30.27380313838851, 0.0], [31.562512167043252, 30.273801727468264, 0.0], [31.562512346028, 30.273800302239696, 0.0], [31.562512410037954, 30.273798869646125, 0.0], [31.562512358760408, 30.27379743666664, 0.0], [31.562512192446018, 30.273796010282254, 0.0], [31.562511911904327, 30.273794597441654, 0.0], [31.56251151850232, 30.27379320502803, 0.0], [31.56251101415617, 30.273791839824327, 0.0], [31.562510401323607, 30.273790508481643, 0.0], [31.562509682989518, 30.273789217485586, 0.0], [31.56250886265366, 30.273787973125742, 0.0], [31.562507944312223, 30.273786781463723, 0.0], [31.562506932439373, 30.273785648305246, 0.0], [31.562505831964142, 30.273784579170528, 0.0], [31.56250464824785, 30.273783579268347, 0.0]]]]}}, {"type": "Feature", "properties": {"Shape_Length": 18.70837991765584, "Shape_Area": 24.085823020232795, "Telecom_Facility_Type": "Cabinet", "Easting": "031° 33' 36.21\" E", "Northing": "30° 16' 26.44\" N", "Description": null, "ID": "6-3", "GlobalID": "{F4782084-8117-462C-93D7-9D5D0B0C84CD}", "القطاع": "القطاع الاول", "عددالبوكسات": 27.0, "created_user": null, "created_date": null, "last_edited_user": null, "last_edited_date": null}, "geometry": {"type": "MultiPolygon", "coordinates": [[[[31.561759135362205, 30.274184612204955, 0.0], [31.56176017392809, 30.274183497328305, 0.0], [31.561761120365148, 30.27418232228715, 0.0], [31.561761970062882, 30.274181092806003, 0.0], [31.561762718881525, 30.274179814874696, 0.0], [31.561763363172606, 30.274178494718957, 0.0], [31.561763899798056, 30.27417713877028, 0.0], [31.56176432614323, 30.274175753634264, 0.0], [31.561764640130807, 30.27417434605938, 0.0], [31.5617648402316, 30.274172922902483, 0.0], [31.561764925470726, 30.274171491097142, 0.0], [31.561764895432546, 30.27417005761884, 0.0], [31.56176475026392, 30.274168629450884, 0.0], [31.561764490671607, 30.274167213551056, 0.0], [31.56176411792036, 30.27416581681695, 0.0], [31.561763633826423, 30.274164446053746, 0.0], [31.561763040747927, 30.274163107939028, 0.0], [31.561762341574457, 30.27416180899166, 0.0], [31.56176153971186, 30.274160555540057, 0.0], [31.561760639067003, 30.274159353690614, 0.0], [31.56175964402701, 30.274158209298516, 0.0], [31.56175855944008, 30.274157127938665, 0.0], [31.56175739059005, 30.274156114879265, 0.0], [31.561756143170765, 30.27415517505612, 0.0], [31.561754823259363, 30.274154313047138, 0.0], [31.561753437286683, 30.274153533052175, 0.0], [31.56175199200433, 30.274152838871206, 0.0], [31.561750494453612, 30.274152233886095, 0.0], [31.56174895193013, 30.274151721043935, 0.0], [31.561747371948684, 30.27415130284357, 0.0], [31.561745762206368, 30.274150981321743, 0.0], [31.561744130545648, 30.274150758045494, 0.0], [31.56174248491526, 30.274150634102323, 0.0], [31.561740833332774, 30.274150610095816, 0.0], [31.56173918384396, 30.274150686143145, 0.0], [31.56173754448468, 30.274150861873817, 0.0], [31.56173592324187, 30.274151136431847, 0.0], [31.561734328013024, 30.274151508479253, 0.0], [31.561732766570312, 30.274151976203974, 0.0], [31.56173124652059, 30.274152537327037, 0.0], [31.561729775269352, 30.274153189115, 0.0], [31.56172835998351, 30.274153928392384, 0.0], [31.561727007558417, 30.274154751557724, 0.0], [31.561725724582374, 30.274155654600733, 0.0], [31.56172451730687, 30.27415663312181, 0.0], [31.561723391611917, 30.274157682354396, 0.0], [31.56169954719202, 30.274181524471054, 0.0], [31.561735290944643, 30.274208454327972, 0.0], [31.561759135362205, 30.274184612204955, 0.0]]]]}}, {"type": "Feature", "properties": {"Shape_Length": 18.708247089298244, "Shape_Area": 24.08551239938857, "Telecom_Facility_Type": "Cabinet", "Easting": "031° 34' 4.47\" E", "Northing": "30° 16' 27.36\" N", "Description": null, "ID": "10-3", "GlobalID": "{4C479366-1A68-4130-B2FE-DEC7D275FAA5}", "القطاع": "القطاع الثاني", "عددالبوكسات": 26.0, "created_user": null, "created_date": null, "last_edited_user": null, "last_edited_date": null}, "geometry": {"type": "MultiPolygon", "coordinates": [[[[31.569606154407, 30.274444948470236, 0.0], [31.569607375712422, 30.274443983152604, 0.0], [31.569608516461983, 30.27444294624126, 0.0], [31.569609571098976, 30.274441842788427, 0.0], [31.569610534483818, 30.27444067816953, 0.0], [31.56961140192407, 30.27443945805885, 0.0], [31.569612169193416, 30.274438188400026, 0.0], [31.569612832553844, 30.274436875379195, 0.0], [31.56961338877337, 30.274435525393212, 0.0], [31.569613835142363, 30.274434145018986, 0.0], [31.569614169485998, 30.274432740981286, 0.0], [31.56961439017552, 30.274431320120584, 0.0], [31.569614496135845, 30.274429889359364, 0.0], [31.569614486850593, 30.274428455667927, 0.0], [31.569614362364987, 30.274427026031052, 0.0], [31.569614123285387, 30.27442560741368, 0.0], [31.569613770777178, 30.274424206727446, 0.0], [31.569613306557176, 30.274422830795874, 0.0], [31.569612732886952, 30.2744214863226, 0.0], [31.569612052561734, 30.274420179857884, 0.0], [31.569611268895756, 30.274418917766415, 0.0], [31.569610385707144, 30.27441770619693, 0.0], [31.56960940729857, 30.274416551052255, 0.0], [31.56960833843663, 30.274415457959794, 0.0], [31.569607184328785, 30.27441443224531, 0.0], [31.569605950597776, 30.27441347890582, 0.0], [31.569604643254, 30.274412602585876, 0.0], [31.569603268666757, 30.27441180755509, 0.0], [31.569601833532978, 30.27441109768612, 0.0], [31.569600344844527, 30.27441047643774, 0.0], [31.569598809853705, 30.27440994683668, 0.0], [31.56959723603915, 30.274409511462917, 0.0], [31.569595631068278, 30.27440917243757, 0.0], [31.5695940027603, 30.274408931412513, 0.0], [31.56959235904818, 30.274408789561637, 0.0], [31.569590707939504, 30.27440874757629, 0.0], [31.5695890574787, 30.27440880566109, 0.0], [31.569587415706476, 30.274408963532686, 0.0], [31.569585790621364, 30.27440922042243, 0.0], [31.56958419014049, 30.274409575078398, 0.0], [31.56958262206141, 30.274410025772852, 0.0], [31.569581094023263, 30.274410570310128, 0.0], [31.56957961347076, 30.274411206037342, 0.0], [31.56957818761659, 30.274411929857035, 0.0], [31.569576823407733, 30.274412738243278, 0.0], [31.569575527490688, 30.274413627257367, 0.0], [31.569547795020842, 30.27443405630251, 0.0], [31.56957841985643, 30.27446537753087, 0.0], [31.569606154407, 30.274444948470236, 0.0]]]]}}, {"type": "Feature", "properties": {"Shape_Length": 18.708086206776795, "Shape_Area": 24.084992031641214, "Telecom_Facility_Type": "Cabinet", "Easting": "031° 33' 11.82\" E", "Northing": "30° 16' 28.32\" N", "Description": null, "ID": "3.1", "GlobalID": "{C493700A-D56C-4321-BA56-5863CC5903AD}", "القطاع": "القطاع الثالث", "عددالبوكسات": 32.0, "created_user": null, "created_date": null, "last_edited_user": null, "last_edited_date": null}, "geometry": {"type": "MultiPolygon", "coordinates": [[[[31.55498477539508, 30.274709192166792, 0.0], [31.55498584327307, 30.274708098336973, 0.0], [31.554986820638625, 30.27470694251567, 0.0], [31.554987702730404, 30.274705730333537, 0.0], [31.5549884852506, 30.27470446769627, 0.0], [31.554989164386342, 30.27470316075568, 0.0], [31.554989736829285, 30.274701815879265, 0.0], [31.554990199790304, 30.274700439619775, 0.0], [31.554990551013837, 30.274699038681664, 0.0], [31.55499078878891, 30.274697619891064, 0.0], [31.55499091195663, 30.27469619015994, 0.0], [31.55499091991718, 30.274694756454586, 0.0], [31.554990812632067, 30.27469332575937, 0.0], [31.5549905906236, 30.274691905045568, 0.0], [31.554990254973234, 30.274690501234442, 0.0], [31.554989807316947, 30.274689121165373, 0.0], [31.554989249835227, 30.274687771562785, 0.0], [31.55498858524413, 30.274686459001245, 0.0], [31.554987816782145, 30.27468518987625, 0.0], [31.554986948192692, 30.274683970370873, 0.0], [31.554985983707798, 30.27468280642636, 0.0], [31.554984928026585, 30.274681703714005, 0.0], [31.554983786292212, 30.27468066760579, 0.0], [31.55498256406785, 30.274679703150213, 0.0], [31.554981267307426, 30.27467881504569, 0.0], [31.554979902329517, 30.27467800761945, 0.0], [31.55497847578375, 30.274677284805364, 0.0], [31.55497699462095, 30.274676650124732, 0.0], [31.554975466057165, 30.274676106669737, 0.0], [31.554973897539774, 30.274675657088544, 0.0], [31.554972296710556, 30.27467530357128, 0.0], [31.554970671369126, 30.27467504784007, 0.0], [31.55496902943382, 30.27467489114133, 0.0], [31.55496737890451, 30.27467483423832, 0.0], [31.554965727822935, 30.274674877408255, 0.0], [31.55496408423276, 30.274675020440764, 0.0], [31.554962456141762, 30.27467526263906, 0.0], [31.55496085148249, 30.274675602822963, 0.0], [31.554959278072474, 30.274676039335162, 0.0], [31.55495774357785, 30.274676570049007, 0.0], [31.554956255474842, 30.27467719237898, 0.0], [31.554954821013208, 30.274677903292652, 0.0], [31.554953447181685, 30.274678699326685, 0.0], [31.55495214067366, 30.274679576602704, 0.0], [31.55495090785548, 30.274680530846396, 0.0], [31.554949754732476, 30.27468155740905, 0.0], [31.554925286424343, 30.2747049174491, 0.0], [31.554960307088596, 30.274732552213244, 0.0], [31.55498477539508, 30.274709192166792, 0.0]]]]}}, {"type": "Feature", "properties": {"Shape_Length": 18.708025751223975, "Shape_Area": 24.085087433148416, "Telecom_Facility_Type": "Cabinet", "Easting": "031° 33' 52.59\" E", "Northing": "30° 16' 28.82\" N", "Description": null, "ID": "7-4", "GlobalID": "{43FA3D74-0B65-4502-A1CA-CBC40DE828E4}", "القطاع": "القطاع الاول", "عددالبوكسات": 20.0, "created_user": null, "created_date": null, "last_edited_user": null, "last_edited_date": null}, "geometry": {"type": "MultiPolygon", "coordinates": [[[[31.566306889914113, 30.27482903556292, 0.0], [31.56628031898073, 30.27480747601021, 0.0], [31.566247995076026, 30.27483748404253, 0.0], [31.566274566020983, 30.274859045405723, 0.0], [31.566275811322807, 30.2748599873336, 0.0], [31.56627712929128, 30.27486085157108, 0.0], [31.566278513505203, 30.274861633908074, 0.0], [31.566279957221298, 30.274862330532596, 0.0], [31.56628145340605, 30.27486293805164, 0.0], [31.56628299477072, 30.274863453505407, 0.0], [31.566284573806158, 30.27486387438263, 0.0], [31.56628618281998, 30.274864198632848, 0.0], [31.56628781397356, 30.274864424676647, 0.0], [31.5662894593201, 30.274864551412804, 0.0], [31.566291110844357, 30.27486457822349, 0.0], [31.56629276050012, 30.27486450497868, 0.0], [31.5662944002514, 30.274864332034824, 0.0], [31.56629602210956, 30.27486406023454, 0.0], [31.566297618173344, 30.274863690901785, 0.0], [31.566299180667443, 30.27486322583636, 0.0], [31.566300701979692, 30.274862667303243, 0.0], [31.56630217469842, 30.274862018023786, 0.0], [31.566303591649895, 30.27486128116139, 0.0], [31.56630494593015, 30.274860460305216, 0.0], [31.56630623094229, 30.274859559454285, 0.0], [31.566307440425888, 30.274858582997737, 0.0], [31.566308568488715, 30.27485753569213, 0.0], [31.56630960963511, 30.27485642263993, 0.0], [31.5663105587931, 30.274855249263318, 0.0], [31.566311411338383, 30.27485402127873, 0.0], [31.56631216311809, 30.274852744668415, 0.0], [31.566312810469707, 30.274851425651917, 0.0], [31.566313350239287, 30.274850070654754, 0.0], [31.566313779797294, 30.2748486862781, 0.0], [31.56631409705118, 30.27484727926625, 0.0], [31.566314300455343, 30.274845856473533, 0.0], [31.56631438901878, 30.274844424831954, 0.0], [31.56631436231005, 30.27484299131521, 0.0], [31.56631422045964, 30.274841562907476, 0.0], [31.566313964158176, 30.27484014656766, 0.0], [31.5663135946544, 30.27483874919498, 0.0], [31.56631311374844, 30.274837377597862, 0.0], [31.566312523782962, 30.274836038457615, 0.0], [31.56631182763247, 30.27483473829843, 0.0], [31.566311028688244, 30.274833483454344, 0.0], [31.566310130842357, 30.27483228003813, 0.0], [31.566309138468903, 30.27483113391277, 0.0], [31.566308056401922, 30.274830050661965, 0.0], [31.566306889914113, 30.27482903556292, 0.0]]]]}}, {"type": "Feature", "properties": {"Shape_Length": 18.70794392492273, "Shape_Area": 24.084460917889214, "Telecom_Facility_Type": "Cabinet", "Easting": "031° 33' 29.06\" E", "Northing": "30° 16' 29.91\" N", "Description": null, "ID": "5-1", "GlobalID": "{D5121A41-0E3B-4690-BD80-C5F4954C1656}", "القطاع": "القطاع الثالث", "عددالبوكسات": 32.0, "created_user": null, "created_date": null, "last_edited_user": null, "last_edited_date": null}, "geometry": {"type": "MultiPolygon", "coordinates": [[[[31.559772632396193, 30.275148774995404, 0.0], [31.55977369993296, 30.275147681001734, 0.0], [31.559774676947253, 30.275146525038505, 0.0], [31.55977555867886, 30.275145312737987, 0.0], [31.559776340831817, 30.275144050005697, 0.0], [31.559777019595714, 30.275142742993772, 0.0], [31.55977759166405, 30.275141398069877, 0.0], [31.55977805424954, 30.275140021785987, 0.0], [31.55977840509883, 30.275138620847237, 0.0], [31.559778642502167, 30.275137202078948, 0.0], [31.559778765303175, 30.275135772393124, 0.0], [31.559778772903904, 30.275134338754736, 0.0], [31.55977866526683, 30.275132908148446, 0.0], [31.55977844291677, 30.275131487543813, 0.0], [31.55977810693642, 30.275130083862102, 0.0], [31.559777658963355, 30.275128703941537, 0.0], [31.559777101179613, 30.275127354505102, 0.0], [31.559776436302805, 30.275126042126708, 0.0], [31.559775667571785, 30.27512477320015, 0.0], [31.55977479873211, 30.275123553907772, 0.0], [31.559773834016404, 30.275122390189367, 0.0], [31.55977277812441, 30.275121287714658, 0.0], [31.559771636200775, 30.275120251854656, 0.0], [31.559770413808316, 30.275119287656025, 0.0], [31.559769116902775, 30.27511839981587, 0.0], [31.559767751802305, 30.275117592659864, 0.0], [31.55976632515708, 30.275116870120286, 0.0], [31.55976484391811, 30.275116235717345, 0.0], [31.559763315301286, 30.275115692541366, 0.0], [31.559761746753857, 30.2751152432392, 0.0], [31.55976014591801, 30.27511488999929, 0.0], [31.55975852059226, 30.275114634542685, 0.0], [31.559756878694994, 30.27511447811395, 0.0], [31.55975522822524, 30.275114421475415, 0.0], [31.55975357722416, 30.275114464902757, 0.0], [31.5597519337348, 30.275114608184474, 0.0], [31.559750305764304, 30.275114850622376, 0.0], [31.559748701243677, 30.275115191035535, 0.0], [31.559747127990033, 30.275115627765476, 0.0], [31.559745593667923, 30.275116158684515, 0.0], [31.55974410575219, 30.27511678120606, 0.0], [31.559742671491904, 30.2751174922974, 0.0], [31.559741297874393, 30.275118288494156, 0.0], [31.559739991591922, 30.275119165916898, 0.0], [31.559738759008496, 30.275120120291756, 0.0], [31.559737606129023, 30.27512114696882, 0.0], [31.559713140951096, 30.27514450968436, 0.0], [31.559748167230136, 30.275172139521437, 0.0], [31.559772632396193, 30.275148774995404, 0.0]]]]}}, {"type": "Feature", "properties": {"Shape_Length": 18.708227709125993, "Shape_Area": 24.085223467433845, "Telecom_Facility_Type": "Cabinet", "Easting": "031° 33' 11.71\" E", "Northing": "30° 16' 30.63\" N", "Description": null, "ID": "3.2", "GlobalID": "{B1240275-99D7-4DBB-8F2C-94C62DBD2371}", "القطاع": "القطاع الثالث", "عددالبوكسات": 24.0, "created_user": null, "created_date": null, "last_edited_user": null, "last_edited_date": null}, "geometry": {"type": "MultiPolygon", "coordinates": [[[[31.554952482887916, 30.275350404308316, 0.0], [31.554953571096533, 30.275349325711858, 0.0], [31.554954569968146, 30.275348183856156, 0.0], [31.55495547463745, 30.275346984305454, 0.0], [31.5549562806958, 30.275345732903006, 0.0], [31.554956984216986, 30.275344435745676, 0.0], [31.554957581773103, 30.275343099153165, 0.0], [31.554958070452734, 30.275341729637244, 0.0], [31.55495844787564, 30.27534033387018, 0.0], [31.554958712202744, 30.27533891865172, 0.0], [31.554958862146236, 30.27533749087689, 0.0], [31.55495889697547, 30.275336057501818, 0.0], [31.55495881652128, 30.275334625509522, 0.0], [31.55495862117531, 30.275333201876663, 0.0], [31.554958311888992, 30.275331793539042, 0.0], [31.554957890169916, 30.275330407357835, 0.0], [31.55495735807173, 30.27532905008672, 0.0], [31.55495671818745, 30.275327728337672, 0.0], [31.55495597363448, 30.275326448550455, 0.0], [31.554955128039715, 30.275325216960315, 0.0], [31.554954185523446, 30.275324039567064, 0.0], [31.554953150677107, 30.275322922106835, 0.0], [31.55495202854237, 30.275321870023948, 0.0], [31.554950824586538, 30.275320888443893, 0.0], [31.554949544674873, 30.27531998214903, 0.0], [31.554948195043178, 30.275319155554868, 0.0], [31.55494678226635, 30.27531841268808, 0.0], [31.554945313227698, 30.2753177571681, 0.0], [31.55494379508439, 30.275317192188705, 0.0], [31.554942235232108, 30.27531672050209, 0.0], [31.554940641270555, 30.275316344406257, 0.0], [31.554939020965623, 30.275316065733822, 0.0], [31.554937382210927, 30.275315885842556, 0.0], [31.5549357329906, 30.27531580560836, 0.0], [31.55493408133936, 30.275315825422293, 0.0], [31.554932435303716, 30.275315945187934, 0.0], [31.55493080290326, 30.275316164322096, 0.0], [31.554929192090786, 30.275316481756427, 0.0], [31.554927610714188, 30.275316895945267, 0.0], [31.554926066477755, 30.27531740486993, 0.0], [31.55492456690451, 30.275318006051652, 0.0], [31.5549231193006, 30.27531869656101, 0.0], [31.55492173071821, 30.275319473034415, 0.0], [31.554920407922566, 30.27532033168834, 0.0], [31.55491915735908, 30.275321268340083, 0.0], [31.554917985118962, 30.275322278425975, 0.0], [31.55489308026349, 30.275345288509147, 0.0], [31.554927578043728, 30.275373416201976, 0.0], [31.554952482887916, 30.275350404308316, 0.0]]]]}}, {"type": "Feature", "properties": {"Shape_Length": 18.708068430968087, "Shape_Area": 24.08507549331763, "Telecom_Facility_Type": "Cabinet", "Easting": "031° 33' 29.97\" E", "Northing": "30° 16' 32.68\" N", "Description": null, "ID": "5-2", "GlobalID": "{50005BE6-2BC4-417D-A418-402E38771ED2}", "القطاع": "القطاع الثالث", "عددالبوكسات": 28.0, "created_user": null, "created_date": null, "last_edited_user": null, "last_edited_date": null}, "geometry": {"type": "MultiPolygon", "coordinates": [[[[31.560014754253135, 30.27593090092501, 0.0], [31.560039361523692, 30.27590764940143, 0.0], [31.560004504437938, 30.275879860166015, 0.0], [31.559979897155664, 30.275903109879128, 0.0], [31.559978822821485, 30.27590419893805, 0.0], [31.559977838631955, 30.275905350389767, 0.0], [31.55997694938202, 30.27590655862477, 0.0], [31.559976159403565, 30.27590781775644, 0.0], [31.559975472545187, 30.27590912165046, 0.0], [31.55997489215408, 30.275910463954048, 0.0], [31.559974421057262, 30.275911838127925, 0.0], [31.559974061549976, 30.27591323747706, 0.0], [31.55997381538382, 30.27591465518397, 0.0], [31.559973683757953, 30.27591608434159, 0.0], [31.55997366731402, 30.27591751798717, 0.0], [31.55997376613166, 30.27591894913589, 0.0], [31.55997397972971, 30.27592037081531, 0.0], [31.559974307067836, 30.27592177609944, 0.0], [31.559974746550548, 30.275923158141477, 0.0], [31.55997529603722, 30.27592451020837, 0.0], [31.559975952850696, 30.27592582571255, 0.0], [31.559976713791084, 30.27592709824537, 0.0], [31.559977575151045, 30.27592832160699, 0.0], [31.559978532734046, 30.275929489837413, 0.0], [31.559979581874554, 30.275930597244678, 0.0], [31.55998071746181, 30.275931638433708, 0.0], [31.55998193396284, 30.2759326083322, 0.0], [31.559983225451084, 30.275933502214425, 0.0], [31.5599845856345, 30.275934315725564, 0.0], [31.559986007886216, 30.275935044902322, 0.0], [31.55998748527727, 30.27593568619218, 0.0], [31.55998901060943, 30.27593623647084, 0.0], [31.55999057645197, 30.27593669305728, 0.0], [31.559992175175992, 30.275937053726988, 0.0], [31.559993798992352, 30.275937316723073, 0.0], [31.559995439990374, 30.27593748076394, 0.0], [31.559997090174498, 30.275937545050354, 0.0], [31.559998741505733, 30.275937509269337, 0.0], [31.560000385938597, 30.275937373595003, 0.0], [31.56000201546161, 30.27593713868877, 0.0], [31.560003622135753, 30.275936805694517, 0.0], [31.560005198133407, 30.275936376235006, 0.0], [31.560006735776156, 30.275935852402295, 0.0], [31.560008227573054, 30.275935236748595, 0.0], [31.560009666256253, 30.27593453227315, 0.0], [31.56001104481588, 30.275933742408437, 0.0], [31.56001235653617, 30.275932871002286, 0.0], [31.560013595026504, 30.27593192230062, 0.0], [31.560014754253135, 30.27593090092501, 0.0]]]]}}, {"type": "Feature", "properties": {"Shape_Length": 18.70821318026673, "Shape_Area": 24.085295931094844, "Telecom_Facility_Type": "Cabinet", "Easting": "031° 33' 48.13\" E", "Northing": "30° 16' 33.88\" N", "Description": null, "ID": "6-2", "GlobalID": "{6080D3A6-5C30-44F0-9F49-9A2A77510801}", "القطاع": "القطاع الاول", "عددالبوكسات": 18.0, "created_user": null, "created_date": null, "last_edited_user": null, "last_edited_date": null}, "geometry": {"type": "MultiPolygon", "coordinates": [[[[31.56506982078688, 30.276253435598253, 0.0], [31.565070888523017, 30.276252341630677, 0.0], [31.565071865733138, 30.276251185680664, 0.0], [31.565072747657595, 30.27624997338008, 0.0], [31.565073529998298, 30.276248710635375, 0.0], [31.56507420894422, 30.27624740359863, 0.0], [31.56507478118698, 30.27624605863818, 0.0], [31.565075243939003, 30.2762446823069, 0.0], [31.565075594945117, 30.276243281310542, 0.0], [31.56507583249592, 30.276241862474805, 0.0], [31.565075955433226, 30.276240432712775, 0.0], [31.565075963158552, 30.276238998990294, 0.0], [31.565075855634092, 30.276237568292522, 0.0], [31.565075633383852, 30.276236147590627, 0.0], [31.56507529749028, 30.276234743805823, 0.0], [31.56507484959073, 30.276233363778132, 0.0], [31.565074291866676, 30.27623201423101, 0.0], [31.56507362703556, 30.27623070173961, 0.0], [31.565072858336872, 30.276229432698873, 0.0], [31.56507198951594, 30.276228213291617, 0.0], [31.565071024805157, 30.276227049458992, 0.0], [31.56506996890554, 30.27622594687134, 0.0], [31.56506882696086, 30.276224910900574, 0.0], [31.565067604535514, 30.27622394659446, 0.0], [31.5650663075846, 30.276223058650636, 0.0], [31.565064942427874, 30.276222251396167, 0.0], [31.56506351571636, 30.276221528763273, 0.0], [31.56506203440107, 30.27622089427353, 0.0], [31.56506050569906, 30.276220351017518, 0.0], [31.565058937059018, 30.276219901642524, 0.0], [31.565057336123058, 30.276219548338062, 0.0], [31.565055710691396, 30.27621929282515, 0.0], [31.565054068683217, 30.27621913634876, 0.0], [31.56505241809891, 30.276219079671513, 0.0], [31.565050766980658, 30.276219123069232, 0.0], [31.5650491233722, 30.276219266330934, 0.0], [31.56504749528199, 30.27621950875809, 0.0], [31.565045890642264, 30.276219849169664, 0.0], [31.565044317271077, 30.276220285907474, 0.0], [31.565042782834208, 30.276220816843477, 0.0], [31.56504129480765, 30.276221439390504, 0.0], [31.56503986044099, 30.276222150516094, 0.0], [31.565038486723317, 30.276222946754793, 0.0], [31.565037180346785, 30.27622382422769, 0.0], [31.56503594767759, 30.27622477865954, 0.0], [31.56503479472013, 30.276225805400117, 0.0], [31.56501033054392, 30.276249169089148, 0.0], [31.565045356612337, 30.27627679929373, 0.0], [31.56506982078688, 30.276253435598253, 0.0]]]]}}, {"type": "Feature", "properties": {"Shape_Length": 18.70815673557778, "Shape_Area": 24.08525504639441, "Telecom_Facility_Type": "Cabinet", "Easting": "031° 33' 40.83\" E", "Northing": "30° 16' 37.06\" N", "Description": null, "ID": "6.1", "GlobalID": "{8592BE1B-33C9-40E0-9347-23545FD57E4B}", "القطاع": "القطاع الثالث", "عددالبوكسات": 28.0, "created_user": null, "created_date": null, "last_edited_user": null, "last_edited_date": null}, "geometry": {"type": "MultiPolygon", "coordinates": [[[[31.563043607735832, 30.277128150407652, 0.0], [31.563030662481207, 30.277098646035913, 0.0], [31.56298642820497, 30.277113266838267, 0.0], [31.56299937343814, 30.277142769410414, 0.0], [31.56300001480084, 30.27714409064656, 0.0], [31.563000760788324, 30.27714536983406, 0.0], [31.563001607766843, 30.277146600740892, 0.0], [31.563002551608925, 30.277147777370054, 0.0], [31.56300358771734, 30.277148893989807, 0.0], [31.563004711044, 30.277149945159433, 0.0], [31.563005916116165, 30.277150925758686, 0.0], [31.56300719706347, 30.277151831009807, 0.0], [31.563008547644714, 30.277152656502615, 0.0], [31.56300996128084, 30.27715339821564, 0.0], [31.56301143108476, 30.277154052535277, 0.0], [31.563012949895516, 30.27715461627414, 0.0], [31.563014510314012, 30.277155086685365, 0.0], [31.56301610473838, 30.277155461477516, 0.0], [31.563017725400623, 30.277155738824504, 0.0], [31.563019364405342, 30.277155917375175, 0.0], [31.563021013767575, 30.27715599625975, 0.0], [31.563022665452188, 30.27715597509389, 0.0], [31.56302431141223, 30.2771558539807, 0.0], [31.563025943629277, 30.27715563351001, 0.0], [31.563027554151134, 30.277155314756346, 0.0], [31.56302913513178, 30.27715489927253, 0.0], [31.563030678869442, 30.277154389082305, 0.0], [31.563032177842757, 30.27715378667163, 0.0], [31.563033624749135, 30.277153094974903, 0.0], [31.563035012539952, 30.277152317362358, 0.0], [31.563036334453624, 30.277151457622324, 0.0], [31.563037584050473, 30.277150519943152, 0.0], [31.56303875524272, 30.27714950889285, 0.0], [31.563039842324308, 30.277148429397236, 0.0], [31.563040839999356, 30.277147286715298, 0.0], [31.56304174340766, 30.27714608641389, 0.0], [31.563042548147433, 30.277144834340938, 0.0], [31.563043250298477, 30.277143536596082, 0.0], [31.563043846440195, 30.27714219950158, 0.0], [31.563044333668174, 30.27714082957179, 0.0], [31.563044709608565, 30.277139433480166, 0.0], [31.56304497243026, 30.277138018028662, 0.0], [31.563045120852486, 30.277136590112676, 0.0], [31.56304515415265, 30.277135156689308, 0.0], [31.563045072168002, 30.277133724741137, 0.0], [31.56304487529788, 30.277132301244926, 0.0], [31.563044564501745, 30.27713089313523, 0.0], [31.56304414129383, 30.27712950727219, 0.0], [31.563043607735832, 30.277128150407652, 0.0]]]]}}, {"type": "Feature", "properties": {"Shape_Length": 18.708029997344315, "Shape_Area": 24.08482786070857, "Telecom_Facility_Type": "Cabinet", "Easting": "031° 33' 7.37\" E", "Northing": "30° 16' 37.73\" N", "Description": null, "ID": "3.3", "GlobalID": "{08B1D2A4-80CA-4F24-984B-F2DB6BCCF003}", "القطاع": "القطاع الثالث", "عددالبوكسات": 24.0, "created_user": null, "created_date": null, "last_edited_user": null, "last_edited_date": null}, "geometry": {"type": "MultiPolygon", "coordinates": [[[[31.55374696690693, 30.277322376358846, 0.0], [31.5537480657709, 30.277321305913603, 0.0], [31.553749075925406, 30.2773201715458, 0.0], [31.553749992449358, 30.27731897878226, 0.0], [31.553750810876643, 30.277317733433556, 0.0], [31.553751527220587, 30.27731644156739, 0.0], [31.55375213799111, 30.277315109477637, 0.0], [31.5537526402127, 30.277313743653778, 0.0], [31.55375303143797, 30.277312350750535, 0.0], [31.55375330976171, 30.277310937553697, 0.0], [31.55375347382715, 30.277309510948612, 0.0], [31.553753522835724, 30.277308077885248, 0.0], [31.553753456548137, 30.277306645345845, 0.0], [31.553753275287537, 30.277305220309216, 0.0], [31.553752979936867, 30.277303809718184, 0.0], [31.553752571935618, 30.277302420445253, 0.0], [31.55375205327084, 30.27730105925893, 0.0], [31.55375142646972, 30.277299732790294, 0.0], [31.553750694586206, 30.27729844750253, 0.0], [31.553749861185775, 30.277297209657235, 0.0], [31.55374893032846, 30.27729602528487, 0.0], [31.55374790655017, 30.277294900155795, 0.0], [31.55374679483769, 30.277293839751625, 0.0], [31.55374560060811, 30.27729284923846, 0.0], [31.553744329679013, 30.277291933442477, 0.0], [31.553742988242515, 30.277291096824865, 0.0], [31.553741582833936, 30.277290343461683, 0.0], [31.553740120300716, 30.27728967702314, 0.0], [31.553738607767926, 30.277289100756448, 0.0], [31.553737052604394, 30.277288617469058, 0.0], [31.55373546238705, 30.277288229515403, 0.0], [31.55373384486334, 30.277287938785673, 0.0], [31.55373220791372, 30.27728774669613, 0.0], [31.553730559512925, 30.27728765418279, 0.0], [31.553728907692417, 30.277287661696153, 0.0], [31.553727260499496, 30.27728776919985, 0.0], [31.553725625959565, 30.277287976169866, 0.0], [31.553724012035207, 30.277288281598388, 0.0], [31.55372242659028, 30.277288683996726, 0.0], [31.553720877348198, 30.277289181404793, 0.0], [31.55371937185752, 30.277289771399175, 0.0], [31.553717917452154, 30.277290451105515, 0.0], [31.553716521218554, 30.27729121721198, 0.0], [31.553715189958304, 30.277292065986636, 0.0], [31.553713930158352, 30.27729299329407, 0.0], [31.553712747955387, 30.277293994616453, 0.0], [31.553687616800183, 30.277316819604348, 0.0], [31.55372183575264, 30.277345201353217, 0.0], [31.55374696690693, 30.277322376358846, 0.0]]]]}}, {"type": "Feature", "properties": {"Shape_Length": 18.707854815280196, "Shape_Area": 24.084450909791578, "Telecom_Facility_Type": "Cabinet", "Easting": "031° 33' 25.89\" E", "Northing": "30° 16' 39.32\" N", "Description": null, "ID": "8.2", "GlobalID": "{8F583310-9023-4014-9880-0637B66F2325}", "القطاع": "القطاع الثالث", "عددالبوكسات": 32.0, "created_user": null, "created_date": null, "last_edited_user": null, "last_edited_date": null}, "geometry": {"type": "MultiPolygon", "coordinates": [[[[31.558891079846934, 30.27776424150434, 0.0], [31.55889214419578, 30.2777631451098, 0.0], [31.558893117833644, 30.27776198694626, 0.0], [31.558893996018345, 30.277760772656702, 0.0], [31.558894774469785, 30.277759508156343, 0.0], [31.55889544939668, 30.277758199605877, 0.0], [31.55889601751006, 30.277756853380346, 0.0], [31.558896476042705, 30.277755476038646, 0.0], [31.558896822760655, 30.27775407429063, 0.0], [31.558897055974548, 30.277752654965575, 0.0], [31.558897174548356, 30.277751224978317, 0.0], [31.558897177904523, 30.277749791295637, 0.0], [31.558897066026177, 30.277748360902063, 0.0], [31.558896839458885, 30.27774694076632, 0.0], [31.55889649930635, 30.277745537807128, 0.0], [31.558896047225925, 30.277744158859456, 0.0], [31.55889548541975, 30.277742810641563, 0.0], [31.558894816624658, 30.277741499721753, 0.0], [31.55889404409958, 30.27774023248639, 0.0], [31.55889317160805, 30.27773901510926, 0.0], [31.55889220340007, 30.277737853521703, 0.0], [31.558891144193353, 30.277736753382374, 0.0], [31.558889999148064, 30.277735720051282, 0.0], [31.558888773842543, 30.27773475856265, 0.0], [31.558887474246184, 30.27773387360067, 0.0], [31.558886106690853, 30.27773306947648, 0.0], [31.558884677838826, 30.277732350108096, 0.0], [31.558883194651123, 30.27773171899987, 0.0], [31.55888166435425, 30.277731179226823, 0.0], [31.55888009440291, 30.277730733418295, 0.0], [31.558878492445956, 30.27773038374611, 0.0], [31.558876866287836, 30.277730131914467, 0.0], [31.558875223851388, 30.277729979149573, 0.0], [31.55887357313762, 30.277729926196155, 0.0], [31.558871922189315, 30.277729973311875, 0.0], [31.558870279049042, 30.27773012026726, 0.0], [31.55886865172251, 30.277730366346496, 0.0], [31.55886704813744, 30.277730710350376, 0.0], [31.55886547610641, 30.2777311506036, 0.0], [31.558863943287918, 30.2777316849608, 0.0], [31.558862457150113, 30.277732310818784, 0.0], [31.55886102493288, 30.277733025128295, 0.0], [31.55885965361408, 30.277733824409683, 0.0], [31.558858349874065, 30.27773470476858, 0.0], [31.558857120065266, 30.27773566191622, 0.0], [31.558855970178477, 30.277736691189638, 0.0], [31.558831575127474, 30.27776010756203, 0.0], [31.558866682729352, 30.27778765969605, 0.0], [31.558891079846934, 30.27776424150434, 0.0]]]]}}, {"type": "Feature", "properties": {"Shape_Length": 18.70808274683051, "Shape_Area": 24.085102110935296, "Telecom_Facility_Type": "Cabinet", "Easting": "031° 33' 24.53\" E", "Northing": "30° 16' 40.55\" N", "Description": null, "ID": "8.1", "GlobalID": "{EA1DB077-96AC-4748-AA22-E28F4F1C693D}", "القطاع": "القطاع الثالث", "عددالبوكسات": 32.0, "created_user": null, "created_date": null, "last_edited_user": null, "last_edited_date": null}, "geometry": {"type": "MultiPolygon", "coordinates": [[[[31.55851316318278, 30.278105878702256, 0.0], [31.558514232599908, 30.27810478603561, 0.0], [31.55851521159441, 30.278103631284996, 0.0], [31.558516095398048, 30.278102420076873, 0.0], [31.55851687970418, 30.278101158311223, 0.0], [31.558517560691985, 30.27809985213511, 0.0], [31.558518135044203, 30.27809850791192, 0.0], [31.558518599962554, 30.278097132190418, 0.0], [31.558518953182336, 30.278095731672742, 0.0], [31.55851919298252, 30.278094313181676, 0.0], [31.55851931819482, 30.27809288362754, 0.0], [31.558519328209737, 30.278091449975147, 0.0], [31.55851922297785, 30.2780900192086, 0.0], [31.55851900301216, 30.278088598298133, 0.0], [31.558518669384185, 30.278087194166062, 0.0], [31.558518223719386, 30.27808581365288, 0.0], [31.55851766818895, 30.278084463484035, 0.0], [31.558517005499063, 30.2780831502373, 0.0], [31.558516238878372, 30.278081880310502, 0.0], [31.558515372061372, 30.278080659890186, 0.0], [31.558514409271165, 30.278079494921553, 0.0], [31.55851335519799, 30.27807839108058, 0.0], [31.558512214977338, 30.278077353744845, 0.0], [31.55851099416349, 30.27807638796727, 0.0], [31.55850969870462, 30.27807549845365, 0.0], [31.558508334911302, 30.27807468953702, 0.0], [31.558506909427727, 30.278073965158026, 0.0], [31.558505429198316, 30.278073328846187, 0.0], [31.558503901434218, 30.27807278370101, 0.0], [31.558502333578595, 30.27807233237831, 0.0], [31.55850073326957, 30.27807197707679, 0.0], [31.558499108303113, 30.278071719527635, 0.0], [31.55849746659575, 30.27807156098531, 0.0], [31.558495816145246, 30.278071502222037, 0.0], [31.55849416499242, 30.27807154352448, 0.0], [31.558492521180945, 30.27807168469148, 0.0], [31.558490892718915, 30.278071925034585, 0.0], [31.55848928754007, 30.278072263383685, 0.0], [31.558487713464054, 30.27807269809032, 0.0], [31.558486178159733, 30.27807322703627, 0.0], [31.558484689106013, 30.278073847645175, 0.0], [31.558483253557778, 30.27807455689328, 0.0], [31.558481878507983, 30.278075351325658, 0.0], [31.55848057065569, 30.27807622707149, 0.0], [31.55847933637312, 30.278077179864862, 0.0], [31.558478181672186, 30.278078205064077, 0.0], [31.55845367789288, 30.278101538841327, 0.0], [31.55848865732653, 30.27812921249481, 0.0], [31.55851316318278, 30.278105878702256, 0.0]]]]}}, {"type": "Feature", "properties": {"Shape_Length": 18.707888471516473, "Shape_Area": 24.084231658086978, "Telecom_Facility_Type": "Cabinet", "Easting": "031° 33' 42.85\" E", "Northing": "30° 16' 44.05\" N", "Description": null, "ID": "8.3", "GlobalID": "{1D829583-49C1-4B22-ACE7-D8031A57F9F9}", "القطاع": "القطاع الثالث", "عددالبوكسات": 32.0, "created_user": null, "created_date": null, "last_edited_user": null, "last_edited_date": null}, "geometry": {"type": "MultiPolygon", "coordinates": [[[[31.563605613437165, 30.279090807865625, 0.0], [31.56360200444581, 30.279059392596984, 0.0], [31.56360178340912, 30.27905797182079, 0.0], [31.563601448717908, 30.27905656788825, 0.0], [31.563601002003345, 30.279055187639255, 0.0], [31.56360044544141, 30.279053837798855, 0.0], [31.563599781743896, 30.279052524942966, 0.0], [31.563599014144135, 30.279051255468406, 0.0], [31.563598146382542, 30.279050035560264, 0.0], [31.56359718268629, 30.279048871161645, 0.0], [31.56359612775088, 30.27904776794588, 0.0], [31.56359498671614, 30.279046731287668, 0.0], [31.563593765140993, 30.27904576623806, 0.0], [31.563592468977596, 30.279044877498603, 0.0], [31.563591104540222, 30.27904406939931, 0.0], [31.563589678477307, 30.27904334587739, 0.0], [31.563588197735978, 30.27904271045774, 0.0], [31.56358666953133, 30.27904216623661, 0.0], [31.56358510130821, 30.279041715864942, 0.0], [31.563583500707438, 30.27904136153742, 0.0], [31.563581875527237, 30.27904110498, 0.0], [31.563580233685833, 30.279040947443146, 0.0], [31.563578583181986, 30.279040889693846, 0.0], [31.563576932057504, 30.279040932013658, 0.0], [31.56357528835673, 30.27904107419652, 0.0], [31.563573660087435, 30.279041315549648, 0.0], [31.563572055183386, 30.27904165489697, 0.0], [31.56357048146323, 30.279042090585406, 0.0], [31.563568946594835, 30.279042620492177, 0.0], [31.563567458055772, 30.279043242035534, 0.0], [31.56356602309837, 30.279043952187134, 0.0], [31.56356464871385, 30.279044747487198, 0.0], [31.563563341598652, 30.27904562406079, 0.0], [31.56356210812055, 30.279046577637367, 0.0], [31.56356095428985, 30.279047603570966, 0.0], [31.563559885727685, 30.2790486968633, 0.0], [31.56355890764045, 30.279049852187402, 0.0], [31.563558024793288, 30.279051063914793, 0.0], [31.563557241487324, 30.279052326141453, 0.0], [31.5635565615394, 30.279053632717954, 0.0], [31.56355598826181, 30.27905497727861, 0.0], [31.56355552444759, 30.279056353272484, 0.0], [31.563555172357077, 30.27905775399542, 0.0], [31.563554933705067, 30.27905917262336, 0.0], [31.56355480965425, 30.279060602244375, 0.0], [31.56355480081001, 30.27906203589349, 0.0], [31.56355490721429, 30.27906346658549, 0.0], [31.563558514112245, 30.279094881864545, 0.0], [31.563605613437165, 30.279090807865625, 0.0]]]]}}, {"type": "Feature", "properties": {"Shape_Length": 18.708201763676172, "Shape_Area": 24.08516553466089, "Telecom_Facility_Type": "Cabinet", "Easting": "031° 33' 17.15\" E", "Northing": "30° 16' 45.39\" N", "Description": null, "ID": "3.4", "GlobalID": "{46028B75-C2E1-40ED-B8D7-E87F1044A1C3}", "القطاع": "القطاع الثالث", "عددالبوكسات": 32.0, "created_user": null, "created_date": null, "last_edited_user": null, "last_edited_date": null}, "geometry": {"type": "MultiPolygon", "coordinates": [[[[31.556463922842845, 30.27944904487459, 0.0], [31.55646498635873, 30.279447947839934, 0.0], [31.55646595911223, 30.279446789089324, 0.0], [31.556466836364528, 30.279445574267772, 0.0], [31.55646761384126, 30.27944430929398, 0.0], [31.556468287754967, 30.279443000330705, 0.0], [31.556468854821752, 30.27944165375507, 0.0], [31.55646931227947, 30.27944027612806, 0.0], [31.556469657899534, 30.279438874160473, 0.0], [31.55646988999763, 30.27943745468349, 0.0], [31.556470007443192, 30.279436024612405, 0.0], [31.556470009663997, 30.27943459091424, 0.0], [31.556469896649244, 30.279433160574072, 0.0], [31.55646966894988, 30.279431740560543, 0.0], [31.55646932767474, 30.279430337791876, 0.0], [31.556468874486594, 30.279428959101928, 0.0], [31.55646831159367, 30.279427611208007, 0.0], [31.556467641738237, 30.27942630067669, 0.0], [31.556466868183467, 30.279425033892867, 0.0], [31.55646599469837, 30.27942381702817, 0.0], [31.55646502553843, 30.279422656011615, 0.0], [31.556463965425618, 30.27942155649895, 0.0], [31.556462819524384, 30.27942052384699, 0.0], [31.556461593417673, 30.279419563087156, 0.0], [31.556460293078903, 30.279418678900225, 0.0], [31.556458924843273, 30.279417875593328, 0.0], [31.556457495376513, 30.279417157080648, 0.0], [31.556456011643657, 30.27941652686258, 0.0], [31.556454480872464, 30.279415988009415, 0.0], [31.556452910521433, 30.279415543146627, 0.0], [31.556451308240693, 30.279415194441302, 0.0], [31.556449681836895, 30.279414943592407, 0.0], [31.556448039233647, 30.27941479182225, 0.0], [31.556446388433212, 30.279414739870063, 0.0], [31.556444737478845, 30.27941478798906, 0.0], [31.556443094413503, 30.279414935944597, 0.0], [31.55644146724244, 30.279415183015853, 0.0], [31.556439863892543, 30.27941552799947, 0.0], [31.556438292175645, 30.27941596921438, 0.0], [31.55643675974914, 30.279416504511083, 0.0], [31.556435274078584, 30.279417131281704, 0.0], [31.55643384240247, 30.279417846472775, 0.0], [31.55643247169543, 30.27941864659946, 0.0], [31.556431168635516, 30.279419527764016, 0.0], [31.556429939571583, 30.279420485673388, 0.0], [31.556428790491427, 30.27942151566064, 0.0], [31.556404413255464, 30.27944494954822, 0.0], [31.55643954768721, 30.279472478759796, 0.0], [31.556463922842845, 30.27944904487459, 0.0]]]]}}, {"type": "Feature", "properties": {"Shape_Length": 12.703935618552055, "Shape_Area": 7.779754519773233, "Telecom_Facility_Type": "PASSIVE", "Easting": "031° 33' 17.68\" E", "Northing": "30° 16' 32.81\" N", "Description": null, "ID": "2", "GlobalID": "{7D6984E9-59E4-4876-815E-8B98E4DABDFB}", "القطاع": "القطاع الثالث", "عددالبوكسات": null, "created_user": null, "created_date": null, "last_edited_user": null, "last_edited_date": null}, "geometry": {"type": "MultiPolygon", "coordinates": [[[[31.556578963963812, 30.275966966183198, 0.0], [31.5566118180544, 30.275935655714147, 0.0], [31.556599086251886, 30.27592559062581, 0.0], [31.55656623216051, 30.275956901091725, 0.0], [31.556578963963812, 30.275966966183198, 0.0]]]]}}, {"type": "Feature", "properties": {"Shape_Length": 12.703664838438058, "Shape_Area": 7.779118877634745, "Telecom_Facility_Type": "PASSIVE", "Easting": "031° 33' 17.64\" E", "Northing": "30° 16' 32.77\" N", "Description": null, "ID": null, "GlobalID": "{44ED882E-759D-43DD-BC27-41A15138502C}", "القطاع": "القطاع الثالث", "عددالبوكسات": null, "created_user": null, "created_date": null, "last_edited_user": null, "last_edited_date": null}, "geometry": {"type": "MultiPolygon", "coordinates": [[[[31.55656623216051, 30.275956901091725, 0.0], [31.556599086251886, 30.27592559062581, 0.0], [31.556586354462148, 30.27591552734022, 0.0], [31.556553500369976, 30.275946837803, 0.0], [31.55656623216051, 30.275956901091725, 0.0]]]]}}, {"type": "Feature", "properties": {"Shape_Length": 12.53262423629232, "Shape_Area": 7.570987680774435, "Telecom_Facility_Type": "PASSIVE", "Easting": "031° 33' 10.33\" E", "Northing": "30° 16' 29.57\" N", "Description": null, "ID": null, "GlobalID": "{1049A711-6299-4D67-8F73-14EBB5C6AE35}", "القطاع": "القطاع الثالث", "عددالبوكسات": null, "created_user": null, "created_date": null, "last_edited_user": null, "last_edited_date": null}, "geometry": {"type": "MultiPolygon", "coordinates": [[[[31.554556344059304, 30.27502781239326, 170.49899999999616], [31.55452439760537, 30.275059064393158, 170.49899999999616], [31.55453710465316, 30.275068850158274, 170.49899999999616], [31.554569051106117, 30.275037598155322, 170.49899999999616], [31.554556344059304, 30.27502781239326, 170.49899999999616]]]]}}, {"type": "Feature", "properties": {"Shape_Length": 66.68440382107805, "Shape_Area": 214.35336559006865, "Telecom_Facility_Type": "PASSIVE", "Easting": "031° 33' 18.37\" E", "Northing": "30° 16' 8.82\" N", "Description": null, "ID": null, "GlobalID": "{4254B9F8-7D66-4B60-87CC-D915B1F37DE9}", "القطاع": "القطاع الثالث", "عددالبوكسات": null, "created_user": null, "created_date": null, "last_edited_user": null, "last_edited_date": null}, "geometry": {"type": "MultiPolygon", "coordinates": [[[[31.556778337373785, 30.26916536835311, 0.0], [31.556694042699775, 30.269375281979382, 0.0], [31.556779395412832, 30.269401104221437, 0.0], [31.556863689925486, 30.26919119054305, 0.0], [31.556778337373785, 30.26916536835311, 0.0]]]]}}, {"type": "Feature", "properties": {"Shape_Length": 66.68428203725323, "Shape_Area": 214.35239722120406, "Telecom_Facility_Type": "PASSIVE", "Easting": "031° 33' 18.06\" E", "Northing": "30° 16' 8.72\" N", "Description": null, "ID": "3", "GlobalID": "{849D4895-2BCC-472F-B5AF-9C1640AA96C8}", "القطاع": "القطاع الثالث", "عددالبوكسات": null, "created_user": null, "created_date": null, "last_edited_user": null, "last_edited_date": null}, "geometry": {"type": "MultiPolygon", "coordinates": [[[[31.556693757599007, 30.269137623275842, 0.0], [31.556609462766854, 30.269347536850482, 0.0], [31.556694815444732, 30.269373360952425, 0.0], [31.55677910803714, 30.269163447334467, 0.0], [31.556693757599007, 30.269137623275842, 0.0]]]]}}, {"type": "Feature", "properties": {"Shape_Length": 12.532906664230799, "Shape_Area": 7.571418500042572, "Telecom_Facility_Type": "PASSIVE", "Easting": "031° 33' 10.15\" E", "Northing": "30° 16' 29.4\" N", "Description": null, "ID": "1", "GlobalID": "{BEF46883-B8E8-4A43-A1AE-40278B6875DA}", "القطاع": "القطاع الثالث", "عددالبوكسات": null, "created_user": null, "created_date": null, "last_edited_user": null, "last_edited_date": null}, "geometry": {"type": "MultiPolygon", "coordinates": [[[[31.554505854654625, 30.274979888277073, 0.0], [31.554473908199753, 30.2750111402649, 0.0], [31.554486615246496, 30.27502092783915, 0.0], [31.554518561690276, 30.27498967404426, 0.0], [31.554505854654625, 30.274979888277073, 0.0]]]]}}, {"type": "Feature", "properties": {"Shape_Length": 9.943767990740238, "Shape_Area": 4.766313359522383, "Telecom_Facility_Type": "PASSIVE", "Easting": "031° 33' 31.88\" E", "Northing": "30° 15' 57.73\" N", "Description": null, "ID": null, "GlobalID": "{7BC630A5-0D65-457C-8ABE-9CBA9BD982D5}", "القطاع": "القطاع الثاني", "عددالبوكسات": null, "created_user": null, "created_date": null, "last_edited_user": null, "last_edited_date": null}, "geometry": {"type": "MultiPolygon", "coordinates": [[[[31.5605342138818, 30.266185273167522, 0.0], [31.56051911081845, 30.266215388432585, 0.0], [31.56053146821947, 30.266220058729516, 0.0], [31.560546711028984, 30.26618966503602, 0.0], [31.560534353631088, 30.26618499474048, 0.0], [31.5605342138818, 30.266185273167522, 0.0]]]]}}, {"type": "Feature", "properties": {"Shape_Length": 9.943767989512374, "Shape_Area": 4.766313360396523, "Telecom_Facility_Type": "PASSIVE", "Easting": "031° 33' 31.84\" E", "Northing": "30° 15' 57.71\" N", "Description": null, "ID": null, "GlobalID": "{4B273ABF-C81E-47D2-9C15-332A8DA146F1}", "القطاع": "القطاع الثاني", "عددالبوكسات": null, "created_user": null, "created_date": null, "last_edited_user": null, "last_edited_date": null}, "geometry": {"type": "MultiPolygon", "coordinates": [[[[31.56051911081845, 30.266215388432585, 0.0], [31.5605342138818, 30.266185273167522, 0.0], [31.56052185648504, 30.266180602870783, 0.0], [31.560506613669173, 30.2662109965615, 0.0], [31.560518971069076, 30.26621566685962, 0.0], [31.56051911081845, 30.266215388432585, 0.0]]]]}}, {"type": "Feature", "properties": {"Shape_Length": 11.543894422829142, "Shape_Area": 8.18613748891551, "Telecom_Facility_Type": "Cabinet", "Easting": "031° 33' 31.54\" E", "Northing": "30° 15' 57.64\" N", "Description": null, "ID": null, "GlobalID": "{A233688A-6D26-4849-889D-F3ED52313B7E}", "القطاع": "القطاع الثاني", "عددالبوكسات": null, "created_user": null, "created_date": null, "last_edited_user": null, "last_edited_date": null}, "geometry": {"type": "MultiPolygon", "coordinates": [[[[31.560458220620085, 30.266171215068464, 167.1140000000014], [31.560426054967703, 30.266161882842216, 167.1140000000014], [31.560417792550865, 30.266183341710377, 167.1140000000014], [31.560449958209535, 30.266192673938534, 167.1140000000014], [31.56045508380453, 30.2661793604063, 167.1140000000014], [31.560458220620085, 30.266171215068464, 167.1140000000014]]]]}}, {"type": "Feature", "properties": {"Shape_Length": 73.39263805719648, "Shape_Area": 333.77183150881524, "Telecom_Facility_Type": "Cabinet", "Easting": "031° 33' 17.65\" E", "Northing": "30° 16' 8.45\" N", "Description": null, "ID": "3", "GlobalID": "{0F6373EE-9BFF-4401-9207-0055523BF31A}", "القطاع": "القطاع الثالث", "عددالبوكسات": null, "created_user": null, "created_date": null, "last_edited_user": null, "last_edited_date": null}, "geometry": {"type": "MultiPolygon", "coordinates": [[[[31.556692482712723, 30.26914079937432, 0.0], [31.556511521041422, 30.269070003623515, 0.0], [31.556439696550076, 30.269208332033227, 0.0], [31.55663472399521, 30.26928463109429, 0.0], [31.556692482712723, 30.26914079937432, 0.0]]]]}}, {"type": "Feature", "properties": {"Shape_Length": 14.061178846467879, "Shape_Area": 12.28202437768451, "Telecom_Facility_Type": "Cabinet", "Easting": "031° 33' 10.09\" E", "Northing": "30° 16' 29.33\" N", "Description": null, "ID": "1", "GlobalID": "{559CD096-521B-493C-A74F-34DD854157EB}", "القطاع": "القطاع الثالث", "عددالبوكسات": null, "created_user": null, "created_date": null, "last_edited_user": null, "last_edited_date": null}, "geometry": {"type": "MultiPolygon", "coordinates": [[[[31.554505854654625, 30.274979888277073, 0.0], [31.554475618253548, 30.274958330107765, 170.49899999999616], [31.55445357338007, 30.274979473413822, 170.49899999999616], [31.554482800831032, 30.275002430441997, 170.49899999999616], [31.554505854654625, 30.274979888277073, 0.0]]]]}}, {"type": "Feature", "properties": {"Shape_Length": 14.748506878136396, "Shape_Area": 13.361938395470714, "Telecom_Facility_Type": "Cabinet", "Easting": "031° 33' 17.75\" E", "Northing": "30° 16' 32.89\" N", "Description": null, "ID": "2", "GlobalID": "{7910569A-3FAB-4606-84E0-FE7C795466B2}", "القطاع": "القطاع الثالث", "عددالبوكسات": null, "created_user": null, "created_date": null, "last_edited_user": null, "last_edited_date": null}, "geometry": {"type": "MultiPolygon", "coordinates": [[[[31.55663344175506, 30.275970768896574, 0.0], [31.55660130835155, 30.27594553259908, 0.0], [31.556578963963812, 30.275966966183198, 0.0], [31.556611097368762, 30.27599220248608, 0.0], [31.55663344175506, 30.275970768896574, 0.0]]]]}}]}